star_idx,RA,DEC,teff_full,logg_full,av_full,logL_full,chi2_full,best_model_full_filename,teff_cut,logg_cut,av_cut,logL_cut,chi2_cut,best_model_cut_filename,n_fits_full,teff_mean_full,teff_median_full,teff_std_full,teff_16perc_full,teff_50perc_full,teff_84perc_full,logT_mean_full,logT_median_full,logT_std_full,logL_mean_full,logL_median_full,logL_std_full,logL_16perc_full,logL_50perc_full,logL_84perc_full,logg_mean_full,logg_median_full,logg_std_full,logg_16perc_full,logg_50perc_full,logg_84perc_full,av_mean_full,av_median_full,av_std_full,av_16perc_full,av_50perc_full,av_84perc_full,chi2_full_mean,n_fits_cut,teff_mean_cut,teff_median_cut,teff_std_cut,teff_16perc_cut,teff_50perc_cut,teff_84perc_cut,logT_mean_cut,logT_median_cut,logT_std_cut,logL_mean_cut,logL_median_cut,logL_std_cut,logL_16perc_cut,logL_50perc_cut,logL_84perc_cut,logg_mean_cut,logg_median_cut,logg_std_cut,logg_16perc_cut,logg_50perc_cut,logg_84perc_cut,av_mean_cut,av_median_cut,av_std_cut,av_16perc_cut,av_50perc_cut,av_84perc_cut,chi2_cut_mean
0,7.521702,-73.913918,7000,2.0,0.65,4.015849503689049,0.42794482731294636,/Users/shannonbowes/Research/ysg/candidates_and_lcs/2022_asassn_lc_data/pysynphot_data/grid/bosz/r2000/m-0.75/bosz2024_ms_t7000_g+2.0_m-0.75_a+0.00_c+0.00_v2_r2000_resam.txt.gz,6500,2.0,0.3,4.021355134506848,0.0292080550328112,/Users/shannonbowes/Research/ysg/candidates_and_lcs/2022_asassn_lc_data/pysynphot_data/grid/bosz/r2000/m-0.75/bosz2024_ms_t6500_g+2.0_m-0.75_a+0.00_c+0.00_v2_r2000_resam.txt.gz,1000,6492.75,6250.0,383.2557077200547,6250.0,6250.0,7000.0,3.8117165473184023,3.7958800173440754,0.024498840987934895,4.0130362378064435,4.0131553867947956,0.006958043502262772,4.005988537304866,4.0131553867947956,4.019891881104851,1.2265,1.0,0.4265533378136901,1.0,1.0,1.5,0.36880000000000007,0.25,0.23410800926068293,0.2,0.25,0.7,11.707456406358899,1000,6347.0,6250.0,217.57987039246072,6250.0,6250.0,6500.0,3.8023293775892815,3.7958800173440754,0.014183063552512472,4.025053704880272,4.024386492069775,0.011330254783110005,4.014963792276889,4.024386492069775,4.035187000177783,1.8805,2.0,0.5770353108779392,1.0,2.0,2.5,0.21179999999999996,0.15,0.137042912987137,0.15,0.15,0.25,4.657621483150439
1,7.746443,-73.741425,6750,2.0,0.65,3.9697335776283778,0.19869406170434675,/Users/shannonbowes/Research/ysg/candidates_and_lcs/2022_asassn_lc_data/pysynphot_data/grid/bosz/r2000/m-0.75/bosz2024_ms_t6750_g+2.0_m-0.75_a+0.00_c+0.00_v2_r2000_resam.txt.gz,6500,2.0,0.5,3.964610708235632,0.04273180496401113,/Users/shannonbowes/Research/ysg/candidates_and_lcs/2022_asassn_lc_data/pysynphot_data/grid/bosz/r2000/m-0.75/bosz2024_ms_t6500_g+2.0_m-0.75_a+0.00_c+0.00_v2_r2000_resam.txt.gz,1000,6235.0,6000.0,338.4154251803543,6000.0,6000.0,6500.0,3.794226675785715,3.7781512503836434,0.022743434444172535,3.9526225194547906,3.952460923566063,0.00911453023764905,3.9440057079060424,3.952460923566063,3.961875879497775,1.416,1.0,0.5389285666950676,1.0,1.0,2.0,0.37135,0.25,0.20341257950284194,0.2,0.25,0.6,9.032999359951315,1000,6230.25,6250.0,295.03802721005303,6000.0,6250.0,6500.0,3.7940405470113983,3.7958800173440754,0.01986874203608055,3.969881680884535,3.967596593591613,0.01676959810854081,3.954686073228862,3.967596593591613,3.988155855884967,2.04,2.0,0.40607881008493907,1.5,2.0,2.5,0.2817,0.2,0.2011594143956479,0.15,0.2,0.45,6.1262920214812855
2,7.925977,-73.53167,4750,0.0,0.65,3.990026036845797,0.7486166778796983,/Users/shannonbowes/Research/ysg/candidates_and_lcs/2022_asassn_lc_data/pysynphot_data/grid/bosz/r2000/m-0.75/bosz2024_ms_t4750_g+0.0_m-0.75_a+0.00_c+0.00_v2_r2000_resam.txt.gz,4500,2.5,0.35,3.988204725189392,0.013266024391242639,/Users/shannonbowes/Research/ysg/candidates_and_lcs/2022_asassn_lc_data/pysynphot_data/grid/bosz/r2000/m-0.75/bosz2024_ms_t4500_g+2.5_m-0.75_a+0.00_c+0.00_v2_r2000_resam.txt.gz,1000,4561.75,4500.0,112.913407087024,4500.0,4500.0,4750.0,3.659000262059296,3.6532125137753435,0.010639384349179885,3.986255836902475,3.986164048883154,0.007689736514040985,3.9784421443446583,3.986164048883154,3.994031463012662,0.3865,0.5,0.25858799276068484,0.0,0.5,0.5,0.45365000000000005,0.4,0.13874140513920133,0.35,0.4,0.65,9.465215015823345,1000,4630.5,4500.0,159.983592908773,4500.0,4500.0,4750.0,3.6653723052105645,3.6532125137753435,0.014848169498942626,3.991826432361125,3.991823980713293,0.0072083746749898574,3.9849471663658678,3.991823980713293,3.9988953642262848,1.9005,2.5,0.7361044423178005,1.0,2.5,2.5,0.5569500000000001,0.45,0.2044974266341755,0.35,0.45,0.75,2.3487001617931194
3,7.948884,-73.599243,4500,0.0,0.4,3.971994424557653,0.4622924370775866,/Users/shannonbowes/Research/ysg/candidates_and_lcs/2022_asassn_lc_data/pysynphot_data/grid/bosz/r2000/m-0.75/bosz2024_ms_t4500_g+0.0_m-0.75_a+0.00_c+0.00_v2_r2000_resam.txt.gz,4750,0.5,0.65,3.98070637821844,0.001052083608634834,/Users/shannonbowes/Research/ysg/candidates_and_lcs/2022_asassn_lc_data/pysynphot_data/grid/bosz/r2000/m-0.75/bosz2024_ms_t4750_g+0.5_m-0.75_a+0.00_c+0.00_v2_r2000_resam.txt.gz,1000,4496.5,4500.0,44.5841900229218,4500.0,4500.0,4500.0,3.6528529012123134,3.6532125137753435,0.004359561064040238,3.96154128642639,3.9616507441015876,0.00707171107669104,3.9542024299022205,3.9616507441015876,3.968996468212049,0.014,0.0,0.08248636250920512,0.0,0.0,0.0,0.39470000000000005,0.4,0.06489922957940256,0.35,0.4,0.4,8.167388063984667,1000,4763.75,4750.0,173.5610483374654,4500.0,4750.0,5000.0,3.6776596628024927,3.6766936096248664,0.01586747478114291,3.9752263674774198,3.9757259851783617,0.011214932608704407,3.9633783823956668,3.9757259851783617,3.9864603994482004,1.57,2.0,0.9563472172804185,0.5,2.0,2.5,0.7242000000000001,0.75,0.23017245708381356,0.45,0.75,1.0,2.5007141605111682
4,7.980047,-73.578545,4250,0.0,0.3,3.995020234808799,2.320460243566763,/Users/shannonbowes/Research/ysg/candidates_and_lcs/2022_asassn_lc_data/pysynphot_data/grid/bosz/r2000/m-0.75/bosz2024_ms_t4250_g+0.0_m-0.75_a+0.00_c+0.00_v2_r2000_resam.txt.gz,4500,2.5,0.8,3.9987414834809196,0.20121774763665282,/Users/shannonbowes/Research/ysg/candidates_and_lcs/2022_asassn_lc_data/pysynphot_data/grid/bosz/r2000/m-0.75/bosz2024_ms_t4500_g+2.5_m-0.75_a+0.00_c+0.00_v2_r2000_resam.txt.gz,1000,4250.0,4250.0,0.0,4250.0,4250.0,4250.0,3.628388930050313,3.6283889300503116,1.3322676295501878e-15,3.9877744384148044,3.9878636116441974,0.006887638526369208,3.9807260587222233,3.9878636116441974,3.9944969792944196,0.0005,0.0,0.01580348062927911,0.0,0.0,0.0,0.2722,0.25,0.03608545413320996,0.25,0.25,0.3,18.852061384644017,1000,4436.75,4500.0,138.51692134898175,4250.0,4500.0,4500.0,3.6468529403082557,3.6532125137753435,0.013577326378401158,3.9926155200405122,3.9926621332958843,0.006944167820258177,3.9856444144946086,3.9926621332958843,3.9995407275913566,2.1595,2.5,0.5165363007572653,1.5,2.5,2.5,0.64095,0.7,0.2019173036170996,0.35,0.7,0.8,8.614332471632977
5,7.981742,-73.585571,4500,0.0,0.7,4.270402734390892,4.833761666641613,/Users/shannonbowes/Research/ysg/candidates_and_lcs/2022_asassn_lc_data/pysynphot_data/grid/bosz/r2000/m-0.75/bosz2024_ms_t4500_g+0.0_m-0.75_a+0.00_c+0.00_v2_r2000_resam.txt.gz,4750,0.5,0.9,4.284056870931681,0.038338283813309726,/Users/shannonbowes/Research/ysg/candidates_and_lcs/2022_asassn_lc_data/pysynphot_data/grid/bosz/r2000/m-0.75/bosz2024_ms_t4750_g+0.5_m-0.75_a+0.00_c+0.00_v2_r2000_resam.txt.gz,1000,4468.0,4500.0,83.5224520712844,4500.0,4500.0,4500.0,3.650035095058539,3.6532125137753435,0.008293306327645971,4.263763717569167,4.263567238524487,0.007226675200354977,4.256081990638068,4.263567238524487,4.271064334478572,0.0025,0.0,0.03526683994916472,0.0,0.0,0.0,0.6664500000000001,0.7,0.15635503669533643,0.65,0.7,0.75,28.381262563231836,1000,4628.75,4750.0,156.0799074192447,4500.0,4750.0,4750.0,3.6652114417732986,3.6766936096248664,0.014883903722326121,4.277684044013851,4.2777319295433305,0.008489244013413976,4.269240593782965,4.2777319295433305,4.2861984655514584,0.025,0.0,0.15612494995995996,0.0,0.0,0.0,0.72625,0.85,0.23481575223992107,0.5,0.85,0.95,16.165259566589736
6,8.228736,-73.821953,6500,1.0,1.0,3.794397599531923,124.18402359052712,/Users/shannonbowes/Research/ysg/candidates_and_lcs/2022_asassn_lc_data/pysynphot_data/grid/bosz/r2000/m-0.75/bosz2024_ms_t6500_g+1.0_m-0.75_a+0.00_c+0.00_v2_r2000_resam.txt.gz,6500,2.5,1.0,3.808175009556882,5.084041702648312,/Users/shannonbowes/Research/ysg/candidates_and_lcs/2022_asassn_lc_data/pysynphot_data/grid/bosz/r2000/m-0.75/bosz2024_ms_t6500_g+2.5_m-0.75_a+0.00_c+0.00_v2_r2000_resam.txt.gz,1000,6474.5,6500.0,80.46583125774566,6500.0,6500.0,6500.0,3.811171538724425,3.8129133566428557,0.005537405991450377,3.7958215501850554,3.795969120213117,0.006940575052825026,3.788677454329673,3.795969120213117,3.8026405155197414,0.999,1.0,0.03160696125855822,1.0,1.0,1.0,0.99525,1.0,0.027293543192484195,1.0,1.0,1.0,204.69022760463963,1000,6454.5,6500.0,102.12614748437346,6250.0,6500.0,6500.0,3.809807345068828,3.8129133566428557,0.0069566000696556505,3.7950491345223556,3.7952737364365503,0.007682943782119151,3.787338687846809,3.7952737364365503,3.802679063252207,1.7985,2.0,0.4910679688189813,1.0,2.0,2.5,0.9877999999999999,1.0,0.03148269365858011,0.95,1.0,1.0,32.881823645605415
7,8.560188,-73.619049,4500,0.0,0.5,4.0617375966514135,0.47549947393392833,/Users/shannonbowes/Research/ysg/candidates_and_lcs/2022_asassn_lc_data/pysynphot_data/grid/bosz/r2000/m-0.75/bosz2024_ms_t4500_g+0.0_m-0.75_a+0.00_c+0.00_v2_r2000_resam.txt.gz,4500,1.5,0.45,4.077936546644504,0.00889929756653037,/Users/shannonbowes/Research/ysg/candidates_and_lcs/2022_asassn_lc_data/pysynphot_data/grid/bosz/r2000/m-0.75/bosz2024_ms_t4500_g+1.5_m-0.75_a+0.00_c+0.00_v2_r2000_resam.txt.gz,1000,4476.75,4500.0,72.60810905126232,4500.0,4500.0,4500.0,3.6509039204889153,3.6532125137753435,0.007209573896601026,4.057864728591999,4.0577664222180605,0.0077617434966839255,4.050174314198863,4.0577664222180605,4.065963312953254,0.032,0.0,0.12237646832622684,0.0,0.0,0.0,0.44575000000000004,0.45,0.09246316834285963,0.45,0.45,0.5,12.36086190941789,1000,4585.0,4500.0,155.80436450882883,4500.0,4500.0,4750.0,3.661086691292075,3.6532125137753435,0.014843131067612845,4.062590625922422,4.062446723825622,0.007243049121866436,4.055760629770757,4.062446723825622,4.069925812734012,1.3245,1.0,0.8924403341400476,0.5,1.0,2.5,0.59315,0.55,0.21131866339724945,0.4,0.55,0.85,1.5333786743320226
8,8.637665,-73.873337,8250,2.0,0.2,4.191040709155521,0.12508008113003888,/Users/shannonbowes/Research/ysg/candidates_and_lcs/2022_asassn_lc_data/pysynphot_data/grid/bosz/r2000/m-0.75/bosz2024_ap_t8250_g+2.0_m-0.75_a+0.00_c+0.00_v2_r2000_resam.txt.gz,10000,2.5,0.5,4.258969101005278,0.004808157436933262,/Users/shannonbowes/Research/ysg/candidates_and_lcs/2022_asassn_lc_data/pysynphot_data/grid/bosz/r2000/m-0.75/bosz2024_ap_t10000_g+2.5_m-0.75_a+0.00_c+0.00_v2_r2000_resam.txt.gz,1000,8532.25,8500.0,403.29571966486327,8250.0,8500.0,9000.0,3.930604999142047,3.929418925714293,0.01968842333434602,4.213109737530727,4.212207586547572,0.014137607344927678,4.19997374049622,4.212207586547572,4.22594317474308,2.291,2.5,0.2565521389503506,2.0,2.5,2.5,0.23785,0.2,0.1061125699434332,0.15,0.2,0.35,4.402767894672761,1000,10116.25,9625.0,1924.8177673483794,8250.0,9625.0,12000.0,3.997493686493504,3.9833641104936923,0.08000372958254627,4.297468972272077,4.268328190234784,0.10474893098271808,4.195496244475039,4.268328190234784,4.411575764004117,2.339,2.0,0.3944350390114955,2.0,2.0,3.0,0.41960000000000003,0.4,0.25158664511456086,0.15,0.4,0.7,1.9914319838701708
9,8.763608,-73.549622,4250,0.5,0.15,4.224524336335429,5.691292384379892,/Users/shannonbowes/Research/ysg/candidates_and_lcs/2022_asassn_lc_data/pysynphot_data/grid/bosz/r2000/m-0.75/bosz2024_ms_t4250_g+0.5_m-0.75_a+0.00_c+0.00_v2_r2000_resam.txt.gz,4750,1.5,0.75,4.24797212170748,0.037961151260162446,/Users/shannonbowes/Research/ysg/candidates_and_lcs/2022_asassn_lc_data/pysynphot_data/grid/bosz/r2000/m-0.75/bosz2024_ms_t4750_g+1.5_m-0.75_a+0.00_c+0.00_v2_r2000_resam.txt.gz,1000,4499.75,4500.0,13.690781570093067,4500.0,4500.0,4500.0,3.653186347703743,3.6532125137753435,0.0013353268577014443,4.2199071627100295,4.220318965518069,0.007175949357744485,4.2128491304074736,4.220318965518069,4.226660079859385,0.001,0.0,0.022338307903688678,0.0,0.0,0.0,0.4227000000000001,0.4,0.0389192754300488,0.4,0.4,0.45,26.336742736361767,1000,4623.5,4500.0,170.65388949566898,4500.0,4500.0,4750.0,3.664681929615327,3.6532125137753435,0.015749045169188722,4.2374604159015465,4.237249574896527,0.008158292247827282,4.229200571429797,4.237249574896527,4.245656313748326,0.875,0.5,0.9153551223432357,0.0,0.5,2.5,0.4418,0.35,0.23388621165002438,0.2,0.35,0.7,3.236672800516808
10,8.763859,-74.203384,4500,0.5,0.9,4.4403096984600445,0.39556770198224955,/Users/shannonbowes/Research/ysg/candidates_and_lcs/2022_asassn_lc_data/pysynphot_data/grid/bosz/r2000/m-0.75/bosz2024_ms_t4500_g+0.5_m-0.75_a+0.00_c+0.00_v2_r2000_resam.txt.gz,4500,1.0,0.7,4.4435883452100455,0.00713813813671344,/Users/shannonbowes/Research/ysg/candidates_and_lcs/2022_asassn_lc_data/pysynphot_data/grid/bosz/r2000/m-0.75/bosz2024_ms_t4500_g+1.0_m-0.75_a+0.00_c+0.00_v2_r2000_resam.txt.gz,1000,4491.25,4500.0,52.306189882269194,4500.0,4500.0,4500.0,3.6523369759055906,3.6532125137753435,0.005161264874838956,4.449394556531398,4.449245346833398,0.00882213689670329,4.440674628883326,4.449245346833398,4.458303844448417,0.205,0.0,0.25490194193061766,0.0,0.0,0.5,0.73885,0.7,0.11697511487491688,0.65,0.7,0.85,7.267459759102663,1000,4580.75,4500.0,156.6586655758308,4500.0,4500.0,4750.0,3.66068011128957,3.6532125137753435,0.01496341029930084,4.462815621825144,4.463090215650182,0.010570928397221901,4.452109724294548,4.463090215650182,4.4730017875657575,0.63,0.5,0.8009993757800316,0.0,0.5,1.5,0.7312000000000001,0.75,0.22748969207416847,0.5420000000000003,0.75,1.0,1.4335085988891605
11,8.989162,-73.734062,4500,2.5,0.85,4.107146266680702,0.2024266441820873,/Users/shannonbowes/Research/ysg/candidates_and_lcs/2022_asassn_lc_data/pysynphot_data/grid/bosz/r2000/m-0.75/bosz2024_ms_t4500_g+2.5_m-0.75_a+0.00_c+0.00_v2_r2000_resam.txt.gz,4250,0.0,0.15,4.101271615146133,0.014671976410871175,/Users/shannonbowes/Research/ysg/candidates_and_lcs/2022_asassn_lc_data/pysynphot_data/grid/bosz/r2000/m-0.75/bosz2024_ms_t4250_g+0.0_m-0.75_a+0.00_c+0.00_v2_r2000_resam.txt.gz,1000,4572.75,4500.0,121.01626956736024,4500.0,4500.0,4750.0,3.660026717837298,3.6532125137753435,0.011417483756380686,4.112807450200545,4.112705961011107,0.007806776853360707,4.104955175656942,4.112705961011107,4.120849696123347,1.8655,2.0,0.6149469489313693,1.0,2.0,2.5,0.8528,0.85,0.11431167919333526,0.75,0.85,1.0,6.432701945000794,1000,4505.0,4500.0,165.37835408541227,4250.0,4500.0,4750.0,3.653401555726353,3.6532125137753435,0.01596916040928612,4.121651123450796,4.122180308986528,0.011365581167024168,4.109748485206254,4.122180308986528,4.133239020117497,1.511,1.5,0.9645615584295282,0.0,1.5,2.5,0.6127,0.65,0.2599494373911973,0.3,0.65,0.9,1.508179970634591
12,9.124077,-73.918602,7500,2.5,0.2,3.9130531957049266,0.24664226041873355,/Users/shannonbowes/Research/ysg/candidates_and_lcs/2022_asassn_lc_data/pysynphot_data/grid/bosz/r2000/m-0.75/bosz2024_ap_t7500_g+2.5_m-0.75_a+0.00_c+0.00_v2_r2000_resam.txt.gz,8250,2.5,0.4,3.9459273824510404,0.015237917854470501,/Users/shannonbowes/Research/ysg/candidates_and_lcs/2022_asassn_lc_data/pysynphot_data/grid/bosz/r2000/m-0.75/bosz2024_ap_t8250_g+2.5_m-0.75_a+0.00_c+0.00_v2_r2000_resam.txt.gz,1000,7905.75,7750.0,308.51164888866026,7750.0,7750.0,8000.0,3.897621292511576,3.88930170250631,0.01660862484330905,3.9277167238576083,3.927211135366016,0.007672562609447733,3.919863144206194,3.927211135366016,3.93553810429867,2.2685,2.5,0.24931456034495858,2.0,2.5,2.5,0.3374,0.35,0.1084261960966998,0.25,0.35,0.45,6.580902188758983,1000,8263.25,8000.0,950.926883361702,7500.0,8000.0,8750.0,3.91463760896748,3.9030899869919438,0.04522199363239712,3.9415943342498982,3.9333141418635824,0.0341958080339095,3.919708539851808,3.9333141418635824,3.954487907823346,2.467,2.5,0.24374371786776372,2.5,2.5,2.5,0.39445,0.35,0.2074890298304949,0.2,0.35,0.55,3.6499018076145604
13,9.380191,-74.411057,4500,0.0,0.3,3.998129980388986,2.031434665997624,/Users/shannonbowes/Research/ysg/candidates_and_lcs/2022_asassn_lc_data/pysynphot_data/grid/bosz/r2000/m-0.75/bosz2024_ms_t4500_g+0.0_m-0.75_a+0.00_c+0.00_v2_r2000_resam.txt.gz,4500,0.0,0.25,3.9932053658871234,0.02835621862342597,/Users/shannonbowes/Research/ysg/candidates_and_lcs/2022_asassn_lc_data/pysynphot_data/grid/bosz/r2000/m-0.75/bosz2024_ms_t4500_g+0.0_m-0.75_a+0.00_c+0.00_v2_r2000_resam.txt.gz,1000,4498.0,4500.0,22.271057451320086,4500.0,4500.0,4500.0,3.6530139251055433,3.6532125137753435,0.0022113898371513598,3.9917490885142106,3.991650306117749,0.006923507439083818,3.9848518361113983,3.991650306117749,3.998728042580145,0.004,0.0,0.044542114902640165,0.0,0.0,0.0,0.34114999999999995,0.35,0.03800233545454806,0.3,0.35,0.35,18.61380669185261,1000,4692.5,4750.0,181.50413218436654,4500.0,4750.0,5000.0,3.6710815837333124,3.6766936096248664,0.0167146762677711,3.9990069600609313,3.9988761785772384,0.007690172282274666,3.9914477771179886,3.9988761785772384,4.006675211217496,2.07,2.5,0.6265780079128217,1.5,2.5,2.5,0.6334500000000001,0.7,0.22203287481812237,0.4,0.7,0.9,6.287717710991625
14,9.508638,-73.630348,5500,2.0,0.3,4.12107851812383,13.492854075323322,/Users/shannonbowes/Research/ysg/candidates_and_lcs/2022_asassn_lc_data/pysynphot_data/grid/bosz/r2000/m-0.75/bosz2024_ms_t5500_g+2.0_m-0.75_a+0.00_c+0.00_v2_r2000_resam.txt.gz,5000,1.5,0.15,4.050325326278492,0.03414491953755938,/Users/shannonbowes/Research/ysg/candidates_and_lcs/2022_asassn_lc_data/pysynphot_data/grid/bosz/r2000/m-0.75/bosz2024_ms_t5000_g+1.5_m-0.75_a+0.00_c+0.00_v2_r2000_resam.txt.gz,1000,5330.75,5250.0,117.9700703568494,5250.0,5250.0,5500.0,3.7266832006506876,3.720159303405957,0.009527277502930675,4.1220243119204705,4.121810104228178,0.0071173915668614,4.114657005124995,4.121810104228178,4.129161680600564,2.1775,2.0,0.35811136535999527,2.0,2.0,2.5,0.20944999999999997,0.15,0.08190358661255318,0.15,0.15,0.3,44.904156835626665,1000,5029.75,5000.0,112.03766107876405,5000.0,5000.0,5000.0,3.701441549351932,3.6989700043360187,0.009480348212311411,4.06667636083562,4.067484431267454,0.011189973234758814,4.055639648511942,4.067484431267454,4.07759661755122,2.377,2.5,0.3645147459294342,2.5,2.5,2.5,0.25375,0.2,0.12852407362047003,0.15,0.2,0.35,4.106034252494165
15,9.563685,-73.017746,4250,0.0,0.15,4.153545025514359,1.2230230469574719,/Users/shannonbowes/Research/ysg/candidates_and_lcs/2022_asassn_lc_data/pysynphot_data/grid/bosz/r2000/m-0.75/bosz2024_ms_t4250_g+0.0_m-0.75_a+0.00_c+0.00_v2_r2000_resam.txt.gz,4500,1.0,0.55,4.161585786197196,0.006818842016759992,/Users/shannonbowes/Research/ysg/candidates_and_lcs/2022_asassn_lc_data/pysynphot_data/grid/bosz/r2000/m-0.75/bosz2024_ms_t4500_g+1.0_m-0.75_a+0.00_c+0.00_v2_r2000_resam.txt.gz,1000,4274.25,4250.0,73.98944181435618,4250.0,4250.0,4250.0,3.630796817671641,3.6283889300503116,0.007346732414588189,4.160729171699055,4.160804308676294,0.007413991794390371,4.153340825506237,4.160804308676294,4.16806742957816,0.0015,0.0,0.027345017827750638,0.0,0.0,0.0,0.18599999999999994,0.15,0.10940292500660118,0.15,0.15,0.15,14.28384386344071,1000,4529.0,4500.0,154.62535367784935,4500.0,4500.0,4750.0,3.655748372591317,3.6532125137753435,0.014865648323108896,4.16380406654702,4.163693657659568,0.0071716689810161945,4.15656979006874,4.163693657659568,4.170974509120191,0.9735,1.0,0.8040819299051558,0.0,1.0,2.0,0.5440499999999999,0.55,0.21839665176004872,0.35,0.55,0.8,3.123800919963181
16,9.57867,-73.525597,5250,0.0,0.35,4.016373950943828,0.7800840772369766,/Users/shannonbowes/Research/ysg/candidates_and_lcs/2022_asassn_lc_data/pysynphot_data/grid/bosz/r2000/m-0.75/bosz2024_ms_t5250_g+0.0_m-0.75_a+0.00_c+0.00_v2_r2000_resam.txt.gz,5250,1.0,0.3,4.043302833274363,0.014997021669927692,/Users/shannonbowes/Research/ysg/candidates_and_lcs/2022_asassn_lc_data/pysynphot_data/grid/bosz/r2000/m-0.75/bosz2024_ms_t5250_g+1.0_m-0.75_a+0.00_c+0.00_v2_r2000_resam.txt.gz,1000,5205.25,5250.0,101.53786239625099,5000.0,5250.0,5250.0,3.7163576333376924,3.720159303405957,0.008574249020298753,4.021404478617791,4.0215739556934444,0.007460757604292452,4.0142605213738705,4.0215739556934444,4.028504817029815,0.087,0.0,0.1895547414337083,0.0,0.0,0.5,0.32915,0.35,0.09430152437792297,0.15,0.35,0.4,13.034125939146055,1000,5265.5,5250.0,143.6480072956113,5250.0,5250.0,5250.0,3.7212815435042566,3.720159303405957,0.011656215027813794,4.049289981159743,4.050402461278804,0.014403864726793997,4.03513706677804,4.050402461278804,4.062709530361578,2.255,2.5,0.5394209858728153,2.0,2.5,2.5,0.24794999999999998,0.2,0.12443189904522071,0.15,0.2,0.3,2.81260790082182
17,9.818972,-72.032875,5750,2.5,0.15,4.024602072388943,121.43922159229184,/Users/shannonbowes/Research/ysg/candidates_and_lcs/2022_asassn_lc_data/pysynphot_data/grid/bosz/r2000/m-0.75/bosz2024_ms_t5750_g+2.5_m-0.75_a+0.00_c+0.00_v2_r2000_resam.txt.gz,6500,1.5,0.6,4.054749371294626,0.011481636271363765,/Users/shannonbowes/Research/ysg/candidates_and_lcs/2022_asassn_lc_data/pysynphot_data/grid/bosz/r2000/m-0.75/bosz2024_ms_t6500_g+1.5_m-0.75_a+0.00_c+0.00_v2_r2000_resam.txt.gz,1000,5750.0,5750.0,0.0,5750.0,5750.0,5750.0,3.75966784468963,3.7596678446896306,4.440892098500626e-16,4.0214134423922925,4.021584548984327,0.007171592889551705,4.014130957611126,4.021584548984327,4.028517865574316,2.5,2.5,0.0,2.5,2.5,2.5,0.15669999999999998,0.15,0.017178765962664492,0.15,0.15,0.15,206.24147455580143,1000,6242.25,6250.0,388.5903209036478,5750.0,6250.0,6750.0,3.794514633336536,3.7958800173440754,0.026679950620034844,4.034332518888367,4.033709848962695,0.021360148263682422,4.01299339377376,4.033709848962695,4.057088393796689,1.6925,1.5,0.6596921630578918,1.0,1.5,2.5,0.48565,0.45,0.29259456163777203,0.15,0.45,0.85,2.4578281002752678
18,10.190774,-72.673569,4500,0.5,0.8,4.2415251156833,0.3825475093274042,/Users/shannonbowes/Research/ysg/candidates_and_lcs/2022_asassn_lc_data/pysynphot_data/grid/bosz/r2000/m-0.75/bosz2024_ms_t4500_g+0.5_m-0.75_a+0.00_c+0.00_v2_r2000_resam.txt.gz,4250,1.5,0.4,4.2371835102583635,0.0106676981458074,/Users/shannonbowes/Research/ysg/candidates_and_lcs/2022_asassn_lc_data/pysynphot_data/grid/bosz/r2000/m-0.75/bosz2024_ms_t4250_g+1.5_m-0.75_a+0.00_c+0.00_v2_r2000_resam.txt.gz,1000,4485.75,4500.0,110.60939155424371,4500.0,4500.0,4500.0,3.6517022528638554,3.6532125137753435,0.01075828628305685,4.242596559766387,4.242894809858522,0.007452310370373415,4.235011281419465,4.242894809858522,4.249900480356324,0.5045,0.5,0.25637813869361015,0.5,0.5,0.5,0.7476000000000002,0.8,0.1411178231124616,0.6,0.8,0.8,4.61883129939251,1000,4476.25,4500.0,129.41575445053047,4250.0,4500.0,4500.0,3.6507321069247944,3.6532125137753435,0.012595103365591243,4.243964917209456,4.243934098004999,0.00721922467220866,4.2366206913612245,4.243934098004999,4.251085045914962,0.454,0.0,0.651063744958971,0.0,0.0,1.0,0.6989,0.75,0.1889809249633412,0.45,0.75,0.85,1.777879042998999
19,10.191936,-73.717102,5000,0.0,0.45,3.918713872475953,2.9990296711860407,/Users/shannonbowes/Research/ysg/candidates_and_lcs/2022_asassn_lc_data/pysynphot_data/grid/bosz/r2000/m-0.75/bosz2024_ms_t5000_g+0.0_m-0.75_a+0.00_c+0.00_v2_r2000_resam.txt.gz,5500,0.0,0.85,3.933671583471283,0.011211448925094925,/Users/shannonbowes/Research/ysg/candidates_and_lcs/2022_asassn_lc_data/pysynphot_data/grid/bosz/r2000/m-0.75/bosz2024_ms_t5500_g+0.0_m-0.75_a+0.00_c+0.00_v2_r2000_resam.txt.gz,1000,5062.5,5000.0,116.59223816361019,5000.0,5000.0,5250.0,3.704252540408778,3.6989700043360187,0.009827112257712012,3.908008029547957,3.9078674340660307,0.006679127725139988,3.9011055908848786,3.9078674340660307,3.9149121544150924,0.0,0.0,0.0,0.0,0.0,0.0,0.4931500000000001,0.4,0.1614328885326655,0.4,0.4,0.75,19.80100555552999,1000,5527.75,5500.0,87.56390523497681,5500.0,5500.0,5500.0,3.7424947829502155,3.7403626894942437,0.006796546793313182,3.927793002356459,3.927455388184849,0.008486595876800151,3.919432766219956,3.927455388184849,3.9362635553685554,0.114,0.0,0.33091388607914296,0.0,0.0,0.0,0.8990999999999999,0.9,0.06594838891132974,0.85,0.9,0.95,5.035821895341778
20,10.512744,-73.888428,4250,0.0,0.2,4.075006059847319,0.347191008686018,/Users/shannonbowes/Research/ysg/candidates_and_lcs/2022_asassn_lc_data/pysynphot_data/grid/bosz/r2000/m-0.75/bosz2024_ms_t4250_g+0.0_m-0.75_a+0.00_c+0.00_v2_r2000_resam.txt.gz,4250,1.0,0.2,4.077820047673335,0.020695423311069012,/Users/shannonbowes/Research/ysg/candidates_and_lcs/2022_asassn_lc_data/pysynphot_data/grid/bosz/r2000/m-0.75/bosz2024_ms_t4250_g+1.0_m-0.75_a+0.00_c+0.00_v2_r2000_resam.txt.gz,1000,4270.25,4250.0,68.20877876050854,4250.0,4250.0,4250.0,3.630399640332041,3.6283889300503116,0.006772745321374646,4.083790689116176,4.083624778179605,0.007751895873386451,4.076056837137059,4.083624778179605,4.091582263168629,0.012,0.0,0.07652450587883597,0.0,0.0,0.0,0.23035000000000003,0.2,0.13027423958711098,0.15,0.2,0.25,8.258291894696113,1000,4383.75,4250.0,157.07780715301573,4250.0,4250.0,4500.0,3.6415715457282922,3.6283889300503116,0.015370700214762022,4.091529421428299,4.091736655815275,0.00782261839496975,4.084067121855392,4.091736655815275,4.099321653568025,1.368,1.5,0.8726832185850717,0.5,1.5,2.5,0.42335,0.35,0.2366796938902871,0.2,0.35,0.65,1.4145096246842022
21,10.598432,-73.412109,4250,0.5,0.25,4.13393575864065,1.1610421722801285,/Users/shannonbowes/Research/ysg/candidates_and_lcs/2022_asassn_lc_data/pysynphot_data/grid/bosz/r2000/m-0.75/bosz2024_ms_t4250_g+0.5_m-0.75_a+0.00_c+0.00_v2_r2000_resam.txt.gz,4250,2.0,0.35,4.152290413412743,0.07403377672681863,/Users/shannonbowes/Research/ysg/candidates_and_lcs/2022_asassn_lc_data/pysynphot_data/grid/bosz/r2000/m-0.75/bosz2024_ms_t4250_g+2.0_m-0.75_a+0.00_c+0.00_v2_r2000_resam.txt.gz,1000,4255.75,4250.0,37.475825541273935,4250.0,4250.0,4250.0,3.6289598724759884,3.6283889300503116,0.0037211371719540107,4.136512255797758,4.136280983738528,0.006893110206133282,4.129960531092424,4.136280983738528,4.143308463798084,0.514,0.5,0.11959933110180841,0.5,0.5,0.5,0.28014999999999995,0.25,0.06927104373401631,0.25,0.25,0.3,17.66583813036288,1000,4401.75,4500.0,138.86841793582875,4250.0,4500.0,4500.0,3.643409858295764,3.6532125137753435,0.013672732827095331,4.140496568077778,4.1403945141072445,0.007230079891738347,4.133028794938837,4.1403945141072445,4.147939606482141,2.372,2.5,0.28829845646482394,2.0,2.5,2.5,0.5784,0.65,0.22591688737232551,0.3,0.65,0.8,11.798324902276578
22,10.721161,-73.596092,6250,2.5,0.3,4.171330658078825,0.4174243254457779,/Users/shannonbowes/Research/ysg/candidates_and_lcs/2022_asassn_lc_data/pysynphot_data/grid/bosz/r2000/m-0.75/bosz2024_ms_t6250_g+2.5_m-0.75_a+0.00_c+0.00_v2_r2000_resam.txt.gz,6250,1.5,0.3,4.181234414915242,0.006185904913643842,/Users/shannonbowes/Research/ysg/candidates_and_lcs/2022_asassn_lc_data/pysynphot_data/grid/bosz/r2000/m-0.75/bosz2024_ms_t6250_g+1.5_m-0.75_a+0.00_c+0.00_v2_r2000_resam.txt.gz,1000,6212.75,6250.0,163.3246383740065,6000.0,6250.0,6250.0,3.7931343794404784,3.7958800173440754,0.01138517832118812,4.176335817581895,4.176233656676491,0.005710590480412405,4.170666410600203,4.176233656676491,4.1819653602311355,2.347,2.5,0.25217255996638493,2.0,2.5,2.5,0.27204999999999996,0.3,0.09532207247012625,0.15,0.3,0.35,8.724695128832959,1000,6424.0,6250.0,441.7001245188867,6000.0,6250.0,7000.0,3.8068095945703972,3.7958800173440754,0.029191658323396076,4.168897856853873,4.168617653795394,0.007918864879632798,4.161415052387765,4.168617653795394,4.176847839857852,1.944,2.0,0.37797354404772837,1.5,2.0,2.5,0.4404,0.35,0.28657082894111885,0.15,0.35,0.8079999999999985,5.908665459302811
23,10.745516,-73.29184,6250,1.0,0.6,3.976485089987674,0.47513685923779914,/Users/shannonbowes/Research/ysg/candidates_and_lcs/2022_asassn_lc_data/pysynphot_data/grid/bosz/r2000/m-0.75/bosz2024_ms_t6250_g+1.0_m-0.75_a+0.00_c+0.00_v2_r2000_resam.txt.gz,6500,2.5,0.85,3.9785301410345077,0.05252567456504865,/Users/shannonbowes/Research/ysg/candidates_and_lcs/2022_asassn_lc_data/pysynphot_data/grid/bosz/r2000/m-0.75/bosz2024_ms_t6500_g+2.5_m-0.75_a+0.00_c+0.00_v2_r2000_resam.txt.gz,1000,6226.5,6250.0,306.30499506211123,6000.0,6250.0,6500.0,3.793720073136722,3.7958800173440754,0.021319241508593524,3.9828607113864254,3.9829176627453804,0.0060724161629934605,3.976772739383945,3.9829176627453804,3.9888602205367367,1.48,1.5,0.4970915408654627,1.0,1.5,2.0,0.566,0.6,0.21212967732026558,0.4,0.6,0.8,11.242754380748954,1000,6145.5,6000.0,373.7709860328915,5750.0,6000.0,6500.0,3.7877631556561244,3.7781512503836434,0.026189465939522562,3.9738398038413982,3.9744588753444674,0.01213543059913736,3.961672596238898,3.9744588753444674,3.9849606631246197,1.9385,2.0,0.36533238290630626,1.5,2.0,2.5,0.55295,0.5,0.2889442809608801,0.2,0.5,0.95,6.929223734046633
24,10.95191,-73.613548,5000,0.0,0.4,4.0577411156274525,21.175761880479996,/Users/shannonbowes/Research/ysg/candidates_and_lcs/2022_asassn_lc_data/pysynphot_data/grid/bosz/r2000/m-0.75/bosz2024_ms_t5000_g+0.0_m-0.75_a+0.00_c+0.00_v2_r2000_resam.txt.gz,5500,0.0,0.6,4.102964800901589,0.029659031595768517,/Users/shannonbowes/Research/ysg/candidates_and_lcs/2022_asassn_lc_data/pysynphot_data/grid/bosz/r2000/m-0.75/bosz2024_ms_t5500_g+0.0_m-0.75_a+0.00_c+0.00_v2_r2000_resam.txt.gz,1000,5000.0,5000.0,0.0,5000.0,5000.0,5000.0,3.698970004336019,3.6989700043360187,4.440892098500626e-16,4.04396813340684,4.043837190611754,0.007858821095551327,4.035842843840231,4.043837190611754,4.052005004169059,0.0,0.0,0.0,0.0,0.0,0.0,0.34864999999999996,0.35,0.03536491905829845,0.3,0.35,0.4,59.36472967932846,1000,5841.5,5750.0,154.11927199412798,5750.0,5750.0,6000.0,3.766371331118158,3.7596678446896306,0.011567276470579682,4.096662665558451,4.0967124959475285,0.00953156963926137,4.086975097229172,4.0967124959475285,4.1062562703272,1.0185,1.0,0.6640088478326174,0.5,1.0,2.0,0.9302,0.95,0.09546182483066203,0.9,0.95,1.0,4.731831670592833
25,11.004765,-72.995163,4500,0.0,0.4,4.235322881124305,10.774996335652979,/Users/shannonbowes/Research/ysg/candidates_and_lcs/2022_asassn_lc_data/pysynphot_data/grid/bosz/r2000/m-0.75/bosz2024_ms_t4500_g+0.0_m-0.75_a+0.00_c+0.00_v2_r2000_resam.txt.gz,4500,2.5,0.5,4.257450114843489,0.18705301579872297,/Users/shannonbowes/Research/ysg/candidates_and_lcs/2022_asassn_lc_data/pysynphot_data/grid/bosz/r2000/m-0.75/bosz2024_ms_t4500_g+2.5_m-0.75_a+0.00_c+0.00_v2_r2000_resam.txt.gz,1000,4453.5,4500.0,97.2766672948863,4250.0,4500.0,4500.0,3.648595327202488,3.6532125137753435,0.009659021980346733,4.234203502872291,4.234047404331056,0.007087984000531716,4.226897372537063,4.234047404331056,4.241479041119531,0.091,0.0,0.19292226413765728,0.0,0.0,0.5,0.3879500000000001,0.45,0.10991950463862181,0.2,0.45,0.45,42.464607229341496,1000,4553.0,4500.0,117.00854669638453,4500.0,4500.0,4750.0,3.658156428131102,3.6532125137753435,0.011033767007746997,4.244205775191583,4.244076061922283,0.006040818605932262,4.238266089572494,4.244076061922283,4.250220813680831,2.459,2.5,0.17977485919894362,2.5,2.5,2.5,0.4973000000000001,0.45,0.15405424369357698,0.4,0.45,0.75,11.536427871304445
26,11.045316,-73.212608,5250,0.0,0.5,3.9660987562255916,1.7568627523506692,/Users/shannonbowes/Research/ysg/candidates_and_lcs/2022_asassn_lc_data/pysynphot_data/grid/bosz/r2000/m-0.75/bosz2024_ms_t5250_g+0.0_m-0.75_a+0.00_c+0.00_v2_r2000_resam.txt.gz,5250,2.0,0.5,3.9697914452348337,0.24556605450482447,/Users/shannonbowes/Research/ysg/candidates_and_lcs/2022_asassn_lc_data/pysynphot_data/grid/bosz/r2000/m-0.75/bosz2024_ms_t5250_g+2.0_m-0.75_a+0.00_c+0.00_v2_r2000_resam.txt.gz,1000,5085.5,5000.0,156.33217838947937,5000.0,5000.0,5250.0,3.7061349138404602,3.6989700043360187,0.013034342762443701,3.9579920981235173,3.957893151884324,0.00710110588400868,3.950839927478006,3.957893151884324,3.9652466519446916,0.2855,0.5,0.26122739136621953,0.0,0.5,0.5,0.32625,0.25,0.19454674888057114,0.15,0.25,0.5,14.85047182730194,1000,5226.75,5250.0,241.39581085843224,5000.0,5250.0,5500.0,3.717778715839003,3.720159303405957,0.019728205720680014,3.9712832511772445,3.9711232433329697,0.009984310244669461,3.9613078271084428,3.9711232433329697,3.9807804349418983,2.3275,2.5,0.31936460354898444,2.0,2.5,2.5,0.44215000000000004,0.4,0.24892946290063778,0.2,0.4,0.75,9.497354600891354
27,11.210925,-72.885483,4250,0.5,0.45,3.9684536336307277,0.43768167181376727,/Users/shannonbowes/Research/ysg/candidates_and_lcs/2022_asassn_lc_data/pysynphot_data/grid/bosz/r2000/m-0.75/bosz2024_ms_t4250_g+0.5_m-0.75_a+0.00_c+0.00_v2_r2000_resam.txt.gz,4250,0.5,0.85,3.9474444077346895,0.04584189611691487,/Users/shannonbowes/Research/ysg/candidates_and_lcs/2022_asassn_lc_data/pysynphot_data/grid/bosz/r2000/m-0.75/bosz2024_ms_t4250_g+0.5_m-0.75_a+0.00_c+0.00_v2_r2000_resam.txt.gz,1000,4215.5,4250.0,93.19200609494358,4250.0,4250.0,4250.0,3.6247404829566547,3.6283889300503116,0.009769670567762843,3.9650273737858925,3.965121600339936,0.008327585091243322,3.9564326391655698,3.965121600339936,3.9734663588730053,0.649,0.5,0.2996648127491781,0.5,0.5,1.0,0.43950000000000006,0.45,0.12595534923138438,0.25,0.45,0.5,11.865473942353553,1000,4339.25,4250.0,125.88461979129937,4250.0,4250.0,4500.0,3.637232885180181,3.6283889300503116,0.012549287542953088,3.9627369001501003,3.962840494808371,0.009307608928740616,3.9535406412987717,3.962840494808371,3.9719222746234273,1.629,2.0,0.9240449123283998,0.5,2.0,2.5,0.78455,0.75,0.1804821251537115,0.6,0.75,1.0,6.2574536633621065
28,11.399051,-73.293671,4250,0.0,0.3,4.1423534759289025,1.6260869206272561,/Users/shannonbowes/Research/ysg/candidates_and_lcs/2022_asassn_lc_data/pysynphot_data/grid/bosz/r2000/m-0.75/bosz2024_ms_t4250_g+0.0_m-0.75_a+0.00_c+0.00_v2_r2000_resam.txt.gz,4500,2.5,0.85,4.143980730868738,0.160095636535171,/Users/shannonbowes/Research/ysg/candidates_and_lcs/2022_asassn_lc_data/pysynphot_data/grid/bosz/r2000/m-0.75/bosz2024_ms_t4500_g+2.5_m-0.75_a+0.00_c+0.00_v2_r2000_resam.txt.gz,1000,4250.0,4250.0,0.0,4250.0,4250.0,4250.0,3.628388930050313,3.6283889300503116,1.3322676295501878e-15,4.1362597691094445,4.136072373271309,0.006892401781844357,4.129502193829425,4.136072373271309,4.142798105687791,0.0045,0.0,0.04722022871609158,0.0,0.0,0.0,0.31379999999999997,0.3,0.03632574844376919,0.3,0.3,0.35,25.75497899766562,1000,4401.75,4500.0,131.4702913208912,4250.0,4500.0,4500.0,3.643431338101772,3.6532125137753435,0.01298780678618318,4.14502110705442,4.145009673247085,0.007047570577134298,4.137862049250706,4.145009673247085,4.152215193639244,2.3825,2.5,0.27284381979440175,2.0,2.5,2.5,0.6117,0.7,0.22103870701757192,0.35,0.7,0.85,15.95854707173311
29,11.476636,-72.93116,4500,0.0,0.4,3.9453149461994186,15.362545948379886,/Users/shannonbowes/Research/ysg/candidates_and_lcs/2022_asassn_lc_data/pysynphot_data/grid/bosz/r2000/m-0.75/bosz2024_ms_t4500_g+0.0_m-0.75_a+0.00_c+0.00_v2_r2000_resam.txt.gz,4500,2.5,0.35,3.9562589373182457,4.267187484904142,/Users/shannonbowes/Research/ysg/candidates_and_lcs/2022_asassn_lc_data/pysynphot_data/grid/bosz/r2000/m-0.75/bosz2024_ms_t4500_g+2.5_m-0.75_a+0.00_c+0.00_v2_r2000_resam.txt.gz,1000,4366.75,4250.0,124.72745287225263,4250.0,4250.0,4500.0,3.639981543649902,3.6283889300503116,0.012384729476737336,3.9461090941184676,3.946096910123097,0.006759150922287343,3.939468568781704,3.946096910123097,3.952628409496323,0.2715,0.5,0.25891649232909053,0.0,0.5,0.5,0.28595000000000004,0.2,0.09399519934549848,0.2,0.2,0.4,51.1997329401033,1000,4434.5,4500.0,112.18177213790126,4250.0,4500.0,4500.0,3.646703364887883,3.6532125137753435,0.011124224484957453,3.950676138211229,3.950797818878458,0.006380665088558085,3.944382576004489,3.950797818878458,3.956876335344313,2.4985,2.5,0.027345017827750638,2.5,2.5,2.5,0.39755000000000007,0.45,0.12700983229655885,0.2,0.45,0.5,24.944590192640906
30,11.510007,-73.350014,4500,0.5,0.35,4.188223672870146,2.375745379394938,/Users/shannonbowes/Research/ysg/candidates_and_lcs/2022_asassn_lc_data/pysynphot_data/grid/bosz/r2000/m-0.75/bosz2024_ms_t4500_g+0.5_m-0.75_a+0.00_c+0.00_v2_r2000_resam.txt.gz,4500,2.0,0.35,4.192900054730081,0.43807838204601346,/Users/shannonbowes/Research/ysg/candidates_and_lcs/2022_asassn_lc_data/pysynphot_data/grid/bosz/r2000/m-0.75/bosz2024_ms_t4500_g+2.0_m-0.75_a+0.00_c+0.00_v2_r2000_resam.txt.gz,1000,4543.25,4500.0,99.08045972844494,4500.0,4500.0,4750.0,3.6572653459421827,3.6532125137753435,0.009334514384964968,4.187137470167411,4.187242255495427,0.007291374329381217,4.179884965914562,4.187242255495427,4.19406461702406,0.2825,0.5,0.2596993453977118,0.0,0.5,0.5,0.38435,0.4,0.15982045394754701,0.2,0.4,0.65,19.131520069370353,1000,4795.0,4750.0,168.37458240482735,4750.0,4750.0,5000.0,3.6805190413987026,3.6766936096248664,0.015328783748121895,4.196212604240454,4.196284034360811,0.007623947658626815,4.1889266583368405,4.196284034360811,4.203943306189283,2.4005,2.5,0.3447459209330837,2.5,2.5,2.5,0.73905,0.75,0.2153429764352671,0.55,0.75,1.0,12.41974097061887
31,11.554412,-72.935364,12000,2.0,0.55,4.431146192461472,3.740993984041882,/Users/shannonbowes/Research/ysg/candidates_and_lcs/2022_asassn_lc_data/pysynphot_data/grid/bosz/r2000/m-0.75/bosz2024_ap_t12000_g+2.0_m-0.75_a+0.00_c+0.00_v2_r2000_resam.txt.gz,8750,2.0,0.2,4.255603671097755,0.34529980199883215,/Users/shannonbowes/Research/ysg/candidates_and_lcs/2022_asassn_lc_data/pysynphot_data/grid/bosz/r2000/m-0.75/bosz2024_ap_t8750_g+2.0_m-0.75_a+0.00_c+0.00_v2_r2000_resam.txt.gz,1000,11696.5,11750.0,577.7220352384007,11250.0,11750.0,12000.0,4.067547509819167,4.0700378666077555,0.02081178736224812,4.42642695756141,4.422407360552527,0.03260423196261874,4.401235447415208,4.422407360552527,4.442238932201343,2.1765,2.0,0.31795872373627365,2.0,2.0,2.5,0.54665,0.55,0.06079701884138728,0.5,0.55,0.6,38.18619610112411,1000,8492.5,8500.0,183.8987493160299,8250.0,8500.0,8750.0,3.928934115063839,3.929418925714293,0.009378644459774993,4.237080972035554,4.237203568066972,0.01946763581078228,4.217118605745749,4.237203568066972,4.257402253073004,2.4975,2.5,0.03526683994916471,2.5,2.5,2.5,0.20815000000000006,0.2,0.01887001589824449,0.2,0.2,0.2079999999999984,15.289761941206653
32,11.624906,-72.593178,4250,0.0,1.0,3.469214186616767,64.28401054826185,/Users/shannonbowes/Research/ysg/candidates_and_lcs/2022_asassn_lc_data/pysynphot_data/grid/bosz/r2000/m-0.75/bosz2024_ms_t4250_g+0.0_m-0.75_a+0.00_c+0.00_v2_r2000_resam.txt.gz,4500,0.0,0.85,3.5080046280909625,25.95445308369689,/Users/shannonbowes/Research/ysg/candidates_and_lcs/2022_asassn_lc_data/pysynphot_data/grid/bosz/r2000/m-0.75/bosz2024_ms_t4500_g+0.0_m-0.75_a+0.00_c+0.00_v2_r2000_resam.txt.gz,1000,4244.5,4250.0,42.9505529650085,4250.0,4250.0,4250.0,3.627803671978432,3.6283889300503116,0.004488413148930079,3.414917869834696,3.413074306487946,0.03456481333099892,3.380493322314054,3.413074306487946,3.4484152991896955,0.0,0.0,0.0,0.0,0.0,0.0,0.8465999999999999,0.85,0.11420788063877203,0.7,0.85,1.0,136.6029697469239,1000,4728.25,4750.0,141.29556787104116,4500.0,4750.0,4750.0,3.674506169968113,3.6766936096248664,0.012997221038070201,3.498918136245293,3.4992296844214126,0.027074982653090947,3.470681279240094,3.4992296844214126,3.5263555385515097,0.0,0.0,0.0,0.0,0.0,0.0,0.97535,1.0,0.042306943874498903,0.9,1.0,1.0,64.39257107129029
33,11.642234,-72.821014,11750,2.5,0.65,4.23732499872571,0.7684350431877497,/Users/shannonbowes/Research/ysg/candidates_and_lcs/2022_asassn_lc_data/pysynphot_data/grid/bosz/r2000/m-0.75/bosz2024_ap_t11750_g+2.5_m-0.75_a+0.00_c+0.00_v2_r2000_resam.txt.gz,8250,2.0,0.3,4.04186936620392,0.027405042200708617,/Users/shannonbowes/Research/ysg/candidates_and_lcs/2022_asassn_lc_data/pysynphot_data/grid/bosz/r2000/m-0.75/bosz2024_ap_t8250_g+2.0_m-0.75_a+0.00_c+0.00_v2_r2000_resam.txt.gz,1000,11266.25,11250.0,643.1745000386753,10500.0,11250.0,11750.0,4.051082879022663,4.051152522447381,0.024510784674933023,4.217349876021007,4.215685176787386,0.03308029765395735,4.185207469106028,4.215685176787386,4.244713590898853,2.33,2.5,0.32954514106568156,2.0,2.5,2.5,0.5872,0.6,0.0767538924094407,0.5,0.6,0.65,15.118662479407721,1000,8402.75,8250.0,608.3625050083215,8000.0,8250.0,8500.0,3.923459847335502,3.916453948549925,0.027753302326272346,4.062209030626812,4.05883281922038,0.029765444754182305,4.04016037216574,4.05883281922038,4.075454127929601,2.4215,2.5,0.21468057667148185,2.0,2.5,2.5,0.2533,0.2,0.09761716037664689,0.2,0.2,0.3,3.507436038968873
34,11.666625,-73.208763,9500,2.0,0.9,3.989603078412658,0.18740052684553027,/Users/shannonbowes/Research/ysg/candidates_and_lcs/2022_asassn_lc_data/pysynphot_data/grid/bosz/r2000/m-0.75/bosz2024_ap_t9500_g+2.0_m-0.75_a+0.00_c+0.00_v2_r2000_resam.txt.gz,8500,2.0,0.85,3.9450805213156634,0.007881881206807122,/Users/shannonbowes/Research/ysg/candidates_and_lcs/2022_asassn_lc_data/pysynphot_data/grid/bosz/r2000/m-0.75/bosz2024_ap_t8500_g+2.0_m-0.75_a+0.00_c+0.00_v2_r2000_resam.txt.gz,1000,9726.0,9750.0,407.7977439859127,9250.0,9750.0,10250.0,3.9875394246442926,3.989004615698537,0.01869335183131367,4.003769857042248,4.002982463801155,0.01476359705920238,3.988532028691399,4.002982463801155,4.01900466088725,2.3205,2.5,0.33619897382353797,2.0,2.5,2.5,0.9375999999999999,0.95,0.07922272401274776,0.85,0.95,1.0,5.285982052647085,1000,8242.75,7750.0,1254.2467610083752,7250.0,7750.0,9500.0,3.911567511157893,3.88930170250631,0.06094679093525483,3.9827056431030714,3.971683545067369,0.060268156394060704,3.934956056160693,3.971683545067369,4.024365098289932,2.3915,2.5,0.33011778201120884,2.0,2.5,2.5,0.5171,0.45,0.3217026422023916,0.15,0.45,0.95,2.9644786458609325
35,11.692539,-73.666313,4500,1.0,0.75,4.0200908954018315,0.3370565186385121,/Users/shannonbowes/Research/ysg/candidates_and_lcs/2022_asassn_lc_data/pysynphot_data/grid/bosz/r2000/m-0.75/bosz2024_ms_t4500_g+1.0_m-0.75_a+0.00_c+0.00_v2_r2000_resam.txt.gz,4500,2.0,0.7,4.010916003440027,0.028565644930021658,/Users/shannonbowes/Research/ysg/candidates_and_lcs/2022_asassn_lc_data/pysynphot_data/grid/bosz/r2000/m-0.75/bosz2024_ms_t4500_g+2.0_m-0.75_a+0.00_c+0.00_v2_r2000_resam.txt.gz,1000,4495.0,4500.0,139.10427743243557,4250.0,4500.0,4500.0,3.6525213813588944,3.6532125137753435,0.013458993535661854,4.011385530418758,4.011667558145065,0.00795802969098752,4.003445957571251,4.011667558145065,4.019345666586042,0.606,0.5,0.3282742755684643,0.5,0.5,1.0,0.6313499999999999,0.65,0.17940088489190906,0.4,0.65,0.7579999999999985,15.706470260331846,1000,4466.75,4500.0,177.00829782809618,4250.0,4500.0,4750.0,3.6496518769799415,3.6532125137753435,0.01716447685637277,4.015665874184572,4.015755423218844,0.007558157645105075,4.008307892460454,4.015755423218844,4.023182826521523,1.9145,2.0,0.6625252825364477,1.0,2.0,2.5,0.572,0.6,0.25652680171865083,0.25,0.6,0.9,4.303979774600027
36,11.721182,-72.714394,5500,2.5,0.25,4.692997362287835,0.2532274014774656,/Users/shannonbowes/Research/ysg/candidates_and_lcs/2022_asassn_lc_data/pysynphot_data/grid/bosz/r2000/m-0.75/bosz2024_ms_t5500_g+2.5_m-0.75_a+0.00_c+0.00_v2_r2000_resam.txt.gz,6000,2.5,0.4,4.737067418755912,0.06834641842156679,/Users/shannonbowes/Research/ysg/candidates_and_lcs/2022_asassn_lc_data/pysynphot_data/grid/bosz/r2000/m-0.75/bosz2024_ms_t6000_g+2.5_m-0.75_a+0.00_c+0.00_v2_r2000_resam.txt.gz,1000,5503.75,5500.0,90.40706554246742,5500.0,5500.0,5500.0,3.740600245911777,3.7403626894942437,0.0071222083386042355,4.68976735605798,4.690581996133453,0.013468047238061751,4.678025011206273,4.690581996133453,4.701110878034021,1.3765,1.5,0.7848552414299084,0.5,1.5,2.5,0.23710000000000003,0.2,0.05117216039996746,0.2,0.2,0.3,9.164310263367424,1000,5591.75,5500.0,139.71198051706233,5500.0,5500.0,5750.0,3.747413272472441,3.7403626894942437,0.01078656547494743,4.709323678773288,4.703898203232159,0.021639721279692138,4.6902691072506695,4.703898203232159,4.734966285150645,2.423,2.5,0.25312249998765424,2.5,2.5,2.5,0.22050000000000003,0.2,0.04647311050489304,0.2,0.2,0.25,5.978768793298529
37,11.753848,-73.370476,6250,2.5,0.45,4.227695439804794,0.9008980678039237,/Users/shannonbowes/Research/ysg/candidates_and_lcs/2022_asassn_lc_data/pysynphot_data/grid/bosz/r2000/m-0.75/bosz2024_ms_t6250_g+2.5_m-0.75_a+0.00_c+0.00_v2_r2000_resam.txt.gz,6250,1.5,0.55,4.218197144401424,0.07632630063725362,/Users/shannonbowes/Research/ysg/candidates_and_lcs/2022_asassn_lc_data/pysynphot_data/grid/bosz/r2000/m-0.75/bosz2024_ms_t6250_g+1.5_m-0.75_a+0.00_c+0.00_v2_r2000_resam.txt.gz,1000,6050.75,6000.0,148.2799295252058,6000.0,6000.0,6250.0,3.781679446774072,3.7781512503836434,0.01060437908686929,4.226444949192315,4.22660712253729,0.005754463104470455,4.220758315677293,4.22660712253729,4.232054615448311,2.27,2.5,0.28035691537752366,2.0,2.5,2.5,0.32354999999999995,0.3,0.0959056698011124,0.25,0.3,0.45,16.17456995051125,1000,5984.75,5750.0,307.74167332358485,5750.0,5750.0,6250.0,3.776495483557029,3.7596678446896306,0.021641753289857464,4.215160009151256,4.214724393898457,0.008210114399225733,4.2070989461250035,4.214724393898457,4.223249571529289,1.956,2.0,0.3668296607418762,1.5,2.0,2.5,0.33670000000000005,0.25,0.2233564639763085,0.15,0.25,0.55,11.08836883925561
38,11.760545,-72.919182,6500,2.0,0.45,4.222385918874713,0.5629623265380576,/Users/shannonbowes/Research/ysg/candidates_and_lcs/2022_asassn_lc_data/pysynphot_data/grid/bosz/r2000/m-0.75/bosz2024_ms_t6500_g+2.0_m-0.75_a+0.00_c+0.00_v2_r2000_resam.txt.gz,6500,2.0,0.4,4.233018234782357,0.07150703105841096,/Users/shannonbowes/Research/ysg/candidates_and_lcs/2022_asassn_lc_data/pysynphot_data/grid/bosz/r2000/m-0.75/bosz2024_ms_t6500_g+2.0_m-0.75_a+0.00_c+0.00_v2_r2000_resam.txt.gz,1000,6293.75,6250.0,118.42059575935261,6250.0,6250.0,6250.0,3.798834971552839,3.7958800173440754,0.007983017759777842,4.230684939492283,4.230809286189737,0.005876262954152382,4.224784014950536,4.230809286189737,4.23643214879704,2.03,2.0,0.33181320046074114,1.5,2.0,2.5,0.29714999999999997,0.3,0.07126975164822733,0.25,0.3,0.3,9.563344224154577,1000,6300.25,6250.0,193.7458064062291,6250.0,6250.0,6250.0,3.7991643162042803,3.7958800173440754,0.012775002974492395,4.234588220801213,4.234947206695024,0.00878239749145597,4.226073345146143,4.234947206695024,4.243620230830955,2.172,2.0,0.3597443536735497,2.0,2.0,2.5,0.279,0.25,0.1277262698116562,0.2,0.25,0.3,7.253505125845412
39,11.782004,-73.745392,4500,0.0,0.75,4.302120415084966,61.44342300289899,/Users/shannonbowes/Research/ysg/candidates_and_lcs/2022_asassn_lc_data/pysynphot_data/grid/bosz/r2000/m-0.75/bosz2024_ms_t4500_g+0.0_m-0.75_a+0.00_c+0.00_v2_r2000_resam.txt.gz,4500,0.0,0.35,4.3200259733584225,52.91566363743766,/Users/shannonbowes/Research/ysg/candidates_and_lcs/2022_asassn_lc_data/pysynphot_data/grid/bosz/r2000/m-0.75/bosz2024_ms_t4500_g+0.0_m-0.75_a+0.00_c+0.00_v2_r2000_resam.txt.gz,1000,4499.5,4500.0,15.803480629279107,4500.0,4500.0,4500.0,3.653161524120018,3.6532125137753435,0.0015483516539227333,4.295718133645807,4.295986671988308,0.007681861156400849,4.2877530774891675,4.295986671988308,4.303570593702265,0.001,0.0,0.022338307903688678,0.0,0.0,0.0,0.7061,0.7,0.04339112812545901,0.7,0.7,0.75,131.43163867079716,1000,4743.5,4750.0,150.2755801852051,4500.0,4750.0,5000.0,3.6758804357680575,3.6766936096248664,0.01378538831182707,4.323941766543318,4.324227849278073,0.010455713708001168,4.313698640587163,4.324227849278073,4.334434616326721,0.0,0.0,0.0,0.0,0.0,0.0,0.7249,0.75,0.21692162178999125,0.45,0.75,0.95,109.41822701794361
40,11.78622,-73.236649,5250,2.5,0.7,4.6209735045916505,862.5122177680187,/Users/shannonbowes/Research/ysg/candidates_and_lcs/2022_asassn_lc_data/pysynphot_data/grid/bosz/r2000/m-0.75/bosz2024_ms_t5250_g+2.5_m-0.75_a+0.00_c+0.00_v2_r2000_resam.txt.gz,4250,2.5,0.15,4.522830607596156,18.145662217788754,/Users/shannonbowes/Research/ysg/candidates_and_lcs/2022_asassn_lc_data/pysynphot_data/grid/bosz/r2000/m-0.75/bosz2024_ms_t4250_g+2.5_m-0.75_a+0.00_c+0.00_v2_r2000_resam.txt.gz,1000,5250.0,5250.0,0.0,5250.0,5250.0,5250.0,3.720159303405957,3.720159303405957,0.0,4.641823505113627,4.641878341901319,0.008017708378095302,4.63374611967844,4.641878341901319,4.649964289844842,2.5,2.5,0.0,2.5,2.5,2.5,0.748,0.75,0.03544009029333872,0.7,0.75,0.8,1152.1141088670672,1000,4285.75,4250.0,87.51821239033622,4250.0,4250.0,4250.0,3.6319387025229926,3.6283889300503116,0.008690062690946543,4.517538286197026,4.5177114683705515,0.008498110955845085,4.50853120876615,4.5177114683705515,4.526008810973097,2.5,2.5,0.0,2.5,2.5,2.5,0.19534999999999997,0.15,0.09834061978653581,0.15,0.15,0.2,53.363583898928226
41,11.793363,-72.96051,5000,0.0,0.25,3.823278177675505,52.03539631601773,/Users/shannonbowes/Research/ysg/candidates_and_lcs/2022_asassn_lc_data/pysynphot_data/grid/bosz/r2000/m-0.75/bosz2024_ms_t5000_g+0.0_m-0.75_a+0.00_c+0.00_v2_r2000_resam.txt.gz,6250,2.5,0.9,3.9192033819185963,0.016628330584498852,/Users/shannonbowes/Research/ysg/candidates_and_lcs/2022_asassn_lc_data/pysynphot_data/grid/bosz/r2000/m-0.75/bosz2024_ms_t6250_g+2.5_m-0.75_a+0.00_c+0.00_v2_r2000_resam.txt.gz,1000,5064.0,5000.0,109.10545357588684,5000.0,5000.0,5250.0,3.704394464897923,3.6989700043360187,0.009247472343922931,3.8283366296268087,3.8286266677184306,0.0076552025921597985,3.820620185002564,3.8286266677184306,3.8360863339373243,0.005,0.0,0.049749371855330994,0.0,0.0,0.0,0.32370000000000004,0.25,0.15659920178596057,0.2,0.25,0.6,107.19434507727941,1000,6306.5,6250.0,221.48984175352152,6250.0,6250.0,6500.0,3.7995114480570535,3.7958800173440754,0.015643697196297407,3.9254142266784706,3.9258147678364335,0.01273615594777222,3.9122932460686606,3.9258147678364335,3.9383047182770703,1.568,1.5,0.5812710211252579,1.0,1.5,2.5,0.9158,1.0,0.14825774853274956,0.8,1.0,1.0,3.7290771004242522
42,11.805479,-72.704842,4250,0.0,0.3,3.976008384127127,8.230878070331029,/Users/shannonbowes/Research/ysg/candidates_and_lcs/2022_asassn_lc_data/pysynphot_data/grid/bosz/r2000/m-0.75/bosz2024_ms_t4250_g+0.0_m-0.75_a+0.00_c+0.00_v2_r2000_resam.txt.gz,4250,2.0,0.5,3.974442869897595,2.5069633811600216,/Users/shannonbowes/Research/ysg/candidates_and_lcs/2022_asassn_lc_data/pysynphot_data/grid/bosz/r2000/m-0.75/bosz2024_ms_t4250_g+2.0_m-0.75_a+0.00_c+0.00_v2_r2000_resam.txt.gz,1000,4249.75,4250.0,7.901740314639554,4250.0,4250.0,4250.0,3.6283626011115904,3.6283889300503116,0.0008321777461762415,3.973691175528409,3.973912814825987,0.006700221756764389,3.9669644279085285,3.973912814825987,3.9802547268059074,0.083,0.0,0.18870877033142894,0.0,0.0,0.5,0.35829999999999995,0.35,0.0620573122202372,0.3,0.35,0.4,38.029069668628274,1000,4284.0,4250.0,85.6971411425142,4250.0,4250.0,4250.0,3.631764937436917,3.6283889300503116,0.008509240632588313,3.9781023478220483,3.9782247215867694,0.006367946787709481,3.9716839374540838,3.9782247215867694,3.984210299067013,2.429,2.5,0.19989747372090524,2.5,2.5,2.5,0.53095,0.5,0.13845431557015478,0.45,0.5,0.55,20.418635740010956
43,11.938212,-73.307259,9000,2.0,0.55,3.997209027588598,0.5544119161163625,/Users/shannonbowes/Research/ysg/candidates_and_lcs/2022_asassn_lc_data/pysynphot_data/grid/bosz/r2000/m-0.75/bosz2024_ap_t9000_g+2.0_m-0.75_a+0.00_c+0.00_v2_r2000_resam.txt.gz,8750,2.0,0.55,3.9774506942300327,0.014696905855527359,/Users/shannonbowes/Research/ysg/candidates_and_lcs/2022_asassn_lc_data/pysynphot_data/grid/bosz/r2000/m-0.75/bosz2024_ap_t8750_g+2.0_m-0.75_a+0.00_c+0.00_v2_r2000_resam.txt.gz,1000,9255.5,9250.0,499.34432008384755,8750.0,9250.0,9750.0,3.9657642310229964,3.9661417327390325,0.023544569800186276,4.006369653685004,4.0045426333550225,0.014292909098786078,3.9924982661686785,4.0045426333550225,4.02070781262889,2.292,2.5,0.2910944863785641,2.0,2.5,2.5,0.5802,0.6,0.10774024317774672,0.5,0.6,0.7,13.95310154968434,1000,7891.5,7750.0,716.8352321140472,7500.0,7750.0,8250.0,3.8955893208129035,3.88930170250631,0.03577791493065197,3.937030997764544,3.93503869744019,0.026869532601952732,3.913557086912646,3.93503869744019,3.9580055952926694,2.422,2.5,0.2311190169587955,2.0,2.5,2.5,0.34435000000000004,0.275,0.20755861220387845,0.15,0.275,0.55,3.9224662855754215
44,11.955413,-73.095612,7000,2.0,0.15,4.054166840925187,1.050142264377802,/Users/shannonbowes/Research/ysg/candidates_and_lcs/2022_asassn_lc_data/pysynphot_data/grid/bosz/r2000/m-0.75/bosz2024_ms_t7000_g+2.0_m-0.75_a+0.00_c+0.00_v2_r2000_resam.txt.gz,8250,2.5,1.0,3.9751384089531454,0.00762748237746406,/Users/shannonbowes/Research/ysg/candidates_and_lcs/2022_asassn_lc_data/pysynphot_data/grid/bosz/r2000/m-0.75/bosz2024_ap_t8250_g+2.5_m-0.75_a+0.00_c+0.00_v2_r2000_resam.txt.gz,1000,7127.25,7000.0,479.5778742811224,7000.0,7000.0,7250.0,3.8521014642608726,3.845098040014257,0.025518510504770078,4.062519484961879,4.0617092788018665,0.008699109757937655,4.054709885126088,4.0617092788018665,4.0704012300014885,2.297,2.5,0.3004846085908561,2.0,2.5,2.5,0.19465,0.15,0.1592761046108298,0.15,0.15,0.2,21.106809480079676,1000,7388.75,7500.0,530.5053604818711,6750.0,7500.0,8000.0,3.8674387472498934,3.8750612633917,0.031453896286698035,3.9900967454929903,3.9895239868823014,0.01998613671074824,3.9698094683820413,3.9895239868823014,4.01065014748433,2.298,2.5,0.3349567136213275,2.0,2.5,2.5,0.5953499999999999,0.65,0.28776010407976993,0.2,0.65,0.95,4.173996370896826
45,11.992086,-72.815269,6500,2.5,0.2,3.9896888596153515,0.7018153823466766,/Users/shannonbowes/Research/ysg/candidates_and_lcs/2022_asassn_lc_data/pysynphot_data/grid/bosz/r2000/m-0.75/bosz2024_ms_t6500_g+2.5_m-0.75_a+0.00_c+0.00_v2_r2000_resam.txt.gz,6750,2.5,0.35,3.9756288705827467,0.01872066521253735,/Users/shannonbowes/Research/ysg/candidates_and_lcs/2022_asassn_lc_data/pysynphot_data/grid/bosz/r2000/m-0.75/bosz2024_ms_t6750_g+2.5_m-0.75_a+0.00_c+0.00_v2_r2000_resam.txt.gz,1000,6673.0,6750.0,115.41663658242689,6500.0,6750.0,6750.0,3.8242555246450687,3.829303772831025,0.007566906834498588,3.996360875632603,3.9963649853968257,0.007447185951614349,3.9890870844279487,3.9963649853968257,4.004057787525195,2.4985,2.5,0.027345017827750638,2.5,2.5,2.5,0.23610000000000003,0.25,0.03085109398384439,0.2,0.25,0.25,15.053815764507075,1000,6674.75,6500.0,366.2648461154851,6500.0,6500.0,7000.0,3.8238130627615337,3.8129133566428557,0.022957089824203657,3.9696927168507874,3.9709041366647284,0.013023210135335793,3.9555002619717836,3.9709041366647284,3.9822824627917446,2.126,2.0,0.38029462262829855,2.0,2.0,2.5,0.34920000000000007,0.25,0.21473090136261244,0.2,0.25,0.6,4.669142545915573
46,12.00486,-73.387062,4250,0.5,0.3,4.107516813046493,3.2028674780210333,/Users/shannonbowes/Research/ysg/candidates_and_lcs/2022_asassn_lc_data/pysynphot_data/grid/bosz/r2000/m-0.75/bosz2024_ms_t4250_g+0.5_m-0.75_a+0.00_c+0.00_v2_r2000_resam.txt.gz,4250,2.0,0.35,4.1228272968110415,0.12557497084566271,/Users/shannonbowes/Research/ysg/candidates_and_lcs/2022_asassn_lc_data/pysynphot_data/grid/bosz/r2000/m-0.75/bosz2024_ms_t4250_g+2.0_m-0.75_a+0.00_c+0.00_v2_r2000_resam.txt.gz,1000,4250.5,4250.0,11.169153951844338,4250.0,4250.0,4250.0,3.628438577217763,3.6283889300503116,0.0011090337130455158,4.104285997485931,4.10428437224071,0.007010690080846959,4.097668206796998,4.10428437224071,4.111671416173456,0.292,0.5,0.2464467488119898,0.0,0.5,0.5,0.26139999999999997,0.3,0.09447242984066832,0.15,0.3,0.35,22.030787380804956,1000,4299.25,4250.0,100.05966969763593,4250.0,4250.0,4500.0,3.6332778335562685,3.6283889300503116,0.009929399519820884,4.108434142498851,4.10808743130295,0.006498641295216271,4.1020836776281095,4.10808743130295,4.114854863282014,2.403,2.5,0.24716593616435095,2.5,2.5,2.5,0.40954999999999997,0.35,0.17032703103148367,0.3,0.35,0.65,11.202091177775868
47,12.009524,-73.403946,4250,0.5,0.6,4.08428525219891,2.677295838433042,/Users/shannonbowes/Research/ysg/candidates_and_lcs/2022_asassn_lc_data/pysynphot_data/grid/bosz/r2000/m-0.75/bosz2024_ms_t4250_g+0.5_m-0.75_a+0.00_c+0.00_v2_r2000_resam.txt.gz,4250,1.0,0.55,4.092897821206533,0.435913658691229,/Users/shannonbowes/Research/ysg/candidates_and_lcs/2022_asassn_lc_data/pysynphot_data/grid/bosz/r2000/m-0.75/bosz2024_ms_t4250_g+1.0_m-0.75_a+0.00_c+0.00_v2_r2000_resam.txt.gz,1000,4185.0,4250.0,113.02654555457315,4000.0,4250.0,4250.0,3.621534373852518,3.6283889300503116,0.011878846028727855,4.081348133108516,4.081441509127636,0.006787141523265719,4.074753191089981,4.081441509127636,4.08782835852441,0.365,0.5,0.25352514668174436,0.0,0.5,0.5,0.41985,0.45,0.184427431527959,0.15,0.45,0.6,21.374416342254776,1000,4258.0,4250.0,108.10180387024076,4250.0,4250.0,4250.0,3.629065867039723,3.6283889300503116,0.01101796285201572,4.090491160060759,4.090373252949675,0.007196731608543303,4.083393882837465,4.090373252949675,4.097321177750857,2.4075,2.5,0.21724122536940357,2.0,2.5,2.5,0.5236500000000001,0.5,0.18690419337189842,0.4,0.5,0.65,13.279488510096764
48,12.026228,-73.110535,9750,2.0,1.0,4.540439513435258,1.1780447696159742,/Users/shannonbowes/Research/ysg/candidates_and_lcs/2022_asassn_lc_data/pysynphot_data/grid/bosz/r2000/m-0.75/bosz2024_ap_t9750_g+2.0_m-0.75_a+0.00_c+0.00_v2_r2000_resam.txt.gz,7000,1.5,0.25,4.464110078635473,0.018361762787212847,/Users/shannonbowes/Research/ysg/candidates_and_lcs/2022_asassn_lc_data/pysynphot_data/grid/bosz/r2000/m-0.75/bosz2024_ms_t7000_g+1.5_m-0.75_a+0.00_c+0.00_v2_r2000_resam.txt.gz,1000,10234.75,10250.0,323.77451644624534,10000.0,10250.0,10500.0,4.009848332713807,4.010723865391773,0.014314861572120067,4.573879923398598,4.573058411672775,0.018738404522010702,4.555336004637883,4.573058411672775,4.59149016136964,2.001,2.0,0.022338307903688678,2.0,2.0,2.0,0.9983,1.0,0.03797512343627074,1.0,1.0,1.0,21.67107917083398,1000,8171.0,8250.0,741.878696283968,7250.0,8250.0,8750.0,3.910437235072319,3.916453948549925,0.040246710576694246,4.47147195440812,4.469883449017952,0.020140106144512605,4.452809827323592,4.469883449017952,4.489113881473185,2.2625,2.5,0.3055220941274133,2.0,2.5,2.5,0.76065,0.85,0.27588779875159397,0.4,0.85,1.0,1.796116960105648
49,12.036872,-73.505272,10750,2.5,0.6,4.358040603469086,0.24920677178112727,/Users/shannonbowes/Research/ysg/candidates_and_lcs/2022_asassn_lc_data/pysynphot_data/grid/bosz/r2000/m-0.75/bosz2024_ap_t10750_g+2.5_m-0.75_a+0.00_c+0.00_v2_r2000_resam.txt.gz,8750,2.0,0.4,4.253725418581706,0.005772690671326605,/Users/shannonbowes/Research/ysg/candidates_and_lcs/2022_asassn_lc_data/pysynphot_data/grid/bosz/r2000/m-0.75/bosz2024_ap_t8750_g+2.0_m-0.75_a+0.00_c+0.00_v2_r2000_resam.txt.gz,1000,10932.75,11000.0,650.0307204278887,10250.0,11000.0,11500.0,4.037971589805241,4.041392685158225,0.025585112904170794,4.368742599046873,4.364587594545699,0.03222445993685037,4.336381043204893,4.364587594545699,4.400124755738741,2.4535,2.5,0.37495033004386064,2.0,2.5,3.0,0.632,0.65,0.07984985911070851,0.55,0.65,0.7,8.143914676113319,1000,8479.25,8000.0,981.5202175706826,8000.0,8000.0,9000.0,3.9258757723162327,3.9030899869919438,0.044684253840658106,4.254277958212447,4.243661449308869,0.04370846771591331,4.2262426367287835,4.243661449308869,4.272563567341272,2.3705,2.5,0.281921531636021,2.0,2.5,2.5,0.27835000000000004,0.2,0.17116885668835904,0.15,0.2,0.45,2.079298111917783
50,12.078882,-73.249702,12000,2.0,0.15,4.532244465392832,14.392730186001938,/Users/shannonbowes/Research/ysg/candidates_and_lcs/2022_asassn_lc_data/pysynphot_data/grid/bosz/r2000/m-0.75/bosz2024_ap_t12000_g+2.0_m-0.75_a+0.00_c+0.00_v2_r2000_resam.txt.gz,11750,3.0,0.35,4.40411038283759,0.02136005464015903,/Users/shannonbowes/Research/ysg/candidates_and_lcs/2022_asassn_lc_data/pysynphot_data/grid/bosz/r2000/m-0.75/bosz2024_ap_t11750_g+3.0_m-0.75_a+0.00_c+0.00_v2_r2000_resam.txt.gz,1000,12086.0,12000.0,405.7141851106515,12000.0,12000.0,12000.0,4.082059958001741,4.079181246047625,0.013580631100379197,4.521570124858751,4.517725043773533,0.02812259439793657,4.504278938787299,4.517725043773533,4.530179170302073,2.043,2.0,0.20285709255532575,2.0,2.0,2.0,0.18045,0.15,0.0372866933368997,0.15,0.15,0.2,50.34202346689686,1000,10323.0,10250.0,868.7899631096114,9500.0,10250.0,10750.0,4.0123779118243705,4.010723865391773,0.03462052028694299,4.339928584412963,4.338704433196055,0.06134101950587005,4.2774126971642845,4.338704433196055,4.391414904318366,2.6455,2.5,0.3675319713984077,2.0,2.5,3.0,0.18249999999999997,0.15,0.06722164829874376,0.15,0.15,0.2,3.7603092814914967
51,12.115704,-73.446945,12000,2.0,0.45,4.519024984711556,49.348654604057316,/Users/shannonbowes/Research/ysg/candidates_and_lcs/2022_asassn_lc_data/pysynphot_data/grid/bosz/r2000/m-0.75/bosz2024_ap_t12000_g+2.0_m-0.75_a+0.00_c+0.00_v2_r2000_resam.txt.gz,8500,2.0,0.15,4.283951462570371,7.7766073005449226,/Users/shannonbowes/Research/ysg/candidates_and_lcs/2022_asassn_lc_data/pysynphot_data/grid/bosz/r2000/m-0.75/bosz2024_ap_t8500_g+2.0_m-0.75_a+0.00_c+0.00_v2_r2000_resam.txt.gz,1000,12000.0,12000.0,0.0,12000.0,12000.0,12000.0,4.079181246047625,4.079181246047625,0.0,4.522566366686535,4.522657350820811,0.010078159061221064,4.5121861146166795,4.522657350820811,4.531968865263696,2.0,2.0,0.0,2.0,2.0,2.0,0.5015,0.5,0.03818049240122501,0.45,0.5,0.55,150.44155821678484,1000,8103.25,8000.0,168.52874383914454,8000.0,8000.0,8250.0,3.9085654397805567,3.9030899869919438,0.009023551220359952,4.244668495741131,4.242819093548958,0.01646938124166326,4.2295998008029105,4.242819093548958,4.261423947829833,2.427,2.5,0.17655310815729075,2.5,2.5,2.5,0.15904999999999994,0.15,0.019250909069443975,0.15,0.15,0.2,36.519435244418304
52,12.132593,-72.986565,4250,0.0,0.35,4.384675862552446,3.5946535812857165,/Users/shannonbowes/Research/ysg/candidates_and_lcs/2022_asassn_lc_data/pysynphot_data/grid/bosz/r2000/m-0.75/bosz2024_ms_t4250_g+0.0_m-0.75_a+0.00_c+0.00_v2_r2000_resam.txt.gz,4250,1.5,0.45,4.389711154359529,0.06268252851465951,/Users/shannonbowes/Research/ysg/candidates_and_lcs/2022_asassn_lc_data/pysynphot_data/grid/bosz/r2000/m-0.75/bosz2024_ms_t4250_g+1.5_m-0.75_a+0.00_c+0.00_v2_r2000_resam.txt.gz,1000,4252.0,4250.0,24.919871588754223,4250.0,4250.0,4250.0,3.628586013365116,3.6283889300503116,0.0024900329238495057,4.3780536585286915,4.378037704987486,0.006518492204829998,4.3714203168364065,4.378037704987486,4.3844468296796135,0.053,0.0,0.15553456207544353,0.0,0.0,0.0,0.37165,0.35,0.07647730055382448,0.3,0.35,0.4,23.925505906782682,1000,4378.0,4500.0,124.96399481450646,4250.0,4500.0,4500.0,3.6410986049175285,3.6532125137753435,0.012408216751569418,4.383611912977885,4.383766130199544,0.006319866627935975,4.377135982484088,4.383766130199544,4.3897124617105785,2.3665,2.5,0.29056453672119037,2.0,2.5,2.5,0.6819,0.75,0.1996181104008351,0.45,0.75,0.9,14.375604482638169
53,12.138712,-73.209274,4250,0.5,0.45,4.064247469665262,5.691037037810968,/Users/shannonbowes/Research/ysg/candidates_and_lcs/2022_asassn_lc_data/pysynphot_data/grid/bosz/r2000/m-0.75/bosz2024_ms_t4250_g+0.5_m-0.75_a+0.00_c+0.00_v2_r2000_resam.txt.gz,4250,1.0,0.2,4.0617446363717855,0.4469836347832984,/Users/shannonbowes/Research/ysg/candidates_and_lcs/2022_asassn_lc_data/pysynphot_data/grid/bosz/r2000/m-0.75/bosz2024_ms_t4250_g+1.0_m-0.75_a+0.00_c+0.00_v2_r2000_resam.txt.gz,1000,4276.25,4250.0,76.63835527984666,4250.0,4250.0,4250.0,3.6309954063414414,3.6283889300503116,0.007609754515352058,4.057049210199696,4.0569935992033574,0.007161162585849156,4.049871587756972,4.0569935992033574,4.064447686444643,0.27,0.5,0.24919871588754222,0.0,0.5,0.5,0.3635500000000001,0.4,0.14563274872088353,0.2,0.4,0.45,25.98046752897361,1000,4367.0,4250.0,133.45785851721135,4250.0,4250.0,4500.0,3.639982202451868,3.6283889300503116,0.013183286605764044,4.066997591095781,4.066992671438099,0.00681831809186868,4.060216285842279,4.066992671438099,4.073594998910845,2.3845,2.5,0.2508181612244217,2.0,2.5,2.5,0.49975,0.4,0.22043692408487287,0.3,0.4,0.75,14.885134537689764
54,12.144304,-73.154884,4500,1.0,0.5,3.978227405861596,5.061559086664959,/Users/shannonbowes/Research/ysg/candidates_and_lcs/2022_asassn_lc_data/pysynphot_data/grid/bosz/r2000/m-0.75/bosz2024_ms_t4500_g+1.0_m-0.75_a+0.00_c+0.00_v2_r2000_resam.txt.gz,4500,2.5,0.5,3.981425029949986,2.293820969419738,/Users/shannonbowes/Research/ysg/candidates_and_lcs/2022_asassn_lc_data/pysynphot_data/grid/bosz/r2000/m-0.75/bosz2024_ms_t4500_g+2.5_m-0.75_a+0.00_c+0.00_v2_r2000_resam.txt.gz,1000,4494.5,4500.0,101.70914413168562,4500.0,4500.0,4500.0,3.652569735806356,3.6532125137753435,0.00985944519785124,3.9720921919442964,3.9720872027205405,0.0069187665320392,3.9651357144064927,3.9720872027205405,3.9789026009958253,0.9095,1.0,0.3147375891119457,0.5,1.0,1.0,0.4519,0.5,0.1404862626736152,0.35,0.5,0.5,28.2451415259991,1000,4587.5,4500.0,138.1801360543548,4500.0,4500.0,4750.0,3.6613810204568,3.6532125137753435,0.012984976007488843,3.9794040370869688,3.9795194743686726,0.006698510965501604,3.97247333910979,3.9795194743686726,3.986363331312266,2.4905,2.5,0.09570658284569562,2.5,2.5,2.5,0.5557000000000001,0.5,0.18776983250778065,0.4,0.5,0.8,22.289299408314857
55,12.146544,-72.369522,4250,0.0,0.4,4.438422945820901,0.27987843428050335,/Users/shannonbowes/Research/ysg/candidates_and_lcs/2022_asassn_lc_data/pysynphot_data/grid/bosz/r2000/m-0.75/bosz2024_ms_t4250_g+0.0_m-0.75_a+0.00_c+0.00_v2_r2000_resam.txt.gz,4500,1.5,0.9,4.464912125864543,0.01933380547018169,/Users/shannonbowes/Research/ysg/candidates_and_lcs/2022_asassn_lc_data/pysynphot_data/grid/bosz/r2000/m-0.75/bosz2024_ms_t4500_g+1.5_m-0.75_a+0.00_c+0.00_v2_r2000_resam.txt.gz,1000,4254.75,4250.0,34.13118075894826,4250.0,4250.0,4250.0,3.6288605781410883,3.6283889300503116,0.0033890328928158006,4.438385464185479,4.438548084365275,0.00752971369812737,4.430655223370893,4.438548084365275,4.446040911259034,0.001,0.0,0.022338307903688678,0.0,0.0,0.0,0.44155000000000005,0.45,0.0695420556210413,0.4,0.45,0.45,8.481719731596973,1000,4435.5,4500.0,113.86285610329648,4250.0,4500.0,4500.0,3.64679712640416,3.6532125137753435,0.011286373630234714,4.44393719422073,4.4440014668722245,0.007253599186716157,4.436651842519254,4.4440014668722245,4.451396722269163,0.7155,0.5,0.7770519609395501,0.0,0.5,1.5,0.7168,0.8,0.18950662257557122,0.45,0.8,0.9,1.4390649842508378
56,12.158935,-73.246552,12000,2.0,0.5,4.288516152881591,6.284420049358956,/Users/shannonbowes/Research/ysg/candidates_and_lcs/2022_asassn_lc_data/pysynphot_data/grid/bosz/r2000/m-0.75/bosz2024_ap_t12000_g+2.0_m-0.75_a+0.00_c+0.00_v2_r2000_resam.txt.gz,11750,2.0,0.75,4.177109256084188,0.03000825817650471,/Users/shannonbowes/Research/ysg/candidates_and_lcs/2022_asassn_lc_data/pysynphot_data/grid/bosz/r2000/m-0.75/bosz2024_ap_t11750_g+2.0_m-0.75_a+0.00_c+0.00_v2_r2000_resam.txt.gz,1000,11998.0,12000.0,22.271057451320086,12000.0,12000.0,12000.0,4.079108099012107,4.079181246047625,0.0008145309152182232,4.292297925075798,4.292388542913619,0.011172761166740947,4.2806874012009235,4.292388542913619,4.303908815487403,2.0,2.0,0.0,2.0,2.0,2.0,0.4751500000000001,0.5,0.03154326394018222,0.45,0.5,0.5,33.427320852717706,1000,10196.5,10250.0,1722.8284157164346,8000.0,10250.0,12000.0,4.001989244125185,4.010723865391773,0.07572963637803662,4.092501674041634,4.0928431575609405,0.0790282964127752,4.006904754699708,4.0928431575609405,4.170529875938863,2.051,2.0,0.19595662785422696,2.0,2.0,2.0,0.5605500000000001,0.65,0.2821191193450029,0.15,0.65,0.85,5.491222420597322
57,12.189284,-72.924294,4250,0.0,0.4,4.210305471988521,10.494380916166513,/Users/shannonbowes/Research/ysg/candidates_and_lcs/2022_asassn_lc_data/pysynphot_data/grid/bosz/r2000/m-0.75/bosz2024_ms_t4250_g+0.0_m-0.75_a+0.00_c+0.00_v2_r2000_resam.txt.gz,4250,2.5,0.5,4.2086960983776995,2.3596352126271904,/Users/shannonbowes/Research/ysg/candidates_and_lcs/2022_asassn_lc_data/pysynphot_data/grid/bosz/r2000/m-0.75/bosz2024_ms_t4250_g+2.5_m-0.75_a+0.00_c+0.00_v2_r2000_resam.txt.gz,1000,4242.5,4250.0,42.64680527307995,4250.0,4250.0,4250.0,3.6275990618886427,3.6283889300503116,0.004491380490955504,4.208525723534552,4.208488054528182,0.006838535803629447,4.2014402722442705,4.208488054528182,4.215352312163478,0.0655,0.0,0.17017564455585293,0.0,0.0,0.0,0.41835,0.4,0.07085744491583082,0.4,0.4,0.45,39.60077554256571,1000,4316.5,4250.0,113.25965742487482,4250.0,4250.0,4500.0,3.634984476546185,3.6283889300503116,0.011267556310862716,4.212759114966211,4.212666993430643,0.006533105312920071,4.2061176002986285,4.212666993430643,4.219356150105639,2.412,2.5,0.20677524029728508,2.0,2.5,2.5,0.6559,0.6,0.17884403820088607,0.5,0.6,0.95,26.345534157245318
58,12.257829,-72.901375,4250,1.5,0.35,4.039745616073549,5.644871108916922,/Users/shannonbowes/Research/ysg/candidates_and_lcs/2022_asassn_lc_data/pysynphot_data/grid/bosz/r2000/m-0.75/bosz2024_ms_t4250_g+1.5_m-0.75_a+0.00_c+0.00_v2_r2000_resam.txt.gz,4500,2.0,0.65,4.050567209781756,1.5934483572207812,/Users/shannonbowes/Research/ysg/candidates_and_lcs/2022_asassn_lc_data/pysynphot_data/grid/bosz/r2000/m-0.75/bosz2024_ms_t4500_g+2.0_m-0.75_a+0.00_c+0.00_v2_r2000_resam.txt.gz,1000,4384.5,4500.0,125.13892280182054,4250.0,4500.0,4500.0,3.641742675606504,3.6532125137753435,0.012421736886943733,4.045712719428034,4.04578255630371,0.006544662047502295,4.039101689299499,4.04578255630371,4.0522224787098855,1.6085,1.5,0.33011778201120884,1.5,1.5,2.0,0.60295,0.7,0.18687909861726112,0.4,0.7,0.8,30.589371686720607,1000,4348.5,4250.0,124.1883649944712,4250.0,4250.0,4500.0,3.638164052086473,3.6283889300503116,0.012314119404548851,4.049106408993872,4.049208278002826,0.006203934035320055,4.0429980421548155,4.049208278002826,4.055404824265827,2.407,2.5,0.22439028499469402,2.0,2.5,2.5,0.49875,0.4,0.19200504550662204,0.3,0.4,0.75,22.44939401220339
59,12.299215,-72.692955,4250,0.0,0.4,4.4267131245043565,3.5776442963162776,/Users/shannonbowes/Research/ysg/candidates_and_lcs/2022_asassn_lc_data/pysynphot_data/grid/bosz/r2000/m-0.75/bosz2024_ms_t4250_g+0.0_m-0.75_a+0.00_c+0.00_v2_r2000_resam.txt.gz,4500,2.5,0.95,4.428112819787312,0.4296078400693238,/Users/shannonbowes/Research/ysg/candidates_and_lcs/2022_asassn_lc_data/pysynphot_data/grid/bosz/r2000/m-0.75/bosz2024_ms_t4500_g+2.5_m-0.75_a+0.00_c+0.00_v2_r2000_resam.txt.gz,1000,4266.75,4250.0,70.04953604414521,4250.0,4250.0,4250.0,3.6300400673199116,3.6283889300503116,0.007002515476771854,4.43653404682252,4.436818872432738,0.006906097352503018,4.4294629240147785,4.436818872432738,4.4433970107848015,0.0635,0.0,0.16648648593804843,0.0,0.0,0.0,0.47710000000000014,0.45,0.14829224524566348,0.4,0.45,0.6,22.48005834582484,1000,4476.0,4500.0,73.64781055808787,4500.0,4500.0,4500.0,3.6508294497377407,3.6532125137753435,0.007312810366215931,4.441304809299,4.441217778443944,0.00694852829892391,4.434563927711044,4.441217778443944,4.448103093408112,2.083,2.5,0.6140936410678749,1.5,2.5,2.5,0.90865,0.95,0.11930078583144371,0.85,0.95,1.0,15.189837632048325
60,12.302837,-73.392799,10750,2.0,0.4,4.079849022414034,0.15500902988563328,/Users/shannonbowes/Research/ysg/candidates_and_lcs/2022_asassn_lc_data/pysynphot_data/grid/bosz/r2000/m-0.75/bosz2024_ap_t10750_g+2.0_m-0.75_a+0.00_c+0.00_v2_r2000_resam.txt.gz,9750,2.0,0.35,3.989408196730824,0.01131785720007363,/Users/shannonbowes/Research/ysg/candidates_and_lcs/2022_asassn_lc_data/pysynphot_data/grid/bosz/r2000/m-0.75/bosz2024_ap_t9750_g+2.0_m-0.75_a+0.00_c+0.00_v2_r2000_resam.txt.gz,1000,11781.75,11750.0,848.044478491547,11000.0,11750.0,12500.0,4.070122367133386,4.0700378666077555,0.03048763155960657,4.1250894379247915,4.114825492069055,0.04593578627517331,4.085957730647329,4.114825492069055,4.177020970632005,2.3675,2.5,0.4070549717175802,2.0,2.5,3.0,0.50185,0.5,0.08777287451143434,0.4,0.5,0.6,4.286920517960488,1000,10409.5,9875.0,1864.7881246940628,8500.0,9875.0,12000.0,4.01076919068455,3.9945023078492685,0.07523282965487242,4.042396669820081,4.014431599021247,0.10452281774366988,3.9416466123754192,4.014431599021247,4.157080214588622,2.4385,2.5,0.41408664552240754,2.0,2.5,3.0,0.3759,0.35,0.20885207683908724,0.15,0.35,0.65,1.6048966785902206
61,12.314714,-73.202988,11750,3.0,0.95,4.312822727958343,1.5578375710591588,/Users/shannonbowes/Research/ysg/candidates_and_lcs/2022_asassn_lc_data/pysynphot_data/grid/bosz/r2000/m-0.75/bosz2024_ap_t11750_g+3.0_m-0.75_a+0.00_c+0.00_v2_r2000_resam.txt.gz,8000,2.5,0.5,4.120587664790244,0.02897602144373236,/Users/shannonbowes/Research/ysg/candidates_and_lcs/2022_asassn_lc_data/pysynphot_data/grid/bosz/r2000/m-0.75/bosz2024_ap_t8000_g+2.5_m-0.75_a+0.00_c+0.00_v2_r2000_resam.txt.gz,1000,11096.5,11000.0,541.5835577267833,10500.0,11000.0,11750.0,4.0446674640712645,4.041392685158225,0.021239336648104835,4.2707754214369,4.2691068913252455,0.029601724735632617,4.240077382273048,4.2691068913252455,4.301848823721564,2.2565,2.0,0.2999295750672147,2.0,2.0,2.5,0.9015,0.9,0.0673628235750254,0.85,0.9,0.95,16.901881553602053,1000,7513.0,7500.0,419.7689840852942,7250.0,7500.0,7750.0,3.8752196616738828,3.8750612633917,0.022004127575484703,4.132410609902846,4.131124897385876,0.0140574918686239,4.1205735343470025,4.131124897385876,4.143728125388792,2.248,2.0,0.2578681833805792,2.0,2.0,2.5,0.23725,0.2,0.13217389114344785,0.15,0.2,0.3,3.649151923550509
62,12.319302,-73.147079,9500,2.0,0.65,4.000137163110192,1.4290882913307947,/Users/shannonbowes/Research/ysg/candidates_and_lcs/2022_asassn_lc_data/pysynphot_data/grid/bosz/r2000/m-0.75/bosz2024_ap_t9500_g+2.0_m-0.75_a+0.00_c+0.00_v2_r2000_resam.txt.gz,7750,2.0,0.25,3.9412687676204485,0.08548782475923729,/Users/shannonbowes/Research/ysg/candidates_and_lcs/2022_asassn_lc_data/pysynphot_data/grid/bosz/r2000/m-0.75/bosz2024_ms_t7750_g+2.0_m-0.75_a+0.00_c+0.00_v2_r2000_resam.txt.gz,1000,10475.5,10500.0,567.0315246968197,9750.0,10500.0,11000.0,4.019532528973452,4.021189299069938,0.02368131798591119,4.041792209582624,4.040377708312583,0.024375656956120838,4.017771958144694,4.040377708312583,4.066691371672461,2.7985,3.0,0.3092697043035415,2.5,3.0,3.0,0.77295,0.8,0.08620207364095135,0.7,0.8,0.85,16.040875259774705,1000,7844.5,7750.0,288.21823328859676,7500.0,7750.0,8000.0,3.8942895607352805,3.88930170250631,0.015261814871129369,3.9542256481786113,3.953734593263607,0.023136728023053926,3.932159086479117,3.953734593263607,3.9769261601014114,2.4665,2.5,0.1327695371687346,2.5,2.5,2.5,0.2585,0.2,0.11559736156158583,0.15,0.2,0.4,9.273197779236813
63,12.385136,-72.487221,4750,0.5,0.65,4.026313012825555,0.6970003938497334,/Users/shannonbowes/Research/ysg/candidates_and_lcs/2022_asassn_lc_data/pysynphot_data/grid/bosz/r2000/m-0.75/bosz2024_ms_t4750_g+0.5_m-0.75_a+0.00_c+0.00_v2_r2000_resam.txt.gz,5000,2.5,0.9,4.016370376501076,0.013839809578530867,/Users/shannonbowes/Research/ysg/candidates_and_lcs/2022_asassn_lc_data/pysynphot_data/grid/bosz/r2000/m-0.75/bosz2024_ms_t5000_g+2.5_m-0.75_a+0.00_c+0.00_v2_r2000_resam.txt.gz,1000,4678.25,4750.0,135.23844682633708,4500.0,4750.0,4750.0,3.669901528265964,3.6766936096248664,0.012577872186181885,4.012742685737754,4.012540828231483,0.007745403656624684,4.004911360529344,4.012540828231483,4.020463655779879,0.4985,0.5,0.3539035885661518,0.0,0.5,1.0,0.52615,0.55,0.17128536861039825,0.35,0.55,0.65,8.567061437938573,1000,4679.75,4750.0,184.05824485743636,4500.0,4750.0,5000.0,3.6698906224976273,3.6766936096248664,0.016933516630252318,4.017322672249056,4.017246943999075,0.007676474979125778,4.009595755404686,4.017246943999075,4.025015303821267,1.3325,1.0,0.8738957317666679,0.5,1.0,2.5,0.49689999999999995,0.5,0.24044831045361914,0.25,0.5,0.8,1.3245324066132385
64,12.393755,-72.881355,4500,1.0,0.6,4.076522585004849,7.9082831877547415,/Users/shannonbowes/Research/ysg/candidates_and_lcs/2022_asassn_lc_data/pysynphot_data/grid/bosz/r2000/m-0.75/bosz2024_ms_t4500_g+1.0_m-0.75_a+0.00_c+0.00_v2_r2000_resam.txt.gz,4500,2.5,0.55,4.0778526564504105,1.3908214460064818,/Users/shannonbowes/Research/ysg/candidates_and_lcs/2022_asassn_lc_data/pysynphot_data/grid/bosz/r2000/m-0.75/bosz2024_ms_t4500_g+2.5_m-0.75_a+0.00_c+0.00_v2_r2000_resam.txt.gz,1000,4457.0,4500.0,121.04131526053408,4250.0,4500.0,4500.0,3.648881102932365,3.6532125137753435,0.011871620492871672,4.080043941944819,4.080338482801306,0.006311749379796518,4.073378875643397,4.080338482801306,4.0863109282205885,1.1265,1.0,0.3228742015088849,1.0,1.0,1.5,0.5230499999999999,0.55,0.17366979443760508,0.25,0.55,0.65,30.84725036775045,1000,4442.25,4500.0,126.40188883082405,4250.0,4500.0,4500.0,3.647425908907717,3.6532125137753435,0.012425582487470284,4.086531585950758,4.0866709000092145,0.006235946003533206,4.080552730283068,4.0866709000092145,4.0927556367948785,2.464,2.5,0.14732277488562315,2.5,2.5,2.5,0.4487,0.5,0.16666826332568538,0.2,0.5,0.55,14.992259701191932
65,12.419711,-73.236916,4000,0.5,0.2,3.8697467929381575,21.272102786151535,/Users/shannonbowes/Research/ysg/candidates_and_lcs/2022_asassn_lc_data/pysynphot_data/grid/bosz/r2000/m-0.75/bosz2024_ms_t4000_g+0.5_m-0.75_a+0.00_c+0.00_v2_r2000_resam.txt.gz,4000,2.0,0.15,3.878032106840102,14.389060490366937,/Users/shannonbowes/Research/ysg/candidates_and_lcs/2022_asassn_lc_data/pysynphot_data/grid/bosz/r2000/m-0.75/bosz2024_ms_t4000_g+2.0_m-0.75_a+0.00_c+0.00_v2_r2000_resam.txt.gz,1000,4000.75,4000.0,13.672508913875317,4000.0,4000.0,4000.0,3.6021389781441293,3.6020599913279625,0.0014399305974967798,3.871182305316868,3.8707724094521194,0.01079197533698658,3.860729265132969,3.8707724094521194,3.881847757441564,0.5,0.5,0.044721359549995794,0.5,0.5,0.5,0.18430000000000002,0.2,0.03973046689884226,0.15,0.2,0.2,62.81605003393997,1000,4002.25,4000.0,23.61011435804579,4000.0,4000.0,4000.0,3.6022969517764643,3.6020599913279625,0.002486517016642569,3.871642261770765,3.8717971926921066,0.011251411487097318,3.8603985390220643,3.8717971926921066,3.882559002702031,2.053,2.0,0.15391880976670788,2.0,2.0,2.0,0.20295,0.2,0.06295869677812589,0.15,0.2,0.25,50.15086303610993
66,12.42137,-72.301399,4250,0.5,0.2,4.203043751755478,1.1658039933540238,/Users/shannonbowes/Research/ysg/candidates_and_lcs/2022_asassn_lc_data/pysynphot_data/grid/bosz/r2000/m-0.75/bosz2024_ms_t4250_g+0.5_m-0.75_a+0.00_c+0.00_v2_r2000_resam.txt.gz,4500,0.5,0.5,4.189369934365666,0.00904977400223007,/Users/shannonbowes/Research/ysg/candidates_and_lcs/2022_asassn_lc_data/pysynphot_data/grid/bosz/r2000/m-0.75/bosz2024_ms_t4500_g+0.5_m-0.75_a+0.00_c+0.00_v2_r2000_resam.txt.gz,1000,4397.75,4500.0,122.91231630719518,4250.0,4500.0,4500.0,3.643059668031806,3.6532125137753435,0.012204496698757056,4.199411670598069,4.19938889024044,0.008145069919367856,4.191201623720385,4.19938889024044,4.207598070270531,0.181,0.0,0.24028940883859198,0.0,0.0,0.5,0.3396500000000001,0.45,0.1438241200216431,0.15,0.45,0.45,13.151187485564082,1000,4449.0,4500.0,162.09256614663116,4250.0,4500.0,4500.0,3.647975735119708,3.6532125137753435,0.015759765815809474,4.202603817433987,4.202639083230551,0.007298598172498793,4.195434930167227,4.202639083230551,4.209796988889679,1.7245,2.0,0.7535580601386995,1.0,2.0,2.5,0.442,0.5,0.22186933091349062,0.15,0.5,0.6,1.661930867086022
67,12.449533,-73.411659,4250,1.0,0.6,4.003715085436135,6.850758825493028,/Users/shannonbowes/Research/ysg/candidates_and_lcs/2022_asassn_lc_data/pysynphot_data/grid/bosz/r2000/m-0.75/bosz2024_ms_t4250_g+1.0_m-0.75_a+0.00_c+0.00_v2_r2000_resam.txt.gz,4250,2.5,0.45,4.017896454901185,2.339069051042822,/Users/shannonbowes/Research/ysg/candidates_and_lcs/2022_asassn_lc_data/pysynphot_data/grid/bosz/r2000/m-0.75/bosz2024_ms_t4250_g+2.5_m-0.75_a+0.00_c+0.00_v2_r2000_resam.txt.gz,1000,4233.75,4250.0,63.627332963122065,4250.0,4250.0,4250.0,3.6266745383233654,3.6283889300503116,0.006688688479732869,4.0116603618606455,4.011499376763909,0.006464945780670123,4.005553324974324,4.011499376763909,4.017941194793902,0.435,0.5,0.25352514668174436,0.0,0.5,0.5,0.43245,0.5,0.11842507124760365,0.3,0.5,0.55,25.97008648995697,1000,4303.75,4250.0,111.4604750573045,4250.0,4250.0,4500.0,3.633703420226235,3.6283889300503116,0.011130263269260504,4.017216353526722,4.017343372453592,0.006458307135806534,4.010470527499208,4.017343372453592,4.023193784413713,2.421,2.5,0.20064645523905975,2.5,2.5,2.5,0.58005,0.5,0.18816082881407595,0.45,0.5,0.85,17.64420048485284
68,12.482258,-73.047455,4250,0.5,0.4,4.3266788640475875,3.5410139101821563,/Users/shannonbowes/Research/ysg/candidates_and_lcs/2022_asassn_lc_data/pysynphot_data/grid/bosz/r2000/m-0.75/bosz2024_ms_t4250_g+0.5_m-0.75_a+0.00_c+0.00_v2_r2000_resam.txt.gz,4250,2.5,0.4,4.336355747509255,0.698801835891545,/Users/shannonbowes/Research/ysg/candidates_and_lcs/2022_asassn_lc_data/pysynphot_data/grid/bosz/r2000/m-0.75/bosz2024_ms_t4250_g+2.5_m-0.75_a+0.00_c+0.00_v2_r2000_resam.txt.gz,1000,4265.25,4250.0,59.832578918178015,4250.0,4250.0,4250.0,3.62990316865754,3.6283889300503116,0.005941036129039883,4.330652568042737,4.330696835317815,0.007204760955868341,4.323358175412477,4.330696835317815,4.3379159314855515,0.4265,0.5,0.1880099731397247,0.5,0.5,0.5,0.39805000000000007,0.4,0.10551633759754932,0.35,0.4,0.45,26.288460131294592,1000,4436.75,4500.0,119.10893123523525,4250.0,4500.0,4500.0,3.646906639823276,3.6532125137753435,0.011760996263906667,4.336428169018717,4.336343390757063,0.0077828100815832,4.328779508982024,4.336343390757063,4.343720962410785,2.3905,2.5,0.2743351053000691,2.0,2.5,2.5,0.7159,0.8,0.2137923993036235,0.4,0.8,0.9,19.79636345769436
69,12.488276,-72.405502,11500,3.0,0.4,4.086794732177253,0.14215279038975231,/Users/shannonbowes/Research/ysg/candidates_and_lcs/2022_asassn_lc_data/pysynphot_data/grid/bosz/r2000/m-0.75/bosz2024_ap_t11500_g+3.0_m-0.75_a+0.00_c+0.00_v2_r2000_resam.txt.gz,10000,2.0,0.25,4.005771979485413,0.012886215019408304,/Users/shannonbowes/Research/ysg/candidates_and_lcs/2022_asassn_lc_data/pysynphot_data/grid/bosz/r2000/m-0.75/bosz2024_ap_t10000_g+2.0_m-0.75_a+0.00_c+0.00_v2_r2000_resam.txt.gz,1000,11016.0,11000.0,609.8106263423097,10250.0,11000.0,11500.0,4.04135268436555,4.041392685158225,0.024205528670138036,4.057778971561302,4.057879850992489,0.028010760158614766,4.026839759151269,4.057879850992489,4.086175563172431,2.703,3.0,0.37919783754657665,2.0,3.0,3.0,0.35164999999999996,0.35,0.08009230612237357,0.25,0.35,0.45,5.9750867883540355,1000,11054.75,10500.0,1782.29204607438,9000.0,10500.0,13500.0,4.038025839236175,4.021189299069938,0.06890451453419746,4.05567360716985,4.023315771448075,0.10414727923309482,3.949489187303902,4.023315771448075,4.197611736856931,2.7765,3.0,0.31827307457590565,2.5,3.0,3.0,0.3516,0.35,0.16372977737723826,0.15,0.35,0.55,3.6690867066809183
70,12.498361,-73.07341,6750,2.5,0.15,4.016191629160458,12.424939731977409,/Users/shannonbowes/Research/ysg/candidates_and_lcs/2022_asassn_lc_data/pysynphot_data/grid/bosz/r2000/m-0.75/bosz2024_ms_t6750_g+2.5_m-0.75_a+0.00_c+0.00_v2_r2000_resam.txt.gz,7250,2.5,0.35,4.0365176177378,4.053109390326453,/Users/shannonbowes/Research/ysg/candidates_and_lcs/2022_asassn_lc_data/pysynphot_data/grid/bosz/r2000/m-0.75/bosz2024_ms_t7250_g+2.5_m-0.75_a+0.00_c+0.00_v2_r2000_resam.txt.gz,1000,6793.5,6750.0,233.41540223387145,6750.0,6750.0,6750.0,3.8318802783224433,3.829303772831025,0.013014791690860974,4.034449159120292,4.034428770886523,0.009240202947032459,4.025028447089624,4.034428770886523,4.043691857929609,2.4965,2.5,0.04168632869418941,2.5,2.5,2.5,0.16814999999999997,0.15,0.07387880277860491,0.15,0.15,0.2,42.4649484468479,1000,6764.5,6750.0,183.81988466974948,6500.0,6750.0,7000.0,3.830079054969113,3.829303772831025,0.011599251679742625,4.02039472374837,4.020262359463435,0.010064849311222946,4.010430508418449,4.020262359463435,4.030314786690715,2.0885,2.0,0.3360323645127058,2.0,2.0,2.5,0.19219999999999998,0.15,0.0669638708558578,0.15,0.15,0.25,27.100521125707942
71,12.501577,-72.983681,7000,2.5,0.2,3.9609039807073754,2.1141571125748175,/Users/shannonbowes/Research/ysg/candidates_and_lcs/2022_asassn_lc_data/pysynphot_data/grid/bosz/r2000/m-0.75/bosz2024_ms_t7000_g+2.5_m-0.75_a+0.00_c+0.00_v2_r2000_resam.txt.gz,7750,2.0,0.7,3.935879180207319,0.09937637304524131,/Users/shannonbowes/Research/ysg/candidates_and_lcs/2022_asassn_lc_data/pysynphot_data/grid/bosz/r2000/m-0.75/bosz2024_ms_t7750_g+2.0_m-0.75_a+0.00_c+0.00_v2_r2000_resam.txt.gz,1000,7114.0,7000.0,679.8926385834752,6750.0,7000.0,7000.0,3.8504221201823334,3.845098040014257,0.03683625627673826,3.9554888122889413,3.954614509632615,0.008974993876901701,3.9471984078112827,3.954614509632615,3.9633781532050025,2.4565,2.5,0.1409175290728588,2.5,2.5,2.5,0.2451,0.2,0.23002389006361929,0.15,0.2,0.2,20.703893139125697,1000,6926.5,6750.0,242.8430563141553,6750.0,6750.0,7000.0,3.8402558595271885,3.829303772831025,0.014844267986586645,3.9430992523135466,3.9427710306140167,0.009739828440996275,3.933814825261257,3.9427710306140167,3.9529829585156087,2.133,2.0,0.3439636608713194,2.0,2.0,2.5,0.22794999999999999,0.2,0.12073233825284757,0.15,0.2,0.3,10.348861753856298
72,12.549769,-73.354309,10500,2.5,0.6,4.039082961585884,0.28251697394974956,/Users/shannonbowes/Research/ysg/candidates_and_lcs/2022_asassn_lc_data/pysynphot_data/grid/bosz/r2000/m-0.75/bosz2024_ap_t10500_g+2.5_m-0.75_a+0.00_c+0.00_v2_r2000_resam.txt.gz,8500,2.5,0.25,3.9613433045498625,0.017916079017190834,/Users/shannonbowes/Research/ysg/candidates_and_lcs/2022_asassn_lc_data/pysynphot_data/grid/bosz/r2000/m-0.75/bosz2024_ap_t8500_g+2.5_m-0.75_a+0.00_c+0.00_v2_r2000_resam.txt.gz,1000,10459.5,10500.0,616.3276320269927,9750.0,10500.0,11250.0,4.01876283192931,4.021189299069938,0.025447164419339297,4.044433117477128,4.040793128935583,0.026838466780835644,4.01750179114442,4.040793128935583,4.072520323149005,2.528,2.5,0.4137825515896,2.0,2.5,3.0,0.5574,0.55,0.08552917630843875,0.45,0.55,0.65,6.547291961550189,1000,8538.25,8250.0,1170.1920515453862,7750.0,8250.0,8750.0,3.927984067801226,3.916453948549925,0.05183927618931366,3.9522725980475486,3.9403198378279707,0.0619193133707628,3.9022319395908354,3.9403198378279707,3.996956406335783,2.376,2.5,0.2917601754866486,2.0,2.5,2.5,0.27104999999999996,0.2,0.20004848787231558,0.15,0.2,0.45,2.8154100870753203
73,12.554437,-73.286179,6500,2.0,0.75,4.036970974629569,0.5301600170546942,/Users/shannonbowes/Research/ysg/candidates_and_lcs/2022_asassn_lc_data/pysynphot_data/grid/bosz/r2000/m-0.75/bosz2024_ms_t6500_g+2.0_m-0.75_a+0.00_c+0.00_v2_r2000_resam.txt.gz,6250,1.0,0.7,4.027234828267609,0.009642327461650684,/Users/shannonbowes/Research/ysg/candidates_and_lcs/2022_asassn_lc_data/pysynphot_data/grid/bosz/r2000/m-0.75/bosz2024_ms_t6250_g+1.0_m-0.75_a+0.00_c+0.00_v2_r2000_resam.txt.gz,1000,6049.0,6000.0,273.12817503875357,5750.0,6000.0,6250.0,3.7812484263661292,3.7781512503836434,0.01936057225668471,4.047057844725871,4.047174062189423,0.005957878978311754,4.041182063619914,4.047174062189423,4.052789172698146,1.146,1.0,0.4008540881667543,1.0,1.0,1.5,0.4250500000000001,0.4,0.20329780495617755,0.2,0.4,0.6,10.072963911645656,1000,5896.75,5750.0,289.44245973941,5750.0,5750.0,6250.0,3.770107933796604,3.7596678446896306,0.020756820091368672,4.037493166595308,4.037819323024101,0.014607931474725359,4.022601569141351,4.037819323024101,4.052023144220531,2.001,2.0,0.4499988888875171,1.5,2.0,2.5,0.3682,0.3,0.24132708095031524,0.15,0.3,0.6,4.3936026237514705
74,12.56634,-73.169647,9750,2.5,0.8,3.963302030212675,0.34680047164108163,/Users/shannonbowes/Research/ysg/candidates_and_lcs/2022_asassn_lc_data/pysynphot_data/grid/bosz/r2000/m-0.75/bosz2024_ap_t9750_g+2.5_m-0.75_a+0.00_c+0.00_v2_r2000_resam.txt.gz,8000,2.0,0.6,3.8732531470650025,0.005857215062468584,/Users/shannonbowes/Research/ysg/candidates_and_lcs/2022_asassn_lc_data/pysynphot_data/grid/bosz/r2000/m-0.75/bosz2024_ap_t8000_g+2.0_m-0.75_a+0.00_c+0.00_v2_r2000_resam.txt.gz,1000,9765.75,9750.0,473.7503957781988,9250.0,9750.0,10250.0,3.9892041793698274,3.989004615698537,0.02077644929016981,3.9743350679553875,3.971396342064765,0.017665782377597247,3.958088519666308,3.971396342064765,3.9894387541147536,2.296,2.0,0.3426134848484514,2.0,2.0,2.5,0.77825,0.8,0.07809889563879889,0.7,0.8,0.85,7.244938304090963,1000,7895.5,7500.0,1186.7306981788245,7250.0,7500.0,8250.0,3.8934137045634363,3.8750612633917,0.055733134549853285,3.926973054962756,3.9180906260911836,0.05465635644132397,3.8896621353666614,3.9180906260911836,3.9517753412502583,2.269,2.5,0.31086813924878187,2.0,2.5,2.5,0.29295,0.15,0.2501855261600879,0.15,0.15,0.55,3.973129356154549
75,12.569629,-73.138657,10750,3.0,0.55,4.041829718406161,0.22482578862026512,/Users/shannonbowes/Research/ysg/candidates_and_lcs/2022_asassn_lc_data/pysynphot_data/grid/bosz/r2000/m-0.75/bosz2024_ap_t10750_g+3.0_m-0.75_a+0.00_c+0.00_v2_r2000_resam.txt.gz,11000,3.0,0.45,4.1146905424470726,0.0036483167222134275,/Users/shannonbowes/Research/ysg/candidates_and_lcs/2022_asassn_lc_data/pysynphot_data/grid/bosz/r2000/m-0.75/bosz2024_ap_t11000_g+3.0_m-0.75_a+0.00_c+0.00_v2_r2000_resam.txt.gz,1000,10425.0,10500.0,595.1890455981192,9750.0,10500.0,11000.0,4.017363959491893,4.021189299069938,0.02491542217508334,4.02717257381413,4.026649191336717,0.024724159669596422,4.000622032147109,4.026649191336717,4.051397136311893,2.732,3.0,0.37306299736103554,2.5,3.0,3.0,0.5219000000000001,0.5,0.08746650787587212,0.45,0.5,0.6,4.3786459212213185,1000,10266.0,10250.0,2060.247315251254,8500.0,10250.0,13500.0,4.0032179689477125,4.010723865391773,0.08293673157776942,4.043678012195952,4.007058421877925,0.11721575727661601,3.9363630403187937,4.007058421877925,4.205979306168748,2.669,2.5,0.3484809894384484,2.5,2.5,3.0,0.42435,0.4,0.25760352773205575,0.15,0.4,0.75,2.6562026184665384
76,12.575341,-72.455956,4250,0.0,0.3,4.073549842582509,1.1748666135007142,/Users/shannonbowes/Research/ysg/candidates_and_lcs/2022_asassn_lc_data/pysynphot_data/grid/bosz/r2000/m-0.75/bosz2024_ms_t4250_g+0.0_m-0.75_a+0.00_c+0.00_v2_r2000_resam.txt.gz,4500,1.0,0.7,4.074954062843386,0.036493210094407987,/Users/shannonbowes/Research/ysg/candidates_and_lcs/2022_asassn_lc_data/pysynphot_data/grid/bosz/r2000/m-0.75/bosz2024_ms_t4500_g+1.0_m-0.75_a+0.00_c+0.00_v2_r2000_resam.txt.gz,1000,4251.0,4250.0,15.7797338380595,4250.0,4250.0,4250.0,3.6284882243852126,3.6283889300503116,0.0015668381763511558,4.072413032181352,4.072736269311285,0.007176672528415846,4.0651243091666425,4.072736269311285,4.0793974306837715,0.0,0.0,0.0,0.0,0.0,0.0,0.3063999999999999,0.3,0.041761704946038786,0.3,0.3,0.35,10.416508293233386,1000,4491.0,4500.0,163.3064603743526,4250.0,4500.0,4750.0,3.6520557371376428,3.6532125137753435,0.015801569051756805,4.079232473997412,4.079223015468129,0.0073262199193756565,4.072295482111846,4.079223015468129,4.086364130050145,0.8855,0.5,0.7922371803948614,0.0,0.5,1.5,0.674,0.7,0.22891919971902752,0.35,0.7,0.95,1.5968964455167303
77,12.588534,-73.102638,4250,0.0,0.35,4.326314457517168,7.71618238522706,/Users/shannonbowes/Research/ysg/candidates_and_lcs/2022_asassn_lc_data/pysynphot_data/grid/bosz/r2000/m-0.75/bosz2024_ms_t4250_g+0.0_m-0.75_a+0.00_c+0.00_v2_r2000_resam.txt.gz,4250,2.0,0.4,4.332230830056101,0.6721140804130322,/Users/shannonbowes/Research/ysg/candidates_and_lcs/2022_asassn_lc_data/pysynphot_data/grid/bosz/r2000/m-0.75/bosz2024_ms_t4250_g+2.0_m-0.75_a+0.00_c+0.00_v2_r2000_resam.txt.gz,1000,4250.25,4250.0,60.724274388419005,4250.0,4250.0,4250.0,3.6283700983391154,3.6283889300503116,0.00621201513587778,4.3282471442885475,4.328310714141569,0.007093251660505394,4.32120622662536,4.328310714141569,4.335158331483444,0.1745,0.0,0.23832698126733365,0.0,0.0,0.5,0.4417499999999999,0.4,0.13787471668148588,0.35,0.4,0.6,46.46358958577928,1000,4275.75,4250.0,77.61725001570206,4250.0,4250.0,4250.0,3.630942911331118,3.6283889300503116,0.007704361505901391,4.3414423601230965,4.341361322408044,0.006773575188715017,4.334803869803546,4.341361322408044,4.3483563173363375,2.4725,2.5,0.11399013115177997,2.5,2.5,2.5,0.4258,0.4,0.1466947851833868,0.3,0.4,0.5,27.32087513303507
78,12.619976,-72.752563,5750,1.0,0.4,4.8427148597433325,1.9110465840414446,/Users/shannonbowes/Research/ysg/candidates_and_lcs/2022_asassn_lc_data/pysynphot_data/grid/bosz/r2000/m-0.75/bosz2024_ms_t5750_g+1.0_m-0.75_a+0.00_c+0.00_v2_r2000_resam.txt.gz,5500,1.5,0.25,4.8287052719873484,0.03993772766260655,/Users/shannonbowes/Research/ysg/candidates_and_lcs/2022_asassn_lc_data/pysynphot_data/grid/bosz/r2000/m-0.75/bosz2024_ms_t5500_g+1.5_m-0.75_a+0.00_c+0.00_v2_r2000_resam.txt.gz,1000,5847.5,5750.0,279.27361135631844,5500.0,5750.0,6250.0,3.766483869292315,3.7596678446896306,0.020463626610961842,4.846247902290926,4.846590853019903,0.010119771717490764,4.836064701956546,4.846590853019903,4.856362704052022,1.4395,1.5,0.5050641048421477,1.0,1.5,2.0,0.46740000000000004,0.4,0.205881616469271,0.25,0.4,0.7,19.23834851706079,1000,5798.5,5750.0,299.2035260487416,5500.0,5750.0,6039.999999999992,3.762748214388261,3.7596678446896306,0.02210122338907051,4.836885785643383,4.836432227993294,0.019796089118733744,4.817768676052495,4.836432227993294,4.855694025214944,2.015,2.0,0.39086442662386145,1.5,2.0,2.5,0.48175,0.4,0.26132247798457753,0.2,0.4,0.8079999999999985,15.300805918888623
79,12.620275,-73.120697,14000,3.0,0.8,4.228493172903878,0.18637355758356228,/Users/shannonbowes/Research/ysg/candidates_and_lcs/2022_asassn_lc_data/pysynphot_data/grid/bosz/r2000/m-0.75/bosz2024_ap_t14000_g+3.0_m-0.75_a+0.00_c+0.00_v2_r2000_resam.txt.gz,11000,2.0,0.35,4.126599595784334,0.0043974312220089965,/Users/shannonbowes/Research/ysg/candidates_and_lcs/2022_asassn_lc_data/pysynphot_data/grid/bosz/r2000/m-0.75/bosz2024_ap_t11000_g+2.0_m-0.75_a+0.00_c+0.00_v2_r2000_resam.txt.gz,1000,10863.0,11000.0,916.9820063665371,9750.0,11000.0,11750.0,4.034398665858969,4.041392685158225,0.03675670838562927,4.066881896896106,4.066469747382435,0.03303832158386744,4.032932045808455,4.066469747382435,4.09582489306504,2.671,3.0,0.40958393523183984,2.0,3.0,3.0,0.46835000000000004,0.5,0.1494013972491556,0.3,0.5,0.6,5.820073913282969,1000,12155.25,12000.0,1652.372517775577,10250.0,12000.0,14000.0,4.080436262313004,4.079181246047625,0.0625591910308166,4.180705878245413,4.182191064869982,0.10520142890248389,4.073349572822013,4.182191064869982,4.2939823670053245,2.4725,2.0,0.4863062306818616,2.0,2.0,3.0,0.48295000000000005,0.5,0.17289244488987945,0.3,0.5,0.65,3.18246262046899
80,12.629437,-72.872421,5750,1.5,0.2,4.348780678287765,0.2289620483035166,/Users/shannonbowes/Research/ysg/candidates_and_lcs/2022_asassn_lc_data/pysynphot_data/grid/bosz/r2000/m-0.75/bosz2024_ms_t5750_g+1.5_m-0.75_a+0.00_c+0.00_v2_r2000_resam.txt.gz,6750,1.5,0.9,4.351746224400765,0.010307883014767663,/Users/shannonbowes/Research/ysg/candidates_and_lcs/2022_asassn_lc_data/pysynphot_data/grid/bosz/r2000/m-0.75/bosz2024_ms_t6750_g+1.5_m-0.75_a+0.00_c+0.00_v2_r2000_resam.txt.gz,1000,6020.25,6000.0,232.43802937557356,5750.0,6000.0,6250.0,3.7792937507536917,3.7781512503836434,0.016655279843770777,4.351497913861953,4.351385417289356,0.006315800406633071,4.3453806344180945,4.351385417289356,4.357769739630842,2.017,2.0,0.41195994950965803,1.5,2.0,2.5,0.3827,0.35,0.1561592456436698,0.2,0.35,0.55,4.707175354045533,1000,6089.25,6000.0,334.62208160849156,5750.0,6000.0,6500.0,3.7839287473864025,3.7781512503836434,0.023302730613601757,4.353842629035571,4.353713679394745,0.010301105636519741,4.343670458885842,4.353713679394745,4.3639630827596605,1.8015,2.0,0.6609445892054795,1.0,2.0,2.5,0.41650000000000004,0.3,0.23272891956093467,0.2,0.3,0.65,2.255692133241883
81,12.638301,-72.962532,10250,2.5,0.85,4.274445967182219,1.506252587764528,/Users/shannonbowes/Research/ysg/candidates_and_lcs/2022_asassn_lc_data/pysynphot_data/grid/bosz/r2000/m-0.75/bosz2024_ap_t10250_g+2.5_m-0.75_a+0.00_c+0.00_v2_r2000_resam.txt.gz,8000,2.0,0.6,4.174448795900529,0.009153094247942374,/Users/shannonbowes/Research/ysg/candidates_and_lcs/2022_asassn_lc_data/pysynphot_data/grid/bosz/r2000/m-0.75/bosz2024_ap_t8000_g+2.0_m-0.75_a+0.00_c+0.00_v2_r2000_resam.txt.gz,1000,10368.25,10250.0,434.40124021462003,10000.0,10250.0,10750.0,4.015324015529528,4.010723865391773,0.01820789318936365,4.277517148066202,4.275128613021696,0.020196273788434325,4.257174753656689,4.275128613021696,4.298875016435825,2.3165,2.5,0.31317367386164496,2.0,2.5,2.5,0.91475,0.9,0.06561202252636325,0.85,0.9,1.0,20.374621285865423,1000,7440.25,7250.0,391.3022329351061,7250.0,7250.0,7750.0,3.8710307836572464,3.8603380065709936,0.021598023612575575,4.18003565285066,4.180262432236166,0.012063440841693791,4.16907980861956,4.180262432236166,4.190820283296347,2.2435,2.5,0.3121822384441498,2.0,2.5,2.5,0.2776,0.2,0.15420194551301875,0.15,0.2,0.45,4.609492313210594
82,12.669093,-72.834183,10250,2.0,0.8,4.085956536526627,0.502502200267261,/Users/shannonbowes/Research/ysg/candidates_and_lcs/2022_asassn_lc_data/pysynphot_data/grid/bosz/r2000/m-0.75/bosz2024_ap_t10250_g+2.0_m-0.75_a+0.00_c+0.00_v2_r2000_resam.txt.gz,7750,2.0,0.25,4.02496189635161,0.01121311432861775,/Users/shannonbowes/Research/ysg/candidates_and_lcs/2022_asassn_lc_data/pysynphot_data/grid/bosz/r2000/m-0.75/bosz2024_ap_t7750_g+2.0_m-0.75_a+0.00_c+0.00_v2_r2000_resam.txt.gz,1000,11184.5,11250.0,565.649847520531,10750.0,11250.0,11750.0,4.048045792771115,4.051152522447381,0.022425430644605556,4.136223755768545,4.137547088275342,0.028093861781788344,4.106299824418319,4.137547088275342,4.165521124719745,2.74,3.0,0.3618010503025109,2.5,3.0,3.0,0.89855,0.9,0.08663369725459026,0.8,0.9,1.0,10.358001024526825,1000,8112.75,8000.0,735.8498063463767,7750.0,8000.0,8500.0,3.9076169186830336,3.9030899869919438,0.0354859031499263,4.018388136612473,4.014937945740467,0.029963260787452876,3.9944786387740905,4.014937945740467,4.0367216364392124,2.4695,2.5,0.19575431029737253,2.5,2.5,2.5,0.37695,0.35,0.17573046833147632,0.2,0.35,0.55,4.557636264602131
83,12.694161,-72.241043,4250,0.0,0.35,4.156021808700482,4.065170310121435,/Users/shannonbowes/Research/ysg/candidates_and_lcs/2022_asassn_lc_data/pysynphot_data/grid/bosz/r2000/m-0.75/bosz2024_ms_t4250_g+0.0_m-0.75_a+0.00_c+0.00_v2_r2000_resam.txt.gz,4500,0.5,0.75,4.15633251989096,0.17774920930761,/Users/shannonbowes/Research/ysg/candidates_and_lcs/2022_asassn_lc_data/pysynphot_data/grid/bosz/r2000/m-0.75/bosz2024_ms_t4500_g+0.5_m-0.75_a+0.00_c+0.00_v2_r2000_resam.txt.gz,1000,4276.75,4250.0,77.27831196396568,4250.0,4250.0,4250.0,3.631045053508892,3.6283889300503116,0.007673298588666546,4.1493144097548535,4.14905318289497,0.007516959429710897,4.141683626600879,4.14905318289497,4.156772763371509,0.0,0.0,0.0,0.0,0.0,0.0,0.40164999999999995,0.35,0.14556708934371124,0.3,0.35,0.4,22.858204070471253,1000,4504.5,4500.0,168.0171122237256,4250.0,4500.0,4750.0,3.65334385363165,3.6532125137753435,0.01622561014335961,4.159664300608856,4.159602651623198,0.007964794833246988,4.151635795649167,4.159602651623198,4.16741242420587,0.118,0.0,0.2882290755631708,0.0,0.0,0.5,0.6655,0.7,0.2476989099693416,0.3,0.7,1.0,12.51067844647951
84,12.708537,-73.394318,10250,3.0,0.75,4.113255206462975,0.2746738662625914,/Users/shannonbowes/Research/ysg/candidates_and_lcs/2022_asassn_lc_data/pysynphot_data/grid/bosz/r2000/m-0.75/bosz2024_ap_t10250_g+3.0_m-0.75_a+0.00_c+0.00_v2_r2000_resam.txt.gz,8500,2.5,0.6,4.031219947463998,0.006260425563588844,/Users/shannonbowes/Research/ysg/candidates_and_lcs/2022_asassn_lc_data/pysynphot_data/grid/bosz/r2000/m-0.75/bosz2024_ap_t8500_g+2.5_m-0.75_a+0.00_c+0.00_v2_r2000_resam.txt.gz,1000,9275.75,9250.0,941.753384650143,7750.0,9250.0,10250.0,3.965038749819136,3.9661417327390325,0.045186089922475026,4.079769349245199,4.077147690692698,0.02026181492510874,4.061665754659453,4.077147690692698,4.097008225496501,2.3285,2.5,0.3245577760584393,2.0,2.5,2.5,0.6245499999999999,0.7,0.24223913288319043,0.2,0.7,0.85,8.533581978330504,1000,8337.5,8000.0,1168.80013261464,7250.0,8000.0,9750.0,3.9170832250272523,3.9030899869919438,0.057521872861543207,4.017650190657377,4.012339234777649,0.04026013401309188,3.9816051270247046,4.012339234777649,4.0476770644933096,2.3165,2.5,0.3272273674373829,2.0,2.5,2.5,0.5134000000000001,0.45,0.3340665203219263,0.15,0.45,1.0,1.9746017837377399
85,12.758097,-73.268562,4500,0.0,0.75,4.067887348823259,10.2878728515001,/Users/shannonbowes/Research/ysg/candidates_and_lcs/2022_asassn_lc_data/pysynphot_data/grid/bosz/r2000/m-0.75/bosz2024_ms_t4500_g+0.0_m-0.75_a+0.00_c+0.00_v2_r2000_resam.txt.gz,4250,1.5,0.3,4.070770218692884,0.8463079447947801,/Users/shannonbowes/Research/ysg/candidates_and_lcs/2022_asassn_lc_data/pysynphot_data/grid/bosz/r2000/m-0.75/bosz2024_ms_t4250_g+1.5_m-0.75_a+0.00_c+0.00_v2_r2000_resam.txt.gz,1000,4309.25,4250.0,106.3105709701533,4250.0,4250.0,4500.0,3.6342721193931453,3.6283889300503116,0.010556037437334187,4.064217737473378,4.0640436178293164,0.00755503907468925,4.056622992805808,4.0640436178293164,4.071947968297369,0.332,0.5,0.23827714955488286,0.0,0.5,0.5,0.49615000000000004,0.45,0.16500811343688526,0.4,0.45,0.75,42.84249066012004,1000,4328.0,4250.0,117.96609682446902,4250.0,4250.0,4500.0,3.6361285182210206,3.6283889300503116,0.011694446423194001,4.077491066961624,4.07762546371547,0.00681120716394694,4.07066064036727,4.07762546371547,4.084291972476207,2.405,2.5,0.22017038856304,2.0,2.5,2.5,0.44775,0.35,0.19460842093804678,0.3,0.35,0.7,18.395888539723934
86,12.779685,-72.998734,4250,0.5,0.2,4.097518427428438,5.507724833210451,/Users/shannonbowes/Research/ysg/candidates_and_lcs/2022_asassn_lc_data/pysynphot_data/grid/bosz/r2000/m-0.75/bosz2024_ms_t4250_g+0.5_m-0.75_a+0.00_c+0.00_v2_r2000_resam.txt.gz,4250,2.5,0.2,4.116544008866407,1.2840569525637886,/Users/shannonbowes/Research/ysg/candidates_and_lcs/2022_asassn_lc_data/pysynphot_data/grid/bosz/r2000/m-0.75/bosz2024_ms_t4250_g+2.5_m-0.75_a+0.00_c+0.00_v2_r2000_resam.txt.gz,1000,4254.5,4250.0,33.237779709240506,4250.0,4250.0,4250.0,3.6288357545573637,3.6283889300503116,0.003300323229785994,4.104258539141398,4.103916739296678,0.0069968335876721185,4.097435118501551,4.103916739296678,4.111471974947733,0.3005,0.5,0.24789060087062598,0.0,0.5,0.5,0.21089999999999998,0.2,0.0663414651631994,0.15,0.2,0.25,37.66331785152379,1000,4316.25,4250.0,113.13017943944047,4250.0,4250.0,4500.0,3.6349604672980687,3.6283889300503116,0.011207820364751762,4.111106673582414,4.110844831819234,0.0063782027828376865,4.104642303369792,4.110844831819234,4.1175149478417215,2.3855,2.5,0.2482735386625002,2.0,2.5,2.5,0.31870000000000004,0.25,0.17694719551323781,0.2,0.25,0.6,20.346679624543782
87,12.788992,-72.809959,13500,3.0,0.95,4.55883307364348,0.25836645717512735,/Users/shannonbowes/Research/ysg/candidates_and_lcs/2022_asassn_lc_data/pysynphot_data/grid/bosz/r2000/m-0.75/bosz2024_ap_t13500_g+3.0_m-0.75_a+0.00_c+0.00_v2_r2000_resam.txt.gz,11250,2.0,0.75,4.396115206107144,0.014525181700983452,/Users/shannonbowes/Research/ysg/candidates_and_lcs/2022_asassn_lc_data/pysynphot_data/grid/bosz/r2000/m-0.75/bosz2024_ap_t11250_g+2.0_m-0.75_a+0.00_c+0.00_v2_r2000_resam.txt.gz,1000,12012.0,11750.0,924.3814147850443,11250.0,11750.0,13000.0,4.078372970997656,4.0700378666077555,0.03257952644287668,4.456463743318496,4.43812139353599,0.06081095488010727,4.406017116381009,4.43812139353599,4.523969452588423,2.402,2.5,0.4294135535820917,2.0,2.5,3.0,0.79525,0.8,0.08732088810817261,0.7,0.8,0.9,8.656615018385848,1000,8800.0,8250.0,1323.017384617451,8000.0,8250.0,10250.0,3.940271365745873,3.916453948549925,0.05828177763313963,4.291675602987948,4.2712956207472335,0.06180407481218451,4.2536278130421765,4.2712956207472335,4.331277579109954,2.4525,2.5,0.30658400153954546,2.0,2.5,2.5,0.39735000000000004,0.3,0.20831581192986767,0.2,0.3,0.65,2.2126422508139267
88,12.799663,-72.471596,11500,2.5,0.7,4.6018629528538435,0.12646604432145325,/Users/shannonbowes/Research/ysg/candidates_and_lcs/2022_asassn_lc_data/pysynphot_data/grid/bosz/r2000/m-0.75/bosz2024_ap_t11500_g+2.5_m-0.75_a+0.00_c+0.00_v2_r2000_resam.txt.gz,10250,2.0,0.6,4.527630214289253,0.006908574699913912,/Users/shannonbowes/Research/ysg/candidates_and_lcs/2022_asassn_lc_data/pysynphot_data/grid/bosz/r2000/m-0.75/bosz2024_ap_t10250_g+2.0_m-0.75_a+0.00_c+0.00_v2_r2000_resam.txt.gz,1000,11026.25,11000.0,656.5047124735663,10250.0,11000.0,11750.0,4.041670670969434,4.041392685158225,0.025546916059847734,4.574200299267836,4.569685909701052,0.033390660953035,4.540729521945019,4.569685909701052,4.606146575869449,2.3395,2.5,0.3667284417658385,2.0,2.5,2.579999999999984,0.6408,0.65,0.08043854797297126,0.55,0.65,0.7,6.1726209834014325,1000,10835.75,11000.0,2205.8353151357423,8250.0,11000.0,13500.0,4.025568034853562,4.041392685158225,0.09056100355661373,4.565496719205654,4.560216380726164,0.12102916952543723,4.4317563065907235,4.560216380726164,4.721379967985673,2.543,2.5,0.4389202661076383,2.0,2.5,3.0,0.6031,0.7,0.2727826790688881,0.2,0.7,0.9,2.4289424068372925
89,12.806897,-72.550446,4250,0.0,0.15,4.206809547468227,0.9596174911725358,/Users/shannonbowes/Research/ysg/candidates_and_lcs/2022_asassn_lc_data/pysynphot_data/grid/bosz/r2000/m-0.75/bosz2024_ms_t4250_g+0.0_m-0.75_a+0.00_c+0.00_v2_r2000_resam.txt.gz,4500,0.5,0.5,4.222166979833138,0.016399670711203948,/Users/shannonbowes/Research/ysg/candidates_and_lcs/2022_asassn_lc_data/pysynphot_data/grid/bosz/r2000/m-0.75/bosz2024_ms_t4500_g+0.5_m-0.75_a+0.00_c+0.00_v2_r2000_resam.txt.gz,1000,4318.0,4250.0,111.24747188138704,4250.0,4250.0,4500.0,3.635140944823521,3.6283889300503116,0.011046243729782976,4.218748920728216,4.21876759986254,0.006854229222364428,4.211777626779091,4.21876759986254,4.225639280815504,0.0,0.0,0.0,0.0,0.0,0.0,0.25284999999999996,0.15,0.16505870925219307,0.15,0.15,0.5,19.454278424594058,1000,4676.0,4750.0,133.31916591398252,4500.0,4750.0,4750.0,3.669694395301932,3.6766936096248664,0.012571766290040528,4.228903551501151,4.228790219194502,0.007297534772843058,4.221533105395216,4.228790219194502,4.236376919083663,1.029,1.0,0.8438951356655636,0.0,1.0,2.0,0.7202000000000001,0.8,0.17775533747260586,0.5,0.8,0.85,1.9471107939087227
90,12.816462,-73.159111,9750,2.0,0.4,4.056908824027631,0.6899003129876671,/Users/shannonbowes/Research/ysg/candidates_and_lcs/2022_asassn_lc_data/pysynphot_data/grid/bosz/r2000/m-0.75/bosz2024_ap_t9750_g+2.0_m-0.75_a+0.00_c+0.00_v2_r2000_resam.txt.gz,8250,2.5,0.2,3.98575953885328,0.06840417847738066,/Users/shannonbowes/Research/ysg/candidates_and_lcs/2022_asassn_lc_data/pysynphot_data/grid/bosz/r2000/m-0.75/bosz2024_ap_t8250_g+2.5_m-0.75_a+0.00_c+0.00_v2_r2000_resam.txt.gz,1000,10215.25,10250.0,660.6662830052703,9500.0,10250.0,10750.0,4.008338358315441,4.010723865391773,0.028151449604168467,4.072175498045806,4.072221484252173,0.024348996019596048,4.045455666057738,4.072221484252173,4.096060922265157,2.6305,2.5,0.3810770919381011,2.0,2.5,3.0,0.45295,0.45,0.1105160508704505,0.35,0.45,0.55,11.46983687928473,1000,8256.25,8250.0,437.4910713374617,8000.0,8250.0,8500.0,3.916242277045707,3.916453948549925,0.021129572345922092,3.979180406612496,3.976909603214169,0.03949827995360352,3.94060924805062,3.976909603214169,4.014653691729453,2.436,2.5,0.1714759458349771,2.5,2.5,2.5,0.16714999999999997,0.15,0.050777726416215224,0.15,0.15,0.2,6.726639563940997
91,12.826005,-72.723526,4250,1.5,0.25,4.257299116917677,0.9866303366122922,/Users/shannonbowes/Research/ysg/candidates_and_lcs/2022_asassn_lc_data/pysynphot_data/grid/bosz/r2000/m-0.75/bosz2024_ms_t4250_g+1.5_m-0.75_a+0.00_c+0.00_v2_r2000_resam.txt.gz,4500,2.5,0.65,4.257792648209947,0.3099734913760458,/Users/shannonbowes/Research/ysg/candidates_and_lcs/2022_asassn_lc_data/pysynphot_data/grid/bosz/r2000/m-0.75/bosz2024_ms_t4500_g+2.5_m-0.75_a+0.00_c+0.00_v2_r2000_resam.txt.gz,1000,4311.75,4250.0,108.39482229331806,4250.0,4250.0,4500.0,3.63451901274252,3.6283889300503116,0.01075764630154519,4.259743245690277,4.259568246507938,0.006738134674568251,4.253025121897624,4.259568246507938,4.266648222093497,1.392,1.5,0.28343605980891,1.0,1.5,1.5,0.33165,0.25,0.15768886295487072,0.2,0.25,0.55,14.860399537986803,1000,4362.5,4250.0,134.97684986693088,4250.0,4250.0,4500.0,3.639530007993315,3.6283889300503116,0.013318832276769875,4.262797973706638,4.262790791766886,0.006471814316844564,4.2561044580623495,4.262790791766886,4.268886810238685,2.3755,2.5,0.2788364215808258,2.0,2.5,2.5,0.39870000000000005,0.3,0.20098086973640053,0.2,0.3,0.6,10.787726836770162
92,12.833997,-73.136757,4250,0.0,0.15,3.9425105761555326,11.120580022794671,/Users/shannonbowes/Research/ysg/candidates_and_lcs/2022_asassn_lc_data/pysynphot_data/grid/bosz/r2000/m-0.75/bosz2024_ms_t4250_g+0.0_m-0.75_a+0.00_c+0.00_v2_r2000_resam.txt.gz,4500,2.5,0.85,3.9533045452202993,4.324869938024061,/Users/shannonbowes/Research/ysg/candidates_and_lcs/2022_asassn_lc_data/pysynphot_data/grid/bosz/r2000/m-0.75/bosz2024_ms_t4500_g+2.5_m-0.75_a+0.00_c+0.00_v2_r2000_resam.txt.gz,1000,4250.25,4250.0,7.901740314639554,4250.0,4250.0,4250.0,3.6284137536340375,3.6283889300503116,0.0007845980490956597,3.952916213598089,3.952693975382627,0.007605376896837619,3.9451821845300263,3.952693975382627,3.960779563593229,0.172,0.0,0.23752052542885632,0.0,0.0,0.5,0.24980000000000002,0.2,0.09934767234314047,0.15,0.2,0.4,38.779296160243376,1000,4372.0,4250.0,127.4401820463232,4250.0,4250.0,4500.0,3.6404961264687503,3.6283889300503116,0.012634517517864197,3.9559151715384417,3.955889452700596,0.007202903264747312,3.948594110442037,3.955889452700596,3.963280776058161,2.4315,2.5,0.18043766236570458,2.5,2.5,2.5,0.5561,0.5,0.21985856817508842,0.3,0.5,0.8,26.67043695813805
93,12.857086,-72.763344,4750,0.5,0.35,3.9577941120697253,1.8504023033207808,/Users/shannonbowes/Research/ysg/candidates_and_lcs/2022_asassn_lc_data/pysynphot_data/grid/bosz/r2000/m-0.75/bosz2024_ms_t4750_g+0.5_m-0.75_a+0.00_c+0.00_v2_r2000_resam.txt.gz,5000,2.5,0.55,3.968801057931775,0.14749095241580656,/Users/shannonbowes/Research/ysg/candidates_and_lcs/2022_asassn_lc_data/pysynphot_data/grid/bosz/r2000/m-0.75/bosz2024_ms_t5000_g+2.5_m-0.75_a+0.00_c+0.00_v2_r2000_resam.txt.gz,1000,4753.25,4750.0,28.318501019651446,4750.0,4750.0,4750.0,3.6769832027561096,3.6766936096248664,0.0025233364253677082,3.96473358964257,3.9646911241414466,0.006767393082379771,3.95795037164971,3.9646911241414466,3.971464152671832,0.25,0.0,0.2519920633670831,0.0,0.0,0.5,0.264,0.25,0.06898550572402871,0.2,0.25,0.35,18.545553733070008,1000,4851.25,4750.0,157.51488024945454,4750.0,4750.0,5000.0,3.6856310595708464,3.6766936096248664,0.01380840240776776,3.972969600047516,3.973063770569393,0.006741880909886613,3.9661142654796993,3.973063770569393,3.9799104408112465,2.4595,2.5,0.17352161248674472,2.5,2.5,2.5,0.4089999999999999,0.35,0.1770282463337419,0.25,0.35,0.6,9.394333124789611
94,12.858666,-72.888458,5500,0.0,0.25,4.192926021767345,0.9408932834581722,/Users/shannonbowes/Research/ysg/candidates_and_lcs/2022_asassn_lc_data/pysynphot_data/grid/bosz/r2000/m-0.75/bosz2024_ms_t5500_g+0.0_m-0.75_a+0.00_c+0.00_v2_r2000_resam.txt.gz,5750,2.5,0.6,4.179060861480823,0.03354463743533104,/Users/shannonbowes/Research/ysg/candidates_and_lcs/2022_asassn_lc_data/pysynphot_data/grid/bosz/r2000/m-0.75/bosz2024_ms_t5750_g+2.5_m-0.75_a+0.00_c+0.00_v2_r2000_resam.txt.gz,1000,6152.75,6250.0,245.16308347710103,6250.0,6250.0,6250.0,3.7887024958150786,3.7958800173440754,0.01812597554327022,4.185089509768031,4.184838534694428,0.007346517823871099,4.1778916802084405,4.184838534694428,4.1923781364246056,0.878,1.0,0.3242159773977834,1.0,1.0,1.0,0.8845999999999999,0.95,0.23427086886764215,0.95,0.95,1.0,17.177174821253125,1000,6007.75,6000.0,276.3646820778661,5750.0,6000.0,6250.0,3.778239936604819,3.7781512503836434,0.02038410235821604,4.175202400137563,4.175568351877537,0.012131228643088843,4.163128473270322,4.175568351877537,4.186802578822228,1.5735,1.5,0.5209105009500192,1.0,1.5,2.0,0.8015,0.9,0.22770101009876964,0.55,0.9,1.0,5.151557877548188
95,12.883954,-73.309235,4500,0.5,0.75,3.996270546483179,6.34614764411831,/Users/shannonbowes/Research/ysg/candidates_and_lcs/2022_asassn_lc_data/pysynphot_data/grid/bosz/r2000/m-0.75/bosz2024_ms_t4500_g+0.5_m-0.75_a+0.00_c+0.00_v2_r2000_resam.txt.gz,4250,0.5,0.25,4.0223130933046765,0.2981543600502226,/Users/shannonbowes/Research/ysg/candidates_and_lcs/2022_asassn_lc_data/pysynphot_data/grid/bosz/r2000/m-0.75/bosz2024_ms_t4250_g+0.5_m-0.75_a+0.00_c+0.00_v2_r2000_resam.txt.gz,1000,4462.5,4500.0,96.0143218483576,4460.000000000001,4500.0,4500.0,3.649475551337834,3.6532125137753435,0.00949433408913822,4.007912692923661,4.007857552463676,0.007140932421095711,4.0006791060435845,4.007857552463676,4.0151299174416595,0.336,0.5,0.2521983346495373,0.0,0.5,0.5,0.669,0.75,0.1658282243769136,0.55,0.75,0.8,27.94451996276719,1000,4556.0,4500.0,148.70776711389354,4500.0,4500.0,4750.0,3.6583514553368404,3.6532125137753435,0.014218925142000443,4.019255185534694,4.01911623401738,0.0070732739783824425,4.01186726390768,4.01911623401738,4.026518514828652,2.36,2.5,0.3512833614050059,2.0,2.5,2.5,0.7365499999999999,0.7,0.20907318694658097,0.6,0.7,1.0,14.549515743333684
96,12.90685,-72.433243,4250,0.0,0.45,4.636388155608362,9.011068139282846,/Users/shannonbowes/Research/ysg/candidates_and_lcs/2022_asassn_lc_data/pysynphot_data/grid/bosz/r2000/m-0.75/bosz2024_ms_t4250_g+0.0_m-0.75_a+0.00_c+0.00_v2_r2000_resam.txt.gz,4250,2.5,0.55,4.648451356948751,0.2487153430244937,/Users/shannonbowes/Research/ysg/candidates_and_lcs/2022_asassn_lc_data/pysynphot_data/grid/bosz/r2000/m-0.75/bosz2024_ms_t4250_g+2.5_m-0.75_a+0.00_c+0.00_v2_r2000_resam.txt.gz,1000,4250.0,4250.0,0.0,4250.0,4250.0,4250.0,3.628388930050313,3.6283889300503116,1.3322676295501878e-15,4.637146999699052,4.637027007223498,0.007308007915201667,4.629792391210779,4.637027007223498,4.644544827284094,0.0,0.0,0.0,0.0,0.0,0.0,0.4536000000000001,0.45,0.031812576129574915,0.4,0.45,0.5,32.6638594550691,1000,4431.75,4500.0,111.93496996024075,4250.0,4500.0,4500.0,3.646434332930535,3.6532125137753435,0.011110771843155683,4.644102158597425,4.643998830457347,0.006783017471244501,4.6374074822756315,4.643998830457347,4.650908756671647,2.1475,2.5,0.5310308371460174,1.5,2.5,2.5,0.74785,0.85,0.17396228757980853,0.5,0.85,0.9,11.831505030485705
97,12.911544,-72.972351,4250,0.0,0.2,4.087092484341582,8.98653919917238,/Users/shannonbowes/Research/ysg/candidates_and_lcs/2022_asassn_lc_data/pysynphot_data/grid/bosz/r2000/m-0.75/bosz2024_ms_t4250_g+0.0_m-0.75_a+0.00_c+0.00_v2_r2000_resam.txt.gz,4250,2.0,0.3,4.096847600735336,1.9367602931732222,/Users/shannonbowes/Research/ysg/candidates_and_lcs/2022_asassn_lc_data/pysynphot_data/grid/bosz/r2000/m-0.75/bosz2024_ms_t4250_g+2.0_m-0.75_a+0.00_c+0.00_v2_r2000_resam.txt.gz,1000,4250.5,4250.0,11.169153951844338,4250.0,4250.0,4250.0,3.628438577217763,3.6283889300503116,0.0011090337130455158,4.084753527463902,4.084717953970072,0.006638545570619999,4.078323532750333,4.084717953970072,4.091443327499801,0.146,0.0,0.22734115333568625,0.0,0.0,0.5,0.24985000000000002,0.2,0.07715230067859286,0.2,0.2,0.35,37.27680502751575,1000,4304.75,4250.0,107.54039938553325,4250.0,4250.0,4500.0,3.6338158974709662,3.6283889300503116,0.010639761859753785,4.090634383209681,4.090812177831839,0.00633573471502653,4.084106317290701,4.090812177831839,4.09669224486719,2.4125,2.5,0.20759034177918778,2.0,2.5,2.5,0.40314999999999995,0.35,0.16928549110895477,0.3,0.35,0.65,22.698969959881715
98,12.9154,-73.232407,4250,0.5,0.5,4.011209361054339,9.38383256725276,/Users/shannonbowes/Research/ysg/candidates_and_lcs/2022_asassn_lc_data/pysynphot_data/grid/bosz/r2000/m-0.75/bosz2024_ms_t4250_g+0.5_m-0.75_a+0.00_c+0.00_v2_r2000_resam.txt.gz,4250,2.5,0.5,4.008161659790493,5.489109621152496,/Users/shannonbowes/Research/ysg/candidates_and_lcs/2022_asassn_lc_data/pysynphot_data/grid/bosz/r2000/m-0.75/bosz2024_ms_t4250_g+2.5_m-0.75_a+0.00_c+0.00_v2_r2000_resam.txt.gz,1000,4249.5,4250.0,27.381563140186135,4250.0,4250.0,4250.0,3.628328745397882,3.6283889300503116,0.0028160114438859365,4.00090653384747,4.000542213129146,0.006902863782598463,3.9942118978609584,4.000542213129146,4.007597366184994,0.3575,0.5,0.23333184523335,0.0,0.5,0.5,0.38555000000000006,0.45,0.09692108903639084,0.25,0.45,0.45,40.936306910867124,1000,4296.25,4250.0,97.07439157676961,4250.0,4250.0,4500.0,3.632981293039444,3.6283889300503116,0.009638937147449891,4.0067236568126114,4.006646803110874,0.006293944100273969,4.000437562646638,4.006646803110874,4.012783572155718,2.431,2.5,0.17815442739376422,2.5,2.5,2.5,0.48,0.4,0.1625576820700886,0.35,0.4,0.75,27.219528509364302
99,12.921972,-72.933441,4250,0.5,0.2,3.9227410547346206,12.538746104744636,/Users/shannonbowes/Research/ysg/candidates_and_lcs/2022_asassn_lc_data/pysynphot_data/grid/bosz/r2000/m-0.75/bosz2024_ms_t4250_g+0.5_m-0.75_a+0.00_c+0.00_v2_r2000_resam.txt.gz,4250,2.0,0.25,3.923784916159341,7.46410281671795,/Users/shannonbowes/Research/ysg/candidates_and_lcs/2022_asassn_lc_data/pysynphot_data/grid/bosz/r2000/m-0.75/bosz2024_ms_t4250_g+2.0_m-0.75_a+0.00_c+0.00_v2_r2000_resam.txt.gz,1000,4250.0,4250.0,0.0,4250.0,4250.0,4250.0,3.628388930050313,3.6283889300503116,1.3322676295501878e-15,3.9335710955541465,3.9337851595246107,0.007240598781346985,3.9263979645576135,3.9337851595246107,3.940640588755324,0.347,0.5,0.23149730020023992,0.0,0.5,0.5,0.20955,0.2,0.04838695588689166,0.15,0.2,0.25,47.55007662208176,1000,4299.75,4250.0,101.05660542488056,4250.0,4250.0,4500.0,3.633326138235843,3.6283889300503116,0.010022558042550742,3.9377708503284925,3.9378479835978393,0.006496910259448632,3.9312545239878074,3.9378479835978393,3.944309916022242,2.45,2.5,0.161245154965971,2.5,2.5,2.5,0.33425,0.25,0.1624944229812211,0.2,0.25,0.6,31.99950040192559
100,12.941341,-72.59816,6750,2.5,0.15,4.035233455473323,2.0599921349430987,/Users/shannonbowes/Research/ysg/candidates_and_lcs/2022_asassn_lc_data/pysynphot_data/grid/bosz/r2000/m-0.75/bosz2024_ms_t6750_g+2.5_m-0.75_a+0.00_c+0.00_v2_r2000_resam.txt.gz,7500,2.5,0.6,4.017175416447224,0.007925506669725775,/Users/shannonbowes/Research/ysg/candidates_and_lcs/2022_asassn_lc_data/pysynphot_data/grid/bosz/r2000/m-0.75/bosz2024_ap_t7500_g+2.5_m-0.75_a+0.00_c+0.00_v2_r2000_resam.txt.gz,1000,6826.0,6750.0,380.4260769190251,6750.0,6750.0,7000.0,3.8336009014797736,3.829303772831025,0.02122172304251544,4.04856134320209,4.048681933819367,0.0110438874478951,4.0377204336312005,4.048681933819367,4.0594731474185,2.488,2.5,0.07652450587883598,2.5,2.5,2.5,0.19624999999999998,0.15,0.12559234650248396,0.15,0.15,0.2,24.180646081754784,1000,6995.5,6750.0,458.50817877110984,6500.0,6750.0,7500.0,3.843910752163681,3.829303772831025,0.027897303318260885,4.023743131263419,4.023307613881151,0.010941975981023352,4.012924732882774,4.023307613881151,4.034848708501125,2.173,2.0,0.3661570701215532,2.0,2.0,2.5,0.38725,0.2,0.28904141139290057,0.15,0.2,0.8,10.764182169153871
101,12.999333,-72.766563,11500,2.5,0.8,4.4790097576389405,1.1992514748104872,/Users/shannonbowes/Research/ysg/candidates_and_lcs/2022_asassn_lc_data/pysynphot_data/grid/bosz/r2000/m-0.75/bosz2024_ap_t11500_g+2.5_m-0.75_a+0.00_c+0.00_v2_r2000_resam.txt.gz,7500,2.0,0.15,4.305130925499737,0.06562319730703021,/Users/shannonbowes/Research/ysg/candidates_and_lcs/2022_asassn_lc_data/pysynphot_data/grid/bosz/r2000/m-0.75/bosz2024_ap_t7500_g+2.0_m-0.75_a+0.00_c+0.00_v2_r2000_resam.txt.gz,1000,11448.0,11500.0,619.2099805397197,10750.0,11500.0,12000.0,4.058108155134643,4.060697840353612,0.02311970807548649,4.483639888365516,4.479884984943832,0.036066636136352095,4.4497872733361685,4.479884984943832,4.5092648787115985,2.336,2.5,0.33481935427928894,2.0,2.5,2.5,0.7923500000000001,0.8,0.07017105884907253,0.7,0.8,0.85,25.117214710000358,1000,7866.5,7750.0,448.2496514220619,7500.0,7750.0,8000.0,3.895182235092372,3.88930170250631,0.021982907130844987,4.314345648896412,4.312651329803812,0.0189832376757862,4.300709147483692,4.312651329803812,4.325532422057705,2.404,2.5,0.21043763921884315,2.0,2.5,2.5,0.2527,0.2,0.11999045795395566,0.15,0.2,0.35,6.52266298648788
102,13.001509,-73.0895,5500,2.5,0.75,4.108711858139738,1.9725438783610811,/Users/shannonbowes/Research/ysg/candidates_and_lcs/2022_asassn_lc_data/pysynphot_data/grid/bosz/r2000/m-0.75/bosz2024_ms_t5500_g+2.5_m-0.75_a+0.00_c+0.00_v2_r2000_resam.txt.gz,5750,2.5,0.5,4.17354506941922,0.019987339137989876,/Users/shannonbowes/Research/ysg/candidates_and_lcs/2022_asassn_lc_data/pysynphot_data/grid/bosz/r2000/m-0.75/bosz2024_ms_t5750_g+2.5_m-0.75_a+0.00_c+0.00_v2_r2000_resam.txt.gz,1000,5594.0,5500.0,128.60404348231046,5500.0,5500.0,5750.0,3.7476079543843146,3.7403626894942437,0.009967456772281664,4.107273400419455,4.107472533209179,0.006943340935199005,4.100237092771818,4.107472533209179,4.114122543066214,2.4985,2.5,0.02734501782775064,2.5,2.5,2.5,0.8252999999999999,0.75,0.10695751492999452,0.75,0.75,0.95,16.895879951076996,1000,5871.5,6000.0,220.48299254137495,5750.0,6000.0,6000.0,3.768440089722879,3.7781512503836434,0.016422106541880775,4.133230632430621,4.133634611212029,0.021547084607887373,4.11064517310371,4.133634611212029,4.154282244270094,1.168,1.0,0.631487133677322,0.5,1.0,2.0,0.90765,1.0,0.15874185805892535,0.8,1.0,1.0,3.6133115232964563
103,13.033491,-72.280327,4250,0.0,0.35,4.234059897727679,0.4416604076834759,/Users/shannonbowes/Research/ysg/candidates_and_lcs/2022_asassn_lc_data/pysynphot_data/grid/bosz/r2000/m-0.75/bosz2024_ms_t4250_g+0.0_m-0.75_a+0.00_c+0.00_v2_r2000_resam.txt.gz,4500,0.5,0.8,4.236458699456263,0.027276066456955322,/Users/shannonbowes/Research/ysg/candidates_and_lcs/2022_asassn_lc_data/pysynphot_data/grid/bosz/r2000/m-0.75/bosz2024_ms_t4500_g+0.5_m-0.75_a+0.00_c+0.00_v2_r2000_resam.txt.gz,1000,4274.25,4250.0,73.98944181435618,4250.0,4250.0,4250.0,3.630796817671641,3.6283889300503116,0.007346732414588189,4.231396768731009,4.231112342383145,0.007305271370582627,4.2241675359052095,4.231112342383145,4.238878716963739,0.003,0.0,0.03861346915261565,0.0,0.0,0.0,0.39285,0.35,0.1288657343904888,0.3,0.35,0.4,7.310013686870753,1000,4419.5,4500.0,136.08728816461883,4250.0,4500.0,4500.0,3.645166962788739,3.6532125137753435,0.013387462174874536,4.234944671373548,4.234875810226713,0.006991186320684362,4.227818820566938,4.234875810226713,4.2420471508435895,0.701,0.5,0.7675278496575872,0.0,0.5,1.5,0.6371999999999999,0.7,0.2088089078559629,0.4,0.7,0.85,1.4686049159857688
104,13.038654,-72.99086,9500,2.5,0.4,4.045316038783115,1.0798325966376119,/Users/shannonbowes/Research/ysg/candidates_and_lcs/2022_asassn_lc_data/pysynphot_data/grid/bosz/r2000/m-0.75/bosz2024_ap_t9500_g+2.5_m-0.75_a+0.00_c+0.00_v2_r2000_resam.txt.gz,9000,2.5,0.35,4.011038734108309,0.28613496939012045,/Users/shannonbowes/Research/ysg/candidates_and_lcs/2022_asassn_lc_data/pysynphot_data/grid/bosz/r2000/m-0.75/bosz2024_ap_t9000_g+2.5_m-0.75_a+0.00_c+0.00_v2_r2000_resam.txt.gz,1000,10036.5,10250.0,1280.543927399603,8500.0,10250.0,11250.0,3.9980342863399545,4.010723865391773,0.055624559411393826,4.065342996252576,4.066118806948275,0.060695307462899674,3.9990333539321528,4.066118806948275,4.121723739004752,2.739,3.0,0.295599391068385,2.5,3.0,3.0,0.4655500000000001,0.5,0.18039040301523807,0.2,0.5,0.65,16.094522094536334,1000,8239.5,8250.0,316.25108695465383,8000.0,8250.0,8500.0,3.9156134131336873,3.916453948549925,0.015408472359157021,3.9891807632307392,3.9874669423263125,0.021868704163731673,3.9692114413782376,3.9874669423263125,4.006315079006434,2.492,2.5,0.09453041838477179,2.5,2.5,2.5,0.17849999999999996,0.15,0.051795270054320594,0.15,0.15,0.2,9.604427311197083
105,13.048194,-73.329536,5250,1.5,0.9,4.345055466702739,1.2253218278246851,/Users/shannonbowes/Research/ysg/candidates_and_lcs/2022_asassn_lc_data/pysynphot_data/grid/bosz/r2000/m-0.75/bosz2024_ms_t5250_g+1.5_m-0.75_a+0.00_c+0.00_v2_r2000_resam.txt.gz,5250,0.5,0.85,4.357790334688053,0.028170748653196777,/Users/shannonbowes/Research/ysg/candidates_and_lcs/2022_asassn_lc_data/pysynphot_data/grid/bosz/r2000/m-0.75/bosz2024_ms_t5250_g+0.5_m-0.75_a+0.00_c+0.00_v2_r2000_resam.txt.gz,1000,4929.0,5000.0,149.4456422917711,4750.0,5000.0,5000.0,3.692559801873678,3.6989700043360187,0.013138610605831406,4.34936425085932,4.3492955468034715,0.007015949825823249,4.342381399504293,4.3492955468034715,4.356264780713332,1.5025,1.5,0.39273878087094993,1.0,1.5,2.0,0.51445,0.55,0.17179551070968066,0.3,0.55,0.65,12.987600112942863,1000,5024.0,5000.0,229.50816978922558,4750.0,5000.0,5250.0,3.7006010459591403,3.6989700043360187,0.019691095728810917,4.357640397879151,4.3575021887781995,0.007701280231854162,4.349920617009421,4.3575021887781995,4.365407375559725,2.2495,2.5,0.49749346729379273,2.0,2.5,2.5,0.5505999999999999,0.55,0.2374229138057235,0.25,0.55,0.8,5.420235888880393
106,13.050167,-72.627411,4500,0.0,0.35,4.171372520923435,9.888996438225359,/Users/shannonbowes/Research/ysg/candidates_and_lcs/2022_asassn_lc_data/pysynphot_data/grid/bosz/r2000/m-0.75/bosz2024_ms_t4500_g+0.0_m-0.75_a+0.00_c+0.00_v2_r2000_resam.txt.gz,4500,2.5,0.4,4.191974375784995,2.10784678271077,/Users/shannonbowes/Research/ysg/candidates_and_lcs/2022_asassn_lc_data/pysynphot_data/grid/bosz/r2000/m-0.75/bosz2024_ms_t4500_g+2.5_m-0.75_a+0.00_c+0.00_v2_r2000_resam.txt.gz,1000,4463.75,4500.0,88.02520945729127,4500.0,4500.0,4500.0,3.649613094135214,3.6532125137753435,0.008740404627506158,4.179221782261633,4.178979777705356,0.006661197594346159,4.1727186157222205,4.178979777705356,4.185911909353017,0.085,0.0,0.2116010396949883,0.0,0.0,0.0,0.31294999999999995,0.35,0.07193606536362689,0.3,0.35,0.35,42.28168281371501,1000,4516.5,4500.0,94.08905356097488,4500.0,4500.0,4500.0,3.6547093933068147,3.6532125137753435,0.008932683455102607,4.186824446246794,4.186857279860833,0.006317846115823729,4.180587503932455,4.186857279860833,4.192899171341237,2.495,2.5,0.058949130612757986,2.5,2.5,2.5,0.42975000000000013,0.4,0.12211649151527405,0.35,0.4,0.45,22.908014844172403
107,13.051069,-72.727928,4250,0.5,0.15,3.956507123425202,4.947716210213757,/Users/shannonbowes/Research/ysg/candidates_and_lcs/2022_asassn_lc_data/pysynphot_data/grid/bosz/r2000/m-0.75/bosz2024_ms_t4250_g+0.5_m-0.75_a+0.00_c+0.00_v2_r2000_resam.txt.gz,4250,1.0,0.2,3.953997538702953,3.3416761777382726,/Users/shannonbowes/Research/ysg/candidates_and_lcs/2022_asassn_lc_data/pysynphot_data/grid/bosz/r2000/m-0.75/bosz2024_ms_t4250_g+1.0_m-0.75_a+0.00_c+0.00_v2_r2000_resam.txt.gz,1000,4251.75,4250.0,20.84316434709471,4250.0,4250.0,4250.0,3.628562695136388,3.6283889300503116,0.0020696081410588223,3.965509343182392,3.9654090655011425,0.0065460992884568405,3.9590702014692485,3.9654090655011425,3.9721464690053123,0.5365,0.5,0.1446296995779221,0.5,0.5,0.5,0.18475,0.2,0.04625945849229107,0.15,0.2,0.2,32.3039705165885,1000,4343.75,4250.0,130.4738958566042,4250.0,4250.0,4500.0,3.637672266677565,3.6283889300503116,0.012876957501277628,3.969601175278701,3.9692794740255315,0.006385324170922738,3.9633661369314424,3.9692794740255315,3.976074557168714,2.411,2.5,0.2260066370706843,2.5,2.5,2.5,0.37660000000000005,0.25,0.20329151482538566,0.2,0.25,0.65,23.070913602759
108,13.068365,-73.705978,4250,0.0,0.15,3.981234027920741,0.35263764922079627,/Users/shannonbowes/Research/ysg/candidates_and_lcs/2022_asassn_lc_data/pysynphot_data/grid/bosz/r2000/m-0.75/bosz2024_ms_t4250_g+0.0_m-0.75_a+0.00_c+0.00_v2_r2000_resam.txt.gz,4500,1.5,0.5,3.9913014459291967,0.01858457869983954,/Users/shannonbowes/Research/ysg/candidates_and_lcs/2022_asassn_lc_data/pysynphot_data/grid/bosz/r2000/m-0.75/bosz2024_ms_t4500_g+1.5_m-0.75_a+0.00_c+0.00_v2_r2000_resam.txt.gz,1000,4281.75,4250.0,83.24324296902422,4250.0,4250.0,4250.0,3.6315415251833914,3.6283889300503116,0.008265582445538985,3.987986837641345,3.988030443001345,0.007489291420407953,3.9806473727615392,3.988030443001345,3.9957012440354225,0.04,0.0,0.13564659966250536,0.0,0.0,0.0,0.24184999999999998,0.2,0.15545442258102532,0.15,0.2,0.35,7.692850545164721,1000,4333.25,4250.0,132.31378424034284,4250.0,4250.0,4500.0,3.6366162512823585,3.6283889300503116,0.01301675613592719,3.9913714159032265,3.991591369122971,0.007491828401444084,3.9836266627339283,3.991591369122971,3.9985043868388583,0.985,0.5,0.8886928603291465,0.0,0.5,2.5,0.35590000000000005,0.25,0.20576732004864137,0.15,0.25,0.6,2.3718848501633025
109,13.079881,-71.911369,4500,0.0,0.35,3.997178352888982,3.695619857565207,/Users/shannonbowes/Research/ysg/candidates_and_lcs/2022_asassn_lc_data/pysynphot_data/grid/bosz/r2000/m-0.75/bosz2024_ms_t4500_g+0.0_m-0.75_a+0.00_c+0.00_v2_r2000_resam.txt.gz,4500,2.0,0.35,3.9956875959490503,0.010230415059736885,/Users/shannonbowes/Research/ysg/candidates_and_lcs/2022_asassn_lc_data/pysynphot_data/grid/bosz/r2000/m-0.75/bosz2024_ms_t4500_g+2.0_m-0.75_a+0.00_c+0.00_v2_r2000_resam.txt.gz,1000,4498.75,4500.0,17.633419974582356,4500.0,4500.0,4500.0,3.653088395856719,3.6532125137753435,0.00175089870839078,4.005638567321367,4.005774519749471,0.007363930625609499,3.9981970477911184,4.005774519749471,4.0129602575361565,0.0025,0.0,0.03526683994916472,0.0,0.0,0.0,0.3788,0.4,0.037155887824139006,0.35,0.4,0.4,24.07711195925027,1000,4649.0,4500.0,183.1638610643486,4500.0,4500.0,4750.0,3.667028813346443,3.6532125137753435,0.016869192875775773,4.016992774822637,4.01704588217506,0.008161352095862889,4.009065794241803,4.01704588217506,4.024723076561335,1.1235,1.0,0.9305900010208576,0.0,1.0,2.5,0.49885,0.4,0.2442768460169731,0.25,0.4,0.75,1.689053410297252
110,13.089044,-72.665497,4250,0.0,0.4,3.9695801042720222,102.14171355957473,/Users/shannonbowes/Research/ysg/candidates_and_lcs/2022_asassn_lc_data/pysynphot_data/grid/bosz/r2000/m-0.75/bosz2024_ms_t4250_g+0.0_m-0.75_a+0.00_c+0.00_v2_r2000_resam.txt.gz,4250,0.5,0.15,4.007593386964851,0.023446071341373716,/Users/shannonbowes/Research/ysg/candidates_and_lcs/2022_asassn_lc_data/pysynphot_data/grid/bosz/r2000/m-0.75/bosz2024_ms_t4250_g+0.5_m-0.75_a+0.00_c+0.00_v2_r2000_resam.txt.gz,1000,4211.25,4250.0,90.47617089598786,4250.0,4250.0,4250.0,3.624307944548348,3.6283889300503116,0.009528566237412994,3.970362068459409,3.9704302054326512,0.008004471048546341,3.962552079232621,3.9704302054326512,3.9783888524692754,0.0,0.0,0.0,0.0,0.0,0.0,0.37255000000000005,0.4,0.10236697465491496,0.3,0.4,0.45,171.9240257730323,1000,4485.75,4500.0,157.6687587951399,4250.0,4500.0,4750.0,3.6515666615884292,3.6532125137753435,0.015272117457768249,3.9837934201176384,3.9837915228354817,0.010952376967643758,3.972580351946088,3.9837915228354817,3.9951248459734225,1.1475,1.0,0.9176021741473807,0.0,1.0,2.5,0.66775,0.7,0.2362677242028627,0.35,0.7,0.9,2.2006930053650158
111,13.104091,-72.684158,12000,2.0,0.35,4.637619454525806,23.125504145434377,/Users/shannonbowes/Research/ysg/candidates_and_lcs/2022_asassn_lc_data/pysynphot_data/grid/bosz/r2000/m-0.75/bosz2024_ap_t12000_g+2.0_m-0.75_a+0.00_c+0.00_v2_r2000_resam.txt.gz,11750,2.0,0.45,4.577075779354516,0.016559448039312342,/Users/shannonbowes/Research/ysg/candidates_and_lcs/2022_asassn_lc_data/pysynphot_data/grid/bosz/r2000/m-0.75/bosz2024_ap_t11750_g+2.0_m-0.75_a+0.00_c+0.00_v2_r2000_resam.txt.gz,1000,12000.0,12000.0,0.0,12000.0,12000.0,12000.0,4.079181246047625,4.079181246047625,0.0,4.642952457941048,4.643030298945428,0.010712474119205936,4.6321036598247725,4.643030298945428,4.653995510905894,2.0,2.0,0.0,2.0,2.0,2.0,0.39135000000000003,0.4,0.032444991909384116,0.35,0.4,0.4,75.85285722881359,1000,10564.75,10375.0,1766.2445859789634,8750.0,10375.0,12500.0,4.017991235033942,4.015956582230856,0.0708389913799765,4.492314756892226,4.470937951319082,0.09745783744591704,4.39347814032243,4.470937951319082,4.604303430169403,2.6805,2.75,0.3566086790867547,2.5,2.75,3.0,0.39355000000000007,0.4,0.18964677033896463,0.15,0.4,0.6,3.780025504992757
112,13.127266,-72.319092,4250,1.0,0.3,4.085026263406881,1205.0818197396366,/Users/shannonbowes/Research/ysg/candidates_and_lcs/2022_asassn_lc_data/pysynphot_data/grid/bosz/r2000/m-0.75/bosz2024_ms_t4250_g+1.0_m-0.75_a+0.00_c+0.00_v2_r2000_resam.txt.gz,4250,2.5,0.35,4.082903357904396,1196.4828635876547,/Users/shannonbowes/Research/ysg/candidates_and_lcs/2022_asassn_lc_data/pysynphot_data/grid/bosz/r2000/m-0.75/bosz2024_ms_t4250_g+2.5_m-0.75_a+0.00_c+0.00_v2_r2000_resam.txt.gz,1000,4250.0,4250.0,0.0,4250.0,4250.0,4250.0,3.628388930050313,3.6283889300503116,1.3322676295501878e-15,4.089734764231208,4.089578545981998,0.00691153914450294,4.082998030882861,4.089578545981998,4.096434879472355,0.9915,1.0,0.23701845919674697,1.0,1.0,1.0,0.31104999999999994,0.3,0.054775884292268616,0.25,0.3,0.35,1405.896408288103,1000,4250.0,4250.0,0.0,4250.0,4250.0,4250.0,3.628388930050313,3.6283889300503116,1.3322676295501878e-15,4.089719842161492,4.089702313256776,0.006970304563720034,4.082660960209736,4.089702313256776,4.096856839854411,2.5,2.5,0.0,2.5,2.5,2.5,0.3505,0.35,0.04868007806074268,0.3,0.35,0.4,1391.6002592460306
113,13.1284,-73.220673,9750,2.0,1.0,4.5535567195946545,4.145603747854604,/Users/shannonbowes/Research/ysg/candidates_and_lcs/2022_asassn_lc_data/pysynphot_data/grid/bosz/r2000/m-0.75/bosz2024_ap_t9750_g+2.0_m-0.75_a+0.00_c+0.00_v2_r2000_resam.txt.gz,7750,2.5,0.65,4.482039088296201,0.03188164205702601,/Users/shannonbowes/Research/ysg/candidates_and_lcs/2022_asassn_lc_data/pysynphot_data/grid/bosz/r2000/m-0.75/bosz2024_ap_t7750_g+2.5_m-0.75_a+0.00_c+0.00_v2_r2000_resam.txt.gz,1000,9533.25,9500.0,330.653803093205,9500.0,9500.0,9750.0,3.978936932137536,3.9777236052888476,0.016903512432619304,4.545176871456717,4.545548116766809,0.009521312732046932,4.5361855862075755,4.545548116766809,4.554069594246505,2.0065,2.0,0.05663700203930288,2.0,2.0,2.0,0.9899000000000001,1.0,0.0899054503353384,1.0,1.0,1.0,35.5754653266755,1000,7478.25,7500.0,496.07402421412877,7000.0,7500.0,8000.0,3.8728536032856833,3.8750612633917,0.028613927181100677,4.4764251495962375,4.476186264714956,0.009554542585825604,4.467139886322925,4.476186264714956,4.48593859751001,2.3035,2.5,0.3195899716824669,2.0,2.5,2.5,0.50825,0.55,0.2315910997858078,0.2,0.55,0.75,6.1542686434188
114,13.1457,-72.433815,4750,2.5,1.0,4.489195376923326,1.8894966181136876,/Users/shannonbowes/Research/ysg/candidates_and_lcs/2022_asassn_lc_data/pysynphot_data/grid/bosz/r2000/m-0.75/bosz2024_ms_t4750_g+2.5_m-0.75_a+0.00_c+0.00_v2_r2000_resam.txt.gz,4500,1.0,0.6,4.508834881643008,0.004433930738222786,/Users/shannonbowes/Research/ysg/candidates_and_lcs/2022_asassn_lc_data/pysynphot_data/grid/bosz/r2000/m-0.75/bosz2024_ms_t4500_g+1.0_m-0.75_a+0.00_c+0.00_v2_r2000_resam.txt.gz,1000,4742.5,4750.0,42.64680527307995,4750.0,4750.0,4750.0,3.675989176749379,3.6766936096248664,0.004005574889172507,4.49662514732918,4.496804783079857,0.007003072014080577,4.489538143927544,4.496804783079857,4.503798399889909,2.169,2.0,0.3200609316989501,2.0,2.0,2.5,0.975,1.0,0.06033241251599343,0.95,1.0,1.0,18.75114390918696,1000,4563.75,4500.0,169.18462548352318,4500.0,4500.0,4750.0,3.6590202998416537,3.6532125137753435,0.01622718604195805,4.500558586427198,4.500702058327617,0.007475169522748449,4.493182585521542,4.500702058327617,4.508159491882862,1.3785,1.5,0.8197485895077832,0.5,1.5,2.5,0.6226,0.6,0.2347429232160152,0.45,0.6,0.9,1.6535383674738795
115,13.14854,-72.851479,4500,0.0,0.65,4.593040604874076,0.7556837993185933,/Users/shannonbowes/Research/ysg/candidates_and_lcs/2022_asassn_lc_data/pysynphot_data/grid/bosz/r2000/m-0.75/bosz2024_ms_t4500_g+0.0_m-0.75_a+0.00_c+0.00_v2_r2000_resam.txt.gz,4500,1.0,0.75,4.596056814888315,0.02895098555530065,/Users/shannonbowes/Research/ysg/candidates_and_lcs/2022_asassn_lc_data/pysynphot_data/grid/bosz/r2000/m-0.75/bosz2024_ms_t4500_g+1.0_m-0.75_a+0.00_c+0.00_v2_r2000_resam.txt.gz,1000,4526.0,4500.0,110.44908329180464,4500.0,4500.0,4500.0,3.655586080862043,3.6532125137753435,0.010547700872570223,4.593995443925444,4.594193991891583,0.007370629273030591,4.586535586761833,4.594193991891583,4.601382851340419,0.052,0.0,0.15746745695539763,0.0,0.0,0.0,0.6969500000000001,0.65,0.1633193114729547,0.6,0.65,0.8,14.268070651795748,1000,4568.75,4500.0,170.17913356225552,4500.0,4500.0,4750.0,3.659492606734395,3.6532125137753435,0.01631883792313068,4.598957242463528,4.598974730577282,0.007718218473565651,4.591459857345631,4.598974730577282,4.606303772563374,0.503,0.5,0.6107298911957724,0.0,0.5,1.0,0.7192999999999999,0.7,0.24426933905015585,0.55,0.7,1.0,2.009216380134716
116,13.162501,-73.009697,10250,2.5,0.85,4.1670710416811705,3.0977322031509384,/Users/shannonbowes/Research/ysg/candidates_and_lcs/2022_asassn_lc_data/pysynphot_data/grid/bosz/r2000/m-0.75/bosz2024_ap_t10250_g+2.5_m-0.75_a+0.00_c+0.00_v2_r2000_resam.txt.gz,7250,2.5,0.2,4.0745784148317865,0.1768755280230239,/Users/shannonbowes/Research/ysg/candidates_and_lcs/2022_asassn_lc_data/pysynphot_data/grid/bosz/r2000/m-0.75/bosz2024_ms_t7250_g+2.5_m-0.75_a+0.00_c+0.00_v2_r2000_resam.txt.gz,1000,10333.0,10250.0,494.7079946796898,9750.0,10250.0,11000.0,4.013731882995918,4.010723865391773,0.02069575975078228,4.171666249494769,4.167385060262861,0.02274610082184272,4.149318589498137,4.167385060262861,4.19760190563559,2.357,2.5,0.3472045506614221,2.0,2.5,2.5,0.8886499999999999,0.9,0.0725512060547583,0.8,0.9,0.95,23.164156961037747,1000,7311.25,7250.0,148.94944612183022,7250.0,7250.0,7500.0,3.863903341060174,3.8603380065709936,0.008713589149258473,4.081567328878347,4.081488099972674,0.010917307740473786,4.071415640353986,4.081488099972674,4.091972162772452,2.198,2.0,0.2707323401442835,2.0,2.0,2.5,0.18549999999999997,0.15,0.05809259849584971,0.15,0.15,0.2,8.118949796329144
117,13.163567,-72.740128,4250,0.5,0.25,4.268997642494954,6.5713047758121235,/Users/shannonbowes/Research/ysg/candidates_and_lcs/2022_asassn_lc_data/pysynphot_data/grid/bosz/r2000/m-0.75/bosz2024_ms_t4250_g+0.5_m-0.75_a+0.00_c+0.00_v2_r2000_resam.txt.gz,4250,2.0,0.25,4.272874713834866,0.5281530388507643,/Users/shannonbowes/Research/ysg/candidates_and_lcs/2022_asassn_lc_data/pysynphot_data/grid/bosz/r2000/m-0.75/bosz2024_ms_t4250_g+2.0_m-0.75_a+0.00_c+0.00_v2_r2000_resam.txt.gz,1000,4253.25,4250.0,28.318501019651446,4250.0,4250.0,4250.0,3.628711636638738,3.6283889300503116,0.0028118667241148767,4.273938846881554,4.274092507649858,0.006717276941785621,4.267123605459405,4.274092507649858,4.2810141028413895,0.43,0.5,0.18466185312619388,0.5,0.5,0.5,0.27654999999999996,0.3,0.06706412975652483,0.25,0.3,0.3,27.16059803638462,1000,4318.0,4250.0,115.65465835840769,4250.0,4250.0,4500.0,3.6351302049205167,3.6283889300503116,0.011444290662460927,4.2807047881130025,4.280833994165077,0.006095301932109783,4.2745129962115485,4.280833994165077,4.286310131974838,2.4095,2.5,0.21461535359801265,2.0,2.5,2.5,0.39189999999999997,0.3,0.1847549458066008,0.25,0.3,0.65,16.709122453510805
118,13.1687,-72.745171,4250,1.5,0.25,4.077945205295268,6.669234024766406,/Users/shannonbowes/Research/ysg/candidates_and_lcs/2022_asassn_lc_data/pysynphot_data/grid/bosz/r2000/m-0.75/bosz2024_ms_t4250_g+1.5_m-0.75_a+0.00_c+0.00_v2_r2000_resam.txt.gz,4250,1.5,0.2,4.084428470262146,1.3440777847215375,/Users/shannonbowes/Research/ysg/candidates_and_lcs/2022_asassn_lc_data/pysynphot_data/grid/bosz/r2000/m-0.75/bosz2024_ms_t4250_g+1.5_m-0.75_a+0.00_c+0.00_v2_r2000_resam.txt.gz,1000,4304.75,4250.0,103.39215395763839,4250.0,4250.0,4500.0,3.6338252948860945,3.6283889300503116,0.010266255161115302,4.088407434222456,4.088348017487757,0.006642064773903548,4.082161651756578,4.088348017487757,4.094677322187387,1.328,1.5,0.28708186985596984,1.0,1.5,1.5,0.3302999999999999,0.3,0.15665857780536627,0.2,0.3,0.6,28.90945262156246,1000,4314.5,4250.0,111.08442735145192,4250.0,4250.0,4500.0,3.634789387187744,3.6283889300503116,0.011014498286105697,4.092889737429379,4.092958574763706,0.006465293283540429,4.086822418236959,4.092958574763706,4.099154775337389,2.4185,2.5,0.20762405929949448,2.5,2.5,2.5,0.3098000000000001,0.25,0.17373531592626756,0.15,0.25,0.55,20.77322820738479
119,13.169555,-72.756119,12000,2.0,0.35,4.689087307061357,8.055319061525653,/Users/shannonbowes/Research/ysg/candidates_and_lcs/2022_asassn_lc_data/pysynphot_data/grid/bosz/r2000/m-0.75/bosz2024_ap_t12000_g+2.0_m-0.75_a+0.00_c+0.00_v2_r2000_resam.txt.gz,11750,3.0,0.5,4.5930674502302615,0.007241973625200919,/Users/shannonbowes/Research/ysg/candidates_and_lcs/2022_asassn_lc_data/pysynphot_data/grid/bosz/r2000/m-0.75/bosz2024_ap_t11750_g+3.0_m-0.75_a+0.00_c+0.00_v2_r2000_resam.txt.gz,1000,11999.75,12000.0,7.901740314639554,12000.0,12000.0,12000.0,4.079172102668185,4.079181246047625,0.0002889944397282576,4.68061065840825,4.680756990137752,0.010615821190323733,4.670066536327662,4.680756990137752,4.690962848371264,2.0,2.0,0.0,2.0,2.0,2.0,0.36169999999999997,0.35,0.033512833362758225,0.35,0.35,0.4,33.68123451226432,1000,10346.5,10000.0,1525.4303491146359,9000.0,10000.0,12000.0,4.010382458142369,4.0,0.06089699277812428,4.544273931957242,4.521539602388436,0.08623828686540831,4.466894610163117,4.521539602388436,4.637480795779543,2.579,2.5,0.3670953554595863,2.0,2.5,3.0,0.29655000000000004,0.25,0.15354347104321953,0.15,0.25,0.45,2.3859544221443882
120,13.173921,-73.065315,4250,0.0,0.35,3.987617939134212,17.00522580692767,/Users/shannonbowes/Research/ysg/candidates_and_lcs/2022_asassn_lc_data/pysynphot_data/grid/bosz/r2000/m-0.75/bosz2024_ms_t4250_g+0.0_m-0.75_a+0.00_c+0.00_v2_r2000_resam.txt.gz,4250,2.0,0.5,3.9814005847054763,5.699668876123203,/Users/shannonbowes/Research/ysg/candidates_and_lcs/2022_asassn_lc_data/pysynphot_data/grid/bosz/r2000/m-0.75/bosz2024_ms_t4250_g+2.0_m-0.75_a+0.00_c+0.00_v2_r2000_resam.txt.gz,1000,4176.75,4250.0,113.78461011929514,4000.0,4250.0,4250.0,3.620674551004664,3.6283889300503116,0.011983312109509217,3.983813850898161,3.9841553570810775,0.0075400633238131105,3.976250314712416,3.9841553570810775,3.9914414931010316,0.239,0.0,0.3088349073534273,0.0,0.0,0.5,0.31275,0.35,0.1193731020791535,0.15,0.35,0.4,50.67581822098671,1000,4331.25,4250.0,117.09371246996997,4250.0,4250.0,4500.0,3.6364565947609475,3.6283889300503116,0.011626742300692447,3.9770121279729858,3.977142144465213,0.007781452426824228,3.9691925139504303,3.977142144465213,3.984290586247496,1.8075,2.0,0.7008521598739638,1.0,2.0,2.5,0.83625,0.8,0.12978226959026415,0.7,0.8,1.0,25.36548099458366
121,13.189993,-73.073402,11500,3.0,0.7,4.476696343277367,0.7336655281690458,/Users/shannonbowes/Research/ysg/candidates_and_lcs/2022_asassn_lc_data/pysynphot_data/grid/bosz/r2000/m-0.75/bosz2024_ap_t11500_g+3.0_m-0.75_a+0.00_c+0.00_v2_r2000_resam.txt.gz,8250,2.0,0.3,4.321057071256297,0.010654789782096032,/Users/shannonbowes/Research/ysg/candidates_and_lcs/2022_asassn_lc_data/pysynphot_data/grid/bosz/r2000/m-0.75/bosz2024_ap_t8250_g+2.0_m-0.75_a+0.00_c+0.00_v2_r2000_resam.txt.gz,1000,11294.75,11250.0,684.3317452084186,10500.0,11250.0,11750.0,4.052083983670731,4.051152522447381,0.026220071068450722,4.472924722578671,4.471657768363792,0.03622640723821328,4.437625799373783,4.471657768363792,4.501151960525143,2.7625,3.0,0.3143942588534339,2.5,3.0,3.0,0.68815,0.7,0.08551068646666334,0.6,0.7,0.75,11.929733988721312,1000,8128.0,8000.0,492.68752774958693,7750.0,8000.0,8250.0,3.909290262112211,3.9030899869919438,0.02373861811239777,4.330196877284999,4.327900256966002,0.02328130706856258,4.310132615767827,4.327900256966002,4.346758065752544,2.4525,2.5,0.18301297768191196,2.5,2.5,2.5,0.22590000000000002,0.2,0.1073740657700918,0.15,0.2,0.3,5.0327660884941805
122,13.201415,-72.968979,4500,0.0,0.2,3.9846467841881807,12.50431187645859,/Users/shannonbowes/Research/ysg/candidates_and_lcs/2022_asassn_lc_data/pysynphot_data/grid/bosz/r2000/m-0.75/bosz2024_ms_t4500_g+0.0_m-0.75_a+0.00_c+0.00_v2_r2000_resam.txt.gz,4500,2.5,0.2,4.000206512364435,4.257434029950668,/Users/shannonbowes/Research/ysg/candidates_and_lcs/2022_asassn_lc_data/pysynphot_data/grid/bosz/r2000/m-0.75/bosz2024_ms_t4500_g+2.5_m-0.75_a+0.00_c+0.00_v2_r2000_resam.txt.gz,1000,4498.75,4500.0,17.633419974582356,4500.0,4500.0,4500.0,3.653088395856719,3.6532125137753435,0.0017508987083907795,3.983277746770318,3.983688723870081,0.00641310996433655,3.9767826705567337,3.983688723870081,3.98978757395916,0.017,0.0,0.10349396117648603,0.0,0.0,0.0,0.20805,0.2,0.03817980487116193,0.2,0.2,0.25,50.005210080381325,1000,4502.75,4500.0,30.494876618868293,4500.0,4500.0,4500.0,3.6534682586406744,3.6532125137753435,0.002856251291144678,3.9923719870396,3.992592788851809,0.006440339937981602,3.9857079322749867,3.992592788851809,3.9988420695179245,2.4995,2.5,0.01580348062927911,2.5,2.5,2.5,0.2713,0.25,0.06038468348844763,0.2,0.25,0.3,25.585909739601476
123,13.211746,-72.775291,9250,2.0,0.5,4.089732513727233,0.20364464405508753,/Users/shannonbowes/Research/ysg/candidates_and_lcs/2022_asassn_lc_data/pysynphot_data/grid/bosz/r2000/m-0.75/bosz2024_ap_t9250_g+2.0_m-0.75_a+0.00_c+0.00_v2_r2000_resam.txt.gz,11000,3.0,1.0,4.085950270569083,0.012283106046604722,/Users/shannonbowes/Research/ysg/candidates_and_lcs/2022_asassn_lc_data/pysynphot_data/grid/bosz/r2000/m-0.75/bosz2024_ap_t11000_g+3.0_m-0.75_a+0.00_c+0.00_v2_r2000_resam.txt.gz,1000,9938.25,10000.0,704.0059925171092,9250.0,10000.0,10500.0,3.996221522951888,4.0,0.030749736619150286,4.127194293485769,4.124784043098829,0.02173387729683823,4.105665940892426,4.124784043098829,4.14775182223024,2.6115,2.5,0.3623779104746866,2.0,2.5,3.0,0.56535,0.6,0.12910026142498704,0.45,0.6,0.7,9.557626753760914,1000,8604.5,8250.0,1090.3346963203546,7750.0,8250.0,10250.0,3.9316782814017457,3.916453948549925,0.049807625359485755,4.050365007264113,4.043154238194592,0.046615666369664695,4.012455476166314,4.043154238194592,4.08458034979258,2.541,2.5,0.23090907301359992,2.5,2.5,2.5,0.40790000000000004,0.35,0.23619396690008826,0.2,0.35,0.7,3.812325341426738
124,13.233808,-72.232277,4500,0.0,0.65,4.083726420125906,7.015756615165556,/Users/shannonbowes/Research/ysg/candidates_and_lcs/2022_asassn_lc_data/pysynphot_data/grid/bosz/r2000/m-0.75/bosz2024_ms_t4500_g+0.0_m-0.75_a+0.00_c+0.00_v2_r2000_resam.txt.gz,4500,0.0,0.5,4.075989282428133,2.2024169058775835,/Users/shannonbowes/Research/ysg/candidates_and_lcs/2022_asassn_lc_data/pysynphot_data/grid/bosz/r2000/m-0.75/bosz2024_ms_t4500_g+0.0_m-0.75_a+0.00_c+0.00_v2_r2000_resam.txt.gz,1000,4391.75,4500.0,123.87266647650723,4250.0,4500.0,4500.0,3.642463902022405,3.6532125137753435,0.012299854030090122,4.082495073918581,4.082764686635309,0.0074947002624902595,4.074872079405889,4.082764686635309,4.0897434735881175,0.0025,0.0,0.03526683994916472,0.0,0.0,0.0,0.44170000000000004,0.6,0.23544874176771471,0.15,0.6,0.65,29.352208083491014,1000,4577.75,4500.0,168.12922857135817,4500.0,4500.0,4750.0,3.6603553785273593,3.6532125137753435,0.016105716708253615,4.089102916313586,4.088956581879293,0.007876152688054035,4.081762740862672,4.088956581879293,4.097115930405699,0.1225,0.0,0.315029760498909,0.0,0.0,0.5,0.6567999999999999,0.6,0.2478986889840283,0.5,0.6,0.9,20.07892064486743
125,13.237359,-72.394661,4250,0.0,0.15,4.059478602248518,0.3005158264118191,/Users/shannonbowes/Research/ysg/candidates_and_lcs/2022_asassn_lc_data/pysynphot_data/grid/bosz/r2000/m-0.75/bosz2024_ms_t4250_g+0.0_m-0.75_a+0.00_c+0.00_v2_r2000_resam.txt.gz,4250,2.0,0.2,4.083819340803083,0.013202656150032336,/Users/shannonbowes/Research/ysg/candidates_and_lcs/2022_asassn_lc_data/pysynphot_data/grid/bosz/r2000/m-0.75/bosz2024_ms_t4250_g+2.0_m-0.75_a+0.00_c+0.00_v2_r2000_resam.txt.gz,1000,4260.5,4250.0,50.147283076952434,4250.0,4250.0,4250.0,3.6294315205667647,3.6283889300503116,0.004979341120174418,4.080006315442902,4.080402379131245,0.007170594820814035,4.072823876661869,4.080402379131245,4.087224132095468,0.005,0.0,0.049749371855330994,0.0,0.0,0.0,0.16834999999999997,0.15,0.07583388095040369,0.15,0.15,0.15,8.481643097537482,1000,4472.0,4500.0,177.73857206582932,4250.0,4500.0,4750.0,3.650159747359412,3.6532125137753435,0.01722536857590987,4.082618820091937,4.08296851282484,0.007532031158602818,4.075002028153898,4.08296851282484,4.0899971699706965,1.4275,1.5,0.7880315666266169,0.5,1.5,2.5,0.5275500000000001,0.55,0.2548695695841306,0.2,0.55,0.85,1.3727227169939402
126,13.241423,-72.580956,9250,2.5,0.65,3.9760103712200614,0.43750472396213747,/Users/shannonbowes/Research/ysg/candidates_and_lcs/2022_asassn_lc_data/pysynphot_data/grid/bosz/r2000/m-0.75/bosz2024_ap_t9250_g+2.5_m-0.75_a+0.00_c+0.00_v2_r2000_resam.txt.gz,9000,2.5,0.6,3.9716588083214037,0.012499616497647803,/Users/shannonbowes/Research/ysg/candidates_and_lcs/2022_asassn_lc_data/pysynphot_data/grid/bosz/r2000/m-0.75/bosz2024_ap_t9000_g+2.5_m-0.75_a+0.00_c+0.00_v2_r2000_resam.txt.gz,1000,9063.0,9000.0,545.3494292653106,8750.0,9000.0,9500.0,3.9564624176801617,3.9542425094393248,0.02673532083837302,3.9709455978409216,3.969694714896098,0.013519134797388132,3.95856455583853,3.969694714896098,3.9831207765227488,2.3515,2.5,0.2760393993617578,2.0,2.5,2.5,0.602,0.6,0.14005713120009278,0.55,0.6,0.7,8.666975173471156,1000,7755.75,7750.0,414.16112504676244,7500.0,7750.0,8000.0,3.8890902877583775,3.88930170250631,0.020791928762768943,3.9472394272641895,3.945114694923828,0.016776310317695914,3.9342487451344734,3.945114694923828,3.9595535691383263,2.3305,2.5,0.24293980735976556,2.0,2.5,2.5,0.2246,0.2,0.11547657771167277,0.15,0.2,0.3,4.457474546638672
127,13.245275,-73.139763,4250,0.5,0.15,4.00384202475125,23.667219315494027,/Users/shannonbowes/Research/ysg/candidates_and_lcs/2022_asassn_lc_data/pysynphot_data/grid/bosz/r2000/m-0.75/bosz2024_ms_t4250_g+0.5_m-0.75_a+0.00_c+0.00_v2_r2000_resam.txt.gz,4250,2.5,0.2,4.007882293503656,7.4302545521656,/Users/shannonbowes/Research/ysg/candidates_and_lcs/2022_asassn_lc_data/pysynphot_data/grid/bosz/r2000/m-0.75/bosz2024_ms_t4250_g+2.5_m-0.75_a+0.00_c+0.00_v2_r2000_resam.txt.gz,1000,4257.25,4250.0,41.95160902754506,4250.0,4250.0,4250.0,3.6291088139783385,3.6283889300503116,0.0041655571163802755,4.001479779145597,4.001378492915654,0.007135605186687072,3.99409998764645,4.001378492915654,4.008542808812487,0.491,0.5,0.10207350292803712,0.5,0.5,0.5,0.15714999999999998,0.15,0.03523318747998824,0.15,0.15,0.15,67.07531638242195,1000,4336.0,4250.0,118.76026271442818,4250.0,4250.0,4500.0,3.6369282428517233,3.6283889300503116,0.011792221298793572,4.011037603079744,4.011014067587935,0.00846571430946491,4.002380458152306,4.011014067587935,4.019682756244467,2.4985,2.5,0.02734501782775064,2.5,2.5,2.5,0.24414999999999998,0.15,0.12889250366099653,0.15,0.15,0.4079999999999984,38.67752326060944
128,13.249078,-73.441971,4250,0.5,0.35,4.197151209793832,0.5959015607657261,/Users/shannonbowes/Research/ysg/candidates_and_lcs/2022_asassn_lc_data/pysynphot_data/grid/bosz/r2000/m-0.75/bosz2024_ms_t4250_g+0.5_m-0.75_a+0.00_c+0.00_v2_r2000_resam.txt.gz,4250,1.5,0.35,4.192606006609598,0.051239628452357674,/Users/shannonbowes/Research/ysg/candidates_and_lcs/2022_asassn_lc_data/pysynphot_data/grid/bosz/r2000/m-0.75/bosz2024_ms_t4250_g+1.5_m-0.75_a+0.00_c+0.00_v2_r2000_resam.txt.gz,1000,4342.75,4250.0,120.76811458327897,4250.0,4250.0,4500.0,3.6375984796122993,3.6283889300503116,0.01199158961468909,4.194726893730115,4.1948183584971,0.006663661050434651,4.188364959468259,4.1948183584971,4.201317457659284,0.3485,0.5,0.24144927003410052,0.0,0.5,0.5,0.4554499999999999,0.35,0.165069068877243,0.3,0.35,0.65,8.709736618376821,1000,4503.0,4500.0,107.77754868245984,4500.0,4500.0,4500.0,3.653377490480369,3.6532125137753435,0.010400379989833147,4.198086406060146,4.1980739842791,0.0066404765710083285,4.191600296143768,4.1980739842791,4.204853068827507,1.705,2.0,0.8006091430904346,0.5,2.0,2.5,0.7562000000000001,0.75,0.1520413101758861,0.7,0.75,0.85,4.7579715942631315
129,13.256099,-72.399757,4500,0.0,0.55,4.314865659118616,0.726206402474773,/Users/shannonbowes/Research/ysg/candidates_and_lcs/2022_asassn_lc_data/pysynphot_data/grid/bosz/r2000/m-0.75/bosz2024_ms_t4500_g+0.0_m-0.75_a+0.00_c+0.00_v2_r2000_resam.txt.gz,4750,2.0,0.85,4.3078725314947235,0.005339487307847939,/Users/shannonbowes/Research/ysg/candidates_and_lcs/2022_asassn_lc_data/pysynphot_data/grid/bosz/r2000/m-0.75/bosz2024_ms_t4750_g+2.0_m-0.75_a+0.00_c+0.00_v2_r2000_resam.txt.gz,1000,4385.5,4500.0,124.55821931932071,4250.0,4500.0,4500.0,3.6418433124292795,3.6532125137753435,0.012367925543656177,4.308183633175946,4.308049605416555,0.007737971107397208,4.3006045952952965,4.308049605416555,4.31575866429484,0.0445,0.0,0.1423718722220088,0.0,0.0,0.0,0.35575,0.45,0.1785621390440874,0.15,0.45,0.55,8.992982288276776,1000,4561.75,4500.0,173.92365422793992,4500.0,4500.0,4750.0,3.6588123137567243,3.6532125137753435,0.01669721155376647,4.310865086924309,4.310875074759963,0.007717784839821361,4.303096277118605,4.310875074759963,4.318430132530291,1.3395,1.0,0.8160819505417333,0.5,1.0,2.5,0.63915,0.6,0.2435154563882958,0.45,0.6,0.9,1.647005511190434
130,13.256905,-72.508492,4500,0.0,0.5,4.251858514636544,3.261157464475783,/Users/shannonbowes/Research/ysg/candidates_and_lcs/2022_asassn_lc_data/pysynphot_data/grid/bosz/r2000/m-0.75/bosz2024_ms_t4500_g+0.0_m-0.75_a+0.00_c+0.00_v2_r2000_resam.txt.gz,4750,1.5,0.8,4.2514528221476064,0.125772230040472,/Users/shannonbowes/Research/ysg/candidates_and_lcs/2022_asassn_lc_data/pysynphot_data/grid/bosz/r2000/m-0.75/bosz2024_ms_t4750_g+1.5_m-0.75_a+0.00_c+0.00_v2_r2000_resam.txt.gz,1000,4428.0,4500.0,113.20777358467925,4250.0,4500.0,4500.0,3.6460633216625347,3.6532125137753435,0.011240890583614964,4.24729573627121,4.24735055713766,0.007222353244487832,4.240003788753047,4.24735055713766,4.254118903349169,0.1385,0.0,0.22375824007173456,0.0,0.0,0.5,0.37570000000000003,0.45,0.12980566243427133,0.2,0.45,0.5,33.554498788738776,1000,4604.75,4500.0,143.9268477387037,4500.0,4500.0,4750.0,3.662993263550405,3.6532125137753435,0.013606682111855558,4.254435384417369,4.2544909413758205,0.006355435092485826,4.247979214924426,4.2544909413758205,4.260703563923655,2.385,2.5,0.33357907608241866,2.5,2.5,2.5,0.6367,0.55,0.19050750641378936,0.45,0.55,0.85,11.32546069251265
131,13.259931,-72.498817,4750,0.0,0.3,4.032374365602283,0.48417624258160963,/Users/shannonbowes/Research/ysg/candidates_and_lcs/2022_asassn_lc_data/pysynphot_data/grid/bosz/r2000/m-0.75/bosz2024_ms_t4750_g+0.0_m-0.75_a+0.00_c+0.00_v2_r2000_resam.txt.gz,4750,1.5,0.35,4.048783179268855,0.03004570649417921,/Users/shannonbowes/Research/ysg/candidates_and_lcs/2022_asassn_lc_data/pysynphot_data/grid/bosz/r2000/m-0.75/bosz2024_ms_t4750_g+1.5_m-0.75_a+0.00_c+0.00_v2_r2000_resam.txt.gz,1000,4735.25,4750.0,58.906175397830744,4750.0,4750.0,4750.0,3.675308224969743,3.6766936096248664,0.005532726202581074,4.046055492029976,4.045996901703582,0.006789935729135931,4.039231446627645,4.045996901703582,4.053068630123391,0.03,0.0,0.11874342087037919,0.0,0.0,0.0,0.34269999999999995,0.35,0.05582750218306386,0.3,0.35,0.4,16.441545158679414,1000,4858.0,4750.0,177.37248941140788,4750.0,4750.0,5000.0,3.686174408269586,3.6766936096248664,0.015595411404732782,4.055697699895571,4.055843119829516,0.00718992875274537,4.048674666768294,4.055843119829516,4.062972474492943,1.659,2.0,0.8594876380728229,0.5,2.0,2.5,0.46264999999999995,0.4,0.20033091997991725,0.3,0.4,0.65,3.3150255679058365
132,13.268429,-72.562134,4250,2.0,0.45,4.047771154518557,1149.809678427019,/Users/shannonbowes/Research/ysg/candidates_and_lcs/2022_asassn_lc_data/pysynphot_data/grid/bosz/r2000/m-0.75/bosz2024_ms_t4250_g+2.0_m-0.75_a+0.00_c+0.00_v2_r2000_resam.txt.gz,4000,2.0,0.15,4.01893526044361,1111.3782279919706,/Users/shannonbowes/Research/ysg/candidates_and_lcs/2022_asassn_lc_data/pysynphot_data/grid/bosz/r2000/m-0.75/bosz2024_ms_t4000_g+2.0_m-0.75_a+0.00_c+0.00_v2_r2000_resam.txt.gz,1000,4010.0,4000.0,48.98979485566356,4000.0,4000.0,4000.0,3.6031131488768566,3.6020599913279625,0.005159397227100875,4.0555146623629765,4.054850698573723,0.010067122064985832,4.045677956671395,4.054850698573723,4.065317092154947,2.479,2.5,0.1051617801294748,2.5,2.5,2.5,0.16224999999999998,0.15,0.060269706320837516,0.15,0.15,0.15,1375.2143864907123,1000,4000.25,4000.0,7.901740314639554,4000.0,4000.0,4000.0,3.602086320266685,3.6020599913279625,0.000832177746176241,4.050838863305964,4.051533779589056,0.010876365077430896,4.039669097775893,4.051533779589056,4.06147113417757,2.001,2.0,0.022338307903688678,2.0,2.0,2.0,0.15864999999999999,0.15,0.023402510549084266,0.15,0.15,0.15,1326.5422749131437
133,13.279305,-72.171394,4250,0.0,0.25,3.9807493359889916,3.399383827525156,/Users/shannonbowes/Research/ysg/candidates_and_lcs/2022_asassn_lc_data/pysynphot_data/grid/bosz/r2000/m-0.75/bosz2024_ms_t4250_g+0.0_m-0.75_a+0.00_c+0.00_v2_r2000_resam.txt.gz,4750,1.0,0.9,3.9967332814064034,0.023616616407409544,/Users/shannonbowes/Research/ysg/candidates_and_lcs/2022_asassn_lc_data/pysynphot_data/grid/bosz/r2000/m-0.75/bosz2024_ms_t4750_g+1.0_m-0.75_a+0.00_c+0.00_v2_r2000_resam.txt.gz,1000,4250.0,4250.0,0.0,4250.0,4250.0,4250.0,3.628388930050313,3.6283889300503116,1.3322676295501878e-15,3.98335168148915,3.9832918144893323,0.007670390476244608,3.9760262545062286,3.9832918144893323,3.99085928002355,0.0,0.0,0.0,0.0,0.0,0.0,0.26265,0.25,0.02970652285273387,0.25,0.25,0.3,29.20307309401686,1000,4461.5,4500.0,178.93504408024717,4250.0,4500.0,4750.0,3.6491332666974667,3.6532125137753435,0.017356912616156482,3.9917723497513395,3.991672118058765,0.008198807524106561,3.983740055300192,3.991672118058765,3.999773396356563,1.15,1.0,0.8273451516749222,0.5,1.0,2.5,0.535,0.6,0.2658665078568566,0.2,0.6,0.9,1.5917008644500916
134,13.309965,-72.641273,4250,1.0,0.3,4.068596096035382,19.507458225234323,/Users/shannonbowes/Research/ysg/candidates_and_lcs/2022_asassn_lc_data/pysynphot_data/grid/bosz/r2000/m-0.75/bosz2024_ms_t4250_g+1.0_m-0.75_a+0.00_c+0.00_v2_r2000_resam.txt.gz,4250,2.5,0.15,4.070771260618549,3.8173199759197383,/Users/shannonbowes/Research/ysg/candidates_and_lcs/2022_asassn_lc_data/pysynphot_data/grid/bosz/r2000/m-0.75/bosz2024_ms_t4250_g+2.5_m-0.75_a+0.00_c+0.00_v2_r2000_resam.txt.gz,1000,4289.75,4250.0,91.41902154365907,4250.0,4250.0,4250.0,3.632335879862593,3.6283889300503116,0.009077390941398067,4.061886030990359,4.0621117990324915,0.00653911697682175,4.055438691962708,4.0621117990324915,4.068434292341516,0.7125,0.5,0.25415300509732325,0.5,0.5,1.0,0.30755,0.3,0.1501682306614818,0.2,0.3,0.4079999999999984,52.20551415837962,1000,4293.0,4250.0,95.66085928947116,4250.0,4250.0,4500.0,3.6326559014752675,3.6283889300503116,0.009485935425694147,4.072084957947738,4.072331122798574,0.006490260948320329,4.065143762849574,4.072331122798574,4.078563562549838,2.4505,2.5,0.15905895133566045,2.5,2.5,2.5,0.26465,0.2,0.14985952589008145,0.15,0.2,0.5,29.21430422491747
135,13.315513,-72.367493,11000,2.5,1.0,4.456518438911505,0.41488632629781097,/Users/shannonbowes/Research/ysg/candidates_and_lcs/2022_asassn_lc_data/pysynphot_data/grid/bosz/r2000/m-0.75/bosz2024_ap_t11000_g+2.5_m-0.75_a+0.00_c+0.00_v2_r2000_resam.txt.gz,7500,2.5,0.35,4.336011701674948,0.0067265043517736305,/Users/shannonbowes/Research/ysg/candidates_and_lcs/2022_asassn_lc_data/pysynphot_data/grid/bosz/r2000/m-0.75/bosz2024_ap_t7500_g+2.5_m-0.75_a+0.00_c+0.00_v2_r2000_resam.txt.gz,1000,10151.25,10250.0,297.59189757115365,9750.0,10250.0,10500.0,4.0063323521574175,4.010723865391773,0.012761141473390842,4.410845968548288,4.410958875134911,0.013283547157962178,4.3976069878862125,4.410958875134911,4.423531860105157,2.0765,2.0,0.19338497873413021,2.0,2.0,2.0,0.9437,0.95,0.0488396355432757,0.9,0.95,1.0,7.428555051876393,1000,7495.0,7250.0,865.5778416757213,7000.0,7250.0,7750.0,3.8722955984796616,3.8603380065709936,0.04461475189553766,4.332193289151146,4.327139222825637,0.023241486868799354,4.3157600530290905,4.327139222825637,4.342831292837144,2.0965,2.0,0.3846267671392619,1.5,2.0,2.5,0.30805,0.2,0.25342197517184656,0.15,0.2,0.5,2.4047129722297313
136,13.316536,-73.259033,11750,2.0,0.8,4.494716093153006,0.6387560407046309,/Users/shannonbowes/Research/ysg/candidates_and_lcs/2022_asassn_lc_data/pysynphot_data/grid/bosz/r2000/m-0.75/bosz2024_ap_t11750_g+2.0_m-0.75_a+0.00_c+0.00_v2_r2000_resam.txt.gz,7750,2.0,0.3,4.3124510115521915,0.017514606573358803,/Users/shannonbowes/Research/ysg/candidates_and_lcs/2022_asassn_lc_data/pysynphot_data/grid/bosz/r2000/m-0.75/bosz2024_ms_t7750_g+2.0_m-0.75_a+0.00_c+0.00_v2_r2000_resam.txt.gz,1000,11994.0,12000.0,390.7863866615622,11750.0,12000.0,12000.0,4.078747734425292,4.079181246047625,0.013494252710655326,4.5086397238507026,4.504459934864021,0.029243886670367217,4.49213180865331,4.504459934864021,4.513962461110382,2.0575,2.0,0.22900600428809725,2.0,2.0,2.0,0.897,0.9,0.039446165846632034,0.85,0.9,0.9079999999999984,12.677953490897073,1000,8853.75,8500.0,1268.9260961537516,7750.0,8500.0,10500.0,3.943012580734563,3.929418925714293,0.05862009348202377,4.342685812927577,4.324610647723022,0.049062706914464675,4.307298253574749,4.324610647723022,4.389916811600059,2.544,2.5,0.2967557918558625,2.5,2.5,3.0,0.5299,0.5,0.24197311834168686,0.25,0.5,0.85,3.0936879213313953
137,13.327935,-72.551033,9750,2.5,1.0,4.084218152409247,0.4527101286491827,/Users/shannonbowes/Research/ysg/candidates_and_lcs/2022_asassn_lc_data/pysynphot_data/grid/bosz/r2000/m-0.75/bosz2024_ap_t9750_g+2.5_m-0.75_a+0.00_c+0.00_v2_r2000_resam.txt.gz,9000,2.5,0.9,4.043831833063441,0.048090459803467045,/Users/shannonbowes/Research/ysg/candidates_and_lcs/2022_asassn_lc_data/pysynphot_data/grid/bosz/r2000/m-0.75/bosz2024_ap_t9000_g+2.5_m-0.75_a+0.00_c+0.00_v2_r2000_resam.txt.gz,1000,7156.75,7000.0,491.6725917722077,7000.0,7000.0,7250.0,3.853868642784646,3.845098040014257,0.02587479242888049,4.041624260186691,4.039637273933485,0.011962804764344208,4.032064136712406,4.039637273933485,4.050168011857113,1.999,2.0,0.39999874999804685,1.5,2.0,2.5,0.1965,0.15,0.14530227114536098,0.15,0.15,0.2,10.006039681147865,1000,7041.75,7000.0,235.73170660732086,7000.0,7000.0,7250.0,3.8474572520076546,3.845098040014257,0.013649820296284533,4.028732489762905,4.029585991218102,0.012963572309023124,4.016390112213295,4.029585991218102,4.04030701999264,2.145,2.0,0.36397115270306796,1.5,2.0,2.5,0.19574999999999998,0.15,0.09856184606631514,0.15,0.15,0.2,5.304879075852577
138,13.329248,-71.703796,4250,0.0,0.15,4.142933553927006,4.5086182183857035,/Users/shannonbowes/Research/ysg/candidates_and_lcs/2022_asassn_lc_data/pysynphot_data/grid/bosz/r2000/m-0.75/bosz2024_ms_t4250_g+0.0_m-0.75_a+0.00_c+0.00_v2_r2000_resam.txt.gz,4500,0.0,0.2,4.1494784440204295,1.5500480679827562,/Users/shannonbowes/Research/ysg/candidates_and_lcs/2022_asassn_lc_data/pysynphot_data/grid/bosz/r2000/m-0.75/bosz2024_ms_t4500_g+0.0_m-0.75_a+0.00_c+0.00_v2_r2000_resam.txt.gz,1000,4250.25,4250.0,7.901740314639554,4250.0,4250.0,4250.0,3.6284137536340375,3.6283889300503116,0.0007845980490956597,4.141857108795637,4.14172872851804,0.006840820278464155,4.13515513766946,4.14172872851804,4.148610190255496,0.0,0.0,0.0,0.0,0.0,0.0,0.15334999999999996,0.15,0.01847369751836378,0.15,0.15,0.15,33.35307373906023,1000,4583.5,4500.0,156.21379580562018,4500.0,4500.0,4750.0,3.660948355637238,3.6532125137753435,0.014655924163341001,4.157077747247777,4.156776332517089,0.011754657057085519,4.145690272207876,4.156776332517089,4.168806202241622,0.341,0.0,0.6532373228773751,0.0,0.0,1.0,0.512,0.45,0.22691628412258122,0.3,0.45,0.8,19.106499739265168
139,13.33919,-72.287971,6250,2.0,0.25,4.549020235309261,0.30974951970388365,/Users/shannonbowes/Research/ysg/candidates_and_lcs/2022_asassn_lc_data/pysynphot_data/grid/bosz/r2000/m-0.75/bosz2024_ms_t6250_g+2.0_m-0.75_a+0.00_c+0.00_v2_r2000_resam.txt.gz,6750,2.0,0.55,4.535310357345755,0.03365147972828804,/Users/shannonbowes/Research/ysg/candidates_and_lcs/2022_asassn_lc_data/pysynphot_data/grid/bosz/r2000/m-0.75/bosz2024_ms_t6750_g+2.0_m-0.75_a+0.00_c+0.00_v2_r2000_resam.txt.gz,1000,6326.25,6250.0,135.08677766532148,6250.0,6250.0,6500.0,3.8010491013739216,3.7958800173440754,0.009149848254600657,4.5409664385888,4.540697935598902,0.006243392327274888,4.5346687498276275,4.540697935598902,4.5473961779452186,2.3015,2.5,0.28956475959619116,2.0,2.5,2.5,0.28135000000000004,0.25,0.08157620670268997,0.2,0.25,0.4,6.68522959535124,1000,6450.25,6250.0,364.98279069019134,6250.0,6250.0,6750.0,3.808915268306601,3.7958800173440754,0.023671275819773126,4.541622798487737,4.541954666551983,0.009979618458270995,4.531120846444403,4.541954666551983,4.551223859124963,2.0635,2.0,0.4315295470764429,1.5,2.0,2.5,0.35580000000000006,0.25,0.2362654439396502,0.15,0.25,0.6,4.049594931512723
140,13.339863,-71.844383,9250,2.0,0.85,4.053196207548433,0.22512478297837418,/Users/shannonbowes/Research/ysg/candidates_and_lcs/2022_asassn_lc_data/pysynphot_data/grid/bosz/r2000/m-0.75/bosz2024_ap_t9250_g+2.0_m-0.75_a+0.00_c+0.00_v2_r2000_resam.txt.gz,9500,2.0,0.7,4.100503449639401,0.0025918419134264973,/Users/shannonbowes/Research/ysg/candidates_and_lcs/2022_asassn_lc_data/pysynphot_data/grid/bosz/r2000/m-0.75/bosz2024_ap_t9500_g+2.0_m-0.75_a+0.00_c+0.00_v2_r2000_resam.txt.gz,1000,9861.75,9750.0,508.3792260704601,9250.0,9750.0,10500.0,3.993370524951727,3.989004615698537,0.022581259790017294,4.079158286679294,4.077519517836597,0.019092504069111407,4.060216900801231,4.077519517836597,4.0994990063483945,2.46,2.5,0.38392707640904933,2.0,2.5,3.0,0.8994500000000001,0.9,0.08313962653271903,0.8,0.9,1.0,4.285020470655076,1000,9686.25,9500.0,1639.7784720809088,8000.0,9500.0,11500.0,3.980011753808421,3.9777236052888476,0.07294958222815036,4.074849996984213,4.053967144631159,0.11844079579418841,3.9625066187535896,4.053967144631159,4.200617644079256,2.4875,2.5,0.4081589763805275,2.0,2.5,3.0,0.8563,1.0,0.26846845252282436,0.6,1.0,1.0,2.7633851500818154
141,13.345563,-72.413216,4500,2.0,0.5,4.162131472313393,0.30989120723962993,/Users/shannonbowes/Research/ysg/candidates_and_lcs/2022_asassn_lc_data/pysynphot_data/grid/bosz/r2000/m-0.75/bosz2024_ms_t4500_g+2.0_m-0.75_a+0.00_c+0.00_v2_r2000_resam.txt.gz,4750,0.5,0.65,4.168488472261684,0.02867984714759834,/Users/shannonbowes/Research/ysg/candidates_and_lcs/2022_asassn_lc_data/pysynphot_data/grid/bosz/r2000/m-0.75/bosz2024_ms_t4750_g+0.5_m-0.75_a+0.00_c+0.00_v2_r2000_resam.txt.gz,1000,4723.0,4750.0,94.9789450352024,4750.0,4750.0,4750.0,3.6741286006590586,3.6766936096248664,0.008848345597943315,4.167629583248605,4.167525788859427,0.007152388083014035,4.160605415230052,4.167525788859427,4.1750425106607905,1.7005,1.5,0.45831184798126257,1.5,1.5,2.0,0.7825,0.8,0.12047302602657577,0.75,0.8,0.85,7.900000327965047,1000,4675.5,4750.0,155.56268832853203,4500.0,4750.0,4750.0,3.669586957859336,3.6766936096248664,0.014483887011379632,4.170409287315475,4.170307287647654,0.0076726042723024475,4.1629477907877845,4.170307287647654,4.177630828037379,1.4455,1.5,0.8557334573335321,0.5,1.5,2.5,0.6589,0.75,0.19542464020690944,0.44200000000000017,0.75,0.8,2.9682088545847893
142,13.348422,-72.783722,4750,2.5,0.85,4.448586193582275,33.60980076122211,/Users/shannonbowes/Research/ysg/candidates_and_lcs/2022_asassn_lc_data/pysynphot_data/grid/bosz/r2000/m-0.75/bosz2024_ms_t4750_g+2.5_m-0.75_a+0.00_c+0.00_v2_r2000_resam.txt.gz,4500,2.5,0.55,4.448797024118763,0.6796398850038542,/Users/shannonbowes/Research/ysg/candidates_and_lcs/2022_asassn_lc_data/pysynphot_data/grid/bosz/r2000/m-0.75/bosz2024_ms_t4500_g+2.5_m-0.75_a+0.00_c+0.00_v2_r2000_resam.txt.gz,1000,4750.0,4750.0,0.0,4750.0,4750.0,4750.0,3.6766936096248646,3.6766936096248664,1.7763568394002505e-15,4.461418566501969,4.461279013937672,0.007545327314818508,4.4543475632110905,4.461279013937672,4.468828863299798,2.5,2.5,0.0,2.5,2.5,2.5,0.8674,0.85,0.03165817429985501,0.85,0.85,0.9,81.89422077527814,1000,4348.25,4250.0,128.0993266961228,4250.0,4250.0,4500.0,3.638128488599744,3.6283889300503116,0.012669755644514452,4.4500017486455885,4.4497230370510685,0.006348223712249469,4.443854004145742,4.4497230370510685,4.456540974862226,2.401,2.5,0.23280678684265196,2.0,2.5,2.5,0.4256999999999999,0.3,0.20004876905394842,0.25,0.3,0.65,20.313371673796997
143,13.350006,-73.11042,4000,0.0,1.0,3.5669802509843977,31.507055672905167,/Users/shannonbowes/Research/ysg/candidates_and_lcs/2022_asassn_lc_data/pysynphot_data/grid/bosz/r2000/m-0.75/bosz2024_ms_t4000_g+0.0_m-0.75_a+0.00_c+0.00_v2_r2000_resam.txt.gz,4000,0.0,1.0,3.5669802509843977,30.552603879934168,/Users/shannonbowes/Research/ysg/candidates_and_lcs/2022_asassn_lc_data/pysynphot_data/grid/bosz/r2000/m-0.75/bosz2024_ms_t4000_g+0.0_m-0.75_a+0.00_c+0.00_v2_r2000_resam.txt.gz,1000,4000.0,4000.0,0.0,4000.0,4000.0,4000.0,3.6020599913279625,3.6020599913279625,0.0,3.5318467055149037,3.531558303474979,0.02219788724205815,3.509424901681098,3.531558303474979,3.554484835250611,0.0005,0.0,0.01580348062927911,0.0,0.0,0.0,0.9325999999999999,0.95,0.06505566846939627,0.85,0.95,1.0,87.22381978644846,1000,4009.25,4000.0,47.19043865021812,4000.0,4000.0,4000.0,3.603034162060689,3.6020599913279625,0.004969896670009468,3.5414152645233443,3.5403272372988943,0.020160833968949365,3.521107020475601,3.5403272372988943,3.560672921360803,0.1065,0.0,0.44934146258719554,0.0,0.0,0.0,0.8573999999999999,0.85,0.10409245890072921,0.75,0.85,1.0,79.29230018505427
144,13.358685,-72.489899,8000,2.5,0.3,3.859843697901556,0.1564405459000459,/Users/shannonbowes/Research/ysg/candidates_and_lcs/2022_asassn_lc_data/pysynphot_data/grid/bosz/r2000/m-0.75/bosz2024_ap_t8000_g+2.5_m-0.75_a+0.00_c+0.00_v2_r2000_resam.txt.gz,8750,2.5,0.55,3.87824417140366,0.009434700326121833,/Users/shannonbowes/Research/ysg/candidates_and_lcs/2022_asassn_lc_data/pysynphot_data/grid/bosz/r2000/m-0.75/bosz2024_ap_t8750_g+2.5_m-0.75_a+0.00_c+0.00_v2_r2000_resam.txt.gz,1000,9296.25,9250.0,1539.9832588375757,7750.0,9250.0,11000.0,3.962635590660593,3.9661417327390325,0.06941096649473748,3.918465279999614,3.8987910204549348,0.0697188942599139,3.861102320431249,3.8987910204549348,3.9864865606793893,2.3675,2.5,0.3744245584894239,2.0,2.5,3.0,0.5223500000000001,0.55,0.2580852136407663,0.2,0.55,0.8,5.328099670803382,1000,8391.0,7750.0,1338.1401271914688,7500.0,7750.0,9000.0,3.9192774406536395,3.88930170250631,0.059835062663303,3.8843560953535343,3.8658419051374056,0.061948575275408334,3.85120296528064,3.8658419051374056,3.8948299757751763,2.406,2.5,0.29943947635540646,2.0,2.5,2.5,0.34945000000000004,0.25,0.23375670578616564,0.15,0.25,0.6,2.955774407205337
145,13.378453,-73.231285,5000,2.5,0.95,4.087791153968955,73.21749517341975,/Users/shannonbowes/Research/ysg/candidates_and_lcs/2022_asassn_lc_data/pysynphot_data/grid/bosz/r2000/m-0.75/bosz2024_ms_t5000_g+2.5_m-0.75_a+0.00_c+0.00_v2_r2000_resam.txt.gz,4250,0.0,0.15,4.058788436658504,0.016620389045119206,/Users/shannonbowes/Research/ysg/candidates_and_lcs/2022_asassn_lc_data/pysynphot_data/grid/bosz/r2000/m-0.75/bosz2024_ms_t4250_g+0.0_m-0.75_a+0.00_c+0.00_v2_r2000_resam.txt.gz,1000,5000.0,5000.0,0.0,5000.0,5000.0,5000.0,3.698970004336019,3.6989700043360187,4.440892098500626e-16,4.097405526597644,4.0970140877797485,0.00895959995097479,4.088292617304783,4.0970140877797485,4.106534893340252,2.5,2.5,0.0,2.5,2.5,2.5,0.9717999999999999,0.95,0.029321664345667704,0.95,0.95,1.0,135.70074120767245,1000,4428.0,4500.0,166.78129391511507,4250.0,4500.0,4500.0,3.645902223117474,3.6532125137753435,0.01625228845504192,4.058720259368789,4.058608038233553,0.008784582127778193,4.050255495717355,4.058608038233553,4.0671432216633105,1.44,1.5,0.8330066026148892,0.5,1.5,2.5,0.4703,0.5,0.2466635562866959,0.2,0.5,0.7,1.4555206521579145
146,13.378894,-72.532722,4250,0.0,0.4,4.383386085211915,2.7953442233653116,/Users/shannonbowes/Research/ysg/candidates_and_lcs/2022_asassn_lc_data/pysynphot_data/grid/bosz/r2000/m-0.75/bosz2024_ms_t4250_g+0.0_m-0.75_a+0.00_c+0.00_v2_r2000_resam.txt.gz,4250,1.5,0.5,4.39720495433405,0.3588180334687948,/Users/shannonbowes/Research/ysg/candidates_and_lcs/2022_asassn_lc_data/pysynphot_data/grid/bosz/r2000/m-0.75/bosz2024_ms_t4250_g+1.5_m-0.75_a+0.00_c+0.00_v2_r2000_resam.txt.gz,1000,4253.25,4250.0,39.39463796000669,4250.0,4250.0,4250.0,3.6287026045087543,3.6283889300503116,0.003971005198902719,4.386268817203283,4.386228342868582,0.007160676693990272,4.378849634693161,4.386228342868582,4.393376123173687,0.022,0.0,0.10254754994635416,0.0,0.0,0.0,0.38915,0.4,0.0779087767841339,0.35,0.4,0.4,19.149698093267602,1000,4429.75,4500.0,112.92669082196645,4250.0,4500.0,4500.0,3.6462355813936127,3.6532125137753435,0.011218808817853743,4.389913641724599,4.389768692987138,0.007133395357688887,4.382922037838109,4.389768692987138,4.396873313113115,2.1145,2.5,0.5715240589861462,1.5,2.5,2.5,0.77325,0.85,0.18284402505961192,0.5,0.85,0.95,12.91588863283348
147,13.405291,-72.398819,10250,2.5,0.95,4.325790587222171,0.13504597792388212,/Users/shannonbowes/Research/ysg/candidates_and_lcs/2022_asassn_lc_data/pysynphot_data/grid/bosz/r2000/m-0.75/bosz2024_ap_t10250_g+2.5_m-0.75_a+0.00_c+0.00_v2_r2000_resam.txt.gz,8500,2.5,0.7,4.259095380263739,0.014800574545643711,/Users/shannonbowes/Research/ysg/candidates_and_lcs/2022_asassn_lc_data/pysynphot_data/grid/bosz/r2000/m-0.75/bosz2024_ap_t8500_g+2.5_m-0.75_a+0.00_c+0.00_v2_r2000_resam.txt.gz,1000,10184.5,10250.0,385.79107039951043,9750.0,10250.0,10500.0,4.007629517910344,4.010723865391773,0.01639794325280843,4.3244050292799034,4.322513396976157,0.01733431061543314,4.307506976904827,4.322513396976157,4.341690599001842,2.226,2.0,0.32314702536152173,2.0,2.0,2.5,0.9301,0.95,0.05544357492081476,0.85,0.95,1.0,5.073010911767678,1000,8652.0,7500.0,1616.1748049019945,7250.0,7500.0,10750.0,3.9298459668390007,3.8750612633917,0.07860376436824258,4.284265753115516,4.258286655737999,0.05439128408528085,4.2405279158694915,4.258286655737999,4.3488074449308085,2.2205,2.0,0.37031034282072106,2.0,2.0,2.5,0.5461000000000001,0.4,0.37218918576444426,0.15,0.4,1.0,2.6275717348547816
148,13.407487,-72.422089,4500,1.0,0.4,3.9823902299903313,0.22418760051684625,/Users/shannonbowes/Research/ysg/candidates_and_lcs/2022_asassn_lc_data/pysynphot_data/grid/bosz/r2000/m-0.75/bosz2024_ms_t4500_g+1.0_m-0.75_a+0.00_c+0.00_v2_r2000_resam.txt.gz,4500,2.0,0.45,3.985514081660895,0.0277877756255116,/Users/shannonbowes/Research/ysg/candidates_and_lcs/2022_asassn_lc_data/pysynphot_data/grid/bosz/r2000/m-0.75/bosz2024_ms_t4500_g+2.0_m-0.75_a+0.00_c+0.00_v2_r2000_resam.txt.gz,1000,4512.0,4500.0,131.2669036733936,4500.0,4500.0,4500.0,3.654186184777597,3.6532125137753435,0.01259175516713436,3.9891830020967407,3.989001431556024,0.00775489595515057,3.981202171062902,3.989001431556024,3.9972610648745652,0.979,1.0,0.37021480251335165,0.5,1.0,1.0,0.4358,0.45,0.16187451930430558,0.3,0.45,0.55,4.788091906151671,1000,4556.5,4500.0,148.09709652791983,4500.0,4500.0,4750.0,3.6584037204522963,3.6532125137753435,0.014037488880509872,3.9903519497002855,3.9899359938707084,0.007392776005064332,3.982934144335838,3.9899359938707084,3.997678819055886,1.8505,2.0,0.7374955932071731,1.0,2.0,2.5,0.513,0.45,0.1870721785835617,0.4,0.45,0.75,2.493611159249537
149,13.407679,-72.54425,6750,2.5,0.15,4.416811352972745,8.918857100852723,/Users/shannonbowes/Research/ysg/candidates_and_lcs/2022_asassn_lc_data/pysynphot_data/grid/bosz/r2000/m-0.75/bosz2024_ms_t6750_g+2.5_m-0.75_a+0.00_c+0.00_v2_r2000_resam.txt.gz,6750,1.5,0.35,4.375864403169913,0.08024711359985702,/Users/shannonbowes/Research/ysg/candidates_and_lcs/2022_asassn_lc_data/pysynphot_data/grid/bosz/r2000/m-0.75/bosz2024_ms_t6750_g+1.5_m-0.75_a+0.00_c+0.00_v2_r2000_resam.txt.gz,1000,6712.0,6750.0,89.7552226892675,6750.0,6750.0,6750.0,3.8268124295704227,3.829303772831025,0.005884501819755594,4.405817793764958,4.405789207659921,0.0071884637579128895,4.398854838354056,4.405789207659921,4.41293468231334,2.5,2.5,0.0,2.5,2.5,2.5,0.17095,0.15,0.0251713626965248,0.15,0.15,0.2,32.23380189313727,1000,6567.75,6500.0,217.88170528982005,6500.0,6500.0,6500.0,3.817193568519403,3.8129133566428557,0.013683878671937802,4.377927998908814,4.378365751515089,0.008529734924275714,4.369572360253747,4.378365751515089,4.3858177085811,2.1485,2.0,0.3790748606805785,2.0,2.0,2.5,0.20754999999999998,0.15,0.12798631762809648,0.15,0.15,0.25,5.559023571384165
150,13.412949,-72.393631,4250,0.5,0.2,4.100507212765616,0.5382987560253069,/Users/shannonbowes/Research/ysg/candidates_and_lcs/2022_asassn_lc_data/pysynphot_data/grid/bosz/r2000/m-0.75/bosz2024_ms_t4250_g+0.5_m-0.75_a+0.00_c+0.00_v2_r2000_resam.txt.gz,4500,1.0,0.55,4.10986855833044,0.006979156383084926,/Users/shannonbowes/Research/ysg/candidates_and_lcs/2022_asassn_lc_data/pysynphot_data/grid/bosz/r2000/m-0.75/bosz2024_ms_t4500_g+1.0_m-0.75_a+0.00_c+0.00_v2_r2000_resam.txt.gz,1000,4415.75,4500.0,118.17122111580298,4250.0,4500.0,4500.0,3.6448469660600087,3.6532125137753435,0.011733732805029573,4.101702649915338,4.101615583038596,0.008249230045042067,4.093061981889531,4.101615583038596,4.109646497110649,0.1555,0.0,0.23145139878600868,0.0,0.0,0.5,0.37535,0.45,0.13867183383802206,0.2,0.45,0.5,9.736299461098248,1000,4456.5,4500.0,157.2664935706268,4250.0,4500.0,4500.0,3.6487240567348747,3.6532125137753435,0.015303216679216924,4.104169845635411,4.103790797343539,0.007481666892180481,4.096857349380398,4.103790797343539,4.111940629589554,1.407,1.5,0.7952050050144303,0.5,1.5,2.5,0.45805000000000007,0.5,0.22266049829280452,0.15,0.5,0.6,1.799488005459963
151,13.415298,-72.535828,5000,2.5,0.75,4.647489398375063,97.15947557175377,/Users/shannonbowes/Research/ysg/candidates_and_lcs/2022_asassn_lc_data/pysynphot_data/grid/bosz/r2000/m-0.75/bosz2024_ms_t5000_g+2.5_m-0.75_a+0.00_c+0.00_v2_r2000_resam.txt.gz,4500,2.5,0.3,4.605153835204394,26.200238125736814,/Users/shannonbowes/Research/ysg/candidates_and_lcs/2022_asassn_lc_data/pysynphot_data/grid/bosz/r2000/m-0.75/bosz2024_ms_t4500_g+2.5_m-0.75_a+0.00_c+0.00_v2_r2000_resam.txt.gz,1000,4994.5,5000.0,53.33619783974107,5000.0,5000.0,5000.0,3.6984668785046786,3.6989700043360187,0.004691138990038767,4.652112290381344,4.651950429968133,0.007886782730588463,4.644213080490757,4.651950429968133,4.659913328966692,2.5,2.5,0.0,2.5,2.5,2.5,0.7482,0.75,0.07160139663442328,0.7,0.75,0.8,185.54765148893122,1000,4492.75,4500.0,41.95160902754506,4500.0,4500.0,4500.0,3.652492629847318,3.6532125137753435,0.004165557116380276,4.610228421295593,4.6102055926759595,0.006802336959098217,4.6036426960897305,4.6102055926759595,4.6168979305543285,2.5,2.5,0.0,2.5,2.5,2.5,0.3165,0.3,0.05880263599533613,0.25,0.3,0.35,65.17135800098684
152,13.417728,-72.409355,5000,0.0,0.2,4.026258415804359,0.7795054035922365,/Users/shannonbowes/Research/ysg/candidates_and_lcs/2022_asassn_lc_data/pysynphot_data/grid/bosz/r2000/m-0.75/bosz2024_ms_t5000_g+0.0_m-0.75_a+0.00_c+0.00_v2_r2000_resam.txt.gz,5000,0.0,0.15,4.040602027353277,0.01487533439181465,/Users/shannonbowes/Research/ysg/candidates_and_lcs/2022_asassn_lc_data/pysynphot_data/grid/bosz/r2000/m-0.75/bosz2024_ms_t5000_g+0.0_m-0.75_a+0.00_c+0.00_v2_r2000_resam.txt.gz,1000,5002.5,5000.0,27.271780286589287,5000.0,5000.0,5000.0,3.6991809114137366,3.6989700043360187,0.002293635487556555,4.023780700120135,4.023626126035792,0.006854789783442468,4.017407165568514,4.023626126035792,4.030369717657869,0.0,0.0,0.0,0.0,0.0,0.0,0.22595,0.2,0.04784451379207443,0.2,0.2,0.25,8.866818551367427,1000,5360.75,5250.0,278.247978429314,5000.0,5250.0,5750.0,3.728640699246667,3.720159303405957,0.022538236413768925,4.036996641700178,4.036963775714274,0.008270415451342735,4.028421207458208,4.036963775714274,4.045598472679879,1.416,1.5,0.8760388119255904,0.5,1.5,2.5,0.5556000000000001,0.55,0.2696732096445622,0.2,0.55,0.9,1.380809245578493
153,13.42474,-72.908089,4500,0.5,0.35,3.9508004507411516,2.844289129797856,/Users/shannonbowes/Research/ysg/candidates_and_lcs/2022_asassn_lc_data/pysynphot_data/grid/bosz/r2000/m-0.75/bosz2024_ms_t4500_g+0.5_m-0.75_a+0.00_c+0.00_v2_r2000_resam.txt.gz,4500,2.5,0.45,3.9558736350151467,0.0881346335984646,/Users/shannonbowes/Research/ysg/candidates_and_lcs/2022_asassn_lc_data/pysynphot_data/grid/bosz/r2000/m-0.75/bosz2024_ms_t4500_g+2.5_m-0.75_a+0.00_c+0.00_v2_r2000_resam.txt.gz,1000,4428.5,4500.0,112.97234174788093,4250.0,4500.0,4500.0,3.6461129688299847,3.6532125137753435,0.011217513535965758,3.9548384430640797,3.954795893345816,0.006588364545703615,3.948621236546425,3.954795893345816,3.9613816115482927,0.5465,0.5,0.369577799657934,0.0,0.5,1.0,0.29175,0.3,0.10947345568675541,0.15,0.3,0.4,25.40166955984622,1000,4533.5,4500.0,116.20133389940065,4500.0,4500.0,4750.0,3.656292269585616,3.6532125137753435,0.011056516558061261,3.958864215400333,3.9589701322191297,0.006425040583506583,3.9524942213666496,3.9589701322191297,3.965084731095639,2.4895,2.5,0.07835655684114763,2.5,2.5,2.5,0.4801,0.45,0.15769904882401797,0.4,0.45,0.7,15.94141443738839
154,13.427622,-72.287094,6000,1.5,0.35,4.744384557676369,0.3931162129096123,/Users/shannonbowes/Research/ysg/candidates_and_lcs/2022_asassn_lc_data/pysynphot_data/grid/bosz/r2000/m-0.75/bosz2024_ms_t6000_g+1.5_m-0.75_a+0.00_c+0.00_v2_r2000_resam.txt.gz,6250,1.5,0.65,4.717392552692789,0.0927653870379754,/Users/shannonbowes/Research/ysg/candidates_and_lcs/2022_asassn_lc_data/pysynphot_data/grid/bosz/r2000/m-0.75/bosz2024_ms_t6250_g+1.5_m-0.75_a+0.00_c+0.00_v2_r2000_resam.txt.gz,1000,6122.0,6000.0,304.53407034353313,5750.0,6000.0,6500.0,3.7863641620603294,3.7781512503836434,0.021360213539377455,4.74260114330843,4.742539692167368,0.011250465601518843,4.731219662699656,4.742539692167368,4.753965208979788,1.999,2.0,0.5239265215657631,1.5,2.0,2.5,0.4343,0.4,0.1905479204819617,0.2,0.4,0.65,9.448273011046288,1000,6212.75,6250.0,387.5241121530375,5750.0,6250.0,6750.0,3.7924489384511424,3.7958800173440754,0.026854758240400605,4.733783305659465,4.734136145261468,0.02240186969661185,4.711271639796767,4.734136145261468,4.755740553594354,1.9015,2.0,0.4295902117134421,1.5,2.0,2.5,0.547,0.5,0.2992674389237827,0.2,0.5,0.95,7.480731097222652
155,13.433085,-72.089363,11750,3.0,0.75,4.351136670321871,2.6598402106416406,/Users/shannonbowes/Research/ysg/candidates_and_lcs/2022_asassn_lc_data/pysynphot_data/grid/bosz/r2000/m-0.75/bosz2024_ap_t11750_g+3.0_m-0.75_a+0.00_c+0.00_v2_r2000_resam.txt.gz,7750,2.0,0.15,4.170015462348573,1.3787162490950324,/Users/shannonbowes/Research/ysg/candidates_and_lcs/2022_asassn_lc_data/pysynphot_data/grid/bosz/r2000/m-0.75/bosz2024_ap_t7750_g+2.0_m-0.75_a+0.00_c+0.00_v2_r2000_resam.txt.gz,1000,10565.25,10500.0,595.1301853376284,10000.0,10500.0,11250.0,4.023207265309195,4.021189299069938,0.024029437419654964,4.291320005752746,4.283283629812529,0.0280064875337615,4.266360582570873,4.283283629812529,4.3212180512071745,2.241,2.0,0.35414545034491124,2.0,2.0,2.5,0.64365,0.65,0.07922864065475312,0.55,0.65,0.75,19.641368086760767,1000,11776.5,11750.0,1087.6799851059134,11500.0,11750.0,12000.0,4.068888056954779,4.0700378666077555,0.04470538847057544,4.361092996517342,4.359445648424774,0.06235258701210155,4.330442208336777,4.359445648424774,4.383035175826677,2.094,2.0,0.2892472990366548,2.0,2.0,2.0,0.74945,0.75,0.14398679626965802,0.7,0.75,0.85,17.465623196392123
156,13.440647,-72.894165,4500,0.0,0.75,4.646680881423931,6.470289182557903,/Users/shannonbowes/Research/ysg/candidates_and_lcs/2022_asassn_lc_data/pysynphot_data/grid/bosz/r2000/m-0.75/bosz2024_ms_t4500_g+0.0_m-0.75_a+0.00_c+0.00_v2_r2000_resam.txt.gz,4500,0.5,0.65,4.642121718160347,0.46265010589160305,/Users/shannonbowes/Research/ysg/candidates_and_lcs/2022_asassn_lc_data/pysynphot_data/grid/bosz/r2000/m-0.75/bosz2024_ms_t4500_g+0.5_m-0.75_a+0.00_c+0.00_v2_r2000_resam.txt.gz,1000,4499.0,4500.0,22.338307903688676,4500.0,4500.0,4500.0,3.6531105344646932,3.6532125137753435,0.0021885122340325374,4.635163462579278,4.635216958481904,0.007120075391085818,4.627922440557183,4.635216958481904,4.64241507764789,0.072,0.0,0.17554486605993352,0.0,0.0,0.0,0.7175999999999999,0.7,0.06826595051707696,0.65,0.7,0.75,31.77494523092496,1000,4659.25,4750.0,121.76591271780457,4500.0,4750.0,4750.0,3.6681659443678623,3.6766936096248664,0.011450551790635626,4.642801426945007,4.642852345627759,0.006714527481997413,4.636099904884623,4.642852345627759,4.649245726369229,0.9075,0.5,0.788792589975337,0.0,0.5,2.0,0.8986,1.0,0.12956866905236003,0.75,1.0,1.0,12.105396727037522
157,13.442446,-72.531502,4250,0.0,0.15,4.092668389410857,5.05745002717592,/Users/shannonbowes/Research/ysg/candidates_and_lcs/2022_asassn_lc_data/pysynphot_data/grid/bosz/r2000/m-0.75/bosz2024_ms_t4250_g+0.0_m-0.75_a+0.00_c+0.00_v2_r2000_resam.txt.gz,4250,1.5,0.3,4.09772637557806,0.5209436421063993,/Users/shannonbowes/Research/ysg/candidates_and_lcs/2022_asassn_lc_data/pysynphot_data/grid/bosz/r2000/m-0.75/bosz2024_ms_t4250_g+1.5_m-0.75_a+0.00_c+0.00_v2_r2000_resam.txt.gz,1000,4248.75,4250.0,17.633419974582356,4250.0,4250.0,4250.0,3.6282572853567014,3.6283889300503116,0.0018570769359049007,4.09187857734211,4.091776657850646,0.007023713430883844,4.084691265892119,4.091776657850646,4.098853690614331,0.2575,0.5,0.2587349029412151,0.0,0.5,0.5,0.2691,0.25,0.1010949553637569,0.15,0.25,0.4,24.813720311673045,1000,4280.0,4250.0,82.00609733428362,4250.0,4250.0,4250.0,3.631366254742319,3.6283889300503116,0.00814801804588131,4.098371542816039,4.0982594042355345,0.006623905033793077,4.0916509512773835,4.0982594042355345,4.104856382421347,2.435,2.5,0.19563997546513848,2.5,2.5,2.5,0.37545,0.35,0.14403054363571638,0.25,0.35,0.45,13.94769982278218
158,13.446713,-73.248802,6750,2.5,0.15,4.015987574383327,1.9246669594245558,/Users/shannonbowes/Research/ysg/candidates_and_lcs/2022_asassn_lc_data/pysynphot_data/grid/bosz/r2000/m-0.75/bosz2024_ms_t6750_g+2.5_m-0.75_a+0.00_c+0.00_v2_r2000_resam.txt.gz,7250,2.0,0.6,3.9682788377705505,0.020051329473524265,/Users/shannonbowes/Research/ysg/candidates_and_lcs/2022_asassn_lc_data/pysynphot_data/grid/bosz/r2000/m-0.75/bosz2024_ms_t7250_g+2.0_m-0.75_a+0.00_c+0.00_v2_r2000_resam.txt.gz,1000,6996.75,6750.0,659.1107171788364,6750.0,6750.0,7000.0,3.8432663823197037,3.829303772831025,0.03607949462463158,4.016296276724169,4.014994471601518,0.010231416632615599,4.007043130484319,4.014994471601518,4.0252183558968015,2.4615,2.5,0.13329572386239552,2.5,2.5,2.5,0.22669999999999998,0.15,0.22451527787658462,0.15,0.15,0.2,17.606844449725724,1000,7214.25,7000.0,555.6837567357894,6750.0,7000.0,7750.0,3.8569192771465524,3.845098040014257,0.03313717719757118,3.975928595611095,3.9746946754594905,0.02115861619974709,3.956277299219533,3.9746946754594905,3.997542272966009,2.208,2.5,0.40464305257844235,2.0,2.5,2.5,0.5161500000000001,0.45,0.31059890131808254,0.15,0.45,0.95,2.7036073575572526
159,13.470145,-71.632614,4500,0.0,0.25,4.256880466645366,0.1932146496373418,/Users/shannonbowes/Research/ysg/candidates_and_lcs/2022_asassn_lc_data/pysynphot_data/grid/bosz/r2000/m-0.75/bosz2024_ms_t4500_g+0.0_m-0.75_a+0.00_c+0.00_v2_r2000_resam.txt.gz,4500,0.0,0.4,4.251011796483036,0.008461142989422568,/Users/shannonbowes/Research/ysg/candidates_and_lcs/2022_asassn_lc_data/pysynphot_data/grid/bosz/r2000/m-0.75/bosz2024_ms_t4500_g+0.0_m-0.75_a+0.00_c+0.00_v2_r2000_resam.txt.gz,1000,4575.75,4500.0,115.97170991237475,4500.0,4500.0,4750.0,3.6603246008419976,3.6532125137753435,0.010900275509089235,4.259518893784881,4.259473409450479,0.00913102054973689,4.250446480354535,4.259473409450479,4.268885546434803,0.0565,0.0,0.16142413078595158,0.0,0.0,0.0,0.40685000000000004,0.25,0.23174463855718433,0.2,0.25,0.75,6.408303319676373,1000,4752.75,4750.0,199.8247669834748,4500.0,4750.0,5000.0,3.6765610592609836,3.6766936096248664,0.01826238445659701,4.272247042037528,4.272083669980753,0.01130688059787453,4.261314707301781,4.272083669980753,4.2836786695813185,1.242,1.0,0.9433641926636817,0.0,1.0,2.5,0.60115,0.6,0.26858178921885223,0.25,0.6,0.9,1.2841910070585265
160,13.477901,-72.437256,4250,0.0,0.15,3.964243972636968,0.3665096315761964,/Users/shannonbowes/Research/ysg/candidates_and_lcs/2022_asassn_lc_data/pysynphot_data/grid/bosz/r2000/m-0.75/bosz2024_ms_t4250_g+0.0_m-0.75_a+0.00_c+0.00_v2_r2000_resam.txt.gz,4500,0.5,0.75,3.963596223232311,0.005982883823925282,/Users/shannonbowes/Research/ysg/candidates_and_lcs/2022_asassn_lc_data/pysynphot_data/grid/bosz/r2000/m-0.75/bosz2024_ms_t4500_g+0.5_m-0.75_a+0.00_c+0.00_v2_r2000_resam.txt.gz,1000,4263.75,4250.0,56.99506557588999,4250.0,4250.0,4250.0,3.62975422715519,3.6283889300503116,0.005659287128947156,3.9629563698119914,3.9631753206862346,0.007461169553412542,3.955360416760499,3.9631753206862346,3.970259718129005,0.003,0.0,0.03861346915261565,0.0,0.0,0.0,0.21285,0.2,0.10328299714861107,0.15,0.2,0.25,6.9680595756862775,1000,4525.25,4500.0,169.3367576753494,4250.0,4500.0,4750.0,3.655337086687052,3.6532125137753435,0.016309721565503123,3.96651316609976,3.9664558332515143,0.008901973057879124,3.9576345959543215,3.9664558332515143,3.975533340040075,0.7825,0.5,0.8142135776318152,0.0,0.5,1.5,0.66965,0.7,0.24934188877924224,0.35,0.7,0.95,1.4486614120053483
161,13.485679,-72.911011,4250,0.0,0.25,4.276233870033067,3.0956736480818043,/Users/shannonbowes/Research/ysg/candidates_and_lcs/2022_asassn_lc_data/pysynphot_data/grid/bosz/r2000/m-0.75/bosz2024_ms_t4250_g+0.0_m-0.75_a+0.00_c+0.00_v2_r2000_resam.txt.gz,4500,2.5,0.85,4.2767839073989,0.17180770902119497,/Users/shannonbowes/Research/ysg/candidates_and_lcs/2022_asassn_lc_data/pysynphot_data/grid/bosz/r2000/m-0.75/bosz2024_ms_t4500_g+2.5_m-0.75_a+0.00_c+0.00_v2_r2000_resam.txt.gz,1000,4247.5,4250.0,29.47456530637899,4250.0,4250.0,4250.0,3.628122629953095,3.6283889300503116,0.0030789707772357175,4.27247720737791,4.2725144045667145,0.007041450649086458,4.265343217201665,4.2725144045667145,4.2795038398300305,0.239,0.0,0.26244809010545306,0.0,0.0,0.5,0.31305000000000005,0.25,0.10120374251973095,0.2,0.25,0.45,19.80889879579719,1000,4347.25,4250.0,123.91504145986475,4250.0,4250.0,4500.0,3.638039771300726,3.6283889300503116,0.012295497591320622,4.275933405779541,4.275714159067131,0.007359091173108259,4.268825086968838,4.275714159067131,4.283419634060647,2.375,2.5,0.27087820141163077,2.0,2.5,2.5,0.5822,0.5,0.22203188960147147,0.35,0.5,0.85,10.8850087667708
162,13.495741,-72.362373,4500,0.5,0.65,4.06230551863113,0.44676957282005364,/Users/shannonbowes/Research/ysg/candidates_and_lcs/2022_asassn_lc_data/pysynphot_data/grid/bosz/r2000/m-0.75/bosz2024_ms_t4500_g+0.5_m-0.75_a+0.00_c+0.00_v2_r2000_resam.txt.gz,4250,1.5,0.25,4.060378498091413,0.024312929278303246,/Users/shannonbowes/Research/ysg/candidates_and_lcs/2022_asassn_lc_data/pysynphot_data/grid/bosz/r2000/m-0.75/bosz2024_ms_t4250_g+1.5_m-0.75_a+0.00_c+0.00_v2_r2000_resam.txt.gz,1000,4403.25,4500.0,139.4702029108727,4250.0,4500.0,4500.0,3.643556114822363,3.6532125137753435,0.013726890367527356,4.061154383895483,4.060994777414735,0.008009693974085814,4.053382084049999,4.060994777414735,4.069214416686318,0.481,0.5,0.2865990230269461,0.0,0.5,0.5,0.44505,0.5,0.2035755326653967,0.2,0.5,0.65,9.636858403105867,1000,4465.25,4500.0,177.7777756076389,4250.0,4500.0,4750.0,3.649502935477591,3.6532125137753435,0.017240466665618272,4.0648165403079135,4.064645107647015,0.007312520463785569,4.057763805905344,4.064645107647015,4.072011397992541,1.921,2.0,0.6657769896894905,1.0,2.0,2.5,0.5587000000000001,0.6,0.2574379731119712,0.25,0.6,0.9,4.103730891890484
163,13.495896,-72.262009,7250,2.5,0.15,4.061255727733075,0.2892593066997036,/Users/shannonbowes/Research/ysg/candidates_and_lcs/2022_asassn_lc_data/pysynphot_data/grid/bosz/r2000/m-0.75/bosz2024_ms_t7250_g+2.5_m-0.75_a+0.00_c+0.00_v2_r2000_resam.txt.gz,10000,2.0,1.0,4.088204049061953,0.005078502676213769,/Users/shannonbowes/Research/ysg/candidates_and_lcs/2022_asassn_lc_data/pysynphot_data/grid/bosz/r2000/m-0.75/bosz2024_ap_t10000_g+2.0_m-0.75_a+0.00_c+0.00_v2_r2000_resam.txt.gz,1000,9224.75,9500.0,875.7425063910053,8750.0,9500.0,9750.0,3.9627381186215325,3.9777236052888476,0.04525639785070563,4.0642368717775295,4.0643850917678535,0.010161536617916505,4.0551068789836675,4.0643850917678535,4.073858821153268,2.0895,2.0,0.1968241601023614,2.0,2.0,2.5,0.8567,1.0,0.2975989079281038,0.7920000000000003,1.0,1.0,8.533944867591217,1000,7561.25,7000.0,1099.8572350537138,6750.0,7000.0,8750.0,3.874463010551278,3.845098040014257,0.05836222996909784,4.006318398801851,4.0011006133139,0.04523740114898545,3.9681460490498948,4.0011006133139,4.038831287403652,1.9875,2.0,0.42789455476787736,1.5,2.0,2.5,0.4386500000000001,0.2,0.3652789037160509,0.15,0.2,1.0,4.113112515004496
164,13.507475,-72.317116,4500,0.0,0.2,4.104702720693011,13.379352449020786,/Users/shannonbowes/Research/ysg/candidates_and_lcs/2022_asassn_lc_data/pysynphot_data/grid/bosz/r2000/m-0.75/bosz2024_ms_t4500_g+0.0_m-0.75_a+0.00_c+0.00_v2_r2000_resam.txt.gz,4500,0.0,0.2,4.098495719060769,12.00101647075423,/Users/shannonbowes/Research/ysg/candidates_and_lcs/2022_asassn_lc_data/pysynphot_data/grid/bosz/r2000/m-0.75/bosz2024_ms_t4500_g+0.0_m-0.75_a+0.00_c+0.00_v2_r2000_resam.txt.gz,1000,4525.25,4500.0,76.15732072493097,4500.0,4500.0,4500.0,3.655582899755007,3.6532125137753435,0.007145617021432,4.0991424359847,4.0987859171545065,0.007155095222770704,4.0920849768581435,4.0987859171545065,4.1063053018427675,0.0125,0.0,0.07806247497997998,0.0,0.0,0.0,0.24640000000000004,0.2,0.13728452207004255,0.15,0.2,0.25,45.341327478464365,1000,4675.0,4750.0,185.06755523321746,4500.0,4750.0,5000.0,3.6694456863776246,3.6766936096248664,0.017027052113694853,4.102625959393776,4.103082341543834,0.007854072834704372,4.094681548536193,4.103082341543834,4.110480925178666,0.076,0.0,0.2919314988143623,0.0,0.0,0.0,0.44705,0.5,0.25414326176391144,0.2,0.5,0.8,42.338966401508735
165,13.511337,-73.25885,10750,3.0,0.9,4.374001989245899,0.6059020190306031,/Users/shannonbowes/Research/ysg/candidates_and_lcs/2022_asassn_lc_data/pysynphot_data/grid/bosz/r2000/m-0.75/bosz2024_ap_t10750_g+3.0_m-0.75_a+0.00_c+0.00_v2_r2000_resam.txt.gz,7250,2.0,0.25,4.258212199224934,0.025027348368533372,/Users/shannonbowes/Research/ysg/candidates_and_lcs/2022_asassn_lc_data/pysynphot_data/grid/bosz/r2000/m-0.75/bosz2024_ms_t7250_g+2.0_m-0.75_a+0.00_c+0.00_v2_r2000_resam.txt.gz,1000,10129.5,10000.0,448.02873791755815,9750.0,10000.0,10500.0,4.005167447824222,4.0,0.019068224390352478,4.349166438399439,4.345650033300908,0.01928988491936072,4.331255949825397,4.345650033300908,4.36826124818073,2.267,2.0,0.31258758772542455,2.0,2.0,2.5,0.87525,0.9,0.070497783653105,0.8,0.9,0.95,13.542717221247061,1000,7440.25,7250.0,491.2916012919415,7250.0,7250.0,7500.0,3.870764518679741,3.8603380065709936,0.025846912879759057,4.270306845884669,4.269784203417104,0.014314519302421403,4.258893140380462,4.269784203417104,4.279408095367722,2.2015,2.0,0.2952079775344833,2.0,2.0,2.5,0.24484999999999998,0.2,0.1561440921072584,0.15,0.2,0.35,3.314776470729556
166,13.525363,-73.061119,4500,0.0,0.35,4.100923114517744,5.6737890756976945,/Users/shannonbowes/Research/ysg/candidates_and_lcs/2022_asassn_lc_data/pysynphot_data/grid/bosz/r2000/m-0.75/bosz2024_ms_t4500_g+0.0_m-0.75_a+0.00_c+0.00_v2_r2000_resam.txt.gz,4500,2.5,0.5,4.093867903004579,1.2126076534466166,/Users/shannonbowes/Research/ysg/candidates_and_lcs/2022_asassn_lc_data/pysynphot_data/grid/bosz/r2000/m-0.75/bosz2024_ms_t4500_g+2.5_m-0.75_a+0.00_c+0.00_v2_r2000_resam.txt.gz,1000,4362.5,4250.0,124.87493743742176,4250.0,4250.0,4500.0,3.639558200238701,3.6283889300503116,0.01239527990562586,4.094574117917273,4.094764981311904,0.007322850983197115,4.0868338644544675,4.094764981311904,4.101866819388596,0.5525,0.5,0.39050448140834443,0.0,0.5,1.0,0.27115,0.2,0.13322979208870664,0.15,0.2,0.45,27.643073089027656,1000,4500.5,4500.0,129.90284831365324,4500.0,4500.0,4500.0,3.653079582591725,3.6532125137753435,0.012551482939169474,4.103448062499104,4.103292635807932,0.007504017793227879,4.096107243531919,4.103292635807932,4.110642560140047,2.486,2.5,0.0938296328459192,2.5,2.5,2.5,0.46725000000000005,0.45,0.1894332006275563,0.3,0.45,0.6,18.85109290667175
167,13.531955,-72.380341,6250,2.0,0.15,4.109313194111674,0.27235641555141243,/Users/shannonbowes/Research/ysg/candidates_and_lcs/2022_asassn_lc_data/pysynphot_data/grid/bosz/r2000/m-0.75/bosz2024_ms_t6250_g+2.0_m-0.75_a+0.00_c+0.00_v2_r2000_resam.txt.gz,6750,2.5,0.55,4.096098157922207,0.031598930851717714,/Users/shannonbowes/Research/ysg/candidates_and_lcs/2022_asassn_lc_data/pysynphot_data/grid/bosz/r2000/m-0.75/bosz2024_ms_t6750_g+2.5_m-0.75_a+0.00_c+0.00_v2_r2000_resam.txt.gz,1000,6459.0,6250.0,321.23822935634547,6250.0,6250.0,6750.0,3.8096569556574598,3.7958800173440754,0.020729209295464558,4.099421191087328,4.099016190527825,0.01301664200589563,4.086609491422255,4.099016190527825,4.11130420392576,1.988,2.5,0.6011289379159849,1.0,2.5,2.5,0.31455,0.25,0.21046566822168408,0.15,0.25,0.5,9.000786418144047,1000,6455.75,6250.0,366.71438136511637,6250.0,6250.0,6750.0,3.809278687831429,3.7958800173440754,0.023812336891499728,4.0955180613836,4.097365456380073,0.03446780890506026,4.059872212008708,4.097365456380073,4.133418917120046,1.908,2.0,0.6269258329340083,1.0,2.0,2.5,0.334,0.2,0.26031519356349525,0.15,0.2,0.6,7.162871860281415
168,13.540397,-72.374336,4500,0.0,0.5,4.103691473348037,11.608199603662687,/Users/shannonbowes/Research/ysg/candidates_and_lcs/2022_asassn_lc_data/pysynphot_data/grid/bosz/r2000/m-0.75/bosz2024_ms_t4500_g+0.0_m-0.75_a+0.00_c+0.00_v2_r2000_resam.txt.gz,4250,1.5,0.2,4.11085819828409,4.561820817151916,/Users/shannonbowes/Research/ysg/candidates_and_lcs/2022_asassn_lc_data/pysynphot_data/grid/bosz/r2000/m-0.75/bosz2024_ms_t4250_g+1.5_m-0.75_a+0.00_c+0.00_v2_r2000_resam.txt.gz,1000,4474.5,4500.0,120.82942522415638,4250.0,4500.0,4500.0,3.6505851915962295,3.6532125137753435,0.01178338889450002,4.108180061506586,4.108594699748674,0.00810079092734002,4.099709268239527,4.108594699748674,4.115872955003678,0.1835,0.0,0.2501554516695569,0.0,0.0,0.5,0.4921500000000001,0.5,0.18059866417003198,0.25,0.5,0.65,41.15691249228266,1000,4397.75,4500.0,139.57950243499224,4250.0,4500.0,4500.0,3.6430126809561636,3.6532125137753435,0.013742578099341355,4.112043277407328,4.112014335273619,0.007675772069370927,4.104324368419169,4.112014335273619,4.119964599749578,0.7085,0.5,0.7558291804369556,0.0,0.5,1.5,0.34505,0.4,0.17589200521911166,0.15,0.4,0.5,29.83397274933952
169,13.567612,-72.239929,10000,2.5,0.65,4.050535922874243,0.13269941668666682,/Users/shannonbowes/Research/ysg/candidates_and_lcs/2022_asassn_lc_data/pysynphot_data/grid/bosz/r2000/m-0.75/bosz2024_ap_t10000_g+2.5_m-0.75_a+0.00_c+0.00_v2_r2000_resam.txt.gz,10250,2.5,0.55,4.1132099120344,0.006349829021734326,/Users/shannonbowes/Research/ysg/candidates_and_lcs/2022_asassn_lc_data/pysynphot_data/grid/bosz/r2000/m-0.75/bosz2024_ap_t10250_g+2.5_m-0.75_a+0.00_c+0.00_v2_r2000_resam.txt.gz,1000,9841.75,9750.0,559.59309993959,9250.0,9750.0,10500.0,3.9923792291827467,3.989004615698537,0.024462885629978812,4.0539097450427395,4.050703923063867,0.021803625028429686,4.033074598169308,4.050703923063867,4.07680516081694,2.4415,2.5,0.3934815751722055,2.0,2.5,3.0,0.5931000000000001,0.6,0.09587695239211559,0.5,0.6,0.7,4.38051708198362,1000,10240.0,10250.0,2056.945551053795,8000.0,10250.0,12000.0,4.001568769389746,4.010723865391773,0.08703799335547936,4.134321457971351,4.125655493399252,0.12010805314343896,4.0033753478662994,4.125655493399252,4.2664969794789185,2.281,2.0,0.3860556954637504,2.0,2.0,3.0,0.4455,0.45,0.2758799557778709,0.15,0.45,0.75,2.0664091748639155
170,13.59046,-72.508453,14000,3.0,0.75,4.425256426975505,0.5509698617171918,/Users/shannonbowes/Research/ysg/candidates_and_lcs/2022_asassn_lc_data/pysynphot_data/grid/bosz/r2000/m-0.75/bosz2024_ap_t14000_g+3.0_m-0.75_a+0.00_c+0.00_v2_r2000_resam.txt.gz,8250,2.0,0.2,4.086228588304318,0.0019865539214727035,/Users/shannonbowes/Research/ysg/candidates_and_lcs/2022_asassn_lc_data/pysynphot_data/grid/bosz/r2000/m-0.75/bosz2024_ap_t8250_g+2.0_m-0.75_a+0.00_c+0.00_v2_r2000_resam.txt.gz,1000,11892.25,11750.0,830.4079946026532,11250.0,11750.0,13000.0,4.074260354830636,4.0700378666077555,0.02914289456222082,4.3081687120562675,4.294506592940273,0.048091257833178004,4.27211510223487,4.294506592940273,4.365182720718676,2.2265,2.0,0.38658472551304973,2.0,2.0,3.0,0.5565,0.55,0.07973550024926161,0.5,0.55,0.65,10.022187866638905,1000,8806.75,8500.0,972.0298027838447,8250.0,8500.0,9500.0,3.942549427918087,3.929418925714293,0.04273590702356732,4.1330101673115935,4.118652722818233,0.04914606196047068,4.100296306154976,4.118652722818233,4.16263136426776,2.3465,2.5,0.28229018757300084,2.0,2.5,2.5,0.23725,0.2,0.1346474563443365,0.15,0.2,0.35,2.4917154574296876
171,13.610954,-72.679138,6750,2.0,1.0,3.928067543503936,1.1944193862635135,/Users/shannonbowes/Research/ysg/candidates_and_lcs/2022_asassn_lc_data/pysynphot_data/grid/bosz/r2000/m-0.75/bosz2024_ms_t6750_g+2.0_m-0.75_a+0.00_c+0.00_v2_r2000_resam.txt.gz,6500,2.0,1.0,3.9109278476718585,0.1158815277403526,/Users/shannonbowes/Research/ysg/candidates_and_lcs/2022_asassn_lc_data/pysynphot_data/grid/bosz/r2000/m-0.75/bosz2024_ms_t6500_g+2.0_m-0.75_a+0.00_c+0.00_v2_r2000_resam.txt.gz,1000,6152.75,6250.0,328.98318726038264,5750.0,6250.0,6500.0,3.788452537402578,3.7958800173440754,0.023108248965593513,3.9295717785042394,3.929609632257815,0.005940207969876908,3.923822773260817,3.929609632257815,3.935533357360657,1.2245,1.0,0.49633632750384094,0.5,1.0,1.5,0.5774,0.6,0.24133843456855353,0.25,0.6,0.85,12.425835624096369,1000,6006.75,6000.0,335.43544460894407,5750.0,6000.0,6500.0,3.7779808123952447,3.7781512503836434,0.02375931412969845,3.931193078818783,3.931812787452067,0.011929773010982213,3.9189672168369256,3.931812787452067,3.943040442406795,1.971,2.0,0.3551886822521236,1.5,2.0,2.5,0.45815,0.4,0.26176530996295133,0.2,0.4,0.8,9.207126649648096
172,13.611973,-72.883247,4250,0.0,0.4,4.671541312422316,14.902795519744684,/Users/shannonbowes/Research/ysg/candidates_and_lcs/2022_asassn_lc_data/pysynphot_data/grid/bosz/r2000/m-0.75/bosz2024_ms_t4250_g+0.0_m-0.75_a+0.00_c+0.00_v2_r2000_resam.txt.gz,4750,0.5,1.0,4.68251046494357,0.32774349565208194,/Users/shannonbowes/Research/ysg/candidates_and_lcs/2022_asassn_lc_data/pysynphot_data/grid/bosz/r2000/m-0.75/bosz2024_ms_t4750_g+0.5_m-0.75_a+0.00_c+0.00_v2_r2000_resam.txt.gz,1000,4284.75,4250.0,86.48663191499597,4250.0,4250.0,4250.0,3.631839408188092,3.6283889300503116,0.008587632593751676,4.6768007378655385,4.677203931872313,0.007812485601124551,4.669183324793551,4.677203931872313,4.684571093150602,0.0,0.0,0.0,0.0,0.0,0.0,0.46570000000000006,0.4,0.16318244390865091,0.4,0.4,0.45,44.294244580959884,1000,4634.75,4750.0,126.60938946223538,4500.0,4750.0,4750.0,3.6658634544867335,3.6766936096248664,0.011908317747633047,4.690803140798312,4.690809645277959,0.0074798787524622675,4.683512906906024,4.690809645277959,4.69807723027549,0.478,0.0,0.6530819244168377,0.0,0.0,1.0,0.8646,0.95,0.14426309299332246,0.7,0.95,1.0,10.76321329920377
173,13.620808,-72.742271,6750,2.5,0.15,4.409063904364618,3.1663323985155083,/Users/shannonbowes/Research/ysg/candidates_and_lcs/2022_asassn_lc_data/pysynphot_data/grid/bosz/r2000/m-0.75/bosz2024_ms_t6750_g+2.5_m-0.75_a+0.00_c+0.00_v2_r2000_resam.txt.gz,7000,2.5,0.25,4.406388708609284,0.058223387685117166,/Users/shannonbowes/Research/ysg/candidates_and_lcs/2022_asassn_lc_data/pysynphot_data/grid/bosz/r2000/m-0.75/bosz2024_ms_t7000_g+2.5_m-0.75_a+0.00_c+0.00_v2_r2000_resam.txt.gz,1000,6958.75,6750.0,680.3388402112582,6750.0,6750.0,6750.0,3.8407880728956725,3.829303772831025,0.037237525859735304,4.411714378087663,4.41064170215871,0.009342872395993664,4.403249509189135,4.41064170215871,4.418519850278528,2.4595,2.5,0.13641755752101706,2.5,2.5,2.5,0.22104999999999994,0.15,0.2315046381824779,0.15,0.15,0.15,25.169498655855495,1000,7158.25,7000.0,471.7196598616598,6750.0,7000.0,7750.0,3.853878835640884,3.845098040014257,0.028283122414701028,4.387098873741998,4.386986544318207,0.009703133212841867,4.377321935035979,4.386986544318207,4.39674976171074,2.2405,2.5,0.35904003954990865,2.0,2.5,2.5,0.44455000000000006,0.45,0.24331624997110243,0.2,0.45,0.7,5.445121120489833
174,13.627097,-72.570183,4500,2.5,1.0,4.352520496586611,0.5356818965219684,/Users/shannonbowes/Research/ysg/candidates_and_lcs/2022_asassn_lc_data/pysynphot_data/grid/bosz/r2000/m-0.75/bosz2024_ms_t4500_g+2.5_m-0.75_a+0.00_c+0.00_v2_r2000_resam.txt.gz,4500,2.5,0.85,4.347768686447337,0.07689536811848041,/Users/shannonbowes/Research/ysg/candidates_and_lcs/2022_asassn_lc_data/pysynphot_data/grid/bosz/r2000/m-0.75/bosz2024_ms_t4500_g+2.5_m-0.75_a+0.00_c+0.00_v2_r2000_resam.txt.gz,1000,4445.5,4500.0,103.22184846242583,4250.0,4500.0,4500.0,3.647800972523287,3.6532125137753435,0.010249344790238332,4.352774074852374,4.352789329054845,0.0072346905755328525,4.345551013626947,4.352789329054845,4.360002841096505,1.906,2.0,0.40885694319651705,1.5,2.0,2.5,0.8503000000000001,0.9,0.16121386416806713,0.6,0.9,1.0,11.115902871492485,1000,4455.25,4500.0,99.67415663049275,4250.0,4500.0,4500.0,3.648760874494188,3.6532125137753435,0.009884663565556626,4.351977253031709,4.351968926065089,0.008322691408148706,4.343978055526341,4.351968926065089,4.359994727657895,1.9655,2.5,0.7487053826439342,1.0,2.5,2.5,0.8645499999999999,0.95,0.16932453307184991,0.7,0.95,1.0,9.39890799764388
175,13.638384,-72.180771,4250,0.0,0.3,4.125176827288272,6.447705965283194,/Users/shannonbowes/Research/ysg/candidates_and_lcs/2022_asassn_lc_data/pysynphot_data/grid/bosz/r2000/m-0.75/bosz2024_ms_t4250_g+0.0_m-0.75_a+0.00_c+0.00_v2_r2000_resam.txt.gz,4500,0.0,0.55,4.133062130927909,1.2356526331278883,/Users/shannonbowes/Research/ysg/candidates_and_lcs/2022_asassn_lc_data/pysynphot_data/grid/bosz/r2000/m-0.75/bosz2024_ms_t4500_g+0.0_m-0.75_a+0.00_c+0.00_v2_r2000_resam.txt.gz,1000,4320.0,4250.0,112.24972160321825,4250.0,4250.0,4500.0,3.635339533493321,3.6283889300503116,0.011145761449316043,4.124449712852002,4.124465002001017,0.0073587620860234475,4.11731580937021,4.124465002001017,4.132019610445121,0.006,0.0,0.0544426303552648,0.0,0.0,0.0,0.4503999999999999,0.35,0.19997459838689516,0.3,0.35,0.75,27.74235389127796,1000,4407.25,4500.0,149.86639883576305,4250.0,4500.0,4500.0,3.6439183874772003,3.6532125137753435,0.014689802169008071,4.1416889678642015,4.141114999677056,0.012493288758704863,4.129746562309342,4.141114999677056,4.1540491830078,0.3235,0.0,0.6656558795654103,0.0,0.0,0.5,0.41170000000000007,0.4,0.2373880999544838,0.15,0.4,0.65,22.727539803752183
176,13.648799,-72.665016,6750,2.5,0.2,4.132483752496656,1.9202061875545209,/Users/shannonbowes/Research/ysg/candidates_and_lcs/2022_asassn_lc_data/pysynphot_data/grid/bosz/r2000/m-0.75/bosz2024_ms_t6750_g+2.5_m-0.75_a+0.00_c+0.00_v2_r2000_resam.txt.gz,6500,2.5,0.15,4.120079071507341,0.07673764700518049,/Users/shannonbowes/Research/ysg/candidates_and_lcs/2022_asassn_lc_data/pysynphot_data/grid/bosz/r2000/m-0.75/bosz2024_ms_t6500_g+2.5_m-0.75_a+0.00_c+0.00_v2_r2000_resam.txt.gz,1000,6739.5,6750.0,50.147283076952434,6750.0,6750.0,6750.0,3.828615375351122,3.829303772831025,0.00328773936134873,4.144138363331138,4.144283079735571,0.0061708118582195605,4.138002958362676,4.144283079735571,4.150396052424988,2.4995,2.5,0.01580348062927911,2.5,2.5,2.5,0.17175,0.15,0.025188042798121507,0.15,0.15,0.2,20.816079586560843,1000,6553.5,6500.0,149.2070708780251,6500.0,6500.0,6750.0,3.8163663976365356,3.8129133566428557,0.009515266404591442,4.120529716326657,4.120116557443739,0.008826108942914945,4.112409040276949,4.120116557443739,4.128721904815585,2.104,2.0,0.41131982689872854,1.5,2.0,2.5,0.18214999999999998,0.15,0.0799929840673543,0.15,0.15,0.2,5.780420493667322
177,13.653195,-72.309631,4750,0.0,0.15,4.287532727516582,844.2637417671415,/Users/shannonbowes/Research/ysg/candidates_and_lcs/2022_asassn_lc_data/pysynphot_data/grid/bosz/r2000/m-0.75/bosz2024_ms_t4750_g+0.0_m-0.75_a+0.00_c+0.00_v2_r2000_resam.txt.gz,4500,2.5,0.15,4.248770794103948,694.133149594629,/Users/shannonbowes/Research/ysg/candidates_and_lcs/2022_asassn_lc_data/pysynphot_data/grid/bosz/r2000/m-0.75/bosz2024_ms_t4500_g+2.5_m-0.75_a+0.00_c+0.00_v2_r2000_resam.txt.gz,1000,4749.5,4750.0,11.169153951844338,4750.0,4750.0,4750.0,3.6766466474331656,3.6766936096248664,0.0010490558980053354,4.287279771782366,4.286861109654447,0.008822406931256448,4.278577052019611,4.286861109654447,4.295961481057292,0.008,0.0,0.08328265125462807,0.0,0.0,0.0,0.15084999999999996,0.15,0.0068394078691068,0.15,0.15,0.15,1056.7077757224158,1000,4549.0,4500.0,113.9034679015525,4500.0,4500.0,4750.0,3.657781384151699,3.6532125137753435,0.010779847161326194,4.248479921109909,4.241095453722319,0.023410215854472383,4.230982158324635,4.241095453722319,4.282202517262894,2.5,2.5,0.0,2.5,2.5,2.5,0.15009999999999996,0.15,0.0022338307903688685,0.15,0.15,0.15,886.5223243473932
178,13.65933,-72.601669,4250,0.5,0.3,4.056429115124868,1.5498323141861703,/Users/shannonbowes/Research/ysg/candidates_and_lcs/2022_asassn_lc_data/pysynphot_data/grid/bosz/r2000/m-0.75/bosz2024_ms_t4250_g+0.5_m-0.75_a+0.00_c+0.00_v2_r2000_resam.txt.gz,4250,2.0,0.4,4.05514887009687,0.17553003177931714,/Users/shannonbowes/Research/ysg/candidates_and_lcs/2022_asassn_lc_data/pysynphot_data/grid/bosz/r2000/m-0.75/bosz2024_ms_t4250_g+2.0_m-0.75_a+0.00_c+0.00_v2_r2000_resam.txt.gz,1000,4272.0,4250.0,70.8237248385031,4250.0,4250.0,4250.0,3.630573405418115,3.6283889300503116,0.007032394652988815,4.054269974151348,4.054186597556845,0.007344036313200263,4.046985927487889,4.054186597556845,4.061633414132109,0.433,0.5,0.18030806970293928,0.5,0.5,0.5,0.2783,0.25,0.09388349162659003,0.25,0.25,0.3,20.415374811731482,1000,4482.75,4500.0,154.15880610591145,4250.0,4500.0,4500.0,3.651287573413986,3.6532125137753435,0.014942875191214938,4.059010005811986,4.0589503289301065,0.006958095988468907,4.052361071600772,4.0589503289301065,4.0656437817301025,2.3855,2.5,0.2741163074317177,2.0,2.5,2.5,0.65875,0.7,0.22261162930089703,0.35,0.7,0.85,13.301900758037787
179,13.672227,-73.240891,6500,1.0,0.3,3.974963429426153,1.6613659754970038,/Users/shannonbowes/Research/ysg/candidates_and_lcs/2022_asassn_lc_data/pysynphot_data/grid/bosz/r2000/m-0.75/bosz2024_ms_t6500_g+1.0_m-0.75_a+0.00_c+0.00_v2_r2000_resam.txt.gz,6250,1.5,0.15,3.947488459422133,0.13171657554769456,/Users/shannonbowes/Research/ysg/candidates_and_lcs/2022_asassn_lc_data/pysynphot_data/grid/bosz/r2000/m-0.75/bosz2024_ms_t6250_g+1.5_m-0.75_a+0.00_c+0.00_v2_r2000_resam.txt.gz,1000,6830.25,6750.0,292.61311915223484,6500.0,6750.0,7000.0,3.8340440905524966,3.829303772831025,0.018396654770012344,3.9840231379074003,3.983963830694497,0.006520351792844681,3.9773235992803246,3.983963830694497,3.9904357125051244,1.7435,1.5,0.4283196820133298,1.5,1.5,2.0,0.4156,0.4,0.1555848321656067,0.25,0.4,0.55,17.426574926191552,1000,6784.5,6500.0,452.1446118223682,6500.0,6500.0,7500.0,3.8305828203219234,3.8129133566428557,0.028280068162519087,3.976685040301694,3.9775806479686024,0.017401940153227484,3.9582096581027395,3.9775806479686024,3.994517152447737,2.122,2.0,0.3378105978207315,2.0,2.0,2.5,0.3964,0.25,0.2755758334832719,0.15,0.25,0.8,14.530845691680007
180,13.672755,-72.237221,11250,2.5,0.4,4.435493108314811,0.142412491556329,/Users/shannonbowes/Research/ysg/candidates_and_lcs/2022_asassn_lc_data/pysynphot_data/grid/bosz/r2000/m-0.75/bosz2024_ap_t11250_g+2.5_m-0.75_a+0.00_c+0.00_v2_r2000_resam.txt.gz,11750,2.0,0.45,4.472526655031562,0.008348325112513186,/Users/shannonbowes/Research/ysg/candidates_and_lcs/2022_asassn_lc_data/pysynphot_data/grid/bosz/r2000/m-0.75/bosz2024_ap_t11750_g+2.0_m-0.75_a+0.00_c+0.00_v2_r2000_resam.txt.gz,1000,11602.75,11500.0,806.1513117895424,10750.0,11500.0,12500.0,4.063558038263336,4.060697840353612,0.029204742628461944,4.45513555444278,4.444310445683749,0.04291720494283702,4.419236553153446,4.444310445683749,4.4913189507337234,2.293,2.0,0.3983101806381554,2.0,2.0,3.0,0.4528000000000001,0.45,0.08331962553924495,0.35,0.45,0.5,3.977577473054219,1000,10667.5,10000.0,1867.5033467172154,8750.0,10000.0,13500.0,4.021664066329065,4.0,0.07382289273497912,4.3976216214633705,4.362172318611883,0.10469596717010038,4.297124452699808,4.362172318611883,4.541622776421036,2.431,2.5,0.45468560566615696,2.0,2.5,3.0,0.36504999999999993,0.32499999999999996,0.1906855985647579,0.15,0.32499999999999996,0.6,2.1755925572569703
181,13.67278,-72.486137,4250,0.5,0.4,4.170267609536472,1.4556267843243205,/Users/shannonbowes/Research/ysg/candidates_and_lcs/2022_asassn_lc_data/pysynphot_data/grid/bosz/r2000/m-0.75/bosz2024_ms_t4250_g+0.5_m-0.75_a+0.00_c+0.00_v2_r2000_resam.txt.gz,4500,2.5,0.85,4.178362906358298,0.11294926772750397,/Users/shannonbowes/Research/ysg/candidates_and_lcs/2022_asassn_lc_data/pysynphot_data/grid/bosz/r2000/m-0.75/bosz2024_ms_t4500_g+2.5_m-0.75_a+0.00_c+0.00_v2_r2000_resam.txt.gz,1000,4253.25,4250.0,34.306522703416036,4250.0,4250.0,4250.0,3.6287071205737464,3.6283889300503116,0.003440604420271456,4.173722145605309,4.1738300982005985,0.0067284677118586815,4.167105245414281,4.1738300982005985,4.180331424359393,0.5165,0.5,0.2190382386707855,0.5,0.5,0.5,0.36745,0.35,0.08248028552326914,0.3,0.35,0.4,16.98646912650885,1000,4343.0,4250.0,120.8345976945345,4250.0,4250.0,4500.0,3.6376233031960243,3.6283889300503116,0.011998191011003294,4.1785673753231265,4.178734345319752,0.00674129075532858,4.17207496995365,4.178734345319752,4.1850196013576815,2.372,2.5,0.29260211892602556,2.0,2.5,2.5,0.5562999999999999,0.45,0.1974216553471275,0.35,0.45,0.8,10.989170296915491
182,13.673452,-73.128853,5750,1.5,0.55,4.065750045655072,1.142698281744146,/Users/shannonbowes/Research/ysg/candidates_and_lcs/2022_asassn_lc_data/pysynphot_data/grid/bosz/r2000/m-0.75/bosz2024_ms_t5750_g+1.5_m-0.75_a+0.00_c+0.00_v2_r2000_resam.txt.gz,5750,2.5,0.8,4.051072372865766,0.002455618469544986,/Users/shannonbowes/Research/ysg/candidates_and_lcs/2022_asassn_lc_data/pysynphot_data/grid/bosz/r2000/m-0.75/bosz2024_ms_t5750_g+2.5_m-0.75_a+0.00_c+0.00_v2_r2000_resam.txt.gz,1000,5742.25,5750.0,241.8727713075616,5500.0,5750.0,6000.0,3.7587015912933976,3.7596678446896306,0.018124247182074466,4.081653838176198,4.081968334763458,0.007025027212496644,4.074788733066137,4.081968334763458,4.088602516347077,1.1445,1.0,0.37665601017373934,1.0,1.0,1.5,0.521,0.55,0.21126760281690138,0.3,0.55,0.75,13.945346516323582,1000,5353.75,5250.0,220.05326059842875,5250.0,5250.0,5500.0,3.7283041499257097,3.720159303405957,0.017380659844814707,4.05039545331252,4.05156338669698,0.014657678657947794,4.035542431194173,4.05156338669698,4.0643193034757665,1.6395,2.0,0.9288647641072407,0.5,2.0,2.5,0.35960000000000003,0.3,0.20779278139531218,0.2,0.3,0.6,1.596999029925537
183,13.693553,-72.46489,10250,3.0,0.95,4.059134923216947,2.5967599646176334,/Users/shannonbowes/Research/ysg/candidates_and_lcs/2022_asassn_lc_data/pysynphot_data/grid/bosz/r2000/m-0.75/bosz2024_ap_t10250_g+3.0_m-0.75_a+0.00_c+0.00_v2_r2000_resam.txt.gz,8000,2.5,0.8,3.9383671685348065,0.008872180575912455,/Users/shannonbowes/Research/ysg/candidates_and_lcs/2022_asassn_lc_data/pysynphot_data/grid/bosz/r2000/m-0.75/bosz2024_ms_t8000_g+2.5_m-0.75_a+0.00_c+0.00_v2_r2000_resam.txt.gz,1000,9503.5,10250.0,1322.2094198726616,7250.0,10250.0,10500.0,3.9731927791490858,4.010723865391773,0.06557098065116693,4.047513788181443,4.049177900065722,0.02595503037710356,4.016383792304392,4.049177900065722,4.072303789138328,2.2555,2.0,0.30243966340412426,2.0,2.0,2.5,0.7721000000000001,1.0,0.3631825849349057,0.15,1.0,1.0,18.305377118989732,1000,7193.5,7000.0,339.0173299405209,7000.0,7000.0,7500.0,3.856479775541864,3.845098040014257,0.019781046729958764,3.9697316093427935,3.9702451512855452,0.018054594999702862,3.9524805697578493,3.9702451512855452,3.9876807724269296,2.2335,2.5,0.3320056475423272,2.0,2.5,2.5,0.26530000000000004,0.2,0.15943936151402516,0.15,0.2,0.45,5.978228283916458
184,13.699284,-71.76387,5000,0.0,0.25,3.963868467380166,3.4349603393637396,/Users/shannonbowes/Research/ysg/candidates_and_lcs/2022_asassn_lc_data/pysynphot_data/grid/bosz/r2000/m-0.75/bosz2024_ms_t5000_g+0.0_m-0.75_a+0.00_c+0.00_v2_r2000_resam.txt.gz,5250,0.0,0.85,3.9397826764913146,0.01789409019473853,/Users/shannonbowes/Research/ysg/candidates_and_lcs/2022_asassn_lc_data/pysynphot_data/grid/bosz/r2000/m-0.75/bosz2024_ms_t5250_g+0.0_m-0.75_a+0.00_c+0.00_v2_r2000_resam.txt.gz,1000,5167.75,5000.0,235.95007416824433,5000.0,5000.0,5500.0,3.712857743163094,3.6989700043360187,0.019533392319555726,3.9651213209134792,3.9652051688644736,0.007011373288285375,3.958068482828567,3.9652051688644736,3.9721275178204163,0.0005,0.0,0.01580348062927911,0.0,0.0,0.0,0.50005,0.3,0.3174310909473109,0.25,0.3,0.95,22.07128717846525,1000,5392.25,5500.0,143.44837921705493,5250.0,5500.0,5500.0,3.731614208518442,3.7403626894942437,0.011674482481105865,3.949233125524375,3.9497158551158886,0.011373922784271073,3.937414085394369,3.9497158551158886,3.9600055516064856,0.1705,0.0,0.42565214671137275,0.0,0.0,0.5,0.92335,0.95,0.11788671468829726,0.85,0.95,1.0,3.4148246426988664
185,13.699347,-71.414688,10000,2.5,0.6,4.047548877689901,0.16556880136044574,/Users/shannonbowes/Research/ysg/candidates_and_lcs/2022_asassn_lc_data/pysynphot_data/grid/bosz/r2000/m-0.75/bosz2024_ap_t10000_g+2.5_m-0.75_a+0.00_c+0.00_v2_r2000_resam.txt.gz,10000,2.5,0.45,4.092046291479332,0.014150946261005484,/Users/shannonbowes/Research/ysg/candidates_and_lcs/2022_asassn_lc_data/pysynphot_data/grid/bosz/r2000/m-0.75/bosz2024_ap_t10000_g+2.5_m-0.75_a+0.00_c+0.00_v2_r2000_resam.txt.gz,1000,10217.75,10250.0,611.8802476792334,9500.0,10250.0,10750.0,4.008568906074281,4.010723865391773,0.026205958614024003,4.055842305645111,4.05605001548222,0.025257254193428034,4.027989268311698,4.05605001548222,4.080330136860747,2.669,3.0,0.39425753004857117,2.0,3.0,3.0,0.598,0.6,0.09143850392476903,0.5,0.6,0.7,5.224230161694228,1000,9421.0,8500.0,1896.347541986964,8000.0,8500.0,11250.0,3.966404335648988,3.929418925714293,0.07907021963050502,4.046485454721348,4.0034550996620855,0.10139956009982762,3.9764464172611356,4.0034550996620855,4.119258098206264,2.5325,2.5,0.3608237104182595,2.0,2.5,3.0,0.38665000000000005,0.3,0.24681830868069735,0.15,0.3,0.7,3.043439648391978
186,13.70945,-73.0466,4250,1.0,0.35,4.067495176274229,3.5741444353473417,/Users/shannonbowes/Research/ysg/candidates_and_lcs/2022_asassn_lc_data/pysynphot_data/grid/bosz/r2000/m-0.75/bosz2024_ms_t4250_g+1.0_m-0.75_a+0.00_c+0.00_v2_r2000_resam.txt.gz,4250,1.5,0.3,4.078216853227504,0.5510998842660799,/Users/shannonbowes/Research/ysg/candidates_and_lcs/2022_asassn_lc_data/pysynphot_data/grid/bosz/r2000/m-0.75/bosz2024_ms_t4250_g+1.5_m-0.75_a+0.00_c+0.00_v2_r2000_resam.txt.gz,1000,4300.25,4250.0,101.42700577262448,4250.0,4250.0,4500.0,3.633375622536171,3.6283889300503116,0.01006983192140072,4.066853772272636,4.066829955175507,0.00702528563392162,4.059787335674581,4.066829955175507,4.0735666578854675,0.7955,1.0,0.2587078468079389,0.5,1.0,1.0,0.40155,0.35,0.16904170343438923,0.25,0.35,0.65,22.745143377500476,1000,4415.0,4500.0,137.4772708486752,4250.0,4500.0,4500.0,3.644720138281688,3.6532125137753435,0.013525027844617595,4.0730771867276605,4.073137246671886,0.007336464305009558,4.0657015166194475,4.073137246671886,4.080602602971085,2.404,2.5,0.2382939361377037,2.5,2.5,2.5,0.5821999999999999,0.65,0.2386905109131907,0.3,0.65,0.8,18.30428498544437
187,13.712406,-73.099899,4500,2.5,0.35,3.973691154477913,5.924976030191347,/Users/shannonbowes/Research/ysg/candidates_and_lcs/2022_asassn_lc_data/pysynphot_data/grid/bosz/r2000/m-0.75/bosz2024_ms_t4500_g+2.5_m-0.75_a+0.00_c+0.00_v2_r2000_resam.txt.gz,4500,2.5,0.35,3.983833733316431,0.7663564581268464,/Users/shannonbowes/Research/ysg/candidates_and_lcs/2022_asassn_lc_data/pysynphot_data/grid/bosz/r2000/m-0.75/bosz2024_ms_t4500_g+2.5_m-0.75_a+0.00_c+0.00_v2_r2000_resam.txt.gz,1000,4496.25,4500.0,95.12327528002807,4500.0,4500.0,4500.0,3.6527531738810346,3.6532125137753435,0.009196263193280027,3.982621754182544,3.9826461490266283,0.007030726166784233,3.975627036233117,3.9826461490266283,3.989559357129475,2.5,2.5,0.0,2.5,2.5,2.5,0.40805,0.4,0.12819008346982227,0.35,0.4,0.45,33.087981243471184,1000,4419.25,4500.0,128.61546368924695,4250.0,4500.0,4500.0,3.645163619011022,3.6532125137753435,0.012692729525346868,3.977457839235483,3.97739824006743,0.007108230608956931,3.970191935261338,3.97739824006743,3.984600978157162,2.4865,2.5,0.08104165595544058,2.5,2.5,2.5,0.35895000000000005,0.4,0.16607949150933718,0.15,0.4,0.5,21.56930956587789
188,13.726891,-73.15094,4500,0.0,0.15,4.441631228288003,2.6062323201142017,/Users/shannonbowes/Research/ysg/candidates_and_lcs/2022_asassn_lc_data/pysynphot_data/grid/bosz/r2000/m-0.75/bosz2024_ms_t4500_g+0.0_m-0.75_a+0.00_c+0.00_v2_r2000_resam.txt.gz,5000,2.5,0.85,4.481565157036565,0.06753548909793405,/Users/shannonbowes/Research/ysg/candidates_and_lcs/2022_asassn_lc_data/pysynphot_data/grid/bosz/r2000/m-0.75/bosz2024_ms_t5000_g+2.5_m-0.75_a+0.00_c+0.00_v2_r2000_resam.txt.gz,1000,4510.25,4500.0,49.57254784656524,4500.0,4500.0,4500.0,3.6541752387051742,3.6532125137753435,0.004656070989961023,4.448435776573046,4.448714417752976,0.006377112979921051,4.4420707624825795,4.448714417752976,4.454722461480383,0.012,0.0,0.07652450587883597,0.0,0.0,0.0,0.18864999999999998,0.15,0.08323867790877028,0.15,0.15,0.2,21.326058546876293,1000,4824.75,4750.0,183.3028573154276,4750.0,4750.0,5000.0,3.683159267977745,3.6766936096248664,0.016584899805114135,4.4599434313284325,4.459947962608658,0.006713444560193061,4.4530138164330655,4.459947962608658,4.4666233040837335,2.3895,2.5,0.3399113855109887,2.5,2.5,2.5,0.6364500000000001,0.6,0.21672308944826343,0.5,0.6,0.85,9.896841397620447
189,13.761648,-72.768044,4750,0.0,0.15,3.9466143278260573,9.648733823406072,/Users/shannonbowes/Research/ysg/candidates_and_lcs/2022_asassn_lc_data/pysynphot_data/grid/bosz/r2000/m-0.75/bosz2024_ms_t4750_g+0.0_m-0.75_a+0.00_c+0.00_v2_r2000_resam.txt.gz,5500,0.0,0.85,3.9610295989648723,0.4060100827856725,/Users/shannonbowes/Research/ysg/candidates_and_lcs/2022_asassn_lc_data/pysynphot_data/grid/bosz/r2000/m-0.75/bosz2024_ms_t5500_g+0.0_m-0.75_a+0.00_c+0.00_v2_r2000_resam.txt.gz,1000,4975.75,5000.0,78.0988956387989,5000.0,5000.0,5000.0,3.6968037585708307,3.6989700043360187,0.006940357549546137,3.930637838504781,3.9303526616422673,0.008215842395402214,3.9225951900841696,3.9303526616422673,3.9389988070735455,0.0,0.0,0.0,0.0,0.0,0.0,0.44425000000000003,0.45,0.10725874090254835,0.45,0.45,0.5,52.41771651695691,1000,5537.0,5500.0,91.54780172128658,5500.0,5500.0,5500.0,3.743216171857499,3.7403626894942437,0.0070890909982476635,3.966728135419584,3.9664540651405047,0.008836552028931927,3.957908865967271,3.9664540651405047,3.975294636187382,0.0775,0.0,0.1850506687369705,0.0,0.0,0.0,0.9079,0.9,0.06072553005120663,0.85,0.9,1.0,16.766647686463674
190,13.767206,-72.472443,6000,1.5,0.15,4.049079940314172,0.7062072340437303,/Users/shannonbowes/Research/ysg/candidates_and_lcs/2022_asassn_lc_data/pysynphot_data/grid/bosz/r2000/m-0.75/bosz2024_ms_t6000_g+1.5_m-0.75_a+0.00_c+0.00_v2_r2000_resam.txt.gz,6250,2.0,0.5,4.016351236140925,0.03728126235516682,/Users/shannonbowes/Research/ysg/candidates_and_lcs/2022_asassn_lc_data/pysynphot_data/grid/bosz/r2000/m-0.75/bosz2024_ms_t6250_g+2.0_m-0.75_a+0.00_c+0.00_v2_r2000_resam.txt.gz,1000,6033.75,6000.0,98.35363490995134,6000.0,6000.0,6000.0,3.780530999613706,3.7781512503836434,0.006951836790372914,4.041012214451983,4.0410191959961725,0.00704747105314433,4.034276853641347,4.0410191959961725,4.0478447001522,2.0005,2.0,0.3609013022974564,1.5,2.0,2.5,0.24125000000000002,0.25,0.06731223885743216,0.2,0.25,0.3,15.972105435930608,1000,5984.0,6000.0,290.2481696755382,5750.0,6000.0,6250.0,3.776501491757438,3.7781512503836434,0.020423058930013303,4.012963411515583,4.012479930326079,0.01507309218491479,3.998521101507033,4.012479930326079,4.027641917233421,1.9355,2.0,0.4099874998094454,1.5,2.0,2.5,0.33175,0.25,0.2296289125959534,0.15,0.25,0.6,8.357944100627192
191,13.784495,-72.567459,11000,3.0,0.75,4.25626702587224,0.6921418095644327,/Users/shannonbowes/Research/ysg/candidates_and_lcs/2022_asassn_lc_data/pysynphot_data/grid/bosz/r2000/m-0.75/bosz2024_ap_t11000_g+3.0_m-0.75_a+0.00_c+0.00_v2_r2000_resam.txt.gz,8000,2.5,0.35,4.118606143031013,0.03304249780995633,/Users/shannonbowes/Research/ysg/candidates_and_lcs/2022_asassn_lc_data/pysynphot_data/grid/bosz/r2000/m-0.75/bosz2024_ms_t8000_g+2.5_m-0.75_a+0.00_c+0.00_v2_r2000_resam.txt.gz,1000,11192.5,11250.0,800.9798686608797,10500.0,11250.0,11750.0,4.047820130703136,4.051152522447381,0.031001649713845718,4.270102518072265,4.266244042498721,0.04396062739717089,4.228951817116885,4.266244042498721,4.304348583695709,2.527,2.5,0.356750613173965,2.0,2.5,3.0,0.7721500000000001,0.8,0.0993824808505,0.65,0.8,0.85,12.156651338507887,1000,8044.0,7750.0,762.0295269869797,7500.0,7750.0,8500.0,3.903828415025925,3.88930170250631,0.03628402883967794,4.126023982237249,4.1218756299609165,0.03077582657974291,4.103715538343826,4.1218756299609165,4.142766557429786,2.415,2.5,0.23081377775167583,2.0,2.5,2.5,0.30110000000000003,0.25,0.18052365495967557,0.15,0.25,0.45,3.04471429211958
192,13.789353,-72.515457,4250,0.0,0.15,4.270418838403004,2.4730740430527374,/Users/shannonbowes/Research/ysg/candidates_and_lcs/2022_asassn_lc_data/pysynphot_data/grid/bosz/r2000/m-0.75/bosz2024_ms_t4250_g+0.0_m-0.75_a+0.00_c+0.00_v2_r2000_resam.txt.gz,4500,2.5,0.6,4.285466983410708,0.6103290426157464,/Users/shannonbowes/Research/ysg/candidates_and_lcs/2022_asassn_lc_data/pysynphot_data/grid/bosz/r2000/m-0.75/bosz2024_ms_t4500_g+2.5_m-0.75_a+0.00_c+0.00_v2_r2000_resam.txt.gz,1000,4257.25,4250.0,41.95160902754506,4250.0,4250.0,4250.0,3.6291088139783385,3.6283889300503116,0.0041655571163802755,4.276584676328866,4.276400447315798,0.007396858659677967,4.269526110264355,4.276400447315798,4.284091564991599,0.199,0.0,0.2457620800693223,0.0,0.0,0.5,0.24329999999999996,0.2,0.11300491139769103,0.15,0.2,0.35,22.977865524917817,1000,4420.25,4500.0,140.80993395353894,4250.0,4500.0,4500.0,3.6452266661732833,3.6532125137753435,0.013826638607965794,4.284649550903678,4.284686011588667,0.007485644095207133,4.27732985417365,4.284686011588667,4.292033727541912,2.4155,2.5,0.2238520716902124,2.5,2.5,2.5,0.5454499999999999,0.65,0.2399516565894055,0.25,0.65,0.75,15.1226437216794
193,13.79491,-72.45266,6500,2.5,0.15,4.43856947563494,1.0243730395721558,/Users/shannonbowes/Research/ysg/candidates_and_lcs/2022_asassn_lc_data/pysynphot_data/grid/bosz/r2000/m-0.75/bosz2024_ms_t6500_g+2.5_m-0.75_a+0.00_c+0.00_v2_r2000_resam.txt.gz,6750,2.5,0.3,4.447613855174872,0.03928155920926136,/Users/shannonbowes/Research/ysg/candidates_and_lcs/2022_asassn_lc_data/pysynphot_data/grid/bosz/r2000/m-0.75/bosz2024_ms_t6750_g+2.5_m-0.75_a+0.00_c+0.00_v2_r2000_resam.txt.gz,1000,6505.0,6500.0,38.40572873934304,6500.0,6500.0,6500.0,3.8132398791203967,3.8129133566428557,0.0025266299113770557,4.444853052069763,4.444798873548719,0.0074349557513962465,4.437138797839574,4.444798873548719,4.452305532589844,2.4935,2.5,0.056637002039302886,2.5,2.5,2.5,0.16449999999999995,0.15,0.02587952858921507,0.15,0.15,0.2,13.559459354910803,1000,6700.25,6500.0,418.5838476339,6500.0,6500.0,7250.0,3.825280619157683,3.8129133566428557,0.026238925760004916,4.429917434406676,4.430045318846762,0.012275798099473427,4.417102633034623,4.430045318846762,4.441928424692894,2.148,2.0,0.34510288321021027,2.0,2.0,2.5,0.34555,0.25,0.2390976735562268,0.15,0.25,0.65,7.669150895033751
194,13.802364,-72.436417,9750,2.0,1.0,4.479938419402679,5.9952248630237435,/Users/shannonbowes/Research/ysg/candidates_and_lcs/2022_asassn_lc_data/pysynphot_data/grid/bosz/r2000/m-0.75/bosz2024_ap_t9750_g+2.0_m-0.75_a+0.00_c+0.00_v2_r2000_resam.txt.gz,6750,1.5,0.25,4.396282140520335,0.1523562112171697,/Users/shannonbowes/Research/ysg/candidates_and_lcs/2022_asassn_lc_data/pysynphot_data/grid/bosz/r2000/m-0.75/bosz2024_ms_t6750_g+1.5_m-0.75_a+0.00_c+0.00_v2_r2000_resam.txt.gz,1000,7308.0,7000.0,901.8098469189611,7000.0,7000.0,7000.0,3.860953469441617,3.845098040014257,0.04785654535308252,4.443137169286908,4.441924535013159,0.016603886638361764,4.428514966819609,4.441924535013159,4.4553889291780315,2.432,2.5,0.1713942822850284,2.5,2.5,2.5,0.27604999999999996,0.15,0.2866075670668868,0.15,0.15,0.2,32.39454452476367,1000,6892.75,6750.0,328.91478759703097,6750.0,6750.0,7250.0,3.8379152654092072,3.829303772831025,0.020183794336534562,4.397590301313443,4.399104512170558,0.01460672815846239,4.381079831626272,4.399104512170558,4.412137776807522,2.1745,2.0,0.3482811364400892,2.0,2.0,2.5,0.28435000000000005,0.2,0.18288678875194897,0.15,0.2,0.5,8.3253710726561
195,13.803228,-72.51178,4250,1.0,0.4,4.284257388264129,0.7145163785155879,/Users/shannonbowes/Research/ysg/candidates_and_lcs/2022_asassn_lc_data/pysynphot_data/grid/bosz/r2000/m-0.75/bosz2024_ms_t4250_g+1.0_m-0.75_a+0.00_c+0.00_v2_r2000_resam.txt.gz,4500,1.5,0.95,4.299327890678324,0.12540528834758058,/Users/shannonbowes/Research/ysg/candidates_and_lcs/2022_asassn_lc_data/pysynphot_data/grid/bosz/r2000/m-0.75/bosz2024_ms_t4500_g+1.5_m-0.75_a+0.00_c+0.00_v2_r2000_resam.txt.gz,1000,4293.75,4250.0,96.29868898380704,4250.0,4250.0,4500.0,3.6327300464921986,3.6283889300503116,0.009571330040870876,4.289911287339152,4.289600540359036,0.0070994903943295724,4.282945415029068,4.289600540359036,4.297081323289629,0.9805,1.0,0.2652729726150027,0.9200000000000017,1.0,1.0,0.49520000000000003,0.45,0.15393816940577149,0.4,0.45,0.7,14.138743024403366,1000,4416.25,4500.0,121.13396509649967,4250.0,4500.0,4500.0,3.644888558300205,3.6532125137753435,0.012006150581051186,4.292596569731952,4.292540809539032,0.007853755827912022,4.2848440028945936,4.292540809539032,4.300596537829861,2.329,2.5,0.36229683962187686,2.0,2.5,2.5,0.7186,0.8,0.22867890151913883,0.4,0.8,0.95,10.89734174031607
196,13.813378,-72.33728,9750,2.0,0.5,4.084953063614209,0.03494786792800066,/Users/shannonbowes/Research/ysg/candidates_and_lcs/2022_asassn_lc_data/pysynphot_data/grid/bosz/r2000/m-0.75/bosz2024_ap_t9750_g+2.0_m-0.75_a+0.00_c+0.00_v2_r2000_resam.txt.gz,9000,2.0,0.4,4.040772354443326,0.009377210017041542,/Users/shannonbowes/Research/ysg/candidates_and_lcs/2022_asassn_lc_data/pysynphot_data/grid/bosz/r2000/m-0.75/bosz2024_ap_t9000_g+2.0_m-0.75_a+0.00_c+0.00_v2_r2000_resam.txt.gz,1000,10283.25,10250.0,1076.6647284554278,9250.0,10250.0,11500.0,4.009823416796022,4.010723865391773,0.0444837540716728,4.110162364698171,4.102540970895942,0.04965575473972179,4.068047374056566,4.102540970895942,4.152017781627273,2.209,2.0,0.36649556613961926,2.0,2.0,2.5,0.5569,0.55,0.16635020288535868,0.4,0.55,0.7079999999999984,3.864122802806069,1000,9844.5,8750.0,2118.4179828353044,7750.0,8750.0,12000.0,3.9836594982458253,3.942008053022313,0.08980003027953384,4.102223734811825,4.06205616947388,0.11715930979025677,3.991313041814112,4.06205616947388,4.229928477941357,2.241,2.0,0.38848294685867485,2.0,2.0,3.0,0.43235000000000007,0.35,0.2876994568990356,0.15,0.35,0.8,2.2800239680475953
197,13.841566,-71.789406,10500,2.0,0.5,4.259867662121312,0.3413911094580242,/Users/shannonbowes/Research/ysg/candidates_and_lcs/2022_asassn_lc_data/pysynphot_data/grid/bosz/r2000/m-0.75/bosz2024_ap_t10500_g+2.0_m-0.75_a+0.00_c+0.00_v2_r2000_resam.txt.gz,14000,3.0,0.8,4.464741814612453,0.004969619841610134,/Users/shannonbowes/Research/ysg/candidates_and_lcs/2022_asassn_lc_data/pysynphot_data/grid/bosz/r2000/m-0.75/bosz2024_ap_t14000_g+3.0_m-0.75_a+0.00_c+0.00_v2_r2000_resam.txt.gz,1000,10950.25,10750.0,600.8014959202416,10250.0,10750.0,11500.0,4.03877970263853,4.031408464251625,0.02357830152814605,4.286035444854419,4.280738270906056,0.02852558764168097,4.257698552384528,4.280738270906056,4.315316160407758,2.2295,2.0,0.3099673369889156,2.0,2.0,2.5,0.5273499999999999,0.5,0.07598998289248392,0.45,0.5,0.6,6.083286132386274,1000,9215.75,8500.0,1554.1925355309104,8250.0,8500.0,10750.0,3.959148655146313,3.929418925714293,0.06610441712118079,4.192859652108123,4.159529778012387,0.08123283889081223,4.133774429335916,4.159529778012387,4.257030950692669,2.276,2.0,0.341795260353329,2.0,2.0,2.5,0.31305,0.2,0.20016792325445154,0.15,0.2,0.55,2.439949194160651
198,13.863108,-71.555687,4250,0.0,0.35,4.497879150220418,2.7658556649520913,/Users/shannonbowes/Research/ysg/candidates_and_lcs/2022_asassn_lc_data/pysynphot_data/grid/bosz/r2000/m-0.75/bosz2024_ms_t4250_g+0.0_m-0.75_a+0.00_c+0.00_v2_r2000_resam.txt.gz,4500,0.5,0.7,4.499979204025994,0.054742079841103214,/Users/shannonbowes/Research/ysg/candidates_and_lcs/2022_asassn_lc_data/pysynphot_data/grid/bosz/r2000/m-0.75/bosz2024_ms_t4500_g+0.5_m-0.75_a+0.00_c+0.00_v2_r2000_resam.txt.gz,1000,4272.0,4250.0,70.8237248385031,4250.0,4250.0,4250.0,3.6305734054181156,3.6283889300503116,0.007032394652988812,4.500907103830667,4.500960334463576,0.007633275008649499,4.493266798399288,4.500960334463576,4.508734692557886,0.0,0.0,0.0,0.0,0.0,0.0,0.35944999999999994,0.3,0.1325450772378967,0.3,0.3,0.35,23.644359812702064,1000,4607.5,4750.0,162.23054582907622,4500.0,4750.0,4750.0,3.6631912460575933,3.6766936096248664,0.015500221091831055,4.511936756417679,4.512085238302552,0.007246957322153914,4.504850499860532,4.512085238302552,4.519003725534898,0.1845,0.0,0.4046106152833858,0.0,0.0,0.5,0.7554,0.85,0.24024121211815427,0.55,0.85,1.0,3.3698791367170475
199,13.865672,-72.729294,10000,2.0,0.9,4.49412377932798,1.0538026222202905,/Users/shannonbowes/Research/ysg/candidates_and_lcs/2022_asassn_lc_data/pysynphot_data/grid/bosz/r2000/m-0.75/bosz2024_ap_t10000_g+2.0_m-0.75_a+0.00_c+0.00_v2_r2000_resam.txt.gz,7750,2.0,0.5,4.415062928793688,0.026832476107489768,/Users/shannonbowes/Research/ysg/candidates_and_lcs/2022_asassn_lc_data/pysynphot_data/grid/bosz/r2000/m-0.75/bosz2024_ap_t7750_g+2.0_m-0.75_a+0.00_c+0.00_v2_r2000_resam.txt.gz,1000,10624.0,10750.0,340.40270269197333,10250.0,10750.0,11000.0,4.026057564040474,4.031408464251625,0.014285418654106827,4.528108443762826,4.52692819685101,0.018714739350196907,4.509458162587843,4.52692819685101,4.5479601322684,2.273,2.0,0.3255318724794855,2.0,2.0,2.5,0.97645,1.0,0.04497663282194432,0.95,1.0,1.0,15.59094184612018,1000,7893.25,7750.0,569.4663620443265,7250.0,7750.0,8289.999999999993,3.896188134483688,3.88930170250631,0.030061202258343443,4.423446037407745,4.422354931361588,0.016114660549257993,4.409420469857201,4.422354931361588,4.436123221667163,2.441,2.5,0.1987938630843518,2.5,2.5,2.5,0.5003,0.5,0.2019403624835808,0.25,0.5,0.7,4.74328341152543
200,13.869121,-72.487114,12000,2.0,0.4,4.282574456205117,0.2924107430691398,/Users/shannonbowes/Research/ysg/candidates_and_lcs/2022_asassn_lc_data/pysynphot_data/grid/bosz/r2000/m-0.75/bosz2024_ap_t12000_g+2.0_m-0.75_a+0.00_c+0.00_v2_r2000_resam.txt.gz,11750,2.0,0.4,4.257997929412098,0.006436016441965074,/Users/shannonbowes/Research/ysg/candidates_and_lcs/2022_asassn_lc_data/pysynphot_data/grid/bosz/r2000/m-0.75/bosz2024_ap_t11750_g+2.0_m-0.75_a+0.00_c+0.00_v2_r2000_resam.txt.gz,1000,12140.5,12000.0,779.9100909720299,11750.0,12000.0,12000.0,4.083383720643934,4.079181246047625,0.026894692123522544,4.30574058964007,4.295313331665161,0.044337241187351155,4.2717172674371024,4.295313331665161,4.333902846126024,2.174,2.0,0.3690853559815128,2.0,2.0,2.5,0.38770000000000004,0.4,0.07709546030733587,0.35,0.4,0.45,7.260956967256809,1000,9932.0,9500.0,1481.5535764865203,8750.0,9500.0,10500.0,3.992752281846793,3.9777236052888476,0.05926554263362596,4.147205275928303,4.1289513846576185,0.09456892722384852,4.0605593591758335,4.1289513846576185,4.223811973004448,2.5525,2.5,0.3646830815927714,2.0,2.5,3.0,0.244,0.15,0.14385409274678285,0.15,0.15,0.4,3.4223737449139926
201,13.875625,-72.480446,4250,0.5,0.5,4.260768102607185,3.555668753387239,/Users/shannonbowes/Research/ysg/candidates_and_lcs/2022_asassn_lc_data/pysynphot_data/grid/bosz/r2000/m-0.75/bosz2024_ms_t4250_g+0.5_m-0.75_a+0.00_c+0.00_v2_r2000_resam.txt.gz,4500,2.5,0.9,4.2624923014520535,0.3548081078980567,/Users/shannonbowes/Research/ysg/candidates_and_lcs/2022_asassn_lc_data/pysynphot_data/grid/bosz/r2000/m-0.75/bosz2024_ms_t4500_g+2.5_m-0.75_a+0.00_c+0.00_v2_r2000_resam.txt.gz,1000,4244.0,4250.0,41.400483088968905,4250.0,4250.0,4250.0,3.6277540248109816,3.6283889300503116,0.004341987370473678,4.257151241526896,4.257217077624299,0.0069132045790913765,4.250027146584689,4.257217077624299,4.263950993349187,0.1405,0.0,0.24496887557402064,0.0,0.0,0.5,0.36244999999999994,0.35,0.0898748991654511,0.3,0.35,0.5,22.263098097448406,1000,4311.75,4250.0,112.35852215119243,4250.0,4250.0,4500.0,3.634508312390417,3.6283889300503116,0.011190732445768077,4.265230891408546,4.2649508669375,0.007297851292659489,4.2578615510666085,4.2649508669375,4.272598455327061,2.4145,2.5,0.20961810513407472,2.5,2.5,2.5,0.52215,0.45,0.1995040789056705,0.35,0.45,0.8,13.073870894435347
202,13.89679,-72.545395,10250,2.0,1.0,4.137967638435754,0.9612812728818017,/Users/shannonbowes/Research/ysg/candidates_and_lcs/2022_asassn_lc_data/pysynphot_data/grid/bosz/r2000/m-0.75/bosz2024_ap_t10250_g+2.0_m-0.75_a+0.00_c+0.00_v2_r2000_resam.txt.gz,7750,2.5,0.65,4.037618459902009,0.017910027051951542,/Users/shannonbowes/Research/ysg/candidates_and_lcs/2022_asassn_lc_data/pysynphot_data/grid/bosz/r2000/m-0.75/bosz2024_ms_t7750_g+2.5_m-0.75_a+0.00_c+0.00_v2_r2000_resam.txt.gz,1000,9766.75,10000.0,991.6057369237029,9500.0,10000.0,10500.0,3.9871401048842836,4.0,0.049480833809778114,4.13838522567131,4.139978612210386,0.021377373480446823,4.116699001317537,4.139978612210386,4.158645290428552,2.202,2.0,0.280528073461463,2.0,2.0,2.5,0.87625,1.0,0.27283408419770433,0.9,1.0,1.0,14.734312067031471,1000,7218.5,7000.0,409.88748456131225,7000.0,7000.0,7500.0,3.857803078370179,3.845098040014257,0.023183217972813936,4.067085245126095,4.067504791403273,0.01602554331472507,4.0519863278708455,4.067504791403273,4.08146390975751,2.1845,2.5,0.3545557078936961,2.0,2.5,2.5,0.2697,0.2,0.17407443810048623,0.15,0.2,0.45,4.286460309771357
203,13.924053,-72.303223,4250,0.0,0.15,4.1851383495998675,11.127047225773893,/Users/shannonbowes/Research/ysg/candidates_and_lcs/2022_asassn_lc_data/pysynphot_data/grid/bosz/r2000/m-0.75/bosz2024_ms_t4250_g+0.0_m-0.75_a+0.00_c+0.00_v2_r2000_resam.txt.gz,4500,0.0,0.6,4.19713314055849,9.864579459805842,/Users/shannonbowes/Research/ysg/candidates_and_lcs/2022_asassn_lc_data/pysynphot_data/grid/bosz/r2000/m-0.75/bosz2024_ms_t4500_g+0.0_m-0.75_a+0.00_c+0.00_v2_r2000_resam.txt.gz,1000,4377.5,4500.0,124.97499749949988,4250.0,4500.0,4500.0,3.6410489577500784,3.6532125137753435,0.012409309255857953,4.180273472144228,4.180351236736012,0.00758556684745295,4.172875510603914,4.180351236736012,4.187621233748444,0.035,0.0,0.12757350822173072,0.0,0.0,0.0,0.4529000000000001,0.65,0.25009316264144443,0.15,0.65,0.7,42.5853137552584,1000,4421.5,4500.0,169.44836971774026,4250.0,4500.0,4500.0,3.6452541249648722,3.6532125137753435,0.016510538738789785,4.181239430596651,4.1810383321024,0.008045877415254865,4.173184773709814,4.1810383321024,4.189453788023452,0.0515,0.0,0.29257093157044833,0.0,0.0,0.0,0.5082000000000001,0.575,0.2587619755682817,0.2,0.575,0.7,39.91315202071546
204,13.948352,-72.658638,12000,2.0,0.35,4.397069374791224,1.1037145683998428,/Users/shannonbowes/Research/ysg/candidates_and_lcs/2022_asassn_lc_data/pysynphot_data/grid/bosz/r2000/m-0.75/bosz2024_ap_t12000_g+2.0_m-0.75_a+0.00_c+0.00_v2_r2000_resam.txt.gz,11250,2.0,0.35,4.319921796711317,0.005109213363928916,/Users/shannonbowes/Research/ysg/candidates_and_lcs/2022_asassn_lc_data/pysynphot_data/grid/bosz/r2000/m-0.75/bosz2024_ap_t11250_g+2.0_m-0.75_a+0.00_c+0.00_v2_r2000_resam.txt.gz,1000,12013.5,12000.0,224.59463484242005,12000.0,12000.0,12000.0,4.079600585586717,4.079181246047625,0.007557637483467979,4.3970741245764025,4.395901991069451,0.016257670683031692,4.384523699677848,4.395901991069451,4.407023027657982,2.012,2.0,0.10888526071052962,2.0,2.0,2.0,0.37579999999999997,0.35,0.03555784020437688,0.35,0.35,0.4,23.754276407142424,1000,9319.25,9250.0,726.3036124789687,8750.0,9250.0,9500.0,3.968231219367707,3.9661417327390325,0.030589972537849872,4.212448851750938,4.2056865148915445,0.04498961101200025,4.174016711146929,4.2056865148915445,4.2432452482086624,2.4605,2.5,0.23171048746226403,2.5,2.5,2.5,0.17895,0.15,0.07452783037228443,0.15,0.15,0.2,3.9027946799585047
205,13.952626,-73.043114,4250,1.0,0.25,4.114031697441259,2.6440813960502147,/Users/shannonbowes/Research/ysg/candidates_and_lcs/2022_asassn_lc_data/pysynphot_data/grid/bosz/r2000/m-0.75/bosz2024_ms_t4250_g+1.0_m-0.75_a+0.00_c+0.00_v2_r2000_resam.txt.gz,4500,2.5,0.6,4.112679954704615,0.6090996333291471,/Users/shannonbowes/Research/ysg/candidates_and_lcs/2022_asassn_lc_data/pysynphot_data/grid/bosz/r2000/m-0.75/bosz2024_ms_t4500_g+2.5_m-0.75_a+0.00_c+0.00_v2_r2000_resam.txt.gz,1000,4321.25,4250.0,113.95585768182345,4250.0,4250.0,4500.0,3.6354609664361957,3.6283889300503116,0.011305223673608924,4.115196790294627,4.115032713849266,0.006580009911022135,4.108617238701425,4.115032713849266,4.121777311356817,0.532,0.5,0.25976142900746446,0.5,0.5,1.0,0.26975,0.2,0.15985129808669055,0.15,0.2,0.5,21.898386302729598,1000,4545.25,4500.0,155.77206906246062,4500.0,4500.0,4750.0,3.657301493579046,3.6532125137753435,0.014939390944412398,4.120738257504464,4.120443419247156,0.007050518488679383,4.113826852420096,4.120443419247156,4.127985235692439,2.451,2.5,0.17349063375294932,2.5,2.5,2.5,0.64685,0.65,0.230450813624079,0.5,0.65,0.9,16.171504436639598
206,13.972648,-72.196625,14000,3.0,0.6,4.404636889806702,0.26227259591848434,/Users/shannonbowes/Research/ysg/candidates_and_lcs/2022_asassn_lc_data/pysynphot_data/grid/bosz/r2000/m-0.75/bosz2024_ap_t14000_g+3.0_m-0.75_a+0.00_c+0.00_v2_r2000_resam.txt.gz,13500,3.0,0.35,4.467319375737214,0.016364760474353257,/Users/shannonbowes/Research/ysg/candidates_and_lcs/2022_asassn_lc_data/pysynphot_data/grid/bosz/r2000/m-0.75/bosz2024_ap_t13500_g+3.0_m-0.75_a+0.00_c+0.00_v2_r2000_resam.txt.gz,1000,11743.5,11500.0,826.715035547316,11000.0,11500.0,12000.0,4.06877234202549,4.060697840353612,0.02949477169301405,4.290195346088142,4.279415153079757,0.04248570931164928,4.255264662329838,4.279415153079757,4.317539481802088,2.232,2.0,0.38363524342792077,2.0,2.0,3.0,0.36319999999999997,0.35,0.08295034659360985,0.3,0.35,0.4079999999999984,4.475655252293489,1000,10526.0,10250.0,2150.3660153564556,8250.0,10250.0,14000.0,4.013524621177696,4.010723865391773,0.08636581434411629,4.161908163900915,4.135979453007864,0.14735571285243707,4.007149917157446,4.135979453007864,4.334404931054421,2.4585,2.5,0.45719552709973,2.0,2.5,3.0,0.36525,0.25,0.25366303928637296,0.15,0.25,0.7,1.8965526391812213
207,13.995879,-71.522568,4750,1.0,0.7,3.961289258366194,0.18146079228394224,/Users/shannonbowes/Research/ysg/candidates_and_lcs/2022_asassn_lc_data/pysynphot_data/grid/bosz/r2000/m-0.75/bosz2024_ms_t4750_g+1.0_m-0.75_a+0.00_c+0.00_v2_r2000_resam.txt.gz,4500,1.5,0.35,3.968496361843287,0.017004022248473565,/Users/shannonbowes/Research/ysg/candidates_and_lcs/2022_asassn_lc_data/pysynphot_data/grid/bosz/r2000/m-0.75/bosz2024_ms_t4500_g+1.5_m-0.75_a+0.00_c+0.00_v2_r2000_resam.txt.gz,1000,4694.25,4750.0,133.99416964927988,4500.0,4750.0,4750.0,3.6713872794181635,3.6766936096248664,0.012503596313918506,3.9610606204732193,3.9613645230609658,0.007565038068672689,3.9536507623908212,3.9613645230609658,3.9683335276594423,1.732,2.0,0.6447294006015237,1.0,2.0,2.5,0.7094000000000001,0.75,0.17087024316714713,0.5,0.75,0.85,6.712741455052852,1000,4622.5,4500.0,165.05680840244065,4500.0,4500.0,4750.0,3.6646040089479466,3.6532125137753435,0.015342462962935831,3.9658184894089037,3.9655522734638877,0.0087325293325098,3.9570340734631766,3.9655522734638877,3.9740322763135434,1.53,1.5,0.8953211714239756,0.5,1.5,2.5,0.5341500000000001,0.45,0.21620887470221936,0.35,0.45,0.75,1.4645756325619077
208,13.998293,-72.175369,4500,0.0,0.35,4.034459629989862,4.433539559496175,/Users/shannonbowes/Research/ysg/candidates_and_lcs/2022_asassn_lc_data/pysynphot_data/grid/bosz/r2000/m-0.75/bosz2024_ms_t4500_g+0.0_m-0.75_a+0.00_c+0.00_v2_r2000_resam.txt.gz,4500,0.5,0.35,4.04799698994535,0.5484761569753901,/Users/shannonbowes/Research/ysg/candidates_and_lcs/2022_asassn_lc_data/pysynphot_data/grid/bosz/r2000/m-0.75/bosz2024_ms_t4500_g+0.5_m-0.75_a+0.00_c+0.00_v2_r2000_resam.txt.gz,1000,4492.25,4500.0,44.74860333015992,4500.0,4500.0,4500.0,3.6524416401919924,3.6532125137753435,0.0044357463483953525,4.034424710873931,4.0342978557732785,0.007805847837992459,4.026748113892149,4.0342978557732785,4.042410812236786,0.014,0.0,0.08248636250920512,0.0,0.0,0.0,0.35955000000000004,0.35,0.06201852545812421,0.3,0.35,0.4,25.59095494863601,1000,4537.75,4500.0,107.2960274194716,4500.0,4500.0,4500.0,3.6567229119626385,3.6532125137753435,0.010031124132408796,4.0482459102553205,4.048510766960406,0.010142292326492077,4.0376340774056345,4.048510766960406,4.058782395798275,0.666,0.5,0.8831443823067665,0.0,0.5,2.0,0.33204999999999996,0.3,0.16078027708646359,0.2,0.3,0.45,16.626133056098777
209,14.002332,-72.83284,4250,0.5,0.35,4.044947386218316,5.112713235563581,/Users/shannonbowes/Research/ysg/candidates_and_lcs/2022_asassn_lc_data/pysynphot_data/grid/bosz/r2000/m-0.75/bosz2024_ms_t4250_g+0.5_m-0.75_a+0.00_c+0.00_v2_r2000_resam.txt.gz,4250,2.5,0.35,4.063717532734767,0.125970769116856,/Users/shannonbowes/Research/ysg/candidates_and_lcs/2022_asassn_lc_data/pysynphot_data/grid/bosz/r2000/m-0.75/bosz2024_ms_t4250_g+2.5_m-0.75_a+0.00_c+0.00_v2_r2000_resam.txt.gz,1000,4255.0,4250.0,35.0,4250.0,4250.0,4250.0,3.6288854017248133,3.6283889300503116,0.003475301721504467,4.050665080631954,4.050744418414535,0.007154365647536282,4.043553909804223,4.050744418414535,4.058120103837859,0.1845,0.0,0.241266968315184,0.0,0.0,0.5,0.22819999999999996,0.15,0.09863954582214984,0.15,0.15,0.35,28.257979525566288,1000,4340.5,4250.0,128.68469217432195,4250.0,4250.0,4500.0,3.6373522450648905,3.6283889300503116,0.01270601355484295,4.055688413229714,4.055594683955356,0.006530503850671176,4.049133130635745,4.055594683955356,4.062212099288667,2.364,2.5,0.279291961932312,2.0,2.5,2.5,0.42524999999999996,0.3,0.2005864838417584,0.25,0.3,0.7,15.365989488865006
210,14.004046,-72.460983,4750,0.0,0.3,4.060816286282254,0.941258994731246,/Users/shannonbowes/Research/ysg/candidates_and_lcs/2022_asassn_lc_data/pysynphot_data/grid/bosz/r2000/m-0.75/bosz2024_ms_t4750_g+0.0_m-0.75_a+0.00_c+0.00_v2_r2000_resam.txt.gz,5000,1.5,0.65,4.079455551408019,0.05127334204049306,/Users/shannonbowes/Research/ysg/candidates_and_lcs/2022_asassn_lc_data/pysynphot_data/grid/bosz/r2000/m-0.75/bosz2024_ms_t5000_g+1.5_m-0.75_a+0.00_c+0.00_v2_r2000_resam.txt.gz,1000,4677.25,4750.0,119.97890439573116,4500.0,4750.0,4750.0,3.6698462719244906,3.6766936096248664,0.01122411044215882,4.065777188768459,4.065762336586335,0.006829964715540976,4.0589969304702125,4.065762336586335,4.072672517620721,0.447,0.5,0.45408259160641695,0.0,0.5,1.0,0.27129999999999993,0.3,0.10230498521577529,0.15,0.3,0.35,16.04252341653671,1000,4835.75,4750.0,185.63253351716128,4750.0,4750.0,5000.0,3.684147219954015,3.6766936096248664,0.01654233696414062,4.072800028322036,4.072679502276081,0.007902210962610581,4.06495003213698,4.072679502276081,4.080621944869382,2.44,2.5,0.23108440016582688,2.5,2.5,2.5,0.4997,0.45,0.21981790190973982,0.3,0.45,0.75,7.627507517188851
211,14.007276,-72.499931,5250,2.5,0.85,4.2060054378045235,103.96342782767167,/Users/shannonbowes/Research/ysg/candidates_and_lcs/2022_asassn_lc_data/pysynphot_data/grid/bosz/r2000/m-0.75/bosz2024_ms_t5250_g+2.5_m-0.75_a+0.00_c+0.00_v2_r2000_resam.txt.gz,4500,2.5,0.4,4.147156453792164,1.1575339392955604,/Users/shannonbowes/Research/ysg/candidates_and_lcs/2022_asassn_lc_data/pysynphot_data/grid/bosz/r2000/m-0.75/bosz2024_ms_t4500_g+2.5_m-0.75_a+0.00_c+0.00_v2_r2000_resam.txt.gz,1000,5086.0,5000.0,119.28537211242626,5000.0,5000.0,5250.0,3.7062580361204365,3.6989700043360187,0.010113413705155175,4.212965232720464,4.213101030052991,0.007942741461345153,4.204985227040593,4.213101030052991,4.22122438401653,2.5,2.5,0.0,2.5,2.5,2.5,0.76575,0.7,0.12802123847237223,0.65,0.7,0.95,206.4403118994135,1000,4505.0,4500.0,89.30285549745876,4500.0,4500.0,4500.0,3.6536100547072685,3.6532125137753435,0.008566706008755864,4.148364795945636,4.148601446171099,0.008105238471634683,4.140479297953024,4.148601446171099,4.156064514507254,2.4905,2.5,0.06826236151789654,2.5,2.5,2.5,0.40245000000000003,0.4,0.1306962030818034,0.3,0.4,0.5,18.500163221868192
212,14.018476,-71.629814,4250,0.0,0.25,4.013031396116615,3.560522125017263,/Users/shannonbowes/Research/ysg/candidates_and_lcs/2022_asassn_lc_data/pysynphot_data/grid/bosz/r2000/m-0.75/bosz2024_ms_t4250_g+0.0_m-0.75_a+0.00_c+0.00_v2_r2000_resam.txt.gz,4500,0.0,0.6,4.031096665266453,0.013236468956221034,/Users/shannonbowes/Research/ysg/candidates_and_lcs/2022_asassn_lc_data/pysynphot_data/grid/bosz/r2000/m-0.75/bosz2024_ms_t4500_g+0.0_m-0.75_a+0.00_c+0.00_v2_r2000_resam.txt.gz,1000,4257.5,4250.0,42.64680527307995,4250.0,4250.0,4250.0,3.629133637562064,3.6283889300503116,0.0042345861652057296,4.011695706232496,4.012057151313019,0.007790478730257886,4.003532061269637,4.012057151313019,4.019340115767201,0.0,0.0,0.0,0.0,0.0,0.0,0.24805000000000002,0.25,0.08728515051255856,0.2,0.25,0.25,22.64361977367167,1000,4526.25,4500.0,184.0473784111037,4250.0,4500.0,4750.0,3.6553773115554296,3.6532125137753435,0.017740992431987585,4.020909317057499,4.020950022935469,0.007950611038746943,4.0129100722296,4.020950022935469,4.028739116624566,1.5675,1.5,0.7600616751290648,1.0,1.5,2.5,0.6627000000000001,0.65,0.25904383798886244,0.3,0.65,0.95,6.262971525382104
213,14.029873,-72.470512,12000,2.0,0.4,4.37026898879716,5.105438738530866,/Users/shannonbowes/Research/ysg/candidates_and_lcs/2022_asassn_lc_data/pysynphot_data/grid/bosz/r2000/m-0.75/bosz2024_ap_t12000_g+2.0_m-0.75_a+0.00_c+0.00_v2_r2000_resam.txt.gz,11000,2.0,0.55,4.224653188886561,0.010878807716961354,/Users/shannonbowes/Research/ysg/candidates_and_lcs/2022_asassn_lc_data/pysynphot_data/grid/bosz/r2000/m-0.75/bosz2024_ap_t11000_g+2.0_m-0.75_a+0.00_c+0.00_v2_r2000_resam.txt.gz,1000,11999.25,12000.0,13.672508913875317,12000.0,12000.0,12000.0,4.079153815909305,4.079181246047625,0.0005000517475782482,4.3448016831939595,4.345241622580026,0.013143856514754233,4.331231511086364,4.345241622580026,4.357765900771136,2.0,2.0,0.0,2.0,2.0,2.0,0.513,0.5,0.04184495190581536,0.45,0.5,0.55,34.7770884851338,1000,9274.0,8500.0,1408.2077261540642,8250.0,8500.0,11000.0,3.9627431638196184,3.929418925714293,0.06113859007697299,4.144304681814682,4.120812703255488,0.06910187414702539,4.089204427239237,4.120812703255488,4.219542776552775,2.3265,2.5,0.3333882871367859,2.0,2.5,2.5,0.32280000000000003,0.25,0.19668543413277964,0.15,0.25,0.6,4.094035104266041
214,14.037303,-72.277908,4500,0.0,0.8,4.142065337000614,20.920939527955515,/Users/shannonbowes/Research/ysg/candidates_and_lcs/2022_asassn_lc_data/pysynphot_data/grid/bosz/r2000/m-0.75/bosz2024_ms_t4500_g+0.0_m-0.75_a+0.00_c+0.00_v2_r2000_resam.txt.gz,4500,0.0,0.8,4.135048995377323,6.458091719295185,/Users/shannonbowes/Research/ysg/candidates_and_lcs/2022_asassn_lc_data/pysynphot_data/grid/bosz/r2000/m-0.75/bosz2024_ms_t4500_g+0.0_m-0.75_a+0.00_c+0.00_v2_r2000_resam.txt.gz,1000,4496.5,4500.0,29.37260628544903,4500.0,4500.0,4500.0,3.6528649836031937,3.6532125137753435,0.0029165334053969697,4.126952874179953,4.126879410611787,0.00794591776508918,4.118973534799974,4.126879410611787,4.134695402479414,0.083,0.0,0.18737929448047347,0.0,0.0,0.5,0.7802500000000001,0.75,0.08060668396603349,0.75,0.75,0.85,56.81204309181575,1000,4439.25,4500.0,171.7467248596025,4250.0,4500.0,4500.0,3.646987064676088,3.6532125137753435,0.016706683729814445,4.1334848244952385,4.133322953901029,0.007896647788064586,4.125964980151572,4.133322953901029,4.141594435159473,0.0435,0.0,0.24669363591304905,0.0,0.0,0.0,0.5581499999999999,0.6,0.25586339617069104,0.25,0.6,0.75,37.47196483761032
215,14.045771,-72.44059,4500,0.5,0.4,4.073665799128948,1.437036240507054,/Users/shannonbowes/Research/ysg/candidates_and_lcs/2022_asassn_lc_data/pysynphot_data/grid/bosz/r2000/m-0.75/bosz2024_ms_t4500_g+0.5_m-0.75_a+0.00_c+0.00_v2_r2000_resam.txt.gz,4500,0.5,0.4,4.073665799128948,0.04648684163699215,/Users/shannonbowes/Research/ysg/candidates_and_lcs/2022_asassn_lc_data/pysynphot_data/grid/bosz/r2000/m-0.75/bosz2024_ms_t4500_g+0.5_m-0.75_a+0.00_c+0.00_v2_r2000_resam.txt.gz,1000,4288.5,4250.0,90.2371874561702,4250.0,4250.0,4250.0,3.6322117619439678,3.6283889300503116,0.008960041511718558,4.072974567710857,4.073001519382613,0.007048200919246967,4.065949164546395,4.073001519382613,4.07987997016342,0.702,1.0,0.3357022490243401,0.5,1.0,1.0,0.19479999999999997,0.15,0.086214615930247,0.15,0.15,0.2079999999999984,17.869493390698874,1000,4391.75,4500.0,138.63418589943825,4250.0,4500.0,4500.0,3.6424222848982644,3.6532125137753435,0.013659603283619507,4.07790442549804,4.077660862239979,0.0065605223806349,4.0716321769961725,4.077660862239979,4.084453312411585,2.4265,2.5,0.22326609684410215,2.5,2.5,2.5,0.35650000000000004,0.4,0.19462206966323217,0.15,0.4,0.55,8.619656382949103
216,14.057666,-72.04567,11750,2.5,0.6,4.317431592048147,0.3423319580565937,/Users/shannonbowes/Research/ysg/candidates_and_lcs/2022_asassn_lc_data/pysynphot_data/grid/bosz/r2000/m-0.75/bosz2024_ap_t11750_g+2.5_m-0.75_a+0.00_c+0.00_v2_r2000_resam.txt.gz,8500,2.5,0.3,4.1213356955249845,0.003927927304551191,/Users/shannonbowes/Research/ysg/candidates_and_lcs/2022_asassn_lc_data/pysynphot_data/grid/bosz/r2000/m-0.75/bosz2024_ap_t8500_g+2.5_m-0.75_a+0.00_c+0.00_v2_r2000_resam.txt.gz,1000,10893.75,10750.0,590.4645946202024,10250.0,10750.0,11500.0,4.036549324917526,4.031408464251625,0.023273527133716488,4.280217141131965,4.276295413847082,0.02771625289580123,4.253220932103069,4.276295413847082,4.308673258299325,2.2105,2.0,0.2914442485279132,2.0,2.0,2.5,0.4878,0.5,0.07570442523393199,0.4,0.5,0.55,8.071058530133678,1000,9242.25,8500.0,1580.5070191239265,8250.0,8500.0,11000.0,3.9602342023164745,3.929418925714293,0.06710938941193477,4.178408420233621,4.142483374381514,0.08329288526802583,4.121178792098657,4.142483374381514,4.25603959334471,2.3615,2.5,0.3695507407650538,2.0,2.5,3.0,0.31455000000000005,0.2,0.1998269188572951,0.15,0.2,0.6,2.3094599944718697
217,14.061519,-72.42244,4250,0.5,0.2,3.9821043353506713,2.7377972760138087,/Users/shannonbowes/Research/ysg/candidates_and_lcs/2022_asassn_lc_data/pysynphot_data/grid/bosz/r2000/m-0.75/bosz2024_ms_t4250_g+0.5_m-0.75_a+0.00_c+0.00_v2_r2000_resam.txt.gz,4250,2.5,0.25,3.9826181066785837,0.6133278378766296,/Users/shannonbowes/Research/ysg/candidates_and_lcs/2022_asassn_lc_data/pysynphot_data/grid/bosz/r2000/m-0.75/bosz2024_ms_t4250_g+2.5_m-0.75_a+0.00_c+0.00_v2_r2000_resam.txt.gz,1000,4263.5,4250.0,56.50442460551209,4250.0,4250.0,4250.0,3.629729403571465,3.6283889300503116,0.00561056926011873,3.9781287554004363,3.9781932688754305,0.006825797494725679,3.971224621913402,3.9781932688754305,3.984746494699384,0.577,0.5,0.2146415616790001,0.5,0.5,1.0,0.2214,0.2,0.09670594604262966,0.15,0.2,0.3,23.24379837072292,1000,4352.0,4250.0,131.70421405558744,4250.0,4250.0,4500.0,3.6384927874283663,3.6283889300503116,0.01300547800940507,3.9857003403866296,3.9856773732732584,0.006796765831317643,3.9788170314275986,3.9856773732732584,3.992473706176086,2.4145,2.5,0.21665583306248645,2.5,2.5,2.5,0.3677,0.25,0.20888204805583463,0.15,0.25,0.6,16.033856221676654
218,14.087205,-72.84552,9000,2.0,1.0,4.043164211024607,55.40871259536597,/Users/shannonbowes/Research/ysg/candidates_and_lcs/2022_asassn_lc_data/pysynphot_data/grid/bosz/r2000/m-0.75/bosz2024_ap_t9000_g+2.0_m-0.75_a+0.00_c+0.00_v2_r2000_resam.txt.gz,12000,2.0,0.9,4.298732302101383,21.338171387778985,/Users/shannonbowes/Research/ysg/candidates_and_lcs/2022_asassn_lc_data/pysynphot_data/grid/bosz/r2000/m-0.75/bosz2024_ap_t12000_g+2.0_m-0.75_a+0.00_c+0.00_v2_r2000_resam.txt.gz,1000,9073.75,9000.0,149.15910129790942,9000.0,9000.0,9250.0,3.9577282545137176,3.9542425094393248,0.007128199931232904,4.042196774831007,4.042177956381565,0.008018668617948305,4.034199562870563,4.042177956381565,4.050233486288354,2.042,2.0,0.13869390758068648,2.0,2.0,2.0,0.9875499999999999,1.0,0.026692648800746628,0.95,1.0,1.0,129.0591181916119,1000,11999.5,12000.0,15.803480629279107,12000.0,12000.0,12000.0,4.079162762641931,4.079181246047625,0.0005842042876968926,4.347571462493343,4.34531608434864,0.02814057530313117,4.319436099562651,4.34531608434864,4.376566374339852,2.0,2.0,0.0,2.0,2.0,2.0,0.77925,0.8,0.08638250690967472,0.7,0.8,0.85,65.33610547676763
219,14.090327,-72.459961,4750,1.5,0.15,4.092440225796686,3.1514882912263147,/Users/shannonbowes/Research/ysg/candidates_and_lcs/2022_asassn_lc_data/pysynphot_data/grid/bosz/r2000/m-0.75/bosz2024_ms_t4750_g+1.5_m-0.75_a+0.00_c+0.00_v2_r2000_resam.txt.gz,5000,2.0,0.35,4.101786400923689,0.1556157606344147,/Users/shannonbowes/Research/ysg/candidates_and_lcs/2022_asassn_lc_data/pysynphot_data/grid/bosz/r2000/m-0.75/bosz2024_ms_t5000_g+2.0_m-0.75_a+0.00_c+0.00_v2_r2000_resam.txt.gz,1000,4882.5,4750.0,153.92774278862143,4750.0,4750.0,5000.0,3.6884311577103097,3.6766936096248664,0.01346835944859687,4.092457174723668,4.092587369434444,0.006847541214650461,4.0854817358232225,4.092587369434444,4.099226281326274,0.9665,1.0,0.5144198188250526,0.5,1.0,1.5,0.24189999999999998,0.15,0.13059245766888683,0.15,0.15,0.35,22.427361116724736,1000,4860.5,4750.0,155.45015278217002,4750.0,4750.0,5000.0,3.686464488853587,3.6766936096248664,0.013624966194151392,4.091066829638134,4.090937900363599,0.008143704474061073,4.0832026159253525,4.090937900363599,4.099075202782875,2.471,2.5,0.1454613350688079,2.5,2.5,2.5,0.2685,0.2,0.1552989053406366,0.15,0.2,0.4,8.588781167775672
220,14.094011,-72.476639,12000,2.0,0.55,4.74589185255857,20.92507133357539,/Users/shannonbowes/Research/ysg/candidates_and_lcs/2022_asassn_lc_data/pysynphot_data/grid/bosz/r2000/m-0.75/bosz2024_ap_t12000_g+2.0_m-0.75_a+0.00_c+0.00_v2_r2000_resam.txt.gz,8500,2.5,0.15,4.550291397651782,0.27309828291191235,/Users/shannonbowes/Research/ysg/candidates_and_lcs/2022_asassn_lc_data/pysynphot_data/grid/bosz/r2000/m-0.75/bosz2024_ap_t8500_g+2.5_m-0.75_a+0.00_c+0.00_v2_r2000_resam.txt.gz,1000,12002.0,12000.0,63.21392251711643,12000.0,12000.0,12000.0,4.079248192837256,4.079181246047625,0.002115984586239634,4.744715303290912,4.744328849512534,0.010000960458632765,4.7346998256613455,4.744328849512534,4.754546368921869,2.001,2.0,0.03160696125855822,2.0,2.0,2.0,0.59365,0.6,0.03481633955486991,0.55,0.6,0.6,77.56630068716427,1000,8085.5,8000.0,176.2519503438189,8000.0,8000.0,8250.0,3.9076068402640693,3.9030899869919438,0.009257726569350247,4.505207436478422,4.503842676348399,0.016013455492494263,4.490170038552876,4.503842676348399,4.522623653937553,2.4655,2.5,0.12868469217432196,2.5,2.5,2.5,0.16704999999999995,0.15,0.027509952744415977,0.15,0.15,0.2,13.745934934398989
221,14.099992,-72.487503,9750,2.0,1.0,4.131857559621379,1.611068886157644,/Users/shannonbowes/Research/ysg/candidates_and_lcs/2022_asassn_lc_data/pysynphot_data/grid/bosz/r2000/m-0.75/bosz2024_ap_t9750_g+2.0_m-0.75_a+0.00_c+0.00_v2_r2000_resam.txt.gz,7250,2.5,0.35,4.0735142564119,0.020369738434699743,/Users/shannonbowes/Research/ysg/candidates_and_lcs/2022_asassn_lc_data/pysynphot_data/grid/bosz/r2000/m-0.75/bosz2024_ms_t7250_g+2.5_m-0.75_a+0.00_c+0.00_v2_r2000_resam.txt.gz,1000,9654.25,9750.0,313.8780615143403,9500.0,9750.0,9750.0,3.9844472853452846,3.989004615698537,0.01602260911032126,4.128702361454977,4.128804386903154,0.009179569182131026,4.120785689798361,4.128804386903154,4.137334268579989,2.008,2.0,0.0627375485654325,2.0,2.0,2.0,0.9895,1.0,0.08888053780215328,1.0,1.0,1.0,21.33351630370585,1000,6937.25,6750.0,391.3118162028844,6750.0,6750.0,7000.0,3.8405696208321682,3.829303772831025,0.02253819300036534,4.064393931216504,4.063463853542273,0.009731472337326807,4.055421590965469,4.063463853542273,4.073482734553783,2.0525,2.0,0.38404915050029725,1.5,2.0,2.5,0.23425,0.15,0.17382300624485816,0.15,0.15,0.3,2.9466497161040768
222,14.10552,-72.471741,4750,2.5,0.95,4.47126231324676,19.657589153871694,/Users/shannonbowes/Research/ysg/candidates_and_lcs/2022_asassn_lc_data/pysynphot_data/grid/bosz/r2000/m-0.75/bosz2024_ms_t4750_g+2.5_m-0.75_a+0.00_c+0.00_v2_r2000_resam.txt.gz,4250,1.5,0.25,4.474023538623404,0.2292936407212114,/Users/shannonbowes/Research/ysg/candidates_and_lcs/2022_asassn_lc_data/pysynphot_data/grid/bosz/r2000/m-0.75/bosz2024_ms_t4250_g+1.5_m-0.75_a+0.00_c+0.00_v2_r2000_resam.txt.gz,1000,4721.0,4750.0,80.05623023850174,4750.0,4750.0,4750.0,3.67396980250632,3.6766936096248664,0.007519232062326914,4.477111207617018,4.476826672231335,0.008139169441475443,4.468868269816078,4.476826672231335,4.485436764717556,2.5,2.5,0.0,2.5,2.5,2.5,0.9556499999999999,1.0,0.09124460258009788,0.95,1.0,1.0,64.17713931665635,1000,4308.0,4250.0,107.289328453486,4250.0,4250.0,4500.0,3.6341439740108936,3.6283889300503116,0.010636871017442677,4.464978818569536,4.464831672080706,0.006127307489318036,4.458796896146127,4.464831672080706,4.470774784963234,2.3705,2.5,0.2738243049840536,2.0,2.5,2.5,0.4316,0.35,0.1688088860220338,0.3,0.35,0.7,15.338667467342551
223,14.113846,-72.468483,4250,1.0,0.2,4.103157094344886,10.788660613172716,/Users/shannonbowes/Research/ysg/candidates_and_lcs/2022_asassn_lc_data/pysynphot_data/grid/bosz/r2000/m-0.75/bosz2024_ms_t4250_g+1.0_m-0.75_a+0.00_c+0.00_v2_r2000_resam.txt.gz,4500,2.5,0.5,4.114945805453071,2.948749057160109,/Users/shannonbowes/Research/ysg/candidates_and_lcs/2022_asassn_lc_data/pysynphot_data/grid/bosz/r2000/m-0.75/bosz2024_ms_t4500_g+2.5_m-0.75_a+0.00_c+0.00_v2_r2000_resam.txt.gz,1000,4289.5,4250.0,91.18525100036737,4250.0,4250.0,4250.0,3.632311056278868,3.6283889300503116,0.009054178850782676,4.102757382631921,4.103060742179313,0.007823398430550582,4.0946737362881676,4.103060742179313,4.110945573519097,0.687,0.5,0.3279191973642287,0.5,0.5,1.0,0.21149999999999997,0.2,0.09540833296940053,0.15,0.2,0.25,39.59682841465905,1000,4373.5,4250.0,125.49003944536793,4250.0,4250.0,4500.0,3.6406504379226026,3.6283889300503116,0.012456493839430486,4.11214535804785,4.111973361371094,0.007573232420163677,4.104359792270546,4.111973361371094,4.119625249528455,2.496,2.5,0.044542114902640165,2.5,2.5,2.5,0.29535,0.2,0.14928455211441002,0.15,0.2,0.45,25.380565586582918
224,14.115696,-73.507523,4500,1.5,0.15,4.374388577785952,1148.5216124704684,/Users/shannonbowes/Research/ysg/candidates_and_lcs/2022_asassn_lc_data/pysynphot_data/grid/bosz/r2000/m-0.75/bosz2024_ms_t4500_g+1.5_m-0.75_a+0.00_c+0.00_v2_r2000_resam.txt.gz,4000,0.0,0.9,4.193500318645819,895.1183121759636,/Users/shannonbowes/Research/ysg/candidates_and_lcs/2022_asassn_lc_data/pysynphot_data/grid/bosz/r2000/m-0.75/bosz2024_ms_t4000_g+0.0_m-0.75_a+0.00_c+0.00_v2_r2000_resam.txt.gz,1000,4500.0,4500.0,0.0,4500.0,4500.0,4500.0,3.6532125137753435,3.6532125137753435,0.0,4.370420129633656,4.370542667301784,0.00933730925896728,4.361324304444572,4.370542667301784,4.379409180005601,1.83,1.5,0.4106093033529562,1.5,1.5,2.5,0.229,0.2,0.07432361670424818,0.15,0.2,0.3,1354.098660906759,1000,4014.25,4000.0,57.96065475820645,4000.0,4000.0,4000.0,3.6035607408351362,3.6020599913279625,0.006104170109744195,4.206723500479139,4.205734679456704,0.01230797036105617,4.195865303896312,4.205734679456704,4.215814043510283,0.02,0.0,0.14352700094407322,0.0,0.0,0.0,0.9947,1.0,0.022066037251849278,1.0,1.0,1.0,1099.3243175149998
225,14.127534,-72.231476,4500,0.0,0.35,3.994613732114989,0.24581965265172787,/Users/shannonbowes/Research/ysg/candidates_and_lcs/2022_asassn_lc_data/pysynphot_data/grid/bosz/r2000/m-0.75/bosz2024_ms_t4500_g+0.0_m-0.75_a+0.00_c+0.00_v2_r2000_resam.txt.gz,4500,0.5,0.5,3.978402805042387,0.01281711237804901,/Users/shannonbowes/Research/ysg/candidates_and_lcs/2022_asassn_lc_data/pysynphot_data/grid/bosz/r2000/m-0.75/bosz2024_ms_t4500_g+0.5_m-0.75_a+0.00_c+0.00_v2_r2000_resam.txt.gz,1000,4465.5,4500.0,103.36706438706673,4250.0,4500.0,4500.0,3.6497519545365256,3.6532125137753435,0.010169485180808912,3.984083827444869,3.9839007033729685,0.007767743685464116,3.9765102852905425,3.9839007033729685,3.991647945595726,0.215,0.0,0.35252659474144643,0.0,0.0,0.5,0.34085000000000004,0.35,0.11170844865094134,0.2,0.35,0.4,5.533248128894911,1000,4544.0,4500.0,153.91231269784754,4500.0,4500.0,4750.0,3.657189355644059,3.6532125137753435,0.014705149743210709,3.9835483899742754,3.983394409873945,0.007575372337569199,3.9762540631603276,3.983394409873945,3.9905889033525535,1.306,1.0,0.8799795452168193,0.5,1.0,2.5,0.53555,0.5,0.20325771203081078,0.4,0.5,0.8,1.4920961391496332
226,14.128729,-71.77256,5250,2.5,0.55,4.139282474992955,84.9619541426249,/Users/shannonbowes/Research/ysg/candidates_and_lcs/2022_asassn_lc_data/pysynphot_data/grid/bosz/r2000/m-0.75/bosz2024_ms_t5250_g+2.5_m-0.75_a+0.00_c+0.00_v2_r2000_resam.txt.gz,4500,2.5,0.25,4.039465880292826,0.2623341643644265,/Users/shannonbowes/Research/ysg/candidates_and_lcs/2022_asassn_lc_data/pysynphot_data/grid/bosz/r2000/m-0.75/bosz2024_ms_t4500_g+2.5_m-0.75_a+0.00_c+0.00_v2_r2000_resam.txt.gz,1000,5110.5,5000.0,124.15615168005168,5000.0,5000.0,5250.0,3.708335674524931,3.6989700043360187,0.010523127317284936,4.160700375458845,4.160784263997911,0.008745904076673309,4.151928877268736,4.160784263997911,4.1697327995659155,2.5,2.5,0.0,2.5,2.5,2.5,0.39815,0.3,0.13983589489111872,0.25,0.3,0.55,152.11533361758734,1000,4527.25,4500.0,98.46287371390295,4500.0,4500.0,4500.0,3.655734261155186,3.6532125137753435,0.00927415195733339,4.043915714146725,4.043582054184764,0.010689525833965038,4.034241318501216,4.043582054184764,4.054382956829201,2.4555,2.5,0.1930537489923467,2.5,2.5,2.5,0.31935,0.3,0.1395817950163989,0.2,0.3,0.4,12.156026094087585
227,14.129824,-72.152824,4500,0.0,0.35,4.104571089369347,0.34831961181706383,/Users/shannonbowes/Research/ysg/candidates_and_lcs/2022_asassn_lc_data/pysynphot_data/grid/bosz/r2000/m-0.75/bosz2024_ms_t4500_g+0.0_m-0.75_a+0.00_c+0.00_v2_r2000_resam.txt.gz,4250,1.0,0.15,4.105079236169568,0.00661810186230469,/Users/shannonbowes/Research/ysg/candidates_and_lcs/2022_asassn_lc_data/pysynphot_data/grid/bosz/r2000/m-0.75/bosz2024_ms_t4250_g+1.0_m-0.75_a+0.00_c+0.00_v2_r2000_resam.txt.gz,1000,4473.5,4500.0,80.14206136605172,4500.0,4500.0,4500.0,3.6505758439489884,3.6532125137753435,0.007939556263473948,4.110365501647631,4.110428987015063,0.007538861733707331,4.1024003865028345,4.110428987015063,4.118543346498499,0.059,0.0,0.16130406070524078,0.0,0.0,0.0,0.3818000000000001,0.4,0.09412098597018628,0.35,0.4,0.45,8.94754277345343,1000,4537.5,4500.0,130.26415470113028,4500.0,4500.0,4750.0,3.6566399480400555,3.6532125137753435,0.012351133498069844,4.113696705177457,4.113617291335677,0.007909688928087678,4.106118868217799,4.113617291335677,4.121645013561854,0.805,0.5,0.8859881489049388,0.0,0.5,2.0,0.48495,0.45,0.17666634512549356,0.35,0.45,0.7,5.016120522619954
228,14.148048,-72.254349,4500,0.0,0.45,4.01889717737775,0.35627657655043965,/Users/shannonbowes/Research/ysg/candidates_and_lcs/2022_asassn_lc_data/pysynphot_data/grid/bosz/r2000/m-0.75/bosz2024_ms_t4500_g+0.0_m-0.75_a+0.00_c+0.00_v2_r2000_resam.txt.gz,4500,0.5,0.45,4.022720487102142,0.006074886499215556,/Users/shannonbowes/Research/ysg/candidates_and_lcs/2022_asassn_lc_data/pysynphot_data/grid/bosz/r2000/m-0.75/bosz2024_ms_t4500_g+0.5_m-0.75_a+0.00_c+0.00_v2_r2000_resam.txt.gz,1000,4424.0,4500.0,116.0775602776006,4250.0,4500.0,4500.0,3.6456634593471837,3.6532125137753435,0.011518457166872597,4.016441001578534,4.016298731787234,0.008046733252232735,4.008282459507168,4.016298731787234,4.0243950373273885,0.1635,0.0,0.23455862806556488,0.0,0.0,0.5,0.3606000000000001,0.4,0.13728670729535325,0.15,0.4,0.45,5.023215990791076,1000,4556.0,4500.0,163.52064089893972,4500.0,4500.0,4750.0,3.658301921072184,3.6532125137753435,0.01567507921242878,4.01938700978607,4.0192849324614945,0.007962108714857941,4.011880164254176,4.0192849324614945,4.027363991484557,1.329,1.0,0.8439543826534702,0.5,1.0,2.5,0.6031,0.55,0.2285178111220217,0.45,0.55,0.85,1.565391323684576
229,14.159138,-72.310638,10500,2.0,0.6,4.2613615770345685,0.17813228897162772,/Users/shannonbowes/Research/ysg/candidates_and_lcs/2022_asassn_lc_data/pysynphot_data/grid/bosz/r2000/m-0.75/bosz2024_ap_t10500_g+2.0_m-0.75_a+0.00_c+0.00_v2_r2000_resam.txt.gz,11500,2.5,0.7,4.320861564371188,0.003916021907186625,/Users/shannonbowes/Research/ysg/candidates_and_lcs/2022_asassn_lc_data/pysynphot_data/grid/bosz/r2000/m-0.75/bosz2024_ap_t11500_g+2.5_m-0.75_a+0.00_c+0.00_v2_r2000_resam.txt.gz,1000,10965.25,10750.0,659.6248460299233,10250.0,10750.0,11500.0,4.039252246549391,4.031408464251625,0.02565003964210284,4.290999835345802,4.284026282855291,0.03336847496609491,4.260407325561968,4.284026282855291,4.321282265617416,2.2355,2.0,0.3350966278553098,2.0,2.0,2.5,0.6228,0.6,0.08154851316854281,0.55,0.6,0.7,4.718636791702547,1000,9670.0,8250.0,2087.7260356665574,8000.0,8250.0,12000.0,3.9760189958869687,3.916453948549925,0.08873079113786303,4.232363031004843,4.172178867651925,0.10808959500116115,4.143530562026811,4.172178867651925,4.344192596446648,2.2805,2.0,0.3867424853827156,2.0,2.0,3.0,0.41765,0.25,0.2788296567799057,0.15,0.25,0.75,2.2391399039102935
230,14.19015,-72.242996,4000,1.0,0.15,4.161606451095971,729.5542364043839,/Users/shannonbowes/Research/ysg/candidates_and_lcs/2022_asassn_lc_data/pysynphot_data/grid/bosz/r2000/m-0.75/bosz2024_ms_t4000_g+1.0_m-0.75_a+0.00_c+0.00_v2_r2000_resam.txt.gz,4250,2.5,0.65,4.159808887744957,708.4215745706304,/Users/shannonbowes/Research/ysg/candidates_and_lcs/2022_asassn_lc_data/pysynphot_data/grid/bosz/r2000/m-0.75/bosz2024_ms_t4250_g+2.5_m-0.75_a+0.00_c+0.00_v2_r2000_resam.txt.gz,1000,4225.75,4250.0,73.98944181435618,4250.0,4250.0,4250.0,3.6258350229942446,3.6283889300503116,0.00779225391852399,4.161926020121237,4.162387168894781,0.008146511155594532,4.1542338133289665,4.162387168894781,4.169864497542444,0.1695,0.0,0.3232951437927888,0.0,0.0,0.5,0.2569,0.25,0.08335100479298377,0.2,0.25,0.3,912.83376232237,1000,4233.0,4250.0,89.22443611477743,4250.0,4250.0,4250.0,3.626550390857279,3.6283889300503116,0.00925525823230865,4.156303701641922,4.156562315210807,0.007860113714696745,4.14833731369702,4.156562315210807,4.164351024157218,2.449,2.5,0.1513241553751416,2.5,2.5,2.5,0.4672,0.5,0.1403536960681834,0.4,0.5,0.55,892.9194507944586
231,14.200639,-71.179138,4500,0.0,0.45,4.165861476463611,16.548428172813534,/Users/shannonbowes/Research/ysg/candidates_and_lcs/2022_asassn_lc_data/pysynphot_data/grid/bosz/r2000/m-0.75/bosz2024_ms_t4500_g+0.0_m-0.75_a+0.00_c+0.00_v2_r2000_resam.txt.gz,4500,0.0,0.4,4.163559023110693,9.776056261567257,/Users/shannonbowes/Research/ysg/candidates_and_lcs/2022_asassn_lc_data/pysynphot_data/grid/bosz/r2000/m-0.75/bosz2024_ms_t4500_g+0.0_m-0.75_a+0.00_c+0.00_v2_r2000_resam.txt.gz,1000,4500.5,4500.0,37.077621282924824,4500.0,4500.0,4500.0,3.6532460510882876,3.6532125137753435,0.0035745378282668857,4.157477302281219,4.157715443126151,0.0074295528949635935,4.149871552938247,4.157715443126151,4.165132395095849,0.006,0.0,0.0544426303552648,0.0,0.0,0.0,0.46880000000000005,0.45,0.06337633627782534,0.45,0.45,0.5,57.17838945305966,1000,4557.0,4500.0,128.4562182223967,4500.0,4500.0,4750.0,3.6585087876033575,3.6532125137753435,0.012120832819391034,4.16464310652035,4.164666207719932,0.007481019511719447,4.15708772025431,4.164666207719932,4.172318089418858,0.208,0.0,0.5125777989729949,0.0,0.0,0.5,0.4645,0.4,0.17253912599755453,0.35,0.4,0.7,43.656477729291296
232,14.242771,-72.521553,11250,3.0,1.0,4.218468601015322,1.6111355169769177,/Users/shannonbowes/Research/ysg/candidates_and_lcs/2022_asassn_lc_data/pysynphot_data/grid/bosz/r2000/m-0.75/bosz2024_ap_t11250_g+3.0_m-0.75_a+0.00_c+0.00_v2_r2000_resam.txt.gz,7250,2.0,0.15,4.083223571821834,0.029643170289158062,/Users/shannonbowes/Research/ysg/candidates_and_lcs/2022_asassn_lc_data/pysynphot_data/grid/bosz/r2000/m-0.75/bosz2024_ms_t7250_g+2.0_m-0.75_a+0.00_c+0.00_v2_r2000_resam.txt.gz,1000,10612.5,10500.0,522.9423964453447,10000.0,10500.0,11250.0,4.02529163541769,4.021189299069938,0.02136791759475606,4.193167390945587,4.18973180318705,0.02579237434803789,4.1672959121277975,4.18973180318705,4.219908520050054,2.333,2.5,0.32880237225421594,2.0,2.5,2.5,0.8986999999999999,0.9,0.07254867331660861,0.8,0.9,1.0,18.345715961513203,1000,7563.25,7500.0,441.9411018450309,7250.0,7500.0,7750.0,3.8780434841319793,3.8750612633917,0.023428589385761894,4.083921789307572,4.082778103749161,0.013498231724718689,4.073281307135654,4.082778103749161,4.0941086406763825,2.308,2.5,0.2571692049993544,2.0,2.5,2.5,0.2851,0.2,0.15583000352948723,0.15,0.2,0.45,4.3537165324523635
233,14.255295,-72.14254,4500,0.0,0.45,4.095971793685692,8.670958427636378,/Users/shannonbowes/Research/ysg/candidates_and_lcs/2022_asassn_lc_data/pysynphot_data/grid/bosz/r2000/m-0.75/bosz2024_ms_t4500_g+0.0_m-0.75_a+0.00_c+0.00_v2_r2000_resam.txt.gz,4500,0.0,0.4,4.10246716285325,5.620193740199761,/Users/shannonbowes/Research/ysg/candidates_and_lcs/2022_asassn_lc_data/pysynphot_data/grid/bosz/r2000/m-0.75/bosz2024_ms_t4500_g+0.0_m-0.75_a+0.00_c+0.00_v2_r2000_resam.txt.gz,1000,4478.5,4500.0,71.85227901743966,4500.0,4500.0,4500.0,3.6510750005992394,3.6532125137753435,0.007124624083732042,4.10361228154351,4.103294721567362,0.007219353878355741,4.096318780168477,4.103294721567362,4.111201357368506,0.035,0.0,0.12757350822173072,0.0,0.0,0.0,0.45270000000000005,0.45,0.09193862082933374,0.45,0.45,0.5,39.1936829972297,1000,4506.75,4500.0,142.36199457720448,4500.0,4500.0,4750.0,3.6536467482433044,3.6532125137753435,0.013722731809589021,4.107135783343046,4.107064801842443,0.007125100374429149,4.100026346358935,4.107064801842443,4.114274636396461,0.2685,0.0,0.5021531140996738,0.0,0.0,0.5,0.45215000000000005,0.45,0.1856417989031565,0.3,0.45,0.7,33.79528500025685
234,14.264679,-72.334267,4750,0.0,0.85,4.0760733096522905,11.142356518611559,/Users/shannonbowes/Research/ysg/candidates_and_lcs/2022_asassn_lc_data/pysynphot_data/grid/bosz/r2000/m-0.75/bosz2024_ms_t4750_g+0.0_m-0.75_a+0.00_c+0.00_v2_r2000_resam.txt.gz,4500,0.0,0.35,4.079988386272135,0.6999188111517859,/Users/shannonbowes/Research/ysg/candidates_and_lcs/2022_asassn_lc_data/pysynphot_data/grid/bosz/r2000/m-0.75/bosz2024_ms_t4500_g+0.0_m-0.75_a+0.00_c+0.00_v2_r2000_resam.txt.gz,1000,4539.25,4500.0,103.18399827492632,4500.0,4500.0,4750.0,3.656873538554084,3.6532125137753435,0.009764454987524738,4.0803417964500905,4.080330362527176,0.007605720462130304,4.07259713477229,4.080330362527176,4.088205303666184,0.0585,0.0,0.1637917885609654,0.0,0.0,0.0,0.5068000000000001,0.45,0.17764785391329665,0.4,0.45,0.85,39.44018596468474,1000,4527.25,4500.0,120.1870937330627,4500.0,4500.0,4500.0,3.6556844866965506,3.6532125137753435,0.011359457081166282,4.087788098630613,4.087539872542177,0.007693929167956445,4.080198587520761,4.087539872542177,4.095751039363979,0.526,0.0,0.8129108192169668,0.0,0.0,1.5,0.4174,0.4,0.15818419642935258,0.3,0.4,0.5,24.146529501925915
235,14.268831,-72.494507,4250,0.5,0.15,4.195574394365759,3.916496529826885,/Users/shannonbowes/Research/ysg/candidates_and_lcs/2022_asassn_lc_data/pysynphot_data/grid/bosz/r2000/m-0.75/bosz2024_ms_t4250_g+0.5_m-0.75_a+0.00_c+0.00_v2_r2000_resam.txt.gz,4500,2.5,0.65,4.197985884716572,2.105939034044308,/Users/shannonbowes/Research/ysg/candidates_and_lcs/2022_asassn_lc_data/pysynphot_data/grid/bosz/r2000/m-0.75/bosz2024_ms_t4500_g+2.5_m-0.75_a+0.00_c+0.00_v2_r2000_resam.txt.gz,1000,4316.0,4250.0,111.32834320154055,4250.0,4250.0,4500.0,3.6349396711779702,3.6283889300503116,0.011043964647895815,4.1954725820900425,4.195478540642229,0.006798546187620592,4.188740658998128,4.195478540642229,4.202228309055164,0.4495,0.5,0.20784549550086476,0.5,0.5,0.5,0.3275,0.25,0.18099378442366465,0.2,0.25,0.55,26.533196338108336,1000,4495.5,4500.0,156.46005880096044,4250.0,4500.0,4750.0,3.652514644035573,3.6532125137753435,0.015130788459656755,4.204118532304941,4.2040240154871515,0.007005794375427537,4.197280659706138,4.2040240154871515,4.2111638876493185,2.4525,2.5,0.1516369018412075,2.5,2.5,2.5,0.60445,0.6,0.23971378245732972,0.29200000000000015,0.6,0.9,19.4825629018909
236,14.270352,-72.241432,4250,0.0,0.15,4.038984321692208,2.757399144902625,/Users/shannonbowes/Research/ysg/candidates_and_lcs/2022_asassn_lc_data/pysynphot_data/grid/bosz/r2000/m-0.75/bosz2024_ms_t4250_g+0.0_m-0.75_a+0.00_c+0.00_v2_r2000_resam.txt.gz,4500,1.5,0.55,4.03798540356567,0.029825777881997854,/Users/shannonbowes/Research/ysg/candidates_and_lcs/2022_asassn_lc_data/pysynphot_data/grid/bosz/r2000/m-0.75/bosz2024_ms_t4500_g+1.5_m-0.75_a+0.00_c+0.00_v2_r2000_resam.txt.gz,1000,4300.25,4250.0,100.18701263137852,4250.0,4250.0,4500.0,3.633378470379044,3.6283889300503116,0.009948002784863415,4.031275548583593,4.031848389259645,0.007999548446741389,4.023233012288101,4.031848389259645,4.039001840858361,0.0055,0.0,0.05215122242095578,0.0,0.0,0.0,0.22964999999999997,0.15,0.15679087186440416,0.15,0.15,0.5,17.152575877743867,1000,4500.0,4500.0,150.83103128998357,4250.0,4500.0,4750.0,3.652968318768738,3.6532125137753435,0.01456921260784141,4.032074965624663,4.032183334663417,0.007515590981235655,4.024521873730755,4.032183334663417,4.039786098594933,1.013,1.0,0.7939338763398371,0.0,1.0,2.0,0.49835,0.5,0.203862153181997,0.2,0.5,0.75,3.32277573828585
237,14.276385,-72.254517,9750,2.0,0.8,4.041833886992169,0.05188475446187394,/Users/shannonbowes/Research/ysg/candidates_and_lcs/2022_asassn_lc_data/pysynphot_data/grid/bosz/r2000/m-0.75/bosz2024_ap_t9750_g+2.0_m-0.75_a+0.00_c+0.00_v2_r2000_resam.txt.gz,9750,2.0,0.9,4.02728615872875,0.016487540993555237,/Users/shannonbowes/Research/ysg/candidates_and_lcs/2022_asassn_lc_data/pysynphot_data/grid/bosz/r2000/m-0.75/bosz2024_ap_t9750_g+2.0_m-0.75_a+0.00_c+0.00_v2_r2000_resam.txt.gz,1000,10222.0,10250.0,519.4622219180139,9750.0,10250.0,10750.0,4.0089849003603355,4.010723865391773,0.02178506517963005,4.0712364120448195,4.065790173986613,0.02309392815218049,4.0512385653966785,4.065790173986613,4.09441763820527,2.2885,2.0,0.3471566649223374,2.0,2.0,2.5,0.8543,0.85,0.07669100338370857,0.8,0.85,0.95,7.456096934262717,1000,8458.0,7500.0,1604.6373422053969,7250.0,7500.0,10250.0,3.9201355599182035,3.8750612633917,0.07696098833445075,3.9962294774059637,3.9776175550539556,0.07121007333700187,3.9403633220838734,3.9776175550539556,4.049486898892269,2.302,2.5,0.3446679561549057,2.0,2.5,2.5,0.5039000000000001,0.35,0.36351037124131685,0.15,0.35,1.0,3.452385464249879
238,14.299565,-72.369591,4750,0.0,0.3,4.068992979411511,0.285212906949228,/Users/shannonbowes/Research/ysg/candidates_and_lcs/2022_asassn_lc_data/pysynphot_data/grid/bosz/r2000/m-0.75/bosz2024_ms_t4750_g+0.0_m-0.75_a+0.00_c+0.00_v2_r2000_resam.txt.gz,5250,2.5,0.85,4.069728088914822,0.018748812901988817,/Users/shannonbowes/Research/ysg/candidates_and_lcs/2022_asassn_lc_data/pysynphot_data/grid/bosz/r2000/m-0.75/bosz2024_ms_t5250_g+2.5_m-0.75_a+0.00_c+0.00_v2_r2000_resam.txt.gz,1000,4770.75,4750.0,80.66559055756053,4750.0,4750.0,4750.0,3.6785258021754506,3.6766936096248664,0.007235080564031185,4.055349859511415,4.055275295433129,0.007478374378212743,4.047895113969623,4.055275295433129,4.063172320136287,0.048,0.0,0.17662389419328292,0.0,0.0,0.0,0.3626999999999999,0.35,0.11986955409944594,0.3,0.35,0.4,9.537199625601573,1000,4911.25,4750.0,192.1872459347914,4750.0,4750.0,5250.0,3.690865795335441,3.6766936096248664,0.016754560200855705,4.071540654459755,4.071382707349011,0.010139498468631072,4.061604706168102,4.071382707349011,4.08175607911844,1.104,1.0,0.943230618671807,0.0,1.0,2.5,0.4542,0.4,0.23104622914040385,0.2,0.4,0.7,1.9995328035183053
239,14.311585,-71.504509,4500,0.0,0.4,4.163615263464693,1.335267392504872,/Users/shannonbowes/Research/ysg/candidates_and_lcs/2022_asassn_lc_data/pysynphot_data/grid/bosz/r2000/m-0.75/bosz2024_ms_t4500_g+0.0_m-0.75_a+0.00_c+0.00_v2_r2000_resam.txt.gz,4750,2.5,0.8,4.171978421024428,0.04778866822165755,/Users/shannonbowes/Research/ysg/candidates_and_lcs/2022_asassn_lc_data/pysynphot_data/grid/bosz/r2000/m-0.75/bosz2024_ms_t4750_g+2.5_m-0.75_a+0.00_c+0.00_v2_r2000_resam.txt.gz,1000,4519.75,4500.0,106.8758040905424,4500.0,4500.0,4500.0,3.654993683514303,3.6532125137753435,0.010227487027658732,4.160465516678761,4.1603701489761225,0.007451660330072902,4.153117021506373,4.1603701489761225,4.168212916137763,0.092,0.0,0.20008997975910742,0.0,0.0,0.5,0.4670000000000001,0.4,0.171743995528228,0.35,0.4,0.6,13.241965473094103,1000,4574.0,4500.0,140.1748907615055,4500.0,4500.0,4750.0,3.660092868583298,3.6532125137753435,0.013279034995230973,4.163047596429247,4.163066826742165,0.007273292287399615,4.155811886401995,4.163066826742165,4.170135352296235,0.6305,0.5,0.7383899714920295,0.0,0.5,1.5,0.5542,0.5,0.18971652537404327,0.4,0.5,0.8,8.139714864190776
240,14.338515,-72.110527,4500,0.0,0.45,4.136075185693508,1.5760082094342949,/Users/shannonbowes/Research/ysg/candidates_and_lcs/2022_asassn_lc_data/pysynphot_data/grid/bosz/r2000/m-0.75/bosz2024_ms_t4500_g+0.0_m-0.75_a+0.00_c+0.00_v2_r2000_resam.txt.gz,4750,0.5,0.75,4.133547048487595,0.05075624359576945,/Users/shannonbowes/Research/ysg/candidates_and_lcs/2022_asassn_lc_data/pysynphot_data/grid/bosz/r2000/m-0.75/bosz2024_ms_t4750_g+0.5_m-0.75_a+0.00_c+0.00_v2_r2000_resam.txt.gz,1000,4506.0,4500.0,66.81317235396027,4500.0,4500.0,4500.0,3.65374384036672,3.6532125137753435,0.006400945934650555,4.131446237565391,4.131244934864757,0.00747649172768618,4.124237815887971,4.131244934864757,4.138760100715713,0.026,0.0,0.11324310133513653,0.0,0.0,0.0,0.4235500000000001,0.4,0.11208433208972608,0.4,0.4,0.45,13.936913065888378,1000,4584.75,4500.0,144.49891868107525,4500.0,4500.0,4750.0,3.661101937530133,3.6532125137753435,0.01359501859597933,4.136410319985966,4.13622283273579,0.007491059592724504,4.1291356503317775,4.13622283273579,4.143775486299852,0.765,0.5,0.8338315177540364,0.0,0.5,1.5,0.5297000000000001,0.45,0.19504591767068596,0.35,0.45,0.75,4.947122889624665
241,14.347047,-72.02668,12000,2.0,0.55,4.420975169269191,48.0823680833776,/Users/shannonbowes/Research/ysg/candidates_and_lcs/2022_asassn_lc_data/pysynphot_data/grid/bosz/r2000/m-0.75/bosz2024_ap_t12000_g+2.0_m-0.75_a+0.00_c+0.00_v2_r2000_resam.txt.gz,9750,2.5,0.6,4.216491593753821,0.03256392530608819,/Users/shannonbowes/Research/ysg/candidates_and_lcs/2022_asassn_lc_data/pysynphot_data/grid/bosz/r2000/m-0.75/bosz2024_ap_t9750_g+2.5_m-0.75_a+0.00_c+0.00_v2_r2000_resam.txt.gz,1000,12000.0,12000.0,0.0,12000.0,12000.0,12000.0,4.079181246047625,4.079181246047625,0.0,4.422306313507979,4.422057331841298,0.008988555328147348,4.413493018494326,4.422057331841298,4.431781411286484,2.0,2.0,0.0,2.0,2.0,2.0,0.6104499999999999,0.6,0.03222262403964023,0.6,0.6,0.65,94.97196724047002,1000,8567.75,7750.0,1516.030157186855,7750.0,7750.0,10500.0,3.9271193512039244,3.88930170250631,0.06774686785077598,4.177705766037433,4.148704017192134,0.0713507441308945,4.134850645513029,4.148704017192134,4.2486664625866615,2.1845,2.0,0.27057300308789123,2.0,2.0,2.5,0.31765000000000004,0.2,0.23645502215009095,0.15,0.2,0.7,4.955851566855927
242,14.37155,-72.161362,6500,1.5,0.3,3.99871920362111,0.09156302446992048,/Users/shannonbowes/Research/ysg/candidates_and_lcs/2022_asassn_lc_data/pysynphot_data/grid/bosz/r2000/m-0.75/bosz2024_ms_t6500_g+1.5_m-0.75_a+0.00_c+0.00_v2_r2000_resam.txt.gz,6500,2.0,0.25,4.009181330727865,0.004655627950833064,/Users/shannonbowes/Research/ysg/candidates_and_lcs/2022_asassn_lc_data/pysynphot_data/grid/bosz/r2000/m-0.75/bosz2024_ms_t6500_g+2.0_m-0.75_a+0.00_c+0.00_v2_r2000_resam.txt.gz,1000,6626.0,6500.0,309.43335308269536,6500.0,6500.0,6750.0,3.8208125894782907,3.8129133566428557,0.01915948520862596,4.017444686061385,4.017727239316503,0.011211976615790502,4.006482851871246,4.017727239316503,4.029061555035796,1.9325,2.0,0.5618663097214497,1.0,2.0,2.5,0.2671,0.2,0.18875272183467978,0.15,0.2,0.3579999999999984,4.7300413499360765,1000,6572.0,6500.0,376.25257474202084,6250.0,6500.0,6750.0,3.8170274022756434,3.8129133566428557,0.023777522183603253,4.006103061212788,4.006994009271037,0.027749541235197822,3.979695644770187,4.006994009271037,4.031163396344679,2.0535,2.0,0.5008869632961114,1.5,2.0,2.5,0.2736,0.15,0.2180207329590468,0.15,0.15,0.45,2.3993172336780586
243,14.385288,-72.100685,4250,0.0,0.2,4.262703030440775,14.878555155403104,/Users/shannonbowes/Research/ysg/candidates_and_lcs/2022_asassn_lc_data/pysynphot_data/grid/bosz/r2000/m-0.75/bosz2024_ms_t4250_g+0.0_m-0.75_a+0.00_c+0.00_v2_r2000_resam.txt.gz,4750,0.5,0.85,4.2697198111684855,10.359245705396344,/Users/shannonbowes/Research/ysg/candidates_and_lcs/2022_asassn_lc_data/pysynphot_data/grid/bosz/r2000/m-0.75/bosz2024_ms_t4750_g+0.5_m-0.75_a+0.00_c+0.00_v2_r2000_resam.txt.gz,1000,4253.75,4250.0,30.388114452858044,4250.0,4250.0,4250.0,3.6287612838061882,3.6283889300503116,0.003017367613465496,4.262700403735234,4.262472879648934,0.007380469185129758,4.255299285102763,4.262472879648934,4.269990182572753,0.0,0.0,0.0,0.0,0.0,0.0,0.17784999999999995,0.15,0.05680561151858151,0.15,0.15,0.2,49.672448451747975,1000,4454.25,4500.0,151.5567138070762,4250.0,4500.0,4500.0,3.6485234667752326,3.6532125137753435,0.014766336425644533,4.27107989766193,4.270894317054033,0.008128254044205018,4.263227581553197,4.270894317054033,4.279007571555108,0.276,0.0,0.49327882581761,0.0,0.0,0.5,0.41995000000000005,0.45,0.2038614664422877,0.15,0.45,0.55,41.10820591841555
244,14.391292,-72.070297,5250,0.0,0.7,4.0508926395747995,5.739712984672235,/Users/shannonbowes/Research/ysg/candidates_and_lcs/2022_asassn_lc_data/pysynphot_data/grid/bosz/r2000/m-0.75/bosz2024_ms_t5250_g+0.0_m-0.75_a+0.00_c+0.00_v2_r2000_resam.txt.gz,5500,0.0,0.85,4.070111044512165,0.005937732652751614,/Users/shannonbowes/Research/ysg/candidates_and_lcs/2022_asassn_lc_data/pysynphot_data/grid/bosz/r2000/m-0.75/bosz2024_ms_t5500_g+0.0_m-0.75_a+0.00_c+0.00_v2_r2000_resam.txt.gz,1000,5155.5,5250.0,128.237085119711,5000.0,5250.0,5250.0,3.7121359455757776,3.720159303405957,0.010832491464591995,4.051184000671572,4.051356193258229,0.007221544433197375,4.043741301629551,4.051356193258229,4.05825672615815,0.1555,0.0,0.23679051923588498,0.0,0.0,0.5,0.60845,0.7,0.16182118989798586,0.4,0.7,0.75,32.060702352178225,1000,5452.75,5500.0,143.8921036749411,5250.0,5500.0,5500.0,3.736460273598006,3.7403626894942437,0.011694264958575559,4.068462866087072,4.068819310591208,0.007878373929912346,4.061094491649297,4.068819310591208,4.075838135944477,0.054,0.0,0.25609373284014586,0.0,0.0,0.0,0.82355,0.85,0.15381123983636566,0.65,0.85,0.95,10.743008169191981
245,14.408075,-72.058754,4500,0.0,0.55,4.248471200308385,8.956522168576829,/Users/shannonbowes/Research/ysg/candidates_and_lcs/2022_asassn_lc_data/pysynphot_data/grid/bosz/r2000/m-0.75/bosz2024_ms_t4500_g+0.0_m-0.75_a+0.00_c+0.00_v2_r2000_resam.txt.gz,4750,0.5,0.85,4.255559449181995,2.383322884896546,/Users/shannonbowes/Research/ysg/candidates_and_lcs/2022_asassn_lc_data/pysynphot_data/grid/bosz/r2000/m-0.75/bosz2024_ms_t4750_g+0.5_m-0.75_a+0.00_c+0.00_v2_r2000_resam.txt.gz,1000,4465.0,4500.0,86.74675786448736,4500.0,4500.0,4500.0,3.6497372120538394,3.6532125137753435,0.008613461626896687,4.2479740299202895,4.248372734821342,0.007499442224173714,4.240564588731016,4.248372734821342,4.255246391735924,0.002,0.0,0.031559467676119,0.0,0.0,0.0,0.4879,0.55,0.1380347420035985,0.5,0.55,0.55,34.530057425270414,1000,4598.25,4500.0,146.31964153865331,4500.0,4500.0,4750.0,3.662374633103319,3.6532125137753435,0.013729937782474238,4.258818537353422,4.258702957913616,0.00753226176271939,4.251653084413038,4.258702957913616,4.266484099108887,0.288,0.0,0.5635210732528111,0.0,0.0,0.5,0.5434500000000001,0.45,0.20210046387873531,0.35,0.45,0.7579999999999985,19.3151759460302
246,14.44261,-72.705765,12000,2.5,0.8,4.47141817128292,10.122969201930461,/Users/shannonbowes/Research/ysg/candidates_and_lcs/2022_asassn_lc_data/pysynphot_data/grid/bosz/r2000/m-0.75/bosz2024_ap_t12000_g+2.5_m-0.75_a+0.00_c+0.00_v2_r2000_resam.txt.gz,7750,2.0,0.25,4.249485946531437,0.43120363547278984,/Users/shannonbowes/Research/ysg/candidates_and_lcs/2022_asassn_lc_data/pysynphot_data/grid/bosz/r2000/m-0.75/bosz2024_ms_t7750_g+2.0_m-0.75_a+0.00_c+0.00_v2_r2000_resam.txt.gz,1000,11753.5,11750.0,601.654178079069,11250.0,11750.0,12000.0,4.069625552369089,4.0700378666077555,0.021438550242635575,4.462864096491995,4.4571474877114445,0.03892127574208119,4.435499593243826,4.4571474877114445,4.476900835246213,2.1535,2.0,0.30933436601839115,2.0,2.0,2.5,0.80925,0.8,0.06341874722824474,0.75,0.8,0.85,46.00227125685334,1000,7662.0,7750.0,141.0,7500.0,7750.0,7750.0,3.8842687853315536,3.88930170250631,0.007978430693761699,4.266765791282141,4.265962616322263,0.012294333839934307,4.254345213744608,4.265962616322263,4.279924757414157,2.386,2.5,0.20977130404323657,2.0,2.5,2.5,0.179,0.15,0.03806573262134856,0.15,0.15,0.2,15.673396729023075
247,14.472133,-72.412888,5000,0.0,0.2,3.9238038817371126,7.784140316060898,/Users/shannonbowes/Research/ysg/candidates_and_lcs/2022_asassn_lc_data/pysynphot_data/grid/bosz/r2000/m-0.75/bosz2024_ms_t5000_g+0.0_m-0.75_a+0.00_c+0.00_v2_r2000_resam.txt.gz,6000,2.5,0.8,3.9953456475945885,0.007975291650283831,/Users/shannonbowes/Research/ysg/candidates_and_lcs/2022_asassn_lc_data/pysynphot_data/grid/bosz/r2000/m-0.75/bosz2024_ms_t6000_g+2.5_m-0.75_a+0.00_c+0.00_v2_r2000_resam.txt.gz,1000,5026.0,5000.0,78.7337284776988,5000.0,5000.0,5000.0,3.7011707337003474,3.6989700043360187,0.0066556382215519835,3.9348587976227236,3.934794455607385,0.006940376034074633,3.927692883211795,3.934794455607385,3.941637538579537,0.02,0.0,0.16911534525287764,0.0,0.0,0.0,0.27125,0.25,0.11338402665278738,0.2,0.25,0.3,34.01321933989191,1000,5485.5,5500.0,282.69197017248297,5250.0,5500.0,5750.0,3.738655439611629,3.7403626894942437,0.021917993337485574,3.9857711614438984,3.9857176194824566,0.013545647388247565,3.972555785218144,3.9857176194824566,3.9987785153626403,1.2265,1.0,0.9074402184166183,0.0,1.0,2.5,0.46365,0.4,0.26688232893917874,0.2,0.4,0.8,3.3309713192667947
248,14.472561,-72.083511,4500,0.0,0.65,4.070109298286248,0.7233807627353231,/Users/shannonbowes/Research/ysg/candidates_and_lcs/2022_asassn_lc_data/pysynphot_data/grid/bosz/r2000/m-0.75/bosz2024_ms_t4500_g+0.0_m-0.75_a+0.00_c+0.00_v2_r2000_resam.txt.gz,4500,1.5,0.7,4.083023584253835,0.049956362750992044,/Users/shannonbowes/Research/ysg/candidates_and_lcs/2022_asassn_lc_data/pysynphot_data/grid/bosz/r2000/m-0.75/bosz2024_ms_t4500_g+1.5_m-0.75_a+0.00_c+0.00_v2_r2000_resam.txt.gz,1000,4322.75,4250.0,113.55587831547956,4250.0,4250.0,4500.0,3.635612592914297,3.6283889300503116,0.011275455411335367,4.071219593178419,4.071259439494318,0.007618855005326183,4.063309481277753,4.071259439494318,4.079032068502853,0.0195,0.0,0.09679746897517517,0.0,0.0,0.0,0.34175000000000005,0.2,0.20501082288503697,0.2,0.2,0.65,10.921020008999228,1000,4532.5,4500.0,160.2927010191044,4500.0,4500.0,4750.0,3.656065025542331,3.6532125137753435,0.015411309880521395,4.076471751482492,4.076658793958234,0.0075685351896835175,4.069120927811403,4.076658793958234,4.083967839242245,1.54,1.5,0.802122185206219,0.5,1.5,2.5,0.7205999999999999,0.7,0.21545449635595912,0.6,0.7,1.0,4.52647134171055
249,14.481763,-72.422295,4250,0.5,0.45,4.07572163890637,5.888629938740015,/Users/shannonbowes/Research/ysg/candidates_and_lcs/2022_asassn_lc_data/pysynphot_data/grid/bosz/r2000/m-0.75/bosz2024_ms_t4250_g+0.5_m-0.75_a+0.00_c+0.00_v2_r2000_resam.txt.gz,4250,2.5,0.3,4.066060428406118,0.7770881041505548,/Users/shannonbowes/Research/ysg/candidates_and_lcs/2022_asassn_lc_data/pysynphot_data/grid/bosz/r2000/m-0.75/bosz2024_ms_t4250_g+2.5_m-0.75_a+0.00_c+0.00_v2_r2000_resam.txt.gz,1000,4246.5,4250.0,29.37260628544903,4250.0,4250.0,4250.0,3.6280203249082,3.6283889300503116,0.003093398204021093,4.073078065284076,4.073118695429729,0.006567818108806101,4.0662051935711405,4.073118695429729,4.079677821090406,0.3025,0.5,0.26409042012159395,0.0,0.5,0.5,0.3125,0.3,0.07895410059015301,0.2,0.3,0.4,30.01052052586241,1000,4256.5,4250.0,39.78379066906521,4250.0,4250.0,4250.0,3.629034343227164,3.6283889300503116,0.003950305034290733,4.077307797861971,4.077347635052922,0.006644056053054677,4.070590951806398,4.077347635052922,4.084097809044772,2.4705,2.5,0.13557193662406686,2.5,2.5,2.5,0.41275,0.4,0.07978055840867498,0.35,0.4,0.45,16.263664147505754
250,14.487046,-73.562134,4750,0.0,0.7,4.627622433940451,3.6166503936131322,/Users/shannonbowes/Research/ysg/candidates_and_lcs/2022_asassn_lc_data/pysynphot_data/grid/bosz/r2000/m-0.75/bosz2024_ms_t4750_g+0.0_m-0.75_a+0.00_c+0.00_v2_r2000_resam.txt.gz,4750,0.5,0.5,4.636479721567845,0.007199309756544858,/Users/shannonbowes/Research/ysg/candidates_and_lcs/2022_asassn_lc_data/pysynphot_data/grid/bosz/r2000/m-0.75/bosz2024_ms_t4750_g+0.5_m-0.75_a+0.00_c+0.00_v2_r2000_resam.txt.gz,1000,4584.25,4500.0,118.17122111580298,4500.0,4500.0,4750.0,3.6611256430766326,3.6532125137753435,0.011099159078701314,4.623120633177727,4.622978029368874,0.006954597487410147,4.616084402953356,4.622978029368874,4.630365176068048,0.001,0.0,0.022338307903688678,0.0,0.0,0.0,0.41020000000000006,0.25,0.222364475580071,0.25,0.25,0.7,18.822332009962622,1000,4930.0,5000.0,130.7669683062202,4750.0,5000.0,5000.0,3.6926893621814116,3.6989700043360187,0.011789396343546176,4.6363658397275485,4.636525262639003,0.0072922191390519695,4.629034376976328,4.636525262639003,4.6439766540202125,0.4685,0.0,0.7115179196619014,0.0,0.0,1.0,0.8068,0.85,0.17218815290257342,0.6,0.85,0.95,1.5692414649628603
251,14.506239,-72.594238,9500,2.0,1.0,4.000505451151918,4.947460415199747,/Users/shannonbowes/Research/ysg/candidates_and_lcs/2022_asassn_lc_data/pysynphot_data/grid/bosz/r2000/m-0.75/bosz2024_ap_t9500_g+2.0_m-0.75_a+0.00_c+0.00_v2_r2000_resam.txt.gz,7500,2.5,0.65,3.9368698176863552,0.24163176220511892,/Users/shannonbowes/Research/ysg/candidates_and_lcs/2022_asassn_lc_data/pysynphot_data/grid/bosz/r2000/m-0.75/bosz2024_ap_t7500_g+2.5_m-0.75_a+0.00_c+0.00_v2_r2000_resam.txt.gz,1000,8451.25,9500.0,1262.165178374051,7000.0,9500.0,9500.0,3.9219006273153636,3.9777236052888476,0.06656986216473346,4.0012317169786185,4.001800890998046,0.01237514069196012,3.987839324800218,4.001800890998046,4.014505663279036,2.2295,2.0,0.2501594491519359,2.0,2.0,2.5,0.6291500000000001,1.0,0.4193480386266281,0.15,1.0,1.0,31.024910905835398,1000,7768.5,7750.0,298.59295035214745,7500.0,7750.0,8000.0,3.8900049419562657,3.88930170250631,0.017145468676916218,3.899567778974859,3.8993449181067943,0.021337608761264035,3.8783753211665926,3.8993449181067943,3.92051719298829,2.484,2.5,0.09350935782048769,2.5,2.5,2.5,0.9133,0.95,0.13404517895097906,0.85,0.95,1.0,9.190041785610916
252,14.507126,-72.326561,6500,2.5,0.15,4.171550681138361,0.898225980640442,/Users/shannonbowes/Research/ysg/candidates_and_lcs/2022_asassn_lc_data/pysynphot_data/grid/bosz/r2000/m-0.75/bosz2024_ms_t6500_g+2.5_m-0.75_a+0.00_c+0.00_v2_r2000_resam.txt.gz,6750,2.5,0.35,4.147520761789336,0.03518719462054423,/Users/shannonbowes/Research/ysg/candidates_and_lcs/2022_asassn_lc_data/pysynphot_data/grid/bosz/r2000/m-0.75/bosz2024_ms_t6750_g+2.5_m-0.75_a+0.00_c+0.00_v2_r2000_resam.txt.gz,1000,6502.75,6500.0,28.371420479066607,6500.0,6500.0,6500.0,3.813093008297813,3.8129133566428557,0.0018659069763507907,4.1665639770537615,4.166645735948093,0.006123983889498775,4.160205073310699,4.166645735948093,4.172902211426778,2.488,2.5,0.07652450587883597,2.5,2.5,2.5,0.16759999999999997,0.15,0.027022953206487267,0.15,0.15,0.2,10.894199225663298,1000,6681.25,6500.0,385.14404772760025,6500.0,6500.0,7000.0,3.8241686676599502,3.8129133566428557,0.02418750809400946,4.151204740041341,4.1515271093406305,0.009833697279940533,4.141159354280668,4.1515271093406305,4.161068015174384,2.13,2.0,0.37563279941985894,2.0,2.0,2.5,0.34264999999999995,0.25,0.22929997274312966,0.15,0.25,0.6,5.316209881895069
253,14.558781,-71.969238,4500,0.0,0.55,4.116098679747246,3.9659147420609564,/Users/shannonbowes/Research/ysg/candidates_and_lcs/2022_asassn_lc_data/pysynphot_data/grid/bosz/r2000/m-0.75/bosz2024_ms_t4500_g+0.0_m-0.75_a+0.00_c+0.00_v2_r2000_resam.txt.gz,4500,1.0,0.6,4.116898486239549,1.288318269826571,/Users/shannonbowes/Research/ysg/candidates_and_lcs/2022_asassn_lc_data/pysynphot_data/grid/bosz/r2000/m-0.75/bosz2024_ms_t4500_g+1.0_m-0.75_a+0.00_c+0.00_v2_r2000_resam.txt.gz,1000,4428.75,4500.0,113.40607347051568,4250.0,4500.0,4500.0,3.646136449925834,3.6532125137753435,0.01125685704895941,4.112209618865281,4.11216917120537,0.006898294950335419,4.105528385549159,4.11216917120537,4.119314875613787,0.0035,0.0,0.041686328694189416,0.0,0.0,0.0,0.41745000000000004,0.5,0.17063996454523778,0.15,0.5,0.55,25.067117375200567,1000,4588.5,4500.0,147.1996942931608,4500.0,4500.0,4750.0,3.661445614921419,3.6532125137753435,0.014010171407744,4.116712277650147,4.1167741614654245,0.0073078469016412476,4.109248160846501,4.1167741614654245,4.124246186857722,0.178,0.0,0.3991440842603082,0.0,0.0,0.5,0.6108,0.55,0.2101151113080637,0.45,0.55,0.85,18.566784473389394
254,14.596641,-72.359787,14000,3.0,0.85,4.882433730331635,1.5972307433933581,/Users/shannonbowes/Research/ysg/candidates_and_lcs/2022_asassn_lc_data/pysynphot_data/grid/bosz/r2000/m-0.75/bosz2024_ap_t14000_g+3.0_m-0.75_a+0.00_c+0.00_v2_r2000_resam.txt.gz,13000,3.0,0.85,4.774133028727582,0.018729481924987565,/Users/shannonbowes/Research/ysg/candidates_and_lcs/2022_asassn_lc_data/pysynphot_data/grid/bosz/r2000/m-0.75/bosz2024_ap_t13000_g+3.0_m-0.75_a+0.00_c+0.00_v2_r2000_resam.txt.gz,1000,12073.5,12000.0,425.9961854289308,12000.0,12000.0,12000.0,4.081586484136965,4.079181246047625,0.014307669711945319,4.752284442230471,4.746558097034587,0.02930958526093528,4.738086720805347,4.746558097034587,4.7560313446628095,2.046,2.0,0.2094850830011531,2.0,2.0,2.0,0.6958,0.7,0.043730538528584335,0.65,0.7,0.7,19.34692292746596,1000,9605.5,8750.0,1670.7766906442046,8250.0,8750.0,11039.999999999993,3.976516085581756,3.942008053022313,0.07067812433749432,4.599590006967339,4.5626097330071005,0.08546280762814408,4.5354524297201175,4.5626097330071005,4.661757404758329,2.631,2.5,0.31597310012088053,2.5,2.5,3.0,0.4765,0.45,0.22644590965614725,0.25,0.45,0.7,3.4781069819741353
255,14.689378,-72.276627,4250,0.5,0.4,4.054560794349517,4.419361888400406,/Users/shannonbowes/Research/ysg/candidates_and_lcs/2022_asassn_lc_data/pysynphot_data/grid/bosz/r2000/m-0.75/bosz2024_ms_t4250_g+0.5_m-0.75_a+0.00_c+0.00_v2_r2000_resam.txt.gz,4250,2.0,0.35,4.054036018919261,0.8899773521855103,/Users/shannonbowes/Research/ysg/candidates_and_lcs/2022_asassn_lc_data/pysynphot_data/grid/bosz/r2000/m-0.75/bosz2024_ms_t4250_g+2.0_m-0.75_a+0.00_c+0.00_v2_r2000_resam.txt.gz,1000,4244.75,4250.0,35.84602488421833,4250.0,4250.0,4250.0,3.6278360223371435,3.6283889300503116,0.00377515117046554,4.055493911713329,4.055305618558673,0.006723284656281929,4.048507681385852,4.055305618558673,4.062044600198934,0.406,0.5,0.2918287168871494,0.0,0.5,0.5,0.37710000000000005,0.4,0.08408680039102452,0.3,0.4,0.45,27.018718187772127,1000,4293.5,4250.0,94.77737071685414,4250.0,4250.0,4500.0,3.6327082336184686,3.6283889300503116,0.009410855988912864,4.060837176408384,4.060768917443092,0.006563089088311963,4.054102606747731,4.060768917443092,4.067595136065724,2.416,2.5,0.22236006835760777,2.5,2.5,2.5,0.5020500000000001,0.45,0.15343825305314188,0.4,0.45,0.75,16.844631004204007
256,14.71651,-72.348312,4250,0.5,0.3,4.084499222419552,1.803416621852468,/Users/shannonbowes/Research/ysg/candidates_and_lcs/2022_asassn_lc_data/pysynphot_data/grid/bosz/r2000/m-0.75/bosz2024_ms_t4250_g+0.5_m-0.75_a+0.00_c+0.00_v2_r2000_resam.txt.gz,4500,2.5,0.75,4.092912674684141,0.8587298760697342,/Users/shannonbowes/Research/ysg/candidates_and_lcs/2022_asassn_lc_data/pysynphot_data/grid/bosz/r2000/m-0.75/bosz2024_ms_t4500_g+2.5_m-0.75_a+0.00_c+0.00_v2_r2000_resam.txt.gz,1000,4264.75,4250.0,58.906175397830744,4250.0,4250.0,4250.0,3.62985352149009,3.6283889300503116,0.005849049507637864,4.088605576401169,4.088368003298161,0.0070226719540366685,4.081509271661759,4.088368003298161,4.0958548813071864,0.594,0.5,0.20411761315476917,0.5,0.5,1.0,0.3865499999999999,0.35,0.11891844894716716,0.3,0.35,0.5,28.82692174697569,1000,4302.0,4250.0,102.69371937952194,4250.0,4250.0,4500.0,3.633549550489368,3.6283889300503116,0.010185361252707274,4.096263924100649,4.0959882482909595,0.006655527616747246,4.089762971808254,4.0959882482909595,4.102744517046387,2.4185,2.5,0.20397977840952766,2.5,2.5,2.5,0.4255,0.35,0.1718131252262178,0.3,0.35,0.7,16.94577355502033
257,14.722887,-72.360008,7750,2.5,0.15,4.102309162049996,1379.8252436021235,/Users/shannonbowes/Research/ysg/candidates_and_lcs/2022_asassn_lc_data/pysynphot_data/grid/bosz/r2000/m-0.75/bosz2024_ms_t7750_g+2.5_m-0.75_a+0.00_c+0.00_v2_r2000_resam.txt.gz,7750,2.5,0.15,4.102309162049996,1365.9260585405505,/Users/shannonbowes/Research/ysg/candidates_and_lcs/2022_asassn_lc_data/pysynphot_data/grid/bosz/r2000/m-0.75/bosz2024_ms_t7750_g+2.5_m-0.75_a+0.00_c+0.00_v2_r2000_resam.txt.gz,1000,7682.5,7750.0,125.2746981636755,7500.0,7750.0,7750.0,3.8854445757703826,3.88930170250631,0.007105236673192043,4.108202433723871,4.109016183643179,0.013005324019928223,4.093195987454277,4.109016183643179,4.1211851099594385,2.453,2.5,0.14591435844357473,2.5,2.5,2.5,0.15725,0.15,0.017605041891458263,0.15,0.15,0.15,1627.4573504868672,1000,7492.25,7500.0,126.50074110454848,7500.0,7500.0,7500.0,3.874550284029469,3.8750612633917,0.007339596722721687,4.074784178411386,4.074817439896442,0.01353476239297338,4.062343217720075,4.074817439896442,4.086850647582942,2.4225,2.5,0.18095234179197572,2.5,2.5,2.5,0.16179999999999994,0.15,0.021231109250343005,0.15,0.15,0.2,1600.0093453846341
258,14.727953,-72.849892,4250,0.5,0.2,4.255322206713723,8.514694931725025,/Users/shannonbowes/Research/ysg/candidates_and_lcs/2022_asassn_lc_data/pysynphot_data/grid/bosz/r2000/m-0.75/bosz2024_ms_t4250_g+0.5_m-0.75_a+0.00_c+0.00_v2_r2000_resam.txt.gz,4750,2.5,0.95,4.243691134208089,0.06939660663879496,/Users/shannonbowes/Research/ysg/candidates_and_lcs/2022_asassn_lc_data/pysynphot_data/grid/bosz/r2000/m-0.75/bosz2024_ms_t4750_g+2.5_m-0.75_a+0.00_c+0.00_v2_r2000_resam.txt.gz,1000,4280.0,4250.0,81.24038404635961,4250.0,4250.0,4250.0,3.6313677600973167,3.6283889300503116,0.008066709900914215,4.2393762853061645,4.239000362229511,0.007851392315287562,4.2319182022265505,4.239000362229511,4.247447501570727,0.3565,0.5,0.22618079051944265,0.0,0.5,0.5,0.21025,0.2,0.09727506103827437,0.15,0.2,0.2,31.47743736665632,1000,4529.25,4500.0,164.94525607000645,4250.0,4500.0,4750.0,3.6557369490024034,3.6532125137753435,0.015873044607132774,4.243406952532394,4.243338319181753,0.007477189605498546,4.235812172281091,4.243338319181753,4.251174923280419,2.3305,2.5,0.3808145874306813,2.0,2.5,2.5,0.64275,0.65,0.2515947883005528,0.35,0.65,0.95,8.441267197391896
259,14.729435,-72.552078,5250,0.0,0.75,4.021729981891734,7.349220399046192,/Users/shannonbowes/Research/ysg/candidates_and_lcs/2022_asassn_lc_data/pysynphot_data/grid/bosz/r2000/m-0.75/bosz2024_ms_t5250_g+0.0_m-0.75_a+0.00_c+0.00_v2_r2000_resam.txt.gz,5250,1.0,0.4,4.070373048069603,0.023055825220504454,/Users/shannonbowes/Research/ysg/candidates_and_lcs/2022_asassn_lc_data/pysynphot_data/grid/bosz/r2000/m-0.75/bosz2024_ms_t5250_g+1.0_m-0.75_a+0.00_c+0.00_v2_r2000_resam.txt.gz,1000,5123.5,5000.0,125.49003944536793,5000.0,5000.0,5250.0,3.709436430980927,3.6989700043360187,0.010639474451792617,4.013543433249122,4.013765074704883,0.007886994392450606,4.00578845511603,4.013765074704883,4.021538018767326,0.489,0.5,0.32615793720220887,0.0,0.5,1.0,0.6165499999999999,0.6,0.1626763581470891,0.45,0.6,0.8,33.027429251959894,1000,5613.25,5750.0,249.47332021681197,5250.0,5750.0,5750.0,3.7487747915901752,3.7596678446896306,0.019664129466169147,4.056380088747018,4.056466656911864,0.011813071080874975,4.044756948339708,4.056466656911864,4.068150822809035,1.47,1.5,0.7937883848986453,0.5,1.5,2.5,0.7927000000000001,0.9,0.2242581325169725,0.55,0.9,1.0,3.5400661458002025
260,14.733524,-71.976097,4250,0.5,0.2,3.969988462840054,671.1955052497524,/Users/shannonbowes/Research/ysg/candidates_and_lcs/2022_asassn_lc_data/pysynphot_data/grid/bosz/r2000/m-0.75/bosz2024_ms_t4250_g+0.5_m-0.75_a+0.00_c+0.00_v2_r2000_resam.txt.gz,4250,2.5,0.35,3.9710413989863813,660.024360758053,/Users/shannonbowes/Research/ysg/candidates_and_lcs/2022_asassn_lc_data/pysynphot_data/grid/bosz/r2000/m-0.75/bosz2024_ms_t4250_g+2.5_m-0.75_a+0.00_c+0.00_v2_r2000_resam.txt.gz,1000,4250.5,4250.0,11.169153951844338,4250.0,4250.0,4250.0,3.628438577217763,3.6283889300503116,0.0011090337130455154,3.970952543941197,3.97089443859877,0.0069344477318784275,3.9642139285162834,3.97089443859877,3.977610702826984,0.505,0.5,0.05894913061275798,0.5,0.5,0.5,0.18530000000000002,0.2,0.037200940848317265,0.15,0.2,0.2,824.3266784207311,1000,4289.0,4250.0,92.08148565265441,4250.0,4250.0,4250.0,3.6322587241356667,3.6283889300503116,0.009129914831777894,3.973978692330022,3.974128555330366,0.007052822851224806,3.966791827319898,3.974128555330366,3.9808105889431844,2.4705,2.5,0.1178123507956615,2.5,2.5,2.5,0.29045,0.25,0.1463089112118602,0.2,0.25,0.35,814.6046588802333
261,14.739664,-72.288078,4250,1.0,0.15,3.9415996190678504,3.28706398774922,/Users/shannonbowes/Research/ysg/candidates_and_lcs/2022_asassn_lc_data/pysynphot_data/grid/bosz/r2000/m-0.75/bosz2024_ms_t4250_g+1.0_m-0.75_a+0.00_c+0.00_v2_r2000_resam.txt.gz,4500,2.5,0.45,3.9527991476904685,1.534361156392495,/Users/shannonbowes/Research/ysg/candidates_and_lcs/2022_asassn_lc_data/pysynphot_data/grid/bosz/r2000/m-0.75/bosz2024_ms_t4500_g+2.5_m-0.75_a+0.00_c+0.00_v2_r2000_resam.txt.gz,1000,4289.0,4250.0,90.71383576941281,4250.0,4250.0,4250.0,3.6322614091114174,3.6283889300503116,0.009007369988963253,3.9422829467080036,3.9417627138371323,0.007286584342223533,3.93537847132811,3.9417627138371323,3.9496592193782063,0.9035,1.0,0.24379858490155354,0.5,1.0,1.0,0.22355,0.2,0.10845689235820838,0.15,0.2,0.25,25.17050073069349,1000,4401.75,4500.0,139.76565207517905,4250.0,4500.0,4500.0,3.643407173320013,3.6532125137753435,0.013755948542721993,3.9483677921087765,3.9485949552558743,0.007036106364691434,3.9412162533624184,3.9485949552558743,3.955199872894053,2.4575,2.5,0.14471955638406306,2.5,2.5,2.5,0.38520000000000004,0.45,0.20230165594972277,0.15,0.45,0.55,18.610574112994264
262,14.775518,-71.783722,4500,0.0,0.65,4.153685966162036,1.3540966369857101,/Users/shannonbowes/Research/ysg/candidates_and_lcs/2022_asassn_lc_data/pysynphot_data/grid/bosz/r2000/m-0.75/bosz2024_ms_t4500_g+0.0_m-0.75_a+0.00_c+0.00_v2_r2000_resam.txt.gz,4500,1.5,0.65,4.151258035970981,0.011846522123417521,/Users/shannonbowes/Research/ysg/candidates_and_lcs/2022_asassn_lc_data/pysynphot_data/grid/bosz/r2000/m-0.75/bosz2024_ms_t4500_g+1.5_m-0.75_a+0.00_c+0.00_v2_r2000_resam.txt.gz,1000,4467.25,4500.0,84.35008891518729,4500.0,4500.0,4500.0,3.649960624307365,3.6532125137753435,0.008375485977600147,4.148191575332945,4.148158314819682,0.0082412481149488,4.139470561649958,4.148158314819682,4.156497865476533,0.095,0.0,0.19993749023132207,0.0,0.0,0.5,0.5999500000000001,0.6,0.12079941018067929,0.6,0.6,0.65,12.351946615094079,1000,4578.0,4500.0,164.44147895224003,4500.0,4500.0,4750.0,3.660392697862176,3.6532125137753435,0.015722772666449416,4.162922055302239,4.163186517704674,0.009427037140334209,4.153269769057341,4.163186517704674,4.172262076044975,1.914,2.5,0.7400027026977672,1.0,2.5,2.5,0.6902,0.7,0.2365458940670922,0.5,0.7,0.95,3.9372177881205572
263,14.804474,-72.377014,4250,0.5,0.15,3.9577533773298708,6.402183954425988,/Users/shannonbowes/Research/ysg/candidates_and_lcs/2022_asassn_lc_data/pysynphot_data/grid/bosz/r2000/m-0.75/bosz2024_ms_t4250_g+0.5_m-0.75_a+0.00_c+0.00_v2_r2000_resam.txt.gz,4250,2.5,0.2,3.9542114502883385,2.057189773524906,/Users/shannonbowes/Research/ysg/candidates_and_lcs/2022_asassn_lc_data/pysynphot_data/grid/bosz/r2000/m-0.75/bosz2024_ms_t4250_g+2.5_m-0.75_a+0.00_c+0.00_v2_r2000_resam.txt.gz,1000,4252.0,4250.0,22.271057451320086,4250.0,4250.0,4250.0,3.6285875187201126,3.6283889300503116,0.0022113898371513593,3.9511473128927763,3.9510953357020444,0.006726594662138183,3.9442576269640015,3.9510953357020444,3.957806350642124,0.431,0.5,0.1738936456573385,0.5,0.5,0.5,0.18844999999999998,0.2,0.045156367214380745,0.15,0.2,0.2,33.14957911982699,1000,4319.75,4250.0,118.09926968444809,4250.0,4250.0,4500.0,3.635299942542966,3.6283889300503116,0.01167350497855239,3.9569580078277466,3.9570214096798226,0.006483817603478726,3.9506151690918725,3.9570214096798226,3.9636030361691783,2.4325,2.5,0.1875999733475461,2.5,2.5,2.5,0.3178,0.25,0.18199769229306179,0.15,0.25,0.6,20.32631794485263
264,14.821316,-71.810242,4500,1.0,0.8,4.011870088390148,3.6020155927113664,/Users/shannonbowes/Research/ysg/candidates_and_lcs/2022_asassn_lc_data/pysynphot_data/grid/bosz/r2000/m-0.75/bosz2024_ms_t4500_g+1.0_m-0.75_a+0.00_c+0.00_v2_r2000_resam.txt.gz,4250,1.5,0.4,4.006666276191047,0.0530148095307176,/Users/shannonbowes/Research/ysg/candidates_and_lcs/2022_asassn_lc_data/pysynphot_data/grid/bosz/r2000/m-0.75/bosz2024_ms_t4250_g+1.5_m-0.75_a+0.00_c+0.00_v2_r2000_resam.txt.gz,1000,4493.75,4500.0,90.26869612440406,4500.0,4500.0,4500.0,3.652520772324816,3.6532125137753435,0.008764021711840705,4.01385598529614,4.013792172115203,0.007549346279606129,4.006643043543142,4.013792172115203,4.021713369584558,0.929,1.0,0.31057849249424857,0.5,1.0,1.0,0.7885999999999999,0.8,0.11674776229118912,0.7,0.8,0.85,23.333901420044235,1000,4428.0,4500.0,148.54628908188855,4250.0,4500.0,4500.0,3.645963977559747,3.6532125137753435,0.014537112243571638,4.0183974094095865,4.01819410627673,0.007135797737107304,4.011262222175123,4.01819410627673,4.025120508482247,1.812,2.0,0.7219113518985555,1.0,2.0,2.5,0.6151,0.7,0.21312435337145308,0.35,0.7,0.8,6.7369092333116
265,14.872271,-72.330978,4500,1.0,0.65,4.135322002976392,4.025643903957536,/Users/shannonbowes/Research/ysg/candidates_and_lcs/2022_asassn_lc_data/pysynphot_data/grid/bosz/r2000/m-0.75/bosz2024_ms_t4500_g+1.0_m-0.75_a+0.00_c+0.00_v2_r2000_resam.txt.gz,4500,2.5,0.65,4.141613411399321,2.1162231595337673,/Users/shannonbowes/Research/ysg/candidates_and_lcs/2022_asassn_lc_data/pysynphot_data/grid/bosz/r2000/m-0.75/bosz2024_ms_t4500_g+2.5_m-0.75_a+0.00_c+0.00_v2_r2000_resam.txt.gz,1000,4310.75,4250.0,107.80509032508623,4250.0,4250.0,4500.0,3.63441971840762,3.6283889300503116,0.010699047542468535,4.137416594604636,4.137440078669721,0.006415763764105393,4.131100126519936,4.137440078669721,4.1439414630891305,1.0335,1.0,0.2590902352463327,1.0,1.0,1.5,0.33355,0.25,0.1658821795733345,0.2,0.25,0.5579999999999985,24.813937304500662,1000,4367.25,4250.0,136.7111462171245,4250.0,4250.0,4500.0,3.6399976286204647,3.6283889300503116,0.013481980146808658,4.144592736328438,4.144377731331103,0.006675593201168361,4.1378625114818,4.144377731331103,4.1511577414404925,2.4475,2.5,0.15809411753762376,2.5,2.5,2.5,0.37635,0.25,0.21434359682528425,0.15,0.25,0.6,18.770763050563364
266,14.916991,-72.226891,11250,2.5,0.95,4.489257122084143,1.1535910407827232,/Users/shannonbowes/Research/ysg/candidates_and_lcs/2022_asassn_lc_data/pysynphot_data/grid/bosz/r2000/m-0.75/bosz2024_ap_t11250_g+2.5_m-0.75_a+0.00_c+0.00_v2_r2000_resam.txt.gz,8000,2.0,0.5,4.351127351674744,0.015585644029200207,/Users/shannonbowes/Research/ysg/candidates_and_lcs/2022_asassn_lc_data/pysynphot_data/grid/bosz/r2000/m-0.75/bosz2024_ap_t8000_g+2.0_m-0.75_a+0.00_c+0.00_v2_r2000_resam.txt.gz,1000,10400.25,10250.0,553.9516562841924,9750.0,10250.0,11000.0,4.016431973496301,4.010723865391773,0.023016975077889537,4.449330566936014,4.4429720609904475,0.025498617278664634,4.425338019800493,4.4429720609904475,4.477097459960625,2.3875,2.5,0.35013390295714014,2.0,2.5,2.5,0.8647,0.85,0.08002443376869342,0.8,0.85,0.95,12.656562912042684,1000,7651.5,7500.0,590.3793272125981,7250.0,7500.0,8000.0,3.88261481229022,3.8750612633917,0.030378106998534705,4.355745690407115,4.353163216152247,0.01775356796933518,4.343581038468556,4.353163216152247,4.366067895491998,2.3025,2.5,0.25542856144135484,2.0,2.5,2.5,0.3023,0.25,0.1830975423101031,0.15,0.25,0.5,2.699014489143465
267,14.925954,-72.163506,4250,0.0,0.35,4.185210454250853,18.3310921107212,/Users/shannonbowes/Research/ysg/candidates_and_lcs/2022_asassn_lc_data/pysynphot_data/grid/bosz/r2000/m-0.75/bosz2024_ms_t4250_g+0.0_m-0.75_a+0.00_c+0.00_v2_r2000_resam.txt.gz,4250,0.0,0.25,4.185091877523421,10.108221057307322,/Users/shannonbowes/Research/ysg/candidates_and_lcs/2022_asassn_lc_data/pysynphot_data/grid/bosz/r2000/m-0.75/bosz2024_ms_t4250_g+0.0_m-0.75_a+0.00_c+0.00_v2_r2000_resam.txt.gz,1000,4260.0,4250.0,48.98979485566356,4250.0,4250.0,4250.0,3.6293818733993137,3.6283889300503116,0.004864409097086807,4.181159536420082,4.181394190437201,0.007402431874141804,4.17373003202098,4.181394190437201,4.188343559154849,0.0,0.0,0.0,0.0,0.0,0.0,0.37489999999999996,0.35,0.09404780699197617,0.35,0.35,0.4,54.27065398120678,1000,4504.75,4500.0,175.11406996583685,4250.0,4500.0,4750.0,3.653341827457864,3.6532125137753435,0.01691171741041314,4.190816340415436,4.19099332423089,0.00823508245710096,4.18268275046149,4.19099332423089,4.198847659263575,0.01,0.0,0.10198039027185567,0.0,0.0,0.0,0.64375,0.65,0.2602180575978539,0.29200000000000015,0.65,1.0,43.80065123391331
268,15.005334,-72.48336,10250,2.0,0.5,4.356551000438822,0.3972052955208026,/Users/shannonbowes/Research/ysg/candidates_and_lcs/2022_asassn_lc_data/pysynphot_data/grid/bosz/r2000/m-0.75/bosz2024_ap_t10250_g+2.0_m-0.75_a+0.00_c+0.00_v2_r2000_resam.txt.gz,8500,2.5,0.3,4.26165038221465,0.004278698562009112,/Users/shannonbowes/Research/ysg/candidates_and_lcs/2022_asassn_lc_data/pysynphot_data/grid/bosz/r2000/m-0.75/bosz2024_ap_t8500_g+2.5_m-0.75_a+0.00_c+0.00_v2_r2000_resam.txt.gz,1000,11103.25,11000.0,660.7018521996135,10500.0,11000.0,11750.0,4.044693167112551,4.041392685158225,0.025551358724846204,4.391091879959606,4.3882752618091025,0.034045867421799846,4.358063484185665,4.3882752618091025,4.421647207430572,2.351,2.5,0.3388200112153944,2.0,2.5,2.5,0.6257999999999999,0.65,0.07867248566048995,0.55,0.65,0.7,10.783121664164765,1000,8243.0,8000.0,722.0290852867355,7750.0,8000.0,8500.0,3.9146764446902025,3.9030899869919438,0.03360990170143683,4.253089108879332,4.247679052163056,0.032522801833063573,4.231573541400385,4.247679052163056,4.266936382999202,2.293,2.5,0.26580255830221045,2.0,2.5,2.5,0.22995,0.2,0.1313411493021132,0.15,0.2,0.3,3.0909110961326514
269,15.007992,-72.017464,6250,2.5,0.2,4.161987134416316,0.5041208086289718,/Users/shannonbowes/Research/ysg/candidates_and_lcs/2022_asassn_lc_data/pysynphot_data/grid/bosz/r2000/m-0.75/bosz2024_ms_t6250_g+2.5_m-0.75_a+0.00_c+0.00_v2_r2000_resam.txt.gz,6750,1.5,0.65,4.14005023341452,0.03984408092202576,/Users/shannonbowes/Research/ysg/candidates_and_lcs/2022_asassn_lc_data/pysynphot_data/grid/bosz/r2000/m-0.75/bosz2024_ms_t6750_g+1.5_m-0.75_a+0.00_c+0.00_v2_r2000_resam.txt.gz,1000,6256.75,6250.0,50.16908908880048,6250.0,6250.0,6250.0,3.796335049511511,3.7958800173440754,0.003443499381857174,4.167340318430752,4.167416154966505,0.006294111243525685,4.16119635297167,4.167416154966505,4.173686153187703,2.4675,2.5,0.12725466592624413,2.5,2.5,2.5,0.21640000000000004,0.2,0.037630306934703574,0.2,0.2,0.25,7.701807507581856,1000,6287.5,6250.0,284.33035363815804,6000.0,6250.0,6500.0,3.7980567641070366,3.7958800173440754,0.018883605588392662,4.157864041485195,4.157754727310719,0.011392715843338693,4.146033880481689,4.157754727310719,4.170007920769072,1.9555,2.0,0.5650396003821325,1.0,2.0,2.5,0.2812,0.2,0.18196582096646613,0.15,0.2,0.4,4.5083866857681345
270,15.026778,-72.428185,4250,0.5,0.5,4.16128371585352,2.849383752697013,/Users/shannonbowes/Research/ysg/candidates_and_lcs/2022_asassn_lc_data/pysynphot_data/grid/bosz/r2000/m-0.75/bosz2024_ms_t4250_g+0.5_m-0.75_a+0.00_c+0.00_v2_r2000_resam.txt.gz,4500,0.5,0.75,4.163145771927146,0.3563172901364461,/Users/shannonbowes/Research/ysg/candidates_and_lcs/2022_asassn_lc_data/pysynphot_data/grid/bosz/r2000/m-0.75/bosz2024_ms_t4500_g+0.5_m-0.75_a+0.00_c+0.00_v2_r2000_resam.txt.gz,1000,4297.0,4250.0,102.66937225872184,4250.0,4250.0,4500.0,3.63304372095064,3.6283889300503116,0.01023014400402602,4.161641214176763,4.161694078672614,0.006989375531946372,4.154518616058759,4.161694078672614,4.1687968784782,0.438,0.5,0.20653329029480935,0.5,0.5,0.5,0.54065,0.5,0.14813871033595505,0.45,0.5,0.75,21.324341069572235,1000,4387.25,4500.0,124.89970976747705,4250.0,4500.0,4500.0,3.6420157350274796,3.6532125137753435,0.012398006580927184,4.168363991904973,4.1685329533522015,0.00675291614845604,4.161698598549894,4.1685329533522015,4.175283637957669,2.3105,2.5,0.34977099651057403,2.0,2.5,2.5,0.6795999999999999,0.8,0.20180148661494046,0.45,0.8,0.9,10.509079116025918
271,15.054616,-72.334679,6750,2.5,0.15,4.147342729261117,19.925588498543704,/Users/shannonbowes/Research/ysg/candidates_and_lcs/2022_asassn_lc_data/pysynphot_data/grid/bosz/r2000/m-0.75/bosz2024_ms_t6750_g+2.5_m-0.75_a+0.00_c+0.00_v2_r2000_resam.txt.gz,6750,2.5,0.3,4.10501103828081,0.010351189768616105,/Users/shannonbowes/Research/ysg/candidates_and_lcs/2022_asassn_lc_data/pysynphot_data/grid/bosz/r2000/m-0.75/bosz2024_ms_t6750_g+2.5_m-0.75_a+0.00_c+0.00_v2_r2000_resam.txt.gz,1000,6794.5,6750.0,338.77684395483703,6750.0,6750.0,6750.0,3.8317196496460784,3.829303772831025,0.0185057157928518,4.13903827466062,4.138401124735832,0.008100562857801103,4.131509384882341,4.138401124735832,4.1459406202738505,2.491,2.5,0.066475559418481,2.5,2.5,2.5,0.16864999999999997,0.15,0.11324609264782604,0.15,0.15,0.15,59.216907251301336,1000,6606.75,6500.0,229.2202816070166,6500.0,6500.0,6750.0,3.819742849572393,3.8129133566428557,0.01436006241056825,4.100901293810601,4.099877753254112,0.009767046909558652,4.092197123432334,4.099877753254112,4.1097458377911416,1.918,2.0,0.48350387795756095,1.5,2.0,2.5,0.20284999999999997,0.15,0.12148817843724549,0.15,0.15,0.25,4.959127734422131
272,15.056647,-72.352814,4250,0.5,0.15,3.9406793387738093,1.2332575843113707,/Users/shannonbowes/Research/ysg/candidates_and_lcs/2022_asassn_lc_data/pysynphot_data/grid/bosz/r2000/m-0.75/bosz2024_ms_t4250_g+0.5_m-0.75_a+0.00_c+0.00_v2_r2000_resam.txt.gz,4250,1.0,0.15,3.953185565280519,0.28253499413107486,/Users/shannonbowes/Research/ysg/candidates_and_lcs/2022_asassn_lc_data/pysynphot_data/grid/bosz/r2000/m-0.75/bosz2024_ms_t4250_g+1.0_m-0.75_a+0.00_c+0.00_v2_r2000_resam.txt.gz,1000,4278.75,4250.0,79.75548570474635,4250.0,4250.0,4250.0,3.6312436421786916,3.6283889300503116,0.007919267907689426,3.953086214698142,3.95295138883856,0.006634070523280686,3.9465439376073053,3.95295138883856,3.9598398764713325,0.524,0.5,0.22676860452893385,0.5,0.5,0.5,0.18789999999999998,0.15,0.0901032185884611,0.15,0.15,0.2,20.89734821097645,1000,4371.5,4250.0,135.96966573467776,4250.0,4250.0,4500.0,3.640422314519541,3.6283889300503116,0.013416298361982968,3.9583689507902964,3.9581027258605808,0.006501233513876925,3.9519995192740285,3.9581027258605808,3.9648347299475732,2.4165,2.5,0.22310927815758808,2.5,2.5,2.5,0.33175,0.2,0.19116599462247463,0.15,0.2,0.55,11.248868326604512
273,15.098814,-72.631149,4250,0.5,0.15,3.989036755548095,9.788422258372924,/Users/shannonbowes/Research/ysg/candidates_and_lcs/2022_asassn_lc_data/pysynphot_data/grid/bosz/r2000/m-0.75/bosz2024_ms_t4250_g+0.5_m-0.75_a+0.00_c+0.00_v2_r2000_resam.txt.gz,4500,2.0,0.4,4.000170522306786,0.8734078207798165,/Users/shannonbowes/Research/ysg/candidates_and_lcs/2022_asassn_lc_data/pysynphot_data/grid/bosz/r2000/m-0.75/bosz2024_ms_t4500_g+2.0_m-0.75_a+0.00_c+0.00_v2_r2000_resam.txt.gz,1000,4330.25,4250.0,117.2494669497478,4250.0,4250.0,4500.0,3.6363559579381723,3.6283889300503116,0.011637478131411723,3.9821190271638605,3.982133457366218,0.007470184573898559,3.974588545824056,3.982133457366218,3.9896577083057494,0.7035,0.5,0.27447723038532723,0.5,0.5,1.0,0.32285,0.25,0.16398285733575935,0.15,0.25,0.55,35.233746092135156,1000,4363.5,4250.0,128.9098522223961,4250.0,4250.0,4500.0,3.639646754670597,3.6283889300503116,0.012764370652010634,3.9919569101256527,3.99193566808841,0.006958288126181564,3.9850259644941146,3.99193566808841,3.998954177414265,2.4665,2.5,0.12894863318391553,2.5,2.5,2.5,0.31105,0.2,0.17427104607478547,0.15,0.2,0.5,19.862454376504598
274,15.138538,-72.563477,4250,0.5,0.4,4.020909771019609,7.42021068754635,/Users/shannonbowes/Research/ysg/candidates_and_lcs/2022_asassn_lc_data/pysynphot_data/grid/bosz/r2000/m-0.75/bosz2024_ms_t4250_g+0.5_m-0.75_a+0.00_c+0.00_v2_r2000_resam.txt.gz,4250,2.0,0.4,4.033441273158535,1.5197615250977703,/Users/shannonbowes/Research/ysg/candidates_and_lcs/2022_asassn_lc_data/pysynphot_data/grid/bosz/r2000/m-0.75/bosz2024_ms_t4250_g+2.0_m-0.75_a+0.00_c+0.00_v2_r2000_resam.txt.gz,1000,4282.75,4250.0,84.35008891518729,4250.0,4250.0,4250.0,3.631640819518292,3.6283889300503116,0.00837548597760015,4.026125942762427,4.026287926460055,0.006830234259606501,4.019172389966355,4.026287926460055,4.032856780835395,0.4075,0.5,0.2066246597093387,0.0,0.5,0.5,0.43370000000000003,0.4,0.12320434245593781,0.35,0.4,0.45,30.541892353262785,1000,4387.0,4500.0,129.3483668238606,4250.0,4500.0,4500.0,3.641978829052875,3.6532125137753435,0.012806526028384705,4.033811656478286,4.0338833909024405,0.006393767412801664,4.027570217342697,4.0338833909024405,4.040517869035592,2.3605,2.5,0.2780103415342674,2.0,2.5,2.5,0.59505,0.7,0.2030467864803578,0.35,0.7,0.8,18.76265490560075
275,15.145673,-72.366623,4250,0.0,0.15,4.096442486110903,13.178566935272668,/Users/shannonbowes/Research/ysg/candidates_and_lcs/2022_asassn_lc_data/pysynphot_data/grid/bosz/r2000/m-0.75/bosz2024_ms_t4250_g+0.0_m-0.75_a+0.00_c+0.00_v2_r2000_resam.txt.gz,4250,1.5,0.15,4.085440449694435,0.2728306815755024,/Users/shannonbowes/Research/ysg/candidates_and_lcs/2022_asassn_lc_data/pysynphot_data/grid/bosz/r2000/m-0.75/bosz2024_ms_t4250_g+1.5_m-0.75_a+0.00_c+0.00_v2_r2000_resam.txt.gz,1000,4260.75,4250.0,50.71427313883144,4250.0,4250.0,4250.0,3.6294563441504892,3.6283889300503116,0.005035640021263675,4.088124161128602,4.089063655634524,0.008571688186904557,4.079371362395989,4.089063655634524,4.0964664235733075,0.0985,0.0,0.19886616102293522,0.0,0.0,0.5,0.17599999999999993,0.15,0.0697065276713738,0.15,0.15,0.2,40.73067876522005,1000,4385.25,4500.0,133.77196081391645,4250.0,4500.0,4500.0,3.64179298157592,3.6532125137753435,0.013214336434712115,4.090819590119527,4.09097465787354,0.006724853247138295,4.083946299941188,4.09097465787354,4.097566354348147,2.4485,2.5,0.17348703121559259,2.5,2.5,2.5,0.34715,0.4,0.18717472452230297,0.15,0.4,0.55,13.280710640760509
276,15.154256,-72.690392,4250,0.5,0.15,4.11816730656032,1.7741850875411977,/Users/shannonbowes/Research/ysg/candidates_and_lcs/2022_asassn_lc_data/pysynphot_data/grid/bosz/r2000/m-0.75/bosz2024_ms_t4250_g+0.5_m-0.75_a+0.00_c+0.00_v2_r2000_resam.txt.gz,4500,1.0,0.55,4.128823444816187,0.12039086993429451,/Users/shannonbowes/Research/ysg/candidates_and_lcs/2022_asassn_lc_data/pysynphot_data/grid/bosz/r2000/m-0.75/bosz2024_ms_t4500_g+1.0_m-0.75_a+0.00_c+0.00_v2_r2000_resam.txt.gz,1000,4388.25,4500.0,127.27701088570551,4250.0,4500.0,4500.0,3.642108316923002,3.6532125137753435,0.012615397472700173,4.116451746238756,4.116370483663628,0.006848402204468754,4.109340097197856,4.116370483663628,4.123495090899744,0.3225,0.5,0.2788256623770488,0.0,0.5,0.5,0.30739999999999995,0.35,0.1537863452976239,0.15,0.35,0.45,17.044576125516535,1000,4586.25,4500.0,145.76843794182608,4500.0,4500.0,4750.0,3.6612372456079987,3.6532125137753435,0.01385720171462656,4.121825700830969,4.12186093906293,0.006681892240654239,4.115139797530455,4.12186093906293,4.128662685414507,2.402,2.5,0.30560759152874456,2.5,2.5,2.5,0.64275,0.6,0.20579100441953238,0.45,0.6,0.9,9.890389645607229
277,15.201425,-73.687996,12500,3.0,1.0,4.404340838509059,0.07320812171837049,/Users/shannonbowes/Research/ysg/candidates_and_lcs/2022_asassn_lc_data/pysynphot_data/grid/bosz/r2000/m-0.75/bosz2024_ap_t12500_g+3.0_m-0.75_a+0.00_c+0.00_v2_r2000_resam.txt.gz,9750,2.5,0.5,4.318547924750766,0.006607230402416894,/Users/shannonbowes/Research/ysg/candidates_and_lcs/2022_asassn_lc_data/pysynphot_data/grid/bosz/r2000/m-0.75/bosz2024_ap_t9750_g+2.5_m-0.75_a+0.00_c+0.00_v2_r2000_resam.txt.gz,1000,8965.0,8750.0,918.9124006128114,8250.0,8750.0,10250.0,3.950439653060428,3.942008053022313,0.04201367039242577,4.288447559301584,4.28583079534866,0.020809526121848415,4.270439553897218,4.28583079534866,4.304413856593327,2.38,2.5,0.32419130154894654,2.0,2.5,2.5,0.36860000000000004,0.3,0.21570591090649324,0.15,0.3,0.65,3.809018404359279,1000,9828.25,9000.0,2009.7734791513196,8000.0,9000.0,12000.0,3.9840762463270103,3.9542425094393248,0.08381804348994702,4.35570856117879,4.331741405324208,0.12291183952037045,4.2358215828846575,4.331741405324208,4.504174161405667,2.417,2.5,0.41305084432791084,2.0,2.5,3.0,0.40515,0.3,0.2801891816255581,0.15,0.3,0.8,1.9960605611431488
278,15.210984,-72.48114,11500,3.0,0.75,4.355371141387067,0.6067405805193341,/Users/shannonbowes/Research/ysg/candidates_and_lcs/2022_asassn_lc_data/pysynphot_data/grid/bosz/r2000/m-0.75/bosz2024_ap_t11500_g+3.0_m-0.75_a+0.00_c+0.00_v2_r2000_resam.txt.gz,9000,2.0,0.5,4.236465359481786,0.016882623086046024,/Users/shannonbowes/Research/ysg/candidates_and_lcs/2022_asassn_lc_data/pysynphot_data/grid/bosz/r2000/m-0.75/bosz2024_ap_t9000_g+2.0_m-0.75_a+0.00_c+0.00_v2_r2000_resam.txt.gz,1000,10533.25,10500.0,599.547277118327,10000.0,10500.0,11250.0,4.0218666492477295,4.021189299069938,0.024519121981550384,4.304640835693397,4.298391733631339,0.027542309328088366,4.277884843143661,4.298391733631339,4.335317489489474,2.3645,2.5,0.3610952090515741,2.0,2.5,3.0,0.68675,0.7,0.08247385949499393,0.6,0.7,0.8,9.898970765977754,1000,8024.75,7750.0,769.3015907301896,7750.0,7750.0,8250.0,3.902775418416148,3.88930170250631,0.03627462865478942,4.204720473076464,4.1999073955721915,0.031073767580316113,4.186200104333206,4.1999073955721915,4.215443068920591,2.2755,2.5,0.266176163470736,2.0,2.5,2.5,0.2468,0.2,0.16180160691414655,0.15,0.2,0.3579999999999984,3.189840099228264
279,15.267479,-72.440582,11500,2.5,0.65,4.002282518678675,0.06174649044571715,/Users/shannonbowes/Research/ysg/candidates_and_lcs/2022_asassn_lc_data/pysynphot_data/grid/bosz/r2000/m-0.75/bosz2024_ap_t11500_g+2.5_m-0.75_a+0.00_c+0.00_v2_r2000_resam.txt.gz,11250,2.0,0.65,3.9926103198694176,0.0029983114332887916,/Users/shannonbowes/Research/ysg/candidates_and_lcs/2022_asassn_lc_data/pysynphot_data/grid/bosz/r2000/m-0.75/bosz2024_ap_t11250_g+2.0_m-0.75_a+0.00_c+0.00_v2_r2000_resam.txt.gz,1000,10844.5,10750.0,690.7023599206825,10000.0,10750.0,11500.0,4.034331137059849,4.031408464251625,0.027608718946456903,3.988527753427151,3.986084543339528,0.03171309563862711,3.9553701051990355,3.986084543339528,4.023270645543763,2.477,2.5,0.4224582819640301,2.0,2.5,3.0,0.55475,0.55,0.09359453776797019,0.45,0.55,0.65,3.717187634283315,1000,9917.25,9000.0,1963.820240627945,8250.0,9000.0,12000.0,3.988417405672425,3.9542425094393248,0.08188558492362559,3.95208899517009,3.9107906482492627,0.10747904830283256,3.854619371394398,3.9107906482492627,4.070418785851666,2.3235,2.0,0.3899971153739473,2.0,2.0,3.0,0.39675000000000005,0.3,0.24039953722917187,0.15,0.3,0.7,1.8746481690348082
280,15.302052,-72.268593,11500,2.5,0.7,4.534646613072561,0.454024038468962,/Users/shannonbowes/Research/ysg/candidates_and_lcs/2022_asassn_lc_data/pysynphot_data/grid/bosz/r2000/m-0.75/bosz2024_ap_t11500_g+2.5_m-0.75_a+0.00_c+0.00_v2_r2000_resam.txt.gz,9250,2.5,0.55,4.389377229350685,0.015550931878385393,/Users/shannonbowes/Research/ysg/candidates_and_lcs/2022_asassn_lc_data/pysynphot_data/grid/bosz/r2000/m-0.75/bosz2024_ap_t9250_g+2.5_m-0.75_a+0.00_c+0.00_v2_r2000_resam.txt.gz,1000,10989.25,11000.0,595.039441970026,10250.0,11000.0,11500.0,4.040333304100678,4.041392685158225,0.023468428206285086,4.51254445994005,4.511607537782588,0.029303787157871342,4.481463708891741,4.511607537782588,4.542338365994516,2.3625,2.5,0.3321802974289716,2.0,2.5,2.5,0.6404500000000001,0.65,0.07450702986967069,0.55,0.65,0.7,12.869005433766578,1000,8263.5,8000.0,784.8202023393638,7750.0,8000.0,8500.0,3.9155147588982655,3.9030899869919438,0.0363233294906444,4.3806118014352196,4.374699792410133,0.03399201523410558,4.358167825103301,4.374699792410133,4.393189882740709,2.3635,2.5,0.2638517576215857,2.0,2.5,2.5,0.25175,0.2,0.14756163966288802,0.15,0.2,0.3579999999999984,2.817906723908065
281,15.340866,-71.954842,10500,2.0,0.8,4.307506579973242,0.10106636970781106,/Users/shannonbowes/Research/ysg/candidates_and_lcs/2022_asassn_lc_data/pysynphot_data/grid/bosz/r2000/m-0.75/bosz2024_ap_t10500_g+2.0_m-0.75_a+0.00_c+0.00_v2_r2000_resam.txt.gz,11250,2.5,0.9,4.341006912215896,0.010997106189766839,/Users/shannonbowes/Research/ysg/candidates_and_lcs/2022_asassn_lc_data/pysynphot_data/grid/bosz/r2000/m-0.75/bosz2024_ap_t11250_g+2.5_m-0.75_a+0.00_c+0.00_v2_r2000_resam.txt.gz,1000,10343.0,10250.0,525.0961816657973,10000.0,10250.0,11000.0,4.014103350810969,4.010723865391773,0.021563766737359685,4.308964350375025,4.302353006828186,0.02456356974957411,4.288802736848048,4.302353006828186,4.331280384719555,2.172,2.0,0.30069253399444423,2.0,2.0,2.5,0.766,0.75,0.07618398781896364,0.7,0.75,0.85,5.935405502227939,1000,8456.75,7500.0,1642.9217685270348,7500.0,7500.0,11000.0,3.920116295548248,3.8750612633917,0.07559751860255817,4.245300158654003,4.214864636389975,0.06742810522276017,4.203157658988451,4.214864636389975,4.343483352079179,2.2265,2.0,0.29486903872736453,2.0,2.0,2.5,0.36035,0.2,0.30119823621661534,0.15,0.2,0.85,2.894664334223301
282,15.444264,-72.437416,4250,0.5,0.15,3.989080017232995,4.692094898976981,/Users/shannonbowes/Research/ysg/candidates_and_lcs/2022_asassn_lc_data/pysynphot_data/grid/bosz/r2000/m-0.75/bosz2024_ms_t4250_g+0.5_m-0.75_a+0.00_c+0.00_v2_r2000_resam.txt.gz,4250,2.5,0.25,3.9966236289694805,0.37250067504491297,/Users/shannonbowes/Research/ysg/candidates_and_lcs/2022_asassn_lc_data/pysynphot_data/grid/bosz/r2000/m-0.75/bosz2024_ms_t4250_g+2.5_m-0.75_a+0.00_c+0.00_v2_r2000_resam.txt.gz,1000,4254.0,4250.0,31.368774282716245,4250.0,4250.0,4250.0,3.628786107389913,3.6283889300503116,0.003114741579034538,3.995760662411034,3.9959392170746098,0.00661556450054717,3.9894328899474667,3.9959392170746098,4.002183745849924,0.5465,0.5,0.16609560499904868,0.5,0.5,0.5,0.1614,0.15,0.03892351474366107,0.15,0.15,0.15,26.41998711109346,1000,4279.0,4250.0,81.6026960338934,4250.0,4250.0,4250.0,3.6312657807866655,3.6283889300503116,0.008087395661222392,3.9984828487340836,3.998464402737485,0.0065711589781957385,3.991745088557969,3.998464402737485,4.005472305305216,2.4595,2.5,0.16616181871898247,2.5,2.5,2.5,0.21,0.15,0.11870130580579137,0.15,0.15,0.25,14.382425751296083
283,15.444664,-72.562927,12000,2.0,0.35,4.713239890969094,16.675336269321058,/Users/shannonbowes/Research/ysg/candidates_and_lcs/2022_asassn_lc_data/pysynphot_data/grid/bosz/r2000/m-0.75/bosz2024_ap_t12000_g+2.0_m-0.75_a+0.00_c+0.00_v2_r2000_resam.txt.gz,8500,2.5,0.15,4.445960335841989,2.9143307988050418,/Users/shannonbowes/Research/ysg/candidates_and_lcs/2022_asassn_lc_data/pysynphot_data/grid/bosz/r2000/m-0.75/bosz2024_ap_t8500_g+2.5_m-0.75_a+0.00_c+0.00_v2_r2000_resam.txt.gz,1000,12049.75,12000.0,557.4158568788656,11750.0,12000.0,12000.0,4.080547995772902,4.079181246047625,0.01895910356011513,4.709297383558368,4.702053984836839,0.03212542066307536,4.689738281836865,4.702053984836839,4.715975764771945,2.0855,2.0,0.2764773950976825,2.0,2.0,2.0,0.38465,0.4,0.05274350670935713,0.35,0.4,0.4,48.777186443338245,1000,8962.5,9000.0,253.16743471465676,8750.0,9000.0,9250.0,3.952257415056185,3.9542425094393248,0.01218924058063501,4.496434128740015,4.496857519871101,0.02589003061800363,4.471056447456342,4.496857519871101,4.5244758140268635,2.5015,2.5,0.027345017827750638,2.5,2.5,2.5,0.15024999999999997,0.15,0.0035266839949164726,0.15,0.15,0.15,23.421658722173103
284,15.456195,-72.095955,5250,0.0,1.0,4.279590324620527,0.6686060618833067,/Users/shannonbowes/Research/ysg/candidates_and_lcs/2022_asassn_lc_data/pysynphot_data/grid/bosz/r2000/m-0.75/bosz2024_ms_t5250_g+0.0_m-0.75_a+0.00_c+0.00_v2_r2000_resam.txt.gz,5250,0.5,1.0,4.297948899633332,0.01991191771348148,/Users/shannonbowes/Research/ysg/candidates_and_lcs/2022_asassn_lc_data/pysynphot_data/grid/bosz/r2000/m-0.75/bosz2024_ms_t5250_g+0.5_m-0.75_a+0.00_c+0.00_v2_r2000_resam.txt.gz,1000,5093.5,5000.0,172.50434777129533,5000.0,5000.0,5250.0,3.7067631460100916,3.6989700043360187,0.014890131825945124,4.290357467271798,4.290352209341734,0.008350082866592683,4.282234623709307,4.290352209341734,4.299111599637151,0.0365,0.0,0.13934758699023103,0.0,0.0,0.0,0.7961999999999999,0.85,0.2352138601358347,0.65,0.85,1.0,11.030796303291325,1000,5134.75,5250.0,134.27560277280458,5000.0,5250.0,5250.0,3.710369278199054,3.720159303405957,0.01144512608801519,4.285099444633138,4.285302913555473,0.010416711591660419,4.2747351693309374,4.285302913555473,4.295396165245077,0.116,0.0,0.3975474814408966,0.0,0.0,0.0,0.9043499999999999,0.95,0.11553604415938776,0.8,0.95,1.0,2.78932549939664
285,15.554542,-72.939476,4250,0.0,0.15,3.981645240937935,7.031424061739444,/Users/shannonbowes/Research/ysg/candidates_and_lcs/2022_asassn_lc_data/pysynphot_data/grid/bosz/r2000/m-0.75/bosz2024_ms_t4250_g+0.0_m-0.75_a+0.00_c+0.00_v2_r2000_resam.txt.gz,4250,2.5,0.35,3.9721917505098343,0.22454479711912256,/Users/shannonbowes/Research/ysg/candidates_and_lcs/2022_asassn_lc_data/pysynphot_data/grid/bosz/r2000/m-0.75/bosz2024_ms_t4250_g+2.5_m-0.75_a+0.00_c+0.00_v2_r2000_resam.txt.gz,1000,4251.0,4250.0,15.7797338380595,4250.0,4250.0,4250.0,3.6284882243852126,3.6283889300503116,0.001566838176351156,3.976547686378572,3.977272256310808,0.008257343584040906,3.9678860829169764,3.977272256310808,3.984603568031886,0.196,0.0,0.24409834083827775,0.0,0.0,0.5,0.19459999999999997,0.15,0.059965323312728,0.15,0.15,0.25,31.99406726914508,1000,4383.25,4250.0,145.54015768852253,4250.0,4250.0,4500.0,3.6415594882213562,3.6283889300503116,0.0143009774989557,3.9744627655352716,3.9744718739999296,0.0062007335707510314,3.9683456588335164,3.9744718739999296,3.98060007777649,2.315,2.5,0.3503926369089397,2.0,2.5,2.5,0.5058,0.4,0.22016212208279606,0.3,0.4,0.7,9.983480475890829
286,15.61304,-72.279282,10500,2.5,1.0,4.435273519758604,0.8519674438285241,/Users/shannonbowes/Research/ysg/candidates_and_lcs/2022_asassn_lc_data/pysynphot_data/grid/bosz/r2000/m-0.75/bosz2024_ap_t10500_g+2.5_m-0.75_a+0.00_c+0.00_v2_r2000_resam.txt.gz,7250,2.0,0.3,4.3413529429178865,0.010450907874458003,/Users/shannonbowes/Research/ysg/candidates_and_lcs/2022_asassn_lc_data/pysynphot_data/grid/bosz/r2000/m-0.75/bosz2024_ms_t7250_g+2.0_m-0.75_a+0.00_c+0.00_v2_r2000_resam.txt.gz,1000,10014.5,10000.0,249.82944181981435,9750.0,10000.0,10250.0,4.000493233478312,4.0,0.010889089385434139,4.417033931575874,4.416776696028972,0.0117473617038301,4.40491002309361,4.416776696028972,4.4291254986519,2.137,2.0,0.23923001483927558,2.0,2.0,2.5,0.9753999999999998,1.0,0.03577485150213765,0.95,1.0,1.0,11.49388594541121,1000,7569.25,7500.0,648.0871372739934,7000.0,7500.0,8250.0,3.877582407939336,3.8750612633917,0.035067231026440236,4.348579852816507,4.347248892676604,0.013330736306374307,4.338132354749131,4.347248892676604,4.358150514623464,2.225,2.5,0.3447825401611863,2.0,2.5,2.5,0.40115,0.35,0.24092774331736888,0.15,0.35,0.7,2.3830483905050817
287,15.645905,-72.505547,4750,1.0,0.55,4.046114909025218,1.6506980375665068,/Users/shannonbowes/Research/ysg/candidates_and_lcs/2022_asassn_lc_data/pysynphot_data/grid/bosz/r2000/m-0.75/bosz2024_ms_t4750_g+1.0_m-0.75_a+0.00_c+0.00_v2_r2000_resam.txt.gz,4500,1.0,0.2,4.049129684099231,0.11286922603706451,/Users/shannonbowes/Research/ysg/candidates_and_lcs/2022_asassn_lc_data/pysynphot_data/grid/bosz/r2000/m-0.75/bosz2024_ms_t4500_g+1.0_m-0.75_a+0.00_c+0.00_v2_r2000_resam.txt.gz,1000,4551.25,4500.0,101.54278654833143,4500.0,4500.0,4750.0,3.658024933723357,3.6532125137753435,0.00953209422069192,4.045976610047016,4.045769420854091,0.006810919479443148,4.039139143420936,4.045769420854091,4.052490087873058,1.459,1.5,0.295497884933209,1.0,1.5,1.5,0.265,0.2,0.136033084211158,0.15,0.2,0.5,13.439332444555832,1000,4581.0,4500.0,125.75372757894694,4500.0,4500.0,4750.0,3.6607999089112364,3.6532125137753435,0.011743938442371002,4.052630179833429,4.05232709423073,0.0071893246763935215,4.0456361534983785,4.05232709423073,4.059872005358139,2.458,2.5,0.18367362358270173,2.5,2.5,2.5,0.26915,0.2,0.15628748350395819,0.15,0.2,0.45,7.556568821219078
288,15.646989,-72.192581,4250,0.5,0.15,4.039754214419051,4.850638031205737,/Users/shannonbowes/Research/ysg/candidates_and_lcs/2022_asassn_lc_data/pysynphot_data/grid/bosz/r2000/m-0.75/bosz2024_ms_t4250_g+0.5_m-0.75_a+0.00_c+0.00_v2_r2000_resam.txt.gz,4250,2.0,0.2,4.032344185771115,0.3154805695428577,/Users/shannonbowes/Research/ysg/candidates_and_lcs/2022_asassn_lc_data/pysynphot_data/grid/bosz/r2000/m-0.75/bosz2024_ms_t4250_g+2.0_m-0.75_a+0.00_c+0.00_v2_r2000_resam.txt.gz,1000,4258.5,4250.0,45.30728418256826,4250.0,4250.0,4250.0,3.629232931896964,3.6283889300503116,0.004498756649039189,4.038204538557573,4.038316884704653,0.0063272546399561905,4.0319240767099656,4.038316884704653,4.044648680691449,0.495,0.5,0.12031209415515966,0.5,0.5,0.5,0.15894999999999995,0.15,0.0399674555107027,0.15,0.15,0.15,26.569933082506576,1000,4320.75,4250.0,115.8962359181695,4250.0,4250.0,4500.0,3.6354059493172435,3.6283889300503116,0.011478435727343956,4.042187316194525,4.042436656828906,0.006670010403181333,4.035357602257993,4.042436656828906,4.04886114017317,2.465,2.5,0.14756354563373705,2.5,2.5,2.5,0.2557,0.15,0.15835880146048087,0.15,0.15,0.5,12.784716932274074
289,15.658785,-72.135178,12000,2.5,0.55,4.548937094953442,0.42365676780889183,/Users/shannonbowes/Research/ysg/candidates_and_lcs/2022_asassn_lc_data/pysynphot_data/grid/bosz/r2000/m-0.75/bosz2024_ap_t12000_g+2.5_m-0.75_a+0.00_c+0.00_v2_r2000_resam.txt.gz,9250,2.5,0.3,4.400808581689596,0.013828685402654244,/Users/shannonbowes/Research/ysg/candidates_and_lcs/2022_asassn_lc_data/pysynphot_data/grid/bosz/r2000/m-0.75/bosz2024_ap_t9250_g+2.5_m-0.75_a+0.00_c+0.00_v2_r2000_resam.txt.gz,1000,11491.0,11500.0,727.6118470723247,10750.0,11500.0,12000.0,4.059509601847636,4.060697840353612,0.026982747810368288,4.5325627923725635,4.526467571386126,0.03815512405859816,4.497717596796277,4.526467571386126,4.558488329902044,2.3995,2.5,0.37302781397638435,2.0,2.5,3.0,0.5188499999999999,0.5,0.0789441416445831,0.45,0.5,0.6,13.22875666497738,1000,8577.25,8500.0,524.7332060199735,8250.0,8500.0,8750.0,3.9326428688846313,3.929418925714293,0.02391943955745404,4.3711065124463895,4.369040416412458,0.02793834889705907,4.348859821008621,4.369040416412458,4.384917640243033,2.4665,2.5,0.1847369751836378,2.5,2.5,2.5,0.19094999999999998,0.15,0.08130558098925314,0.15,0.15,0.2,3.9250732174296847
290,15.664665,-71.832069,4500,0.0,0.7,4.230335908262035,2.318116617190516,/Users/shannonbowes/Research/ysg/candidates_and_lcs/2022_asassn_lc_data/pysynphot_data/grid/bosz/r2000/m-0.75/bosz2024_ms_t4500_g+0.0_m-0.75_a+0.00_c+0.00_v2_r2000_resam.txt.gz,4500,2.0,0.55,4.258492536163747,0.011172891197033314,/Users/shannonbowes/Research/ysg/candidates_and_lcs/2022_asassn_lc_data/pysynphot_data/grid/bosz/r2000/m-0.75/bosz2024_ms_t4500_g+2.0_m-0.75_a+0.00_c+0.00_v2_r2000_resam.txt.gz,1000,4456.5,4500.0,96.08719998001816,4250.0,4500.0,4500.0,3.6488901994971936,3.6532125137753435,0.009555444150246622,4.241542058048493,4.241712829996271,0.009972168262868435,4.231335647725511,4.241712829996271,4.251341071856322,0.0925,0.0,0.20048378986840806,0.0,0.0,0.5,0.70675,0.75,0.15931709732480065,0.5420000000000003,0.75,0.8,18.36832422310047,1000,4477.5,4500.0,191.03337404757318,4250.0,4500.0,4750.0,3.6506415394896905,3.6532125137753435,0.018487107017279535,4.260193215642416,4.260270543301516,0.010826123319678952,4.249579932572303,4.260270543301516,4.271010029563839,1.915,2.5,0.7910594162261138,1.0,2.5,2.5,0.5784,0.6,0.2722011021285549,0.25,0.6,0.9,3.047328290945327
291,15.664685,-72.301323,4500,0.0,0.25,4.0055092778361425,10.30062184441001,/Users/shannonbowes/Research/ysg/candidates_and_lcs/2022_asassn_lc_data/pysynphot_data/grid/bosz/r2000/m-0.75/bosz2024_ms_t4500_g+0.0_m-0.75_a+0.00_c+0.00_v2_r2000_resam.txt.gz,4500,2.5,0.35,4.016339520709511,0.8880160471958614,/Users/shannonbowes/Research/ysg/candidates_and_lcs/2022_asassn_lc_data/pysynphot_data/grid/bosz/r2000/m-0.75/bosz2024_ms_t4500_g+2.5_m-0.75_a+0.00_c+0.00_v2_r2000_resam.txt.gz,1000,4398.0,4500.0,122.86578042726136,4250.0,4500.0,4500.0,3.643084491615531,3.6532125137753435,0.012199875949510035,4.008979576549768,4.009029673554915,0.007709506178357309,4.001211986572112,4.009029673554915,4.017109911634469,0.4,0.0,0.47169905660283024,0.0,0.0,1.0,0.2511,0.3,0.08138666967016159,0.15,0.3,0.3,39.306740494976886,1000,4455.0,4500.0,96.04686356149273,4250.0,4500.0,4500.0,3.6487442687048377,3.6532125137753435,0.009536909436581724,4.017170109530208,4.017257305404167,0.006364013516159057,4.01063797110536,4.017257305404167,4.02379171768436,2.5,2.5,0.0,2.5,2.5,2.5,0.33814999999999995,0.35,0.09701586210512177,0.15,0.35,0.4,16.349108582547498
292,15.666333,-72.190926,4750,2.5,0.8,4.4722138805362555,15.089332635969651,/Users/shannonbowes/Research/ysg/candidates_and_lcs/2022_asassn_lc_data/pysynphot_data/grid/bosz/r2000/m-0.75/bosz2024_ms_t4750_g+2.5_m-0.75_a+0.00_c+0.00_v2_r2000_resam.txt.gz,4250,1.5,0.15,4.470275443515954,0.08367669864893293,/Users/shannonbowes/Research/ysg/candidates_and_lcs/2022_asassn_lc_data/pysynphot_data/grid/bosz/r2000/m-0.75/bosz2024_ms_t4250_g+1.5_m-0.75_a+0.00_c+0.00_v2_r2000_resam.txt.gz,1000,4751.0,4750.0,15.7797338380595,4750.0,4750.0,4750.0,3.6767827152037094,3.6766936096248664,0.001406062317654165,4.4660097911125165,4.466039689644338,0.006715730023518599,4.459454082347701,4.466039689644338,4.472376109852555,2.5,2.5,0.0,2.5,2.5,2.5,0.81045,0.8,0.02903958505213184,0.8,0.8,0.85,49.36793488367912,1000,4380.75,4250.0,140.4170128581291,4250.0,4250.0,4500.0,3.6413273622386124,3.6283889300503116,0.013827703062005835,4.46422512300012,4.464084398032302,0.006459024923583057,4.4574558716117085,4.464084398032302,4.470765220011,2.389,2.5,0.2778110868917941,2.0,2.5,2.5,0.35135,0.25,0.20047612700768142,0.15,0.25,0.55,8.770443441872201
293,15.705051,-72.156441,10000,2.0,0.9,4.138622155983903,0.7293494650717389,/Users/shannonbowes/Research/ysg/candidates_and_lcs/2022_asassn_lc_data/pysynphot_data/grid/bosz/r2000/m-0.75/bosz2024_ap_t10000_g+2.0_m-0.75_a+0.00_c+0.00_v2_r2000_resam.txt.gz,8750,2.5,0.75,4.086221891113403,0.0026867818349484303,/Users/shannonbowes/Research/ysg/candidates_and_lcs/2022_asassn_lc_data/pysynphot_data/grid/bosz/r2000/m-0.75/bosz2024_ap_t8750_g+2.5_m-0.75_a+0.00_c+0.00_v2_r2000_resam.txt.gz,1000,10368.5,10250.0,377.9322029147556,10000.0,10250.0,10750.0,4.015426821077395,4.010723865391773,0.015856838093893995,4.160083414868551,4.158505026085017,0.018041541580258908,4.1420702938584,4.158505026085017,4.178880587462664,2.2205,2.0,0.29686655251139354,2.0,2.0,2.5,0.9413999999999999,0.95,0.05423135624341327,0.9,0.95,1.0,10.031514571305587,1000,7872.75,7500.0,897.7722080238394,7250.0,7500.0,8539.999999999993,3.8935611174207114,3.8750612633917,0.04611965445365464,4.077006966818346,4.07361087205345,0.022761165377094602,4.060318790191319,4.07361087205345,4.0864341231087895,2.255,2.5,0.3161882350752475,2.0,2.5,2.5,0.4278,0.35,0.2706790719653073,0.15,0.35,0.75,2.020973636448488
294,15.727274,-72.545883,12000,2.0,0.45,4.399609124665521,6.564914925643983,/Users/shannonbowes/Research/ysg/candidates_and_lcs/2022_asassn_lc_data/pysynphot_data/grid/bosz/r2000/m-0.75/bosz2024_ap_t12000_g+2.0_m-0.75_a+0.00_c+0.00_v2_r2000_resam.txt.gz,12000,3.0,0.6,4.3410030730083236,0.010028900281785165,/Users/shannonbowes/Research/ysg/candidates_and_lcs/2022_asassn_lc_data/pysynphot_data/grid/bosz/r2000/m-0.75/bosz2024_ap_t12000_g+3.0_m-0.75_a+0.00_c+0.00_v2_r2000_resam.txt.gz,1000,12000.0,12000.0,0.0,12000.0,12000.0,12000.0,4.079181246047625,4.079181246047625,0.0,4.394985462633107,4.395048701647192,0.009496309090462006,4.385488758421494,4.395048701647192,4.404646358241475,2.0,2.0,0.0,2.0,2.0,2.0,0.48075,0.5,0.030609434820002803,0.45,0.5,0.5,33.29881481607459,1000,10517.5,10500.0,1555.7775387246083,8500.0,10500.0,12000.0,4.017159044558716,4.021189299069938,0.06431926071658382,4.274680368532789,4.268221284846129,0.08393008095785705,4.181643564770394,4.268221284846129,4.353451268752207,2.2045,2.0,0.3534540281281287,2.0,2.0,2.5,0.42715,0.45,0.17680604486272522,0.2,0.45,0.6,2.3797544433720996
295,15.739019,-73.128609,4500,0.0,0.6,3.9899405180810095,6.793080146172578,/Users/shannonbowes/Research/ysg/candidates_and_lcs/2022_asassn_lc_data/pysynphot_data/grid/bosz/r2000/m-0.75/bosz2024_ms_t4500_g+0.0_m-0.75_a+0.00_c+0.00_v2_r2000_resam.txt.gz,4250,1.0,0.3,3.9916085354959594,2.0058894042392197,/Users/shannonbowes/Research/ysg/candidates_and_lcs/2022_asassn_lc_data/pysynphot_data/grid/bosz/r2000/m-0.75/bosz2024_ms_t4250_g+1.0_m-0.75_a+0.00_c+0.00_v2_r2000_resam.txt.gz,1000,4478.25,4500.0,89.94130030191914,4500.0,4500.0,4500.0,3.651019299794378,3.6532125137753435,0.008831161508763745,3.982340392526172,3.9827678036629903,0.007938716430500483,3.974263534535793,3.9827678036629903,3.990519920443146,0.1265,0.0,0.22191834083734494,0.0,0.0,0.5,0.6030999999999999,0.6,0.13691380500154102,0.55,0.6,0.75,33.42077611728498,1000,4393.0,4250.0,161.4032217770141,4250.0,4250.0,4500.0,3.642472565983737,3.6283889300503116,0.0157734821898355,3.9869889097281783,3.9872351108766226,0.008086543354861942,3.9783876199301442,3.9872351108766226,3.994818030051901,0.1655,0.0,0.409706907435059,0.0,0.0,0.5,0.3871,0.32499999999999996,0.23174035039241656,0.15,0.32499999999999996,0.6,24.740269773971466
296,15.752757,-72.503365,9250,2.0,1.0,4.238716297822856,2.0623861910298347,/Users/shannonbowes/Research/ysg/candidates_and_lcs/2022_asassn_lc_data/pysynphot_data/grid/bosz/r2000/m-0.75/bosz2024_ap_t9250_g+2.0_m-0.75_a+0.00_c+0.00_v2_r2000_resam.txt.gz,7000,2.0,0.3,4.191633274410952,0.036039247571811275,/Users/shannonbowes/Research/ysg/candidates_and_lcs/2022_asassn_lc_data/pysynphot_data/grid/bosz/r2000/m-0.75/bosz2024_ms_t7000_g+2.0_m-0.75_a+0.00_c+0.00_v2_r2000_resam.txt.gz,1000,8006.5,7000.0,1212.2119245412496,6750.0,7000.0,9250.0,3.898492402217311,3.845098040014257,0.06542552987194875,4.231889802906686,4.23059286918182,0.014028925367261077,4.216986071673367,4.23059286918182,4.24756276817646,2.272,2.5,0.24903011866037408,2.0,2.5,2.5,0.5504000000000001,0.2,0.41205562731262385,0.15,0.2,1.0,25.11953637514719,1000,6869.25,6750.0,283.88719150394934,6750.0,6750.0,7000.0,3.8365674049037928,3.829303772831025,0.016895576231370744,4.199597873108575,4.199403839186434,0.00905662415240354,4.191624434458076,4.199403839186434,4.208234589571077,2.1105,2.0,0.3661143946910583,2.0,2.0,2.5,0.22535,0.15,0.14166819508979425,0.15,0.15,0.3,4.043127175326622
297,15.771704,-72.154785,4500,0.5,0.4,4.020089141051645,2.2254651741582303,/Users/shannonbowes/Research/ysg/candidates_and_lcs/2022_asassn_lc_data/pysynphot_data/grid/bosz/r2000/m-0.75/bosz2024_ms_t4500_g+0.5_m-0.75_a+0.00_c+0.00_v2_r2000_resam.txt.gz,4500,1.5,0.3,4.034377410500446,0.0793021420485693,/Users/shannonbowes/Research/ysg/candidates_and_lcs/2022_asassn_lc_data/pysynphot_data/grid/bosz/r2000/m-0.75/bosz2024_ms_t4500_g+1.5_m-0.75_a+0.00_c+0.00_v2_r2000_resam.txt.gz,1000,4490.5,4500.0,62.527993730808284,4500.0,4500.0,4500.0,3.652251765251411,3.6532125137753435,0.006137702521320679,4.02380044993102,4.023652562148532,0.006244905920912351,4.017718924923939,4.023652562148532,4.029953284462148,0.549,0.5,0.3140047770337261,0.5,0.5,1.0,0.3465,0.35,0.08516307885463043,0.3,0.35,0.4,19.29208211482015,1000,4536.75,4500.0,99.18133644995918,4500.0,4500.0,4500.0,3.6566441329265866,3.6532125137753435,0.009283849361327022,4.030631920789094,4.03046095123544,0.006210719424939563,4.024471177095855,4.03046095123544,4.036918748981091,2.456,2.5,0.18045498053531248,2.5,2.5,2.5,0.4206,0.4,0.13492827724387502,0.35,0.4,0.45,9.705329166414497
298,15.781884,-72.210083,9750,2.0,0.6,4.330978474528684,0.25763691382816273,/Users/shannonbowes/Research/ysg/candidates_and_lcs/2022_asassn_lc_data/pysynphot_data/grid/bosz/r2000/m-0.75/bosz2024_ap_t9750_g+2.0_m-0.75_a+0.00_c+0.00_v2_r2000_resam.txt.gz,11000,2.5,0.8,4.371857870309479,0.00819779668381112,/Users/shannonbowes/Research/ysg/candidates_and_lcs/2022_asassn_lc_data/pysynphot_data/grid/bosz/r2000/m-0.75/bosz2024_ap_t11000_g+2.5_m-0.75_a+0.00_c+0.00_v2_r2000_resam.txt.gz,1000,10635.25,10500.0,693.28561033675,10000.0,10500.0,11289.999999999993,4.025827301740982,4.021189299069938,0.028266618583200974,4.371908404916991,4.3668341983152414,0.03224430888969811,4.340076576102814,4.3668341983152414,4.404867802915684,2.561,2.5,0.39278365546443,2.0,2.5,3.0,0.69725,0.7,0.09486800040055657,0.6,0.7,0.8,4.736782607610565,1000,9537.0,8750.0,1806.0332222857917,7750.0,8750.0,11750.0,3.9722235467382645,3.942008053022313,0.07751617373120515,4.327755531622275,4.289716163522176,0.08878417079250137,4.2606244774186806,4.289716163522176,4.413525965169725,2.488,2.5,0.3792835351026986,2.0,2.5,3.0,0.5205,0.5,0.2712466589655991,0.2,0.5,0.85,1.4514212885659235
299,15.787205,-71.930763,4250,0.0,0.7,4.6340867799419145,14.8275753546919,/Users/shannonbowes/Research/ysg/candidates_and_lcs/2022_asassn_lc_data/pysynphot_data/grid/bosz/r2000/m-0.75/bosz2024_ms_t4250_g+0.0_m-0.75_a+0.00_c+0.00_v2_r2000_resam.txt.gz,4500,0.0,0.85,4.637943778124219,0.32580832952946864,/Users/shannonbowes/Research/ysg/candidates_and_lcs/2022_asassn_lc_data/pysynphot_data/grid/bosz/r2000/m-0.75/bosz2024_ms_t4500_g+0.0_m-0.75_a+0.00_c+0.00_v2_r2000_resam.txt.gz,1000,4205.25,4250.0,95.83807959261287,4000.0,4250.0,4250.0,3.623676050019012,3.6283889300503116,0.010093259699446078,4.630866001873687,4.630754903187154,0.007254786469397756,4.623628882123094,4.630754903187154,4.638257092096428,0.0,0.0,0.0,0.0,0.0,0.0,0.62505,0.7,0.18942016128173897,0.25,0.7,0.75,48.577399115676975,1000,4453.0,4500.0,97.67804256842989,4250.0,4500.0,4500.0,3.6485456800350375,3.6532125137753435,0.009698876271178599,4.639987790664791,4.640016059861202,0.007093757547315383,4.632494268186761,4.640016059861202,4.64711934640716,0.715,0.5,0.6428646824954689,0.0,0.5,1.5,0.917,1.0,0.1289612344854065,0.7,1.0,1.0,17.00367044317352
300,15.841267,-72.84407,4250,1.0,0.2,4.06870140092135,3.8454062471235133,/Users/shannonbowes/Research/ysg/candidates_and_lcs/2022_asassn_lc_data/pysynphot_data/grid/bosz/r2000/m-0.75/bosz2024_ms_t4250_g+1.0_m-0.75_a+0.00_c+0.00_v2_r2000_resam.txt.gz,4500,2.5,0.5,4.069425809125329,0.2724679181040274,/Users/shannonbowes/Research/ysg/candidates_and_lcs/2022_asassn_lc_data/pysynphot_data/grid/bosz/r2000/m-0.75/bosz2024_ms_t4500_g+2.5_m-0.75_a+0.00_c+0.00_v2_r2000_resam.txt.gz,1000,4434.5,4500.0,110.4977375333993,4250.0,4500.0,4500.0,3.64670739235151,3.6532125137753435,0.01096804761013951,4.070109847065751,4.070045895353841,0.00671605712350876,4.0633667247254985,4.070045895353841,4.0769633353231045,0.3165,0.0,0.3880434898307147,0.0,0.0,1.0,0.32109999999999994,0.3,0.10901738393485692,0.2,0.3,0.45,21.870776468242557,1000,4491.75,4500.0,130.84126833686688,4500.0,4500.0,4500.0,3.652230894479481,3.6532125137753435,0.012674683288922337,4.075813802702272,4.075775828845995,0.006405396841808145,4.06952982117762,4.075775828845995,4.0822588288163795,2.4575,2.5,0.17012862780849083,2.5,2.5,2.5,0.4598500000000001,0.45,0.17458659026397186,0.35,0.45,0.55,10.6938529602221
301,15.856523,-72.042595,10750,2.5,0.7,4.314687463064534,1.0729883385377263,/Users/shannonbowes/Research/ysg/candidates_and_lcs/2022_asassn_lc_data/pysynphot_data/grid/bosz/r2000/m-0.75/bosz2024_ap_t10750_g+2.5_m-0.75_a+0.00_c+0.00_v2_r2000_resam.txt.gz,10250,3.0,0.75,4.254845616430409,0.0033175511922915544,/Users/shannonbowes/Research/ysg/candidates_and_lcs/2022_asassn_lc_data/pysynphot_data/grid/bosz/r2000/m-0.75/bosz2024_ap_t10250_g+3.0_m-0.75_a+0.00_c+0.00_v2_r2000_resam.txt.gz,1000,11127.75,11250.0,613.0802863410305,10500.0,11250.0,11750.0,4.0457527165849285,4.051152522447381,0.023813053385386272,4.334483719167036,4.332739959372056,0.03295654372112688,4.301540719777544,4.332739959372056,4.3669816797345655,2.388,2.5,0.33608927385443294,2.0,2.5,2.5,0.7531,0.75,0.07470200800514,0.7,0.75,0.85,14.89582009241978,1000,8018.5,7750.0,633.567478647697,7750.0,7750.0,8250.0,3.9029099544351,3.88930170250631,0.031021272231203448,4.193508498098282,4.19068790398273,0.022884232288052628,4.176569625319154,4.19068790398273,4.204360049872063,2.3695,2.5,0.24843459903966678,2.0,2.5,2.5,0.27440000000000003,0.2,0.1511609737994566,0.15,0.2,0.4,3.4297803855880584
302,15.898766,-72.283546,10750,2.0,1.0,4.228044321868961,3.5069497255773285,/Users/shannonbowes/Research/ysg/candidates_and_lcs/2022_asassn_lc_data/pysynphot_data/grid/bosz/r2000/m-0.75/bosz2024_ap_t10750_g+2.0_m-0.75_a+0.00_c+0.00_v2_r2000_resam.txt.gz,7500,2.5,0.4,4.108113735230015,0.022976728224081016,/Users/shannonbowes/Research/ysg/candidates_and_lcs/2022_asassn_lc_data/pysynphot_data/grid/bosz/r2000/m-0.75/bosz2024_ap_t7500_g+2.5_m-0.75_a+0.00_c+0.00_v2_r2000_resam.txt.gz,1000,10599.75,10500.0,226.9084341755502,10500.0,10500.0,10750.0,4.025195960553942,4.021189299069938,0.009308115019862456,4.2302398004394055,4.229668347035583,0.013115219564333945,4.216532574095131,4.229668347035583,4.242877212064375,2.0155,2.0,0.08665881374678516,2.0,2.0,2.0,0.99025,1.0,0.022637082409179863,0.95,1.0,1.0,27.38137509342689,1000,7089.5,7000.0,194.26721287957986,7000.0,7000.0,7250.0,3.850460614261764,3.845098040014257,0.011459788683400605,4.115993409109178,4.115200614934501,0.009706970860177112,4.106846185746742,4.115200614934501,4.125573145252041,2.061,2.0,0.3765355228925951,1.5,2.0,2.5,0.19159999999999996,0.15,0.087974087093871,0.15,0.15,0.2,5.661750853087364
303,15.940762,-72.818794,4250,0.5,0.5,4.174859544949362,6.163260852176207,/Users/shannonbowes/Research/ysg/candidates_and_lcs/2022_asassn_lc_data/pysynphot_data/grid/bosz/r2000/m-0.75/bosz2024_ms_t4250_g+0.5_m-0.75_a+0.00_c+0.00_v2_r2000_resam.txt.gz,4500,2.5,0.95,4.182746896233233,2.8315884885783174,/Users/shannonbowes/Research/ysg/candidates_and_lcs/2022_asassn_lc_data/pysynphot_data/grid/bosz/r2000/m-0.75/bosz2024_ms_t4500_g+2.5_m-0.75_a+0.00_c+0.00_v2_r2000_resam.txt.gz,1000,4227.25,4250.0,82.43141088201754,4250.0,4250.0,4250.0,3.625973427011614,3.6283889300503116,0.0086180179025073,4.172283152515874,4.172166339509304,0.0068189438457470575,4.165431500653042,4.172166339509304,4.179347566813251,0.5315,0.5,0.21507614930531,0.5,0.5,0.5,0.48055,0.5,0.12609201996954447,0.4,0.5,0.55,27.97315957326312,1000,4302.0,4250.0,112.00892821556681,4250.0,4250.0,4500.0,3.633525139075168,3.6283889300503116,0.011196460196550597,4.178800330329239,4.178781044355505,0.006923080116866792,4.171839908558155,4.178781044355505,4.18546892055038,2.428,2.5,0.1783704011320264,2.5,2.5,2.5,0.5994,0.55,0.19040651249366444,0.45,0.55,0.9,20.50851374904441
304,15.947997,-72.071434,10250,2.0,1.0,4.402044553740022,0.7082857930922797,/Users/shannonbowes/Research/ysg/candidates_and_lcs/2022_asassn_lc_data/pysynphot_data/grid/bosz/r2000/m-0.75/bosz2024_ap_t10250_g+2.0_m-0.75_a+0.00_c+0.00_v2_r2000_resam.txt.gz,7250,2.0,0.25,4.341783175087566,0.016002329166014264,/Users/shannonbowes/Research/ysg/candidates_and_lcs/2022_asassn_lc_data/pysynphot_data/grid/bosz/r2000/m-0.75/bosz2024_ms_t7250_g+2.0_m-0.75_a+0.00_c+0.00_v2_r2000_resam.txt.gz,1000,10213.0,10250.0,258.61361139738955,10000.0,10250.0,10500.0,4.009013583953333,4.010723865391773,0.011028367589023175,4.416376081487743,4.415354903108687,0.013011315020374949,4.403550985516876,4.415354903108687,4.4300885738652935,2.144,2.0,0.2603151935634953,2.0,2.0,2.5,0.9774499999999999,1.0,0.03299996212119039,0.95,1.0,1.0,15.728818569904593,1000,7298.5,7250.0,367.2842904345352,7000.0,7250.0,7500.0,3.8627148425156026,3.8603380065709936,0.020932388180494692,4.338167321213939,4.3376268932478546,0.010700957185813775,4.32783180883704,4.3376268932478546,4.348331673936199,2.2045,2.5,0.3506133910734158,2.0,2.5,2.5,0.27575,0.2,0.15800138448760503,0.15,0.2,0.45,4.238598341845198
305,15.954565,-73.712296,4500,0.0,0.3,4.2719481344894605,0.6066666523426116,/Users/shannonbowes/Research/ysg/candidates_and_lcs/2022_asassn_lc_data/pysynphot_data/grid/bosz/r2000/m-0.75/bosz2024_ms_t4500_g+0.0_m-0.75_a+0.00_c+0.00_v2_r2000_resam.txt.gz,4500,2.5,0.15,4.28150012596757,0.008625167953629696,/Users/shannonbowes/Research/ysg/candidates_and_lcs/2022_asassn_lc_data/pysynphot_data/grid/bosz/r2000/m-0.75/bosz2024_ms_t4500_g+2.5_m-0.75_a+0.00_c+0.00_v2_r2000_resam.txt.gz,1000,4500.0,4500.0,0.0,4500.0,4500.0,4500.0,3.6532125137753435,3.6532125137753435,0.0,4.265965187475118,4.265886794112509,0.006991469257705616,4.258960512147298,4.265886794112509,4.272980160714187,0.002,0.0,0.031559467676119,0.0,0.0,0.0,0.27684999999999993,0.3,0.046438965320084374,0.25,0.3,0.3,13.803317617807194,1000,4703.0,4750.0,187.19241437622412,4500.0,4750.0,5000.0,3.672033639783922,3.6766936096248664,0.017185732954716943,4.2826702349511105,4.282472795530174,0.008503472005780117,4.27411938078965,4.282472795530174,4.291477775647474,2.2865,2.5,0.45240219937573245,2.0,2.5,2.5,0.5200999999999999,0.55,0.25222210450315413,0.25,0.55,0.85,4.352541790187737
306,15.977364,-72.827797,6750,2.5,0.15,4.64461704390416,231.69562466946246,/Users/shannonbowes/Research/ysg/candidates_and_lcs/2022_asassn_lc_data/pysynphot_data/grid/bosz/r2000/m-0.75/bosz2024_ms_t6750_g+2.5_m-0.75_a+0.00_c+0.00_v2_r2000_resam.txt.gz,6500,1.5,0.15,4.5922884983978145,87.58475109874965,/Users/shannonbowes/Research/ysg/candidates_and_lcs/2022_asassn_lc_data/pysynphot_data/grid/bosz/r2000/m-0.75/bosz2024_ms_t6500_g+1.5_m-0.75_a+0.00_c+0.00_v2_r2000_resam.txt.gz,1000,6739.5,6750.0,53.75639496841283,6750.0,6750.0,6750.0,3.828613586904107,3.829303772831025,0.003515832538789827,4.646945613664204,4.647826066444551,0.01092813790348514,4.635694409210699,4.647826066444551,4.657659294554791,2.5,2.5,0.0,2.5,2.5,2.5,0.15344999999999995,0.15,0.012672706893162175,0.15,0.15,0.15,361.8856631327272,1000,6449.75,6500.0,106.24235266596838,6250.0,6500.0,6500.0,3.8094832262126936,3.8129133566428557,0.007220739111622394,4.591101105454336,4.593634221768612,0.013251591506889199,4.57510588619342,4.593634221768612,4.603190754347116,2.1885,2.5,0.3933417725083366,1.5,2.5,2.5,0.16034999999999996,0.15,0.020257776284676465,0.15,0.15,0.2,173.6619076592995
307,15.993419,-71.90551,10000,2.0,1.0,4.433686218606719,3.5894651313530286,/Users/shannonbowes/Research/ysg/candidates_and_lcs/2022_asassn_lc_data/pysynphot_data/grid/bosz/r2000/m-0.75/bosz2024_ap_t10000_g+2.0_m-0.75_a+0.00_c+0.00_v2_r2000_resam.txt.gz,7250,2.0,0.3,4.365017183653475,0.06159853646287296,/Users/shannonbowes/Research/ysg/candidates_and_lcs/2022_asassn_lc_data/pysynphot_data/grid/bosz/r2000/m-0.75/bosz2024_ms_t7250_g+2.0_m-0.75_a+0.00_c+0.00_v2_r2000_resam.txt.gz,1000,10019.75,10000.0,191.8265818389099,9750.0,10000.0,10250.0,4.000777292400772,4.0,0.008315108323671725,4.446976808472788,4.4468880536383075,0.009978967380794884,4.437098406239288,4.4468880536383075,4.456828467592204,2.0,2.0,0.0,2.0,2.0,2.0,1.0,1.0,0.0,1.0,1.0,1.0,30.81414516462897,1000,7361.75,7250.0,469.78658718613923,7000.0,7250.0,7750.0,3.866137966766894,3.8603380065709936,0.026751422967658842,4.368921087942148,4.3688166079772515,0.011284373347572095,4.358442947408437,4.3688166079772515,4.379383298360555,2.0655,2.0,0.40430155824582226,1.5,2.0,2.5,0.3561,0.25,0.210232704401575,0.15,0.25,0.6,8.088394789079919
308,15.995159,-72.385849,4750,0.0,0.35,4.3373083170516935,3.408909088112522,/Users/shannonbowes/Research/ysg/candidates_and_lcs/2022_asassn_lc_data/pysynphot_data/grid/bosz/r2000/m-0.75/bosz2024_ms_t4750_g+0.0_m-0.75_a+0.00_c+0.00_v2_r2000_resam.txt.gz,4750,2.5,0.5,4.348384224534743,0.3171979956456073,/Users/shannonbowes/Research/ysg/candidates_and_lcs/2022_asassn_lc_data/pysynphot_data/grid/bosz/r2000/m-0.75/bosz2024_ms_t4750_g+2.5_m-0.75_a+0.00_c+0.00_v2_r2000_resam.txt.gz,1000,4650.25,4750.0,127.42620413400063,4500.0,4750.0,4750.0,3.6673126053695224,3.6766936096248664,0.011935917997914658,4.335530869581289,4.335505942761891,0.007531571127584663,4.3279336740632335,4.335505942761891,4.3430508783053705,0.483,0.5,0.423923342126852,0.0,0.5,1.0,0.32594999999999996,0.35,0.12543563090286589,0.2,0.35,0.5,22.19301464152139,1000,4783.5,4750.0,183.378706506508,4500.0,4750.0,5000.0,3.6794291587958505,3.6766936096248664,0.016553664455912227,4.343836916371896,4.344001415358919,0.006615807578333916,4.336928241368704,4.344001415358919,4.3503752900388095,2.471,2.5,0.14546133506880787,2.5,2.5,2.5,0.48845000000000005,0.45,0.20940176097635854,0.2,0.45,0.75,11.696937204702436
309,16.024857,-73.818291,7250,2.5,0.4,4.273576504932291,0.175542066652521,/Users/shannonbowes/Research/ysg/candidates_and_lcs/2022_asassn_lc_data/pysynphot_data/grid/bosz/r2000/m-0.75/bosz2024_ms_t7250_g+2.5_m-0.75_a+0.00_c+0.00_v2_r2000_resam.txt.gz,7500,2.0,0.3,4.334126692233668,0.008021927463480433,/Users/shannonbowes/Research/ysg/candidates_and_lcs/2022_asassn_lc_data/pysynphot_data/grid/bosz/r2000/m-0.75/bosz2024_ms_t7500_g+2.0_m-0.75_a+0.00_c+0.00_v2_r2000_resam.txt.gz,1000,7433.75,7250.0,655.7807846376714,6750.0,7250.0,8250.0,3.869574333971421,3.8603380065709936,0.03735727103157201,4.25952125499772,4.259338808595566,0.009834214940783783,4.250117147157255,4.259338808595566,4.2690359533496105,2.2115,2.5,0.3768524246969893,1.9200000000000017,2.5,2.5,0.4988000000000001,0.45,0.29597898574054204,0.2,0.45,0.85,7.741903578698368,1000,7375.0,7250.0,671.4722630161278,7000.0,7250.0,7750.0,3.8662442711627856,3.8603380065709936,0.03488012755736495,4.324833296943243,4.321806488052598,0.044785456311057376,4.287486368229573,4.321806488052598,4.3638279019559265,2.1,2.0,0.3788139384975162,1.5,2.0,2.5,0.2443,0.15,0.2047010258889779,0.15,0.15,0.3,3.0675653013824427
310,16.029622,-72.642746,11500,3.0,0.5,4.346296552002927,0.7740174334998711,/Users/shannonbowes/Research/ysg/candidates_and_lcs/2022_asassn_lc_data/pysynphot_data/grid/bosz/r2000/m-0.75/bosz2024_ap_t11500_g+3.0_m-0.75_a+0.00_c+0.00_v2_r2000_resam.txt.gz,9250,2.5,0.25,4.2322968750197605,0.01906608631797615,/Users/shannonbowes/Research/ysg/candidates_and_lcs/2022_asassn_lc_data/pysynphot_data/grid/bosz/r2000/m-0.75/bosz2024_ap_t9250_g+2.5_m-0.75_a+0.00_c+0.00_v2_r2000_resam.txt.gz,1000,11486.5,11500.0,666.8528698296199,10750.0,11500.0,12000.0,4.059470091570439,4.060697840353612,0.024855359091681704,4.341877495532707,4.337975258211767,0.035513419095071094,4.307567677102328,4.337975258211767,4.366800196347505,2.4155,2.5,0.3938397516757291,2.0,2.5,3.0,0.53655,0.55,0.0726057676772307,0.45,0.55,0.6,14.41113166222313,1000,8693.75,8500.0,677.051281292636,8250.0,8500.0,8750.0,3.9380894300464733,3.929418925714293,0.029955317307566818,4.19228165884465,4.187122084511474,0.03620089918947331,4.166752026425975,4.187122084511474,4.209458800170994,2.497,2.5,0.17461672313956647,2.5,2.5,2.5,0.202,0.15,0.09335952013587046,0.15,0.15,0.25,5.773273311650319
311,16.050177,-72.978088,4500,0.0,0.4,3.9643578335665057,0.27430460202223195,/Users/shannonbowes/Research/ysg/candidates_and_lcs/2022_asassn_lc_data/pysynphot_data/grid/bosz/r2000/m-0.75/bosz2024_ms_t4500_g+0.0_m-0.75_a+0.00_c+0.00_v2_r2000_resam.txt.gz,4750,1.5,0.85,3.9667853066180303,0.030172774645213424,/Users/shannonbowes/Research/ysg/candidates_and_lcs/2022_asassn_lc_data/pysynphot_data/grid/bosz/r2000/m-0.75/bosz2024_ms_t4750_g+1.5_m-0.75_a+0.00_c+0.00_v2_r2000_resam.txt.gz,1000,4555.75,4500.0,104.06458331247957,4500.0,4500.0,4750.0,3.658448798149787,3.6532125137753435,0.009774201821203955,3.9532846493398672,3.953497078287212,0.007336719064677009,3.945736986854452,3.953497078287212,3.9604477156201585,0.007,0.0,0.05874521257089806,0.0,0.0,0.0,0.48075,0.4,0.18407046884277772,0.35,0.4,0.8,9.537984948758407,1000,4791.75,4750.0,118.61465971792863,4750.0,4750.0,5000.0,3.6803619653926782,3.6766936096248664,0.010698675428206123,3.956930984583287,3.957133755285342,0.008025622210733037,3.9487991983096262,3.957133755285342,3.964869489743124,0.1085,0.0,0.34347889309242857,0.0,0.0,0.0,0.8129500000000001,0.8,0.12938236935533373,0.75,0.8,1.0,4.516488462223368
312,16.101214,-72.178276,4250,0.5,0.15,3.9849595036359746,2.1430148832669604,/Users/shannonbowes/Research/ysg/candidates_and_lcs/2022_asassn_lc_data/pysynphot_data/grid/bosz/r2000/m-0.75/bosz2024_ms_t4250_g+0.5_m-0.75_a+0.00_c+0.00_v2_r2000_resam.txt.gz,4250,1.5,0.15,3.991231462679868,0.19805657628772766,/Users/shannonbowes/Research/ysg/candidates_and_lcs/2022_asassn_lc_data/pysynphot_data/grid/bosz/r2000/m-0.75/bosz2024_ms_t4250_g+1.5_m-0.75_a+0.00_c+0.00_v2_r2000_resam.txt.gz,1000,4320.75,4250.0,112.61410879636708,4250.0,4250.0,4500.0,3.6354140042444967,3.6283889300503116,0.011181943033305879,3.9851299726894047,3.985340043104312,0.007074142484454228,3.9782471751961146,3.985340043104312,3.9925097256827837,0.4555,0.5,0.31744251448096866,0.0,0.5,1.0,0.21844999999999995,0.15,0.10689760287302985,0.15,0.15,0.35,21.533901149380053,1000,4429.5,4500.0,140.64049914587193,4250.0,4500.0,4500.0,3.6461358791427183,3.6532125137753435,0.013786501195334961,3.9891344917564715,3.989222264411376,0.006709170366874512,3.9827401500339636,3.989222264411376,3.995602209633434,2.414,2.5,0.24208263052106815,2.5,2.5,2.5,0.4016,0.45,0.1926199366628491,0.15,0.45,0.55,10.409948812337305
313,16.113623,-72.547836,11500,3.0,0.75,4.484432897095558,0.3410471557234234,/Users/shannonbowes/Research/ysg/candidates_and_lcs/2022_asassn_lc_data/pysynphot_data/grid/bosz/r2000/m-0.75/bosz2024_ap_t11500_g+3.0_m-0.75_a+0.00_c+0.00_v2_r2000_resam.txt.gz,8500,2.5,0.4,4.343284884974459,0.019906296991122067,/Users/shannonbowes/Research/ysg/candidates_and_lcs/2022_asassn_lc_data/pysynphot_data/grid/bosz/r2000/m-0.75/bosz2024_ap_t8500_g+2.5_m-0.75_a+0.00_c+0.00_v2_r2000_resam.txt.gz,1000,11140.25,11000.0,703.9299947437955,10500.0,11000.0,11750.0,4.046044223337087,4.041392685158225,0.027071337868076657,4.475766451734049,4.471966875695097,0.03961357908924579,4.437672426676038,4.471966875695097,4.5104383283842235,2.405,2.5,0.3694252292413175,2.0,2.5,3.0,0.70565,0.7,0.07632547084689358,0.65,0.7,0.8,16.583122850702303,1000,8182.0,8000.0,647.6889685643874,7750.0,8000.0,8500.0,3.9116698042844544,3.9030899869919438,0.031118401169432975,4.335905275767623,4.331313776611334,0.024949670364778805,4.318399368311711,4.331313776611334,4.349236658471869,2.4265,2.5,0.23737681015634193,2.0,2.5,2.5,0.26715,0.2,0.13805208256306747,0.15,0.2,0.35,4.865269421512454
314,16.180614,-71.649818,4250,0.0,0.15,4.129055215760428,0.21284954028072492,/Users/shannonbowes/Research/ysg/candidates_and_lcs/2022_asassn_lc_data/pysynphot_data/grid/bosz/r2000/m-0.75/bosz2024_ms_t4250_g+0.0_m-0.75_a+0.00_c+0.00_v2_r2000_resam.txt.gz,4500,1.0,0.6,4.130366017168876,0.001375760728760186,/Users/shannonbowes/Research/ysg/candidates_and_lcs/2022_asassn_lc_data/pysynphot_data/grid/bosz/r2000/m-0.75/bosz2024_ms_t4500_g+1.0_m-0.75_a+0.00_c+0.00_v2_r2000_resam.txt.gz,1000,4342.25,4250.0,121.15047461731217,4250.0,4250.0,4500.0,3.6375474899569737,3.6283889300503116,0.01202511147103817,4.134029926994951,4.134428458430854,0.0074132523568672245,4.126132849175145,4.134428458430854,4.141214698273991,0.0185,0.0,0.09438087730043622,0.0,0.0,0.0,0.313,0.15,0.20265981348062076,0.15,0.15,0.6,4.993506356634154,1000,4581.25,4500.0,165.33583247439134,4500.0,4500.0,4750.0,3.660697538748008,3.6532125137753435,0.015825055231194093,4.139501150976172,4.1401263071708225,0.008424964577120202,4.130725922339326,4.1401263071708225,4.148087352486108,0.945,1.0,0.7959114272329554,0.0,1.0,2.0,0.678,0.65,0.23489572154468885,0.5,0.65,0.95,0.33542409974704046
315,16.197788,-72.044441,4500,0.5,0.35,3.9564462413842656,2.2614571216620387,/Users/shannonbowes/Research/ysg/candidates_and_lcs/2022_asassn_lc_data/pysynphot_data/grid/bosz/r2000/m-0.75/bosz2024_ms_t4500_g+0.5_m-0.75_a+0.00_c+0.00_v2_r2000_resam.txt.gz,4500,2.0,0.25,3.9814201921461687,0.13568014255752323,/Users/shannonbowes/Research/ysg/candidates_and_lcs/2022_asassn_lc_data/pysynphot_data/grid/bosz/r2000/m-0.75/bosz2024_ms_t4500_g+2.0_m-0.75_a+0.00_c+0.00_v2_r2000_resam.txt.gz,1000,4491.0,4500.0,47.89572005931219,4500.0,4500.0,4500.0,3.6523175222733673,3.6532125137753435,0.004748698085261875,3.9707628795327223,3.970854177344947,0.0062975606984819925,3.9644301350368707,3.970854177344947,3.9768864089006555,0.652,0.5,0.4597782074000463,0.0,0.5,1.0,0.31389999999999996,0.3,0.07068797634675929,0.25,0.3,0.4,22.683788751351916,1000,4540.0,4500.0,97.59610647971567,4500.0,4500.0,4500.0,3.6569585090142844,3.6532125137753435,0.009125852483508891,3.975425335973249,3.9754869312212833,0.00652187060677515,3.9686868592081246,3.9754869312212833,3.981820851087244,2.4745,2.5,0.13638090042230985,2.5,2.5,2.5,0.4277,0.4,0.13150174903779796,0.35,0.4,0.5,13.044562074578135
316,16.230061,-72.513527,4250,0.0,0.15,3.9782690911550196,5.749826471860587,/Users/shannonbowes/Research/ysg/candidates_and_lcs/2022_asassn_lc_data/pysynphot_data/grid/bosz/r2000/m-0.75/bosz2024_ms_t4250_g+0.0_m-0.75_a+0.00_c+0.00_v2_r2000_resam.txt.gz,4250,2.5,0.25,4.000965960476622,0.7212410264372353,/Users/shannonbowes/Research/ysg/candidates_and_lcs/2022_asassn_lc_data/pysynphot_data/grid/bosz/r2000/m-0.75/bosz2024_ms_t4250_g+2.5_m-0.75_a+0.00_c+0.00_v2_r2000_resam.txt.gz,1000,4250.0,4250.0,0.0,4250.0,4250.0,4250.0,3.628388930050313,3.6283889300503116,1.3322676295501878e-15,3.9929773248895755,3.992987686815489,0.0065219985904764145,3.986200692420252,3.992987686815489,3.999370600616934,0.0075,0.0,0.06077622890571609,0.0,0.0,0.0,0.15949999999999998,0.15,0.023446748175386715,0.15,0.15,0.2,32.303690047126274,1000,4310.5,4250.0,111.64564478742554,4250.0,4250.0,4500.0,3.634385497408766,3.6283889300503116,0.011044068375805205,4.000275060928683,3.9998014745175667,0.00647069929011641,3.9940365876871753,3.9998014745175667,4.006701350478234,2.3915,2.5,0.24490355244463075,2.0,2.5,2.5,0.30785,0.25,0.17744260339614046,0.15,0.25,0.6,14.184703851077462
317,16.24057,-72.385185,10750,2.5,0.85,4.337915324427322,0.16346337020582713,/Users/shannonbowes/Research/ysg/candidates_and_lcs/2022_asassn_lc_data/pysynphot_data/grid/bosz/r2000/m-0.75/bosz2024_ap_t10750_g+2.5_m-0.75_a+0.00_c+0.00_v2_r2000_resam.txt.gz,7500,2.0,0.2,4.225293424280941,0.013414279989193085,/Users/shannonbowes/Research/ysg/candidates_and_lcs/2022_asassn_lc_data/pysynphot_data/grid/bosz/r2000/m-0.75/bosz2024_ms_t7500_g+2.0_m-0.75_a+0.00_c+0.00_v2_r2000_resam.txt.gz,1000,10800.75,10750.0,577.5914970807655,10250.0,10750.0,11500.0,4.032832801919256,4.031408464251625,0.023231854226572993,4.336791128205842,4.333131217421725,0.029848203512083386,4.305326298336274,4.333131217421725,4.371713268522299,2.457,2.5,0.3743674665352212,2.0,2.5,3.0,0.8817,0.9,0.07569749005085967,0.8,0.9,0.95,10.101711976422077,1000,8050.75,7750.0,893.7907683009486,7500.0,7750.0,8500.0,3.903489658976391,3.88930170250631,0.04373675509727509,4.231562729975736,4.225660422143965,0.028797444870737612,4.212544305874837,4.225660422143965,4.241824337742362,2.357,2.5,0.26935292833010005,2.0,2.5,2.5,0.38670000000000004,0.35,0.22265019649665704,0.2,0.35,0.6,2.466209709307171
318,16.264754,-72.108932,5750,2.5,0.15,4.312505000275268,39.46523611245718,/Users/shannonbowes/Research/ysg/candidates_and_lcs/2022_asassn_lc_data/pysynphot_data/grid/bosz/r2000/m-0.75/bosz2024_ms_t5750_g+2.5_m-0.75_a+0.00_c+0.00_v2_r2000_resam.txt.gz,5500,2.5,0.2,4.258690765741121,3.487333351608501,/Users/shannonbowes/Research/ysg/candidates_and_lcs/2022_asassn_lc_data/pysynphot_data/grid/bosz/r2000/m-0.75/bosz2024_ms_t5500_g+2.5_m-0.75_a+0.00_c+0.00_v2_r2000_resam.txt.gz,1000,5748.75,5750.0,17.633419974582356,5750.0,5750.0,5750.0,3.7595713189136535,3.7596678446896306,0.0013616636369389902,4.3145715573707255,4.314333431710812,0.006903539006047884,4.307922789984774,4.314333431710812,4.321325717175833,2.5,2.5,0.0,2.5,2.5,2.5,0.22195,0.2,0.03436127907980143,0.2,0.2,0.25,102.7038600035633,1000,5474.25,5500.0,75.98971969944355,5500.0,5500.0,5500.0,3.7382817407271487,3.7403626894942437,0.006140998583314158,4.261282542911462,4.262279861360366,0.009360794936869627,4.2523022906769565,4.262279861360366,4.270231806192735,2.4955,2.5,0.04722022871609158,2.5,2.5,2.5,0.21059999999999998,0.2,0.04746198478782782,0.15,0.2,0.25,25.85450777731505
319,16.297483,-72.724457,10250,2.0,0.35,4.235952738769976,0.48215989111973595,/Users/shannonbowes/Research/ysg/candidates_and_lcs/2022_asassn_lc_data/pysynphot_data/grid/bosz/r2000/m-0.75/bosz2024_ap_t10250_g+2.0_m-0.75_a+0.00_c+0.00_v2_r2000_resam.txt.gz,9500,2.5,0.45,4.149792815073975,0.005349464639340772,/Users/shannonbowes/Research/ysg/candidates_and_lcs/2022_asassn_lc_data/pysynphot_data/grid/bosz/r2000/m-0.75/bosz2024_ap_t9500_g+2.5_m-0.75_a+0.00_c+0.00_v2_r2000_resam.txt.gz,1000,11406.0,11250.0,664.4840103418592,10750.0,11250.0,12000.0,4.056415400323023,4.051152522447381,0.02482344528249726,4.272796647141389,4.2693330086388945,0.03510922499633579,4.2405948425770275,4.2693330086388945,4.298503615084488,2.263,2.0,0.3344114232498645,2.0,2.0,2.5,0.55555,0.55,0.07511123417971508,0.5,0.55,0.6,10.176711823295463,1000,8962.0,8500.0,1202.8844499784673,8250.0,8500.0,10250.0,3.949035614547689,3.929418925714293,0.052172948656658294,4.136664088465399,4.116732958333278,0.060056960820714586,4.098460278962931,4.116732958333278,4.177987267244713,2.408,2.5,0.3098967570014246,2.0,2.5,2.5,0.2796,0.2,0.16566182420823453,0.15,0.2,0.5,2.3945180342864045
320,16.299472,-71.72628,4250,0.0,0.15,4.2659598362862585,1.448504006125597,/Users/shannonbowes/Research/ysg/candidates_and_lcs/2022_asassn_lc_data/pysynphot_data/grid/bosz/r2000/m-0.75/bosz2024_ms_t4250_g+0.0_m-0.75_a+0.00_c+0.00_v2_r2000_resam.txt.gz,4500,2.5,0.45,4.283771809964361,0.01728506670537659,/Users/shannonbowes/Research/ysg/candidates_and_lcs/2022_asassn_lc_data/pysynphot_data/grid/bosz/r2000/m-0.75/bosz2024_ms_t4500_g+2.5_m-0.75_a+0.00_c+0.00_v2_r2000_resam.txt.gz,1000,4308.25,4250.0,105.68555956231674,4250.0,4250.0,4500.0,3.634172825058245,3.6283889300503116,0.010493977345288062,4.260886290199536,4.261213301946674,0.007784405970412016,4.2532794800297,4.261213301946674,4.26860886056942,0.038,0.0,0.1324990566004151,0.0,0.0,0.0,0.25345,0.15,0.16821295283063076,0.15,0.15,0.55,15.622258690192679,1000,4449.0,4500.0,133.31916591398252,4250.0,4500.0,4500.0,3.648066748721768,3.6532125137753435,0.013048883459233614,4.2806540628842615,4.281004494806441,0.010631561225530712,4.2699904633182575,4.281004494806441,4.291177389198952,2.1845,2.5,0.5922075227485717,1.5,2.5,2.5,0.36785,0.4,0.16801451574194418,0.15,0.4,0.5,2.0822303762400343
321,16.382862,-72.763603,4250,1.0,0.25,4.05189228770547,1.4948509711392264,/Users/shannonbowes/Research/ysg/candidates_and_lcs/2022_asassn_lc_data/pysynphot_data/grid/bosz/r2000/m-0.75/bosz2024_ms_t4250_g+1.0_m-0.75_a+0.00_c+0.00_v2_r2000_resam.txt.gz,4500,0.0,0.8,4.034452983189379,0.06531202675888798,/Users/shannonbowes/Research/ysg/candidates_and_lcs/2022_asassn_lc_data/pysynphot_data/grid/bosz/r2000/m-0.75/bosz2024_ms_t4500_g+0.0_m-0.75_a+0.00_c+0.00_v2_r2000_resam.txt.gz,1000,4281.75,4250.0,83.24324296902422,4250.0,4250.0,4250.0,3.631541525183392,3.6283889300503116,0.008265582445538985,4.049413489094966,4.049480335056419,0.007049871999087922,4.042335942050727,4.049480335056419,4.056625717026536,1.059,1.0,0.25888028121121937,1.0,1.0,1.5,0.3165,0.25,0.13342694630396065,0.25,0.25,0.4,13.799612118728975,1000,4493.25,4500.0,83.76716242060489,4500.0,4500.0,4500.0,3.6524845500361205,3.6532125137753435,0.00814330095844408,4.040205164073205,4.039542003422251,0.009170478500867354,4.031258385695129,4.039542003422251,4.049653917378893,1.488,1.5,0.9388056241842611,0.0,1.5,2.5,0.82655,0.85,0.15600512010828363,0.75,0.85,0.95,6.913048093685691
322,16.445653,-71.772797,12000,2.0,0.55,4.535848343636157,162.26475017399684,/Users/shannonbowes/Research/ysg/candidates_and_lcs/2022_asassn_lc_data/pysynphot_data/grid/bosz/r2000/m-0.75/bosz2024_ap_t12000_g+2.0_m-0.75_a+0.00_c+0.00_v2_r2000_resam.txt.gz,8500,2.5,0.5,4.219496772525971,4.887654939122546,/Users/shannonbowes/Research/ysg/candidates_and_lcs/2022_asassn_lc_data/pysynphot_data/grid/bosz/r2000/m-0.75/bosz2024_ap_t8500_g+2.5_m-0.75_a+0.00_c+0.00_v2_r2000_resam.txt.gz,1000,12000.0,12000.0,0.0,12000.0,12000.0,12000.0,4.079181246047625,4.079181246047625,0.0,4.542715896022928,4.542437200191374,0.00908845296204601,4.534119218210354,4.542437200191374,4.552080202043333,2.0,2.0,0.0,2.0,2.0,2.0,0.6083,0.6,0.032651339941876814,0.6,0.6,0.65,286.41293578337826,1000,7754.0,7750.0,222.44999438075965,7500.0,7750.0,8000.0,3.8893486693176182,3.88930170250631,0.012376754888268936,4.2280556122575526,4.227076458078937,0.012440309582211682,4.216032749071827,4.227076458078937,4.240793614786789,2.353,2.5,0.22779596133382177,2.0,2.5,2.5,0.24605000000000002,0.2,0.09312302346895746,0.15,0.2,0.35,45.23243033212549
323,16.457567,-72.369637,11000,2.0,0.7,4.074750184275171,0.2207301237418377,/Users/shannonbowes/Research/ysg/candidates_and_lcs/2022_asassn_lc_data/pysynphot_data/grid/bosz/r2000/m-0.75/bosz2024_ap_t11000_g+2.0_m-0.75_a+0.00_c+0.00_v2_r2000_resam.txt.gz,9250,2.5,0.4,4.036443407165554,0.0060440500131421085,/Users/shannonbowes/Research/ysg/candidates_and_lcs/2022_asassn_lc_data/pysynphot_data/grid/bosz/r2000/m-0.75/bosz2024_ap_t9250_g+2.5_m-0.75_a+0.00_c+0.00_v2_r2000_resam.txt.gz,1000,11303.5,11250.0,904.440572951037,10500.0,11250.0,12000.0,4.051830518137713,4.051152522447381,0.034646318583127916,4.098310458362471,4.093106253797417,0.04430792850886151,4.059143066804891,4.093106253797417,4.123428039695704,2.3455,2.0,0.40728337800602665,2.0,2.0,3.0,0.72605,0.75,0.13230229589844614,0.6,0.75,0.85,4.542436737621854,1000,9265.0,8500.0,1712.2791828437323,7750.0,8500.0,11750.0,3.9600989111854927,3.929418925714293,0.07479041440251125,4.012606824956648,3.9901939634997285,0.0777952688012987,3.9484429793101556,3.9901939634997285,4.087914561634388,2.2855,2.0,0.3467560381593953,2.0,2.0,2.5,0.41270000000000007,0.25,0.2881557044377223,0.15,0.25,0.8,1.7396055147606286
324,16.537387,-72.402466,11500,2.0,0.25,4.7376319476923445,0.4775020548817108,/Users/shannonbowes/Research/ysg/candidates_and_lcs/2022_asassn_lc_data/pysynphot_data/grid/bosz/r2000/m-0.75/bosz2024_ap_t11500_g+2.0_m-0.75_a+0.00_c+0.00_v2_r2000_resam.txt.gz,10750,2.5,0.25,4.666032345961446,0.024764848192231174,/Users/shannonbowes/Research/ysg/candidates_and_lcs/2022_asassn_lc_data/pysynphot_data/grid/bosz/r2000/m-0.75/bosz2024_ap_t10750_g+2.5_m-0.75_a+0.00_c+0.00_v2_r2000_resam.txt.gz,1000,12029.75,12000.0,427.99233345937404,11750.0,12000.0,12000.0,4.080004912485454,4.079181246047625,0.01446583471150445,4.767293701231471,4.763846956721245,0.024304251835238194,4.751496930732429,4.763846956721245,4.77463340907623,2.042,2.0,0.20058913230780973,2.0,2.0,2.0,0.31044999999999995,0.3,0.04408284813847672,0.3,0.3,0.35,10.5225402171166,1000,10778.75,10500.0,1176.1636525160943,9500.0,10500.0,12000.0,4.030074299237179,4.021189299069938,0.04616147387253433,4.670786075528362,4.6600119359014265,0.07224799353062182,4.5947564179133,4.6600119359014265,4.743594464654255,2.3465,2.0,0.402104153174274,2.0,2.0,3.0,0.24889999999999998,0.2,0.10333823106672572,0.15,0.2,0.35,3.2751836121084326
325,16.553088,-72.631592,10500,2.5,0.55,4.402731446078977,0.10732191305545102,/Users/shannonbowes/Research/ysg/candidates_and_lcs/2022_asassn_lc_data/pysynphot_data/grid/bosz/r2000/m-0.75/bosz2024_ap_t10500_g+2.5_m-0.75_a+0.00_c+0.00_v2_r2000_resam.txt.gz,11250,2.0,0.7,4.420366989742564,0.0020073176070564782,/Users/shannonbowes/Research/ysg/candidates_and_lcs/2022_asassn_lc_data/pysynphot_data/grid/bosz/r2000/m-0.75/bosz2024_ap_t11250_g+2.0_m-0.75_a+0.00_c+0.00_v2_r2000_resam.txt.gz,1000,12041.25,11750.0,961.436912906926,11250.0,11750.0,13000.0,4.079323773506881,4.0700378666077555,0.034014432795721285,4.475545268457683,4.455737257598883,0.058182383531251596,4.432037915942167,4.455737257598883,4.543895895950116,2.4255,2.5,0.4418141577631935,2.0,2.5,3.0,0.7529,0.75,0.11116019971194727,0.65,0.75,0.85,5.282566396251463,1000,10097.5,10250.0,1970.436182676313,8000.0,10250.0,12500.0,3.9962923428386867,4.010723865391773,0.08211033465861343,4.365803052637468,4.332429984546577,0.09974377799247523,4.280495608246294,4.332429984546577,4.475097336707994,2.5485,2.5,0.39799214816375456,2.0,2.5,3.0,0.55445,0.6,0.2906418715532915,0.2,0.6,0.9,1.700488437420682
326,16.562863,-72.560211,4250,1.0,0.4,4.336814753322078,3.493030611787555,/Users/shannonbowes/Research/ysg/candidates_and_lcs/2022_asassn_lc_data/pysynphot_data/grid/bosz/r2000/m-0.75/bosz2024_ms_t4250_g+1.0_m-0.75_a+0.00_c+0.00_v2_r2000_resam.txt.gz,4250,0.5,0.3,4.357093287667061,0.2694480821914153,/Users/shannonbowes/Research/ysg/candidates_and_lcs/2022_asassn_lc_data/pysynphot_data/grid/bosz/r2000/m-0.75/bosz2024_ms_t4250_g+0.5_m-0.75_a+0.00_c+0.00_v2_r2000_resam.txt.gz,1000,4342.5,4250.0,121.7322882393985,4250.0,4250.0,4500.0,3.6375709710528237,3.6283889300503116,0.012078484186472008,4.347377095123953,4.347441412395437,0.006768262672828904,4.34022140726383,4.347441412395437,4.354258363460868,0.5485,0.5,0.23957827530892692,0.5,0.5,1.0,0.47864999999999996,0.4,0.19301988887158752,0.3,0.4,0.75,22.356692017173522,1000,4387.75,4500.0,141.28849033095372,4250.0,4500.0,4500.0,3.642018395119287,3.6532125137753435,0.013906931163963986,4.353190518566137,4.3533227066230005,0.006225711412266104,4.346962068035705,4.3533227066230005,4.359490637660718,2.244,2.5,0.43412440613262,2.0,2.5,2.5,0.54255,0.65,0.2145040733878963,0.3,0.65,0.75,9.09067136230509
327,16.563437,-72.591248,11250,2.5,1.0,4.326482980772679,1.7918100937275676,/Users/shannonbowes/Research/ysg/candidates_and_lcs/2022_asassn_lc_data/pysynphot_data/grid/bosz/r2000/m-0.75/bosz2024_ap_t11250_g+2.5_m-0.75_a+0.00_c+0.00_v2_r2000_resam.txt.gz,7500,2.0,0.35,4.176056883190269,0.007535771970815146,/Users/shannonbowes/Research/ysg/candidates_and_lcs/2022_asassn_lc_data/pysynphot_data/grid/bosz/r2000/m-0.75/bosz2024_ms_t7500_g+2.0_m-0.75_a+0.00_c+0.00_v2_r2000_resam.txt.gz,1000,10282.25,10250.0,343.1798908735767,10000.0,10250.0,10500.0,4.011845275151185,4.010723865391773,0.014541486515347325,4.26793422214537,4.266461870630362,0.016720973081135824,4.251718431559967,4.266461870630362,4.284036527839676,2.079,2.0,0.19041796133768477,2.0,2.0,2.0,0.9535999999999999,0.95,0.049920336537327144,0.9,0.95,1.0,18.31476494391581,1000,7202.0,7000.0,343.0685062782651,7000.0,7000.0,7250.0,3.8570095505993294,3.845098040014257,0.019137973545715566,4.177703197341248,4.176776875602039,0.011376775421480497,4.166699188275753,4.176776875602039,4.189261468435975,2.0605,2.0,0.38870264984947045,1.5,2.0,2.5,0.21614999999999998,0.15,0.12960199651239948,0.15,0.15,0.25,3.875089548908342
328,16.571746,-72.462975,14000,3.0,0.15,4.584141830014214,375.49178888778886,/Users/shannonbowes/Research/ysg/candidates_and_lcs/2022_asassn_lc_data/pysynphot_data/grid/bosz/r2000/m-0.75/bosz2024_ap_t14000_g+3.0_m-0.75_a+0.00_c+0.00_v2_r2000_resam.txt.gz,14000,3.0,0.15,4.528952917810782,3.093403902286119,/Users/shannonbowes/Research/ysg/candidates_and_lcs/2022_asassn_lc_data/pysynphot_data/grid/bosz/r2000/m-0.75/bosz2024_ap_t14000_g+3.0_m-0.75_a+0.00_c+0.00_v2_r2000_resam.txt.gz,1000,14000.0,14000.0,0.0,14000.0,14000.0,14000.0,4.146128035678239,4.146128035678238,8.881784197001252e-16,4.5680531657386565,4.5683193535405255,0.013526618425175888,4.554468035282313,4.5683193535405255,4.582629131348188,3.0,3.0,0.0,3.0,3.0,3.0,0.14999999999999994,0.15,5.551115123125783e-17,0.15,0.15,0.15,531.3063035998214,1000,13996.5,14000.0,47.30486232936314,14000.0,14000.0,14000.0,4.1460168796589505,4.146128035678238,0.001506914915438172,4.527974420952829,4.528553132552524,0.00840343092491722,4.5197757589034815,4.528553132552524,4.535852692913556,3.0,3.0,0.0,3.0,3.0,3.0,0.14999999999999994,0.15,5.551115123125783e-17,0.15,0.15,0.15,26.144093271207073
329,16.671322,-72.896004,4250,1.0,0.15,3.9929831285617503,1.2495994755903137,/Users/shannonbowes/Research/ysg/candidates_and_lcs/2022_asassn_lc_data/pysynphot_data/grid/bosz/r2000/m-0.75/bosz2024_ms_t4250_g+1.0_m-0.75_a+0.00_c+0.00_v2_r2000_resam.txt.gz,4250,2.5,0.15,3.9901221405509464,0.1913459147907836,/Users/shannonbowes/Research/ysg/candidates_and_lcs/2022_asassn_lc_data/pysynphot_data/grid/bosz/r2000/m-0.75/bosz2024_ms_t4250_g+2.5_m-0.75_a+0.00_c+0.00_v2_r2000_resam.txt.gz,1000,4266.0,4250.0,61.18823416311342,4250.0,4250.0,4250.0,3.6299776394087147,3.6283889300503116,0.006075645014939614,3.992059461765866,3.9919411747910774,0.006673464652071433,3.985251847405831,3.9919411747910774,3.9989059672763427,1.0435,1.0,0.1958513466892684,1.0,1.0,1.0,0.1972,0.15,0.09149950819539962,0.15,0.15,0.2,18.167062033947996,1000,4290.0,4250.0,93.00537618869137,4250.0,4250.0,4250.0,3.632358018470567,3.6283889300503116,0.00922181269851964,3.997731932336013,3.9977133233688167,0.006512058544058974,3.991221831624333,3.9977133233688167,4.004265651491785,2.4295,2.5,0.21743907192590756,2.5,2.5,2.5,0.2193,0.15,0.1321647078459299,0.15,0.15,0.2579999999999984,9.100631912964243
330,16.791081,-73.498528,4500,0.0,0.3,3.972571885002179,0.28794855559540716,/Users/shannonbowes/Research/ysg/candidates_and_lcs/2022_asassn_lc_data/pysynphot_data/grid/bosz/r2000/m-0.75/bosz2024_ms_t4500_g+0.0_m-0.75_a+0.00_c+0.00_v2_r2000_resam.txt.gz,4750,0.0,0.65,3.9749057173233755,0.017593089490388212,/Users/shannonbowes/Research/ysg/candidates_and_lcs/2022_asassn_lc_data/pysynphot_data/grid/bosz/r2000/m-0.75/bosz2024_ms_t4750_g+0.0_m-0.75_a+0.00_c+0.00_v2_r2000_resam.txt.gz,1000,4500.0,4500.0,11.180339887498949,4500.0,4500.0,4500.0,3.653211171287468,3.6532125137753435,0.0010805417016360138,3.9696824015919443,3.9693959824203042,0.007153269843959581,3.962218827063428,3.9693959824203042,3.976919800953922,0.0005,0.0,0.01580348062927911,0.0,0.0,0.0,0.30859999999999993,0.3,0.0323425416440947,0.3,0.3,0.35,7.984216331269706,1000,4644.0,4500.0,172.8843544106869,4500.0,4500.0,4750.0,3.666596399378005,3.6532125137753435,0.01596117064154249,3.9729450808072313,3.9729652730109724,0.007653641545121852,3.965070729416862,3.9729652730109724,3.9805865298233196,1.2635,1.0,0.8951635325458694,0.0,1.0,2.5,0.5523499999999999,0.45,0.22761146170612762,0.35,0.45,0.75,2.1136964126635434
331,16.823183,-73.22393,5500,0.0,0.95,3.9708330002616155,0.13119239265044186,/Users/shannonbowes/Research/ysg/candidates_and_lcs/2022_asassn_lc_data/pysynphot_data/grid/bosz/r2000/m-0.75/bosz2024_ms_t5500_g+0.0_m-0.75_a+0.00_c+0.00_v2_r2000_resam.txt.gz,5500,1.0,0.5,4.035670202379376,0.000586628036643894,/Users/shannonbowes/Research/ysg/candidates_and_lcs/2022_asassn_lc_data/pysynphot_data/grid/bosz/r2000/m-0.75/bosz2024_ms_t5500_g+1.0_m-0.75_a+0.00_c+0.00_v2_r2000_resam.txt.gz,1000,5321.75,5500.0,222.29358402796964,5000.0,5500.0,5500.0,3.7256686003443513,3.7403626894942437,0.01839052667964819,3.970445681526565,3.970799115624658,0.009664156775780582,3.9612747465078586,3.970799115624658,3.9794600123674897,0.063,0.0,0.19882404281172839,0.0,0.0,0.0,0.71435,0.9,0.299360280431456,0.25,0.9,0.95,3.6362185980933392,1000,5467.25,5500.0,263.84642787045647,5250.0,5500.0,5750.0,3.737267945430861,3.7403626894942437,0.020817469350049377,4.014851327819323,4.013338746756881,0.038344439469256426,3.9725075236617102,4.013338746756881,4.052149552040453,1.297,1.5,0.9267097711797367,0.0,1.5,2.5,0.5714000000000001,0.55,0.3218571732927511,0.2,0.55,0.95,0.624540316867417
332,16.834747,-72.852707,4250,0.5,0.4,4.0577227401197,4.626724520536595,/Users/shannonbowes/Research/ysg/candidates_and_lcs/2022_asassn_lc_data/pysynphot_data/grid/bosz/r2000/m-0.75/bosz2024_ms_t4250_g+0.5_m-0.75_a+0.00_c+0.00_v2_r2000_resam.txt.gz,4500,1.5,0.75,4.066886726117663,0.7600908269133537,/Users/shannonbowes/Research/ysg/candidates_and_lcs/2022_asassn_lc_data/pysynphot_data/grid/bosz/r2000/m-0.75/bosz2024_ms_t4500_g+1.5_m-0.75_a+0.00_c+0.00_v2_r2000_resam.txt.gz,1000,4251.0,4250.0,24.979991993593593,4250.0,4250.0,4250.0,3.628483708320221,3.6283889300503116,0.002526683257744139,4.061688846845046,4.061666359504793,0.007165864095646992,4.054720080363114,4.061666359504793,4.06909096474857,0.4915,0.5,0.14552577091360827,0.5,0.5,0.5,0.38715000000000005,0.4,0.062188242457879454,0.35,0.4,0.4,25.46378406771751,1000,4292.75,4250.0,94.12724100917863,4250.0,4250.0,4500.0,3.632633762867293,3.6283889300503116,0.00934630179199041,4.066325547158727,4.06602887471109,0.006700719570177979,4.059625506143675,4.06602887471109,4.073156226840856,2.3925,2.5,0.255330667958238,2.0,2.5,2.5,0.48345000000000005,0.45,0.1537972610289273,0.35,0.45,0.75,15.427426411604344
333,16.846935,-72.442535,12500,3.0,0.75,4.324065514034245,0.34106811494944345,/Users/shannonbowes/Research/ysg/candidates_and_lcs/2022_asassn_lc_data/pysynphot_data/grid/bosz/r2000/m-0.75/bosz2024_ap_t12500_g+3.0_m-0.75_a+0.00_c+0.00_v2_r2000_resam.txt.gz,10500,2.0,0.55,4.204727947188029,0.03496748342254064,/Users/shannonbowes/Research/ysg/candidates_and_lcs/2022_asassn_lc_data/pysynphot_data/grid/bosz/r2000/m-0.75/bosz2024_ap_t10500_g+2.0_m-0.75_a+0.00_c+0.00_v2_r2000_resam.txt.gz,1000,10781.5,10750.0,614.1113498381218,10250.0,10750.0,11500.0,4.031981771026393,4.031408464251625,0.02455603293688718,4.2448621573640395,4.241952537720467,0.028834212732795874,4.216197165117164,4.241952537720467,4.275758942279831,2.3755,2.5,0.3531993063413347,2.0,2.5,2.5,0.5142,0.5,0.07907818915478527,0.45,0.5,0.6,10.492095376556431,1000,8386.5,8250.0,612.6726287341389,8000.0,8250.0,8500.0,3.9225975237505235,3.916453948549925,0.028097851562567767,4.12449902383119,4.120528172428372,0.03141919770145782,4.100937829548699,4.120528172428372,4.140720463589969,2.3055,2.5,0.2596531340076604,2.0,2.5,2.5,0.19999999999999998,0.15,0.09617692030835673,0.15,0.15,0.2079999999999984,3.8191303475434935
334,16.875432,-72.409515,4250,0.5,0.2,4.015404267494089,3.512059118685584,/Users/shannonbowes/Research/ysg/candidates_and_lcs/2022_asassn_lc_data/pysynphot_data/grid/bosz/r2000/m-0.75/bosz2024_ms_t4250_g+0.5_m-0.75_a+0.00_c+0.00_v2_r2000_resam.txt.gz,4250,1.5,0.15,4.030604854103191,0.5273076884229753,/Users/shannonbowes/Research/ysg/candidates_and_lcs/2022_asassn_lc_data/pysynphot_data/grid/bosz/r2000/m-0.75/bosz2024_ms_t4250_g+1.5_m-0.75_a+0.00_c+0.00_v2_r2000_resam.txt.gz,1000,4252.25,4250.0,23.61011435804579,4250.0,4250.0,4250.0,3.628612342303838,3.6283889300503116,0.00234435060209811,4.020641806017145,4.020575645008774,0.0066443179050806826,4.014068458775357,4.020575645008774,4.02737679110194,0.4955,0.5,0.05224700948379725,0.5,0.5,0.5,0.23125000000000007,0.25,0.03963505392957098,0.2,0.25,0.25,19.798913776284145,1000,4298.25,4250.0,99.29470026139361,4250.0,4250.0,4500.0,3.633178539221369,3.6283889300503116,0.009853382925041065,4.0261562554748505,4.026351495434617,0.006238055488161786,4.020035683841383,4.026351495434617,4.032191576774953,2.3365,2.5,0.32713567521748527,2.0,2.5,2.5,0.31589999999999996,0.25,0.15961575736749803,0.2,0.25,0.6,9.895052137505091
335,16.897636,-72.276939,4500,0.5,0.4,4.027630507053805,4.211360423333995,/Users/shannonbowes/Research/ysg/candidates_and_lcs/2022_asassn_lc_data/pysynphot_data/grid/bosz/r2000/m-0.75/bosz2024_ms_t4500_g+0.5_m-0.75_a+0.00_c+0.00_v2_r2000_resam.txt.gz,4500,2.5,0.45,4.046341493598404,0.35394741326409557,/Users/shannonbowes/Research/ysg/candidates_and_lcs/2022_asassn_lc_data/pysynphot_data/grid/bosz/r2000/m-0.75/bosz2024_ms_t4500_g+2.5_m-0.75_a+0.00_c+0.00_v2_r2000_resam.txt.gz,1000,4408.25,4500.0,120.4966285835417,4250.0,4500.0,4500.0,3.644102258548257,3.6532125137753435,0.011964632592910482,4.040053803799495,4.040226530364681,0.007255388358540441,4.0329418838308335,4.040226530364681,4.047058583884606,0.4435,0.5,0.4495083425254752,0.0,0.5,1.0,0.26704999999999995,0.3,0.10216064555395096,0.15,0.3,0.4,21.746078179388945,1000,4482.25,4500.0,99.98718667909404,4500.0,4500.0,4500.0,3.6513870801874546,3.6532125137753435,0.009752849237384587,4.0462059584602255,4.046358019796072,0.006700660728173119,4.039838030542243,4.046358019796072,4.052951788290954,2.4805,2.5,0.12397479582560321,2.5,2.5,2.5,0.4010500000000001,0.4,0.12468519358769109,0.35,0.4,0.45,9.906453211044584
336,16.956915,-72.214272,11000,2.0,1.0,4.348450463447683,22.392794536214865,/Users/shannonbowes/Research/ysg/candidates_and_lcs/2022_asassn_lc_data/pysynphot_data/grid/bosz/r2000/m-0.75/bosz2024_ap_t11000_g+2.0_m-0.75_a+0.00_c+0.00_v2_r2000_resam.txt.gz,7000,2.0,0.25,4.190802934558781,0.041892860032004584,/Users/shannonbowes/Research/ysg/candidates_and_lcs/2022_asassn_lc_data/pysynphot_data/grid/bosz/r2000/m-0.75/bosz2024_ms_t7000_g+2.0_m-0.75_a+0.00_c+0.00_v2_r2000_resam.txt.gz,1000,10606.25,10500.0,219.99644883497552,10500.0,10500.0,10750.0,4.025468418255158,4.021189299069938,0.009009827333224677,4.33427098009076,4.334003336427502,0.011910119479017663,4.32254218780485,4.334003336427502,4.3464271941088235,2.0,2.0,0.0,2.0,2.0,2.0,1.0,1.0,0.0,1.0,1.0,1.0,73.65302654057217,1000,6897.25,6750.0,258.1277542225942,6750.0,6750.0,7000.0,3.8383993147967996,3.829303772831025,0.015155628793696235,4.192548640449428,4.191679122086151,0.010320339662510487,4.1825896486920575,4.191679122086151,4.203395998660859,2.055,2.0,0.3767957006124141,1.5,2.0,2.5,0.20254999999999998,0.15,0.11061644317189012,0.15,0.15,0.25,4.225165870650848
337,16.976536,-72.683044,11750,2.0,0.4,4.651519903228716,0.693562603851242,/Users/shannonbowes/Research/ysg/candidates_and_lcs/2022_asassn_lc_data/pysynphot_data/grid/bosz/r2000/m-0.75/bosz2024_ap_t11750_g+2.0_m-0.75_a+0.00_c+0.00_v2_r2000_resam.txt.gz,13500,3.0,0.6,4.731181360692526,0.004789567374184914,/Users/shannonbowes/Research/ysg/candidates_and_lcs/2022_asassn_lc_data/pysynphot_data/grid/bosz/r2000/m-0.75/bosz2024_ap_t13500_g+3.0_m-0.75_a+0.00_c+0.00_v2_r2000_resam.txt.gz,1000,12074.5,12000.0,469.91993998978165,12000.0,12000.0,12000.0,4.081567477677391,4.079181246047625,0.015843016359985796,4.676871530222559,4.672481222321114,0.028206258758185804,4.659604079476357,4.672481222321114,4.682484233499649,2.0555,2.0,0.22840698325576653,2.0,2.0,2.0,0.42160000000000003,0.4,0.04688752499332845,0.4,0.4,0.45,9.322897070053267,1000,10855.25,10500.0,1599.839034871946,9000.0,10500.0,12500.0,4.03101475200753,4.021189299069938,0.06311284547924516,4.585961911099701,4.567966916668865,0.09003318763690803,4.492621118543065,4.567966916668865,4.680152577413608,2.445,2.5,0.4324060591619872,2.0,2.5,3.0,0.36060000000000003,0.4,0.16123783675055925,0.15,0.4,0.55,1.744964232673915
338,16.982439,-72.673393,4250,0.5,0.15,4.128244242377451,0.9043840860812707,/Users/shannonbowes/Research/ysg/candidates_and_lcs/2022_asassn_lc_data/pysynphot_data/grid/bosz/r2000/m-0.75/bosz2024_ms_t4250_g+0.5_m-0.75_a+0.00_c+0.00_v2_r2000_resam.txt.gz,4500,1.0,0.65,4.124744421657329,0.07287774193565906,/Users/shannonbowes/Research/ysg/candidates_and_lcs/2022_asassn_lc_data/pysynphot_data/grid/bosz/r2000/m-0.75/bosz2024_ms_t4500_g+1.0_m-0.75_a+0.00_c+0.00_v2_r2000_resam.txt.gz,1000,4287.25,4250.0,89.02211803815948,4250.0,4250.0,4250.0,3.6320876440253422,3.6283889300503116,0.0088393920019997,4.11968221613878,4.119938903095844,0.007046063488294683,4.112311164592092,4.119938903095844,4.126458791069697,0.6315,0.5,0.2509138298300833,0.5,0.5,1.0,0.2422,0.15,0.13698233462749862,0.15,0.15,0.3,10.557388127688213,1000,4420.25,4500.0,156.37275178239975,4250.0,4500.0,4500.0,3.6451769941218894,3.6532125137753435,0.015283333777476574,4.124583096100943,4.124467074693895,0.0070918025606074514,4.117697842867505,4.124467074693895,4.131497503327633,2.332,2.5,0.3671185094761636,2.0,2.5,2.5,0.46620000000000006,0.55,0.24867159065723612,0.15,0.55,0.7,5.877432436146815
339,17.022895,-72.14518,10250,2.5,0.65,4.375394466274282,0.17331112391124448,/Users/shannonbowes/Research/ysg/candidates_and_lcs/2022_asassn_lc_data/pysynphot_data/grid/bosz/r2000/m-0.75/bosz2024_ap_t10250_g+2.5_m-0.75_a+0.00_c+0.00_v2_r2000_resam.txt.gz,8250,2.0,0.6,4.212254202061949,0.015075078177245632,/Users/shannonbowes/Research/ysg/candidates_and_lcs/2022_asassn_lc_data/pysynphot_data/grid/bosz/r2000/m-0.75/bosz2024_ap_t8250_g+2.0_m-0.75_a+0.00_c+0.00_v2_r2000_resam.txt.gz,1000,10605.25,10500.0,637.3656230924288,10000.0,10500.0,11500.0,4.024750761775821,4.021189299069938,0.025750330271426133,4.384717781149168,4.374712134953421,0.03068319544614858,4.356279683747858,4.374712134953421,4.422384016406769,2.3285,2.0,0.399171329130738,2.0,2.0,3.0,0.7071000000000001,0.7,0.08405111540009448,0.6,0.7,0.8,6.299467444300711,1000,10670.5,11750.0,2160.973102562825,7750.0,11750.0,12000.0,4.018488255426141,4.0700378666077555,0.09376838263060897,4.397954863498276,4.412354184595889,0.11669873016739708,4.258291327933317,4.412354184595889,4.502433241576173,2.2,2.0,0.38665229858362404,2.0,2.0,3.0,0.6569,0.8,0.33317021175369205,0.15,0.8,1.0,4.490981225344487
340,17.030683,-71.81395,4500,0.0,0.7,4.316123945727928,3.8786617617051937,/Users/shannonbowes/Research/ysg/candidates_and_lcs/2022_asassn_lc_data/pysynphot_data/grid/bosz/r2000/m-0.75/bosz2024_ms_t4500_g+0.0_m-0.75_a+0.00_c+0.00_v2_r2000_resam.txt.gz,4500,2.5,0.7,4.326667668706623,0.677852879883386,/Users/shannonbowes/Research/ysg/candidates_and_lcs/2022_asassn_lc_data/pysynphot_data/grid/bosz/r2000/m-0.75/bosz2024_ms_t4500_g+2.5_m-0.75_a+0.00_c+0.00_v2_r2000_resam.txt.gz,1000,4339.25,4250.0,119.77870219700996,4250.0,4250.0,4500.0,3.6372509494401495,3.6283889300503116,0.01189334656985256,4.32632358280651,4.326375526072599,0.007738720380645685,4.318764002766527,4.326375526072599,4.334274059321895,0.151,0.0,0.23064908410830506,0.0,0.0,0.5,0.45025000000000004,0.45,0.2169848785053926,0.2,0.45,0.7,22.31422616871043,1000,4495.25,4500.0,122.12672721398867,4500.0,4500.0,4500.0,3.652593192018262,3.6532125137753435,0.011821902354046973,4.332360662660931,4.332650378431133,0.0075193742183067,4.324560692641304,4.332650378431133,4.33970880600724,2.1965,2.5,0.5460199172191432,1.5,2.5,2.5,0.7425499999999999,0.75,0.16600300449088265,0.65,0.75,0.85,14.714449339102
341,17.048329,-72.521729,5000,0.0,0.4,4.013160828270639,112.10140940529962,/Users/shannonbowes/Research/ysg/candidates_and_lcs/2022_asassn_lc_data/pysynphot_data/grid/bosz/r2000/m-0.75/bosz2024_ms_t5000_g+0.0_m-0.75_a+0.00_c+0.00_v2_r2000_resam.txt.gz,5000,0.0,1.0,3.9513112212904375,0.02910514098259238,/Users/shannonbowes/Research/ysg/candidates_and_lcs/2022_asassn_lc_data/pysynphot_data/grid/bosz/r2000/m-0.75/bosz2024_ms_t5000_g+0.0_m-0.75_a+0.00_c+0.00_v2_r2000_resam.txt.gz,1000,4904.5,5000.0,121.46913188131379,4750.0,5000.0,5000.0,3.690460421556358,3.6989700043360187,0.010823577308036684,4.0190831809900835,4.019086558633374,0.007714923236468191,4.011333221748643,4.019086558633374,4.0266480216671265,0.0105,0.0,0.07169204976843667,0.0,0.0,0.0,0.29355000000000003,0.35,0.11474274486868442,0.15,0.35,0.4,200.05589545619924,1000,5020.5,5000.0,107.60924681457445,5000.0,5000.0,5000.0,3.7006476189939894,3.6989700043360187,0.009281479963939864,3.9521138940460734,3.9505809457162755,0.01399364180430777,3.939681291485599,3.9505809457162755,3.9664023387556577,0.0035,0.0,0.047304862329363144,0.0,0.0,0.0,0.92755,0.95,0.09804844465875019,0.85,0.95,1.0,7.754168280221427
342,17.051814,-71.691063,6500,2.5,0.15,4.424717080296587,0.44928559580090865,/Users/shannonbowes/Research/ysg/candidates_and_lcs/2022_asassn_lc_data/pysynphot_data/grid/bosz/r2000/m-0.75/bosz2024_ms_t6500_g+2.5_m-0.75_a+0.00_c+0.00_v2_r2000_resam.txt.gz,7250,2.0,0.6,4.421768422506486,0.016777070156964113,/Users/shannonbowes/Research/ysg/candidates_and_lcs/2022_asassn_lc_data/pysynphot_data/grid/bosz/r2000/m-0.75/bosz2024_ms_t7250_g+2.0_m-0.75_a+0.00_c+0.00_v2_r2000_resam.txt.gz,1000,6515.5,6500.0,60.28888786501207,6500.0,6500.0,6500.0,3.8139295624465204,3.8129133566428557,0.003952639854517637,4.425177680916955,4.425089559570905,0.00639140204947441,4.418878751933401,4.425089559570905,4.43135962458273,2.494,2.5,0.05444263035526481,2.5,2.5,2.5,0.15759999999999996,0.15,0.024129649810969076,0.15,0.15,0.15,9.097716510691946,1000,6835.5,6500.0,480.17158391558326,6500.0,6500.0,7500.0,3.8337440836969434,3.8129133566428557,0.02953764770073476,4.409709929416812,4.410326328003457,0.010648776303535385,4.398501559924288,4.410326328003457,4.419943703217848,2.02,2.0,0.45945620030640566,1.5,2.0,2.5,0.40280000000000005,0.25,0.2730515702207186,0.15,0.25,0.8,2.492176910778845
343,17.061598,-72.624634,6500,2.5,0.3,4.20908687231016,1.671467760739752,/Users/shannonbowes/Research/ysg/candidates_and_lcs/2022_asassn_lc_data/pysynphot_data/grid/bosz/r2000/m-0.75/bosz2024_ms_t6500_g+2.5_m-0.75_a+0.00_c+0.00_v2_r2000_resam.txt.gz,6750,2.0,0.55,4.206541883126563,0.4839594689981204,/Users/shannonbowes/Research/ysg/candidates_and_lcs/2022_asassn_lc_data/pysynphot_data/grid/bosz/r2000/m-0.75/bosz2024_ms_t6750_g+2.0_m-0.75_a+0.00_c+0.00_v2_r2000_resam.txt.gz,1000,6342.75,6250.0,129.26692345685342,6250.0,6250.0,6500.0,3.802188456531042,3.7958800173440754,0.008773282031983007,4.218091434935394,4.217943506467084,0.006733657263575124,4.21117721577364,4.217943506467084,4.22487094567868,2.4375,2.5,0.1756238878968348,2.5,2.5,2.5,0.23075,0.2,0.07711638930862881,0.15,0.2,0.3,16.00043805085943,1000,6714.0,6500.0,499.32854915376106,6250.0,6500.0,7500.0,3.8258089221818885,3.8129133566428557,0.031719195787838356,4.208324505549582,4.208185091795996,0.009864874523400957,4.198318256633374,4.208185091795996,4.218352870897166,1.8335,2.0,0.5522931739574554,1.0,2.0,2.5,0.50895,0.45,0.3054707801083436,0.2,0.45,0.95,12.549053695627393
344,17.063286,-72.503166,5500,2.5,0.4,4.052588432955577,0.8586540845112469,/Users/shannonbowes/Research/ysg/candidates_and_lcs/2022_asassn_lc_data/pysynphot_data/grid/bosz/r2000/m-0.75/bosz2024_ms_t5500_g+2.5_m-0.75_a+0.00_c+0.00_v2_r2000_resam.txt.gz,5500,1.0,0.2,4.068907471067137,0.008312519530506466,/Users/shannonbowes/Research/ysg/candidates_and_lcs/2022_asassn_lc_data/pysynphot_data/grid/bosz/r2000/m-0.75/bosz2024_ms_t5500_g+1.0_m-0.75_a+0.00_c+0.00_v2_r2000_resam.txt.gz,1000,5373.0,5250.0,131.32402674301454,5250.0,5250.0,5500.0,3.7300876923597857,3.720159303405957,0.010579674325029799,4.042968791512126,4.042701759592052,0.0070292737415857,4.0356084596520905,4.042701759592052,4.050264670859902,2.4995,2.5,0.01580348062927911,2.5,2.5,2.5,0.277,0.2,0.1203993355463393,0.15,0.2,0.4,15.610068408146107,1000,5567.25,5500.0,263.9411629511396,5250.0,5500.0,5750.0,3.7451636069150864,3.7403626894942437,0.020246433344252582,4.057934611574841,4.056714115013612,0.022543484449340657,4.035252373698433,4.056714115013612,4.080907192015212,2.105,2.5,0.5152426612771889,1.5,2.5,2.5,0.37120000000000003,0.3,0.23890491832526178,0.15,0.3,0.65,4.20199048614614
345,17.121713,-72.45359,4250,0.5,0.25,4.164527567053255,4.955362809240217,/Users/shannonbowes/Research/ysg/candidates_and_lcs/2022_asassn_lc_data/pysynphot_data/grid/bosz/r2000/m-0.75/bosz2024_ms_t4250_g+0.5_m-0.75_a+0.00_c+0.00_v2_r2000_resam.txt.gz,4250,0.5,0.2,4.150283991173039,0.28045611881109994,/Users/shannonbowes/Research/ysg/candidates_and_lcs/2022_asassn_lc_data/pysynphot_data/grid/bosz/r2000/m-0.75/bosz2024_ms_t4250_g+0.5_m-0.75_a+0.00_c+0.00_v2_r2000_resam.txt.gz,1000,4347.5,4250.0,124.47389284504602,4250.0,4250.0,4500.0,3.6380634152636975,3.6283889300503116,0.012338191261379975,4.165684843967883,4.165403077663944,0.006879103632927415,4.158634971737257,4.165403077663944,4.1724958651328174,0.483,0.5,0.22183552465734607,0.5,0.5,0.5,0.40435000000000004,0.3,0.19860407221404097,0.2,0.3,0.7,26.74211055278645,1000,4409.25,4500.0,147.739424325398,4250.0,4500.0,4500.0,3.6441223460985026,3.6532125137753435,0.014489304740418929,4.17495119391022,4.175108242848932,0.006437385037502555,4.168447703057826,4.175108242848932,4.181282417007945,2.378,2.5,0.2803854489805061,2.0,2.5,2.5,0.4675,0.55,0.2309518348054416,0.2,0.55,0.65,12.095831944791735
346,17.226705,-73.999603,4500,0.0,0.55,3.9484984058953634,0.7198396373919345,/Users/shannonbowes/Research/ysg/candidates_and_lcs/2022_asassn_lc_data/pysynphot_data/grid/bosz/r2000/m-0.75/bosz2024_ms_t4500_g+0.0_m-0.75_a+0.00_c+0.00_v2_r2000_resam.txt.gz,4250,1.5,0.2,3.950904518508042,0.015618680738209666,/Users/shannonbowes/Research/ysg/candidates_and_lcs/2022_asassn_lc_data/pysynphot_data/grid/bosz/r2000/m-0.75/bosz2024_ms_t4250_g+1.5_m-0.75_a+0.00_c+0.00_v2_r2000_resam.txt.gz,1000,4283.75,4250.0,85.43089312420888,4250.0,4250.0,4250.0,3.6317401138531924,3.6283889300503116,0.008482803712692206,3.9472736648366764,3.947574560196286,0.0077088940985719735,3.9395002104813144,3.947574560196286,3.9553195832778787,0.2045,0.0,0.24785025721188994,0.0,0.0,0.5,0.25054999999999994,0.25,0.13229587106179844,0.15,0.25,0.3,11.574656634678497,1000,4457.5,4500.0,159.90231392947382,4250.0,4500.0,4500.0,3.648812611166771,3.6532125137753435,0.015551568425867612,3.948941040961032,3.9488519463559824,0.007205664218495245,3.9415651955124478,3.9488519463559824,3.95664425997592,1.996,2.5,0.6383447344499679,1.5,2.5,2.5,0.6143,0.65,0.2319493694753232,0.3,0.65,0.8,5.694140714008463
347,17.22848,-72.414505,6500,2.5,0.15,4.290879674668871,389.35726136345613,/Users/shannonbowes/Research/ysg/candidates_and_lcs/2022_asassn_lc_data/pysynphot_data/grid/bosz/r2000/m-0.75/bosz2024_ms_t6500_g+2.5_m-0.75_a+0.00_c+0.00_v2_r2000_resam.txt.gz,5500,2.5,0.3,4.052246630866625,0.08401289611386657,/Users/shannonbowes/Research/ysg/candidates_and_lcs/2022_asassn_lc_data/pysynphot_data/grid/bosz/r2000/m-0.75/bosz2024_ms_t5500_g+2.5_m-0.75_a+0.00_c+0.00_v2_r2000_resam.txt.gz,1000,6255.5,6250.0,47.11422290561524,6250.0,6250.0,6250.0,3.796249882815017,3.7958800173440754,0.0032368609116426483,4.26272486277711,4.262008229721815,0.012140798734188347,4.250855321576688,4.262008229721815,4.274951478569207,2.5,2.5,0.0,2.5,2.5,2.5,0.14999999999999994,0.15,5.551115123125783e-17,0.15,0.15,0.15,537.2004837560363,1000,5299.75,5250.0,136.3357528310164,5250.0,5250.0,5500.0,3.7241161538241347,3.720159303405957,0.01091224415451089,4.045036322365069,4.045404500227551,0.012933751835738702,4.032734367608319,4.045404500227551,4.0564016939744745,2.3365,2.5,0.3633424693040988,2.0,2.5,2.5,0.25084999999999996,0.2,0.13649826921979633,0.15,0.2,0.35,8.057713596303913
348,17.314073,-72.275597,4250,0.5,0.35,4.178747787008804,1.2305356656836453,/Users/shannonbowes/Research/ysg/candidates_and_lcs/2022_asassn_lc_data/pysynphot_data/grid/bosz/r2000/m-0.75/bosz2024_ms_t4250_g+0.5_m-0.75_a+0.00_c+0.00_v2_r2000_resam.txt.gz,4250,2.5,0.5,4.180579009402571,0.08835041032082265,/Users/shannonbowes/Research/ysg/candidates_and_lcs/2022_asassn_lc_data/pysynphot_data/grid/bosz/r2000/m-0.75/bosz2024_ms_t4250_g+2.5_m-0.75_a+0.00_c+0.00_v2_r2000_resam.txt.gz,1000,4262.5,4250.0,54.48623679425842,4250.0,4250.0,4250.0,3.629630109236565,3.6283889300503116,0.0054101746436967515,4.18413919257022,4.184161456137417,0.006746610058266804,4.177241701528662,4.184161456137417,4.190893420883825,0.581,0.5,0.20479013648122804,0.5,0.5,1.0,0.3609999999999999,0.35,0.11087831167545797,0.3,0.35,0.45,16.26893018822794,1000,4319.5,4250.0,114.75953119458096,4250.0,4250.0,4500.0,3.6352831738864935,3.6283889300503116,0.011370157213990538,4.191178488506593,4.1913833024582035,0.006866129449075728,4.184062371821365,4.1913833024582035,4.197809973462628,2.372,2.5,0.2657367118032433,2.0,2.5,2.5,0.44865,0.35,0.19433393296076729,0.3,0.35,0.75,9.439645359654016
349,17.321614,-71.556213,4750,0.0,0.5,4.017773261075209,1.0551865423579547,/Users/shannonbowes/Research/ysg/candidates_and_lcs/2022_asassn_lc_data/pysynphot_data/grid/bosz/r2000/m-0.75/bosz2024_ms_t4750_g+0.0_m-0.75_a+0.00_c+0.00_v2_r2000_resam.txt.gz,4500,1.5,0.2,4.004863066015801,0.02019404987533303,/Users/shannonbowes/Research/ysg/candidates_and_lcs/2022_asassn_lc_data/pysynphot_data/grid/bosz/r2000/m-0.75/bosz2024_ms_t4500_g+1.5_m-0.75_a+0.00_c+0.00_v2_r2000_resam.txt.gz,1000,4708.25,4750.0,102.80776964801834,4500.0,4750.0,4750.0,3.6727541961009194,3.6766936096248664,0.00960585480032118,4.002983213407103,4.002700341367359,0.00739861306837474,3.9960633075912266,4.002700341367359,4.010336107967786,0.107,0.0,0.2098833009079093,0.0,0.0,0.5,0.4328000000000001,0.45,0.12686276049337725,0.25,0.45,0.5,10.354617186321681,1000,4886.5,5000.0,209.74448741266121,4750.0,5000.0,5000.0,3.688596549964751,3.6989700043360187,0.018688698906957173,4.014383843690626,4.0144284874685585,0.008692030221418361,4.005805040624155,4.0144284874685585,4.023147815983063,1.5835,1.5,0.8762292793555805,0.5,1.5,2.5,0.6237999999999999,0.7,0.24167862958896466,0.4,0.7,0.85,2.30249876408329
350,17.334506,-71.411934,4250,0.5,0.2,4.078305086229042,1.9703161688887878,/Users/shannonbowes/Research/ysg/candidates_and_lcs/2022_asassn_lc_data/pysynphot_data/grid/bosz/r2000/m-0.75/bosz2024_ms_t4250_g+0.5_m-0.75_a+0.00_c+0.00_v2_r2000_resam.txt.gz,4500,0.0,0.35,4.097866439431691,0.17501295278991036,/Users/shannonbowes/Research/ysg/candidates_and_lcs/2022_asassn_lc_data/pysynphot_data/grid/bosz/r2000/m-0.75/bosz2024_ms_t4500_g+0.0_m-0.75_a+0.00_c+0.00_v2_r2000_resam.txt.gz,1000,4465.5,4500.0,91.15783016285546,4500.0,4500.0,4500.0,3.6497774618061607,3.6532125137753435,0.009022773731140306,4.093179671889917,4.093487005816616,0.00780087078130355,4.085645285371674,4.093487005816616,4.101145525504667,0.0715,0.0,0.17503642478067244,0.0,0.0,0.0,0.47870000000000007,0.5,0.11336361850258664,0.45,0.5,0.55,15.929310954952445,1000,4470.5,4500.0,150.01583249777337,4250.0,4500.0,4500.0,3.6501114924477247,3.6532125137753435,0.014578947873627521,4.0959607743222834,4.095752849276101,0.007461187169379844,4.088438027920727,4.095752849276101,4.103150821013319,0.614,0.5,0.6913783334759631,0.0,0.5,1.0,0.4687,0.5,0.20737721668495793,0.2,0.5,0.6,10.075275932870255
351,17.354747,-72.260063,4500,0.0,0.5,4.198391569717505,0.5182431212330841,/Users/shannonbowes/Research/ysg/candidates_and_lcs/2022_asassn_lc_data/pysynphot_data/grid/bosz/r2000/m-0.75/bosz2024_ms_t4500_g+0.0_m-0.75_a+0.00_c+0.00_v2_r2000_resam.txt.gz,4750,0.0,0.7,4.235830652803873,0.04361744187060565,/Users/shannonbowes/Research/ysg/candidates_and_lcs/2022_asassn_lc_data/pysynphot_data/grid/bosz/r2000/m-0.75/bosz2024_ms_t4750_g+0.0_m-0.75_a+0.00_c+0.00_v2_r2000_resam.txt.gz,1000,4404.25,4500.0,121.5295745898915,4250.0,4500.0,4500.0,3.6437050812086564,3.6532125137753435,0.012067198279598727,4.212598011938875,4.212698392515228,0.008848727752376783,4.2040245926030435,4.212698392515228,4.221628594244302,0.037,0.0,0.13088544609695918,0.0,0.0,0.0,0.38225,0.5,0.17312549638918007,0.15,0.5,0.55,15.847649606623497,1000,4553.25,4500.0,148.66720384805788,4500.0,4500.0,4750.0,3.658090927046452,3.6532125137753435,0.014139669343960007,4.219796450514723,4.219216400353514,0.009957354383512758,4.209477849365703,4.219216400353514,4.229837996313821,0.718,0.5,0.8493974334785807,0.0,0.5,1.5,0.5366000000000001,0.5,0.2176475131950742,0.35,0.5,0.8,5.425822205632006
352,17.629456,-73.466484,4500,0.0,0.45,4.004333628442086,1.4427069478351633,/Users/shannonbowes/Research/ysg/candidates_and_lcs/2022_asassn_lc_data/pysynphot_data/grid/bosz/r2000/m-0.75/bosz2024_ms_t4500_g+0.0_m-0.75_a+0.00_c+0.00_v2_r2000_resam.txt.gz,4750,2.0,1.0,4.001202670322504,0.012186938775261,/Users/shannonbowes/Research/ysg/candidates_and_lcs/2022_asassn_lc_data/pysynphot_data/grid/bosz/r2000/m-0.75/bosz2024_ms_t4750_g+2.0_m-0.75_a+0.00_c+0.00_v2_r2000_resam.txt.gz,1000,4479.5,4500.0,69.49640278460461,4500.0,4500.0,4500.0,3.6511756374220155,3.6532125137753435,0.006895502318664081,4.0030309004104145,4.002959529309631,0.007585057670379506,3.995438411778864,4.002959529309631,4.010292494241109,0.042,0.0,0.13869390758068645,0.0,0.0,0.0,0.45010000000000006,0.45,0.08517622907830565,0.45,0.45,0.5,12.22445139220817,1000,4708.5,4750.0,172.1997386757599,4500.0,4750.0,4750.0,3.6725915465137757,3.6766936096248664,0.01590934749195556,4.0238218882415815,4.024281463535611,0.016601585613579894,4.0073629561792385,4.024281463535611,4.0400752857669895,1.8835,2.5,0.8588816856820268,1.0,2.5,2.5,0.6814000000000001,0.75,0.26003661280673535,0.35,0.75,0.95,4.529633585293527
353,17.689535,-73.286728,4500,0.0,0.6,4.085375419929214,1.4797686428729757,/Users/shannonbowes/Research/ysg/candidates_and_lcs/2022_asassn_lc_data/pysynphot_data/grid/bosz/r2000/m-0.75/bosz2024_ms_t4500_g+0.0_m-0.75_a+0.00_c+0.00_v2_r2000_resam.txt.gz,4500,1.0,0.75,4.0855716720724775,0.09632339708966789,/Users/shannonbowes/Research/ysg/candidates_and_lcs/2022_asassn_lc_data/pysynphot_data/grid/bosz/r2000/m-0.75/bosz2024_ms_t4500_g+1.0_m-0.75_a+0.00_c+0.00_v2_r2000_resam.txt.gz,1000,4429.5,4500.0,113.04755636456721,4250.0,4500.0,4500.0,3.6462109206770092,3.6532125137753435,0.01122125542804981,4.086132401133925,4.08604726903145,0.009032935480389189,4.077176861278588,4.08604726903145,4.09512224732532,0.2715,0.0,0.2975529364667739,0.0,0.0,0.5,0.60735,0.65,0.16705830568995964,0.35,0.65,0.8,16.629214172226607,1000,4409.5,4500.0,145.97859432122232,4250.0,4500.0,4500.0,3.644152677420467,3.6532125137753435,0.014318778527838576,4.106112710770776,4.105177482385882,0.018392316105174934,4.087988798896683,4.105177482385882,4.124311000000823,0.942,0.5,1.0174163356266697,0.0,0.5,2.5,0.3775,0.35,0.22279755384653577,0.15,0.35,0.6,12.803909311940776
354,17.793628,-73.086525,8250,2.0,0.95,4.057923893012814,0.17028676098536444,/Users/shannonbowes/Research/ysg/candidates_and_lcs/2022_asassn_lc_data/pysynphot_data/grid/bosz/r2000/m-0.75/bosz2024_ap_t8250_g+2.0_m-0.75_a+0.00_c+0.00_v2_r2000_resam.txt.gz,7250,2.5,0.5,4.03680849254216,0.007604842504401094,/Users/shannonbowes/Research/ysg/candidates_and_lcs/2022_asassn_lc_data/pysynphot_data/grid/bosz/r2000/m-0.75/bosz2024_ms_t7250_g+2.5_m-0.75_a+0.00_c+0.00_v2_r2000_resam.txt.gz,1000,6986.5,6750.0,567.9504819964501,6500.0,6750.0,7500.0,3.842941983292515,3.829303772831025,0.033133172669074666,4.039406111490639,4.037591946610762,0.02156807022891102,4.017589695312554,4.037591946610762,4.060796894388188,1.8915,2.0,0.5152453299157597,1.5,2.0,2.5,0.35435,0.25,0.2630752316353632,0.15,0.25,0.6,7.251133247997468,1000,6998.25,6750.0,605.8543038553081,6500.0,6750.0,7750.0,3.8434442532819197,3.829303772831025,0.036180084929088085,4.016175201144191,4.0164212568607445,0.03469066098088178,3.980165334909929,4.0164212568607445,4.05280409921525,1.8685,2.0,0.5449382992596501,1.0,2.0,2.5,0.4459,0.25,0.3315014177948565,0.15,0.25,0.95,4.476060842218668
355,18.18153,-73.294205,10750,2.0,0.65,4.403299757345704,4.68765821263471,/Users/shannonbowes/Research/ysg/candidates_and_lcs/2022_asassn_lc_data/pysynphot_data/grid/bosz/r2000/m-0.75/bosz2024_ap_t10750_g+2.0_m-0.75_a+0.00_c+0.00_v2_r2000_resam.txt.gz,12000,2.0,0.75,4.469161820520486,4.328100013451353,/Users/shannonbowes/Research/ysg/candidates_and_lcs/2022_asassn_lc_data/pysynphot_data/grid/bosz/r2000/m-0.75/bosz2024_ap_t12000_g+2.0_m-0.75_a+0.00_c+0.00_v2_r2000_resam.txt.gz,1000,11444.75,11250.0,797.8157290377271,10750.0,11250.0,12000.0,4.057591996228053,4.051152522447381,0.029406381231909886,4.449114483240566,4.439008128354065,0.04582279554299039,4.410540611458248,4.439008128354065,4.477607262137953,2.285,2.0,0.3731956591387418,2.0,2.0,2.5,0.6693499999999999,0.65,0.08664916329659508,0.6,0.65,0.75,32.38857700378087,1000,12439.75,12000.0,1026.246772223913,11750.0,12000.0,14000.0,4.093328168756513,4.079181246047625,0.03600009511715277,4.505095841265327,4.47555163334726,0.06871656552362816,4.448457711568301,4.47555163334726,4.604074499988814,2.3215,2.0,0.46678447917641824,2.0,2.0,3.0,0.7724500000000001,0.75,0.10386769228205661,0.7,0.75,0.9,30.15422617851721
356,18.234879,-73.533585,4500,0.0,0.45,4.013943447122143,2.1867438728018382,/Users/shannonbowes/Research/ysg/candidates_and_lcs/2022_asassn_lc_data/pysynphot_data/grid/bosz/r2000/m-0.75/bosz2024_ms_t4500_g+0.0_m-0.75_a+0.00_c+0.00_v2_r2000_resam.txt.gz,4750,1.0,0.7,4.016536694612931,0.019670896883712614,/Users/shannonbowes/Research/ysg/candidates_and_lcs/2022_asassn_lc_data/pysynphot_data/grid/bosz/r2000/m-0.75/bosz2024_ms_t4750_g+1.0_m-0.75_a+0.00_c+0.00_v2_r2000_resam.txt.gz,1000,4490.75,4500.0,47.19043865021812,4500.0,4500.0,4500.0,3.6522940411775178,3.6532125137753435,0.004685743219418684,4.008419218715244,4.008496518679495,0.007418441133757147,4.000864867489492,4.008496518679495,4.016086043224724,0.0185,0.0,0.09438087730043622,0.0,0.0,0.0,0.41620000000000007,0.4,0.06080756531879895,0.4,0.4,0.45,17.65037218257909,1000,4607.0,4500.0,153.87007506334686,4500.0,4500.0,4750.0,3.6631779875807657,3.6532125137753435,0.014416574705249293,4.015018082494861,4.014970562350928,0.007462496458969673,4.007581877650588,4.014970562350928,4.02258748343234,1.522,1.5,0.8740800878638066,0.5,1.5,2.5,0.55925,0.5,0.19992983144093332,0.35,0.5,0.7579999999999985,1.603154000254479
357,18.263969,-73.205635,4750,0.5,0.95,4.163721065878909,0.06025434882527724,/Users/shannonbowes/Research/ysg/candidates_and_lcs/2022_asassn_lc_data/pysynphot_data/grid/bosz/r2000/m-0.75/bosz2024_ms_t4750_g+0.5_m-0.75_a+0.00_c+0.00_v2_r2000_resam.txt.gz,4500,0.5,0.25,4.175560365562075,0.0005946303529100905,/Users/shannonbowes/Research/ysg/candidates_and_lcs/2022_asassn_lc_data/pysynphot_data/grid/bosz/r2000/m-0.75/bosz2024_ms_t4500_g+0.5_m-0.75_a+0.00_c+0.00_v2_r2000_resam.txt.gz,1000,4688.75,4750.0,112.63186716023135,4500.0,4750.0,4750.0,3.6709286587508534,3.6766936096248664,0.010626596952000713,4.163079943567947,4.163144448905957,0.008911504004240465,4.1540993823120385,4.163144448905957,4.172044254846911,0.5925,0.5,0.6290419302399483,0.0,0.5,1.5,0.7901,0.825,0.19360266010569172,0.55,0.825,1.0,2.7356223262903328,1000,4712.0,4750.0,161.8054387219416,4500.0,4750.0,4750.0,3.672948796521035,3.6766936096248664,0.014934218244546965,4.171571366628865,4.170047075717095,0.019290099056689606,4.151896031154884,4.170047075717095,4.191358537987622,0.7145,0.5,0.8707696308438875,0.0,0.5,2.0,0.73925,0.8,0.24542195806406564,0.45,0.8,1.0,0.5530136082975186
358,18.325872,-73.363472,5000,0.0,0.35,4.281956789712191,84.52836732114389,/Users/shannonbowes/Research/ysg/candidates_and_lcs/2022_asassn_lc_data/pysynphot_data/grid/bosz/r2000/m-0.75/bosz2024_ms_t5000_g+0.0_m-0.75_a+0.00_c+0.00_v2_r2000_resam.txt.gz,5250,0.0,0.55,4.290947634492314,74.0004515893239,/Users/shannonbowes/Research/ysg/candidates_and_lcs/2022_asassn_lc_data/pysynphot_data/grid/bosz/r2000/m-0.75/bosz2024_ms_t5250_g+0.0_m-0.75_a+0.00_c+0.00_v2_r2000_resam.txt.gz,1000,5000.0,5000.0,0.0,5000.0,5000.0,5000.0,3.698970004336019,3.6989700043360187,4.440892098500626e-16,4.289509614775124,4.289450494750382,0.006697847212368133,4.282676644690407,4.289450494750382,4.296400051944256,0.0,0.0,0.0,0.0,0.0,0.0,0.37265,0.35,0.027285114989678918,0.35,0.35,0.4,165.4774016227114,1000,5302.75,5250.0,208.3385166021876,5000.0,5250.0,5500.0,3.7241623752538726,3.720159303405957,0.017199675828794884,4.3075862976943275,4.3074027891061775,0.007736752713121036,4.299662286455684,4.3074027891061775,4.31542490278025,0.0025,0.0,0.03526683994916472,0.0,0.0,0.0,0.55,0.55,0.23564804263986577,0.25,0.55,0.8,141.9416599335653
359,18.409569,-73.278755,10250,2.0,0.5,4.265668867057639,0.43547274077117865,/Users/shannonbowes/Research/ysg/candidates_and_lcs/2022_asassn_lc_data/pysynphot_data/grid/bosz/r2000/m-0.75/bosz2024_ap_t10250_g+2.0_m-0.75_a+0.00_c+0.00_v2_r2000_resam.txt.gz,13000,3.0,0.8,4.397019230499111,0.04340736396383688,/Users/shannonbowes/Research/ysg/candidates_and_lcs/2022_asassn_lc_data/pysynphot_data/grid/bosz/r2000/m-0.75/bosz2024_ap_t13000_g+3.0_m-0.75_a+0.00_c+0.00_v2_r2000_resam.txt.gz,1000,10680.75,10500.0,543.9594998710842,10250.0,10500.0,11250.0,4.028050285272899,4.021189299069938,0.02177619529646219,4.281764215738044,4.276385342114477,0.025022618309446083,4.258662256372794,4.276385342114477,4.308721604613658,2.134,2.0,0.25008798451744935,2.0,2.0,2.5,0.5291,0.5,0.07343834148454062,0.45,0.5,0.6,10.060570378846009,1000,10203.5,10250.0,1834.6560304318627,8000.0,10250.0,12000.0,4.001699499266391,4.010723865391773,0.0783759162463684,4.251876436845387,4.246469777947073,0.09620080520162841,4.145793081764557,4.246469777947073,4.337650248708883,2.104,2.0,0.2822835453936343,2.0,2.0,2.0,0.4650000000000001,0.55,0.2348616614094348,0.15,0.55,0.7,6.681598785012851
360,18.6571,-71.876244,4500,0.5,0.4,4.1105080295471845,0.24290683313167719,/Users/shannonbowes/Research/ysg/candidates_and_lcs/2022_asassn_lc_data/pysynphot_data/grid/bosz/r2000/m-0.75/bosz2024_ms_t4500_g+0.5_m-0.75_a+0.00_c+0.00_v2_r2000_resam.txt.gz,5000,1.0,1.0,4.1462383460054975,0.009320347273225255,/Users/shannonbowes/Research/ysg/candidates_and_lcs/2022_asassn_lc_data/pysynphot_data/grid/bosz/r2000/m-0.75/bosz2024_ms_t5000_g+1.0_m-0.75_a+0.00_c+0.00_v2_r2000_resam.txt.gz,1000,4603.5,4500.0,134.76924723392943,4500.0,4500.0,4750.0,3.662901467748034,3.6532125137753435,0.012744006984263617,4.1305359354166375,4.13061388486001,0.00870542299433093,4.121913227559268,4.13061388486001,4.138972420960969,0.324,0.5,0.3090695714560073,0.0,0.5,0.5,0.5654,0.5,0.17593419224244045,0.4,0.5,0.75,7.598758125385138,1000,4599.5,4500.0,152.39668631568077,4500.0,4500.0,4750.0,3.6624776529278984,3.6532125137753435,0.014144472551981816,4.146544049123293,4.146042207488195,0.011242801127297695,4.1352915576296745,4.146042207488195,4.157792806765159,1.4745,1.5,0.9389354344149549,0.5,1.5,2.5,0.4437,0.4,0.22160846102980816,0.25,0.4,0.7,1.3785644964324502
361,18.69335,-73.35096,4500,0.5,0.75,4.262828432230648,16.82964801322874,/Users/shannonbowes/Research/ysg/candidates_and_lcs/2022_asassn_lc_data/pysynphot_data/grid/bosz/r2000/m-0.75/bosz2024_ms_t4500_g+0.5_m-0.75_a+0.00_c+0.00_v2_r2000_resam.txt.gz,4750,0.0,0.65,4.285922146438624,8.333151296467005,/Users/shannonbowes/Research/ysg/candidates_and_lcs/2022_asassn_lc_data/pysynphot_data/grid/bosz/r2000/m-0.75/bosz2024_ms_t4750_g+0.0_m-0.75_a+0.00_c+0.00_v2_r2000_resam.txt.gz,1000,4580.5,4500.0,119.97812300582136,4500.0,4500.0,4750.0,3.660765371711636,3.6532125137753435,0.011291514056161044,4.2612412614220245,4.260835356172175,0.0076775217754055285,4.253602021652218,4.260835356172175,4.269076505790091,0.315,0.5,0.2797766966707556,0.0,0.5,0.5,0.8365,0.8,0.13383852210779976,0.75,0.8,1.0,50.29024513690977,1000,4489.75,4500.0,130.2207260769191,4500.0,4500.0,4500.0,3.6520398449694813,3.6532125137753435,0.01258048308623646,4.287831129726569,4.287232119842946,0.011237031888101205,4.276815114549604,4.287232119842946,4.299060405130853,0.628,0.5,0.8397118553408663,0.0,0.5,1.5,0.41025,0.4,0.17789726670188047,0.2,0.4,0.55,32.67581617967335
362,18.752301,-73.799683,4500,0.0,0.45,3.991563636646488,5.908726312416105,/Users/shannonbowes/Research/ysg/candidates_and_lcs/2022_asassn_lc_data/pysynphot_data/grid/bosz/r2000/m-0.75/bosz2024_ms_t4500_g+0.0_m-0.75_a+0.00_c+0.00_v2_r2000_resam.txt.gz,4250,2.5,0.15,3.9846992772987857,0.04069345946168134,/Users/shannonbowes/Research/ysg/candidates_and_lcs/2022_asassn_lc_data/pysynphot_data/grid/bosz/r2000/m-0.75/bosz2024_ms_t4250_g+2.5_m-0.75_a+0.00_c+0.00_v2_r2000_resam.txt.gz,1000,4334.75,4250.0,118.34245856834309,4250.0,4250.0,4500.0,3.6368041249330982,3.6283889300503116,0.011750735713989536,3.9963078995970753,3.9957484162698096,0.008751482755470236,3.987649791597411,3.9957484162698096,4.005274748826172,0.242,0.0,0.249871967215212,0.0,0.0,0.5,0.26585000000000003,0.2,0.1373727684077161,0.15,0.2,0.45,27.70258098977337,1000,4410.25,4500.0,143.63995788080697,4250.0,4500.0,4500.0,3.6442337228242825,3.6532125137753435,0.014106006611862315,4.001794706697269,4.00194261944813,0.006897179826131009,3.9949446643246067,4.00194261944813,4.008280402485758,2.335,2.5,0.37519994669509216,2.0,2.5,2.5,0.3750000000000001,0.45,0.19809088823063015,0.15,0.45,0.55,5.864849012586252
363,18.756336,-73.666168,5250,0.0,0.4,4.0423252641000635,0.851253095868013,/Users/shannonbowes/Research/ysg/candidates_and_lcs/2022_asassn_lc_data/pysynphot_data/grid/bosz/r2000/m-0.75/bosz2024_ms_t5250_g+0.0_m-0.75_a+0.00_c+0.00_v2_r2000_resam.txt.gz,5500,0.0,0.55,4.069093678776804,0.0075841714491462426,/Users/shannonbowes/Research/ysg/candidates_and_lcs/2022_asassn_lc_data/pysynphot_data/grid/bosz/r2000/m-0.75/bosz2024_ms_t5500_g+0.0_m-0.75_a+0.00_c+0.00_v2_r2000_resam.txt.gz,1000,5124.75,5000.0,127.47524269441499,5000.0,5000.0,5250.0,3.7095385350070096,3.6989700043360187,0.010790147291449677,4.050226188431174,4.050010742443065,0.007641816382502326,4.042658777993278,4.050010742443065,4.05736295501098,0.124,0.0,0.21592591322025242,0.0,0.0,0.5,0.28385000000000005,0.2,0.1317067860818113,0.15,0.2,0.4,12.007491824081256,1000,5292.25,5250.0,195.96539873151076,5250.0,5250.0,5500.0,3.7233500285907604,3.720159303405957,0.01578391446793626,4.073806663213685,4.074311297147,0.011635154061255747,4.061248107682434,4.074311297147,4.085518881915317,2.1795,2.5,0.5809731060901184,1.5,2.5,2.5,0.3382,0.3,0.17326499935070558,0.2,0.3,0.5,2.7759932572947545
364,18.861405,-73.337494,4500,0.0,0.65,4.196609603540011,14.233331737956483,/Users/shannonbowes/Research/ysg/candidates_and_lcs/2022_asassn_lc_data/pysynphot_data/grid/bosz/r2000/m-0.75/bosz2024_ms_t4500_g+0.0_m-0.75_a+0.00_c+0.00_v2_r2000_resam.txt.gz,4750,0.0,0.9,4.207227214750994,8.270915096795008,/Users/shannonbowes/Research/ysg/candidates_and_lcs/2022_asassn_lc_data/pysynphot_data/grid/bosz/r2000/m-0.75/bosz2024_ms_t4750_g+0.0_m-0.75_a+0.00_c+0.00_v2_r2000_resam.txt.gz,1000,4280.75,4250.0,82.10930215267939,4250.0,4250.0,4250.0,3.6314422308484917,3.6283889300503116,0.00815298854636392,4.197497480796485,4.197526077356919,0.007662372629622209,4.18986961321328,4.197526077356919,4.205061169867037,0.0,0.0,0.0,0.0,0.0,0.0,0.26895,0.2,0.15608778779904597,0.2,0.2,0.25,55.093526132121234,1000,4465.75,4500.0,154.56208299579816,4250.0,4500.0,4500.0,3.649634749978922,3.6532125137753435,0.015012889436799449,4.211133392488826,4.21119979642843,0.008718833927941285,4.202744992602111,4.21119979642843,4.219865632871766,0.284,0.0,0.5299471671780123,0.0,0.0,0.5,0.44750000000000006,0.45,0.2147527648250425,0.15,0.45,0.6,44.12301870592318
365,18.869048,-73.260292,9500,2.5,0.35,4.461923206214424,13.212333777208041,/Users/shannonbowes/Research/ysg/candidates_and_lcs/2022_asassn_lc_data/pysynphot_data/grid/bosz/r2000/m-0.75/bosz2024_ap_t9500_g+2.5_m-0.75_a+0.00_c+0.00_v2_r2000_resam.txt.gz,11500,2.0,0.35,4.683586089726416,8.665482230739183,/Users/shannonbowes/Research/ysg/candidates_and_lcs/2022_asassn_lc_data/pysynphot_data/grid/bosz/r2000/m-0.75/bosz2024_ap_t11500_g+2.0_m-0.75_a+0.00_c+0.00_v2_r2000_resam.txt.gz,1000,10273.0,10250.0,1022.9716516111284,9250.0,10250.0,11500.0,4.009563650647689,4.010723865391773,0.042977888103955496,4.464784980400171,4.456382763841901,0.03141299639764764,4.435717912144348,4.456382763841901,4.495616379454259,2.4195,2.5,0.4298485198299513,2.0,2.5,3.0,0.5438,0.55,0.1898593163371237,0.35,0.55,0.75,48.240906380190026,1000,11622.0,12000.0,1147.3844168368332,11500.0,12000.0,12000.0,4.062861433504796,4.079181246047625,0.0474941509459583,4.7009414389073445,4.705506152716044,0.13274912031972919,4.592489099447309,4.705506152716044,4.821401670847891,2.0715,2.0,0.24420841508842406,2.0,2.0,2.0,0.3225,0.3,0.1730426248067221,0.15,0.3,0.5,40.72829455020865
366,19.104533,-73.146667,4500,0.5,0.75,4.159182761028956,10.112515046039967,/Users/shannonbowes/Research/ysg/candidates_and_lcs/2022_asassn_lc_data/pysynphot_data/grid/bosz/r2000/m-0.75/bosz2024_ms_t4500_g+0.5_m-0.75_a+0.00_c+0.00_v2_r2000_resam.txt.gz,4250,1.0,0.15,4.168931270190264,5.142865388206556,/Users/shannonbowes/Research/ysg/candidates_and_lcs/2022_asassn_lc_data/pysynphot_data/grid/bosz/r2000/m-0.75/bosz2024_ms_t4250_g+1.0_m-0.75_a+0.00_c+0.00_v2_r2000_resam.txt.gz,1000,4488.5,4500.0,120.38583803753663,4500.0,4500.0,4500.0,3.6519444350636947,3.6532125137753435,0.011682869283282101,4.158977785068682,4.1594181398649255,0.008303647164753323,4.150215552789908,4.1594181398649255,4.166828972941073,0.2245,0.0,0.28169087667157416,0.0,0.0,0.5,0.6204500000000001,0.6,0.17945555856534506,0.5,0.6,0.75,44.799156854224556,1000,4405.0,4500.0,130.28814220795383,4250.0,4500.0,4500.0,3.643755387178073,3.6532125137753435,0.012873964929579576,4.175020674464245,4.1753943883478195,0.010229732955185275,4.164660101973973,4.1753943883478195,4.185454439080532,1.0625,1.0,0.9609077739304641,0.0,1.0,2.5,0.33690000000000003,0.35,0.15787143503496762,0.15,0.35,0.5,31.33063761920765
367,19.219859,-73.216873,4500,0.0,0.55,4.068017169856258,7.411951612054605,/Users/shannonbowes/Research/ysg/candidates_and_lcs/2022_asassn_lc_data/pysynphot_data/grid/bosz/r2000/m-0.75/bosz2024_ms_t4500_g+0.0_m-0.75_a+0.00_c+0.00_v2_r2000_resam.txt.gz,4500,0.0,0.4,4.073266109121547,5.561711314981132,/Users/shannonbowes/Research/ysg/candidates_and_lcs/2022_asassn_lc_data/pysynphot_data/grid/bosz/r2000/m-0.75/bosz2024_ms_t4500_g+0.0_m-0.75_a+0.00_c+0.00_v2_r2000_resam.txt.gz,1000,4485.5,4500.0,69.20801976649815,4500.0,4500.0,4500.0,3.6517579785526615,3.6532125137753435,0.0068167308212235085,4.062742380107185,4.062931303061929,0.007648099678770936,4.055100394320742,4.062931303061929,4.070281421388088,0.019,0.0,0.09817840903172143,0.0,0.0,0.0,0.5547,0.55,0.10939794330790685,0.55,0.55,0.6,34.66520426168885,1000,4544.75,4500.0,165.63495253116113,4500.0,4500.0,4750.0,3.657219902276058,3.6532125137753435,0.01589802037520485,4.068869801544625,4.069124530524816,0.008968625223402018,4.059791333610604,4.069124530524816,4.077925160062043,0.0885,0.0,0.2818115505084914,0.0,0.0,0.0,0.5632,0.5,0.23880067001581046,0.35,0.5,0.85,29.89147087012522
368,19.275741,-73.647217,4250,0.0,0.2,4.178852456481309,1.3873758124221263,/Users/shannonbowes/Research/ysg/candidates_and_lcs/2022_asassn_lc_data/pysynphot_data/grid/bosz/r2000/m-0.75/bosz2024_ms_t4250_g+0.0_m-0.75_a+0.00_c+0.00_v2_r2000_resam.txt.gz,4750,2.5,0.9,4.179937006618453,0.09689883552620009,/Users/shannonbowes/Research/ysg/candidates_and_lcs/2022_asassn_lc_data/pysynphot_data/grid/bosz/r2000/m-0.75/bosz2024_ms_t4750_g+2.5_m-0.75_a+0.00_c+0.00_v2_r2000_resam.txt.gz,1000,4250.0,4250.0,0.0,4250.0,4250.0,4250.0,3.628388930050313,3.6283889300503116,1.3322676295501878e-15,4.175993322150734,4.1759818242321325,0.006490720294262569,4.169497109399976,4.1759818242321325,4.182196545098768,0.0005,0.0,0.01580348062927911,0.0,0.0,0.0,0.21660000000000001,0.2,0.03463293230438334,0.2,0.2,0.25,22.876691430005724,1000,4439.25,4500.0,163.16230416367623,4250.0,4500.0,4500.0,3.6470179418972246,3.6532125137753435,0.015894735513483086,4.187160372336193,4.187097267891056,0.007073490928610262,4.179914719919971,4.187097267891056,4.19404573781716,2.347,2.5,0.3226313685927021,2.0,2.5,2.5,0.5266500000000001,0.6,0.24509646570279223,0.25,0.6,0.7,9.485147084199527
369,19.3377,-73.595901,6500,1.5,0.35,4.14697840072482,0.14077034047795972,/Users/shannonbowes/Research/ysg/candidates_and_lcs/2022_asassn_lc_data/pysynphot_data/grid/bosz/r2000/m-0.75/bosz2024_ms_t6500_g+1.5_m-0.75_a+0.00_c+0.00_v2_r2000_resam.txt.gz,6500,1.5,0.2,4.184836107569243,0.005785026144993811,/Users/shannonbowes/Research/ysg/candidates_and_lcs/2022_asassn_lc_data/pysynphot_data/grid/bosz/r2000/m-0.75/bosz2024_ms_t6500_g+1.5_m-0.75_a+0.00_c+0.00_v2_r2000_resam.txt.gz,1000,6840.0,6750.0,417.612260356422,6500.0,6750.0,7250.0,3.8342548827012335,3.829303772831025,0.02631749456678982,4.145477299193853,4.145548854159761,0.007637608207776277,4.13771839113236,4.145548854159761,4.152662340775467,1.6555,1.5,0.5857215635436346,1.0,1.5,2.5,0.52885,0.5,0.22566607520848145,0.3,0.5,0.75,4.797328828468563,1000,6697.75,6500.0,430.93785804916234,6500.0,6500.0,7000.0,3.8250870783276842,3.8129133566428557,0.02661992091629533,4.176669010267329,4.178976358706379,0.03570943802249643,4.139515722582379,4.178976358706379,4.216400729961334,1.982,2.0,0.5409953789081751,1.5,2.0,2.5,0.30569999999999997,0.15,0.25894499415899125,0.15,0.15,0.5579999999999985,2.467052613804134
370,19.345612,-73.35466,4500,0.0,0.6,4.287822791279382,16.312843308597945,/Users/shannonbowes/Research/ysg/candidates_and_lcs/2022_asassn_lc_data/pysynphot_data/grid/bosz/r2000/m-0.75/bosz2024_ms_t4500_g+0.0_m-0.75_a+0.00_c+0.00_v2_r2000_resam.txt.gz,4500,0.0,0.4,4.306096889716192,12.054870001354981,/Users/shannonbowes/Research/ysg/candidates_and_lcs/2022_asassn_lc_data/pysynphot_data/grid/bosz/r2000/m-0.75/bosz2024_ms_t4500_g+0.0_m-0.75_a+0.00_c+0.00_v2_r2000_resam.txt.gz,1000,4476.5,4500.0,75.48344189290788,4500.0,4500.0,4500.0,3.650875069441564,3.6532125137753435,0.007480831473965398,4.2878267033501825,4.287492443664966,0.007859171852735396,4.279948368525001,4.287492443664966,4.295715224275662,0.0045,0.0,0.04722022871609158,0.0,0.0,0.0,0.5496999999999999,0.6,0.13289059409905576,0.55,0.6,0.6,48.50113975820172,1000,4603.0,4500.0,149.63622556052394,4500.0,4500.0,4750.0,3.6628143724380524,3.6532125137753435,0.013986517267783175,4.325045639057534,4.324785126536463,0.024054372316115635,4.300462033430907,4.324785126536463,4.345757740838827,0.5585,0.0,0.9264597940547663,0.0,0.0,2.0,0.40420000000000006,0.3,0.26514592208819654,0.15,0.3,0.75,40.87782981423686
371,19.363246,-72.677254,5500,2.5,0.95,4.101564309054884,16.897719060657305,/Users/shannonbowes/Research/ysg/candidates_and_lcs/2022_asassn_lc_data/pysynphot_data/grid/bosz/r2000/m-0.75/bosz2024_ms_t5500_g+2.5_m-0.75_a+0.00_c+0.00_v2_r2000_resam.txt.gz,4750,0.0,0.15,4.086245819167458,6.282157669307504,/Users/shannonbowes/Research/ysg/candidates_and_lcs/2022_asassn_lc_data/pysynphot_data/grid/bosz/r2000/m-0.75/bosz2024_ms_t4750_g+0.0_m-0.75_a+0.00_c+0.00_v2_r2000_resam.txt.gz,1000,5221.5,5250.0,162.59689418928025,5000.0,5250.0,5250.0,3.717583878312683,3.720159303405957,0.013565778507206909,4.106113062631364,4.106155415443677,0.0072583235197003545,4.098724120022634,4.106155415443677,4.11343431453931,2.5,2.5,0.0,2.5,2.5,2.5,0.6646,0.7,0.16401780391164855,0.45,0.7,0.75,57.58046881981552,1000,4810.0,4750.0,123.08533625091171,4750.0,4750.0,5000.0,3.682006861064317,3.6766936096248664,0.010879953432703631,4.0810596256365645,4.080630275309743,0.009352774209312855,4.071810918855306,4.080630275309743,4.090557258870607,0.678,0.0,0.8943243259578709,0.0,0.0,2.0,0.29675,0.25,0.15767668660902284,0.15,0.25,0.45,30.68602277706396
372,19.417553,-73.202896,10000,2.5,1.0,4.070667879496271,0.2485350288510966,/Users/shannonbowes/Research/ysg/candidates_and_lcs/2022_asassn_lc_data/pysynphot_data/grid/bosz/r2000/m-0.75/bosz2024_ap_t10000_g+2.5_m-0.75_a+0.00_c+0.00_v2_r2000_resam.txt.gz,7500,2.0,0.25,4.0482997365476106,0.002574454084714681,/Users/shannonbowes/Research/ysg/candidates_and_lcs/2022_asassn_lc_data/pysynphot_data/grid/bosz/r2000/m-0.75/bosz2024_ms_t7500_g+2.0_m-0.75_a+0.00_c+0.00_v2_r2000_resam.txt.gz,1000,9214.75,9250.0,722.1114439613874,9000.0,9250.0,9750.0,3.962991923337526,3.9661417327390325,0.03703694196377787,4.050789509648432,4.050604718261823,0.012782777315580938,4.038520636631147,4.050604718261823,4.063109626674575,2.243,2.0,0.2673031986340605,2.0,2.0,2.5,0.846,0.9,0.22887551201471945,0.85,0.9,1.0,5.100231671523512,1000,8231.75,7750.0,1363.718973065932,7000.0,7750.0,9750.0,3.9099193002816945,3.88930170250631,0.06848660519880184,4.018809201903121,4.00640956274344,0.06527322461446411,3.9642603157221052,4.00640956274344,4.071349189768938,2.199,2.0,0.3555263703299658,2.0,2.0,2.5,0.5938500000000001,0.6,0.3767023725701764,0.15,0.6,1.0,2.531524137035146
373,19.435629,-73.481575,4250,0.0,0.2,4.112508349163168,0.5127620012203414,/Users/shannonbowes/Research/ysg/candidates_and_lcs/2022_asassn_lc_data/pysynphot_data/grid/bosz/r2000/m-0.75/bosz2024_ms_t4250_g+0.0_m-0.75_a+0.00_c+0.00_v2_r2000_resam.txt.gz,4500,2.0,0.6,4.11556499555436,0.01580109573331989,/Users/shannonbowes/Research/ysg/candidates_and_lcs/2022_asassn_lc_data/pysynphot_data/grid/bosz/r2000/m-0.75/bosz2024_ms_t4500_g+2.0_m-0.75_a+0.00_c+0.00_v2_r2000_resam.txt.gz,1000,4266.5,4250.0,62.07052440571128,4250.0,4250.0,4250.0,3.6300272865761647,3.6283889300503116,0.006163251437767241,4.106118224713735,4.106311306349079,0.0073238789209355455,4.098613804304675,4.106311306349079,4.113475846573585,0.0,0.0,0.0,0.0,0.0,0.0,0.22019999999999998,0.2,0.10943929824336412,0.15,0.2,0.25,11.095167306393295,1000,4566.75,4500.0,168.02362185121473,4500.0,4500.0,4750.0,3.659310127919101,3.6532125137753435,0.016108443652514605,4.114048602503926,4.114142562507242,0.007473757119977578,4.106484386573669,4.114142562507242,4.121457200438212,1.371,1.5,0.8392609844380948,0.5,1.5,2.5,0.6969,0.65,0.23717164670339497,0.5,0.65,0.95,2.104143129767656
374,19.470878,-73.62368,5750,0.5,0.6,4.064508943725896,0.9372176558367784,/Users/shannonbowes/Research/ysg/candidates_and_lcs/2022_asassn_lc_data/pysynphot_data/grid/bosz/r2000/m-0.75/bosz2024_ms_t5750_g+0.5_m-0.75_a+0.00_c+0.00_v2_r2000_resam.txt.gz,6500,1.0,0.95,4.108714033784192,0.10308927211744819,/Users/shannonbowes/Research/ysg/candidates_and_lcs/2022_asassn_lc_data/pysynphot_data/grid/bosz/r2000/m-0.75/bosz2024_ms_t6500_g+1.0_m-0.75_a+0.00_c+0.00_v2_r2000_resam.txt.gz,1000,5932.0,6250.0,364.69302159487506,5500.0,6250.0,6250.0,3.772368290685242,3.7958800173440754,0.026990837013139535,4.063401066309069,4.063399560312826,0.008475832976055354,4.055274239384493,4.063399560312826,4.071701105834113,0.624,1.0,0.5404849674135258,0.0,1.0,1.0,0.6790499999999999,0.95,0.3496907169199663,0.25,0.95,1.0,17.314221975849822,1000,6566.5,6500.0,161.48606751048214,6500.0,6500.0,6750.0,3.817202504382098,3.8129133566428557,0.010688699000011856,4.1010021629389435,4.100422701679067,0.0159072648262033,4.086099733980419,4.100422701679067,4.117477203545241,1.7125,1.5,0.622570277157527,1.0,1.5,2.5,0.9780999999999999,1.0,0.056394946582118514,0.95,1.0,1.0,7.538214070381356
375,19.917681,-73.335297,4500,0.0,0.4,3.9514833732508987,1.3814332187818408,/Users/shannonbowes/Research/ysg/candidates_and_lcs/2022_asassn_lc_data/pysynphot_data/grid/bosz/r2000/m-0.75/bosz2024_ms_t4500_g+0.0_m-0.75_a+0.00_c+0.00_v2_r2000_resam.txt.gz,4750,1.5,0.85,3.96168992876784,0.015817626860716135,/Users/shannonbowes/Research/ysg/candidates_and_lcs/2022_asassn_lc_data/pysynphot_data/grid/bosz/r2000/m-0.75/bosz2024_ms_t4750_g+1.5_m-0.75_a+0.00_c+0.00_v2_r2000_resam.txt.gz,1000,4483.25,4500.0,62.505499758021294,4500.0,4500.0,4500.0,3.6515493336657663,3.6532125137753435,0.006206442026072812,3.953851646406496,3.953682362300366,0.007155671714641255,3.9466784898938294,3.953682362300366,3.9611354341486784,0.0075,0.0,0.060776228905716094,0.0,0.0,0.0,0.4135500000000001,0.45,0.0800868122726832,0.4,0.45,0.45,13.500819664380243,1000,4627.75,4500.0,150.39094886328763,4500.0,4500.0,4750.0,3.6651411347559577,3.6532125137753435,0.014088372098998853,3.9586757585609194,3.958529684834401,0.007268258870741434,3.951349039655909,3.958529684834401,3.9659631257012977,0.5585,0.5,0.6865331383116186,0.0,0.5,1.0,0.59825,0.6,0.20135649356303362,0.4,0.6,0.8,3.8200787699309555
376,19.928189,-73.5327,4250,0.0,0.15,4.008758512939567,2.494905312431533,/Users/shannonbowes/Research/ysg/candidates_and_lcs/2022_asassn_lc_data/pysynphot_data/grid/bosz/r2000/m-0.75/bosz2024_ms_t4250_g+0.0_m-0.75_a+0.00_c+0.00_v2_r2000_resam.txt.gz,4500,2.0,0.6,4.021507116584795,0.022552355134408744,/Users/shannonbowes/Research/ysg/candidates_and_lcs/2022_asassn_lc_data/pysynphot_data/grid/bosz/r2000/m-0.75/bosz2024_ms_t4500_g+2.0_m-0.75_a+0.00_c+0.00_v2_r2000_resam.txt.gz,1000,4268.25,4250.0,65.03412565722707,4250.0,4250.0,4250.0,3.6302010516622403,3.6283889300503116,0.0064575202529456865,4.008888531199245,4.008791252852539,0.006789603630403425,4.002391456991932,4.008791252852539,4.015468233746302,0.009,0.0,0.066475559418481,0.0,0.0,0.0,0.18504999999999996,0.15,0.11288931526056842,0.15,0.15,0.15,15.59472236853936,1000,4398.75,4250.0,165.63797119018332,4250.0,4250.0,4500.0,3.6430260560670304,3.6283889300503116,0.016167587928833004,4.0129512383731925,4.0127334038305875,0.007350487131584135,4.005711008160222,4.0127334038305875,4.020490224694704,1.8425,2.0,0.6689123634677416,1.0,2.0,2.5,0.4146,0.3,0.24403245685768932,0.15,0.3,0.6,3.4095430410270495
377,68.923506,-72.361092,7500,2.0,0.55,4.187661845072423,0.2510109944893411,/Users/shannonbowes/Research/ysg/candidates_and_lcs/2022_asassn_lc_data/pysynphot_data/grid/bosz/r2000/m-0.25/bosz2024_ms_t7500_g+2.0_m-0.25_a+0.00_c+0.00_v2_r2000_resam.txt.gz,9250,2.0,0.95,4.225164421675737,0.05652283772609071,/Users/shannonbowes/Research/ysg/candidates_and_lcs/2022_asassn_lc_data/pysynphot_data/grid/bosz/r2000/m-0.25/bosz2024_ap_t9250_g+2.0_m-0.25_a+0.00_c+0.00_v2_r2000_resam.txt.gz,1000,7506.75,7500.0,193.36994983709334,7250.0,7500.0,7750.0,3.875311171306429,3.8750612633917,0.010996576761593569,4.193966536268153,4.193869436962014,0.009693708072690823,4.184111631987431,4.193869436962014,4.203693634779669,2.188,2.0,0.2432200649617543,2.0,2.0,2.5,0.4775000000000001,0.45,0.08314896271150951,0.4,0.45,0.55,9.595320104294812,1000,7464.0,7500.0,237.60050504996826,7250.0,7500.0,7500.0,3.8727598014967235,3.8750612633917,0.013440572536754939,4.190314508123105,4.190469391915756,0.013170758932847615,4.177025580035169,4.190469391915756,4.203451755638396,2.3135,2.5,0.24488313539319115,2.0,2.5,2.5,0.4634500000000001,0.45,0.09379017805719317,0.4,0.45,0.5,6.8558702367928275
378,69.807742,-71.735428,7000,2.5,0.75,4.099672405086601,0.30115891548926776,/Users/shannonbowes/Research/ysg/candidates_and_lcs/2022_asassn_lc_data/pysynphot_data/grid/bosz/r2000/m-0.25/bosz2024_ms_t7000_g+2.5_m-0.25_a+0.00_c+0.00_v2_r2000_resam.txt.gz,7250,2.0,0.9,4.085837937875834,0.01806897782496548,/Users/shannonbowes/Research/ysg/candidates_and_lcs/2022_asassn_lc_data/pysynphot_data/grid/bosz/r2000/m-0.25/bosz2024_ms_t7250_g+2.0_m-0.25_a+0.00_c+0.00_v2_r2000_resam.txt.gz,1000,6623.25,6500.0,190.38628495771434,6500.0,6500.0,6750.0,3.820896165219538,3.8129133566428557,0.012251843417296258,4.087215214205357,4.0869149030964,0.007627911531868738,4.0797388331968065,4.0869149030964,4.094993713290008,2.228,2.5,0.3827740848072136,2.0,2.5,2.5,0.5098,0.45,0.11295556648523346,0.4,0.45,0.6,6.948950637847993,1000,6732.25,6750.0,350.1748670307451,6500.0,6750.0,7000.0,3.827589268995386,3.829303772831025,0.02211890247142434,4.105378599038692,4.100404451346172,0.03589893703688856,4.070898911697088,4.100404451346172,4.139335505745948,2.1885,2.5,0.3958759275328572,2.0,2.5,2.5,0.4966000000000001,0.4,0.17435148407742332,0.4,0.4,0.65,4.975918766500842
379,70.332642,-70.115997,4250,0.5,0.75,3.932534872612802,10.12356076306429,/Users/shannonbowes/Research/ysg/candidates_and_lcs/2022_asassn_lc_data/pysynphot_data/grid/bosz/r2000/m-0.25/bosz2024_ms_t4250_g+0.5_m-0.25_a+0.00_c+0.00_v2_r2000_resam.txt.gz,4250,2.0,0.8,3.947533133360181,5.94899051552998,/Users/shannonbowes/Research/ysg/candidates_and_lcs/2022_asassn_lc_data/pysynphot_data/grid/bosz/r2000/m-0.25/bosz2024_ms_t4250_g+2.0_m-0.25_a+0.00_c+0.00_v2_r2000_resam.txt.gz,1000,4244.25,4250.0,37.475825541273935,4250.0,4250.0,4250.0,3.627783364459699,3.6283889300503116,0.003946794856982586,3.936668333013709,3.9367916732656276,0.0072075145438661664,3.9293727101969274,3.9367916732656276,3.9442695976841464,0.6365,0.5,0.22829312298008458,0.5,0.5,1.0,0.8325499999999999,0.85,0.08070314430057852,0.8,0.85,0.9,35.67306587226491,1000,4249.5,4250.0,11.169153951844338,4250.0,4250.0,4250.0,3.6283362721728682,3.6283889300503116,0.0011762878799143708,3.9379878990453068,3.9380369771664583,0.006727622672802313,3.9313342629303545,3.9380369771664583,3.9445963819258796,1.333,1.5,0.6063093269940683,0.5,1.5,2.0,0.81905,0.8,0.054814208924329096,0.75,0.8,0.85,30.306396176076102
380,70.510723,-70.524918,4500,2.5,0.65,4.096177088333754,0.29479271539395746,/Users/shannonbowes/Research/ysg/candidates_and_lcs/2022_asassn_lc_data/pysynphot_data/grid/bosz/r2000/m-0.25/bosz2024_ms_t4500_g+2.5_m-0.25_a+0.00_c+0.00_v2_r2000_resam.txt.gz,4500,2.0,0.7,4.08781671391385,0.023200991503318617,/Users/shannonbowes/Research/ysg/candidates_and_lcs/2022_asassn_lc_data/pysynphot_data/grid/bosz/r2000/m-0.25/bosz2024_ms_t4500_g+2.0_m-0.25_a+0.00_c+0.00_v2_r2000_resam.txt.gz,1000,4569.5,4500.0,112.00334816424017,4500.0,4500.0,4750.0,3.6597402584215106,3.6532125137753435,0.010519845414848008,4.091676125966166,4.0915095406409465,0.00786465229821199,4.083749252963995,4.0915095406409465,4.099550033775899,2.0095,2.0,0.436073101669892,1.5,2.0,2.5,0.6586,0.6,0.15469660629761728,0.55,0.6,0.9,5.300427319274525,1000,4565.5,4500.0,112.18177213790126,4500.0,4500.0,4750.0,3.6593593287231534,3.6532125137753435,0.010543586422565036,4.0924798982928685,4.09239364928702,0.009400794768297938,4.083417644816797,4.09239364928702,4.101976922315784,2.139,2.5,0.6108837860018876,1.5,2.5,2.5,0.6435,0.6,0.16251999876938222,0.5,0.6,0.85,3.542598335440194
381,70.779561,-70.458649,9500,2.5,0.75,4.087057057491529,0.17101948584026425,/Users/shannonbowes/Research/ysg/candidates_and_lcs/2022_asassn_lc_data/pysynphot_data/grid/bosz/r2000/m-0.25/bosz2024_ap_t9500_g+2.5_m-0.25_a+0.00_c+0.00_v2_r2000_resam.txt.gz,8250,2.5,0.6,4.023707875658305,0.00827825077367444,/Users/shannonbowes/Research/ysg/candidates_and_lcs/2022_asassn_lc_data/pysynphot_data/grid/bosz/r2000/m-0.25/bosz2024_ap_t8250_g+2.5_m-0.25_a+0.00_c+0.00_v2_r2000_resam.txt.gz,1000,9941.5,10000.0,741.6722658964673,9000.0,10000.0,10750.0,3.9962267319870564,4.0,0.03273999988832111,4.088937315081724,4.088016170256779,0.015770780990260396,4.072976384857003,4.088016170256779,4.1039996851398985,2.5325,2.5,0.38819292883822604,2.0,2.5,3.0,0.81555,0.85,0.15088305902254234,0.65,0.85,1.0,5.184882525199688,1000,9008.0,8500.0,1300.0715364932807,8000.0,8500.0,10250.0,3.9505233044816386,3.929418925714293,0.0583550503917143,4.059722265361169,4.050837899961595,0.07050658759858108,3.9982762249716153,4.050837899961595,4.114290163806393,2.556,2.5,0.30473595127585457,2.5,2.5,3.0,0.64865,0.55,0.21053664170400363,0.45,0.55,0.95,3.3756130476143573
382,70.956826,-69.304626,9500,2.0,0.8,3.8858641005873076,1.2401031012178128,/Users/shannonbowes/Research/ysg/candidates_and_lcs/2022_asassn_lc_data/pysynphot_data/grid/bosz/r2000/m-0.25/bosz2024_ap_t9500_g+2.0_m-0.25_a+0.00_c+0.00_v2_r2000_resam.txt.gz,8500,2.5,0.7,3.8366389012137225,0.08683879109854924,/Users/shannonbowes/Research/ysg/candidates_and_lcs/2022_asassn_lc_data/pysynphot_data/grid/bosz/r2000/m-0.25/bosz2024_ap_t8500_g+2.5_m-0.25_a+0.00_c+0.00_v2_r2000_resam.txt.gz,1000,9824.5,9750.0,519.3262462075261,9250.0,9750.0,10250.0,3.991705349653035,3.989004615698537,0.02291461593761413,3.904229018865719,3.903174034655402,0.01497269809522006,3.889168899068922,3.903174034655402,3.9189880999743987,2.4725,2.5,0.3549559831866481,2.0,2.5,3.0,0.8416500000000001,0.85,0.08725123208299124,0.75,0.85,0.95,13.023117901792885,1000,7823.5,7750.0,424.08460240852884,7500.0,7750.0,8000.0,3.892831089098126,3.88930170250631,0.021658873278568344,3.84017978293849,3.838409079538616,0.018881129859858972,3.8227506872760473,3.838409079538616,3.8578706015737216,2.443,2.5,0.1767795237011346,2.5,2.5,2.5,0.4469,0.4,0.12528124360813153,0.35,0.4,0.55,6.586855142179076
383,71.327625,-69.27739,6250,1.0,1.0,3.9028077579560607,60.40105361014629,/Users/shannonbowes/Research/ysg/candidates_and_lcs/2022_asassn_lc_data/pysynphot_data/grid/bosz/r2000/m-0.25/bosz2024_ms_t6250_g+1.0_m-0.25_a+0.00_c+0.00_v2_r2000_resam.txt.gz,6000,2.0,0.85,3.8886288880819975,0.014679444527190635,/Users/shannonbowes/Research/ysg/candidates_and_lcs/2022_asassn_lc_data/pysynphot_data/grid/bosz/r2000/m-0.25/bosz2024_ms_t6000_g+2.0_m-0.25_a+0.00_c+0.00_v2_r2000_resam.txt.gz,1000,6250.0,6250.0,11.180339887498949,6250.0,6250.0,6250.0,3.7958793219164138,3.7958800173440754,0.0007774595436323652,3.911268454760361,3.9112355690006626,0.0066653341275181134,3.904737983720636,3.9112355690006626,3.9175150361269764,1.0,1.0,0.0,1.0,1.0,1.0,0.97405,1.0,0.027822607713871843,0.95,1.0,1.0,113.47822904845958,1000,5820.25,6000.0,222.4914324193181,5500.0,6000.0,6000.0,3.7646185334339037,3.7781512503836434,0.01682970108829564,3.880709833842487,3.8809227425215145,0.008004557619449206,3.8725211233172425,3.8809227425215145,3.8888151218643294,1.1855,1.0,0.5977790143522939,0.5,1.0,2.0,0.8122999999999999,0.9,0.18332678473152797,0.55,0.9,1.0,2.4757090205743806
384,71.40502,-70.251076,5000,0.0,0.9,3.8894777278843846,17.02449808812999,/Users/shannonbowes/Research/ysg/candidates_and_lcs/2022_asassn_lc_data/pysynphot_data/grid/bosz/r2000/m-0.25/bosz2024_ms_t5000_g+0.0_m-0.25_a+0.00_c+0.00_v2_r2000_resam.txt.gz,5000,0.0,0.85,3.8777638087890702,10.979332965475471,/Users/shannonbowes/Research/ysg/candidates_and_lcs/2022_asassn_lc_data/pysynphot_data/grid/bosz/r2000/m-0.25/bosz2024_ms_t5000_g+0.0_m-0.25_a+0.00_c+0.00_v2_r2000_resam.txt.gz,1000,5000.0,5000.0,0.0,5000.0,5000.0,5000.0,3.698970004336019,3.6989700043360187,4.440892098500626e-16,3.8722960709294,3.8723820335417387,0.007478008631149628,3.8650890740389765,3.8723820335417387,3.879717649837751,0.121,0.0,0.22882089065467778,0.0,0.0,0.5,0.84765,0.85,0.05006972638231608,0.8,0.85,0.9,55.9410178605466,1000,5043.5,5000.0,94.77737071685414,5000.0,5000.0,5250.0,3.7026569423741877,3.6989700043360187,0.008033064212727328,3.8777712551993746,3.877377646487612,0.008089180141430523,3.870030036846778,3.877377646487612,3.885741135569679,0.087,0.0,0.1895547414337083,0.0,0.0,0.5,0.8645,0.85,0.07375466086966978,0.8,0.85,1.0,43.875779618826684
385,71.533928,-68.915482,4250,0.0,0.4,3.962270690616905,1.6325913671445946,/Users/shannonbowes/Research/ysg/candidates_and_lcs/2022_asassn_lc_data/pysynphot_data/grid/bosz/r2000/m-0.25/bosz2024_ms_t4250_g+0.0_m-0.25_a+0.00_c+0.00_v2_r2000_resam.txt.gz,4500,0.5,0.8,3.9707387110583774,0.06487670248288253,/Users/shannonbowes/Research/ysg/candidates_and_lcs/2022_asassn_lc_data/pysynphot_data/grid/bosz/r2000/m-0.25/bosz2024_ms_t4500_g+0.5_m-0.25_a+0.00_c+0.00_v2_r2000_resam.txt.gz,1000,4250.0,4250.0,0.0,4250.0,4250.0,4250.0,3.628388930050313,3.6283889300503116,1.3322676295501878e-15,3.9699671150044633,3.970030883641362,0.007109030409533037,3.962955758265682,3.970030883641362,3.9771559342309413,0.0,0.0,0.0,0.0,0.0,0.0,0.4410000000000001,0.45,0.03858756276314947,0.4,0.45,0.5,18.070548395269885,1000,4461.0,4500.0,105.9669759878048,4250.0,4500.0,4500.0,3.6493078150052267,3.6532125137753435,0.010435701596987774,3.975123530487642,3.975147711758589,0.006752107566036524,3.9681984260767225,3.975147711758589,3.9814329905256067,0.4735,0.0,0.6249381969443059,0.0,0.0,1.0,0.7177,0.75,0.17082654945880046,0.45,0.75,0.85,7.43918380119903
386,71.888462,-69.242455,8750,2.0,0.8,4.269858198974905,0.31475093912976476,/Users/shannonbowes/Research/ysg/candidates_and_lcs/2022_asassn_lc_data/pysynphot_data/grid/bosz/r2000/m-0.25/bosz2024_ap_t8750_g+2.0_m-0.25_a+0.00_c+0.00_v2_r2000_resam.txt.gz,9000,2.0,1.0,4.241275026770074,0.02212304408621729,/Users/shannonbowes/Research/ysg/candidates_and_lcs/2022_asassn_lc_data/pysynphot_data/grid/bosz/r2000/m-0.25/bosz2024_ap_t9000_g+2.0_m-0.25_a+0.00_c+0.00_v2_r2000_resam.txt.gz,1000,9326.75,9250.0,305.8544384180161,9000.0,9250.0,9750.0,3.969495153387429,3.9661417327390325,0.014319314635273118,4.278743843390895,4.278629517364655,0.008206610812047578,4.270301450277574,4.278629517364655,4.287270695517643,2.259,2.5,0.25083660020021004,2.0,2.5,2.5,0.9289499999999999,0.95,0.06232493481745488,0.85,0.95,1.0,9.189035625420694,1000,8988.25,9000.0,633.0872274023541,8250.0,9000.0,9500.0,3.952553834119229,3.9542425094393248,0.03154127304424248,4.25435980465984,4.252051211704497,0.021207403908072513,4.233361127859959,4.252051211704497,4.276239159519323,2.404,2.5,0.20318464508914053,2.0,2.5,2.5,0.9174,1.0,0.14607272161495452,0.8,1.0,1.0,3.792916595007174
387,71.975142,-69.179344,10250,2.0,0.75,4.319555101108937,0.35076663675380515,/Users/shannonbowes/Research/ysg/candidates_and_lcs/2022_asassn_lc_data/pysynphot_data/grid/bosz/r2000/m-0.25/bosz2024_ap_t10250_g+2.0_m-0.25_a+0.00_c+0.00_v2_r2000_resam.txt.gz,9000,2.5,0.6,4.248683861489893,0.006319464161263675,/Users/shannonbowes/Research/ysg/candidates_and_lcs/2022_asassn_lc_data/pysynphot_data/grid/bosz/r2000/m-0.25/bosz2024_ap_t9000_g+2.5_m-0.25_a+0.00_c+0.00_v2_r2000_resam.txt.gz,1000,10933.0,11000.0,616.1460865736307,10250.0,11000.0,11500.0,4.038048695011927,4.041392685158225,0.024507130066239682,4.348452810685605,4.346431018764244,0.02460278488541424,4.322892669471449,4.346431018764244,4.375065254336754,2.5225,2.5,0.3677550135620179,2.0,2.5,3.0,0.7998,0.8,0.07952961712469137,0.7,0.8,0.9,7.368987759781882,1000,11463.75,11750.0,1465.349254444141,10250.0,11750.0,13000.0,4.055388143125618,4.0700378666077555,0.060121582650082814,4.363838882879411,4.366401072596274,0.07572577945988385,4.286332127245659,4.366401072596274,4.446584509729053,2.8035,3.0,0.3586610516908687,2.5,3.0,3.0,0.8888499999999999,0.95,0.17214289848843606,0.7920000000000003,0.95,1.0,2.908451370083705
388,72.030049,-69.468002,10250,3.0,0.9,3.981122273529191,0.3285362385219723,/Users/shannonbowes/Research/ysg/candidates_and_lcs/2022_asassn_lc_data/pysynphot_data/grid/bosz/r2000/m-0.25/bosz2024_ap_t10250_g+3.0_m-0.25_a+0.00_c+0.00_v2_r2000_resam.txt.gz,11500,2.5,1.0,4.038658331399046,0.024970034135863992,/Users/shannonbowes/Research/ysg/candidates_and_lcs/2022_asassn_lc_data/pysynphot_data/grid/bosz/r2000/m-0.25/bosz2024_ap_t11500_g+2.5_m-0.25_a+0.00_c+0.00_v2_r2000_resam.txt.gz,1000,9697.25,9750.0,413.5576592205735,9250.0,9750.0,10000.0,3.9862568749001803,3.989004615698537,0.018411357652880288,3.9743364604916853,3.973460479775867,0.01168557277664307,3.9630955337362535,3.973460479775867,3.9854822322883665,2.271,2.0,0.2899293017271624,2.0,2.0,2.5,0.8009000000000001,0.8,0.07452643826186785,0.7,0.8,0.9,10.949087745956522,1000,8396.5,8000.0,1019.5772408209199,7750.0,8000.0,9750.0,3.9212114060469965,3.9030899869919438,0.04880384679901702,3.9218157074024047,3.9128240474478724,0.030680687701111865,3.8992146025885503,3.9128240474478724,3.944644534803404,2.3475,2.5,0.29663740492392393,2.0,2.5,2.5,0.5831000000000001,0.45,0.20849314137400296,0.4,0.45,0.9,2.205686022615967
389,72.255617,-68.976868,5750,0.5,0.4,3.933175906523309,0.15818345792341482,/Users/shannonbowes/Research/ysg/candidates_and_lcs/2022_asassn_lc_data/pysynphot_data/grid/bosz/r2000/m-0.25/bosz2024_ms_t5750_g+0.5_m-0.25_a+0.00_c+0.00_v2_r2000_resam.txt.gz,6000,1.5,0.6,3.9252689373290024,0.015710994772392347,/Users/shannonbowes/Research/ysg/candidates_and_lcs/2022_asassn_lc_data/pysynphot_data/grid/bosz/r2000/m-0.25/bosz2024_ms_t6000_g+1.5_m-0.25_a+0.00_c+0.00_v2_r2000_resam.txt.gz,1000,6131.25,6250.0,301.80446898613013,5750.0,6250.0,6500.0,3.7870204000868624,3.7958800173440754,0.02145289594063211,3.915695808004099,3.9155931730524163,0.007753054042037265,3.9077594142656116,3.9155931730524163,3.923415739446614,1.2235,1.0,0.4725439133033035,1.0,1.0,1.5,0.70975,0.8,0.24326413114144058,0.4,0.8,1.0,3.6540835188679184,1000,6120.75,6250.0,347.1050813514547,5750.0,6250.0,6500.0,3.7861033642285173,3.7958800173440754,0.0247066954752559,3.9175479153031767,3.9174061434932863,0.010707847457084156,3.906922459674667,3.9174061434932863,3.928173181666524,1.845,2.0,0.5796335048977069,1.0,2.0,2.5,0.6845,0.7,0.2589203545494251,0.4,0.7,1.0,2.0221324917593533
390,72.268664,-68.907272,7750,2.5,0.85,3.977774634745494,0.28568604910164636,/Users/shannonbowes/Research/ysg/candidates_and_lcs/2022_asassn_lc_data/pysynphot_data/grid/bosz/r2000/m-0.25/bosz2024_ap_t7750_g+2.5_m-0.25_a+0.00_c+0.00_v2_r2000_resam.txt.gz,7500,2.5,0.8,3.975000668159787,0.0288357836825766,/Users/shannonbowes/Research/ysg/candidates_and_lcs/2022_asassn_lc_data/pysynphot_data/grid/bosz/r2000/m-0.25/bosz2024_ap_t7500_g+2.5_m-0.25_a+0.00_c+0.00_v2_r2000_resam.txt.gz,1000,7262.0,7000.0,487.3202232618712,6750.0,7000.0,8000.0,3.860105728241351,3.845098040014257,0.028529813216926093,3.9796194988151665,3.979394273485771,0.006185970614011742,3.9734169716037036,3.979394273485771,3.986035243253325,2.178,2.0,0.3245242671973854,2.0,2.0,2.5,0.61245,0.5,0.24186255911157475,0.35,0.5,1.0,6.009190700540618,1000,7412.25,7750.0,525.9395759020232,6750.0,7750.0,8000.0,3.8688288348048525,3.88930170250631,0.031405337521597375,3.968299337218292,3.9683958662018686,0.010043928914331526,3.9582271909045565,3.9683958662018686,3.978258701810573,2.148,2.0,0.39318697842120875,2.0,2.0,2.5,0.74905,0.9,0.2672856103496782,0.35,0.9,1.0,1.770125403927428
391,72.30168,-69.456535,12000,2.0,0.75,5.2723371685936895,1.2914798323138843,/Users/shannonbowes/Research/ysg/candidates_and_lcs/2022_asassn_lc_data/pysynphot_data/grid/bosz/r2000/m-0.25/bosz2024_ap_t12000_g+2.0_m-0.25_a+0.00_c+0.00_v2_r2000_resam.txt.gz,10000,2.0,0.8,5.105765243590304,0.007806841899961467,/Users/shannonbowes/Research/ysg/candidates_and_lcs/2022_asassn_lc_data/pysynphot_data/grid/bosz/r2000/m-0.25/bosz2024_ap_t10000_g+2.0_m-0.25_a+0.00_c+0.00_v2_r2000_resam.txt.gz,1000,12063.0,12000.0,409.45817857261073,12000.0,12000.0,12000.0,4.0812215878299565,4.079181246047625,0.014022651104765336,5.275330851035731,5.2713206513660715,0.031614605388051,5.252261090775797,5.2713206513660715,5.291469756572146,2.04,2.0,0.19595917942265426,2.0,2.0,2.0,0.7997000000000001,0.8,0.060165687896009304,0.75,0.8,0.85,17.05445773592965,1000,9739.5,9750.0,1643.3623307110333,8000.0,9750.0,11750.0,3.9824772478374117,3.989004615698537,0.07222664615026554,5.102550638211968,5.084219499708798,0.0764325935060927,5.034685017374878,5.084219499708798,5.18144851553386,2.4235,2.5,0.4004968788892118,2.0,2.5,3.0,0.7075499999999999,0.75,0.2561357013381774,0.4,0.75,1.0,1.9500265154690202
392,72.306186,-69.787003,4500,0.5,0.8,4.186008289433698,2.894586032086176,/Users/shannonbowes/Research/ysg/candidates_and_lcs/2022_asassn_lc_data/pysynphot_data/grid/bosz/r2000/m-0.25/bosz2024_ms_t4500_g+0.5_m-0.25_a+0.00_c+0.00_v2_r2000_resam.txt.gz,4250,2.0,0.35,4.179093491856732,0.03827720411633717,/Users/shannonbowes/Research/ysg/candidates_and_lcs/2022_asassn_lc_data/pysynphot_data/grid/bosz/r2000/m-0.25/bosz2024_ms_t4250_g+2.0_m-0.25_a+0.00_c+0.00_v2_r2000_resam.txt.gz,1000,4520.25,4500.0,93.01847934684807,4500.0,4500.0,4500.0,3.6550715229271384,3.6532125137753435,0.008863786171796777,4.18385266580392,4.184094032069199,0.007381250785578718,4.176403623347065,4.184094032069199,4.191402483753011,0.3055,0.5,0.2644234293703945,0.0,0.5,0.5,0.75455,0.75,0.12303169307133834,0.65,0.75,0.8,19.936305628713832,1000,4581.5,4500.0,133.16437211206306,4500.0,4500.0,4750.0,3.660824391410271,3.6532125137753435,0.012616084791202912,4.18906185904967,4.189295748142952,0.007008275463023648,4.181878475192436,4.189295748142952,4.19609966451792,1.5485,1.5,0.8169441535380494,0.5,1.5,2.5,0.8000499999999999,0.75,0.1577577177192926,0.7,0.75,1.0,8.04843847279463
393,72.329389,-69.431839,12000,2.0,0.35,4.930944546777301,13.460253267667143,/Users/shannonbowes/Research/ysg/candidates_and_lcs/2022_asassn_lc_data/pysynphot_data/grid/bosz/r2000/m-0.25/bosz2024_ap_t12000_g+2.0_m-0.25_a+0.00_c+0.00_v2_r2000_resam.txt.gz,13000,3.0,0.85,4.804008709028372,0.0029327799623162887,/Users/shannonbowes/Research/ysg/candidates_and_lcs/2022_asassn_lc_data/pysynphot_data/grid/bosz/r2000/m-0.25/bosz2024_ap_t13000_g+3.0_m-0.25_a+0.00_c+0.00_v2_r2000_resam.txt.gz,1000,12002.0,12000.0,63.21392251711643,12000.0,12000.0,12000.0,4.079248192837256,4.079181246047625,0.002115984586239634,4.893997187025911,4.893643730227642,0.019398250793608494,4.874620185702128,4.893643730227642,4.9124518449096035,2.001,2.0,0.03160696125855822,2.0,2.0,2.0,0.43620000000000003,0.45,0.04516148801800047,0.4,0.45,0.5,48.19555272791546,1000,8864.5,8500.0,1059.9008208318362,8250.0,8500.0,9500.0,3.9449551338161735,3.929418925714293,0.04681751001359549,4.596770643314285,4.589740290794868,0.05623693871604491,4.546486187871307,4.589740290794868,4.644166202516258,2.4065,2.5,0.2898409046356294,2.0,2.5,2.5,0.4366999999999999,0.35,0.162490338174305,0.35,0.35,0.55,2.9802109644485446
394,72.47404,-69.754547,6000,2.5,0.5,4.113655850300751,10.000205083504447,/Users/shannonbowes/Research/ysg/candidates_and_lcs/2022_asassn_lc_data/pysynphot_data/grid/bosz/r2000/m-0.25/bosz2024_ms_t6000_g+2.5_m-0.25_a+0.00_c+0.00_v2_r2000_resam.txt.gz,6000,1.0,0.7,4.079182862855165,0.005957992865707444,/Users/shannonbowes/Research/ysg/candidates_and_lcs/2022_asassn_lc_data/pysynphot_data/grid/bosz/r2000/m-0.25/bosz2024_ms_t6000_g+1.0_m-0.25_a+0.00_c+0.00_v2_r2000_resam.txt.gz,1000,5845.0,5750.0,121.34661099511597,5750.0,5750.0,6000.0,3.766691538853355,3.7596678446896306,0.008971594562465157,4.106997593721964,4.107072833293493,0.006421515854046919,4.100570912349671,4.107072833293493,4.1133031266596305,2.5,2.5,0.0,2.5,2.5,2.5,0.39785000000000004,0.35,0.06287191344312658,0.35,0.35,0.5,40.739629276389344,1000,6324.25,6250.0,178.3239678226121,6250.0,6250.0,6500.0,3.800832079796239,3.7958800173440754,0.01247648728237145,4.084846687055633,4.084868525653114,0.00839502553279609,4.076261520317822,4.084868525653114,4.093098996359548,1.5765,1.5,0.5808594924764507,1.0,1.5,2.5,0.9328999999999998,0.95,0.108109157798958,0.9,0.95,1.0,2.528135144682603
395,72.485769,-69.755859,5500,2.5,0.95,4.487591047443795,334.76208600344944,/Users/shannonbowes/Research/ysg/candidates_and_lcs/2022_asassn_lc_data/pysynphot_data/grid/bosz/r2000/m-0.25/bosz2024_ms_t5500_g+2.5_m-0.25_a+0.00_c+0.00_v2_r2000_resam.txt.gz,4750,2.5,0.6,4.418747332911157,23.801156575208957,/Users/shannonbowes/Research/ysg/candidates_and_lcs/2022_asassn_lc_data/pysynphot_data/grid/bosz/r2000/m-0.25/bosz2024_ms_t4750_g+2.5_m-0.25_a+0.00_c+0.00_v2_r2000_resam.txt.gz,1000,5499.0,5500.0,15.7797338380595,5500.0,5500.0,5500.0,3.740281875949889,3.7403626894942437,0.0012752162204028694,4.499359021630844,4.499233166714962,0.008764449918300854,4.490650019862164,4.499233166714962,4.507882128016247,2.5,2.5,0.0,2.5,2.5,2.5,0.9733499999999999,1.0,0.030037934349751827,0.95,1.0,1.0,464.2327516786433,1000,4580.0,4500.0,117.15374513859982,4500.0,4500.0,4750.0,3.660725259746052,3.6532125137753435,0.010999339440696027,4.4106042703358845,4.410180836258702,0.00832103495347616,4.402461502594288,4.410180836258702,4.418910049734678,2.4835,2.5,0.09988868804824698,2.5,2.5,2.5,0.42839999999999995,0.35,0.11128090581946214,0.35,0.35,0.6,72.61018311856714
396,72.513294,-68.259689,6500,1.0,0.85,3.9893469758939153,1.607721817851293,/Users/shannonbowes/Research/ysg/candidates_and_lcs/2022_asassn_lc_data/pysynphot_data/grid/bosz/r2000/m-0.25/bosz2024_ms_t6500_g+1.0_m-0.25_a+0.00_c+0.00_v2_r2000_resam.txt.gz,6250,2.5,0.6,3.993734134292971,0.6007256464805246,/Users/shannonbowes/Research/ysg/candidates_and_lcs/2022_asassn_lc_data/pysynphot_data/grid/bosz/r2000/m-0.25/bosz2024_ms_t6250_g+2.5_m-0.25_a+0.00_c+0.00_v2_r2000_resam.txt.gz,1000,6430.0,6500.0,229.61925006410067,6500.0,6500.0,6500.0,3.8079161875729097,3.8129133566428557,0.016253618410086913,3.988557871543552,3.9885836316432783,0.006299468805573634,3.982135495599939,3.9885836316432783,3.9949439006471854,0.963,1.0,0.1721365736849668,1.0,1.0,1.0,0.8191000000000002,0.9,0.18973716030340496,0.85,0.9,0.9,26.67366143010378,1000,6468.0,6500.0,359.8277365629281,6000.0,6500.0,6750.0,3.810085061642808,3.8129133566428557,0.024509485504042815,3.9985560986372652,3.9987671443947983,0.00831259505757614,3.9901642336617154,3.9987671443947983,4.006600776287845,2.0925,2.0,0.3349533549615529,2.0,2.0,2.5,0.7284499999999999,0.8,0.247230858713066,0.4,0.8,0.95,16.464600075682714
397,72.569551,-69.969131,7500,2.0,0.6,3.9308506031804016,0.2279430818435927,/Users/shannonbowes/Research/ysg/candidates_and_lcs/2022_asassn_lc_data/pysynphot_data/grid/bosz/r2000/m-0.25/bosz2024_ap_t7500_g+2.0_m-0.25_a+0.00_c+0.00_v2_r2000_resam.txt.gz,8000,2.0,0.8,3.9377604171996805,0.0019596268034895344,/Users/shannonbowes/Research/ysg/candidates_and_lcs/2022_asassn_lc_data/pysynphot_data/grid/bosz/r2000/m-0.25/bosz2024_ap_t8000_g+2.0_m-0.25_a+0.00_c+0.00_v2_r2000_resam.txt.gz,1000,7857.5,7750.0,391.71896813914947,7500.0,7750.0,8250.0,3.8947394894673932,3.88930170250631,0.021812999666977678,3.931001069320618,3.930979332338116,0.0060403280267034044,3.925013582588669,3.930979332338116,3.9368734747655463,2.147,2.0,0.26998333281889836,2.0,2.0,2.5,0.7387999999999999,0.75,0.16425455853643758,0.6,0.75,0.9,5.4677578001197435,1000,7948.5,8000.0,547.1268134537002,7250.0,8000.0,8500.0,3.89923758306539,3.9030899869919438,0.030306478708057315,3.928658684840412,3.9279168556031374,0.011688272495670346,3.917243860611856,3.9279168556031374,3.9402923582227123,2.3675,2.5,0.25237620727794446,2.0,2.5,2.5,0.76735,0.85,0.21969633019238166,0.45,0.85,1.0,3.176253457924032
398,72.572915,-69.397163,12000,2.0,0.55,4.369754560405765,67.70763458334041,/Users/shannonbowes/Research/ysg/candidates_and_lcs/2022_asassn_lc_data/pysynphot_data/grid/bosz/r2000/m-0.25/bosz2024_ap_t12000_g+2.0_m-0.25_a+0.00_c+0.00_v2_r2000_resam.txt.gz,9750,2.0,0.55,4.187565145194255,0.0046422626785117965,/Users/shannonbowes/Research/ysg/candidates_and_lcs/2022_asassn_lc_data/pysynphot_data/grid/bosz/r2000/m-0.25/bosz2024_ap_t9750_g+2.0_m-0.25_a+0.00_c+0.00_v2_r2000_resam.txt.gz,1000,12000.0,12000.0,0.0,12000.0,12000.0,12000.0,4.079181246047625,4.079181246047625,0.0,4.373450439699094,4.372453115418015,0.009532025153712915,4.364279067100268,4.372453115418015,4.383644105360547,2.0,2.0,0.0,2.0,2.0,2.0,0.5412,0.55,0.029198630104852526,0.5,0.55,0.55,137.95156089358355,1000,9782.5,8750.0,1758.2501955068851,8250.0,8750.0,11750.0,3.984052944825624,3.942008053022313,0.07288136024112522,4.169478748628584,4.13376204775278,0.08527807275579817,4.103528962923019,4.13376204775278,4.247471190622722,2.572,2.5,0.35960533922621346,2.0,2.5,3.0,0.5678,0.45,0.2115376089493308,0.35,0.45,0.8,2.424222180583405
399,72.593866,-69.332047,12000,2.0,0.45,4.4013436418136775,33.461107162379456,/Users/shannonbowes/Research/ysg/candidates_and_lcs/2022_asassn_lc_data/pysynphot_data/grid/bosz/r2000/m-0.25/bosz2024_ap_t12000_g+2.0_m-0.25_a+0.00_c+0.00_v2_r2000_resam.txt.gz,11250,2.0,0.65,4.247584247566086,0.008801950648559969,/Users/shannonbowes/Research/ysg/candidates_and_lcs/2022_asassn_lc_data/pysynphot_data/grid/bosz/r2000/m-0.25/bosz2024_ap_t11250_g+2.0_m-0.25_a+0.00_c+0.00_v2_r2000_resam.txt.gz,1000,12000.0,12000.0,0.0,12000.0,12000.0,12000.0,4.079181246047625,4.079181246047625,0.0,4.37419489463982,4.374159721840832,0.009870603044594901,4.364157662879495,4.374159721840832,4.384420580151844,2.0,2.0,0.0,2.0,2.0,2.0,0.5319999999999999,0.55,0.03075711299845941,0.5,0.55,0.55,103.8436994001154,1000,11107.5,10500.0,2003.6700701462803,8750.0,10500.0,13500.0,4.038464730060961,4.021189299069938,0.0790658754928621,4.244449630418256,4.213975197481176,0.10489241170253082,4.129830718484834,4.213975197481176,4.380377285395645,2.686,3.0,0.39674172959243903,2.0,3.0,3.0,0.6667,0.7,0.20864110333297223,0.4,0.7,0.9,2.3293645875664497
400,72.654389,-69.99234,8500,2.0,0.35,3.969360776550041,0.23569070352259083,/Users/shannonbowes/Research/ysg/candidates_and_lcs/2022_asassn_lc_data/pysynphot_data/grid/bosz/r2000/m-0.25/bosz2024_ap_t8500_g+2.0_m-0.25_a+0.00_c+0.00_v2_r2000_resam.txt.gz,9250,2.5,0.5,4.002282841852157,0.06204391361868097,/Users/shannonbowes/Research/ysg/candidates_and_lcs/2022_asassn_lc_data/pysynphot_data/grid/bosz/r2000/m-0.25/bosz2024_ap_t9250_g+2.5_m-0.25_a+0.00_c+0.00_v2_r2000_resam.txt.gz,1000,8973.0,9000.0,263.43120544081336,8750.0,9000.0,9250.0,3.9527535699386336,3.9542425094393248,0.012594477400136386,3.9847250574267044,3.9837054275141304,0.009499921350310067,3.975484028411117,3.9837054275141304,3.9945681913817386,2.249,2.0,0.25099601590463544,2.0,2.0,2.5,0.41764999999999997,0.4,0.060876740221532895,0.35,0.4,0.5,8.911817631419941,1000,8625.75,8500.0,417.13239804647156,8500.0,8500.0,8750.0,3.935361291218237,3.929418925714293,0.018765754244669978,3.9661970443383643,3.9621098557925665,0.025385067989299695,3.9455934066283884,3.9621098557925665,3.9857276665194328,2.3715,2.5,0.22745933702532417,2.0,2.5,2.5,0.3676999999999999,0.35,0.05202605116669918,0.35,0.35,0.4,6.362726876324152
401,72.662716,-69.983589,5000,0.5,0.45,4.173942007022299,2.9438108158076832,/Users/shannonbowes/Research/ysg/candidates_and_lcs/2022_asassn_lc_data/pysynphot_data/grid/bosz/r2000/m-0.25/bosz2024_ms_t5000_g+0.5_m-0.25_a+0.00_c+0.00_v2_r2000_resam.txt.gz,5250,2.0,0.35,4.215720282348523,0.06522718620135066,/Users/shannonbowes/Research/ysg/candidates_and_lcs/2022_asassn_lc_data/pysynphot_data/grid/bosz/r2000/m-0.25/bosz2024_ms_t5250_g+2.0_m-0.25_a+0.00_c+0.00_v2_r2000_resam.txt.gz,1000,5002.5,5000.0,24.8746859276655,5000.0,5000.0,5000.0,3.6991818973267176,3.6989700043360187,0.0021083086375683568,4.17542191885764,4.1754397211511645,0.013485907747155804,4.161505084782532,4.1754397211511645,4.189036368793479,0.296,0.5,0.26904274753280377,0.0,0.5,0.5,0.36599999999999994,0.35,0.04205948168962619,0.35,0.35,0.4,20.653755964772994,1000,5353.0,5250.0,165.12419568312816,5250.0,5250.0,5500.0,3.7283944904026614,3.720159303405957,0.013211401395257706,4.225053705802097,4.224006593532985,0.019500097494189888,4.206597213493118,4.224006593532985,4.245047508131093,2.449,2.5,0.2395808840454513,2.5,2.5,2.5,0.39875,0.35,0.08726933883100067,0.35,0.35,0.45,5.51987027497661
402,72.667214,-69.712425,7500,2.0,0.35,3.9614081933621126,0.2571337809279763,/Users/shannonbowes/Research/ysg/candidates_and_lcs/2022_asassn_lc_data/pysynphot_data/grid/bosz/r2000/m-0.25/bosz2024_ms_t7500_g+2.0_m-0.25_a+0.00_c+0.00_v2_r2000_resam.txt.gz,7750,2.0,0.55,3.9459624326371547,0.009250066799749743,/Users/shannonbowes/Research/ysg/candidates_and_lcs/2022_asassn_lc_data/pysynphot_data/grid/bosz/r2000/m-0.25/bosz2024_ap_t7750_g+2.0_m-0.25_a+0.00_c+0.00_v2_r2000_resam.txt.gz,1000,8114.25,8250.0,413.8350365785865,7500.0,8250.0,8500.0,3.908681893576871,3.916453948549925,0.022201128668668635,3.9584981230917955,3.9584396546875693,0.006913630636001469,3.9517840555164865,3.9584396546875693,3.965447666594483,2.164,2.0,0.23474241201793936,2.0,2.0,2.5,0.621,0.65,0.16158279611394277,0.4,0.65,0.8,5.684999254468858,1000,7883.5,7500.0,759.8866691816615,7460.000000000001,7500.0,8500.0,3.8949065411238357,3.8750612633917,0.0386546567906936,3.9519598563498803,3.9488763078086806,0.019893799702409225,3.9362151545483965,3.9488763078086806,3.964203827814409,2.3215,2.5,0.2557102852839518,2.0,2.5,2.5,0.5287999999999999,0.45,0.20356954585595557,0.35,0.45,0.75,3.218519675556986
403,72.732719,-69.431274,6750,2.5,0.4,5.023234446188128,5.148690245128119,/Users/shannonbowes/Research/ysg/candidates_and_lcs/2022_asassn_lc_data/pysynphot_data/grid/bosz/r2000/m-0.25/bosz2024_ms_t6750_g+2.5_m-0.25_a+0.00_c+0.00_v2_r2000_resam.txt.gz,6750,2.5,0.6,4.966417050830665,0.04456938328977343,/Users/shannonbowes/Research/ysg/candidates_and_lcs/2022_asassn_lc_data/pysynphot_data/grid/bosz/r2000/m-0.25/bosz2024_ms_t6750_g+2.5_m-0.25_a+0.00_c+0.00_v2_r2000_resam.txt.gz,1000,6728.0,6750.0,70.8237248385031,6750.0,6750.0,6750.0,3.827861416206466,3.829303772831025,0.0046433213043977585,5.023229050314643,5.024133417763851,0.009630846689123423,5.014241128152833,5.024133417763851,5.0324102270382145,2.5,2.5,0.0,2.5,2.5,2.5,0.37115,0.35,0.025887786695660196,0.35,0.35,0.4,32.50400014049084,1000,6691.75,6500.0,421.21186771030085,6250.0,6500.0,7250.0,3.824692233055528,3.8129133566428557,0.027031412377177547,4.959452912667932,4.9583826813673335,0.021283390333258146,4.939358638328834,4.9583826813673335,4.982470847158082,2.2685,2.5,0.29352640426373916,2.0,2.5,2.5,0.6218499999999999,0.5,0.26335352190544176,0.35,0.5,0.95,11.83737702457331
404,72.782142,-70.277702,8750,2.5,0.65,4.345336098713169,0.3009719932363375,/Users/shannonbowes/Research/ysg/candidates_and_lcs/2022_asassn_lc_data/pysynphot_data/grid/bosz/r2000/m-0.25/bosz2024_ap_t8750_g+2.5_m-0.25_a+0.00_c+0.00_v2_r2000_resam.txt.gz,8000,2.5,0.4,4.349147971275,0.016793204377590198,/Users/shannonbowes/Research/ysg/candidates_and_lcs/2022_asassn_lc_data/pysynphot_data/grid/bosz/r2000/m-0.25/bosz2024_ap_t8000_g+2.5_m-0.25_a+0.00_c+0.00_v2_r2000_resam.txt.gz,1000,9175.75,9250.0,410.547728650397,8750.0,9250.0,9500.0,3.9622125151719594,3.9661417327390325,0.019247530361106973,4.357324326060381,4.356890401460797,0.009664233193907527,4.347441901139099,4.356890401460797,4.366370404343749,2.3275,2.5,0.2765750350266632,2.0,2.5,2.5,0.7472,0.75,0.08784736763272989,0.65,0.75,0.85,5.336667783678957,1000,9463.75,9500.0,1373.3620926398107,8000.0,9500.0,11000.0,3.971468105719795,3.9777236052888476,0.06324925359002433,4.365275713391271,4.353193568915875,0.04759549938952005,4.3191738906048505,4.353193568915875,4.415609730393438,2.5845,2.5,0.3627805810679508,2.0,2.5,3.0,0.7557999999999999,0.85,0.23842474703771838,0.45,0.85,1.0,2.5926718106860442
405,72.806542,-69.194733,9000,2.0,0.7,4.185522955076609,0.21873794922292206,/Users/shannonbowes/Research/ysg/candidates_and_lcs/2022_asassn_lc_data/pysynphot_data/grid/bosz/r2000/m-0.25/bosz2024_ap_t9000_g+2.0_m-0.25_a+0.00_c+0.00_v2_r2000_resam.txt.gz,8000,2.0,0.45,4.162066626228605,0.020934794030967523,/Users/shannonbowes/Research/ysg/candidates_and_lcs/2022_asassn_lc_data/pysynphot_data/grid/bosz/r2000/m-0.25/bosz2024_ap_t8000_g+2.0_m-0.25_a+0.00_c+0.00_v2_r2000_resam.txt.gz,1000,9309.5,9250.0,408.60708510744155,9000.0,9250.0,9750.0,3.9685147685793725,3.9661417327390325,0.018835159153222387,4.188345957534466,4.186887205412029,0.010525663628660312,4.178240767846126,4.186887205412029,4.198999362823129,2.2755,2.5,0.2912898041470041,2.0,2.5,2.5,0.79225,0.8,0.08119382673578085,0.7,0.8,0.85,6.591150074021589,1000,9473.0,10000.0,1242.3348984875213,7750.0,10000.0,10750.0,3.9726130727344366,4.0,0.05855206799623673,4.184531805404929,4.181735679995253,0.0407197568188775,4.14157290524675,4.181735679995253,4.226001169062272,2.5295,2.5,0.3799733543289582,2.0,2.5,3.0,0.8090499999999999,0.95,0.23664445376978518,0.45,0.95,1.0,2.2663959171406494
406,72.810664,-68.962128,8750,2.0,0.55,3.926694489849271,0.1868081247255325,/Users/shannonbowes/Research/ysg/candidates_and_lcs/2022_asassn_lc_data/pysynphot_data/grid/bosz/r2000/m-0.25/bosz2024_ap_t8750_g+2.0_m-0.25_a+0.00_c+0.00_v2_r2000_resam.txt.gz,10250,2.0,0.75,3.9837832051721698,0.020206909629456045,/Users/shannonbowes/Research/ysg/candidates_and_lcs/2022_asassn_lc_data/pysynphot_data/grid/bosz/r2000/m-0.25/bosz2024_ap_t10250_g+2.0_m-0.25_a+0.00_c+0.00_v2_r2000_resam.txt.gz,1000,9238.75,9250.0,382.3426964125247,9000.0,9250.0,9500.0,3.9652452138128726,3.9661417327390325,0.017835191104115647,3.931778729920173,3.9312542632254983,0.0106310728898687,3.9213571002022323,3.9312542632254983,3.9421008124018777,2.2605,2.0,0.2754809430795532,2.0,2.0,2.5,0.6491,0.65,0.07977587354582837,0.6,0.65,0.75,6.617190766846271,1000,10675.25,11250.0,1510.9103009444339,8500.0,11250.0,12000.0,4.023649708193937,4.051152522447381,0.06546103654517409,3.9809024156168835,3.9901827991275347,0.06575762305482774,3.8978525876693872,3.9901827991275347,4.042310482157508,2.5495,2.5,0.4447468381000589,2.0,2.5,3.0,0.83495,0.95,0.20633951996648628,0.55,0.95,1.0,2.2594160282432996
407,72.937831,-69.504936,9000,2.5,0.85,4.33811141461609,0.39108978854348375,/Users/shannonbowes/Research/ysg/candidates_and_lcs/2022_asassn_lc_data/pysynphot_data/grid/bosz/r2000/m-0.25/bosz2024_ap_t9000_g+2.5_m-0.25_a+0.00_c+0.00_v2_r2000_resam.txt.gz,7750,2.0,0.6,4.292792215284173,0.013553227431552694,/Users/shannonbowes/Research/ysg/candidates_and_lcs/2022_asassn_lc_data/pysynphot_data/grid/bosz/r2000/m-0.25/bosz2024_ap_t7750_g+2.0_m-0.25_a+0.00_c+0.00_v2_r2000_resam.txt.gz,1000,8794.0,8750.0,350.26989593740427,8500.0,8750.0,9000.0,3.943840636674581,3.942008053022313,0.01735436681218874,4.333690717721333,4.33327458513001,0.00722963481484172,4.32638458150641,4.33327458513001,4.3406992351849665,2.1035,2.0,0.2025777628467646,2.0,2.0,2.5,0.79215,0.8,0.09568634960118398,0.7,0.8,0.9,10.075484733334557,1000,7609.75,7500.0,505.8581199308755,7250.0,7500.0,7750.0,3.8805191157476386,3.8750612633917,0.026410483904893974,4.3023985299561245,4.301146076712923,0.013683651822540752,4.290716815547223,4.301146076712923,4.312475345308669,2.268,2.5,0.2503517525403008,2.0,2.5,2.5,0.45635,0.4,0.1502736753393621,0.35,0.4,0.55,3.5911825786616074
408,72.937915,-69.77256,14000,3.0,0.5,4.515376377380532,1.6636903759332644,/Users/shannonbowes/Research/ysg/candidates_and_lcs/2022_asassn_lc_data/pysynphot_data/grid/bosz/r2000/m-0.25/bosz2024_ap_t14000_g+3.0_m-0.25_a+0.00_c+0.00_v2_r2000_resam.txt.gz,10750,3.0,0.45,4.2620090694417465,0.003764546871422568,/Users/shannonbowes/Research/ysg/candidates_and_lcs/2022_asassn_lc_data/pysynphot_data/grid/bosz/r2000/m-0.25/bosz2024_ap_t10750_g+3.0_m-0.25_a+0.00_c+0.00_v2_r2000_resam.txt.gz,1000,12595.25,12000.0,915.4179032005,12000.0,12000.0,14000.0,4.099103762572414,4.079181246047625,0.03064500971223741,4.44623019095672,4.412447145721194,0.06875758740639078,4.39100601352051,4.412447145721194,4.5444101571317415,2.298,2.0,0.45737949232557423,2.0,2.0,3.0,0.38604999999999995,0.35,0.04144752706736556,0.35,0.35,0.45,15.137041988536897,1000,11615.75,11750.0,1421.017043353105,10250.0,11750.0,13500.0,4.061775550673506,4.0700378666077555,0.05345744729036786,4.31273548960836,4.314548451926635,0.09794771716632154,4.213677591226939,4.314548451926635,4.409201440664663,2.3965,2.0,0.4637216298599841,2.0,2.0,3.0,0.47579999999999995,0.45,0.14095871736079327,0.35,0.45,0.65,2.798696144869277
409,72.941734,-68.886284,6750,1.5,0.85,4.047635558718326,0.09998938280591162,/Users/shannonbowes/Research/ysg/candidates_and_lcs/2022_asassn_lc_data/pysynphot_data/grid/bosz/r2000/m-0.25/bosz2024_ms_t6750_g+1.5_m-0.25_a+0.00_c+0.00_v2_r2000_resam.txt.gz,6250,2.0,0.45,4.055774883790504,0.01785867566059118,/Users/shannonbowes/Research/ysg/candidates_and_lcs/2022_asassn_lc_data/pysynphot_data/grid/bosz/r2000/m-0.25/bosz2024_ms_t6250_g+2.0_m-0.25_a+0.00_c+0.00_v2_r2000_resam.txt.gz,1000,6804.5,7000.0,254.7641065770451,6500.0,7000.0,7000.0,3.8324852845628206,3.845098040014257,0.016521552893948008,4.044456414679523,4.04442375662663,0.00619329346253312,4.038246942508399,4.04442375662663,4.050644803967127,1.494,1.5,0.3660109287985811,1.0,1.5,2.0,0.8482999999999999,0.95,0.1618706582429317,0.65,0.95,1.0,4.506652670442554,1000,6528.75,6500.0,351.5834715967177,6250.0,6500.0,7000.0,3.814205909194984,3.8129133566428557,0.023232691775899823,4.043877659625047,4.043839759135281,0.008874012151828727,4.034984564221088,4.043839759135281,4.052660606345618,2.013,2.0,0.49023565761784405,1.5,2.0,2.5,0.64395,0.6,0.23042547059732785,0.4,0.6,0.95,1.7891836831905001
410,72.976371,-69.024078,7750,2.0,0.45,4.189851828784306,0.4590626753711847,/Users/shannonbowes/Research/ysg/candidates_and_lcs/2022_asassn_lc_data/pysynphot_data/grid/bosz/r2000/m-0.25/bosz2024_ap_t7750_g+2.0_m-0.25_a+0.00_c+0.00_v2_r2000_resam.txt.gz,7500,2.0,0.45,4.150324549409078,0.02848122161357269,/Users/shannonbowes/Research/ysg/candidates_and_lcs/2022_asassn_lc_data/pysynphot_data/grid/bosz/r2000/m-0.25/bosz2024_ms_t7500_g+2.0_m-0.25_a+0.00_c+0.00_v2_r2000_resam.txt.gz,1000,8651.0,8750.0,315.35535511546334,8250.0,8750.0,9000.0,3.936777595370646,3.942008053022313,0.015841596384944288,4.186853862696019,4.186479388090488,0.006903654826686126,4.180136291717723,4.186479388090488,4.193698940986816,2.088,2.0,0.19041008376659047,2.0,2.0,2.5,0.75585,0.75,0.09032318362413938,0.65,0.75,0.85,7.861937848871445,1000,9239.0,9500.0,1101.5348383051714,7500.0,9500.0,10250.0,3.962327016264419,3.9777236052888476,0.05442251282041322,4.1953471919388745,4.195226147962172,0.03326750630811236,4.159251613251213,4.195226147962172,4.22888289851151,2.105,2.0,0.215580611373101,2.0,2.0,2.5,0.8422999999999999,1.0,0.24941072551115362,0.4,1.0,1.0,3.0485358031671312
411,73.033181,-66.818192,5500,2.5,0.3,4.2219549144921125,91.99227340002182,/Users/shannonbowes/Research/ysg/candidates_and_lcs/2022_asassn_lc_data/pysynphot_data/grid/bosz/r2000/m-0.25/bosz2024_ms_t5500_g+2.5_m-0.25_a+0.00_c+0.00_v2_r2000_resam.txt.gz,5000,2.5,0.2,4.143324355008009,4.258741632995363,/Users/shannonbowes/Research/ysg/candidates_and_lcs/2022_asassn_lc_data/pysynphot_data/grid/bosz/r2000/m-0.25/bosz2024_ms_t5000_g+2.5_m-0.25_a+0.00_c+0.00_v2_r2000_resam.txt.gz,1000,5310.25,5250.0,107.50552311393122,5250.0,5250.0,5500.0,3.725027421222341,3.720159303405957,0.008684273787398928,4.225078083704109,4.225404733540122,0.008107353070753609,4.2167441844191895,4.225404733540122,4.233058430770752,2.5,2.5,0.0,2.5,2.5,2.5,0.20314999999999997,0.15,0.07653481234052906,0.15,0.15,0.3,181.5507152990122,1000,4961.5,5000.0,90.9271686571181,5000.0,5000.0,5000.0,3.6955383524548595,3.6989700043360187,0.008098740937164825,4.145755003307593,4.147790586008331,0.013210613198460924,4.133386734681623,4.147790586008331,4.157825654220265,2.5,2.5,0.0,2.5,2.5,2.5,0.21905,0.2,0.05342843344138025,0.15,0.2,0.3,43.28999946019515
412,73.039665,-70.505318,9000,2.0,0.65,4.245660510802662,0.4679055668535989,/Users/shannonbowes/Research/ysg/candidates_and_lcs/2022_asassn_lc_data/pysynphot_data/grid/bosz/r2000/m-0.25/bosz2024_ap_t9000_g+2.0_m-0.25_a+0.00_c+0.00_v2_r2000_resam.txt.gz,8500,2.5,0.55,4.230852752410969,0.09429454722597527,/Users/shannonbowes/Research/ysg/candidates_and_lcs/2022_asassn_lc_data/pysynphot_data/grid/bosz/r2000/m-0.25/bosz2024_ap_t8500_g+2.5_m-0.25_a+0.00_c+0.00_v2_r2000_resam.txt.gz,1000,9076.5,9000.0,372.85754652413834,8750.0,9000.0,9500.0,3.957556266856234,3.9542425094393248,0.0176888733162865,4.250616334182956,4.250376848777844,0.009419799027827509,4.241386794009188,4.250376848777844,4.259454095479343,2.341,2.5,0.2543992924518462,2.0,2.5,2.5,0.6484500000000001,0.65,0.08461735933010435,0.55,0.65,0.7,12.508059372529148,1000,8030.75,8000.0,489.2514052100413,7750.0,8000.0,8250.0,3.904041115288917,3.9030899869919438,0.024214632662736272,4.21398472176771,4.2126692421347816,0.015850433994745956,4.200959783576732,4.2126692421347816,4.224973364724707,2.446,2.5,0.1912694434560837,2.5,2.5,2.5,0.42229999999999995,0.4,0.1273684026750748,0.3,0.4,0.55,6.9809681098578045
413,73.073257,-66.912819,9250,2.5,1.0,3.933845450184895,0.18027613687775026,/Users/shannonbowes/Research/ysg/candidates_and_lcs/2022_asassn_lc_data/pysynphot_data/grid/bosz/r2000/m-0.25/bosz2024_ap_t9250_g+2.5_m-0.25_a+0.00_c+0.00_v2_r2000_resam.txt.gz,8250,2.5,0.7,3.954043605486015,0.016337196065627696,/Users/shannonbowes/Research/ysg/candidates_and_lcs/2022_asassn_lc_data/pysynphot_data/grid/bosz/r2000/m-0.25/bosz2024_ap_t8250_g+2.5_m-0.25_a+0.00_c+0.00_v2_r2000_resam.txt.gz,1000,8358.75,9000.0,996.4240751306644,7000.0,9000.0,9250.0,3.918898848839113,3.9542425094393248,0.053708893060694346,3.9419473173443067,3.941568342292559,0.009657926324739776,3.932073150334161,3.941568342292559,3.9515741236511035,2.317,2.5,0.24189047108143794,2.0,2.5,2.5,0.68345,0.95,0.3757507119088399,0.15,0.95,1.0,4.678254554020108,1000,8020.25,8000.0,898.4166280184266,7000.0,8000.0,9250.0,3.9015494850646415,3.9030899869919438,0.04750880625205776,3.938243132675895,3.9343568117373207,0.01924885632068085,3.9214973091557,3.9343568117373207,3.9536797662107452,2.3245,2.5,0.2836366513693179,2.0,2.5,2.5,0.59125,0.625,0.29816260245040793,0.2,0.625,0.95,2.416650043191629
414,73.080188,-69.078506,8500,2.0,1.0,4.675330137320604,0.12138616331585292,/Users/shannonbowes/Research/ysg/candidates_and_lcs/2022_asassn_lc_data/pysynphot_data/grid/bosz/r2000/m-0.25/bosz2024_ap_t8500_g+2.0_m-0.25_a+0.00_c+0.00_v2_r2000_resam.txt.gz,7000,2.5,0.45,4.645764519675645,0.009164405936667836,/Users/shannonbowes/Research/ysg/candidates_and_lcs/2022_asassn_lc_data/pysynphot_data/grid/bosz/r2000/m-0.25/bosz2024_ms_t7000_g+2.5_m-0.25_a+0.00_c+0.00_v2_r2000_resam.txt.gz,1000,7754.0,8000.0,630.7606519116423,7000.0,8000.0,8500.0,3.888068861406946,3.9030899869919438,0.035691332074040606,4.676584479481463,4.6764413344085405,0.010072787389060877,4.666797267479011,4.6764413344085405,4.686789854098293,2.274,2.5,0.2782516846310189,2.0,2.5,2.5,0.72205,0.85,0.27707633875883375,0.4,0.85,1.0,4.952310189838508,1000,7836.75,8000.0,570.3393178626211,7000.0,8000.0,8250.0,3.8929600812548597,3.9030899869919438,0.032141699206295886,4.670635928222927,4.669833020385518,0.016940054638284463,4.652916628568909,4.669833020385518,4.686916160329459,2.2615,2.5,0.3299511327454416,2.0,2.5,2.5,0.7890499999999999,0.9,0.2395153387572495,0.45,0.9,1.0,2.729663867572056
415,73.222376,-67.095154,9500,2.5,0.85,4.244018455033504,0.3372686053757306,/Users/shannonbowes/Research/ysg/candidates_and_lcs/2022_asassn_lc_data/pysynphot_data/grid/bosz/r2000/m-0.25/bosz2024_ap_t9500_g+2.5_m-0.25_a+0.00_c+0.00_v2_r2000_resam.txt.gz,7000,1.5,0.15,4.181832051967692,0.00304405091392858,/Users/shannonbowes/Research/ysg/candidates_and_lcs/2022_asassn_lc_data/pysynphot_data/grid/bosz/r2000/m-0.25/bosz2024_ms_t7000_g+1.5_m-0.25_a+0.00_c+0.00_v2_r2000_resam.txt.gz,1000,9311.5,9250.0,363.273657178717,9000.0,9250.0,9750.0,3.968691881597819,3.9661417327390325,0.016840120637638553,4.245997897119814,4.24524464801188,0.009368597655001452,4.236919601260402,4.24524464801188,4.255757550543145,2.1665,2.0,0.24398309367659066,2.0,2.0,2.5,0.8129500000000001,0.8,0.07165750135191709,0.75,0.8,0.9,10.18845461036745,1000,8470.5,8250.0,1317.385573778611,7000.0,8250.0,10000.0,3.922762620799077,3.916453948549925,0.06651278272225412,4.211732741736321,4.199712264859338,0.03306792582544252,4.183151818490679,4.199712264859338,4.247863360099031,2.2135,2.0,0.3544964738893745,2.0,2.0,2.5,0.60125,0.65,0.3523576840371159,0.15,0.65,1.0,1.6109937302377069
416,73.245894,-69.880737,4750,0.0,0.35,3.9784190102107755,2.645603952439884,/Users/shannonbowes/Research/ysg/candidates_and_lcs/2022_asassn_lc_data/pysynphot_data/grid/bosz/r2000/m-0.25/bosz2024_ms_t4750_g+0.0_m-0.25_a+0.00_c+0.00_v2_r2000_resam.txt.gz,5250,1.0,0.8,4.005716309482849,0.0290804039912543,/Users/shannonbowes/Research/ysg/candidates_and_lcs/2022_asassn_lc_data/pysynphot_data/grid/bosz/r2000/m-0.25/bosz2024_ms_t5250_g+1.0_m-0.25_a+0.00_c+0.00_v2_r2000_resam.txt.gz,1000,4775.0,4750.0,75.0,4750.0,4750.0,4750.0,3.67892124909598,3.6766936096248664,0.006682918413345718,3.9874325278350526,3.9882764379145246,0.008358356945048653,3.9797863608756243,3.9882764379145246,3.9953954832110843,0.029,0.0,0.11687172455303292,0.0,0.0,0.0,0.38244999999999996,0.35,0.09123868422988136,0.35,0.35,0.35,24.001620488364647,1000,5123.25,5000.0,190.05772149533942,5000.0,5000.0,5250.0,3.7092523118473375,3.6989700043360187,0.01588500567927301,4.003948787491744,4.004163456858494,0.00854475227549183,3.995464230595205,4.004163456858494,4.012482980459996,1.8485,2.0,0.7364086840878508,1.0,2.0,2.5,0.62605,0.55,0.18521311373658184,0.45,0.55,0.85,3.1539274939022617
417,73.291444,-66.960022,12000,2.0,0.6,4.205398432286171,13.07345851099004,/Users/shannonbowes/Research/ysg/candidates_and_lcs/2022_asassn_lc_data/pysynphot_data/grid/bosz/r2000/m-0.25/bosz2024_ap_t12000_g+2.0_m-0.25_a+0.00_c+0.00_v2_r2000_resam.txt.gz,7750,2.5,0.2,3.941320834057713,0.00640825465211952,/Users/shannonbowes/Research/ysg/candidates_and_lcs/2022_asassn_lc_data/pysynphot_data/grid/bosz/r2000/m-0.25/bosz2024_ap_t7750_g+2.5_m-0.25_a+0.00_c+0.00_v2_r2000_resam.txt.gz,1000,12000.0,12000.0,0.0,12000.0,12000.0,12000.0,4.079181246047625,4.079181246047625,0.0,4.189892298001269,4.189621666375643,0.010618183214552384,4.17946283528659,4.189621666375643,4.200491658768894,2.0,2.0,0.0,2.0,2.0,2.0,0.6313,0.65,0.03194229171490361,0.6,0.65,0.65,47.73529024396276,1000,9513.0,8500.0,1920.1122363028678,7750.0,8500.0,12000.0,3.969744514122274,3.929418925714293,0.085582402680423,4.010442810236698,3.981070597747335,0.08101612223739277,3.9337767923191156,3.981070597747335,4.101195853011697,2.127,2.0,0.26994629095433037,2.0,2.0,2.5,0.48145000000000004,0.45,0.3086638908262513,0.15,0.45,0.85,2.773460934612611
418,73.297462,-68.648354,10250,3.0,0.9,3.8428768012255383,2.3602481529392554,/Users/shannonbowes/Research/ysg/candidates_and_lcs/2022_asassn_lc_data/pysynphot_data/grid/bosz/r2000/m-0.25/bosz2024_ap_t10250_g+3.0_m-0.25_a+0.00_c+0.00_v2_r2000_resam.txt.gz,14000,3.0,0.7,4.1860891638554785,0.06678703248049125,/Users/shannonbowes/Research/ysg/candidates_and_lcs/2022_asassn_lc_data/pysynphot_data/grid/bosz/r2000/m-0.25/bosz2024_ap_t14000_g+3.0_m-0.25_a+0.00_c+0.00_v2_r2000_resam.txt.gz,1000,8941.75,8750.0,834.8918717414848,8250.0,8750.0,10250.0,3.9496229845980366,3.942008053022313,0.03904649615820736,3.818205960826679,3.8139287266202477,0.023312657438963155,3.7971027946241005,3.8139287266202477,3.8419594863342623,2.578,2.5,0.23434163095788169,2.5,2.5,3.0,0.5123999999999999,0.5,0.17507495537626164,0.35,0.5,0.75,20.862597622596542,1000,12605.75,12000.0,1206.0283734224497,11750.0,12000.0,14000.0,4.098480957587623,4.079181246047625,0.0431989575861286,4.088741433298839,4.0797439323501195,0.0756195660121897,4.018862395569071,4.0797439323501195,4.172658154996511,2.411,2.0,0.4889570533288175,2.0,2.0,3.0,0.6600499999999999,0.65,0.1317250830328074,0.55,0.65,0.8,6.433900775261189
419,73.355576,-68.916763,4750,0.0,0.85,4.242221538246004,2.7111437564935965,/Users/shannonbowes/Research/ysg/candidates_and_lcs/2022_asassn_lc_data/pysynphot_data/grid/bosz/r2000/m-0.25/bosz2024_ms_t4750_g+0.0_m-0.25_a+0.00_c+0.00_v2_r2000_resam.txt.gz,4750,2.0,0.8,4.239007132027546,0.020306233339516845,/Users/shannonbowes/Research/ysg/candidates_and_lcs/2022_asassn_lc_data/pysynphot_data/grid/bosz/r2000/m-0.25/bosz2024_ms_t4750_g+2.0_m-0.25_a+0.00_c+0.00_v2_r2000_resam.txt.gz,1000,4611.75,4500.0,124.29576621912751,4500.0,4500.0,4750.0,3.66370856362008,3.6532125137753435,0.011674403201124868,4.240567683823135,4.240543116635595,0.006990848936843007,4.233506085513876,4.240543116635595,4.247714366887245,0.0005,0.0,0.015803480629279113,0.0,0.0,0.0,0.6497999999999999,0.5,0.20180426160019516,0.45,0.5,0.9,20.427147331162015,1000,4801.25,4750.0,131.09514674464498,4750.0,4750.0,5000.0,3.6811928072769033,3.6766936096248664,0.011838561588417462,4.248840541510185,4.248574639081333,0.007345606513592292,4.241791135620067,4.248574639081333,4.2560288909199615,0.174,0.0,0.40770577626518856,0.0,0.0,0.5,0.81765,0.8,0.1391976203101188,0.75,0.8,1.0,9.357912773199098
420,73.394164,-67.078598,11250,2.5,0.55,4.576530375990147,0.032518120387400755,/Users/shannonbowes/Research/ysg/candidates_and_lcs/2022_asassn_lc_data/pysynphot_data/grid/bosz/r2000/m-0.25/bosz2024_ap_t11250_g+2.5_m-0.25_a+0.00_c+0.00_v2_r2000_resam.txt.gz,10000,2.0,0.4,4.521883792088048,0.003578519379113524,/Users/shannonbowes/Research/ysg/candidates_and_lcs/2022_asassn_lc_data/pysynphot_data/grid/bosz/r2000/m-0.25/bosz2024_ap_t10000_g+2.0_m-0.25_a+0.00_c+0.00_v2_r2000_resam.txt.gz,1000,10128.5,10000.0,1212.6366933257464,8750.0,10000.0,11500.0,4.0024951853942925,4.0,0.05125632820387619,4.529490822061445,4.523496074758604,0.05601048767474054,4.472641170414861,4.523496074758604,4.5867869903716105,2.143,2.0,0.3033990771245028,2.0,2.0,2.5,0.40545000000000003,0.4,0.1694780147983803,0.2,0.4,0.6,5.334951943381625,1000,9891.0,8750.0,1959.909181569391,8250.0,8750.0,12000.0,3.9873055065215257,3.942008053022313,0.08154774857952127,4.509681847808009,4.477230114219168,0.10031273952263763,4.416544117721553,4.477230114219168,4.61982925261245,2.219,2.0,0.3715360009474183,2.0,2.0,2.5,0.37115000000000004,0.25,0.23623119501877818,0.15,0.25,0.65,2.6768943087224866
421,73.404957,-69.718651,8000,2.0,0.7,4.211090057124406,0.1018564799055797,/Users/shannonbowes/Research/ysg/candidates_and_lcs/2022_asassn_lc_data/pysynphot_data/grid/bosz/r2000/m-0.25/bosz2024_ap_t8000_g+2.0_m-0.25_a+0.00_c+0.00_v2_r2000_resam.txt.gz,7750,2.0,0.75,4.183004831512196,0.0013115585073663085,/Users/shannonbowes/Research/ysg/candidates_and_lcs/2022_asassn_lc_data/pysynphot_data/grid/bosz/r2000/m-0.25/bosz2024_ms_t7750_g+2.0_m-0.25_a+0.00_c+0.00_v2_r2000_resam.txt.gz,1000,7934.0,8000.0,643.6373202355501,7000.0,8000.0,8500.0,3.898034680870818,3.9030899869919438,0.03575614208648076,4.202831244012019,4.202766638742212,0.008414181131262613,4.194479608344178,4.202766638742212,4.211123426191434,2.2135,2.0,0.30193997747896845,2.0,2.0,2.5,0.7048499999999999,0.75,0.270275743454717,0.3,0.75,1.0,2.707013765698355,1000,8055.0,8250.0,834.6256645946133,7000.0,8250.0,8750.0,3.9037627353169073,3.916453948549925,0.04462197081726673,4.19683605741055,4.193114277176516,0.03722765167903539,4.161099521018279,4.193114277176516,4.230394033826233,2.292,2.5,0.3282316255329459,2.0,2.5,2.5,0.76155,0.95,0.2841902487771176,0.35,0.95,1.0,0.8089298589539544
422,73.422152,-69.073898,6750,2.0,0.6,4.20019389280086,0.0418720671041588,/Users/shannonbowes/Research/ysg/candidates_and_lcs/2022_asassn_lc_data/pysynphot_data/grid/bosz/r2000/m-0.25/bosz2024_ms_t6750_g+2.0_m-0.25_a+0.00_c+0.00_v2_r2000_resam.txt.gz,6500,2.0,0.5,4.190094649681603,0.009971152278881516,/Users/shannonbowes/Research/ysg/candidates_and_lcs/2022_asassn_lc_data/pysynphot_data/grid/bosz/r2000/m-0.25/bosz2024_ms_t6500_g+2.0_m-0.25_a+0.00_c+0.00_v2_r2000_resam.txt.gz,1000,7024.75,7000.0,298.8727781180481,6750.0,7000.0,7250.0,3.8462351582798204,3.845098040014257,0.018572865038464847,4.206071482434137,4.2060788870885535,0.005896891178024459,4.200143676575515,4.2060788870885535,4.211935678556723,1.9465,2.0,0.44540739778319804,1.5,2.0,2.5,0.7546999999999998,0.75,0.16314996169169027,0.6,0.75,0.9,3.780818520476311,1000,6939.0,7000.0,412.9515710104515,6500.0,7000.0,7500.0,3.840521827283566,3.845098040014257,0.02599740320900544,4.20207579146342,4.201844041498985,0.009329836094527973,4.193341605449198,4.201844041498985,4.211833172146903,2.0595,2.0,0.46282799180689144,1.5,2.0,2.5,0.7141000000000002,0.75,0.24142533007122513,0.4,0.75,1.0,1.59649589104572
423,73.512351,-69.834541,8000,2.0,0.35,4.200533085598287,0.1333695096789852,/Users/shannonbowes/Research/ysg/candidates_and_lcs/2022_asassn_lc_data/pysynphot_data/grid/bosz/r2000/m-0.25/bosz2024_ap_t8000_g+2.0_m-0.25_a+0.00_c+0.00_v2_r2000_resam.txt.gz,11000,2.5,0.9,4.281833505398965,0.0009184450903344459,/Users/shannonbowes/Research/ysg/candidates_and_lcs/2022_asassn_lc_data/pysynphot_data/grid/bosz/r2000/m-0.25/bosz2024_ap_t11000_g+2.5_m-0.25_a+0.00_c+0.00_v2_r2000_resam.txt.gz,1000,9043.5,9000.0,885.0749968223032,8210.0,9000.0,10250.0,3.9543266482250243,3.9542425094393248,0.0414497769530091,4.1997484512562675,4.197291752914724,0.023798327814605353,4.178228766434561,4.197291752914724,4.2212798045006705,2.3175,2.5,0.3441565777375176,2.0,2.5,2.5,0.6307999999999999,0.65,0.2019191917574949,0.35,0.65,0.85,4.93384939963575,1000,11240.75,11750.0,1665.3383852839038,9750.0,11750.0,12500.0,4.045527317930179,4.0700378666077555,0.06951275259774446,4.306237005101022,4.315135883608085,0.10300434356981492,4.191521987601643,4.315135883608085,4.395515658272673,2.2765,2.0,0.42813286489126245,2.0,2.0,3.0,0.85585,0.95,0.21539098750876276,0.7,0.95,1.0,3.028354428725771
424,73.523972,-69.765968,12000,3.0,0.7,4.0150186376085095,0.2611412850779004,/Users/shannonbowes/Research/ysg/candidates_and_lcs/2022_asassn_lc_data/pysynphot_data/grid/bosz/r2000/m-0.25/bosz2024_ap_t12000_g+3.0_m-0.25_a+0.00_c+0.00_v2_r2000_resam.txt.gz,12000,3.0,0.75,3.9991064290735334,0.06629034763880755,/Users/shannonbowes/Research/ysg/candidates_and_lcs/2022_asassn_lc_data/pysynphot_data/grid/bosz/r2000/m-0.25/bosz2024_ap_t12000_g+3.0_m-0.25_a+0.00_c+0.00_v2_r2000_resam.txt.gz,1000,10418.75,10500.0,565.3193234801018,9750.0,10500.0,11000.0,4.0171749911561765,4.021189299069938,0.023608830120635933,3.947577721950096,3.9469911135966296,0.020198844961716454,3.9275681046366864,3.9469911135966296,3.9665051873107267,2.628,2.5,0.35583142075988733,2.5,2.5,3.0,0.54015,0.55,0.08297877740723829,0.45,0.55,0.6,10.187946456665316,1000,8739.75,8500.0,681.4194284726551,8500.0,8500.0,8750.0,3.940383025614862,3.929418925714293,0.029908358569495433,3.8661712001297737,3.8597133900746297,0.03374423822000179,3.8406087649924006,3.8597133900746297,3.8870278212666207,2.509,2.5,0.16857935816700692,2.5,2.5,2.5,0.3442499999999999,0.3,0.09175749288205297,0.3,0.3,0.35,4.971468709955057
425,73.566326,-66.301208,8750,2.0,0.5,3.871490154354187,0.8942532776040119,/Users/shannonbowes/Research/ysg/candidates_and_lcs/2022_asassn_lc_data/pysynphot_data/grid/bosz/r2000/m-0.25/bosz2024_ap_t8750_g+2.0_m-0.25_a+0.00_c+0.00_v2_r2000_resam.txt.gz,8000,2.5,0.25,3.8774090759964657,0.028382829728518907,/Users/shannonbowes/Research/ysg/candidates_and_lcs/2022_asassn_lc_data/pysynphot_data/grid/bosz/r2000/m-0.25/bosz2024_ap_t8000_g+2.5_m-0.25_a+0.00_c+0.00_v2_r2000_resam.txt.gz,1000,8688.75,8750.0,547.2073989814099,8250.0,8750.0,9250.0,3.9381032090340677,3.942008053022313,0.027192656627229674,3.8901895030430094,3.8888351643621584,0.01522026829055392,3.875386902015435,3.8888351643621584,3.9061268506341293,2.1965,2.0,0.25325431881806076,2.0,2.0,2.5,0.44615,0.45,0.13895206907419552,0.3,0.45,0.55,10.966478483223696,1000,8114.0,7750.0,984.6339421328111,7500.0,7750.0,8500.0,3.9064835261244806,3.88930170250631,0.04715655182764914,3.8320271176083014,3.827928599723305,0.038867378293465954,3.800118489735233,3.827928599723305,3.859106505095501,2.464,2.5,0.24331872102244823,2.5,2.5,2.5,0.39829999999999993,0.35,0.23896047790377387,0.15,0.35,0.6,4.052035304441965
426,73.573663,-67.093658,10000,2.0,0.2,4.185505111704815,0.31182344202514645,/Users/shannonbowes/Research/ysg/candidates_and_lcs/2022_asassn_lc_data/pysynphot_data/grid/bosz/r2000/m-0.25/bosz2024_ap_t10000_g+2.0_m-0.25_a+0.00_c+0.00_v2_r2000_resam.txt.gz,11500,3.0,0.4,4.232880783196199,0.021749864079962995,/Users/shannonbowes/Research/ysg/candidates_and_lcs/2022_asassn_lc_data/pysynphot_data/grid/bosz/r2000/m-0.25/bosz2024_ap_t11500_g+3.0_m-0.25_a+0.00_c+0.00_v2_r2000_resam.txt.gz,1000,10845.75,10750.0,625.31547038275,10250.0,10750.0,11500.0,4.03454148438856,4.031408464251625,0.02494571118714675,4.2089964929070645,4.206591392125049,0.02469325030770587,4.183398409473134,4.206591392125049,4.2382299749355195,2.426,2.5,0.4141545605205863,2.0,2.5,3.0,0.33309999999999995,0.35,0.08157444452768281,0.25,0.35,0.4,5.798233256661759,1000,11455.25,11750.0,1490.6156236602378,9500.0,11750.0,13079.999999999984,4.055239270322549,4.0700378666077555,0.05759139626122823,4.235199226014462,4.245150344276652,0.0796068046962584,4.14007810208894,4.245150344276652,4.318382217704423,2.3935,2.0,0.44989748832372906,2.0,2.0,3.0,0.3905,0.4,0.14252982144098827,0.2,0.4,0.55,3.052860032907189
427,73.59903,-70.901611,6500,1.0,0.65,4.331332098377569,1.0347139783830963,/Users/shannonbowes/Research/ysg/candidates_and_lcs/2022_asassn_lc_data/pysynphot_data/grid/bosz/r2000/m-0.25/bosz2024_ms_t6500_g+1.0_m-0.25_a+0.00_c+0.00_v2_r2000_resam.txt.gz,6000,1.5,0.3,4.326179687999736,0.06424808698277469,/Users/shannonbowes/Research/ysg/candidates_and_lcs/2022_asassn_lc_data/pysynphot_data/grid/bosz/r2000/m-0.25/bosz2024_ms_t6000_g+1.5_m-0.25_a+0.00_c+0.00_v2_r2000_resam.txt.gz,1000,6436.0,6500.0,304.59645434574577,6000.0,6500.0,6750.0,3.808134589600913,3.8129133566428557,0.020400281883586807,4.323019771337504,4.322970527010498,0.006577490646448864,4.316549477111726,4.322970527010498,4.329526394852182,1.2175,1.0,0.3097478813486866,1.0,1.0,1.5,0.6237999999999999,0.65,0.20809507442512903,0.35,0.65,0.85,13.016576052936816,1000,6042.25,6000.0,118.43748350923369,6000.0,6000.0,6000.0,3.7811186975032243,3.7781512503836434,0.00824956423813197,4.318506944421548,4.318086292582531,0.008313920088998741,4.3105280840036215,4.318086292582531,4.326370232833029,2.093,2.5,0.4983482717939333,1.5,2.5,2.5,0.33479999999999993,0.3,0.07422236859599672,0.3,0.3,0.4,6.711284335938437
428,73.645546,-66.646965,6750,2.5,0.3,4.010831243983317,0.7475204694773847,/Users/shannonbowes/Research/ysg/candidates_and_lcs/2022_asassn_lc_data/pysynphot_data/grid/bosz/r2000/m-0.25/bosz2024_ms_t6750_g+2.5_m-0.25_a+0.00_c+0.00_v2_r2000_resam.txt.gz,6750,2.5,0.15,4.052467000818078,0.007757081316455217,/Users/shannonbowes/Research/ysg/candidates_and_lcs/2022_asassn_lc_data/pysynphot_data/grid/bosz/r2000/m-0.25/bosz2024_ms_t6750_g+2.5_m-0.25_a+0.00_c+0.00_v2_r2000_resam.txt.gz,1000,6542.5,6500.0,108.13764376941084,6500.0,6500.0,6500.0,3.8156859691936242,3.8129133566428557,0.0070363021674088085,4.007804307199223,4.008159634889898,0.009417321936257965,3.998241210025286,4.008159634889898,4.016805964421674,2.447,2.5,0.1780196618354276,2.5,2.5,2.5,0.1929,0.15,0.06503529810802745,0.15,0.15,0.25,9.75171928680176,1000,7183.75,7000.0,722.0099981994709,6750.0,7000.0,8000.0,3.854334657380806,3.845098040014257,0.04100299642998418,4.050587796840791,4.049467308237743,0.02687561354412029,4.024960912831156,4.049467308237743,4.075550301856338,2.132,2.5,0.4331004502422042,1.5,2.5,2.5,0.37270000000000003,0.2,0.3098059231196202,0.15,0.2,0.85,2.0003923143139923
429,73.672778,-69.4366,12000,2.0,0.85,4.429773530437323,12.081875371212554,/Users/shannonbowes/Research/ysg/candidates_and_lcs/2022_asassn_lc_data/pysynphot_data/grid/bosz/r2000/m-0.25/bosz2024_ap_t12000_g+2.0_m-0.25_a+0.00_c+0.00_v2_r2000_resam.txt.gz,10250,2.0,0.8,4.301191800373421,0.006944514357308823,/Users/shannonbowes/Research/ysg/candidates_and_lcs/2022_asassn_lc_data/pysynphot_data/grid/bosz/r2000/m-0.25/bosz2024_ap_t10250_g+2.0_m-0.25_a+0.00_c+0.00_v2_r2000_resam.txt.gz,1000,12000.0,12000.0,0.0,12000.0,12000.0,12000.0,4.079181246047625,4.079181246047625,0.0,4.433566640342326,4.433192061601737,0.00788726830391814,4.425727923398402,4.433192061601737,4.441612581850836,2.0,2.0,0.0,2.0,2.0,2.0,0.8748499999999999,0.85,0.031224629701567332,0.85,0.85,0.9,45.05710690838859,1000,8944.25,8500.0,1210.249741788859,7750.0,8500.0,10500.0,3.947798355638652,3.929418925714293,0.05619889048321709,4.245993804595223,4.231047703027549,0.03854598135683856,4.215002081046716,4.231047703027549,4.286207414490784,2.573,2.5,0.30194535929535327,2.5,2.5,3.0,0.64435,0.6,0.22542310773299173,0.4,0.6,0.95,4.429037698612385
430,73.678207,-69.285744,9500,2.5,0.4,3.9529014208760307,0.5412951176579044,/Users/shannonbowes/Research/ysg/candidates_and_lcs/2022_asassn_lc_data/pysynphot_data/grid/bosz/r2000/m-0.25/bosz2024_ap_t9500_g+2.5_m-0.25_a+0.00_c+0.00_v2_r2000_resam.txt.gz,10500,3.0,0.7,3.948142657148846,0.03742772962021335,/Users/shannonbowes/Research/ysg/candidates_and_lcs/2022_asassn_lc_data/pysynphot_data/grid/bosz/r2000/m-0.25/bosz2024_ap_t10500_g+3.0_m-0.25_a+0.00_c+0.00_v2_r2000_resam.txt.gz,1000,9920.5,10000.0,499.05385480927805,9250.0,10000.0,10500.0,3.995984278035717,4.0,0.021844584279994122,3.961640558593986,3.961830916982821,0.015997637318953976,3.9441924197876017,3.961830916982821,3.9776460041783013,2.5225,2.5,0.3608929896797664,2.0,2.5,3.0,0.5037999999999999,0.5,0.0851795750165496,0.4,0.5,0.6,10.682208767395405,1000,8573.0,8500.0,415.6873825364441,8250.0,8500.0,8750.0,3.932688638308714,3.929418925714293,0.019014894542600035,3.897862455503042,3.8945005443085208,0.023873992665526696,3.878180890121682,3.8945005443085208,3.9160043670261526,2.495,2.5,0.12031209415515966,2.5,2.5,2.5,0.33119999999999994,0.3,0.05984613604903829,0.3,0.3,0.35,6.332664253843722
431,73.691707,-68.962776,12000,2.0,0.55,4.534648127750201,0.27323385368140896,/Users/shannonbowes/Research/ysg/candidates_and_lcs/2022_asassn_lc_data/pysynphot_data/grid/bosz/r2000/m-0.25/bosz2024_ap_t12000_g+2.0_m-0.25_a+0.00_c+0.00_v2_r2000_resam.txt.gz,9500,2.5,0.35,4.398280671487679,0.021488316403141822,/Users/shannonbowes/Research/ysg/candidates_and_lcs/2022_asassn_lc_data/pysynphot_data/grid/bosz/r2000/m-0.25/bosz2024_ap_t9500_g+2.5_m-0.25_a+0.00_c+0.00_v2_r2000_resam.txt.gz,1000,11372.25,11500.0,879.6973556286275,10500.0,11500.0,12000.0,4.054558383959193,4.060697840353612,0.03340539431164014,4.535104897076406,4.53746381820401,0.048666145451071105,4.4856699223456316,4.53746381820401,4.576009724162394,2.0975,2.0,0.2715580048534751,2.0,2.0,2.0,0.43579999999999997,0.45,0.09207801040422194,0.34200000000000014,0.45,0.5,8.448766843437479,1000,11164.25,11500.0,1385.219996065607,9500.0,11500.0,12000.0,4.044489077467058,4.060697840353612,0.05391672521876541,4.505149210866997,4.511564508538106,0.08066333161519007,4.4183234966059315,4.511564508538106,4.580086384190317,2.148,2.0,0.3399941175961726,2.0,2.0,2.5,0.4585,0.45,0.1413603551212291,0.3,0.45,0.6,6.408449964459478
432,73.708893,-66.939491,10750,3.0,0.8,4.299604376238686,0.07549557305762485,/Users/shannonbowes/Research/ysg/candidates_and_lcs/2022_asassn_lc_data/pysynphot_data/grid/bosz/r2000/m-0.25/bosz2024_ap_t10750_g+3.0_m-0.25_a+0.00_c+0.00_v2_r2000_resam.txt.gz,8000,2.0,0.3,4.22212870476363,0.004089153227089229,/Users/shannonbowes/Research/ysg/candidates_and_lcs/2022_asassn_lc_data/pysynphot_data/grid/bosz/r2000/m-0.25/bosz2024_ap_t8000_g+2.0_m-0.25_a+0.00_c+0.00_v2_r2000_resam.txt.gz,1000,9362.75,9250.0,914.7267009877869,8500.0,9250.0,10250.0,3.9693873345812833,3.9661417327390325,0.04159924480963981,4.2758891827549625,4.272649371453927,0.022916444757010473,4.255805175503077,4.272649371453927,4.29558827018053,2.202,2.0,0.32587727751409734,2.0,2.0,2.5,0.5303,0.55,0.2084392237559908,0.3,0.55,0.75,4.309917352379339,1000,8791.5,8000.0,1682.5286773187552,7500.0,8000.0,10750.0,3.937161184043891,3.9030899869919438,0.07476899641968844,4.264977780633861,4.2423395148517455,0.07924699500786213,4.197854975251136,4.2423395148517455,4.3344785721978205,2.215,2.0,0.3174507835869995,2.0,2.0,2.5,0.3506,0.2,0.278477359941522,0.15,0.2,0.75,2.43444859413804
433,73.738997,-66.752464,11500,2.0,0.25,5.201142903714099,0.7898106919492055,/Users/shannonbowes/Research/ysg/candidates_and_lcs/2022_asassn_lc_data/pysynphot_data/grid/bosz/r2000/m-0.25/bosz2024_ap_t11500_g+2.0_m-0.25_a+0.00_c+0.00_v2_r2000_resam.txt.gz,10000,2.0,0.25,5.071364148378865,0.014154387099201833,/Users/shannonbowes/Research/ysg/candidates_and_lcs/2022_asassn_lc_data/pysynphot_data/grid/bosz/r2000/m-0.25/bosz2024_ap_t10000_g+2.0_m-0.25_a+0.00_c+0.00_v2_r2000_resam.txt.gz,1000,12030.25,12000.0,312.28582660761276,12000.0,12000.0,12000.0,4.080140931789433,4.079181246047625,0.010539663041434536,5.213512116246082,5.212251501080914,0.022217341086150505,5.19480804953704,5.212251501080914,5.228912010034295,2.0245,2.0,0.15378475217003795,2.0,2.0,2.0,0.3574,0.35,0.04527957596974602,0.3,0.35,0.4,14.335611971020857,1000,10286.0,9500.0,1844.5403221399092,8500.0,9500.0,12000.0,4.0056425399488615,3.9777236052888476,0.0747043612997814,5.0508799865552,5.024550982205501,0.11264432962738853,4.937275716849682,5.024550982205501,5.188727860498338,2.438,2.5,0.3750413310556584,2.0,2.5,3.0,0.30989999999999995,0.2,0.18469431501808603,0.15,0.2,0.55,4.853854113053481
434,73.764138,-68.222588,7750,2.0,0.65,3.984191996864486,0.10886659022715406,/Users/shannonbowes/Research/ysg/candidates_and_lcs/2022_asassn_lc_data/pysynphot_data/grid/bosz/r2000/m-0.25/bosz2024_ap_t7750_g+2.0_m-0.25_a+0.00_c+0.00_v2_r2000_resam.txt.gz,7000,2.0,0.25,4.003539512186644,0.0076601848187295265,/Users/shannonbowes/Research/ysg/candidates_and_lcs/2022_asassn_lc_data/pysynphot_data/grid/bosz/r2000/m-0.25/bosz2024_ms_t7000_g+2.0_m-0.25_a+0.00_c+0.00_v2_r2000_resam.txt.gz,1000,7630.75,7500.0,521.0248914399388,7000.0,7500.0,8250.0,3.881563967348433,3.8750612633917,0.029456375343661273,3.9930694147451415,3.992793566425789,0.006354232535525828,3.987195590118567,3.992793566425789,3.9993176293136883,1.994,2.0,0.30077233915371937,1.5,2.0,2.5,0.5825,0.55,0.23056181383741758,0.3,0.55,0.85,4.4608244009777875,1000,7532.75,7000.0,765.8263102688494,7000.0,7000.0,8500.0,3.874832327016655,3.845098040014257,0.04232201771281589,3.9893701565169715,3.98837452775121,0.014367314755267523,3.9761662180253423,3.98837452775121,4.0004520503590655,2.149,2.0,0.34029252122255044,2.0,2.0,2.5,0.5189499999999999,0.35,0.29811641601897737,0.25,0.35,1.0,2.047377066202789
435,73.770646,-69.798615,8250,2.0,0.95,3.9367218269521156,0.372033526981512,/Users/shannonbowes/Research/ysg/candidates_and_lcs/2022_asassn_lc_data/pysynphot_data/grid/bosz/r2000/m-0.25/bosz2024_ap_t8250_g+2.0_m-0.25_a+0.00_c+0.00_v2_r2000_resam.txt.gz,8250,2.5,0.95,3.931522259325896,0.02073898269699236,/Users/shannonbowes/Research/ysg/candidates_and_lcs/2022_asassn_lc_data/pysynphot_data/grid/bosz/r2000/m-0.25/bosz2024_ap_t8250_g+2.5_m-0.25_a+0.00_c+0.00_v2_r2000_resam.txt.gz,1000,7677.75,7750.0,530.0636164650429,7000.0,7750.0,8250.0,3.8841989536754844,3.88930170250631,0.029984009050901234,3.939682170784007,3.93985642723295,0.006441402519149388,3.9332319633425605,3.93985642723295,3.946024184287153,2.041,2.0,0.28778290428724224,2.0,2.0,2.5,0.6885999999999999,0.7,0.2349788075550644,0.4,0.7,0.95,10.554552488443822,1000,7442.0,7500.0,486.45246427580156,7000.0,7500.0,8000.0,3.870764987368504,3.8750612633917,0.02831989064554426,3.9267846402964732,3.926455496919616,0.009899067197294959,3.9172503224999478,3.926455496919616,3.9365343738609853,2.3475,2.5,0.27747747656341404,2.0,2.5,2.5,0.6287,0.65,0.2346621188006279,0.35,0.65,0.9,6.200066988662605
436,73.7762,-67.475845,5250,0.5,0.35,3.925780951086976,6.913335784785397,/Users/shannonbowes/Research/ysg/candidates_and_lcs/2022_asassn_lc_data/pysynphot_data/grid/bosz/r2000/m-0.25/bosz2024_ms_t5250_g+0.5_m-0.25_a+0.00_c+0.00_v2_r2000_resam.txt.gz,5750,0.5,0.55,3.964983426969829,0.00913431536743545,/Users/shannonbowes/Research/ysg/candidates_and_lcs/2022_asassn_lc_data/pysynphot_data/grid/bosz/r2000/m-0.25/bosz2024_ms_t5750_g+0.5_m-0.25_a+0.00_c+0.00_v2_r2000_resam.txt.gz,1000,5253.75,5250.0,36.033838263498936,5250.0,5250.0,5250.0,3.7204596595046024,3.720159303405957,0.0028750916510589665,3.924331126692612,3.9246779432428247,0.006579129035371485,3.9175921090962698,3.9246779432428247,3.9306037023054397,0.5,0.5,0.0,0.5,0.5,0.5,0.32719999999999994,0.3,0.05069674545767213,0.3,0.3,0.35,36.57366647841334,1000,6165.5,6250.0,235.28652745110588,6000.0,6250.0,6250.0,3.7896407925429565,3.7958800173440754,0.017017256944265306,3.9692540471825564,3.9689526821066847,0.009981916620917724,3.9594007064316195,3.9689526821066847,3.978952392452759,1.409,1.0,0.5707179688777987,1.0,1.0,2.0,0.87135,0.95,0.18477466682421592,0.7,0.95,1.0,2.0525746849065922
437,73.790355,-69.486183,8000,2.0,0.7,4.000814225328801,0.3762517690914281,/Users/shannonbowes/Research/ysg/candidates_and_lcs/2022_asassn_lc_data/pysynphot_data/grid/bosz/r2000/m-0.25/bosz2024_ap_t8000_g+2.0_m-0.25_a+0.00_c+0.00_v2_r2000_resam.txt.gz,8000,2.5,0.85,3.9757737141879557,0.0443078288167821,/Users/shannonbowes/Research/ysg/candidates_and_lcs/2022_asassn_lc_data/pysynphot_data/grid/bosz/r2000/m-0.25/bosz2024_ap_t8000_g+2.5_m-0.25_a+0.00_c+0.00_v2_r2000_resam.txt.gz,1000,7672.0,7500.0,506.25191357663033,7250.0,7500.0,8250.0,3.8839944942523306,3.8750612633917,0.027942645842876302,4.010481763968046,4.0106232789837515,0.006518668868604255,4.0036215343014,4.0106232789837515,4.016934196283258,2.1525,2.0,0.2549387181265333,2.0,2.0,2.5,0.53655,0.475,0.2137910136090851,0.35,0.475,0.8,8.453706190077126,1000,7336.75,7250.0,401.60545003772046,7000.0,7250.0,7750.0,3.8648941352292367,3.8603380065709936,0.022649613459252798,3.9995354236782132,3.9987745458348947,0.010778382390560485,3.989035468254858,3.9987745458348947,4.010246283807845,2.214,2.5,0.34957688710782925,2.0,2.5,2.5,0.42394999999999994,0.35,0.16687988944147825,0.3,0.35,0.6,5.453951105357745
438,73.83998,-67.436485,9500,2.0,0.5,4.8530708132112474,1.1904851162383148,/Users/shannonbowes/Research/ysg/candidates_and_lcs/2022_asassn_lc_data/pysynphot_data/grid/bosz/r2000/m-0.25/bosz2024_ap_t9500_g+2.0_m-0.25_a+0.00_c+0.00_v2_r2000_resam.txt.gz,10250,2.0,0.6,4.878920076694812,0.02632339852820354,/Users/shannonbowes/Research/ysg/candidates_and_lcs/2022_asassn_lc_data/pysynphot_data/grid/bosz/r2000/m-0.25/bosz2024_ap_t10250_g+2.0_m-0.25_a+0.00_c+0.00_v2_r2000_resam.txt.gz,1000,10986.75,10750.0,1071.5115200034015,10000.0,10750.0,12000.0,4.038864961089756,4.031408464251625,0.04145703981199397,4.896532984474237,4.887891135002377,0.052700840663461486,4.850947667520557,4.887891135002377,4.937618880649539,2.2635,2.0,0.39851944745520257,2.0,2.0,3.0,0.6949500000000001,0.7,0.12188928377835354,0.55,0.7,0.8,16.312353759145843,1000,12416.0,12000.0,1017.8747467149384,11750.0,12000.0,14000.0,4.092499176997239,4.079181246047625,0.03611034691854911,4.967591420247952,4.942936367363085,0.06398169976906887,4.917556690669546,4.942936367363085,5.062659369752571,2.3185,2.0,0.4645511274337842,2.0,2.0,3.0,0.83845,0.8,0.10099058124399522,0.75,0.8,0.95,9.111133111637823
439,73.887955,-67.338417,9500,2.5,0.55,4.193961324081707,0.35018684186683446,/Users/shannonbowes/Research/ysg/candidates_and_lcs/2022_asassn_lc_data/pysynphot_data/grid/bosz/r2000/m-0.25/bosz2024_ap_t9500_g+2.5_m-0.25_a+0.00_c+0.00_v2_r2000_resam.txt.gz,11250,2.0,0.75,4.268446243002398,0.00940812175798772,/Users/shannonbowes/Research/ysg/candidates_and_lcs/2022_asassn_lc_data/pysynphot_data/grid/bosz/r2000/m-0.25/bosz2024_ap_t11250_g+2.0_m-0.25_a+0.00_c+0.00_v2_r2000_resam.txt.gz,1000,9084.5,9000.0,360.707291304182,8750.0,9000.0,9500.0,3.9579615409896975,3.9542425094393248,0.017139678246796842,4.18807359830584,4.187345281554567,0.010674137665256723,4.177055584717778,4.187345281554567,4.199397429131889,2.1925,2.0,0.24938674784358533,2.0,2.0,2.5,0.4541,0.45,0.08135225872709376,0.4,0.45,0.55,5.905063961171572,1000,10720.25,11000.0,2157.4991164540484,8000.0,11000.0,13500.0,4.021179102769608,4.041392685158225,0.08914429679621112,4.256274519922787,4.248600034642356,0.10525798506902652,4.141905930145148,4.248600034642356,4.3956986863031045,2.4685,2.5,0.44357383827272767,2.0,2.5,3.0,0.6343000000000001,0.7,0.2711890668887667,0.25,0.7,0.95,1.6980454179764297
440,73.919471,-69.87233,14000,3.0,0.8,4.47080113203627,0.27195178852697677,/Users/shannonbowes/Research/ysg/candidates_and_lcs/2022_asassn_lc_data/pysynphot_data/grid/bosz/r2000/m-0.25/bosz2024_ap_t14000_g+3.0_m-0.25_a+0.00_c+0.00_v2_r2000_resam.txt.gz,13000,3.0,0.7,4.4149342055012655,0.01569124875155453,/Users/shannonbowes/Research/ysg/candidates_and_lcs/2022_asassn_lc_data/pysynphot_data/grid/bosz/r2000/m-0.25/bosz2024_ap_t13000_g+3.0_m-0.25_a+0.00_c+0.00_v2_r2000_resam.txt.gz,1000,12700.5,12000.0,1133.1040331761246,11750.0,12000.0,14000.0,4.102057360932291,4.079181246047625,0.03935077484688766,4.39502679693034,4.3797909152691545,0.06394771505297822,4.327235677842121,4.3797909152691545,4.469731122293805,2.624,3.0,0.47605041749797883,2.0,3.0,3.0,0.6961,0.7,0.11943529629050201,0.6,0.7,0.8,5.930493219244994,1000,11947.5,12000.0,1970.4996193859058,10250.0,12000.0,14000.0,4.071007360409793,4.079181246047625,0.07492140971938371,4.337536370553127,4.349669535263496,0.11487175405229282,4.200757974380082,4.349669535263496,4.460438071543752,2.8485,3.0,0.3143210937878652,2.5,3.0,3.0,0.67425,0.7,0.21291885191311735,0.4,0.7,0.9,3.726317339821663
441,73.970039,-69.706245,9500,2.5,0.4,4.296413350615998,0.1094439632686061,/Users/shannonbowes/Research/ysg/candidates_and_lcs/2022_asassn_lc_data/pysynphot_data/grid/bosz/r2000/m-0.25/bosz2024_ap_t9500_g+2.5_m-0.25_a+0.00_c+0.00_v2_r2000_resam.txt.gz,9500,2.5,0.6,4.227081882881879,0.017788329288941303,/Users/shannonbowes/Research/ysg/candidates_and_lcs/2022_asassn_lc_data/pysynphot_data/grid/bosz/r2000/m-0.25/bosz2024_ap_t9500_g+2.5_m-0.25_a+0.00_c+0.00_v2_r2000_resam.txt.gz,1000,9570.25,9250.0,728.0985081017541,9000.0,9250.0,10250.0,3.9797454875436205,3.9661417327390325,0.031493501866404414,4.303863685341761,4.300626690761689,0.03129384569099063,4.2763615012494975,4.300626690761689,4.331405005829199,2.401,2.5,0.3509971509855884,2.0,2.5,3.0,0.3878,0.3,0.11715869579335543,0.3,0.3,0.5,5.377559710595545,1000,9570.5,9250.0,1246.5571587376169,8500.0,9250.0,10500.0,3.9776900000394906,3.9661417327390325,0.05154134346871523,4.318974379627429,4.303463771980274,0.08966753917496607,4.234547087562059,4.303463771980274,4.407501535675878,2.3795,2.5,0.37044534009756414,2.0,2.5,3.0,0.3445999999999999,0.3,0.11496016701449245,0.3,0.3,0.35,3.8188491584434168
442,73.974836,-66.416481,14000,3.0,0.85,4.443575803484489,0.4450485065827785,/Users/shannonbowes/Research/ysg/candidates_and_lcs/2022_asassn_lc_data/pysynphot_data/grid/bosz/r2000/m-0.25/bosz2024_ap_t14000_g+3.0_m-0.25_a+0.00_c+0.00_v2_r2000_resam.txt.gz,10750,3.0,0.25,4.4185183806762245,0.0023867631707078043,/Users/shannonbowes/Research/ysg/candidates_and_lcs/2022_asassn_lc_data/pysynphot_data/grid/bosz/r2000/m-0.25/bosz2024_ap_t10750_g+3.0_m-0.25_a+0.00_c+0.00_v2_r2000_resam.txt.gz,1000,12160.5,12000.0,742.707715053506,11750.0,12000.0,12000.0,4.084190691427316,4.079181246047625,0.025308666964279563,4.33794606395092,4.324340037611781,0.04323053871702874,4.310099175301254,4.324340037611781,4.346287447116827,2.1625,2.0,0.3637908052713812,2.0,2.0,2.5,0.66605,0.65,0.0714135666382796,0.6,0.65,0.7,7.407054588868681,1000,11696.25,12000.0,1588.961433610017,10250.0,12000.0,14000.0,4.063677809732826,4.079181246047625,0.06309460653745409,4.373902769051696,4.380505613031774,0.11896736091317657,4.261744096978486,4.380505613031774,4.488238613853943,2.2465,2.0,0.4236599461832568,2.0,2.0,3.0,0.48605000000000004,0.5,0.23107985091738312,0.2,0.5,0.75,4.304019922135607
443,73.978905,-69.725128,7000,1.5,0.3,4.060215652847288,0.4186551274533518,/Users/shannonbowes/Research/ysg/candidates_and_lcs/2022_asassn_lc_data/pysynphot_data/grid/bosz/r2000/m-0.25/bosz2024_ms_t7000_g+1.5_m-0.25_a+0.00_c+0.00_v2_r2000_resam.txt.gz,7000,2.0,0.4,4.0362055766899605,0.0071686574071034926,/Users/shannonbowes/Research/ysg/candidates_and_lcs/2022_asassn_lc_data/pysynphot_data/grid/bosz/r2000/m-0.25/bosz2024_ms_t7000_g+2.0_m-0.25_a+0.00_c+0.00_v2_r2000_resam.txt.gz,1000,7606.75,7250.0,642.5861323589236,7000.0,7250.0,8500.0,3.879687081691751,3.8603380065709936,0.03601509442345883,4.064891973888041,4.0648337379986295,0.006417760779717579,4.058461515833794,4.0648337379986295,4.071289818911552,1.905,2.0,0.28805381441668154,1.5,2.0,2.0,0.56165,0.4,0.2733528443239616,0.3,0.4,0.95,7.207496173679138,1000,7136.25,7000.0,396.7032108516391,7000.0,7000.0,7250.0,3.8528600771862336,3.845098040014257,0.022481260734380535,4.0504337741736975,4.0506874717736405,0.010642371703666916,4.0402941849410805,4.0506874717736405,4.059899467638827,2.138,2.0,0.3577093792452192,2.0,2.0,2.5,0.39354999999999996,0.35,0.17349610226169349,0.3,0.35,0.45,2.8001804477804937
444,74.058839,-67.413483,8500,2.0,0.45,4.136258391976878,0.31310852795172084,/Users/shannonbowes/Research/ysg/candidates_and_lcs/2022_asassn_lc_data/pysynphot_data/grid/bosz/r2000/m-0.25/bosz2024_ap_t8500_g+2.0_m-0.25_a+0.00_c+0.00_v2_r2000_resam.txt.gz,9500,2.0,0.7,4.151945572600023,0.004286653875545921,/Users/shannonbowes/Research/ysg/candidates_and_lcs/2022_asassn_lc_data/pysynphot_data/grid/bosz/r2000/m-0.25/bosz2024_ap_t9500_g+2.0_m-0.25_a+0.00_c+0.00_v2_r2000_resam.txt.gz,1000,8484.5,8500.0,345.7018223845515,8250.0,8500.0,8750.0,3.9282652625648735,3.929418925714293,0.01771706257404534,4.138704468153437,4.138045735263193,0.007946475162815658,4.131090023252964,4.138045735263193,4.1467512692760105,2.1445,2.0,0.2266489576415475,2.0,2.0,2.5,0.47745000000000004,0.5,0.10797683779403804,0.4,0.5,0.6,4.314110681876057,1000,9694.5,9500.0,1908.9053800542342,7750.0,9500.0,12000.0,3.9781618572055097,3.9777236052888476,0.08505680540312117,4.186453768860336,4.157120019575662,0.0760055157670118,4.113774487087367,4.157120019575662,4.2728257207941525,2.3305,2.0,0.38277898322661347,2.0,2.0,3.0,0.6025999999999999,0.65,0.30767391829662777,0.2,0.65,0.95,1.7525450392340203
445,74.063274,-66.20369,10500,2.5,0.95,4.161326113460545,0.12452459757349743,/Users/shannonbowes/Research/ysg/candidates_and_lcs/2022_asassn_lc_data/pysynphot_data/grid/bosz/r2000/m-0.25/bosz2024_ap_t10500_g+2.5_m-0.25_a+0.00_c+0.00_v2_r2000_resam.txt.gz,8500,2.0,0.6,4.124717634794254,0.0016192719927995724,/Users/shannonbowes/Research/ysg/candidates_and_lcs/2022_asassn_lc_data/pysynphot_data/grid/bosz/r2000/m-0.25/bosz2024_ap_t8500_g+2.0_m-0.25_a+0.00_c+0.00_v2_r2000_resam.txt.gz,1000,9706.75,9750.0,502.6847297262967,9250.0,9750.0,10250.0,3.986494859033795,3.989004615698537,0.02240024158981449,4.142455410330684,4.1405594259238,0.013038619536725617,4.130097274102515,4.1405594259238,4.155637057192343,2.237,2.0,0.33515817161453787,2.0,2.0,2.5,0.82535,0.85,0.09736466248079947,0.75,0.85,0.95,4.833868272085632,1000,8046.5,7500.0,1393.8123080242906,7000.0,7500.0,9750.0,3.9000157362754173,3.8750612633917,0.0670964151683467,4.106671185571737,4.094389018840607,0.059056930869070684,4.05429454028669,4.094389018840607,4.14912478635088,2.1525,2.0,0.3542509703585863,2.0,2.0,2.5,0.3633,0.2,0.3144409483511968,0.15,0.2,0.9,2.2160309395853584
446,74.073144,-66.305267,12000,2.0,0.45,4.262004327190449,1.1513603532118855,/Users/shannonbowes/Research/ysg/candidates_and_lcs/2022_asassn_lc_data/pysynphot_data/grid/bosz/r2000/m-0.25/bosz2024_ap_t12000_g+2.0_m-0.25_a+0.00_c+0.00_v2_r2000_resam.txt.gz,8500,2.5,0.15,4.037848498309774,0.02780735068798733,/Users/shannonbowes/Research/ysg/candidates_and_lcs/2022_asassn_lc_data/pysynphot_data/grid/bosz/r2000/m-0.25/bosz2024_ap_t8500_g+2.5_m-0.25_a+0.00_c+0.00_v2_r2000_resam.txt.gz,1000,12087.25,12000.0,416.0227607956084,12000.0,12000.0,12000.0,4.082093274407164,4.079181246047625,0.013932838008808053,4.25811888171329,4.25477302851273,0.024375574017667084,4.241001545788382,4.25477302851273,4.267363081513921,2.045,2.0,0.20730412441627874,2.0,2.0,2.0,0.4735500000000001,0.45,0.04881493111743577,0.45,0.45,0.5,16.80544324801847,1000,10228.75,9750.0,1994.3635419601915,8500.0,9750.0,13500.0,4.002180242881154,3.989004615698537,0.07993989199875746,4.122084960667924,4.093230194714145,0.11034913209802427,4.016390816431523,4.093230194714145,4.271449553275818,2.6325,2.5,0.38430944562943026,2.0,2.5,3.0,0.3656500000000001,0.275,0.22549407420151865,0.15,0.275,0.65,3.6434307070085117
447,74.108788,-69.673508,8250,2.5,0.65,4.088476325369634,0.37094132102001204,/Users/shannonbowes/Research/ysg/candidates_and_lcs/2022_asassn_lc_data/pysynphot_data/grid/bosz/r2000/m-0.25/bosz2024_ap_t8250_g+2.5_m-0.25_a+0.00_c+0.00_v2_r2000_resam.txt.gz,9500,2.0,0.95,4.127269493063926,0.010877869731565053,/Users/shannonbowes/Research/ysg/candidates_and_lcs/2022_asassn_lc_data/pysynphot_data/grid/bosz/r2000/m-0.25/bosz2024_ap_t9500_g+2.0_m-0.25_a+0.00_c+0.00_v2_r2000_resam.txt.gz,1000,7775.5,7750.0,277.6684173614277,7500.0,7750.0,8000.0,3.8904568917778235,3.88930170250631,0.01528023110423817,4.081065595544646,4.080865274607884,0.006052096611150579,4.075568957926434,4.080865274607884,4.087091764491415,2.1075,2.0,0.2054111730164647,2.0,2.0,2.5,0.51085,0.5,0.11588691686294877,0.4,0.5,0.65,5.347219947362273,1000,8904.25,9250.0,1278.2876974687663,7500.0,9250.0,10250.0,3.9450516429904083,3.9661417327390325,0.06306784768303582,4.110231694786769,4.100274251915577,0.03595000856469434,4.074497900569598,4.100274251915577,4.149615200346194,2.163,2.0,0.2567703253882738,2.0,2.0,2.5,0.7283999999999999,0.9,0.29552231726216555,0.35,0.9,1.0,2.4477382381438813
448,74.114236,-67.933502,7750,2.0,0.7,4.245594861324772,0.1418935568456322,/Users/shannonbowes/Research/ysg/candidates_and_lcs/2022_asassn_lc_data/pysynphot_data/grid/bosz/r2000/m-0.25/bosz2024_ms_t7750_g+2.0_m-0.25_a+0.00_c+0.00_v2_r2000_resam.txt.gz,7000,1.5,0.5,4.221355137459228,0.0034987848146168375,/Users/shannonbowes/Research/ysg/candidates_and_lcs/2022_asassn_lc_data/pysynphot_data/grid/bosz/r2000/m-0.25/bosz2024_ms_t7000_g+1.5_m-0.25_a+0.00_c+0.00_v2_r2000_resam.txt.gz,1000,7635.75,7500.0,742.9733760371229,7000.0,7500.0,8500.0,3.8808420816126605,3.8750612633917,0.04154244570452767,4.267275215394417,4.267315396011913,0.015476385615321478,4.251451987866316,4.267315396011913,4.2823512510726625,2.115,2.0,0.36024297356090096,1.5,2.0,2.5,0.56125,0.5,0.3118828906817429,0.25,0.5,1.0,3.4806387022771106,1000,7670.75,7500.0,828.1195188497853,6750.0,7500.0,8500.0,3.8823888337656145,3.8750612633917,0.045771071358154176,4.2577925906746845,4.254382636928998,0.03073310929029212,4.228704497689382,4.254382636928998,4.286251849962136,2.1865,2.5,0.3747902746870575,2.0,2.5,2.5,0.6067,0.6,0.32913539767092814,0.2,0.6,1.0,1.5452416649008252
449,74.114566,-69.379623,6500,1.0,1.0,4.162134463597982,6.89953805222232,/Users/shannonbowes/Research/ysg/candidates_and_lcs/2022_asassn_lc_data/pysynphot_data/grid/bosz/r2000/m-0.25/bosz2024_ms_t6500_g+1.0_m-0.25_a+0.00_c+0.00_v2_r2000_resam.txt.gz,6500,2.0,0.95,4.163966526021868,5.009521637953824,/Users/shannonbowes/Research/ysg/candidates_and_lcs/2022_asassn_lc_data/pysynphot_data/grid/bosz/r2000/m-0.25/bosz2024_ms_t6500_g+2.0_m-0.25_a+0.00_c+0.00_v2_r2000_resam.txt.gz,1000,6131.5,6250.0,371.08994866474086,5750.0,6250.0,6500.0,3.786768550031655,3.7958800173440754,0.026349659528613935,4.152229683764388,4.152290898122443,0.0060948968765308425,4.146119207566728,4.152290898122443,4.158400068554835,0.7625,1.0,0.25562423594017836,0.5,1.0,1.0,0.6558499999999999,0.8,0.3098762293239028,0.35,0.8,0.95,38.58991984764094,1000,6374.0,6500.0,356.3691905875142,6000.0,6500.0,6750.0,3.8037243263845024,3.8129133566428557,0.024521836693380223,4.166067183503257,4.166098835574008,0.00827664365514485,4.157777733048887,4.166098835574008,4.173945177359663,2.156,2.0,0.3125123997539938,2.0,2.0,2.5,0.7206999999999999,0.8,0.24580787212780636,0.45,0.8,1.0,30.198216629820156
450,74.118794,-69.711594,9250,2.0,0.55,4.042261734517329,0.10654507493754245,/Users/shannonbowes/Research/ysg/candidates_and_lcs/2022_asassn_lc_data/pysynphot_data/grid/bosz/r2000/m-0.25/bosz2024_ap_t9250_g+2.0_m-0.25_a+0.00_c+0.00_v2_r2000_resam.txt.gz,9750,2.0,0.65,4.0508441559254225,0.004407091061028157,/Users/shannonbowes/Research/ysg/candidates_and_lcs/2022_asassn_lc_data/pysynphot_data/grid/bosz/r2000/m-0.25/bosz2024_ap_t9750_g+2.0_m-0.25_a+0.00_c+0.00_v2_r2000_resam.txt.gz,1000,8920.5,9000.0,356.2720168635196,8500.0,9000.0,9250.0,3.9500453484377305,3.9542425094393248,0.01725400726756792,4.0426472750688465,4.042148861195928,0.009753166577003914,4.03280504336266,4.042148861195928,4.0523539779017925,2.203,2.0,0.24958164996649895,2.0,2.0,2.5,0.48985,0.5,0.0864839725035801,0.4,0.5,0.55,7.3256627519006745,1000,9213.25,8500.0,1618.3207152786497,8000.0,8500.0,10750.0,3.9585261068634456,3.929418925714293,0.06926794888891925,4.045816424387554,4.015022377867021,0.0734982300932343,3.996776532695971,4.015022377867021,4.096675172742106,2.497,2.5,0.33762553220987296,2.0,2.5,3.0,0.5173,0.4,0.2212141722403879,0.3,0.4,0.8,2.7876009523433964
451,74.127341,-66.302498,9000,2.5,0.75,4.017198246955438,0.3004610319096871,/Users/shannonbowes/Research/ysg/candidates_and_lcs/2022_asassn_lc_data/pysynphot_data/grid/bosz/r2000/m-0.25/bosz2024_ap_t9000_g+2.5_m-0.25_a+0.00_c+0.00_v2_r2000_resam.txt.gz,9750,2.5,0.85,4.027376840706095,0.0033849609967010743,/Users/shannonbowes/Research/ysg/candidates_and_lcs/2022_asassn_lc_data/pysynphot_data/grid/bosz/r2000/m-0.25/bosz2024_ap_t9750_g+2.5_m-0.25_a+0.00_c+0.00_v2_r2000_resam.txt.gz,1000,8871.75,9000.0,400.4552877663123,8500.0,9000.0,9250.0,3.9475568777607424,3.9542425094393248,0.019947879191256037,4.007916856701391,4.0072437953935935,0.008792514129189655,3.999466714432196,4.0072437953935935,4.016226800804732,2.2385,2.0,0.2546914800302515,2.0,2.0,2.5,0.71305,0.75,0.11606979581269194,0.65,0.75,0.8,4.718079513814133,1000,8916.5,8750.0,1421.2768027375948,7250.0,8750.0,10250.0,3.944731943799171,3.942008053022313,0.06877813045532402,3.9919466891082585,3.9814410404179075,0.06048112086546664,3.9371028781164474,3.9814410404179075,4.044826033298384,2.359,2.5,0.38290860528329734,2.0,2.5,2.5,0.7049,0.85,0.33482232601784484,0.2,0.85,1.0,1.8607455310700578
452,74.145976,-66.875214,7000,2.0,0.2,4.020416949837146,0.1623640373554048,/Users/shannonbowes/Research/ysg/candidates_and_lcs/2022_asassn_lc_data/pysynphot_data/grid/bosz/r2000/m-0.25/bosz2024_ms_t7000_g+2.0_m-0.25_a+0.00_c+0.00_v2_r2000_resam.txt.gz,10250,2.5,1.0,4.0998851472807525,0.0053874554017264665,/Users/shannonbowes/Research/ysg/candidates_and_lcs/2022_asassn_lc_data/pysynphot_data/grid/bosz/r2000/m-0.25/bosz2024_ap_t10250_g+2.5_m-0.25_a+0.00_c+0.00_v2_r2000_resam.txt.gz,1000,7941.5,7750.0,900.3903320227289,7000.0,7750.0,9000.0,3.8971238673215525,3.88930170250631,0.04905788441221984,4.029638278574872,4.029524408387239,0.008626967867039963,4.021080343809809,4.029524408387239,4.038486949603854,2.347,2.5,0.24918065735526104,2.0,2.5,2.5,0.55195,0.5,0.3558633129447316,0.15,0.5,0.95,3.5196053632306574,1000,8135.25,7750.0,1163.5699108777264,7000.0,7750.0,9500.0,3.906160528673522,3.88930170250631,0.059695221384560855,4.044629929425375,4.037711631092588,0.03331325099875328,4.017273191802549,4.037711631092588,4.070466802367296,2.2205,2.5,0.35514750456676447,2.0,2.5,2.5,0.5571499999999999,0.55,0.3418938102686271,0.15,0.55,1.0,1.5143096991374096
453,74.147677,-68.25647,4750,0.0,0.5,3.931452798212629,0.22240559990596145,/Users/shannonbowes/Research/ysg/candidates_and_lcs/2022_asassn_lc_data/pysynphot_data/grid/bosz/r2000/m-0.25/bosz2024_ms_t4750_g+0.0_m-0.25_a+0.00_c+0.00_v2_r2000_resam.txt.gz,5000,0.0,0.75,3.9487514814303046,0.02667148018692172,/Users/shannonbowes/Research/ysg/candidates_and_lcs/2022_asassn_lc_data/pysynphot_data/grid/bosz/r2000/m-0.25/bosz2024_ms_t5000_g+0.0_m-0.25_a+0.00_c+0.00_v2_r2000_resam.txt.gz,1000,4749.5,4750.0,62.247489909232485,4750.0,4750.0,4750.0,3.6766105063990144,3.6766936096248664,0.005702964692779396,3.943495598989825,3.9434131646530997,0.006886488874055621,3.9362981963772183,3.9434131646530997,3.950707256624736,0.02,0.0,0.10295630140987003,0.0,0.0,0.0,0.4760500000000001,0.45,0.08101788382820178,0.45,0.45,0.5,7.942476517321754,1000,4963.75,5000.0,192.99854274061244,4750.0,5000.0,5250.0,3.6954829021095867,3.6989700043360187,0.016837211390821324,3.952448045283756,3.952370031861271,0.007861596359072125,3.944484411802881,3.952370031861271,3.9600655448601016,0.899,0.5,0.8380328155865975,0.0,0.5,2.0,0.6952999999999999,0.75,0.21440128264541702,0.45,0.75,1.0,1.8983404352258673
454,74.163857,-67.330376,12500,3.0,0.7,4.503057561138118,0.16595613401196255,/Users/shannonbowes/Research/ysg/candidates_and_lcs/2022_asassn_lc_data/pysynphot_data/grid/bosz/r2000/m-0.25/bosz2024_ap_t12500_g+3.0_m-0.25_a+0.00_c+0.00_v2_r2000_resam.txt.gz,8750,2.5,0.35,4.2924247238715045,0.010946837875559678,/Users/shannonbowes/Research/ysg/candidates_and_lcs/2022_asassn_lc_data/pysynphot_data/grid/bosz/r2000/m-0.25/bosz2024_ap_t8750_g+2.5_m-0.25_a+0.00_c+0.00_v2_r2000_resam.txt.gz,1000,12044.0,12000.0,803.0031133189958,11500.0,12000.0,12500.0,4.079859241990087,4.079181246047625,0.027743691730843,4.480873588723901,4.468902813013299,0.044866145257435784,4.448994002438471,4.468902813013299,4.499171171929617,2.178,2.0,0.3725801927102405,2.0,2.0,3.0,0.6456000000000001,0.65,0.07507089982143547,0.6,0.65,0.7,5.9356141204347495,1000,10754.0,11000.0,2058.636441919748,8250.0,11000.0,13500.0,4.023536938948725,4.041392685158225,0.08375036899381294,4.401261462691143,4.390977542073863,0.10327272209657994,4.290403298100175,4.390977542073863,4.5346650556195165,2.4355,2.5,0.4416896534898684,2.0,2.5,3.0,0.5466,0.6,0.23628042661210852,0.25,0.6,0.8,1.6608625051514234
455,74.166683,-69.698967,5750,0.5,0.65,4.568312543858041,0.6426788714633048,/Users/shannonbowes/Research/ysg/candidates_and_lcs/2022_asassn_lc_data/pysynphot_data/grid/bosz/r2000/m-0.25/bosz2024_ms_t5750_g+0.5_m-0.25_a+0.00_c+0.00_v2_r2000_resam.txt.gz,6250,2.0,0.75,4.619840533078873,0.008647186368467221,/Users/shannonbowes/Research/ysg/candidates_and_lcs/2022_asassn_lc_data/pysynphot_data/grid/bosz/r2000/m-0.25/bosz2024_ms_t6250_g+2.0_m-0.25_a+0.00_c+0.00_v2_r2000_resam.txt.gz,1000,5695.0,5750.0,113.35784048754634,5500.0,5750.0,5750.0,3.7554068079158895,3.7596678446896306,0.008711624596234575,4.577444288578764,4.577641265406529,0.007221994894540304,4.570309201954744,4.577641265406529,4.584860086752096,0.509,0.5,0.066475559418481,0.5,0.5,0.5,0.5996000000000001,0.65,0.12033220682759872,0.4,0.65,0.7,10.201064908022106,1000,6008.0,6000.0,328.72632994635524,5750.0,6000.0,6250.0,3.7780837014023896,3.7781512503836434,0.023659017569091303,4.612310248659151,4.6119096804308235,0.020477496816331864,4.591410848760974,4.6119096804308235,4.631937504029711,1.3325,1.0,0.6997812158096272,0.5,1.0,2.5,0.6408499999999999,0.6,0.2688936174400575,0.35,0.6,1.0,2.7909522724263054
456,74.182526,-67.488174,9250,2.0,0.3,3.9085314770894617,0.4258658989929561,/Users/shannonbowes/Research/ysg/candidates_and_lcs/2022_asassn_lc_data/pysynphot_data/grid/bosz/r2000/m-0.25/bosz2024_ap_t9250_g+2.0_m-0.25_a+0.00_c+0.00_v2_r2000_resam.txt.gz,10000,2.0,0.5,3.9172454287233696,0.01672798181458801,/Users/shannonbowes/Research/ysg/candidates_and_lcs/2022_asassn_lc_data/pysynphot_data/grid/bosz/r2000/m-0.25/bosz2024_ap_t10000_g+2.0_m-0.25_a+0.00_c+0.00_v2_r2000_resam.txt.gz,1000,9657.0,9500.0,443.678937972043,9250.0,9500.0,10000.0,3.984387624081558,3.9777236052888476,0.019833631589922143,3.9282879035493017,3.9267750397261,0.01498802848084823,3.9130890563482295,3.9267750397261,3.943084720026977,2.343,2.5,0.3175704646216332,2.0,2.5,2.5,0.3826,0.4,0.07963818179742681,0.3,0.4,0.45,7.646029841746129,1000,10754.75,10500.0,1911.0311189250688,8500.0,10500.0,13500.0,4.024821683147189,4.021189299069938,0.0765513566145452,3.963531775572937,3.9364997094887464,0.09512792285466261,3.8679354110207296,3.9364997094887464,4.092250109414798,2.5985,2.5,0.4087147538320583,2.0,2.5,3.0,0.52865,0.55,0.21353378538301615,0.25,0.55,0.75,1.7878867513846308
457,74.213229,-66.530151,12000,2.0,0.35,4.426488037598029,19.53716795725798,/Users/shannonbowes/Research/ysg/candidates_and_lcs/2022_asassn_lc_data/pysynphot_data/grid/bosz/r2000/m-0.25/bosz2024_ap_t12000_g+2.0_m-0.25_a+0.00_c+0.00_v2_r2000_resam.txt.gz,14000,3.0,0.85,4.386962897310354,3.158551503056614,/Users/shannonbowes/Research/ysg/candidates_and_lcs/2022_asassn_lc_data/pysynphot_data/grid/bosz/r2000/m-0.25/bosz2024_ap_t14000_g+3.0_m-0.25_a+0.00_c+0.00_v2_r2000_resam.txt.gz,1000,12000.0,12000.0,0.0,12000.0,12000.0,12000.0,4.079181246047625,4.079181246047625,0.0,4.423060992170891,4.4225660789039996,0.012757177763746156,4.410436273170558,4.4225660789039996,4.435749785543641,2.0,2.0,0.0,2.0,2.0,2.0,0.3949,0.4,0.03404394219240775,0.35,0.4,0.45,62.48819497145771,1000,11689.0,12000.0,1331.5513508686024,11750.0,12000.0,12000.0,4.064584905053416,4.079181246047625,0.054418032542209234,4.266161301927968,4.275211019163464,0.09506981735534153,4.181178111786675,4.275211019163464,4.356390711390517,2.1525,2.0,0.3224806195727117,2.0,2.0,2.5,0.65195,0.65,0.18030168468430902,0.5,0.65,0.85,23.234428741886898
458,74.227917,-67.086021,7500,2.5,0.9,4.203520725721313,0.20119137834927214,/Users/shannonbowes/Research/ysg/candidates_and_lcs/2022_asassn_lc_data/pysynphot_data/grid/bosz/r2000/m-0.25/bosz2024_ap_t7500_g+2.5_m-0.25_a+0.00_c+0.00_v2_r2000_resam.txt.gz,7250,2.0,0.8,4.208988980744687,0.012687663458706451,/Users/shannonbowes/Research/ysg/candidates_and_lcs/2022_asassn_lc_data/pysynphot_data/grid/bosz/r2000/m-0.25/bosz2024_ms_t7250_g+2.0_m-0.25_a+0.00_c+0.00_v2_r2000_resam.txt.gz,1000,6740.75,6750.0,359.30758063252716,6500.0,6750.0,7000.0,3.8281019552297546,3.829303772831025,0.022851540897467115,4.199423087244835,4.199639735129185,0.006324270968600574,4.192945082254623,4.199639735129185,4.205559517979118,1.674,1.5,0.5317179703564664,1.0,1.5,2.5,0.4923,0.5,0.20372950203640122,0.3,0.5,0.7,4.322502806668807,1000,6651.0,6500.0,456.69902561752855,6250.0,6500.0,7250.0,3.8219095553510187,3.8129133566428557,0.028802993860951077,4.198910017955676,4.1982260917402305,0.009889012498375368,4.188798172365975,4.1982260917402305,4.208660790732882,1.901,2.0,0.5331031795065567,1.0,2.0,2.5,0.4232,0.3,0.26378354762949113,0.2,0.3,0.8,2.3713906787625056
459,74.231543,-67.486946,4500,0.0,0.5,3.9516572723939043,2.2538880722767995,/Users/shannonbowes/Research/ysg/candidates_and_lcs/2022_asassn_lc_data/pysynphot_data/grid/bosz/r2000/m-0.25/bosz2024_ms_t4500_g+0.0_m-0.25_a+0.00_c+0.00_v2_r2000_resam.txt.gz,4750,1.0,0.75,3.9582785406385397,0.025319807434700126,/Users/shannonbowes/Research/ysg/candidates_and_lcs/2022_asassn_lc_data/pysynphot_data/grid/bosz/r2000/m-0.25/bosz2024_ms_t4750_g+1.0_m-0.25_a+0.00_c+0.00_v2_r2000_resam.txt.gz,1000,4488.75,4500.0,74.57169369137327,4500.0,4500.0,4500.0,3.6520645752865804,3.6532125137753435,0.007298346461195076,3.954258201496933,3.9542221676485805,0.007477294325916068,3.9465988334576347,3.9542221676485805,3.961279480506744,0.0435,0.0,0.1409175290728588,0.0,0.0,0.0,0.5229499999999999,0.55,0.1055499763145402,0.5,0.55,0.55,15.934561374308082,1000,4549.0,4500.0,140.4421589124861,4500.0,4500.0,4750.0,3.657709165379896,3.6532125137753435,0.01339983608203156,3.960566488637336,3.9604126015479304,0.007151504710960929,3.953220139066631,3.9604126015479304,3.9674342245783536,1.3995,1.5,0.8646674216136514,0.5,1.5,2.5,0.5679000000000001,0.5,0.1830425906722258,0.45,0.5,0.8,1.7910446678532623
460,74.257486,-67.995209,4750,0.0,0.3,4.040411962754941,8.421264659828731,/Users/shannonbowes/Research/ysg/candidates_and_lcs/2022_asassn_lc_data/pysynphot_data/grid/bosz/r2000/m-0.25/bosz2024_ms_t4750_g+0.0_m-0.25_a+0.00_c+0.00_v2_r2000_resam.txt.gz,5500,1.5,0.8,4.059518916155524,0.005224674027530228,/Users/shannonbowes/Research/ysg/candidates_and_lcs/2022_asassn_lc_data/pysynphot_data/grid/bosz/r2000/m-0.25/bosz2024_ms_t5500_g+1.5_m-0.25_a+0.00_c+0.00_v2_r2000_resam.txt.gz,1000,4750.0,4750.0,0.0,4750.0,4750.0,4750.0,3.6766936096248646,3.6766936096248664,1.7763568394002505e-15,4.0184475079013,4.018454079194136,0.006925210247450633,4.011527660709604,4.018454079194136,4.025464335664911,0.0,0.0,0.0,0.0,0.0,0.0,0.2491,0.25,0.02914086477783389,0.2,0.25,0.3,41.13578710141631,1000,5316.25,5500.0,225.93901278884974,5000.0,5500.0,5500.0,3.72520746528161,3.7403626894942437,0.018658815402184316,4.044807529858823,4.044635874638504,0.00834745997424135,4.036525824991912,4.044635874638504,4.05320690441373,1.1915,1.0,0.845622699553412,0.5,1.0,2.5,0.70345,0.85,0.23206808806899756,0.4,0.85,0.9,1.624924201719119
461,74.284954,-67.046066,9000,2.5,0.9,4.1346409135187265,0.1484695404199007,/Users/shannonbowes/Research/ysg/candidates_and_lcs/2022_asassn_lc_data/pysynphot_data/grid/bosz/r2000/m-0.25/bosz2024_ap_t9000_g+2.5_m-0.25_a+0.00_c+0.00_v2_r2000_resam.txt.gz,7000,2.0,0.3,4.080887487212141,0.005414459637665193,/Users/shannonbowes/Research/ysg/candidates_and_lcs/2022_asassn_lc_data/pysynphot_data/grid/bosz/r2000/m-0.25/bosz2024_ms_t7000_g+2.0_m-0.25_a+0.00_c+0.00_v2_r2000_resam.txt.gz,1000,8341.0,8750.0,899.5660064720098,7000.0,8750.0,9250.0,3.9185747090685354,3.942008053022313,0.048458705271378424,4.129200615686492,4.128837468608419,0.009337471281472564,4.119723104342615,4.128837468608419,4.138750069417139,2.199,2.0,0.269070622699692,2.0,2.0,2.5,0.66175,0.85,0.3359679114141706,0.15,0.85,0.95,4.4727586333498435,1000,7630.25,7000.0,1011.2974030916919,7000.0,7000.0,9000.0,3.879078405553981,3.845098040014257,0.053503954678922626,4.115389182439814,4.111372274801515,0.023400090892105832,4.0958780385901985,4.111372274801515,4.132147556227153,2.1135,2.0,0.3651954955910601,1.5,2.0,2.5,0.41015,0.2,0.32655700497769147,0.15,0.2,0.95,1.840889391887181
462,74.286438,-66.866669,4500,0.0,0.4,3.9597033891298246,0.14634367565284234,/Users/shannonbowes/Research/ysg/candidates_and_lcs/2022_asassn_lc_data/pysynphot_data/grid/bosz/r2000/m-0.25/bosz2024_ms_t4500_g+0.0_m-0.25_a+0.00_c+0.00_v2_r2000_resam.txt.gz,4750,2.5,0.85,3.9573185245955003,0.015921109081822753,/Users/shannonbowes/Research/ysg/candidates_and_lcs/2022_asassn_lc_data/pysynphot_data/grid/bosz/r2000/m-0.25/bosz2024_ms_t4750_g+2.5_m-0.25_a+0.00_c+0.00_v2_r2000_resam.txt.gz,1000,4464.25,4500.0,113.61970559722464,4250.0,4500.0,4500.0,3.6496063568118924,3.6532125137753435,0.01114233984976904,3.953540635816832,3.954023642278424,0.008041646292615107,3.945542043441794,3.954023642278424,3.9616755253334692,0.166,0.0,0.2691542308788773,0.0,0.0,0.5,0.39505000000000007,0.4,0.15550883415420488,0.19200000000000017,0.4,0.5,6.4229284891844065,1000,4580.0,4500.0,159.60889699512367,4500.0,4500.0,4750.0,3.66060168383376,3.6532125137753435,0.015140157165038571,3.9575898760187656,3.957531171738778,0.008500062664984702,3.9490573130096953,3.957531171738778,3.9661332445811697,1.303,1.5,0.8978813952855912,0.0,1.5,2.5,0.56415,0.5,0.21894583234215717,0.4,0.5,0.8,3.2217095373815
463,74.290445,-67.022011,9000,2.5,0.5,3.8235581981724254,0.3283103064149753,/Users/shannonbowes/Research/ysg/candidates_and_lcs/2022_asassn_lc_data/pysynphot_data/grid/bosz/r2000/m-0.25/bosz2024_ap_t9000_g+2.5_m-0.25_a+0.00_c+0.00_v2_r2000_resam.txt.gz,8500,2.5,0.4,3.811112772630994,0.01838657946735456,/Users/shannonbowes/Research/ysg/candidates_and_lcs/2022_asassn_lc_data/pysynphot_data/grid/bosz/r2000/m-0.25/bosz2024_ap_t8500_g+2.5_m-0.25_a+0.00_c+0.00_v2_r2000_resam.txt.gz,1000,8882.0,8875.0,424.9423490310186,8500.0,8875.0,9250.0,3.948019912889051,3.948125281230819,0.020595861182033288,3.818594532901543,3.817339271313686,0.011247989330177836,3.8082012485050942,3.817339271313686,3.8286792284763562,2.396,2.5,0.2306165648863932,2.0,2.5,2.5,0.47520000000000007,0.5,0.1072611765738191,0.4,0.5,0.55,7.268132505984948,1000,8122.0,8000.0,617.9530726519612,7750.0,8000.0,8250.0,3.9085935077809166,3.9030899869919438,0.0293239726448641,3.806410286938678,3.802993428335049,0.02342816095962605,3.789232073999933,3.802993428335049,3.818552286906968,2.4165,2.5,0.22864328111711482,2.0,2.5,2.5,0.24334999999999998,0.2,0.1304732827056942,0.15,0.2,0.35,3.827035015966413
464,74.295525,-67.340118,9000,2.5,0.65,4.029361087659422,0.28625178072138224,/Users/shannonbowes/Research/ysg/candidates_and_lcs/2022_asassn_lc_data/pysynphot_data/grid/bosz/r2000/m-0.25/bosz2024_ap_t9000_g+2.5_m-0.25_a+0.00_c+0.00_v2_r2000_resam.txt.gz,9250,2.5,0.65,4.044196001813274,0.013460325891101192,/Users/shannonbowes/Research/ysg/candidates_and_lcs/2022_asassn_lc_data/pysynphot_data/grid/bosz/r2000/m-0.25/bosz2024_ap_t9250_g+2.5_m-0.25_a+0.00_c+0.00_v2_r2000_resam.txt.gz,1000,8458.75,8500.0,367.7443915275935,8250.0,8500.0,8750.0,3.926892098172055,3.929418925714293,0.019011764125253714,4.018644363667731,4.018179523066717,0.007453513852785835,4.011555241196831,4.018179523066717,4.025970866167047,2.1975,2.0,0.24442534647617867,2.0,2.0,2.5,0.5190499999999999,0.55,0.12072529768031222,0.4,0.55,0.65,4.214855104697208,1000,8657.75,7750.0,1455.524797968073,7500.0,7750.0,10500.0,3.9318745280499563,3.88930170250631,0.06753414269830053,4.030576432960272,4.009355638411261,0.05129896415069283,3.99350218175321,4.009355638411261,4.080673931409002,2.2945,2.5,0.3082527372141243,2.0,2.5,2.5,0.4735500000000001,0.35,0.275105248041545,0.2,0.35,0.85,1.8294976943098014
465,74.320065,-68.410988,12000,2.0,0.45,5.029378722874773,6.778402919787053,/Users/shannonbowes/Research/ysg/candidates_and_lcs/2022_asassn_lc_data/pysynphot_data/grid/bosz/r2000/m-0.25/bosz2024_ap_t12000_g+2.0_m-0.25_a+0.00_c+0.00_v2_r2000_resam.txt.gz,10500,2.0,0.3,4.961411628403727,0.018282432341359973,/Users/shannonbowes/Research/ysg/candidates_and_lcs/2022_asassn_lc_data/pysynphot_data/grid/bosz/r2000/m-0.25/bosz2024_ap_t10500_g+2.0_m-0.25_a+0.00_c+0.00_v2_r2000_resam.txt.gz,1000,12000.0,12000.0,0.0,12000.0,12000.0,12000.0,4.079181246047625,4.079181246047625,0.0,5.009164859818615,5.008447941789017,0.015807577219182165,4.992845413774067,5.008447941789017,5.0250361806833,2.0,2.0,0.0,2.0,2.0,2.0,0.52135,0.5,0.0416134293227559,0.5,0.5,0.55,34.16458722930975,1000,11275.25,12000.0,1585.3390607374815,8750.0,12000.0,12000.0,4.047317400057805,4.079181246047625,0.06656783547355254,4.883572059702452,4.887490079152334,0.10624347946274004,4.766438213018831,4.887490079152334,4.9863931847026,2.1345,2.0,0.31726920745638076,2.0,2.0,2.5,0.643,0.7,0.22887988116040256,0.35,0.7,0.9,7.214442611839157
466,74.353067,-68.844727,4000,0.0,0.75,3.7586509685353096,15.2863226817707,/Users/shannonbowes/Research/ysg/candidates_and_lcs/2022_asassn_lc_data/pysynphot_data/grid/bosz/r2000/m-0.25/bosz2024_ms_t4000_g+0.0_m-0.25_a+0.00_c+0.00_v2_r2000_resam.txt.gz,4500,0.0,1.0,3.7656776070248146,3.722603127113491,/Users/shannonbowes/Research/ysg/candidates_and_lcs/2022_asassn_lc_data/pysynphot_data/grid/bosz/r2000/m-0.25/bosz2024_ms_t4500_g+0.0_m-0.25_a+0.00_c+0.00_v2_r2000_resam.txt.gz,1000,4000.5,4000.0,11.169153951844338,4000.0,4000.0,4000.0,3.602112649205407,3.6020599913279625,0.0011762878799143714,3.752986926894251,3.7539770264342103,0.017021385582196864,3.7353764872880255,3.7539770264342103,3.769629746418586,0.0,0.0,0.0,0.0,0.0,0.0,0.75605,0.75,0.08462208636047684,0.7,0.75,0.85,50.412144270549845,1000,4424.25,4500.0,130.19000537675694,4250.0,4500.0,4500.0,3.6456506932703943,3.6532125137753435,0.012828006836657236,3.779151723639401,3.7786381718494715,0.021803178401153984,3.7572758645182804,3.7786381718494715,3.80117181732461,0.0,0.0,0.0,0.0,0.0,0.0,0.9848499999999999,1.0,0.03732261378842591,0.95,1.0,1.0,25.089817672489662
467,74.420186,-66.786026,4750,0.0,0.5,4.046967701628906,0.8118305970397166,/Users/shannonbowes/Research/ysg/candidates_and_lcs/2022_asassn_lc_data/pysynphot_data/grid/bosz/r2000/m-0.25/bosz2024_ms_t4750_g+0.0_m-0.25_a+0.00_c+0.00_v2_r2000_resam.txt.gz,5000,1.0,0.75,4.066459933145438,0.005073402380527634,/Users/shannonbowes/Research/ysg/candidates_and_lcs/2022_asassn_lc_data/pysynphot_data/grid/bosz/r2000/m-0.25/bosz2024_ms_t5000_g+1.0_m-0.25_a+0.00_c+0.00_v2_r2000_resam.txt.gz,1000,4664.0,4750.0,118.76026271442818,4500.0,4750.0,4750.0,3.6686161126526295,3.6766936096248664,0.01115448444764801,4.054768710368613,4.055148918452538,0.00750725100076915,4.0471898920637575,4.055148918452538,4.062071928077457,0.0725,0.0,0.1760504189145825,0.0,0.0,0.0,0.4065000000000001,0.5,0.16278129499423452,0.15,0.5,0.55,12.392680041007036,1000,4852.75,4750.0,223.8971583115784,4750.0,4750.0,5000.0,3.6855264746140537,3.6766936096248664,0.020014041143960184,4.063235985582306,4.063332619188019,0.0075791366359773595,4.055715748565158,4.063332619188019,4.070598876962272,1.007,1.0,0.8242881777630928,0.0,1.0,2.0,0.5778,0.5,0.2562072598503017,0.35,0.5,0.8,1.8644337611448667
468,74.432613,-66.857719,8000,2.0,0.45,3.9231879051497223,0.2483493566577828,/Users/shannonbowes/Research/ysg/candidates_and_lcs/2022_asassn_lc_data/pysynphot_data/grid/bosz/r2000/m-0.25/bosz2024_ap_t8000_g+2.0_m-0.25_a+0.00_c+0.00_v2_r2000_resam.txt.gz,7750,2.5,0.3,3.9242470993658385,0.011186606732150285,/Users/shannonbowes/Research/ysg/candidates_and_lcs/2022_asassn_lc_data/pysynphot_data/grid/bosz/r2000/m-0.25/bosz2024_ms_t7750_g+2.5_m-0.25_a+0.00_c+0.00_v2_r2000_resam.txt.gz,1000,8418.5,8500.0,530.078060289237,7500.0,8500.0,8750.0,3.924354368023157,3.929418925714293,0.027814998048500378,3.934248620010286,3.933795009295995,0.008844708502193288,3.925533995401475,3.933795009295995,3.942509859476163,2.1035,2.0,0.2025777628467646,2.0,2.0,2.5,0.5065500000000001,0.55,0.18361535202700235,0.2,0.55,0.65,6.8785765964208965,1000,7863.0,7500.0,1036.8731841454864,7250.0,7500.0,8250.0,3.892423444656929,3.8750612633917,0.050189824269534465,3.921635908727936,3.914034705988515,0.03248928233895722,3.900016946111324,3.914034705988515,3.932447891125753,2.23,2.0,0.2647640458974745,2.0,2.0,2.5,0.29510000000000003,0.2,0.23174552854370245,0.15,0.2,0.5079999999999985,3.3485325306957683
469,74.434938,-69.521049,8000,2.0,0.45,3.9786937135640286,1.75842866229618,/Users/shannonbowes/Research/ysg/candidates_and_lcs/2022_asassn_lc_data/pysynphot_data/grid/bosz/r2000/m-0.25/bosz2024_ap_t8000_g+2.0_m-0.25_a+0.00_c+0.00_v2_r2000_resam.txt.gz,7750,2.0,0.5,3.9455272081406285,0.11834317311136974,/Users/shannonbowes/Research/ysg/candidates_and_lcs/2022_asassn_lc_data/pysynphot_data/grid/bosz/r2000/m-0.25/bosz2024_ms_t7750_g+2.0_m-0.25_a+0.00_c+0.00_v2_r2000_resam.txt.gz,1000,8643.75,8750.0,369.3215908933568,8250.0,8750.0,9000.0,3.936300333938235,3.942008053022313,0.018751442745621873,3.9877391224482697,3.9875439453491968,0.007236715362872341,3.9807613089742033,3.9875439453491968,3.995108011074077,2.224,2.0,0.24864432428672087,2.0,2.0,2.5,0.6467999999999999,0.65,0.110814078527956,0.55,0.65,0.75,18.05977263972205,1000,7677.0,7500.0,307.68652879188585,7500.0,7500.0,7750.0,3.8848788215651093,3.8750612633917,0.016060752227542465,3.957642472766789,3.957014046352647,0.01200570885307853,3.9469365287989016,3.957014046352647,3.9676309071974867,2.4155,2.5,0.19133674503346185,2.0,2.5,2.5,0.3848499999999999,0.35,0.10318903769296427,0.3,0.35,0.45,11.134711227256979
470,74.437683,-65.708374,5250,0.5,0.15,4.055270734568755,1.4572878341206739,/Users/shannonbowes/Research/ysg/candidates_and_lcs/2022_asassn_lc_data/pysynphot_data/grid/bosz/r2000/m-0.25/bosz2024_ms_t5250_g+0.5_m-0.25_a+0.00_c+0.00_v2_r2000_resam.txt.gz,6250,1.5,1.0,4.069884283291808,0.32960179349568675,/Users/shannonbowes/Research/ysg/candidates_and_lcs/2022_asassn_lc_data/pysynphot_data/grid/bosz/r2000/m-0.25/bosz2024_ms_t6250_g+1.5_m-0.25_a+0.00_c+0.00_v2_r2000_resam.txt.gz,1000,5822.25,5750.0,172.74963820512042,5750.0,5750.0,6000.0,3.764897591187112,3.7596678446896306,0.012992615126113712,4.050905156908845,4.051108909662624,0.007597297074465899,4.043140161931087,4.051108909662624,4.0585343913226515,0.8255,1.0,0.36578648143418313,0.5,1.0,1.0,0.7194,0.7,0.17761936831325575,0.6,0.7,0.9,19.931137596191835,1000,6321.75,6250.0,177.59346130981288,6250.0,6250.0,6500.0,3.8006636985818454,3.7958800173440754,0.012323583179939241,4.081816329914656,4.080821494574694,0.014825661645421947,4.067383474909608,4.080821494574694,4.096447726021007,1.8285,2.0,0.5986131889626222,1.0,2.0,2.5,0.9521499999999998,1.0,0.09761084724558024,0.9,1.0,1.0,12.222030787241328
471,74.445788,-69.215889,4750,0.0,0.5,4.074049121213053,0.2951900511384437,/Users/shannonbowes/Research/ysg/candidates_and_lcs/2022_asassn_lc_data/pysynphot_data/grid/bosz/r2000/m-0.25/bosz2024_ms_t4750_g+0.0_m-0.25_a+0.00_c+0.00_v2_r2000_resam.txt.gz,4750,2.5,0.45,4.100849047355868,0.004370186971432771,/Users/shannonbowes/Research/ysg/candidates_and_lcs/2022_asassn_lc_data/pysynphot_data/grid/bosz/r2000/m-0.25/bosz2024_ms_t4750_g+2.5_m-0.25_a+0.00_c+0.00_v2_r2000_resam.txt.gz,1000,4775.0,4750.0,109.54451150103323,4750.0,4750.0,4750.0,3.678859809337924,3.6766936096248664,0.009917607359668469,4.081333410608633,4.082073037889104,0.009776605846268568,4.070907544325668,4.082073037889104,4.0904895576500895,0.091,0.0,0.23920493305950025,0.0,0.0,0.0,0.59545,0.55,0.17591701879011024,0.5,0.55,0.7579999999999985,7.799172579953589,1000,4933.0,5000.0,206.7873303662485,4750.0,5000.0,5250.0,3.692727825252463,3.6989700043360187,0.018269231652261332,4.092868560397982,4.092678264329399,0.016262308186652006,4.076419178929069,4.092678264329399,4.109941435579214,1.064,1.0,0.9438771106452366,0.0,1.0,2.5,0.7284,0.8,0.23278410598664162,0.45,0.8,1.0,4.8871685881728375
472,74.447295,-69.391327,9500,2.5,0.3,4.0705563891808865,6.3712204659967755,/Users/shannonbowes/Research/ysg/candidates_and_lcs/2022_asassn_lc_data/pysynphot_data/grid/bosz/r2000/m-0.25/bosz2024_ap_t9500_g+2.5_m-0.25_a+0.00_c+0.00_v2_r2000_resam.txt.gz,8500,2.5,0.3,3.9952599773405475,4.182688356814029,/Users/shannonbowes/Research/ysg/candidates_and_lcs/2022_asassn_lc_data/pysynphot_data/grid/bosz/r2000/m-0.25/bosz2024_ap_t8500_g+2.5_m-0.25_a+0.00_c+0.00_v2_r2000_resam.txt.gz,1000,9516.5,9500.0,409.24045498948414,9000.0,9500.0,10000.0,3.978083300181486,3.9777236052888476,0.018412632407667707,4.0584405451679695,4.058317705067012,0.014125433639811663,4.044311023049495,4.058317705067012,4.072179388603685,2.3885,2.5,0.29802306957683666,2.0,2.5,2.5,0.38285,0.35,0.07227293753542885,0.3,0.35,0.45,30.984712033069584,1000,8634.25,8500.0,201.96395099125982,8500.0,8500.0,8750.0,3.936106891604846,3.929418925714293,0.01009006596224601,4.000827516595092,3.997920358571832,0.020258914452528243,3.9824035736961596,3.997920358571832,4.019268557951119,2.4985,2.5,0.027345017827750638,2.5,2.5,2.5,0.30129999999999996,0.3,0.00795675813381304,0.3,0.3,0.3,23.40182633042301
473,74.467946,-69.392502,9750,2.5,0.5,4.21593318124041,1.0670505116145867,/Users/shannonbowes/Research/ysg/candidates_and_lcs/2022_asassn_lc_data/pysynphot_data/grid/bosz/r2000/m-0.25/bosz2024_ap_t9750_g+2.5_m-0.25_a+0.00_c+0.00_v2_r2000_resam.txt.gz,10500,2.0,0.5,4.276382455708485,0.00665682958823342,/Users/shannonbowes/Research/ysg/candidates_and_lcs/2022_asassn_lc_data/pysynphot_data/grid/bosz/r2000/m-0.25/bosz2024_ap_t10500_g+2.0_m-0.25_a+0.00_c+0.00_v2_r2000_resam.txt.gz,1000,8889.25,8750.0,243.76615331091395,8750.0,8750.0,9000.0,3.948706097437171,3.942008053022313,0.01167870232491057,4.197430528638799,4.19723527455768,0.016526982277751717,4.180463374070981,4.19723527455768,4.214514186373953,2.412,2.5,0.19686543627564485,2.0,2.5,2.5,0.3133499999999999,0.3,0.040426198188798314,0.3,0.3,0.3,11.925555397321878,1000,11033.5,11000.0,1211.3536849326872,9750.0,11000.0,12000.0,4.040103563818363,4.041392685158225,0.04762979077334952,4.393878499812334,4.392556526295657,0.10292056533683223,4.285425700592893,4.392556526295657,4.491908403075313,2.4755,2.5,0.43663457261192684,2.0,2.5,3.0,0.3213499999999999,0.3,0.05819516732513105,0.3,0.3,0.35,4.939292110267355
474,74.489212,-69.538612,12000,2.0,0.5,4.4269875836525125,0.5323983566900226,/Users/shannonbowes/Research/ysg/candidates_and_lcs/2022_asassn_lc_data/pysynphot_data/grid/bosz/r2000/m-0.25/bosz2024_ap_t12000_g+2.0_m-0.25_a+0.00_c+0.00_v2_r2000_resam.txt.gz,12000,2.5,0.8,4.311501256679968,0.0066369373061750505,/Users/shannonbowes/Research/ysg/candidates_and_lcs/2022_asassn_lc_data/pysynphot_data/grid/bosz/r2000/m-0.25/bosz2024_ap_t12000_g+2.5_m-0.25_a+0.00_c+0.00_v2_r2000_resam.txt.gz,1000,12091.25,12000.0,433.7175780389815,12000.0,12000.0,12000.0,4.082215965953561,4.079181246047625,0.014556549440753967,4.435941075928652,4.432238448356319,0.033666764185823095,4.40762905735206,4.432238448356319,4.4610775997363,2.05,2.0,0.21794494717703364,2.0,2.0,2.0,0.53465,0.55,0.0667598494605852,0.45,0.55,0.6,13.95992531467308,1000,9352.25,8750.0,1377.5367281854956,8250.0,8750.0,10250.0,3.9668059263782953,3.942008053022313,0.05783566426455455,4.227513031717984,4.215349972382057,0.07932382783607586,4.157302022098539,4.215349972382057,4.291182132351823,2.555,2.5,0.3097983214931934,2.5,2.5,3.0,0.4105499999999999,0.3,0.17385683046691033,0.3,0.3,0.6,3.29896614276994
475,74.512659,-68.906418,8250,2.0,0.7,4.087612723807499,0.3585313590098794,/Users/shannonbowes/Research/ysg/candidates_and_lcs/2022_asassn_lc_data/pysynphot_data/grid/bosz/r2000/m-0.25/bosz2024_ap_t8250_g+2.0_m-0.25_a+0.00_c+0.00_v2_r2000_resam.txt.gz,8250,2.5,0.7,4.08273661652312,0.011683061464164854,/Users/shannonbowes/Research/ysg/candidates_and_lcs/2022_asassn_lc_data/pysynphot_data/grid/bosz/r2000/m-0.25/bosz2024_ap_t8250_g+2.5_m-0.25_a+0.00_c+0.00_v2_r2000_resam.txt.gz,1000,8429.5,8500.0,400.5056179381258,8250.0,8500.0,8750.0,3.9252996220325387,3.929418925714293,0.02102086640779877,4.098207200567811,4.0980222396095884,0.006414409879206056,4.0920037125725335,4.0980222396095884,4.104551725006211,2.158,2.0,0.23245644753372618,2.0,2.0,2.5,0.72835,0.75,0.1396022116586983,0.65,0.75,0.85,6.186346170857876,1000,8405.5,8250.0,902.050303475366,7250.0,8250.0,9500.0,3.9220906994492344,3.916453948549925,0.04623857626435887,4.089381704930782,4.084601099538142,0.022354460835015046,4.071046718290561,4.084601099538142,4.109683566438761,2.3455,2.5,0.26810399101841065,2.0,2.5,2.5,0.7052999999999999,0.75,0.25680130451382055,0.35,0.75,1.0,2.406891974148537
476,74.523225,-69.454338,5500,2.5,0.6,4.063266415861858,533.4856251821575,/Users/shannonbowes/Research/ysg/candidates_and_lcs/2022_asassn_lc_data/pysynphot_data/grid/bosz/r2000/m-0.25/bosz2024_ms_t5500_g+2.5_m-0.25_a+0.00_c+0.00_v2_r2000_resam.txt.gz,5250,2.5,1.0,3.9829665445267195,0.4751104325813221,/Users/shannonbowes/Research/ysg/candidates_and_lcs/2022_asassn_lc_data/pysynphot_data/grid/bosz/r2000/m-0.25/bosz2024_ms_t5250_g+2.5_m-0.25_a+0.00_c+0.00_v2_r2000_resam.txt.gz,1000,5500.0,5500.0,0.0,5500.0,5500.0,5500.0,3.7403626894942423,3.7403626894942437,1.3322676295501878e-15,4.062432068324404,4.062635161012953,0.007916260652944223,4.054653637524704,4.062635161012953,4.070301566071129,2.5,2.5,0.0,2.5,2.5,2.5,0.6294500000000001,0.65,0.03542876656052254,0.6,0.65,0.65,695.4602305808489,1000,4911.5,5000.0,161.37766264263465,4750.0,5000.0,5000.0,3.6909803271410366,3.6989700043360187,0.014243207932854626,3.9639708581531288,3.964364584201237,0.00752906542431987,3.956407157425053,3.964364584201237,3.9714744139960287,2.1795,2.5,0.6277178904571703,1.5,2.5,2.5,0.7139500000000001,0.8,0.17206945545331398,0.5,0.8,0.85,12.69542033515932
477,74.527298,-67.241653,9750,2.5,0.75,3.9030428576429146,0.36446122623326754,/Users/shannonbowes/Research/ysg/candidates_and_lcs/2022_asassn_lc_data/pysynphot_data/grid/bosz/r2000/m-0.25/bosz2024_ap_t9750_g+2.5_m-0.25_a+0.00_c+0.00_v2_r2000_resam.txt.gz,8500,2.5,0.5,3.8811912372929047,0.001993162366661928,/Users/shannonbowes/Research/ysg/candidates_and_lcs/2022_asassn_lc_data/pysynphot_data/grid/bosz/r2000/m-0.25/bosz2024_ap_t8500_g+2.5_m-0.25_a+0.00_c+0.00_v2_r2000_resam.txt.gz,1000,10937.75,11000.0,673.0062685443576,10250.0,11000.0,11500.0,4.038069644563854,4.041392685158225,0.0276443164529014,3.958866242962464,3.957931563018036,0.02802028366317601,3.9313552735993533,3.957931563018036,3.9856851134352085,2.616,3.0,0.43536651226294387,2.0,3.0,3.0,0.90745,0.95,0.1159611896282545,0.8,0.95,1.0,11.131643984953913,1000,7750.0,7750.0,645.2712607888252,7500.0,7750.0,8000.0,3.888065787613344,3.88930170250631,0.03130985582122149,3.872417515603144,3.8689092469159165,0.029472130295230395,3.8493744740669076,3.8689092469159165,3.8915322852131182,2.375,2.5,0.23743420141167532,2.0,2.5,2.5,0.26915000000000006,0.25,0.1204814404794365,0.2,0.25,0.3,6.547525197614817
478,74.537554,-67.306412,9000,2.5,0.55,3.9476341750766406,0.2009152455063725,/Users/shannonbowes/Research/ysg/candidates_and_lcs/2022_asassn_lc_data/pysynphot_data/grid/bosz/r2000/m-0.25/bosz2024_ap_t9000_g+2.5_m-0.25_a+0.00_c+0.00_v2_r2000_resam.txt.gz,7750,2.5,0.2,3.914190500068731,0.004686320615765292,/Users/shannonbowes/Research/ysg/candidates_and_lcs/2022_asassn_lc_data/pysynphot_data/grid/bosz/r2000/m-0.25/bosz2024_ap_t7750_g+2.5_m-0.25_a+0.00_c+0.00_v2_r2000_resam.txt.gz,1000,8728.25,8750.0,343.82326491963863,8250.0,8750.0,9000.0,3.940589231212873,3.942008053022313,0.01714792733278689,3.9434162236374206,3.9427120203487425,0.008740263671609601,3.934571758798235,3.9427120203487425,3.952677701492338,2.23,2.0,0.24919871588754222,2.0,2.0,2.5,0.4591,0.45,0.09490621686696821,0.35,0.45,0.55,5.208116566082971,1000,9406.25,8500.0,1730.2162978945726,8000.0,8500.0,11250.0,3.966705897345041,3.929418925714293,0.07468934281849762,3.967253838871089,3.935428787030709,0.0749853879657364,3.9107185719172617,3.935428787030709,4.03066039789088,2.5265,2.5,0.35291323296243793,2.0,2.5,3.0,0.5293000000000001,0.475,0.25599123031854043,0.25,0.475,0.85,2.020292876703707
479,74.565514,-70.532059,7250,2.5,0.25,4.0974534520726476,0.12163900233228638,/Users/shannonbowes/Research/ysg/candidates_and_lcs/2022_asassn_lc_data/pysynphot_data/grid/bosz/r2000/m-0.25/bosz2024_ms_t7250_g+2.5_m-0.25_a+0.00_c+0.00_v2_r2000_resam.txt.gz,7250,2.0,0.5,4.02046308978255,0.017545324979954965,/Users/shannonbowes/Research/ysg/candidates_and_lcs/2022_asassn_lc_data/pysynphot_data/grid/bosz/r2000/m-0.25/bosz2024_ms_t7250_g+2.0_m-0.25_a+0.00_c+0.00_v2_r2000_resam.txt.gz,1000,7542.5,7500.0,412.5454520413478,7250.0,7500.0,7750.0,3.876908855803019,3.8750612633917,0.022568012966964382,4.096919612188207,4.0966686461718425,0.007922817752829155,4.089483634821938,4.0966686461718425,4.104709643788248,2.213,2.0,0.24825591634440453,2.0,2.0,2.5,0.39429999999999993,0.35,0.16960987589170626,0.25,0.35,0.5,6.522514417984492,1000,7477.75,7500.0,442.93615510590234,7250.0,7500.0,7750.0,3.8730833472633277,3.8750612633917,0.023874334529920997,4.105313574303231,4.102938693732371,0.031295252977237474,4.073743063092104,4.102938693732371,4.135258723749221,2.2215,2.5,0.3165244856247302,2.0,2.5,2.5,0.33265,0.25,0.1510346897239174,0.25,0.25,0.45,4.56473471220741
480,74.636575,-70.346024,5000,0.0,0.25,3.9430816359994063,47.93369377067799,/Users/shannonbowes/Research/ysg/candidates_and_lcs/2022_asassn_lc_data/pysynphot_data/grid/bosz/r2000/m-0.25/bosz2024_ms_t5000_g+0.0_m-0.25_a+0.00_c+0.00_v2_r2000_resam.txt.gz,5500,0.5,0.6,3.9646717296519887,19.94417659787135,/Users/shannonbowes/Research/ysg/candidates_and_lcs/2022_asassn_lc_data/pysynphot_data/grid/bosz/r2000/m-0.25/bosz2024_ms_t5500_g+0.5_m-0.25_a+0.00_c+0.00_v2_r2000_resam.txt.gz,1000,5000.0,5000.0,0.0,5000.0,5000.0,5000.0,3.698970004336019,3.6989700043360187,4.440892098500626e-16,3.956872101317486,3.957030148740808,0.0063382029321976535,3.9504265828252825,3.957030148740808,3.963300096260935,0.0,0.0,0.0,0.0,0.0,0.0,0.25,0.25,0.0,0.25,0.25,0.25,107.10582291712065,1000,5640.75,5750.0,205.5527608668879,5500.0,5750.0,5750.0,3.7510434777392576,3.7596678446896306,0.016033589961611912,3.984332479342889,3.984741037259079,0.00801068540737882,3.9763894065391017,3.984741037259079,3.9921312790811982,0.546,0.5,0.1920520762709948,0.5,0.5,0.5,0.66855,0.75,0.19188120674000358,0.45,0.75,0.8,61.02621125691262
481,74.668893,-70.527405,12000,2.0,0.3,4.25124793964538,0.39424083890560513,/Users/shannonbowes/Research/ysg/candidates_and_lcs/2022_asassn_lc_data/pysynphot_data/grid/bosz/r2000/m-0.25/bosz2024_ap_t12000_g+2.0_m-0.25_a+0.00_c+0.00_v2_r2000_resam.txt.gz,13500,3.0,0.55,4.2800027747596925,0.012528901789258577,/Users/shannonbowes/Research/ysg/candidates_and_lcs/2022_asassn_lc_data/pysynphot_data/grid/bosz/r2000/m-0.25/bosz2024_ap_t13500_g+3.0_m-0.25_a+0.00_c+0.00_v2_r2000_resam.txt.gz,1000,12107.0,12000.0,583.460367120167,11750.0,12000.0,12000.0,4.082570864242031,4.079181246047625,0.019715842540912604,4.251173624247836,4.243827795672795,0.03020492804271821,4.231529995674364,4.243827795672795,4.258343556546424,2.091,2.0,0.28673855687716643,2.0,2.0,2.0,0.3374499999999999,0.35,0.054863444113544324,0.3,0.35,0.35,8.82790566956428,1000,10792.5,10500.0,955.6771159758928,10000.0,10500.0,11750.0,4.03154236053837,4.021189299069938,0.03638621963285818,4.149358445695428,4.134687837831063,0.060736296322696864,4.098332286567623,4.134687837831063,4.2090797154744655,2.6265,3.0,0.42100801655075415,2.0,3.0,3.0,0.2907,0.25,0.07157869794848186,0.25,0.25,0.35,3.1512220065725614
482,74.676973,-69.690598,4500,0.0,0.95,4.272797196514166,1.088576226946337,/Users/shannonbowes/Research/ysg/candidates_and_lcs/2022_asassn_lc_data/pysynphot_data/grid/bosz/r2000/m-0.25/bosz2024_ms_t4500_g+0.0_m-0.25_a+0.00_c+0.00_v2_r2000_resam.txt.gz,4500,0.0,0.95,4.267107720983405,0.00446405142259744,/Users/shannonbowes/Research/ysg/candidates_and_lcs/2022_asassn_lc_data/pysynphot_data/grid/bosz/r2000/m-0.25/bosz2024_ms_t4500_g+0.0_m-0.25_a+0.00_c+0.00_v2_r2000_resam.txt.gz,1000,4365.5,4250.0,124.63847720507499,4250.0,4250.0,4500.0,3.639857425731277,3.6283889300503116,0.01237589469704264,4.263084107034044,4.262897222059907,0.007585315438199343,4.255767733804121,4.262897222059907,4.270559895082811,0.0035,0.0,0.04168632869418941,0.0,0.0,0.0,0.7348,0.6,0.21285901437336405,0.5,0.6,0.95,15.199321966757159,1000,4449.0,4500.0,100.74224535913422,4250.0,4500.0,4500.0,3.648148502695437,3.6532125137753435,0.010003134249280702,4.267469375347926,4.2673456179966776,0.007154171791685984,4.260433077209295,4.2673456179966776,4.274580332302115,0.545,0.5,0.7024777576550022,0.0,0.5,1.0,0.804,0.85,0.16893489870361306,0.55,0.85,0.95,3.839500227925863
483,74.714423,-67.052444,9750,2.5,0.5,4.058078316496074,0.12140819913932284,/Users/shannonbowes/Research/ysg/candidates_and_lcs/2022_asassn_lc_data/pysynphot_data/grid/bosz/r2000/m-0.25/bosz2024_ap_t9750_g+2.5_m-0.25_a+0.00_c+0.00_v2_r2000_resam.txt.gz,10250,3.0,0.55,4.064595690517591,0.000971180845842995,/Users/shannonbowes/Research/ysg/candidates_and_lcs/2022_asassn_lc_data/pysynphot_data/grid/bosz/r2000/m-0.25/bosz2024_ap_t10250_g+3.0_m-0.25_a+0.00_c+0.00_v2_r2000_resam.txt.gz,1000,9278.5,9250.0,457.78024203759605,8750.0,9250.0,9750.0,3.966960117296765,3.9661417327390325,0.021098983348513983,4.05450103655082,4.0534926465709695,0.015313530844005335,4.038684549484868,4.0534926465709695,4.068674268197753,2.3455,2.5,0.29305246970465887,2.0,2.5,2.5,0.3595,0.35,0.08820289110907874,0.25,0.35,0.45,4.775825613510035,1000,10202.75,10250.0,1845.7938502172988,8500.0,10250.0,12000.0,4.001995094054707,4.010723865391773,0.07539767286746173,4.089365139327931,4.064873987713548,0.09044419634019192,4.006671807300503,4.064873987713548,4.190837165170334,2.6115,2.5,0.3725825411905394,2.0,2.5,3.0,0.46465,0.45,0.217836813922716,0.2,0.45,0.7,2.1335219965313734
484,74.717101,-69.425728,7000,1.5,0.3,4.148387325341746,0.18470200491237385,/Users/shannonbowes/Research/ysg/candidates_and_lcs/2022_asassn_lc_data/pysynphot_data/grid/bosz/r2000/m-0.25/bosz2024_ms_t7000_g+1.5_m-0.25_a+0.00_c+0.00_v2_r2000_resam.txt.gz,7500,2.5,0.65,4.121094623627255,0.044340583070182925,/Users/shannonbowes/Research/ysg/candidates_and_lcs/2022_asassn_lc_data/pysynphot_data/grid/bosz/r2000/m-0.25/bosz2024_ms_t7500_g+2.5_m-0.25_a+0.00_c+0.00_v2_r2000_resam.txt.gz,1000,7395.0,7250.0,518.7484939737175,7000.0,7250.0,8000.0,3.867925956530593,3.8603380065709936,0.029255428712299848,4.13927928602341,4.139491682795985,0.008082116372140229,4.130929140454268,4.139491682795985,4.147607668786365,2.208,2.5,0.3335206140555634,2.0,2.5,2.5,0.49954999999999994,0.45,0.22366782848679867,0.3,0.45,0.75,8.632439355272918,1000,7391.75,7500.0,495.8270237693787,6750.0,7500.0,8000.0,3.8677713293287055,3.8750612633917,0.02911192223717122,4.111532935747775,4.111038796624076,0.02479702396160541,4.0873275552603285,4.111038796624076,4.135582623831894,2.3775,2.5,0.26971049293640764,2.0,2.5,2.5,0.61205,0.6,0.2563050867618511,0.3,0.6,0.95,5.231636392789402
485,74.834295,-68.843079,6500,1.0,0.5,4.089434828175629,2.954210309835106,/Users/shannonbowes/Research/ysg/candidates_and_lcs/2022_asassn_lc_data/pysynphot_data/grid/bosz/r2000/m-0.25/bosz2024_ms_t6500_g+1.0_m-0.25_a+0.00_c+0.00_v2_r2000_resam.txt.gz,6250,2.5,0.25,4.091494953048118,0.434361395873782,/Users/shannonbowes/Research/ysg/candidates_and_lcs/2022_asassn_lc_data/pysynphot_data/grid/bosz/r2000/m-0.25/bosz2024_ms_t6250_g+2.5_m-0.25_a+0.00_c+0.00_v2_r2000_resam.txt.gz,1000,6447.25,6500.0,203.48203237632555,6250.0,6500.0,6500.0,3.809164459166809,3.8129133566428557,0.013411035123359179,4.084038038207652,4.084188461659355,0.005930781871398769,4.078419668997242,4.084188461659355,4.089752197407657,1.0445,1.0,0.1525442558735005,1.0,1.0,1.0,0.43589999999999995,0.45,0.13871261658551468,0.3,0.45,0.5,21.4032002835608,1000,6285.0,6250.0,86.74675786448736,6250.0,6250.0,6250.0,3.7982646848459045,3.7958800173440754,0.005910347839099791,4.091805844771647,4.091032157390716,0.009484767883317629,4.0828342178621035,4.091032157390716,4.100293625026782,2.1405,2.5,0.4832284656350451,1.5,2.5,2.5,0.25965,0.25,0.022458350340129607,0.25,0.25,0.3,13.171914503612276
486,74.921413,-69.4561,5250,0.5,0.35,4.078772289449437,3.024032283582786,/Users/shannonbowes/Research/ysg/candidates_and_lcs/2022_asassn_lc_data/pysynphot_data/grid/bosz/r2000/m-0.25/bosz2024_ms_t5250_g+0.5_m-0.25_a+0.00_c+0.00_v2_r2000_resam.txt.gz,5250,2.0,0.35,4.079724093329121,0.41312463677697536,/Users/shannonbowes/Research/ysg/candidates_and_lcs/2022_asassn_lc_data/pysynphot_data/grid/bosz/r2000/m-0.25/bosz2024_ms_t5250_g+2.0_m-0.25_a+0.00_c+0.00_v2_r2000_resam.txt.gz,1000,5297.75,5250.0,134.2849116617351,5250.0,5250.0,5250.0,3.723957968678995,3.720159303405957,0.010649797377576122,4.083529143474985,4.083549459346004,0.0065587203238445186,4.077041233925661,4.083549459346004,4.089714138242681,0.508,0.5,0.0627375485654325,0.5,0.5,0.5,0.4009499999999999,0.35,0.14900200502006675,0.3,0.35,0.4,18.91029338815673,1000,5379.75,5250.0,202.42884552355676,5250.0,5250.0,5500.0,3.730465021399045,3.720159303405957,0.01592726736913965,4.086618849022438,4.086627089002626,0.008196268316292037,4.078595494513574,4.086627089002626,4.095196104874437,2.2605,2.5,0.3954614393338496,2.0,2.5,2.5,0.46775,0.4,0.17770041502483894,0.35,0.4,0.6,11.936146086331656
487,74.931386,-68.523003,6500,1.0,0.95,4.685706456449698,0.24911394688127145,/Users/shannonbowes/Research/ysg/candidates_and_lcs/2022_asassn_lc_data/pysynphot_data/grid/bosz/r2000/m-0.25/bosz2024_ms_t6500_g+1.0_m-0.25_a+0.00_c+0.00_v2_r2000_resam.txt.gz,6500,1.0,0.8,4.7229932878858545,0.008605565007049797,/Users/shannonbowes/Research/ysg/candidates_and_lcs/2022_asassn_lc_data/pysynphot_data/grid/bosz/r2000/m-0.25/bosz2024_ms_t6500_g+1.0_m-0.25_a+0.00_c+0.00_v2_r2000_resam.txt.gz,1000,6201.0,6500.0,359.12950310438157,5750.0,6500.0,6500.0,3.7917197507180314,3.8129133566428557,0.025501331790794293,4.686053836973639,4.685835352315722,0.007013622438232417,4.679264475905394,4.685835352315722,4.693184603949854,0.825,1.0,0.26339134382131846,0.5,1.0,1.0,0.7188499999999999,0.95,0.2986840764085022,0.35,0.95,1.0,7.255656683442455,1000,6268.75,6250.0,389.34038770720923,6000.0,6250.0,6750.0,3.7963558786074745,3.7958800173440754,0.02667358479927313,4.715453262507521,4.714952771673511,0.022776295381297086,4.692907431580607,4.714952771673511,4.7387118214055945,1.7695,2.0,0.6050783007181798,1.0,2.0,2.5,0.58845,0.55,0.28632865294971793,0.25,0.55,0.95,1.928026119835858
488,74.952992,-67.818863,8750,2.5,0.55,4.219021162613009,0.12632580978698857,/Users/shannonbowes/Research/ysg/candidates_and_lcs/2022_asassn_lc_data/pysynphot_data/grid/bosz/r2000/m-0.25/bosz2024_ap_t8750_g+2.5_m-0.25_a+0.00_c+0.00_v2_r2000_resam.txt.gz,9500,2.5,0.85,4.192007756787533,0.0009920017624055508,/Users/shannonbowes/Research/ysg/candidates_and_lcs/2022_asassn_lc_data/pysynphot_data/grid/bosz/r2000/m-0.25/bosz2024_ap_t9500_g+2.5_m-0.25_a+0.00_c+0.00_v2_r2000_resam.txt.gz,1000,8584.25,8500.0,740.161764413699,7750.0,8500.0,9250.0,3.9321560165191185,3.929418925714293,0.03627636459933397,4.24089482245589,4.239353854254057,0.021174589886367143,4.219441105958427,4.239353854254057,4.260815070048384,2.17,2.0,0.2666458325194676,2.0,2.0,2.5,0.43155000000000004,0.4,0.196715778472394,0.2,0.4,0.65,4.223274507876073,1000,10082.5,10500.0,2025.7884267612944,7750.0,10500.0,12000.0,3.9945715841010196,4.021189299069938,0.08896796511660768,4.303364838858692,4.292242373118613,0.09535128199961374,4.2035987226500895,4.292242373118613,4.394526964486919,2.1875,2.0,0.3501339029571401,2.0,2.0,2.5,0.6089,0.7,0.31686083696159106,0.2,0.7,0.95,2.321477650568928
489,74.964046,-70.222679,10500,3.0,0.75,4.251939308295483,0.23898319791781975,/Users/shannonbowes/Research/ysg/candidates_and_lcs/2022_asassn_lc_data/pysynphot_data/grid/bosz/r2000/m-0.25/bosz2024_ap_t10500_g+3.0_m-0.25_a+0.00_c+0.00_v2_r2000_resam.txt.gz,11000,2.0,0.85,4.25069257080345,0.04403747903769705,/Users/shannonbowes/Research/ysg/candidates_and_lcs/2022_asassn_lc_data/pysynphot_data/grid/bosz/r2000/m-0.25/bosz2024_ap_t11000_g+2.0_m-0.25_a+0.00_c+0.00_v2_r2000_resam.txt.gz,1000,9474.0,9500.0,361.350245606669,9250.0,9500.0,9750.0,3.976221509078939,3.9777236052888476,0.01640857151743955,4.227419930970678,4.226762092298788,0.011475868084208913,4.21577273553314,4.226762092298788,4.239590106046068,2.1835,2.0,0.2599572080170119,2.0,2.0,2.5,0.58275,0.6,0.06888350673419581,0.5,0.6,0.65,10.11334961631412,1000,9098.75,8000.0,1711.6690502255394,7750.0,8000.0,11500.0,3.9520057789203857,3.9030899869919438,0.07596058224077545,4.214961557827935,4.178334355831684,0.07374806832884835,4.157173462615739,4.178334355831684,4.312284119109423,2.095,2.0,0.23339880033967614,2.0,2.0,2.0,0.4604499999999999,0.3,0.24803890319867164,0.25,0.3,0.8,6.649373284869027
490,74.998596,-67.085793,7000,2.0,0.4,4.014252551086694,0.1593657566886099,/Users/shannonbowes/Research/ysg/candidates_and_lcs/2022_asassn_lc_data/pysynphot_data/grid/bosz/r2000/m-0.25/bosz2024_ms_t7000_g+2.0_m-0.25_a+0.00_c+0.00_v2_r2000_resam.txt.gz,7000,1.5,0.5,4.010072246276255,0.021510354891716557,/Users/shannonbowes/Research/ysg/candidates_and_lcs/2022_asassn_lc_data/pysynphot_data/grid/bosz/r2000/m-0.25/bosz2024_ms_t7000_g+1.5_m-0.25_a+0.00_c+0.00_v2_r2000_resam.txt.gz,1000,7159.25,7000.0,487.41864705815266,6750.0,7000.0,7750.0,3.85389859698575,3.845098040014257,0.028740432340203247,4.017630820356464,4.017567213875203,0.006070861212180725,4.011491579599732,4.017567213875203,4.023601563100532,1.913,2.0,0.3980339181527122,1.5,2.0,2.5,0.5303,0.45,0.23588537470559723,0.3,0.45,0.85,4.049852070424294,1000,7027.5,6750.0,581.9095720126968,6500.0,6750.0,8000.0,3.8453697241673717,3.829303772831025,0.03491079874133019,4.012156953098903,4.011777870342605,0.010006002748520735,4.002196787505676,4.011777870342605,4.021905004988238,1.965,2.0,0.49626102002877476,1.5,2.0,2.5,0.46935000000000004,0.3,0.29656041121498333,0.2,0.3,0.95,1.8935834108711884
491,75.031533,-68.449997,5250,1.0,0.95,4.617981719507003,1.917974011735061,/Users/shannonbowes/Research/ysg/candidates_and_lcs/2022_asassn_lc_data/pysynphot_data/grid/bosz/r2000/m-0.25/bosz2024_ms_t5250_g+1.0_m-0.25_a+0.00_c+0.00_v2_r2000_resam.txt.gz,5250,1.0,1.0,4.613779104291873,0.366450683867948,/Users/shannonbowes/Research/ysg/candidates_and_lcs/2022_asassn_lc_data/pysynphot_data/grid/bosz/r2000/m-0.25/bosz2024_ms_t5250_g+1.0_m-0.25_a+0.00_c+0.00_v2_r2000_resam.txt.gz,1000,5242.5,5250.0,42.64680527307995,5250.0,5250.0,5250.0,3.7195236244338585,3.720159303405957,0.0036146236452348464,4.622575313535981,4.622230089278243,0.007058065708597466,4.61561255683184,4.622230089278243,4.629717678578263,0.9455,1.0,0.237233534728967,0.5,1.0,1.0,0.98405,1.0,0.03966229317626504,0.95,1.0,1.0,21.212016946748683,1000,5185.5,5250.0,109.95339921985132,5000.0,5250.0,5250.0,3.7146913771502716,3.720159303405957,0.009323709891321827,4.619796038151024,4.619396074555319,0.007624908551147967,4.612447442977249,4.619396074555319,4.627677934988811,0.3785,0.5,0.22910205149670745,0.0,0.5,0.5,0.9421499999999999,1.0,0.09028221031853395,0.8,1.0,1.0,17.015805122355744
492,75.04305,-67.152191,8250,2.5,0.3,3.8548719941057144,0.2315819941397344,/Users/shannonbowes/Research/ysg/candidates_and_lcs/2022_asassn_lc_data/pysynphot_data/grid/bosz/r2000/m-0.25/bosz2024_ap_t8250_g+2.5_m-0.25_a+0.00_c+0.00_v2_r2000_resam.txt.gz,8250,2.5,0.35,3.8330750288230213,0.018140924905302953,/Users/shannonbowes/Research/ysg/candidates_and_lcs/2022_asassn_lc_data/pysynphot_data/grid/bosz/r2000/m-0.25/bosz2024_ap_t8250_g+2.5_m-0.25_a+0.00_c+0.00_v2_r2000_resam.txt.gz,1000,8447.5,8500.0,353.1908124512867,8000.0,8500.0,8750.0,3.926350758093229,3.929418925714293,0.018082457066253933,3.844099015924688,3.8437831937435973,0.008736600284616411,3.835220748353944,3.8437831937435973,3.8524091612527145,2.3145,2.5,0.24153622916655798,2.0,2.5,2.5,0.36210000000000003,0.35,0.11051511208879987,0.2,0.35,0.5,6.42456486349489,1000,8094.75,8000.0,541.1422525547233,7750.0,8000.0,8250.0,3.907398220935871,3.9030899869919438,0.025310132323065834,3.834175627534661,3.8319273422394304,0.023087739959149506,3.8169461101282662,3.8319273422394304,3.8467764133612596,2.383,2.5,0.23518290754219362,2.0,2.5,2.5,0.25925000000000004,0.25,0.10402854175657755,0.2,0.25,0.3,4.129515087846722
493,75.133394,-67.940735,8500,2.0,0.45,3.926504636664121,0.2563947612598806,/Users/shannonbowes/Research/ysg/candidates_and_lcs/2022_asassn_lc_data/pysynphot_data/grid/bosz/r2000/m-0.25/bosz2024_ap_t8500_g+2.0_m-0.25_a+0.00_c+0.00_v2_r2000_resam.txt.gz,8000,2.5,0.25,3.9032323024144975,0.028284353393113453,/Users/shannonbowes/Research/ysg/candidates_and_lcs/2022_asassn_lc_data/pysynphot_data/grid/bosz/r2000/m-0.25/bosz2024_ap_t8000_g+2.5_m-0.25_a+0.00_c+0.00_v2_r2000_resam.txt.gz,1000,8803.25,8750.0,331.62770918606907,8500.0,8750.0,9000.0,3.9443369115399527,3.942008053022313,0.016282492031731148,3.946923670423519,3.9458516840001145,0.009534467049043045,3.937819486807996,3.9458516840001145,3.9572187574447737,2.15,2.0,0.229128784747792,2.0,2.0,2.5,0.43805,0.45,0.08590516573524552,0.35,0.45,0.5,6.888974558402044,1000,8231.0,8000.0,893.3162933698231,7750.0,8000.0,8250.0,3.9133510741970596,3.9030899869919438,0.040747689234269115,3.9215582024754903,3.9136931339341263,0.03654870889063252,3.8993917174245007,3.9136931339341263,3.9335299955466367,2.3145,2.5,0.2816731261586735,2.0,2.5,2.5,0.29825000000000007,0.25,0.15918365965135994,0.2,0.25,0.4,3.065945251944718
494,75.136946,-70.496994,12000,2.0,0.3,4.432943922258708,5.18296836428596,/Users/shannonbowes/Research/ysg/candidates_and_lcs/2022_asassn_lc_data/pysynphot_data/grid/bosz/r2000/m-0.25/bosz2024_ap_t12000_g+2.0_m-0.25_a+0.00_c+0.00_v2_r2000_resam.txt.gz,13000,3.0,0.55,4.409036754434028,0.0067978491641321505,/Users/shannonbowes/Research/ysg/candidates_and_lcs/2022_asassn_lc_data/pysynphot_data/grid/bosz/r2000/m-0.25/bosz2024_ap_t13000_g+3.0_m-0.25_a+0.00_c+0.00_v2_r2000_resam.txt.gz,1000,12004.0,12000.0,89.3532316147547,12000.0,12000.0,12000.0,4.079315139626886,4.079181246047625,0.0029909559998642144,4.438254504398014,4.4380748016171285,0.01182753440218968,4.427109697455864,4.4380748016171285,4.449119366950776,2.002,2.0,0.044676615807377355,2.0,2.0,2.0,0.3046499999999999,0.3,0.0319511736873624,0.3,0.3,0.35,30.498606684314385,1000,11082.0,10500.0,1320.37911222497,10000.0,10500.0,13000.0,4.041729683928242,4.021189299069938,0.04930221209960268,4.329830400677734,4.304360789575157,0.07702490711324864,4.262773746120679,4.304360789575157,4.419837291625642,2.691,3.0,0.41172685120113306,2.0,3.0,3.0,0.3407,0.3,0.10518322109538195,0.25,0.3,0.45,3.165857095976028
495,75.158007,-67.764633,7750,2.5,0.35,4.003344866772323,0.1387349460128471,/Users/shannonbowes/Research/ysg/candidates_and_lcs/2022_asassn_lc_data/pysynphot_data/grid/bosz/r2000/m-0.25/bosz2024_ap_t7750_g+2.5_m-0.25_a+0.00_c+0.00_v2_r2000_resam.txt.gz,8750,2.5,0.75,3.9915726695650013,0.004824947517434519,/Users/shannonbowes/Research/ysg/candidates_and_lcs/2022_asassn_lc_data/pysynphot_data/grid/bosz/r2000/m-0.25/bosz2024_ap_t8750_g+2.5_m-0.25_a+0.00_c+0.00_v2_r2000_resam.txt.gz,1000,8156.25,8250.0,426.0556741788566,7500.0,8250.0,8500.0,3.910896144545676,3.916453948549925,0.022742721550782958,4.000074277670372,3.999809273779997,0.006656371222145384,3.9935843278696983,3.999809273779997,4.006724006247697,2.1865,2.0,0.24180105458827092,2.0,2.0,2.5,0.50445,0.55,0.1615478179982633,0.3,0.55,0.65,4.648411781012967,1000,8732.5,8250.0,1386.0713365480149,7500.0,8250.0,10500.0,3.935968129105946,3.916453948549925,0.06607352881845652,4.014278672513153,3.998013941145511,0.04161686655613803,3.9802580390918094,3.998013941145511,4.058685931833942,2.436,2.5,0.3426426710145717,2.0,2.5,3.0,0.583,0.55,0.2970454510676775,0.25,0.55,1.0,2.177148698037744
496,75.206093,-68.119324,12000,2.0,1.0,4.3372630040794595,1.2482058101009246,/Users/shannonbowes/Research/ysg/candidates_and_lcs/2022_asassn_lc_data/pysynphot_data/grid/bosz/r2000/m-0.25/bosz2024_ap_t12000_g+2.0_m-0.25_a+0.00_c+0.00_v2_r2000_resam.txt.gz,7500,2.5,0.45,4.092470825689726,0.007223799465107846,/Users/shannonbowes/Research/ysg/candidates_and_lcs/2022_asassn_lc_data/pysynphot_data/grid/bosz/r2000/m-0.25/bosz2024_ap_t7500_g+2.5_m-0.25_a+0.00_c+0.00_v2_r2000_resam.txt.gz,1000,11978.0,12000.0,118.38918869558994,12000.0,12000.0,12000.0,4.078363262094443,4.079181246047625,0.004270141814962689,4.340104737626263,4.339419565897579,0.01797329381291632,4.324053417439696,4.339419565897579,4.3564343750042145,2.001,2.0,0.03160696125855822,2.0,2.0,2.0,0.9604499999999999,0.95,0.04379837325746243,0.9,0.95,1.0,19.994588581966614,1000,8969.0,8750.0,1273.4947977907095,7500.0,8750.0,10250.0,3.948446836523324,3.942008053022313,0.06089141837742507,4.1402092426621495,4.126773394481807,0.05881294212626694,4.0894531535961,4.126773394481807,4.189696422549918,2.3475,2.5,0.36673389535192946,2.0,2.5,2.5,0.77445,0.9,0.2789707825203206,0.4,0.9,1.0,2.6712309832541714
497,75.206554,-68.434021,8500,2.5,0.3,3.957013247040426,0.09294694808290052,/Users/shannonbowes/Research/ysg/candidates_and_lcs/2022_asassn_lc_data/pysynphot_data/grid/bosz/r2000/m-0.25/bosz2024_ap_t8500_g+2.5_m-0.25_a+0.00_c+0.00_v2_r2000_resam.txt.gz,10500,2.0,0.7,4.024935015774522,0.011087601313189449,/Users/shannonbowes/Research/ysg/candidates_and_lcs/2022_asassn_lc_data/pysynphot_data/grid/bosz/r2000/m-0.25/bosz2024_ap_t10500_g+2.0_m-0.25_a+0.00_c+0.00_v2_r2000_resam.txt.gz,1000,8424.0,8250.0,263.10454196003536,8250.0,8250.0,8750.0,3.925310428100116,3.916453948549925,0.013378046267220263,3.9515910214193584,3.9514408207850575,0.007800324971901855,3.944376441905998,3.9514408207850575,3.959111367468289,2.1925,2.0,0.24329765720203725,2.0,2.0,2.5,0.34529999999999994,0.3,0.07859968193319869,0.25,0.3,0.45,5.09909713759814,1000,9578.25,8500.0,1879.1126729124042,8000.0,8500.0,11750.0,3.973711235634859,3.929418925714293,0.07916894799388557,3.9932264443892946,3.952376305545972,0.088142365450721,3.926605031098882,3.952376305545972,4.084833510501329,2.4895,2.5,0.37435244088959807,2.0,2.5,3.0,0.5079,0.4,0.24602355578277457,0.25,0.4,0.8,1.9866986901257464
498,75.209047,-69.642174,8500,2.5,0.45,4.047585575776572,0.05923246237410682,/Users/shannonbowes/Research/ysg/candidates_and_lcs/2022_asassn_lc_data/pysynphot_data/grid/bosz/r2000/m-0.25/bosz2024_ap_t8500_g+2.5_m-0.25_a+0.00_c+0.00_v2_r2000_resam.txt.gz,11750,2.5,0.95,4.146435922945132,0.008784130631781392,/Users/shannonbowes/Research/ysg/candidates_and_lcs/2022_asassn_lc_data/pysynphot_data/grid/bosz/r2000/m-0.25/bosz2024_ap_t11750_g+2.5_m-0.25_a+0.00_c+0.00_v2_r2000_resam.txt.gz,1000,8578.25,8500.0,327.58882383255997,8250.0,8500.0,9000.0,3.933083365610889,3.929418925714293,0.016534320518091474,4.036989185791965,4.036679655028912,0.007866613974613076,4.028950597654462,4.036679655028912,4.044947218410979,2.2295,2.0,0.249158082349339,2.0,2.0,2.5,0.5107,0.5,0.09589322186682435,0.4,0.5,0.6,4.7396270512567895,1000,10588.0,11250.0,1804.0249443951711,8000.0,11250.0,12000.0,4.018116107633149,4.051152522447381,0.07746852938689404,4.113568172806904,4.118324312886848,0.08036568839263246,4.021187638059419,4.118324312886848,4.190367088786792,2.62,3.0,0.4243819034784589,2.0,3.0,3.0,0.7700999999999999,0.9,0.2534777899540707,0.35,0.9,1.0,2.1023799075978538
499,75.229871,-66.637321,5000,0.0,0.3,3.9720886731491247,97.76994166742412,/Users/shannonbowes/Research/ysg/candidates_and_lcs/2022_asassn_lc_data/pysynphot_data/grid/bosz/r2000/m-0.25/bosz2024_ms_t5000_g+0.0_m-0.25_a+0.00_c+0.00_v2_r2000_resam.txt.gz,5750,0.5,0.9,4.004501468848308,69.6161453356589,/Users/shannonbowes/Research/ysg/candidates_and_lcs/2022_asassn_lc_data/pysynphot_data/grid/bosz/r2000/m-0.25/bosz2024_ms_t5750_g+0.5_m-0.25_a+0.00_c+0.00_v2_r2000_resam.txt.gz,1000,5000.0,5000.0,0.0,5000.0,5000.0,5000.0,3.698970004336019,3.6989700043360187,4.440892098500626e-16,3.958672966784093,3.9590156248018262,0.00823259957150568,3.9504858542705272,3.9590156248018262,3.9668889043364333,0.0,0.0,0.0,0.0,0.0,0.0,0.20885000000000004,0.2,0.03505962777897107,0.2,0.2,0.25,181.19933699218132,1000,5843.5,5750.0,120.9659042871172,5750.0,5750.0,6000.0,3.7665806384191916,3.7596678446896306,0.008943447536327667,3.9952841479271957,3.994996991412008,0.008475835486769688,3.98737669475142,3.994996991412008,4.003750358401142,0.687,0.5,0.24193180857423438,0.5,0.5,1.0,0.9432999999999999,0.95,0.051187010070915445,0.9,0.95,1.0,134.7568656034204
500,75.24744,-66.644096,8750,2.5,0.35,3.8714122573040624,0.2767334792052336,/Users/shannonbowes/Research/ysg/candidates_and_lcs/2022_asassn_lc_data/pysynphot_data/grid/bosz/r2000/m-0.25/bosz2024_ap_t8750_g+2.5_m-0.25_a+0.00_c+0.00_v2_r2000_resam.txt.gz,9500,2.5,0.5,3.9024973651084447,0.015377368976936779,/Users/shannonbowes/Research/ysg/candidates_and_lcs/2022_asassn_lc_data/pysynphot_data/grid/bosz/r2000/m-0.25/bosz2024_ap_t9500_g+2.5_m-0.25_a+0.00_c+0.00_v2_r2000_resam.txt.gz,1000,9139.0,9000.0,671.4193920345167,8500.0,9000.0,9750.0,3.959745382060439,3.9542425094393248,0.0315334151494361,3.896004137222564,3.8932318541750313,0.023255973011966885,3.872339163827633,3.8932318541750313,3.920885141744563,2.3815,2.5,0.3125823891392476,2.0,2.5,2.5,0.39380000000000004,0.4,0.12857511423288726,0.25,0.4,0.55,6.2657819625337146,1000,8547.25,8250.0,988.220591517906,8000.0,8250.0,8750.0,3.929375766466259,3.916453948549925,0.0442899018246868,3.870314578074518,3.8596965286575267,0.04179632438006339,3.843055100716796,3.8596965286575267,3.8891293051340248,2.488,2.5,0.24465485893396843,2.5,2.5,2.5,0.2724,0.2,0.16377802050336301,0.15,0.2,0.4,3.559587130058954
501,75.255055,-66.10524,8750,2.0,0.3,4.118331054317611,0.22901013777331855,/Users/shannonbowes/Research/ysg/candidates_and_lcs/2022_asassn_lc_data/pysynphot_data/grid/bosz/r2000/m-0.25/bosz2024_ap_t8750_g+2.0_m-0.25_a+0.00_c+0.00_v2_r2000_resam.txt.gz,13000,3.0,0.85,4.27998324979768,0.0063040929796632,/Users/shannonbowes/Research/ysg/candidates_and_lcs/2022_asassn_lc_data/pysynphot_data/grid/bosz/r2000/m-0.25/bosz2024_ap_t13000_g+3.0_m-0.25_a+0.00_c+0.00_v2_r2000_resam.txt.gz,1000,8931.25,9000.0,480.3237840249013,8500.0,9000.0,9250.0,3.9503015453687804,3.9542425094393248,0.022880271582345332,4.099262810794678,4.097915002479159,0.014521568295894634,4.085966931803798,4.097915002479159,4.1123348799927895,2.3705,2.5,0.26072926571445715,2.0,2.5,2.5,0.3565,0.35,0.11109792977369111,0.25,0.35,0.45,4.033974688572909,1000,9768.75,8750.0,1860.9704289697888,8250.0,8750.0,12000.0,3.9826712766207764,3.942008053022313,0.07709060149981821,4.1667083925099835,4.140151898341317,0.09634905746864643,4.080488626972637,4.140151898341317,4.270440839237856,2.4515,2.5,0.3858727121733279,2.0,2.5,3.0,0.35940000000000005,0.25,0.23836241314435463,0.15,0.25,0.65,1.960173931277936
502,75.343363,-70.258026,14000,3.0,0.3,4.45979070626785,12.313234963377713,/Users/shannonbowes/Research/ysg/candidates_and_lcs/2022_asassn_lc_data/pysynphot_data/grid/bosz/r2000/m-0.25/bosz2024_ap_t14000_g+3.0_m-0.25_a+0.00_c+0.00_v2_r2000_resam.txt.gz,11750,3.0,0.25,4.270900843552523,0.16193047449275363,/Users/shannonbowes/Research/ysg/candidates_and_lcs/2022_asassn_lc_data/pysynphot_data/grid/bosz/r2000/m-0.25/bosz2024_ap_t11750_g+3.0_m-0.25_a+0.00_c+0.00_v2_r2000_resam.txt.gz,1000,13980.0,14000.0,198.997487421324,14000.0,14000.0,14000.0,4.145458567781932,4.146128035678238,0.006661121463707973,4.449237700504778,4.450111292976295,0.01708704103776638,4.438823701125436,4.450111292976295,4.462539755846227,2.99,3.0,0.099498743710662,3.0,3.0,3.0,0.29839999999999994,0.3,0.0312640368474706,0.25,0.3,0.35,53.525975262209016,1000,12166.75,12000.0,793.4147323436841,11750.0,12000.0,13500.0,4.084298852589341,4.079181246047625,0.027221690232614133,4.292252524240171,4.281988374684265,0.05063277504573794,4.251199863808219,4.281988374684265,4.3569807143159744,2.2175,2.0,0.3974213758720082,2.0,2.0,3.0,0.2879,0.25,0.05346578345072669,0.25,0.25,0.35,8.351697743711462
503,75.380222,-66.954361,4750,1.0,0.9,3.9876068565953844,0.4108959935293569,/Users/shannonbowes/Research/ysg/candidates_and_lcs/2022_asassn_lc_data/pysynphot_data/grid/bosz/r2000/m-0.25/bosz2024_ms_t4750_g+1.0_m-0.25_a+0.00_c+0.00_v2_r2000_resam.txt.gz,4500,2.5,0.35,4.0224163016011305,0.015634503539086075,/Users/shannonbowes/Research/ysg/candidates_and_lcs/2022_asassn_lc_data/pysynphot_data/grid/bosz/r2000/m-0.25/bosz2024_ms_t4500_g+2.5_m-0.25_a+0.00_c+0.00_v2_r2000_resam.txt.gz,1000,4616.75,4500.0,140.29232872826654,4500.0,4500.0,4750.0,3.664135123517813,3.6532125137753435,0.013233424960137002,3.9995792161721577,3.999543678353402,0.008924149866109099,3.99056300351125,3.999543678353402,4.008076931524863,1.1805,1.0,0.47504710292769914,0.5,1.0,1.5,0.6796499999999999,0.65,0.18657003376748368,0.5,0.65,0.9,7.745802501418269,1000,4544.75,4500.0,142.95082196335915,4500.0,4500.0,4750.0,3.657298939625726,3.6532125137753435,0.013482579646698273,4.0103802299014175,4.01088077012837,0.013369699298201185,3.9967014572026924,4.01088077012837,4.02338846463985,1.464,1.5,0.9125261640084629,0.5,1.5,2.5,0.45875,0.4,0.20134780232225033,0.25,0.4,0.7,4.595170098945271
504,75.386393,-68.220688,12000,2.5,0.75,4.421241929356062,0.3382004116443214,/Users/shannonbowes/Research/ysg/candidates_and_lcs/2022_asassn_lc_data/pysynphot_data/grid/bosz/r2000/m-0.25/bosz2024_ap_t12000_g+2.5_m-0.25_a+0.00_c+0.00_v2_r2000_resam.txt.gz,10250,2.5,0.95,4.222883728327667,0.004036848616231181,/Users/shannonbowes/Research/ysg/candidates_and_lcs/2022_asassn_lc_data/pysynphot_data/grid/bosz/r2000/m-0.25/bosz2024_ap_t10250_g+2.5_m-0.25_a+0.00_c+0.00_v2_r2000_resam.txt.gz,1000,12003.75,12000.0,89.71308432999058,12000.0,12000.0,12000.0,4.079305996247447,4.079181246047625,0.003005292674419097,4.454335159278283,4.454222905903336,0.02334332078706412,4.431475401255912,4.454222905903336,4.4768058528153745,2.0025,2.0,0.04736823830374104,2.0,2.0,2.0,0.70775,0.7,0.0578570436507086,0.65,0.7,0.75,17.290767481838476,1000,9936.5,10250.0,2112.751227665008,7500.0,10250.0,12000.0,3.9872560738692036,4.010723865391773,0.0934337343025441,4.299143139063523,4.286562833343083,0.0992226049526959,4.199171168252269,4.286562833343083,4.39261136045914,2.146,2.0,0.3304300228490141,2.0,2.0,2.5,0.5927,0.7,0.33738214238456665,0.2,0.7,1.0,4.295370553967695
505,75.461606,-69.414696,9000,2.5,0.55,3.86366645525626,0.27282696109467147,/Users/shannonbowes/Research/ysg/candidates_and_lcs/2022_asassn_lc_data/pysynphot_data/grid/bosz/r2000/m-0.25/bosz2024_ap_t9000_g+2.5_m-0.25_a+0.00_c+0.00_v2_r2000_resam.txt.gz,10000,2.0,0.7,3.8984506947208444,0.040275685509942344,/Users/shannonbowes/Research/ysg/candidates_and_lcs/2022_asassn_lc_data/pysynphot_data/grid/bosz/r2000/m-0.25/bosz2024_ap_t10000_g+2.0_m-0.25_a+0.00_c+0.00_v2_r2000_resam.txt.gz,1000,8735.75,8750.0,340.7483492256419,8500.0,8750.0,9000.0,3.940969378042759,3.942008053022313,0.01695959083617885,3.8544857842742277,3.8543941732200686,0.008566619552618402,3.8462251738178423,3.8543941732200686,3.863318220653502,2.336,2.5,0.23580500418778225,2.0,2.5,2.5,0.4623,0.45,0.0927561857775534,0.35,0.45,0.55,8.29565952099953,1000,8386.75,8250.0,817.8397994106181,8000.0,8250.0,8500.0,3.9218586184911057,3.916453948549925,0.03723584119937355,3.8387573604115355,3.8326572415310594,0.032380743227670226,3.8182641350847604,3.8326572415310594,3.8498286891318214,2.4965,2.5,0.2018359482351942,2.5,2.5,2.5,0.37784999999999996,0.35,0.14880147008682407,0.25,0.35,0.5,5.377166224525915
506,75.480705,-70.525101,4500,0.0,0.4,3.972111732189198,0.594095347890041,/Users/shannonbowes/Research/ysg/candidates_and_lcs/2022_asassn_lc_data/pysynphot_data/grid/bosz/r2000/m-0.25/bosz2024_ms_t4500_g+0.0_m-0.25_a+0.00_c+0.00_v2_r2000_resam.txt.gz,4500,1.0,0.45,3.9709010063357164,0.008810223167985666,/Users/shannonbowes/Research/ysg/candidates_and_lcs/2022_asassn_lc_data/pysynphot_data/grid/bosz/r2000/m-0.25/bosz2024_ms_t4500_g+1.0_m-0.25_a+0.00_c+0.00_v2_r2000_resam.txt.gz,1000,4503.25,4500.0,63.65483092429042,4500.0,4500.0,4500.0,3.6534828633366243,3.6532125137753435,0.00611976239546892,3.9716775695202813,3.971640154371939,0.008134053423681958,3.963382938479418,3.971640154371939,3.9796054773008644,0.1015,0.0,0.23118769430919112,0.0,0.0,0.5,0.4379,0.4,0.10727809655283785,0.35,0.4,0.5,9.196785294099678,1000,4617.0,4500.0,148.10806865258894,4500.0,4500.0,4750.0,3.664139537941177,3.6532125137753435,0.013786314565869859,3.977006390208626,3.9771890122019498,0.008786319582130758,3.9684807647426736,3.9771890122019498,3.9856515815591336,1.502,1.5,0.8786330291993353,0.5,1.5,2.5,0.5982000000000001,0.5,0.1954399140400957,0.4,0.5,0.8,5.012568917834919
507,75.508911,-70.1511,10000,2.5,0.65,4.160836894275801,0.3244326479845783,/Users/shannonbowes/Research/ysg/candidates_and_lcs/2022_asassn_lc_data/pysynphot_data/grid/bosz/r2000/m-0.25/bosz2024_ap_t10000_g+2.5_m-0.25_a+0.00_c+0.00_v2_r2000_resam.txt.gz,10250,3.0,0.7,4.160188860247332,0.00886523120916222,/Users/shannonbowes/Research/ysg/candidates_and_lcs/2022_asassn_lc_data/pysynphot_data/grid/bosz/r2000/m-0.25/bosz2024_ap_t10250_g+3.0_m-0.25_a+0.00_c+0.00_v2_r2000_resam.txt.gz,1000,9124.25,9000.0,375.1658799784437,8750.0,9000.0,9500.0,3.959833329097932,3.9542425094393248,0.017740962362469696,4.131948387117842,4.131175058643222,0.01104648426185269,4.120598888041411,4.131175058643222,4.143128350636602,2.2625,2.5,0.26142637586900064,2.0,2.5,2.5,0.5406499999999999,0.55,0.0843805516692087,0.45,0.55,0.65,5.938446991781,1000,11237.25,11750.0,2041.4822892937377,8250.0,11750.0,13500.0,4.042843543555637,4.0700378666077555,0.0842372476450525,4.223195120749411,4.225869703745346,0.10058897303962071,4.0974251936040575,4.225869703745346,4.34158545718721,2.7225,3.0,0.39337482125830064,2.0,3.0,3.0,0.77755,0.9,0.25610251365420056,0.4,0.9,1.0,2.41515471226597
508,75.57528,-66.10759,7000,1.5,0.95,4.007750140985683,0.26419357150735495,/Users/shannonbowes/Research/ysg/candidates_and_lcs/2022_asassn_lc_data/pysynphot_data/grid/bosz/r2000/m-0.25/bosz2024_ms_t7000_g+1.5_m-0.25_a+0.00_c+0.00_v2_r2000_resam.txt.gz,7000,2.5,0.95,3.9979790748895114,0.007469941459669876,/Users/shannonbowes/Research/ysg/candidates_and_lcs/2022_asassn_lc_data/pysynphot_data/grid/bosz/r2000/m-0.25/bosz2024_ms_t7000_g+2.5_m-0.25_a+0.00_c+0.00_v2_r2000_resam.txt.gz,1000,6687.75,6750.0,354.34790460788673,6250.0,6750.0,7000.0,3.824660497854875,3.829303772831025,0.023292880871131433,4.015832561907654,4.015847090591031,0.007735771942341033,4.008158110811127,4.015847090591031,4.023475959450399,1.325,1.5,0.3617664992781946,1.0,1.5,1.5,0.7256,0.75,0.24643384507814667,0.45,0.75,0.95,5.379324204579361,1000,6421.75,6250.0,428.8816124526674,6000.0,6250.0,7000.0,3.806708880636615,3.7958800173440754,0.028467562259733806,4.026754181866376,4.02595854678485,0.02261791666212089,4.0045172831865035,4.02595854678485,4.050005305185857,1.9775,2.0,0.5447419113672088,1.5,2.0,2.5,0.46355,0.35,0.3001564550363693,0.15,0.35,0.9,1.4332451572884102
509,75.744805,-65.93792,9500,2.0,0.7,4.351186797388843,31.168290284269794,/Users/shannonbowes/Research/ysg/candidates_and_lcs/2022_asassn_lc_data/pysynphot_data/grid/bosz/r2000/m-0.25/bosz2024_ap_t9500_g+2.0_m-0.25_a+0.00_c+0.00_v2_r2000_resam.txt.gz,8500,2.0,0.15,4.452554170958579,25.050508396307368,/Users/shannonbowes/Research/ysg/candidates_and_lcs/2022_asassn_lc_data/pysynphot_data/grid/bosz/r2000/m-0.25/bosz2024_ap_t8500_g+2.0_m-0.25_a+0.00_c+0.00_v2_r2000_resam.txt.gz,1000,10619.25,10750.0,788.5695514664512,10000.0,10750.0,11250.0,4.024801548550091,4.031408464251625,0.03420997704446138,4.387220328912419,4.3846619587498505,0.03368461851929481,4.355159129044211,4.3846619587498505,4.420721379379369,2.0185,2.0,0.12209729726738427,2.0,2.0,2.0,0.9110499999999999,0.95,0.1402511942908152,0.8,0.95,1.0,71.00966028349421,1000,8278.5,8000.0,1143.5417569988426,7500.0,8000.0,8500.0,3.9144407987061185,3.9030899869919438,0.0530366180372407,4.4204717698696365,4.403714762790206,0.09669505585695264,4.337219501535098,4.403714762790206,4.488071803192333,1.995,2.0,0.08645808232895291,2.0,2.0,2.0,0.19789999999999996,0.15,0.12944338530801797,0.15,0.15,0.2,62.625724441469195
510,75.767477,-70.950439,8250,2.0,0.5,3.908006792005102,0.19579318283053726,/Users/shannonbowes/Research/ysg/candidates_and_lcs/2022_asassn_lc_data/pysynphot_data/grid/bosz/r2000/m-0.25/bosz2024_ap_t8250_g+2.0_m-0.25_a+0.00_c+0.00_v2_r2000_resam.txt.gz,12000,2.5,1.0,4.039698373961504,0.008234990634904972,/Users/shannonbowes/Research/ysg/candidates_and_lcs/2022_asassn_lc_data/pysynphot_data/grid/bosz/r2000/m-0.25/bosz2024_ap_t12000_g+2.5_m-0.25_a+0.00_c+0.00_v2_r2000_resam.txt.gz,1000,8405.75,8500.0,359.5892622145439,8000.0,8500.0,8750.0,3.9241771030192356,3.929418925714293,0.0186518286154974,3.9081097291644693,3.908208628735628,0.007189714684936358,3.900691745337202,3.908208628735628,3.915210199431528,2.226,2.0,0.2488453334905037,2.0,2.0,2.5,0.5354500000000001,0.55,0.11804997882253092,0.4,0.55,0.65,6.224044274989417,1000,9645.5,10250.0,1466.2297739440432,8000.0,10250.0,11250.0,3.979228252139163,4.010723865391773,0.0667992363666907,3.940552731392375,3.935153866199461,0.05224887505903345,3.888774575992849,3.935153866199461,3.9981967041230777,2.624,2.5,0.3565445273735105,2.0,2.5,3.0,0.7376999999999999,0.85,0.2548896035541661,0.45,0.85,1.0,2.891481653601837
511,75.783619,-66.230949,5500,2.5,0.25,4.070750630303452,826.8525176021346,/Users/shannonbowes/Research/ysg/candidates_and_lcs/2022_asassn_lc_data/pysynphot_data/grid/bosz/r2000/m-0.25/bosz2024_ms_t5500_g+2.5_m-0.25_a+0.00_c+0.00_v2_r2000_resam.txt.gz,5500,0.5,1.0,3.9532413540872886,0.8053013022220374,/Users/shannonbowes/Research/ysg/candidates_and_lcs/2022_asassn_lc_data/pysynphot_data/grid/bosz/r2000/m-0.25/bosz2024_ms_t5500_g+0.5_m-0.25_a+0.00_c+0.00_v2_r2000_resam.txt.gz,1000,5500.0,5500.0,0.0,5500.0,5500.0,5500.0,3.7403626894942423,3.7403626894942437,1.3322676295501878e-15,4.057912292291335,4.057850672748291,0.00747293282973959,4.050780422330038,4.057850672748291,4.065201832412952,2.5,2.5,0.0,2.5,2.5,2.5,0.21710000000000002,0.2,0.03282666598971025,0.2,0.2,0.25,1040.758216645807,1000,5490.0,5500.0,48.98979485566356,5500.0,5500.0,5500.0,3.7395545540507107,3.7403626894942437,0.00395903895941972,3.955413767818628,3.955492130210848,0.0078104766928570974,3.947921527794646,3.955492130210848,3.963236306846187,0.5,0.5,0.0,0.5,0.5,0.5,0.9793999999999998,1.0,0.03722418568619064,0.95,1.0,1.0,14.034486979871632
512,75.792006,-70.16497,4250,2.5,0.85,4.054102658081173,8.261489614653065,/Users/shannonbowes/Research/ysg/candidates_and_lcs/2022_asassn_lc_data/pysynphot_data/grid/bosz/r2000/m-0.25/bosz2024_ms_t4250_g+2.5_m-0.25_a+0.00_c+0.00_v2_r2000_resam.txt.gz,4250,1.5,0.65,4.04732270691752,2.2926255758604617,/Users/shannonbowes/Research/ysg/candidates_and_lcs/2022_asassn_lc_data/pysynphot_data/grid/bosz/r2000/m-0.25/bosz2024_ms_t4250_g+1.5_m-0.25_a+0.00_c+0.00_v2_r2000_resam.txt.gz,1000,4311.75,4250.0,107.81668470139489,4250.0,4250.0,4500.0,3.6345203552303955,3.6283889300503116,0.010705585998561772,4.0493143430483265,4.049190739167548,0.007879639216785927,4.041224961219565,4.049190739167548,4.057221551124452,1.3545,1.5,0.42021393361001247,1.0,1.5,1.5,0.8077000000000001,0.75,0.10977572591424756,0.7,0.75,1.0,39.38223112602808,1000,4340.0,4250.0,120.5197079319395,4250.0,4250.0,4500.0,3.6373239148363266,3.6283889300503116,0.011971264821238189,4.054762817272241,4.054716256982842,0.007330527481656665,4.047271695853817,4.054716256982842,4.062258311825227,1.6765,1.5,0.6731253597956327,1.0,1.5,2.5,0.7626999999999999,0.7,0.17046615499858028,0.6,0.7,1.0,25.690886116005952
513,75.849929,-68.925583,9500,2.0,0.65,4.281468271075309,0.20981524337571295,/Users/shannonbowes/Research/ysg/candidates_and_lcs/2022_asassn_lc_data/pysynphot_data/grid/bosz/r2000/m-0.25/bosz2024_ap_t9500_g+2.0_m-0.25_a+0.00_c+0.00_v2_r2000_resam.txt.gz,8000,2.5,0.35,4.221760982707067,0.011174536782520264,/Users/shannonbowes/Research/ysg/candidates_and_lcs/2022_asassn_lc_data/pysynphot_data/grid/bosz/r2000/m-0.25/bosz2024_ms_t8000_g+2.5_m-0.25_a+0.00_c+0.00_v2_r2000_resam.txt.gz,1000,9272.5,9250.0,386.15896985568,9000.0,9250.0,9750.0,3.9668246688826416,3.9661417327390325,0.017930446074489664,4.280976512599813,4.2803392567328995,0.011484413776173869,4.269489391029763,4.2803392567328995,4.292693457908537,2.266,2.5,0.2733934893153091,2.0,2.5,2.5,0.5806,0.6,0.07693269785988269,0.5,0.6,0.65,8.15109945094771,1000,8438.5,8000.0,1037.8307906397845,7750.0,8000.0,8750.0,3.923476705048108,3.9030899869919438,0.047288729564857475,4.247733492888342,4.237617231950988,0.039658208396308785,4.222954464584853,4.237617231950988,4.260587074824287,2.4455,2.5,0.2779923560100169,2.0,2.5,2.5,0.40069999999999995,0.3,0.18457927836027532,0.25,0.3,0.55,4.248603463898572
514,75.936254,-69.100464,12000,2.0,0.45,4.483033899410028,34.608370103085456,/Users/shannonbowes/Research/ysg/candidates_and_lcs/2022_asassn_lc_data/pysynphot_data/grid/bosz/r2000/m-0.25/bosz2024_ap_t12000_g+2.0_m-0.25_a+0.00_c+0.00_v2_r2000_resam.txt.gz,8750,2.0,0.35,4.237035165031055,0.006719867558776453,/Users/shannonbowes/Research/ysg/candidates_and_lcs/2022_asassn_lc_data/pysynphot_data/grid/bosz/r2000/m-0.25/bosz2024_ap_t8750_g+2.0_m-0.25_a+0.00_c+0.00_v2_r2000_resam.txt.gz,1000,12000.0,12000.0,0.0,12000.0,12000.0,12000.0,4.079181246047625,4.079181246047625,0.0,4.49025855175998,4.489977760055155,0.01041096195316177,4.480179307625462,4.489977760055155,4.50137115653759,2.0,2.0,0.0,2.0,2.0,2.0,0.4455000000000001,0.45,0.029912372022292043,0.4,0.45,0.45,87.79375082886068,1000,9962.5,9250.0,1702.0851183181176,8500.0,9250.0,11750.0,3.9926069320276825,3.9661417327390325,0.0691027520791935,4.307366333778045,4.280125053306751,0.08531187290077377,4.235540402772311,4.280125053306751,4.396833406037089,2.3955,2.5,0.40165874819304004,2.0,2.5,3.0,0.42464999999999997,0.35,0.18721612510678667,0.25,0.35,0.65,2.1313570233356467
515,75.951584,-66.133018,4250,0.0,0.55,4.159537100955833,31.203779037788188,/Users/shannonbowes/Research/ysg/candidates_and_lcs/2022_asassn_lc_data/pysynphot_data/grid/bosz/r2000/m-0.25/bosz2024_ms_t4250_g+0.0_m-0.25_a+0.00_c+0.00_v2_r2000_resam.txt.gz,4250,0.5,0.35,4.174587337028791,22.634004413976427,/Users/shannonbowes/Research/ysg/candidates_and_lcs/2022_asassn_lc_data/pysynphot_data/grid/bosz/r2000/m-0.25/bosz2024_ms_t4250_g+0.5_m-0.25_a+0.00_c+0.00_v2_r2000_resam.txt.gz,1000,4269.5,4250.0,67.04289671546121,4250.0,4250.0,4250.0,3.6303251695808654,3.6283889300503116,0.006656979839139672,4.157327109956212,4.1573661550251675,0.00716266666283611,4.150338651872637,4.1573661550251675,4.164210108755124,0.0,0.0,0.0,0.0,0.0,0.0,0.50975,0.5,0.11841637344556706,0.45,0.5,0.5,80.38697233901196,1000,4507.5,4500.0,190.24655056005614,4250.0,4500.0,4750.0,3.6535477624850645,3.6532125137753435,0.018371467313873045,4.176899750190638,4.176968899004354,0.009035190065163397,4.167952452954862,4.176968899004354,4.186025656290688,0.045,0.0,0.21788758569500927,0.0,0.0,0.0,0.6234000000000001,0.65,0.2791100858084494,0.25,0.65,0.95,65.24028724752391
516,75.956276,-68.934052,4750,0.0,0.25,3.875274681390024,11.850111432663914,/Users/shannonbowes/Research/ysg/candidates_and_lcs/2022_asassn_lc_data/pysynphot_data/grid/bosz/r2000/m-0.25/bosz2024_ms_t4750_g+0.0_m-0.25_a+0.00_c+0.00_v2_r2000_resam.txt.gz,5250,0.5,0.85,3.877688245337536,3.562889309008269,/Users/shannonbowes/Research/ysg/candidates_and_lcs/2022_asassn_lc_data/pysynphot_data/grid/bosz/r2000/m-0.25/bosz2024_ms_t5250_g+0.5_m-0.25_a+0.00_c+0.00_v2_r2000_resam.txt.gz,1000,4900.75,5000.0,122.3189989331175,4750.0,5000.0,5000.0,3.690126275635691,3.6989700043360187,0.010899305203628615,3.861300623070669,3.8614015980775322,0.007639697810755789,3.8535407300027664,3.8614015980775322,3.868675673414082,0.0,0.0,0.0,0.0,0.0,0.0,0.4783,0.6,0.18437491694913383,0.25,0.6,0.65,47.612767108946706,1000,5430.75,5500.0,111.87912003586729,5250.0,5500.0,5500.0,3.734766351547787,3.7403626894942437,0.00904134822920957,3.878701617019103,3.879396895355614,0.009756537859221972,3.8684136824604596,3.879396895355614,3.8883446764178013,0.501,0.5,0.022338307903688678,0.5,0.5,0.5,0.97035,1.0,0.04892215755667364,0.9,1.0,1.0,30.92268506489513
517,76.021395,-69.018661,9250,2.5,0.8,3.95425696810406,61.16192038919688,/Users/shannonbowes/Research/ysg/candidates_and_lcs/2022_asassn_lc_data/pysynphot_data/grid/bosz/r2000/m-0.25/bosz2024_ap_t9250_g+2.5_m-0.25_a+0.00_c+0.00_v2_r2000_resam.txt.gz,7500,2.5,0.3,3.9149253689607484,54.09530783905281,/Users/shannonbowes/Research/ysg/candidates_and_lcs/2022_asassn_lc_data/pysynphot_data/grid/bosz/r2000/m-0.25/bosz2024_ms_t7500_g+2.5_m-0.25_a+0.00_c+0.00_v2_r2000_resam.txt.gz,1000,9333.25,9250.0,486.3197893361939,9000.0,9250.0,9750.0,3.969450528489669,3.9661417327390325,0.02242709780815392,3.9601744826347702,3.95831281903701,0.015255799112732227,3.94443778386092,3.95831281903701,3.976977723696324,2.438,2.5,0.28749956521706255,2.0,2.5,2.5,0.76505,0.75,0.1436001305709713,0.6,0.75,0.95,134.51109516494583,1000,7652.5,7750.0,153.27671055969333,7500.0,7750.0,7750.0,3.8837165122779207,3.88930170250631,0.008677341323722226,3.9137006523337314,3.913554111585612,0.0123264578036631,3.9015735305288417,3.913554111585612,3.9258141214732643,2.4575,2.5,0.13944084767384343,2.5,2.5,2.5,0.34504999999999997,0.3,0.11525188718628429,0.25,0.3,0.45,124.00457908303098
518,76.04151,-67.330482,12000,2.0,0.4,4.7622064832409805,6.141306065324274,/Users/shannonbowes/Research/ysg/candidates_and_lcs/2022_asassn_lc_data/pysynphot_data/grid/bosz/r2000/m-0.25/bosz2024_ap_t12000_g+2.0_m-0.25_a+0.00_c+0.00_v2_r2000_resam.txt.gz,11000,2.0,0.5,4.6299683431051735,0.00599662574551158,/Users/shannonbowes/Research/ysg/candidates_and_lcs/2022_asassn_lc_data/pysynphot_data/grid/bosz/r2000/m-0.25/bosz2024_ap_t11000_g+2.0_m-0.25_a+0.00_c+0.00_v2_r2000_resam.txt.gz,1000,12079.5,12000.0,398.0323479316725,12000.0,12000.0,12000.0,4.081834433981267,4.079181246047625,0.013331459765950035,4.778671355853549,4.775320686811394,0.022835284092894745,4.763019430667634,4.775320686811394,4.7885107849983655,2.041,2.0,0.198290191386261,2.0,2.0,2.0,0.3943,0.4,0.0457985807640368,0.35,0.4,0.4,32.45901860708621,1000,9001.0,8750.0,638.1606380841739,8500.0,8750.0,9250.0,3.953312963052709,3.942008053022313,0.028411339931764205,4.549409592166134,4.540476976896731,0.04849656712800926,4.504938628412087,4.540476976896731,4.590359396724452,2.534,2.5,0.1741952927033334,2.5,2.5,2.5,0.22340000000000004,0.2,0.07254267709424571,0.2,0.2,0.25,7.558424190071974
519,76.051742,-67.416496,7500,2.0,0.4,4.009997654338892,0.7267439339720301,/Users/shannonbowes/Research/ysg/candidates_and_lcs/2022_asassn_lc_data/pysynphot_data/grid/bosz/r2000/m-0.25/bosz2024_ap_t7500_g+2.0_m-0.25_a+0.00_c+0.00_v2_r2000_resam.txt.gz,7750,2.0,0.5,4.009541029821161,0.02389842233013755,/Users/shannonbowes/Research/ysg/candidates_and_lcs/2022_asassn_lc_data/pysynphot_data/grid/bosz/r2000/m-0.25/bosz2024_ms_t7750_g+2.0_m-0.25_a+0.00_c+0.00_v2_r2000_resam.txt.gz,1000,7649.25,7750.0,178.28891580802213,7500.0,7750.0,7750.0,3.8835009473721716,3.88930170250631,0.010119785172410422,4.013074553209633,4.012906327594589,0.006422969939176381,4.006717457567384,4.012906327594589,4.0196214791580305,2.0455,2.0,0.14724044960539884,2.0,2.0,2.0,0.45105,0.475,0.08559437773592375,0.35,0.475,0.55,12.428934498594922,1000,7667.0,7500.0,534.0749011140666,7250.0,7500.0,8250.0,3.8836194876158086,3.8750612633917,0.02924760758722652,4.0012105558136435,4.000473050676298,0.02033126631046052,3.9810334666334417,4.000473050676298,4.02129155089865,2.328,2.5,0.30564031147739656,2.0,2.5,2.5,0.46470000000000006,0.45,0.21883534906408514,0.2,0.45,0.7,6.458168058209723
520,76.059927,-66.431381,6250,2.5,0.15,4.112081119067431,654.4092292709039,/Users/shannonbowes/Research/ysg/candidates_and_lcs/2022_asassn_lc_data/pysynphot_data/grid/bosz/r2000/m-0.25/bosz2024_ms_t6250_g+2.5_m-0.25_a+0.00_c+0.00_v2_r2000_resam.txt.gz,5500,0.5,1.0,3.83008285800702,411.07549239650194,/Users/shannonbowes/Research/ysg/candidates_and_lcs/2022_asassn_lc_data/pysynphot_data/grid/bosz/r2000/m-0.25/bosz2024_ms_t5500_g+0.5_m-0.25_a+0.00_c+0.00_v2_r2000_resam.txt.gz,1000,6074.25,6000.0,134.34819500090055,6000.0,6000.0,6250.0,3.7833867454658363,3.7781512503836434,0.009585019379116946,4.137141602198504,4.136341635672028,0.02387312217427801,4.113337050019583,4.136341635672028,4.162365458071272,2.5,2.5,0.0,2.5,2.5,2.5,0.16429999999999997,0.15,0.02510995818395563,0.15,0.15,0.2,863.4205246382484,1000,5314.75,5250.0,299.9915623813443,5250.0,5250.0,5500.0,3.7247511053765967,3.720159303405957,0.02558020489853942,3.836365296535066,3.8362379471413233,0.02623771645529194,3.810112849993523,3.8362379471413233,3.862547065930073,0.43,0.5,0.17776388834631177,0.5,0.5,0.5,0.93965,1.0,0.1951291303214361,0.95,1.0,1.0,578.7760404510551
521,76.064453,-69.026779,5000,1.5,0.35,3.7240025386246813,24.4523174928108,/Users/shannonbowes/Research/ysg/candidates_and_lcs/2022_asassn_lc_data/pysynphot_data/grid/bosz/r2000/m-0.25/bosz2024_ms_t5000_g+1.5_m-0.25_a+0.00_c+0.00_v2_r2000_resam.txt.gz,5000,2.5,0.25,3.7427254934516214,16.959278602338713,/Users/shannonbowes/Research/ysg/candidates_and_lcs/2022_asassn_lc_data/pysynphot_data/grid/bosz/r2000/m-0.25/bosz2024_ms_t5000_g+2.5_m-0.25_a+0.00_c+0.00_v2_r2000_resam.txt.gz,1000,5003.25,5000.0,39.39463796000669,5000.0,5000.0,5000.0,3.6992389426500805,3.6989700043360187,0.0033816919223404037,3.7375759622806917,3.737487165472002,0.009314957321646694,3.7282415546430094,3.737487165472002,3.746899021606158,1.1675,1.0,0.3649571892701937,1.0,1.0,1.5,0.33265,0.35,0.06604148317534973,0.25,0.35,0.4,64.24901851257448,1000,5106.0,5000.0,145.3925720248459,5000.0,5000.0,5250.0,3.707909397425649,3.6989700043360187,0.012122846262023338,3.7564162623342097,3.7564720765044806,0.011658920155103553,3.7445674245562057,3.7564720765044806,3.768258842010546,2.4945,2.5,0.05674284095813322,2.5,2.5,2.5,0.30589999999999995,0.25,0.09505361644882324,0.25,0.25,0.35,52.92591913605851
522,76.149149,-68.748634,13000,3.0,1.0,4.681627197865038,0.45690139563303683,/Users/shannonbowes/Research/ysg/candidates_and_lcs/2022_asassn_lc_data/pysynphot_data/grid/bosz/r2000/m-0.25/bosz2024_ap_t13000_g+3.0_m-0.25_a+0.00_c+0.00_v2_r2000_resam.txt.gz,8500,2.5,0.6,4.441995271501582,0.02056552737579142,/Users/shannonbowes/Research/ysg/candidates_and_lcs/2022_asassn_lc_data/pysynphot_data/grid/bosz/r2000/m-0.25/bosz2024_ap_t8500_g+2.5_m-0.25_a+0.00_c+0.00_v2_r2000_resam.txt.gz,1000,11940.0,12000.0,281.7800560721074,11750.0,12000.0,12000.0,4.076878623622415,4.079181246047625,0.010566480817256139,4.6205904178388755,4.619984802703801,0.018534031482376784,4.605326526822441,4.619984802703801,4.634546151566703,2.023,2.0,0.14481367338756376,2.0,2.0,2.0,0.9107000000000001,0.9,0.061241407560571295,0.85,0.9,0.95,17.714739374390188,1000,9010.0,8500.0,1558.0917816354722,7500.0,8500.0,11250.0,3.94877950908425,3.929418925714293,0.07035338700428902,4.438118080901271,4.417202470841812,0.08840216898440573,4.365005502116155,4.417202470841812,4.53185473726639,2.274,2.0,0.3375262952719388,2.0,2.0,2.5,0.6794499999999999,0.75,0.2715054281225331,0.3,0.75,1.0,10.86787366460807
523,76.167037,-68.949463,8250,2.0,0.35,3.7322643567770495,2.2998914453457857,/Users/shannonbowes/Research/ysg/candidates_and_lcs/2022_asassn_lc_data/pysynphot_data/grid/bosz/r2000/m-0.25/bosz2024_ap_t8250_g+2.0_m-0.25_a+0.00_c+0.00_v2_r2000_resam.txt.gz,9500,2.5,0.7,3.7132037960022113,0.030377047259369586,/Users/shannonbowes/Research/ysg/candidates_and_lcs/2022_asassn_lc_data/pysynphot_data/grid/bosz/r2000/m-0.25/bosz2024_ap_t9500_g+2.5_m-0.25_a+0.00_c+0.00_v2_r2000_resam.txt.gz,1000,8299.5,8250.0,291.203966319142,8000.0,8250.0,8500.0,3.9187899257007897,3.916453948549925,0.015011470489188918,3.7296964613616597,3.7296729499919863,0.009954578608887193,3.7197136196737266,3.7296729499919863,3.7395255295214427,2.356,2.5,0.22641554716935852,2.0,2.5,2.5,0.3322,0.3,0.08284419110595505,0.25,0.3,0.4,19.53563117466926,1000,8620.75,8250.0,918.8209496414413,8000.0,8250.0,10250.0,3.933345890659588,3.916453948549925,0.042501359538104626,3.69257572121637,3.6865752822580937,0.03750582213308558,3.6610178273427985,3.6865752822580937,3.721308016839641,2.5855,2.5,0.19089198516438557,2.5,2.5,3.0,0.54615,0.5,0.18785014639334197,0.35,0.5,0.75,11.514547638553896
524,76.209054,-68.13121,14000,3.0,0.2,4.886316868815606,17.133839264494654,/Users/shannonbowes/Research/ysg/candidates_and_lcs/2022_asassn_lc_data/pysynphot_data/grid/bosz/r2000/m-0.25/bosz2024_ap_t14000_g+3.0_m-0.25_a+0.00_c+0.00_v2_r2000_resam.txt.gz,11500,3.0,0.2,4.659245045877149,0.01411881715778831,/Users/shannonbowes/Research/ysg/candidates_and_lcs/2022_asassn_lc_data/pysynphot_data/grid/bosz/r2000/m-0.25/bosz2024_ap_t11500_g+3.0_m-0.25_a+0.00_c+0.00_v2_r2000_resam.txt.gz,1000,13836.0,14000.0,548.7294415283365,14000.0,14000.0,14000.0,4.140638398928528,4.146128035678238,0.018367837243060667,4.853374042265237,4.862988153155955,0.04083509110904062,4.843935074012193,4.862988153155955,4.879474390285421,2.918,3.0,0.27436472076416824,3.0,3.0,3.0,0.25089999999999996,0.25,0.036251758578033144,0.2,0.25,0.3,60.771031856453774,1000,11582.25,11500.0,824.6498878311935,10750.0,11500.0,12000.0,4.062727664925939,4.060697840353612,0.030194437489818694,4.657006219236861,4.66059097582637,0.06186682099384048,4.590287805916807,4.66059097582637,4.70731040001801,2.465,2.0,0.4829855070289376,2.0,2.0,3.0,0.21955000000000008,0.2,0.04433167603418576,0.2,0.2,0.25,5.06070817857679
525,76.217287,-69.062897,6250,1.0,0.65,4.213165231974816,0.2631263199922356,/Users/shannonbowes/Research/ysg/candidates_and_lcs/2022_asassn_lc_data/pysynphot_data/grid/bosz/r2000/m-0.25/bosz2024_ms_t6250_g+1.0_m-0.25_a+0.00_c+0.00_v2_r2000_resam.txt.gz,6750,2.5,0.9,4.231237553704247,0.021861863651134447,/Users/shannonbowes/Research/ysg/candidates_and_lcs/2022_asassn_lc_data/pysynphot_data/grid/bosz/r2000/m-0.25/bosz2024_ms_t6750_g+2.5_m-0.25_a+0.00_c+0.00_v2_r2000_resam.txt.gz,1000,6196.75,6250.0,342.7490882555342,5750.0,6250.0,6500.0,3.7914916889271417,3.7958800173440754,0.0242363197734407,4.212415670257165,4.212290443347344,0.006309981920376834,4.206469772598504,4.212290443347344,4.219119728877511,0.9015,1.0,0.31788008745437324,0.5,1.0,1.0,0.61415,0.7,0.27307009631228385,0.25,0.7,0.85,8.066825565478922,1000,6274.75,6250.0,363.07704072276454,6000.0,6250.0,6750.0,3.7968733529063923,3.7958800173440754,0.02502866955610995,4.219822303620596,4.219806704046647,0.008601289169719212,4.21148012019567,4.219806704046647,4.228754736049675,2.041,2.0,0.4187111175978016,1.5,2.0,2.5,0.5996,0.6,0.25497027277704354,0.34200000000000014,0.6,0.95,4.729947891439252
526,76.229829,-68.551895,7250,2.0,0.5,3.927182130300728,0.13165760243249355,/Users/shannonbowes/Research/ysg/candidates_and_lcs/2022_asassn_lc_data/pysynphot_data/grid/bosz/r2000/m-0.25/bosz2024_ms_t7250_g+2.0_m-0.25_a+0.00_c+0.00_v2_r2000_resam.txt.gz,7750,2.0,0.65,3.9249382978467313,0.013774706353458163,/Users/shannonbowes/Research/ysg/candidates_and_lcs/2022_asassn_lc_data/pysynphot_data/grid/bosz/r2000/m-0.25/bosz2024_ap_t7750_g+2.0_m-0.25_a+0.00_c+0.00_v2_r2000_resam.txt.gz,1000,7788.5,7750.0,399.7095820717837,7500.0,7750.0,8250.0,3.890875488591082,3.88930170250631,0.02248335110863714,3.9209897311796444,3.9212380666802864,0.006922451831217582,3.9136663372615055,3.9212380666802864,3.927816851730651,2.2155,2.0,0.29207832853534343,2.0,2.0,2.5,0.6846,0.7,0.17381841099262185,0.55,0.7,0.85,4.543853281367941,1000,8426.0,8500.0,767.3975501654928,7500.0,8500.0,9039.999999999993,3.923721059265463,3.929418925714293,0.04119743345106299,3.9352605786981165,3.9325865805789357,0.0173886648983646,3.919280561518891,3.9325865805789357,3.9537166679219533,2.251,2.5,0.2783864220826871,2.0,2.5,2.5,0.83195,0.95,0.2594064330351119,0.55,0.95,1.0,2.3844385772303487
527,76.229918,-68.967377,7000,2.0,0.7,3.9593199249447393,0.2234674910157869,/Users/shannonbowes/Research/ysg/candidates_and_lcs/2022_asassn_lc_data/pysynphot_data/grid/bosz/r2000/m-0.25/bosz2024_ms_t7000_g+2.0_m-0.25_a+0.00_c+0.00_v2_r2000_resam.txt.gz,6500,2.5,0.25,3.969323720892655,0.013250680451332769,/Users/shannonbowes/Research/ysg/candidates_and_lcs/2022_asassn_lc_data/pysynphot_data/grid/bosz/r2000/m-0.25/bosz2024_ms_t6500_g+2.5_m-0.25_a+0.00_c+0.00_v2_r2000_resam.txt.gz,1000,6777.25,6750.0,294.0151994370359,6500.0,6750.0,7000.0,3.830647462591886,3.829303772831025,0.01875155594703471,3.9566909682102533,3.956621507251962,0.006324446195337048,3.9503166757966417,3.956621507251962,3.9628157253277068,2.042,2.0,0.5071843846176655,1.5,2.0,2.5,0.52275,0.5,0.16122945605564762,0.35,0.5,0.65,7.372861650250329,1000,7070.0,7000.0,500.4747745890896,6500.0,7000.0,7750.0,3.8483277734022736,3.845098040014257,0.03081682695601058,3.9647463051445957,3.9645135634164674,0.009506457562556895,3.9555703403093543,3.9645135634164674,3.973814361510026,2.235,2.5,0.3503926369089396,2.0,2.5,2.5,0.64365,0.65,0.2844858124757718,0.3,0.65,0.95,4.414613189635558
528,76.304923,-68.553238,11500,2.0,0.55,4.3461142865511455,0.3512930619208265,/Users/shannonbowes/Research/ysg/candidates_and_lcs/2022_asassn_lc_data/pysynphot_data/grid/bosz/r2000/m-0.25/bosz2024_ap_t11500_g+2.0_m-0.25_a+0.00_c+0.00_v2_r2000_resam.txt.gz,10500,2.5,0.5,4.276556396119952,0.042880500767911,/Users/shannonbowes/Research/ysg/candidates_and_lcs/2022_asassn_lc_data/pysynphot_data/grid/bosz/r2000/m-0.25/bosz2024_ap_t10500_g+2.5_m-0.25_a+0.00_c+0.00_v2_r2000_resam.txt.gz,1000,11937.75,11750.0,844.4302443067752,11250.0,11750.0,13000.0,4.075864460084937,4.0700378666077555,0.030125288023972466,4.375410855976083,4.365298436879367,0.0423640263518786,4.338533358207921,4.365298436879367,4.424065748926706,2.4845,2.5,0.4195351594324367,2.0,2.5,3.0,0.56955,0.55,0.0846185411124536,0.5,0.55,0.65,5.683919195714589,1000,12350.75,13000.0,1761.1890692086413,10250.0,13000.0,14000.0,4.086734830116476,4.113943352306837,0.06759636479656332,4.398515482659877,4.4345866698627345,0.09487305500959917,4.276767774309494,4.4345866698627345,4.48677352112702,2.75,3.0,0.406201920231798,2.0,3.0,3.0,0.59925,0.65,0.1687066611014515,0.45,0.65,0.75,4.081657276379124
529,76.336289,-70.741852,14000,3.0,0.35,5.160423210414618,0.4293664258146346,/Users/shannonbowes/Research/ysg/candidates_and_lcs/2022_asassn_lc_data/pysynphot_data/grid/bosz/r2000/m-0.25/bosz2024_ap_t14000_g+3.0_m-0.25_a+0.00_c+0.00_v2_r2000_resam.txt.gz,11000,3.0,0.35,4.895168401252401,0.0007693667647612325,/Users/shannonbowes/Research/ysg/candidates_and_lcs/2022_asassn_lc_data/pysynphot_data/grid/bosz/r2000/m-0.25/bosz2024_ap_t11000_g+3.0_m-0.25_a+0.00_c+0.00_v2_r2000_resam.txt.gz,1000,11938.25,12000.0,518.5310381259737,11750.0,12000.0,12000.0,4.076537915763503,4.079181246047625,0.01864983380454786,5.006780652470808,5.004304923165536,0.05145845306057774,4.963076811086334,5.004304923165536,5.051135203629824,2.074,2.0,0.25104581255221126,2.0,2.0,2.0,0.3119,0.3,0.08138421222817113,0.2,0.3,0.4,12.452242583599174,1000,10069.5,9500.0,1530.6190741004111,8750.0,9500.0,11750.0,3.9984293091954948,3.9777236052888476,0.061704586764393096,4.830740016778126,4.808888616219219,0.10847401052098136,4.725362994259636,4.808888616219219,4.951217099541752,2.454,2.5,0.3871485503007857,2.0,2.5,3.0,0.27430000000000004,0.2,0.13333982900843994,0.2,0.2,0.4,4.057409055930646
530,76.341489,-67.120789,7000,1.5,0.2,4.247149934418823,0.28397166057651935,/Users/shannonbowes/Research/ysg/candidates_and_lcs/2022_asassn_lc_data/pysynphot_data/grid/bosz/r2000/m-0.25/bosz2024_ms_t7000_g+1.5_m-0.25_a+0.00_c+0.00_v2_r2000_resam.txt.gz,8500,2.0,0.85,4.245432930515279,0.01715750208999739,/Users/shannonbowes/Research/ysg/candidates_and_lcs/2022_asassn_lc_data/pysynphot_data/grid/bosz/r2000/m-0.25/bosz2024_ap_t8500_g+2.0_m-0.25_a+0.00_c+0.00_v2_r2000_resam.txt.gz,1000,8408.75,7500.0,1193.5183021219239,7250.0,7500.0,9750.0,3.9203787306666307,3.8750612633917,0.061374900006116714,4.27847954710253,4.274971074893593,0.017695542258988176,4.26150928645178,4.274971074893593,4.297838304852047,2.3745,2.5,0.24186721563701022,2.0,2.5,2.5,0.5858499999999999,0.4,0.36628851674602086,0.2,0.4,1.0,10.535946996153205,1000,7418.0,7250.0,397.05289320190076,7000.0,7250.0,7750.0,3.869709967076121,3.8603380065709936,0.021995115475486663,4.255603800547129,4.254811487644555,0.017671411188636254,4.238632016015141,4.254811487644555,4.272480732489404,2.324,2.5,0.2837675104729222,2.0,2.5,2.5,0.34035000000000004,0.25,0.16379675668339713,0.2,0.25,0.5,5.450830302181235
531,76.371157,-68.965065,8500,2.5,0.25,3.8070046631830543,2.4174527035102074,/Users/shannonbowes/Research/ysg/candidates_and_lcs/2022_asassn_lc_data/pysynphot_data/grid/bosz/r2000/m-0.25/bosz2024_ap_t8500_g+2.5_m-0.25_a+0.00_c+0.00_v2_r2000_resam.txt.gz,8250,2.5,0.3,3.778184237624533,0.4430929969163377,/Users/shannonbowes/Research/ysg/candidates_and_lcs/2022_asassn_lc_data/pysynphot_data/grid/bosz/r2000/m-0.25/bosz2024_ap_t8250_g+2.5_m-0.25_a+0.00_c+0.00_v2_r2000_resam.txt.gz,1000,8663.5,8500.0,294.138997754463,8500.0,8500.0,9000.0,3.9374505550334744,3.929418925714293,0.014416252674323136,3.818023260721051,3.817210883536271,0.011835876290945267,3.8071089945479173,3.817210883536271,3.828504157028152,2.2875,2.5,0.2481808816166145,2.0,2.5,2.5,0.3029,0.3,0.0667202368101313,0.25,0.3,0.35,19.75425584473751,1000,8197.5,8250.0,207.34934289743964,8000.0,8250.0,8500.0,3.913545182124513,3.916453948549925,0.010829896631208804,3.778093496566437,3.777174357546521,0.02016729214821628,3.758644040980363,3.777174357546521,3.7964107395574946,2.48,2.5,0.1004987562112089,2.5,2.5,2.5,0.26625,0.25,0.026616489250087052,0.25,0.25,0.3,13.838690332791375
532,76.424819,-67.751686,10750,3.0,1.0,4.388816763401603,0.3012129916609189,/Users/shannonbowes/Research/ysg/candidates_and_lcs/2022_asassn_lc_data/pysynphot_data/grid/bosz/r2000/m-0.25/bosz2024_ap_t10750_g+3.0_m-0.25_a+0.00_c+0.00_v2_r2000_resam.txt.gz,13000,3.0,1.0,4.563595214087097,0.012302993066617699,/Users/shannonbowes/Research/ysg/candidates_and_lcs/2022_asassn_lc_data/pysynphot_data/grid/bosz/r2000/m-0.25/bosz2024_ap_t13000_g+3.0_m-0.25_a+0.00_c+0.00_v2_r2000_resam.txt.gz,1000,9438.25,9250.0,479.9733716572202,9000.0,9250.0,10000.0,3.9743383215295824,3.9661417327390325,0.021842915795232308,4.354583695127743,4.353244990694973,0.012347659812282898,4.342338282911106,4.353244990694973,4.366741022074985,2.3395,2.5,0.3405726794679808,2.0,2.5,2.5,0.79155,0.8,0.08975576583150521,0.7,0.8,0.9,5.5388747702341306,1000,8505.75,7750.0,1477.0424629982715,7500.0,7750.0,10500.0,3.923817799790967,3.88930170250631,0.06967917381647577,4.347804545144658,4.329217385985128,0.047849672264109376,4.311400326342253,4.329217385985128,4.398123755328436,2.332,2.5,0.31823890396995774,2.0,2.5,2.5,0.4679,0.3,0.30072344438038084,0.2,0.3,0.9,2.8807109401539375
533,76.474828,-68.180702,12000,2.0,0.65,4.679598216997561,6.464540007869838,/Users/shannonbowes/Research/ysg/candidates_and_lcs/2022_asassn_lc_data/pysynphot_data/grid/bosz/r2000/m-0.25/bosz2024_ap_t12000_g+2.0_m-0.25_a+0.00_c+0.00_v2_r2000_resam.txt.gz,12000,2.0,0.75,4.636732082753958,0.2175899936697258,/Users/shannonbowes/Research/ysg/candidates_and_lcs/2022_asassn_lc_data/pysynphot_data/grid/bosz/r2000/m-0.25/bosz2024_ap_t12000_g+2.0_m-0.25_a+0.00_c+0.00_v2_r2000_resam.txt.gz,1000,11983.75,12000.0,73.64399160827718,12000.0,12000.0,12000.0,4.078584344040935,4.079181246047625,0.0027166059306590663,4.708153302285811,4.7085100621138425,0.015534223318967297,4.6922251916197295,4.7085100621138425,4.723367767010184,2.0,2.0,0.0,2.0,2.0,2.0,0.6413,0.65,0.04763727532090809,0.6,0.65,0.7,57.58284953639767,1000,10480.25,11750.0,1700.2345242642264,8250.0,11750.0,12000.0,4.014275168527466,4.0700378666077555,0.07389005449322084,4.520903711137604,4.546308384527322,0.07564221597785695,4.430616227229063,4.546308384527322,4.59806485366793,2.13,2.0,0.2249444375840398,2.0,2.0,2.5,0.7412000000000001,0.85,0.2375764298073359,0.45,0.85,1.0,24.195666596306513
534,76.492217,-70.534889,5750,0.5,0.6,4.92855376373827,0.42865341004153895,/Users/shannonbowes/Research/ysg/candidates_and_lcs/2022_asassn_lc_data/pysynphot_data/grid/bosz/r2000/m-0.25/bosz2024_ms_t5750_g+0.5_m-0.25_a+0.00_c+0.00_v2_r2000_resam.txt.gz,5500,2.5,0.3,4.92788758006163,0.020203591020483316,/Users/shannonbowes/Research/ysg/candidates_and_lcs/2022_asassn_lc_data/pysynphot_data/grid/bosz/r2000/m-0.25/bosz2024_ms_t5500_g+2.5_m-0.25_a+0.00_c+0.00_v2_r2000_resam.txt.gz,1000,5702.75,5750.0,192.56151614484136,5500.0,5750.0,5750.0,3.755841150928708,3.7596678446896306,0.014472351032543162,4.914863120101203,4.91460075546768,0.008535899573113591,4.906626499727716,4.91460075546768,4.923316430682346,0.537,0.5,0.13088544609695915,0.5,0.5,0.5,0.55985,0.6,0.1735237087547405,0.35,0.6,0.65,9.625490113266698,1000,6098.5,6250.0,305.03729280204413,5750.0,6250.0,6250.0,3.784667597955021,3.7958800173440754,0.022088228087300044,4.931180822489267,4.9306990101741945,0.011567665019084974,4.919426347690444,4.9306990101741945,4.942680019820721,1.249,1.0,0.6090968724267102,0.5,1.0,2.0,0.7798999999999999,0.9,0.2393658079175052,0.5,0.9,1.0,2.326479100237767
535,76.536993,-71.25724,5000,0.0,0.5,4.1698380884138855,1.2471673932645644,/Users/shannonbowes/Research/ysg/candidates_and_lcs/2022_asassn_lc_data/pysynphot_data/grid/bosz/r2000/m-0.25/bosz2024_ms_t5000_g+0.0_m-0.25_a+0.00_c+0.00_v2_r2000_resam.txt.gz,5000,0.0,0.25,4.207147483333576,0.008122096542502243,/Users/shannonbowes/Research/ysg/candidates_and_lcs/2022_asassn_lc_data/pysynphot_data/grid/bosz/r2000/m-0.25/bosz2024_ms_t5000_g+0.0_m-0.25_a+0.00_c+0.00_v2_r2000_resam.txt.gz,1000,4959.5,5000.0,92.11270270706424,4750.0,5000.0,5000.0,3.695361228392812,3.6989700043360187,0.008207755693654393,4.172980254359545,4.172405903445313,0.00836307105191519,4.164977387952079,4.172405903445313,4.181055964612628,0.036,0.0,0.1292439553712281,0.0,0.0,0.0,0.44520000000000004,0.5,0.10738696382708658,0.25,0.5,0.5,13.936837474945442,1000,5345.0,5500.0,247.43686063317244,5000.0,5500.0,5500.0,3.7274769460968473,3.7403626894942437,0.02028145292251851,4.196769486595681,4.196515992625294,0.01321008025192869,4.183890044109153,4.196515992625294,4.210009740583392,0.9375,0.5,0.7192661190407901,0.5,0.5,2.0,0.7048499999999999,0.8,0.26113976621725,0.35,0.8,0.95,2.143084291387588
536,76.568824,-68.368561,4250,0.0,0.2,4.1870370553549145,1.2589923876169955,/Users/shannonbowes/Research/ysg/candidates_and_lcs/2022_asassn_lc_data/pysynphot_data/grid/bosz/r2000/m-0.25/bosz2024_ms_t4250_g+0.0_m-0.25_a+0.00_c+0.00_v2_r2000_resam.txt.gz,4750,0.5,0.75,4.21157188849798,0.028415312919747693,/Users/shannonbowes/Research/ysg/candidates_and_lcs/2022_asassn_lc_data/pysynphot_data/grid/bosz/r2000/m-0.25/bosz2024_ms_t4750_g+0.5_m-0.25_a+0.00_c+0.00_v2_r2000_resam.txt.gz,1000,4425.5,4500.0,124.79883813561727,4250.0,4500.0,4500.0,3.6457882360677742,3.6532125137753435,0.012323238860544742,4.184452342371417,4.184462742950451,0.007427940462844815,4.177064726745828,4.184462742950451,4.191734898278717,0.006,0.0,0.0544426303552648,0.0,0.0,0.0,0.47454999999999997,0.55,0.1909706718320905,0.2,0.55,0.6,18.354602539496604,1000,4559.0,4500.0,134.23486879346962,4500.0,4500.0,4750.0,3.6586826603444504,3.6532125137753435,0.012721454698027632,4.199328378006248,4.199332765560602,0.0083085504224043,4.191375840075684,4.199332765560602,4.207532506498596,0.9825,1.0,0.8797407288514042,0.0,1.0,2.0,0.5434500000000001,0.5,0.1795956500029998,0.4,0.5,0.8,2.3960022285040066
537,76.580081,-71.470123,10750,2.0,1.0,4.137960226470935,0.8010952342101497,/Users/shannonbowes/Research/ysg/candidates_and_lcs/2022_asassn_lc_data/pysynphot_data/grid/bosz/r2000/m-0.25/bosz2024_ap_t10750_g+2.0_m-0.25_a+0.00_c+0.00_v2_r2000_resam.txt.gz,7500,2.0,0.35,4.056337046710938,0.011089218829272763,/Users/shannonbowes/Research/ysg/candidates_and_lcs/2022_asassn_lc_data/pysynphot_data/grid/bosz/r2000/m-0.25/bosz2024_ap_t7500_g+2.0_m-0.25_a+0.00_c+0.00_v2_r2000_resam.txt.gz,1000,10386.75,10500.0,209.43241750025234,10250.0,10500.0,10500.0,4.016391342700622,4.021189299069938,0.00876111658118919,4.1220667248150145,4.122172756719854,0.010886214157173977,4.111274816813539,4.122172756719854,4.132998970638287,2.0,2.0,0.0,2.0,2.0,2.0,0.9999,1.0,0.0022338307903688693,1.0,1.0,1.0,19.838613484903107,1000,8170.75,8000.0,1060.3805625811895,7250.0,8000.0,8750.0,3.9089517004144763,3.9030899869919438,0.05236156625528606,4.066009193160565,4.058419366577061,0.034831708945812195,4.039304077043057,4.058419366577061,4.087692675762536,2.2725,2.5,0.3308983983037693,2.0,2.5,2.5,0.53255,0.55,0.26807274665657455,0.2,0.55,0.85,4.630882200897473
538,76.595263,-69.819595,8250,2.5,0.55,3.877769231596772,0.8113125972703662,/Users/shannonbowes/Research/ysg/candidates_and_lcs/2022_asassn_lc_data/pysynphot_data/grid/bosz/r2000/m-0.25/bosz2024_ap_t8250_g+2.5_m-0.25_a+0.00_c+0.00_v2_r2000_resam.txt.gz,10250,2.5,1.0,3.882520524311127,0.03926511599299613,/Users/shannonbowes/Research/ysg/candidates_and_lcs/2022_asassn_lc_data/pysynphot_data/grid/bosz/r2000/m-0.25/bosz2024_ap_t10250_g+2.5_m-0.25_a+0.00_c+0.00_v2_r2000_resam.txt.gz,1000,8781.0,8750.0,331.15555257310723,8500.0,8750.0,9000.0,3.943235902522436,3.942008053022313,0.01635221471661237,3.876507273266765,3.876220485293911,0.007660116188513131,3.8688912089866436,3.876220485293911,3.8842849480135513,2.2645,2.5,0.25256632792199357,2.0,2.5,2.5,0.7101,0.7,0.0888425010904128,0.65,0.7,0.8,12.007626828699467,1000,10365.0,10500.0,582.687737986651,10000.0,10500.0,10750.0,4.0148428427977105,4.021189299069938,0.02551924514351011,3.9112887865386563,3.907814399133277,0.0314665798289419,3.8837477145380173,3.907814399133277,3.9400275396596407,2.6505,3.0,0.4136420554053951,2.0,3.0,3.0,0.98715,1.0,0.06743424575095358,1.0,1.0,1.0,6.701700749377136
539,76.614421,-68.511215,9750,2.0,1.0,4.634268780655404,50.598636128365285,/Users/shannonbowes/Research/ysg/candidates_and_lcs/2022_asassn_lc_data/pysynphot_data/grid/bosz/r2000/m-0.25/bosz2024_ap_t9750_g+2.0_m-0.25_a+0.00_c+0.00_v2_r2000_resam.txt.gz,7250,2.5,0.9,4.424244307125751,0.0941515374323415,/Users/shannonbowes/Research/ysg/candidates_and_lcs/2022_asassn_lc_data/pysynphot_data/grid/bosz/r2000/m-0.25/bosz2024_ms_t7250_g+2.5_m-0.25_a+0.00_c+0.00_v2_r2000_resam.txt.gz,1000,9597.0,9500.0,157.21323099535866,9500.0,9500.0,9750.0,3.982077309934827,3.9777236052888476,0.0071066283861396335,4.647976434392817,4.648109378591451,0.009696853605309329,4.6382663443559,4.648109378591451,4.657546157738821,2.0,2.0,0.0,2.0,2.0,2.0,1.0,1.0,0.0,1.0,1.0,1.0,128.20046509675547,1000,7307.25,7250.0,280.6865467029013,7000.0,7250.0,7500.0,3.8634212618396333,3.8603380065709936,0.017168580871465246,4.430930150008425,4.4315555354069796,0.02047570051448452,4.410736152641384,4.4315555354069796,4.45094376521084,2.261,2.5,0.325390534588823,2.0,2.5,2.5,0.9608,1.0,0.12228393189622255,0.95,1.0,1.0,16.301392214466937
540,76.614966,-68.364449,4250,0.0,0.3,3.979470814424724,1.265832346745304,/Users/shannonbowes/Research/ysg/candidates_and_lcs/2022_asassn_lc_data/pysynphot_data/grid/bosz/r2000/m-0.25/bosz2024_ms_t4250_g+0.0_m-0.25_a+0.00_c+0.00_v2_r2000_resam.txt.gz,4250,0.5,0.25,3.9887144715145855,0.011029338968234978,/Users/shannonbowes/Research/ysg/candidates_and_lcs/2022_asassn_lc_data/pysynphot_data/grid/bosz/r2000/m-0.25/bosz2024_ms_t4250_g+0.5_m-0.25_a+0.00_c+0.00_v2_r2000_resam.txt.gz,1000,4252.25,4250.0,23.61011435804579,4250.0,4250.0,4250.0,3.628612342303838,3.6283889300503116,0.00234435060209811,3.9871482342006654,3.987128246063147,0.0075083787258124,3.9796186023395754,3.987128246063147,3.9948014222041626,0.0015,0.0,0.027345017827750635,0.0,0.0,0.0,0.28125,0.3,0.056665134783215686,0.25,0.3,0.3,11.089540895112034,1000,4448.5,4500.0,176.69960384788644,4250.0,4500.0,4750.0,3.647873317564902,3.6532125137753435,0.017163462128619196,3.992991310583202,3.9932618952126973,0.008001298923397869,3.9851708191614086,3.9932618952126973,4.00102635057073,1.281,1.0,0.839368214790148,0.5,1.0,2.5,0.5575500000000001,0.6,0.25787690377387423,0.25,0.6,0.8579999999999984,3.343451823403525
541,76.63928,-68.363991,4500,0.5,0.65,4.3260067834576965,0.5942250768772086,/Users/shannonbowes/Research/ysg/candidates_and_lcs/2022_asassn_lc_data/pysynphot_data/grid/bosz/r2000/m-0.25/bosz2024_ms_t4500_g+0.5_m-0.25_a+0.00_c+0.00_v2_r2000_resam.txt.gz,4500,0.5,0.5,4.33531780004579,0.02736507964523945,/Users/shannonbowes/Research/ysg/candidates_and_lcs/2022_asassn_lc_data/pysynphot_data/grid/bosz/r2000/m-0.25/bosz2024_ms_t4500_g+0.5_m-0.25_a+0.00_c+0.00_v2_r2000_resam.txt.gz,1000,4508.5,4500.0,145.9546162339513,4500.0,4500.0,4750.0,3.6538041279013997,3.6532125137753435,0.014078437783222925,4.326012369316284,4.326443523015236,0.009450961516546024,4.316314309718665,4.326443523015236,4.335625729329575,0.6825,0.5,0.4392536283287823,0.0,0.5,1.0,0.6899500000000001,0.7,0.20060283522423106,0.5,0.7,0.9,9.688756005057037,1000,4478.75,4500.0,152.43338709088636,4250.0,4500.0,4500.0,3.650905852374702,3.6532125137753435,0.014758304741744372,4.340963878471651,4.3407943148734125,0.012000943847550644,4.328169455234722,4.3407943148734125,4.353192791176316,1.5475,1.5,0.875781793599296,0.5,1.5,2.5,0.4870500000000001,0.5,0.21004713161573996,0.2,0.5,0.6579999999999984,2.342714767808975
542,76.68745,-68.346352,9500,2.0,0.8,4.112430483885098,0.176496717827284,/Users/shannonbowes/Research/ysg/candidates_and_lcs/2022_asassn_lc_data/pysynphot_data/grid/bosz/r2000/m-0.25/bosz2024_ap_t9500_g+2.0_m-0.25_a+0.00_c+0.00_v2_r2000_resam.txt.gz,9750,2.0,0.9,4.11355366892219,0.004108279112259874,/Users/shannonbowes/Research/ysg/candidates_and_lcs/2022_asassn_lc_data/pysynphot_data/grid/bosz/r2000/m-0.25/bosz2024_ap_t9750_g+2.0_m-0.25_a+0.00_c+0.00_v2_r2000_resam.txt.gz,1000,8432.5,8250.0,822.9178270034014,7750.0,8250.0,9250.0,3.923977312635316,3.916453948549925,0.041029699029241494,4.100231229293943,4.0993437246760625,0.019391529405161305,4.081829747987973,4.0993437246760625,4.1180200282383925,2.25,2.0,0.2810693864511039,2.0,2.0,2.5,0.48175,0.45,0.239519179816565,0.2,0.45,0.75,4.220199328556817,1000,8494.25,7750.0,1396.9267831565116,7500.0,7750.0,10250.0,3.9239086170736073,3.88930170250631,0.06540458780085415,4.097854635998853,4.0885676803737745,0.06297044489564531,4.04156568275674,4.0885676803737745,4.14652563464604,2.3985,2.5,0.3412444138736926,2.0,2.5,2.5,0.47020000000000006,0.3,0.3002448334276545,0.2,0.3,0.9,2.4343579479190165
543,76.690052,-68.986404,7000,2.5,0.35,4.128181499048339,0.2040981008718114,/Users/shannonbowes/Research/ysg/candidates_and_lcs/2022_asassn_lc_data/pysynphot_data/grid/bosz/r2000/m-0.25/bosz2024_ms_t7000_g+2.5_m-0.25_a+0.00_c+0.00_v2_r2000_resam.txt.gz,6500,1.0,0.25,4.085498708023738,0.02279057757180768,/Users/shannonbowes/Research/ysg/candidates_and_lcs/2022_asassn_lc_data/pysynphot_data/grid/bosz/r2000/m-0.25/bosz2024_ms_t6500_g+1.0_m-0.25_a+0.00_c+0.00_v2_r2000_resam.txt.gz,1000,7296.5,7000.0,612.9541173693183,6750.0,7000.0,8250.0,3.861653492408267,3.845098040014257,0.03519849141198227,4.120766266261296,4.120793785167721,0.006277159581756489,4.114637373915395,4.120793785167721,4.127130361493402,1.9615,2.0,0.3387738921463695,1.5,2.0,2.5,0.507,0.4,0.28132010237450145,0.25,0.4,0.95,6.878787568795837,1000,6944.5,6750.0,407.1790146851873,6750.0,6750.0,7250.0,3.8409443902935627,3.829303772831025,0.024179245222666464,4.107960965928285,4.108042111921376,0.010013362536890382,4.098650116894524,4.108042111921376,4.117257230071189,2.1295,2.0,0.3980951519423465,1.5,2.0,2.5,0.37910000000000005,0.3,0.2081662556707979,0.25,0.3,0.55,2.705081409905642
544,76.693142,-69.049408,6750,2.5,0.65,4.210957986178234,0.6842911576283136,/Users/shannonbowes/Research/ysg/candidates_and_lcs/2022_asassn_lc_data/pysynphot_data/grid/bosz/r2000/m-0.25/bosz2024_ms_t6750_g+2.5_m-0.25_a+0.00_c+0.00_v2_r2000_resam.txt.gz,6750,2.0,0.7,4.192432026266107,0.018106083199710077,/Users/shannonbowes/Research/ysg/candidates_and_lcs/2022_asassn_lc_data/pysynphot_data/grid/bosz/r2000/m-0.25/bosz2024_ms_t6750_g+2.0_m-0.25_a+0.00_c+0.00_v2_r2000_resam.txt.gz,1000,6572.5,6500.0,259.3139988508141,6250.0,6500.0,6750.0,3.8173953333247423,3.8129133566428557,0.017031223628651206,4.211243175098949,4.211274519144293,0.006858579281201186,4.204344928320976,4.211274519144293,4.218090505169159,2.0745,2.0,0.34813754465728053,1.5,2.0,2.5,0.5675,0.55,0.15834692924082866,0.35,0.55,0.7,19.329601827525483,1000,6240.0,6000.0,355.52777669262355,6000.0,6000.0,6539.999999999992,3.7945136697511535,3.7781512503836434,0.023844746700548855,4.189073002666099,4.1886922612484,0.008884976805975478,4.180240939781465,4.1886922612484,4.198086450414723,1.823,2.0,0.5283663501776016,1.0,2.0,2.5,0.4240499999999999,0.3,0.2432264325685019,0.25,0.3,0.7,7.53177123181729
545,76.69987,-70.037064,5500,0.5,0.35,4.339125385196928,1.0341196433734625,/Users/shannonbowes/Research/ysg/candidates_and_lcs/2022_asassn_lc_data/pysynphot_data/grid/bosz/r2000/m-0.25/bosz2024_ms_t5500_g+0.5_m-0.25_a+0.00_c+0.00_v2_r2000_resam.txt.gz,5500,1.0,0.35,4.349594574541943,0.015022090606709036,/Users/shannonbowes/Research/ysg/candidates_and_lcs/2022_asassn_lc_data/pysynphot_data/grid/bosz/r2000/m-0.25/bosz2024_ms_t5500_g+1.0_m-0.25_a+0.00_c+0.00_v2_r2000_resam.txt.gz,1000,5536.5,5500.0,88.27655407864536,5500.0,5500.0,5500.0,3.743181242152769,3.7403626894942437,0.00681677030640885,4.345821645288812,4.345602305316945,0.006650939594553993,4.339215977912432,4.345602305316945,4.3526296433415,0.5,0.5,0.0,0.5,0.5,0.5,0.41935,0.4,0.09475271763912632,0.35,0.4,0.45,14.143025314308806,1000,5576.75,5500.0,172.97958694597463,5500.0,5500.0,5750.0,3.746182016297186,3.7403626894942437,0.012997081035494714,4.356193309644151,4.35628152685266,0.008013048449799465,4.348432505812217,4.35628152685266,4.364018636168953,2.0845,2.5,0.604243121599245,1.5,2.5,2.5,0.37514999999999993,0.3,0.14916426348157258,0.25,0.3,0.5,2.3647273299625766
546,76.782532,-68.888756,5250,0.5,0.25,4.026820519332892,17.875583719620604,/Users/shannonbowes/Research/ysg/candidates_and_lcs/2022_asassn_lc_data/pysynphot_data/grid/bosz/r2000/m-0.25/bosz2024_ms_t5250_g+0.5_m-0.25_a+0.00_c+0.00_v2_r2000_resam.txt.gz,5500,2.0,0.3,4.046492700208083,0.23453158316364878,/Users/shannonbowes/Research/ysg/candidates_and_lcs/2022_asassn_lc_data/pysynphot_data/grid/bosz/r2000/m-0.25/bosz2024_ms_t5500_g+2.0_m-0.25_a+0.00_c+0.00_v2_r2000_resam.txt.gz,1000,5266.25,5250.0,61.63146517810525,5250.0,5250.0,5250.0,3.7214725235016957,3.720159303405957,0.004980657144720218,4.031781462873604,4.03181200213322,0.006379410523484416,4.02536236226235,4.03181200213322,4.037945563382383,0.5,0.5,0.0,0.5,0.5,0.5,0.26280000000000003,0.25,0.04807452547867737,0.25,0.25,0.25,55.36149116681548,1000,5495.75,5500.0,45.215456428084416,5500.0,5500.0,5500.0,3.740012046083599,3.7403626894942437,0.0036142746950564015,4.058449264031353,4.058467406341676,0.007850484306750673,4.050960339797151,4.058467406341676,4.066007393976301,2.4925,2.5,0.06851094803022362,2.5,2.5,2.5,0.3009,0.3,0.04603466085462127,0.25,0.3,0.35,17.992505042583872
547,76.814063,-70.200775,5750,0.5,0.4,3.989435453362132,0.7638592181629184,/Users/shannonbowes/Research/ysg/candidates_and_lcs/2022_asassn_lc_data/pysynphot_data/grid/bosz/r2000/m-0.25/bosz2024_ms_t5750_g+0.5_m-0.25_a+0.00_c+0.00_v2_r2000_resam.txt.gz,5750,1.0,0.35,3.994935689362615,0.00904133899698752,/Users/shannonbowes/Research/ysg/candidates_and_lcs/2022_asassn_lc_data/pysynphot_data/grid/bosz/r2000/m-0.25/bosz2024_ms_t5750_g+1.0_m-0.25_a+0.00_c+0.00_v2_r2000_resam.txt.gz,1000,5836.5,5750.0,220.83421383472262,5750.0,5750.0,5750.0,3.7658577076182334,3.7596678446896306,0.015790006777736322,3.9878490499150003,3.987820559753235,0.006415481471788227,3.9813135825523527,3.987820559753235,3.994192422738916,0.574,0.5,0.18034411551253898,0.5,0.5,0.5,0.4917,0.4,0.18274602594858252,0.4,0.4,0.45,8.534591351255502,1000,6162.25,6250.0,339.834426596247,5750.0,6250.0,6500.0,3.789078912433191,3.7958800173440754,0.02395126143646921,4.000510329544468,4.000566770513229,0.008802930371865074,3.9913406103669704,4.000566770513229,4.00917977390522,1.7435,1.5,0.6003813371516473,1.0,1.5,2.5,0.65395,0.65,0.2528970096699445,0.35,0.65,0.95,1.5572681833366289
548,76.816581,-68.883507,5500,0.5,0.3,4.5020878094631165,1.7142032072822802,/Users/shannonbowes/Research/ysg/candidates_and_lcs/2022_asassn_lc_data/pysynphot_data/grid/bosz/r2000/m-0.25/bosz2024_ms_t5500_g+0.5_m-0.25_a+0.00_c+0.00_v2_r2000_resam.txt.gz,5750,1.0,0.5,4.496732530273689,0.024216927020368408,/Users/shannonbowes/Research/ysg/candidates_and_lcs/2022_asassn_lc_data/pysynphot_data/grid/bosz/r2000/m-0.25/bosz2024_ms_t5750_g+1.0_m-0.25_a+0.00_c+0.00_v2_r2000_resam.txt.gz,1000,5673.25,5750.0,159.05011002825492,5500.0,5750.0,5750.0,3.7536644216370836,3.7596678446896306,0.012007865062128831,4.497552848124108,4.497410900363198,0.006577474755691553,4.491113902314626,4.497410900363198,4.504253928145084,0.516,0.5,0.088,0.5,0.5,0.5,0.44129999999999997,0.5,0.15633077112328206,0.25,0.5,0.55,14.79968129899784,1000,6172.25,6250.0,320.183443513246,5750.0,6250.0,6500.0,3.7898493201524777,3.7958800173440754,0.02281436004875257,4.5133527706932,4.513434761391732,0.008438899575160518,4.504833224007676,4.513434761391732,4.522275143318811,1.7305,1.5,0.5478318628922564,1.0,1.5,2.5,0.72925,0.8,0.24198540761789747,0.4,0.8,1.0,2.1147665288633717
549,76.828802,-68.427116,8000,2.0,0.45,4.1899534328014765,0.0624349959908748,/Users/shannonbowes/Research/ysg/candidates_and_lcs/2022_asassn_lc_data/pysynphot_data/grid/bosz/r2000/m-0.25/bosz2024_ap_t8000_g+2.0_m-0.25_a+0.00_c+0.00_v2_r2000_resam.txt.gz,8500,2.0,0.6,4.199735956052487,0.015137022751389223,/Users/shannonbowes/Research/ysg/candidates_and_lcs/2022_asassn_lc_data/pysynphot_data/grid/bosz/r2000/m-0.25/bosz2024_ap_t8500_g+2.0_m-0.25_a+0.00_c+0.00_v2_r2000_resam.txt.gz,1000,7696.0,7500.0,625.9664527752266,7250.0,7500.0,8000.0,3.8849525041582367,3.8750612633917,0.03302717532791231,4.171068839355524,4.169784743560217,0.019676503345972613,4.152998273273211,4.169784743560217,4.191628110630424,2.187,2.0,0.264633709115071,2.0,2.0,2.5,0.36795000000000005,0.25,0.22256526570873542,0.2,0.25,0.5579999999999985,4.509077329194375,1000,7840.25,7500.0,1127.0170528878434,7000.0,7500.0,8500.0,3.890584424945908,3.8750612633917,0.054631507598060985,4.1787041373551,4.170568301603945,0.05953680649937222,4.128815198891902,4.170568301603945,4.222986278743696,2.221,2.0,0.35938697806125364,2.0,2.0,2.5,0.3708000000000001,0.2,0.2697357225137227,0.2,0.2,0.75,2.599714904279176
550,76.833749,-70.454239,5000,0.0,0.2,3.959126529055633,36.61087628146862,/Users/shannonbowes/Research/ysg/candidates_and_lcs/2022_asassn_lc_data/pysynphot_data/grid/bosz/r2000/m-0.25/bosz2024_ms_t5000_g+0.0_m-0.25_a+0.00_c+0.00_v2_r2000_resam.txt.gz,5750,0.5,0.95,3.978426978493153,13.598904723068479,/Users/shannonbowes/Research/ysg/candidates_and_lcs/2022_asassn_lc_data/pysynphot_data/grid/bosz/r2000/m-0.25/bosz2024_ms_t5750_g+0.5_m-0.25_a+0.00_c+0.00_v2_r2000_resam.txt.gz,1000,5139.5,5000.0,227.02367717927572,5000.0,5000.0,5500.0,3.710509844232501,3.6989700043360187,0.018750903832313762,3.941754055058893,3.9414328439436934,0.010885979616964088,3.9304505489014367,3.9414328439436934,3.9532838094970413,0.158,0.0,0.23245644753372616,0.0,0.0,0.5,0.376,0.2,0.2834766304300938,0.2,0.2,0.8,101.26299455132725,1000,5791.25,5750.0,92.79513726483732,5750.0,5750.0,6000.0,3.7627176066291432,3.7596678446896306,0.006860680673990394,3.9686367764517407,3.96807742062845,0.00928965452082691,3.9596442994614782,3.96807742062845,3.97788078588712,0.5825,0.5,0.18559027452967466,0.5,0.5,1.0,0.9495,0.95,0.041830013148455976,0.9,0.95,1.0,62.71686884008215
551,76.871172,-68.311821,9750,2.5,0.7,4.149404238798551,0.18508773848791304,/Users/shannonbowes/Research/ysg/candidates_and_lcs/2022_asassn_lc_data/pysynphot_data/grid/bosz/r2000/m-0.25/bosz2024_ap_t9750_g+2.5_m-0.25_a+0.00_c+0.00_v2_r2000_resam.txt.gz,8000,2.0,0.3,4.118514651299783,0.004815760154312681,/Users/shannonbowes/Research/ysg/candidates_and_lcs/2022_asassn_lc_data/pysynphot_data/grid/bosz/r2000/m-0.25/bosz2024_ap_t8000_g+2.0_m-0.25_a+0.00_c+0.00_v2_r2000_resam.txt.gz,1000,8900.75,8750.0,553.3641996913063,8500.0,8750.0,9500.0,3.948607130038697,3.942008053022313,0.026536538865980352,4.152432228433694,4.151303345671225,0.013103709303492812,4.14005350646348,4.151303345671225,4.164793175216005,2.112,2.0,0.23120553626589482,2.0,2.0,2.5,0.47770000000000007,0.5,0.1426629244057474,0.35,0.5,0.6,4.865043389847946,1000,8785.75,8000.0,1538.8825288175833,7750.0,8000.0,10500.0,3.9379083040358496,3.9030899869919438,0.06920518443655567,4.150722735593875,4.130383147889164,0.06421660505406596,4.102463276823449,4.130383147889164,4.206927592241778,2.17,2.0,0.28213471959331765,2.0,2.0,2.5,0.39120000000000005,0.25,0.25380614649767647,0.2,0.25,0.75,2.648905694323552
552,76.878954,-65.3396,9000,2.5,0.6,4.125700497351061,0.21130187445977805,/Users/shannonbowes/Research/ysg/candidates_and_lcs/2022_asassn_lc_data/pysynphot_data/grid/bosz/r2000/m-0.25/bosz2024_ap_t9000_g+2.5_m-0.25_a+0.00_c+0.00_v2_r2000_resam.txt.gz,10500,2.5,0.85,4.150961598611933,0.007720965004269491,/Users/shannonbowes/Research/ysg/candidates_and_lcs/2022_asassn_lc_data/pysynphot_data/grid/bosz/r2000/m-0.25/bosz2024_ap_t10500_g+2.5_m-0.25_a+0.00_c+0.00_v2_r2000_resam.txt.gz,1000,7907.5,7750.0,282.96422035303334,7750.0,7750.0,8000.0,3.897774032259679,3.88930170250631,0.014999327486554987,4.116629118512464,4.116819202487726,0.007963587456763161,4.108687801098853,4.116819202487726,4.124132562968401,2.1935,2.0,0.2435318254356091,2.0,2.0,2.5,0.249,0.2,0.11001818031580053,0.15,0.2,0.3,5.457247691419599,1000,9036.5,8250.0,1738.4383077923703,7750.0,8250.0,10750.0,3.9488138502556893,3.916453948549925,0.07688719192586482,4.157280162148801,4.134491591060179,0.07789679002736319,4.093663456293214,4.134491591060179,4.224073239817891,2.4285,2.5,0.37166887144338573,2.0,2.5,3.0,0.4393,0.3,0.2972465474988734,0.15,0.3,0.85,2.2264440510156533
553,76.938948,-69.162407,4500,2.5,1.0,4.245296793702087,36.588958893175736,/Users/shannonbowes/Research/ysg/candidates_and_lcs/2022_asassn_lc_data/pysynphot_data/grid/bosz/r2000/m-0.25/bosz2024_ms_t4500_g+2.5_m-0.25_a+0.00_c+0.00_v2_r2000_resam.txt.gz,4250,1.0,0.5,4.24743762066797,22.96087824124131,/Users/shannonbowes/Research/ysg/candidates_and_lcs/2022_asassn_lc_data/pysynphot_data/grid/bosz/r2000/m-0.25/bosz2024_ms_t4250_g+1.0_m-0.25_a+0.00_c+0.00_v2_r2000_resam.txt.gz,1000,4474.75,4500.0,75.33218103838492,4500.0,4500.0,4500.0,3.6507053318191156,3.6532125137753435,0.007480058812782437,4.244274145541389,4.244030989106911,0.006799762056386175,4.237447570776346,4.244030989106911,4.251267195893683,2.346,2.5,0.25056735621385323,2.0,2.5,2.5,0.93695,1.0,0.11975891407323297,0.95,1.0,1.0,86.50416826611874,1000,4281.25,4250.0,82.67972847076845,4250.0,4250.0,4250.0,3.6314918780159418,3.6283889300503116,0.0082096286482281,4.246145773853139,4.246159540501577,0.006725346626509001,4.239259882454183,4.246159540501577,4.253009845595399,2.1375,2.0,0.356151302117513,2.0,2.0,2.5,0.5590499999999999,0.5,0.1363290046175061,0.45,0.5,0.6,70.81433208282398
554,76.976827,-69.458702,9000,2.5,0.85,4.01798239140402,0.32718117889196446,/Users/shannonbowes/Research/ysg/candidates_and_lcs/2022_asassn_lc_data/pysynphot_data/grid/bosz/r2000/m-0.25/bosz2024_ap_t9000_g+2.5_m-0.25_a+0.00_c+0.00_v2_r2000_resam.txt.gz,8500,2.0,0.8,4.0025417596167,0.007879779802701735,/Users/shannonbowes/Research/ysg/candidates_and_lcs/2022_asassn_lc_data/pysynphot_data/grid/bosz/r2000/m-0.25/bosz2024_ap_t8500_g+2.0_m-0.25_a+0.00_c+0.00_v2_r2000_resam.txt.gz,1000,8689.75,8750.0,350.26052803591784,8250.0,8750.0,9000.0,3.938650765687088,3.942008053022313,0.01764742917949168,4.014085996336628,4.014085528964279,0.007198180844654109,4.007113348747759,4.014085528964279,4.021260378599975,2.3185,2.5,0.2404324229383383,2.0,2.5,2.5,0.7647,0.8,0.10170501462563192,0.65,0.8,0.85,6.620597555021976,1000,9514.0,9750.0,847.9705183554438,8500.0,9750.0,10250.0,3.9765451070324733,3.989004615698537,0.04028451496405045,4.030865079658934,4.029820246747192,0.028891668898172053,3.999033409181574,4.029820246747192,4.0600224726187975,2.547,2.5,0.302970295573675,2.5,2.5,3.0,0.90775,1.0,0.15788425348970048,0.75,1.0,1.0,4.14267237492917
555,76.977897,-68.676727,8500,2.5,0.45,4.046915029059819,0.23482470719687382,/Users/shannonbowes/Research/ysg/candidates_and_lcs/2022_asassn_lc_data/pysynphot_data/grid/bosz/r2000/m-0.25/bosz2024_ap_t8500_g+2.5_m-0.25_a+0.00_c+0.00_v2_r2000_resam.txt.gz,10500,2.5,0.75,4.113167478377243,0.002458358798637526,/Users/shannonbowes/Research/ysg/candidates_and_lcs/2022_asassn_lc_data/pysynphot_data/grid/bosz/r2000/m-0.25/bosz2024_ap_t10500_g+2.5_m-0.25_a+0.00_c+0.00_v2_r2000_resam.txt.gz,1000,8545.25,8500.0,333.37657011253805,8250.0,8500.0,9000.0,3.9313952381094412,3.929418925714293,0.016908746450426167,4.0441604066923595,4.043407552904652,0.007969727353893159,4.036460347261047,4.043407552904652,4.0523290066286695,2.234,2.0,0.24948747463550153,2.0,2.0,2.5,0.45535000000000003,0.45,0.09979417568175009,0.35,0.45,0.55,4.40152841313698,1000,10161.5,10250.0,2019.1069189124187,7750.0,10250.0,12500.0,3.998363190435143,4.010723865391773,0.0864797684626749,4.109678423169394,4.090306463888419,0.09030086394083649,4.022822022628741,4.090306463888419,4.203534843504365,2.5605,2.5,0.4196304922190474,2.0,2.5,3.0,0.64635,0.75,0.2924964572435023,0.25,0.75,0.95,1.977818405078933
556,76.998653,-66.655083,9000,2.5,0.6,4.051783472333296,0.4328918630239138,/Users/shannonbowes/Research/ysg/candidates_and_lcs/2022_asassn_lc_data/pysynphot_data/grid/bosz/r2000/m-0.25/bosz2024_ap_t9000_g+2.5_m-0.25_a+0.00_c+0.00_v2_r2000_resam.txt.gz,9250,2.0,0.55,4.075909797507386,0.011400155729013199,/Users/shannonbowes/Research/ysg/candidates_and_lcs/2022_asassn_lc_data/pysynphot_data/grid/bosz/r2000/m-0.25/bosz2024_ap_t9250_g+2.0_m-0.25_a+0.00_c+0.00_v2_r2000_resam.txt.gz,1000,8923.5,9000.0,368.30388268385116,8500.0,9000.0,9250.0,3.95016908851973,3.9542425094393248,0.017794855648901823,4.04524744227352,4.044585746606002,0.009219993686974313,4.036288166858439,4.044585746606002,4.053854847365286,2.325,2.5,0.2497498748748435,2.0,2.5,2.5,0.5526500000000001,0.55,0.09316908017148179,0.45,0.55,0.65,10.537588836923451,1000,7880.0,7750.0,321.6753021293366,7750.0,7750.0,8000.0,3.8962181338786275,3.88930170250631,0.015748943491082478,4.028522482717555,4.0270745387825375,0.016309164178521688,4.01534496746585,4.0270745387825375,4.041189635784988,2.334,2.5,0.24071559982684962,2.0,2.5,2.5,0.23585000000000003,0.2,0.06980170126866538,0.2,0.2,0.25,6.233525581194097
557,77.004271,-67.097099,10250,2.5,0.85,3.991796745196751,0.9183468283356138,/Users/shannonbowes/Research/ysg/candidates_and_lcs/2022_asassn_lc_data/pysynphot_data/grid/bosz/r2000/m-0.25/bosz2024_ap_t10250_g+2.5_m-0.25_a+0.00_c+0.00_v2_r2000_resam.txt.gz,7500,2.5,0.2,3.9196557058014805,0.009943622042102803,/Users/shannonbowes/Research/ysg/candidates_and_lcs/2022_asassn_lc_data/pysynphot_data/grid/bosz/r2000/m-0.25/bosz2024_ms_t7500_g+2.5_m-0.25_a+0.00_c+0.00_v2_r2000_resam.txt.gz,1000,10709.75,10750.0,526.7280489018978,10250.0,10750.0,11250.0,4.029243121416395,4.031408464251625,0.021697341895075984,4.000088187688955,4.000855530030808,0.018620729831896197,3.9806372171006728,4.000855530030808,4.018257639902849,2.756,3.0,0.3563200808262144,2.5,3.0,3.0,0.907,0.9,0.07798076685952761,0.85,0.9,1.0,10.831369839333165,1000,7711.25,7750.0,413.14154656727516,7500.0,7750.0,7750.0,3.8865940970941786,3.88930170250631,0.02067586534263624,3.9292375845408176,3.926715218974092,0.02015292538239924,3.9124398157995044,3.926715218974092,3.9469037004749734,2.38,2.5,0.21587033144922904,2.0,2.5,2.5,0.267,0.25,0.10909170454255447,0.2,0.25,0.35,4.7360776439029
558,77.02987,-66.98938,9500,2.0,0.35,4.071228138121072,0.25955397253636725,/Users/shannonbowes/Research/ysg/candidates_and_lcs/2022_asassn_lc_data/pysynphot_data/grid/bosz/r2000/m-0.25/bosz2024_ap_t9500_g+2.0_m-0.25_a+0.00_c+0.00_v2_r2000_resam.txt.gz,8500,2.5,0.35,3.990326939258862,0.004927998319892515,/Users/shannonbowes/Research/ysg/candidates_and_lcs/2022_asassn_lc_data/pysynphot_data/grid/bosz/r2000/m-0.25/bosz2024_ap_t8500_g+2.5_m-0.25_a+0.00_c+0.00_v2_r2000_resam.txt.gz,1000,10133.0,10000.0,516.5375107385717,9750.0,10000.0,10500.0,4.005187687586948,4.0,0.02173418512475174,4.097238191294808,4.094758454995299,0.018812268441860677,4.079720688513366,4.094758454995299,4.113731491810018,2.3095,2.0,0.3513683964160692,2.0,2.0,2.5,0.4399,0.45,0.07913905483388085,0.35,0.45,0.5,6.726381216738132,1000,9081.75,8500.0,1258.3240590165954,8250.0,8500.0,10250.0,3.9545816813547545,3.929418925714293,0.05382041498832381,4.037978441308217,4.018543887344023,0.06195706726245262,3.9940987937283823,4.018543887344023,4.077936596501967,2.3035,2.5,0.3108661287435477,2.0,2.5,2.5,0.31055,0.25,0.15799113108019702,0.2,0.25,0.5,2.48988648620071
559,77.076109,-68.779739,5500,0.5,0.35,4.090297267415337,9.980988739268739,/Users/shannonbowes/Research/ysg/candidates_and_lcs/2022_asassn_lc_data/pysynphot_data/grid/bosz/r2000/m-0.25/bosz2024_ms_t5500_g+0.5_m-0.25_a+0.00_c+0.00_v2_r2000_resam.txt.gz,6250,2.5,0.7,4.116684300138576,0.01567728044169949,/Users/shannonbowes/Research/ysg/candidates_and_lcs/2022_asassn_lc_data/pysynphot_data/grid/bosz/r2000/m-0.25/bosz2024_ms_t6250_g+2.5_m-0.25_a+0.00_c+0.00_v2_r2000_resam.txt.gz,1000,5499.0,5500.0,22.338307903688676,5500.0,5500.0,5500.0,3.740280079488103,3.7403626894942437,0.0017853891670209935,4.082551127908303,4.082586230782618,0.006889764219789197,4.075783168975953,4.082586230782618,4.089510536860287,0.5,0.5,0.0,0.5,0.5,0.5,0.35225,0.35,0.03166129340377617,0.35,0.35,0.4,44.68352393613049,1000,6140.0,6000.0,365.41072781186926,5750.0,6000.0,6500.0,3.7874032394453474,3.7781512503836434,0.02574792146812529,4.1168018774114135,4.116795594804787,0.008822205025539797,4.107960685646736,4.116795594804787,4.126000637575354,1.821,2.0,0.5580851189558812,1.0,2.0,2.5,0.6192000000000001,0.6,0.26599127805249556,0.3,0.6,0.95,2.793378013973176
560,77.160077,-67.785843,9500,2.5,0.5,4.207440896550776,0.13386660128876426,/Users/shannonbowes/Research/ysg/candidates_and_lcs/2022_asassn_lc_data/pysynphot_data/grid/bosz/r2000/m-0.25/bosz2024_ap_t9500_g+2.5_m-0.25_a+0.00_c+0.00_v2_r2000_resam.txt.gz,8000,2.5,0.3,4.089755710903794,0.004152207821104956,/Users/shannonbowes/Research/ysg/candidates_and_lcs/2022_asassn_lc_data/pysynphot_data/grid/bosz/r2000/m-0.25/bosz2024_ms_t8000_g+2.5_m-0.25_a+0.00_c+0.00_v2_r2000_resam.txt.gz,1000,9597.0,9500.0,469.53807087391755,9250.0,9500.0,10000.0,3.9816234399434705,3.9777236052888476,0.02101412403019056,4.1966588908198705,4.1955460356278245,0.014043043492463951,4.1823959351489775,4.1955460356278245,4.211724601377807,2.3185,2.5,0.34468500112421485,2.0,2.5,2.5,0.53925,0.55,0.08403533483005823,0.45,0.55,0.65,3.990951961315984,1000,9510.75,8750.0,1850.6612162954084,7750.0,8750.0,11750.0,3.970529862083944,3.942008053022313,0.08038864447232812,4.196478217685471,4.18108606176096,0.09770520898364458,4.10499930490603,4.18108606176096,4.288190594335632,2.294,2.0,0.38544000830219993,2.0,2.0,3.0,0.4665500000000001,0.3,0.29532794906679594,0.2,0.3,0.85,2.1455930053368775
561,77.242485,-68.48764,7000,2.5,0.85,4.17916819286052,0.273662369054931,/Users/shannonbowes/Research/ysg/candidates_and_lcs/2022_asassn_lc_data/pysynphot_data/grid/bosz/r2000/m-0.25/bosz2024_ms_t7000_g+2.5_m-0.25_a+0.00_c+0.00_v2_r2000_resam.txt.gz,6250,2.5,0.35,4.186313738124241,0.008957909811502806,/Users/shannonbowes/Research/ysg/candidates_and_lcs/2022_asassn_lc_data/pysynphot_data/grid/bosz/r2000/m-0.25/bosz2024_ms_t6250_g+2.5_m-0.25_a+0.00_c+0.00_v2_r2000_resam.txt.gz,1000,6469.25,6500.0,383.3952757924907,6000.0,6500.0,7000.0,3.810104064423852,3.8129133566428557,0.025415825140401742,4.182238411315732,4.182276310410973,0.0068058010809812376,4.175424631434427,4.182276310410973,4.1889958532273175,1.4115,1.0,0.5103114245242801,1.0,1.0,2.0,0.5411500000000001,0.55,0.25452736100466683,0.25,0.55,0.9,8.608557467321184,1000,6430.5,6250.0,448.2407277345511,6000.0,6250.0,7000.0,3.8072276971166463,3.7958800173440754,0.02945226106737341,4.1916913749409055,4.191236851946593,0.015713826283435227,4.175916554145582,4.191236851946593,4.207490291322693,1.994,2.0,0.4565785803123051,1.5,2.0,2.5,0.45389999999999997,0.3,0.29443979010996457,0.2,0.3,0.95,6.109948961003573
562,77.286327,-68.985405,6000,1.0,0.5,4.330018795611587,0.08545789530410952,/Users/shannonbowes/Research/ysg/candidates_and_lcs/2022_asassn_lc_data/pysynphot_data/grid/bosz/r2000/m-0.25/bosz2024_ms_t6000_g+1.0_m-0.25_a+0.00_c+0.00_v2_r2000_resam.txt.gz,6750,2.5,1.0,4.337637784238341,0.00251247301789643,/Users/shannonbowes/Research/ysg/candidates_and_lcs/2022_asassn_lc_data/pysynphot_data/grid/bosz/r2000/m-0.25/bosz2024_ms_t6750_g+2.5_m-0.25_a+0.00_c+0.00_v2_r2000_resam.txt.gz,1000,6227.75,6500.0,352.0545944878436,5750.0,6500.0,6500.0,3.793621362879594,3.8129133566428557,0.024968323495710914,4.333373834695662,4.333418415698436,0.007436341791776122,4.326206887209752,4.333418415698436,4.340794839408181,0.857,1.0,0.27577345775110407,0.5,1.0,1.0,0.67465,0.85,0.29093792722847256,0.25,0.85,0.9,6.171352190323473,1000,6359.75,6250.0,392.6097776418718,6000.0,6250.0,6750.0,3.802622498506394,3.7958800173440754,0.026571320476430627,4.362093928993729,4.363221478975658,0.022608092335451916,4.3394806224732685,4.363221478975658,4.383968708695471,1.9665,2.0,0.5395625542974604,1.5,2.0,2.5,0.5962000000000001,0.55,0.2794021474505878,0.3,0.55,0.95,1.6661239717606826
563,77.333966,-70.457497,5750,0.5,0.45,4.295946742339527,0.08878964785898062,/Users/shannonbowes/Research/ysg/candidates_and_lcs/2022_asassn_lc_data/pysynphot_data/grid/bosz/r2000/m-0.25/bosz2024_ms_t5750_g+0.5_m-0.25_a+0.00_c+0.00_v2_r2000_resam.txt.gz,5500,1.0,0.35,4.276731818695671,0.007706788367876517,/Users/shannonbowes/Research/ysg/candidates_and_lcs/2022_asassn_lc_data/pysynphot_data/grid/bosz/r2000/m-0.25/bosz2024_ms_t5500_g+1.0_m-0.25_a+0.00_c+0.00_v2_r2000_resam.txt.gz,1000,5785.25,5750.0,280.74888690785576,5500.0,5750.0,6250.0,3.7618188205982626,3.7596678446896306,0.02082607238920912,4.295227408008963,4.295289702725615,0.007629261593753574,4.287519249427036,4.295289702725615,4.302626672252106,0.8175,1.0,0.32084848449073283,0.5,1.0,1.0,0.48080000000000006,0.45,0.25838219752916414,0.2,0.45,0.85,7.265046864015809,1000,5616.25,5500.0,263.95726453348465,5500.0,5500.0,5750.0,3.74897935871128,3.7403626894942437,0.020012608198841573,4.277030158061994,4.277604448767221,0.0205868044690901,4.255836779648914,4.277604448767221,4.297301718723207,1.681,2.0,0.7750735448975149,0.5,2.0,2.5,0.42725,0.35,0.2381909685525461,0.2,0.35,0.7,2.000960633919475
564,77.357488,-70.553963,9500,2.0,0.45,4.086098838467759,0.18852878268741405,/Users/shannonbowes/Research/ysg/candidates_and_lcs/2022_asassn_lc_data/pysynphot_data/grid/bosz/r2000/m-0.25/bosz2024_ap_t9500_g+2.0_m-0.25_a+0.00_c+0.00_v2_r2000_resam.txt.gz,9750,2.0,0.5,4.095169745557711,0.010412918755924677,/Users/shannonbowes/Research/ysg/candidates_and_lcs/2022_asassn_lc_data/pysynphot_data/grid/bosz/r2000/m-0.25/bosz2024_ap_t9750_g+2.0_m-0.25_a+0.00_c+0.00_v2_r2000_resam.txt.gz,1000,9245.5,9250.0,391.28602070608144,9000.0,9250.0,9750.0,3.9655465460347856,3.9661417327390325,0.018203261742000383,4.077110703824192,4.076073871420567,0.012645616106240608,4.064546455201094,4.076073871420567,4.089875503325214,2.2475,2.0,0.27293543192484193,2.0,2.0,2.5,0.4255500000000001,0.4,0.07949652508128893,0.35,0.4,0.5,8.011129898783102,1000,8513.5,8250.0,912.1774772488081,8000.0,8250.0,8500.0,3.9280526348432003,3.916453948549925,0.04032069574949244,4.041418323765679,4.032502241054294,0.04169298263025752,4.014699811799602,4.032502241054294,4.055058710281355,2.382,2.5,0.27308606701917254,2.0,2.5,2.5,0.28450000000000003,0.25,0.13378994730546837,0.2,0.25,0.35,4.299972208926481
565,77.366182,-68.85215,4500,0.0,0.5,4.072751145016445,1.154969008783625,/Users/shannonbowes/Research/ysg/candidates_and_lcs/2022_asassn_lc_data/pysynphot_data/grid/bosz/r2000/m-0.25/bosz2024_ms_t4500_g+0.0_m-0.25_a+0.00_c+0.00_v2_r2000_resam.txt.gz,4750,1.0,0.75,4.072553997891093,0.008206967390406474,/Users/shannonbowes/Research/ysg/candidates_and_lcs/2022_asassn_lc_data/pysynphot_data/grid/bosz/r2000/m-0.25/bosz2024_ms_t4750_g+1.0_m-0.25_a+0.00_c+0.00_v2_r2000_resam.txt.gz,1000,4498.75,4500.0,17.633419974582356,4500.0,4500.0,4500.0,3.653088395856719,3.6532125137753435,0.0017508987083907797,4.067624667259318,4.067535116280718,0.007185918629825407,4.06015632339949,4.067535116280718,4.074599272119982,0.004,0.0,0.044542114902640165,0.0,0.0,0.0,0.46065000000000006,0.45,0.038066750583678664,0.45,0.45,0.5,18.773164416518455,1000,4591.5,4500.0,143.18781372728617,4500.0,4500.0,4750.0,3.66174863141489,3.6532125137753435,0.01329205957150561,4.0769262435452704,4.076943808778141,0.007330848076313036,4.069547832984044,4.076943808778141,4.083898271135061,1.141,1.0,0.90532811731438,0.0,1.0,2.5,0.51025,0.45,0.190111644830084,0.35,0.45,0.75,1.7199461548070987
566,77.418324,-71.04985,4500,0.0,0.4,4.115902980377517,4.977054634717257,/Users/shannonbowes/Research/ysg/candidates_and_lcs/2022_asassn_lc_data/pysynphot_data/grid/bosz/r2000/m-0.25/bosz2024_ms_t4500_g+0.0_m-0.25_a+0.00_c+0.00_v2_r2000_resam.txt.gz,5000,2.5,0.95,4.141256747820904,0.016785518746629435,/Users/shannonbowes/Research/ysg/candidates_and_lcs/2022_asassn_lc_data/pysynphot_data/grid/bosz/r2000/m-0.25/bosz2024_ms_t5000_g+2.5_m-0.25_a+0.00_c+0.00_v2_r2000_resam.txt.gz,1000,4499.75,4500.0,7.901740314639554,4500.0,4500.0,4500.0,3.6531876901916185,3.6532125137753435,0.0007845980490956597,4.122522019210792,4.122212411376282,0.007086854413293771,4.115506045421058,4.122212411376282,4.12955455053,0.0005,0.0,0.01580348062927911,0.0,0.0,0.0,0.40525000000000005,0.4,0.033089839830376944,0.4,0.4,0.45,25.43859110700393,1000,4560.0,4500.0,137.93114224133723,4500.0,4500.0,4750.0,3.6587744900097885,3.6532125137753435,0.012721782288863701,4.133942668476243,4.134007709162358,0.007191571547274117,4.126619292570856,4.134007709162358,4.141286704561811,1.305,1.0,0.8927345630141134,0.5,1.0,2.5,0.41464999999999996,0.35,0.18081171837024282,0.3,0.35,0.6,4.220916740977953
567,77.472865,-68.612206,8500,2.0,0.55,3.8964762647373594,0.35805946295114754,/Users/shannonbowes/Research/ysg/candidates_and_lcs/2022_asassn_lc_data/pysynphot_data/grid/bosz/r2000/m-0.25/bosz2024_ap_t8500_g+2.0_m-0.25_a+0.00_c+0.00_v2_r2000_resam.txt.gz,9750,2.0,0.75,3.9388778472967356,0.0018833128617488047,/Users/shannonbowes/Research/ysg/candidates_and_lcs/2022_asassn_lc_data/pysynphot_data/grid/bosz/r2000/m-0.25/bosz2024_ap_t9750_g+2.0_m-0.25_a+0.00_c+0.00_v2_r2000_resam.txt.gz,1000,8697.75,8750.0,345.0832327135006,8250.0,8750.0,9000.0,3.939062980131804,3.942008053022313,0.017315709340198073,3.904277157227952,3.903940094678149,0.008284423393824103,3.8960165076937674,3.903940094678149,3.912872173302153,2.229,2.0,0.25011797216513654,2.0,2.0,2.5,0.59475,0.6,0.09927203785558146,0.5,0.6,0.7,4.616497182195897,1000,10031.0,10500.0,1674.7504291684777,7750.0,10500.0,11750.0,3.9949563746135874,4.021189299069938,0.07548977635128434,3.952340354989094,3.949687978547514,0.0639527203895257,3.879600765170464,3.949687978547514,4.024988987404257,2.491,2.5,0.41823318854438135,2.0,2.5,3.0,0.7470999999999999,0.9,0.27833718759806425,0.35,0.9,1.0,1.8501851844928014
568,77.504119,-68.902481,6750,2.5,0.25,4.3203143900293055,3.090778662443385,/Users/shannonbowes/Research/ysg/candidates_and_lcs/2022_asassn_lc_data/pysynphot_data/grid/bosz/r2000/m-0.25/bosz2024_ms_t6750_g+2.5_m-0.25_a+0.00_c+0.00_v2_r2000_resam.txt.gz,7500,2.5,0.65,4.319991124221298,0.09338078135709059,/Users/shannonbowes/Research/ysg/candidates_and_lcs/2022_asassn_lc_data/pysynphot_data/grid/bosz/r2000/m-0.25/bosz2024_ap_t7500_g+2.5_m-0.25_a+0.00_c+0.00_v2_r2000_resam.txt.gz,1000,6901.5,6750.0,329.6555020017109,6750.0,6750.0,7000.0,3.8385050569480303,3.829303772831025,0.01893564212098518,4.318097962246818,4.318002883859691,0.0068316530906414,4.311402474250571,4.318002883859691,4.324536313603829,2.483,2.5,0.0906145683651365,2.5,2.5,2.5,0.29824999999999996,0.25,0.13224763702992956,0.25,0.25,0.3,19.527470847370363,1000,7246.25,7250.0,459.2640172057898,6750.0,7250.0,7750.0,3.859251021955407,3.8603380065709936,0.02729187382209785,4.302355059395233,4.302585424254104,0.009496105579647258,4.292598632674584,4.302585424254104,4.311780225645774,2.3545,2.5,0.2501594491519359,2.0,2.5,2.5,0.5498500000000001,0.55,0.23637359729885232,0.3,0.55,0.8,9.896577774930028
569,77.527956,-67.315636,8250,2.5,0.2,3.8053318442118056,2.808219198472007,/Users/shannonbowes/Research/ysg/candidates_and_lcs/2022_asassn_lc_data/pysynphot_data/grid/bosz/r2000/m-0.25/bosz2024_ap_t8250_g+2.5_m-0.25_a+0.00_c+0.00_v2_r2000_resam.txt.gz,8250,2.5,0.3,3.789780989408383,1.4837487319749247,/Users/shannonbowes/Research/ysg/candidates_and_lcs/2022_asassn_lc_data/pysynphot_data/grid/bosz/r2000/m-0.25/bosz2024_ap_t8250_g+2.5_m-0.25_a+0.00_c+0.00_v2_r2000_resam.txt.gz,1000,8907.0,8500.0,974.2181480551468,8250.0,8500.0,10250.0,3.9472918270114845,3.929418925714293,0.04531285104192489,3.8195536425311154,3.805634752594175,0.033770998922662415,3.7918805056682725,3.805634752594175,3.8655339214097464,2.6135,2.5,0.22774492310477523,2.5,2.5,3.0,0.36510000000000004,0.3,0.17068095968795113,0.2,0.3,0.6,20.79886588275583,1000,8237.5,8250.0,155.62374497485916,8000.0,8250.0,8500.0,3.915717967190189,3.916453948549925,0.008201740314900834,3.805439914443982,3.806369236787125,0.015664574747986694,3.7885618199814024,3.806369236787125,3.819870706438936,2.4965,2.5,0.041686328694189416,2.5,2.5,2.5,0.21755000000000005,0.2,0.026258284407020955,0.2,0.2,0.25,15.238361531152021
570,77.544668,-68.243187,8000,2.5,0.6,4.329206067731482,0.11143362611328167,/Users/shannonbowes/Research/ysg/candidates_and_lcs/2022_asassn_lc_data/pysynphot_data/grid/bosz/r2000/m-0.25/bosz2024_ms_t8000_g+2.5_m-0.25_a+0.00_c+0.00_v2_r2000_resam.txt.gz,7500,2.5,0.3,4.337611719874117,0.008241425155885215,/Users/shannonbowes/Research/ysg/candidates_and_lcs/2022_asassn_lc_data/pysynphot_data/grid/bosz/r2000/m-0.25/bosz2024_ap_t7500_g+2.5_m-0.25_a+0.00_c+0.00_v2_r2000_resam.txt.gz,1000,7849.75,7750.0,410.16757246276796,7500.0,7750.0,8250.0,3.894272998616717,3.88930170250631,0.022411679072222444,4.332550945917066,4.3325677928077155,0.00836856213409194,4.324358216671401,4.3325677928077155,4.340846194486159,2.295,2.5,0.2519424537468824,2.0,2.5,2.5,0.5026499999999999,0.5,0.16536468032805554,0.35,0.5,0.65,5.073362530191468,1000,9037.5,8750.0,1458.0702143586914,7250.0,8750.0,10750.0,3.9503826417986057,3.942008053022313,0.07018953219908416,4.375591978097814,4.359542046753076,0.04539646451700398,4.334863489460089,4.359542046753076,4.425590311589976,2.2305,2.0,0.312441594542084,2.0,2.0,2.5,0.6844000000000001,0.75,0.3181377688989473,0.25,0.75,1.0,1.7762526188329848
571,77.579111,-65.274826,8500,2.5,0.15,3.9469112094556738,0.8740888333325912,/Users/shannonbowes/Research/ysg/candidates_and_lcs/2022_asassn_lc_data/pysynphot_data/grid/bosz/r2000/m-0.25/bosz2024_ap_t8500_g+2.5_m-0.25_a+0.00_c+0.00_v2_r2000_resam.txt.gz,10500,3.0,0.6,3.9645444769478857,0.021586651070399303,/Users/shannonbowes/Research/ysg/candidates_and_lcs/2022_asassn_lc_data/pysynphot_data/grid/bosz/r2000/m-0.25/bosz2024_ap_t10500_g+3.0_m-0.25_a+0.00_c+0.00_v2_r2000_resam.txt.gz,1000,8662.5,8500.0,255.13476830882928,8500.0,8500.0,9000.0,3.9374592883401793,3.929418925714293,0.01256741570639439,3.9336325265443626,3.933258741983653,0.010020974908987498,3.924616390746652,3.933258741983653,3.9436048997569864,2.1445,2.0,0.2266489576415475,2.0,2.0,2.5,0.2148,0.2,0.06690261579340526,0.15,0.2,0.3,11.120509284868307,1000,8620.0,8250.0,1089.1395686504095,8000.0,8250.0,9000.0,3.9326289107218293,3.916453948549925,0.0478061981153769,3.9027708831079155,3.89009505163583,0.05085269606211306,3.869167490850654,3.89009505163583,3.9289086945656733,2.413,2.5,0.2773643812748854,2.0,2.5,2.5,0.25845000000000007,0.2,0.16311375631748537,0.15,0.2,0.4,2.7812791917626347
572,77.660807,-69.715027,4000,0.0,1.0,3.5673278843187957,450.78969450697315,/Users/shannonbowes/Research/ysg/candidates_and_lcs/2022_asassn_lc_data/pysynphot_data/grid/bosz/r2000/m-0.25/bosz2024_ms_t4000_g+0.0_m-0.25_a+0.00_c+0.00_v2_r2000_resam.txt.gz,4000,0.0,1.0,3.5897098729732955,176.87528401302325,/Users/shannonbowes/Research/ysg/candidates_and_lcs/2022_asassn_lc_data/pysynphot_data/grid/bosz/r2000/m-0.25/bosz2024_ms_t4000_g+0.0_m-0.25_a+0.00_c+0.00_v2_r2000_resam.txt.gz,1000,4000.0,4000.0,0.0,4000.0,4000.0,4000.0,3.6020599913279625,3.6020599913279625,0.0,3.580411867040439,3.580115449648269,0.011755440158831449,3.5689085409701256,3.580115449648269,3.5919743389926087,0.0,0.0,0.0,0.0,0.0,0.0,1.0,1.0,0.0,1.0,1.0,1.0,650.9830689993769,1000,4000.0,4000.0,0.0,4000.0,4000.0,4000.0,3.6020599913279625,3.6020599913279625,0.0,3.580411867040439,3.580115449648269,0.011755440158831449,3.5689085409701256,3.580115449648269,3.5919743389926087,0.0,0.0,0.0,0.0,0.0,0.0,1.0,1.0,0.0,1.0,1.0,1.0,272.69440349327783
573,77.770308,-70.243507,5750,0.5,0.65,4.168479052922948,0.737931522802143,/Users/shannonbowes/Research/ysg/candidates_and_lcs/2022_asassn_lc_data/pysynphot_data/grid/bosz/r2000/m-0.25/bosz2024_ms_t5750_g+0.5_m-0.25_a+0.00_c+0.00_v2_r2000_resam.txt.gz,6000,1.5,0.75,4.160017814697598,0.009655864485508175,/Users/shannonbowes/Research/ysg/candidates_and_lcs/2022_asassn_lc_data/pysynphot_data/grid/bosz/r2000/m-0.25/bosz2024_ms_t6000_g+1.5_m-0.25_a+0.00_c+0.00_v2_r2000_resam.txt.gz,1000,5692.0,5750.0,106.1178590059185,5500.0,5750.0,5750.0,3.755188226934799,3.7596678446896306,0.00819214270170747,4.164282627120052,4.164322493843895,0.006546820176980651,4.15796506682605,4.164322493843895,4.17112439625931,0.5005,0.5,0.01580348062927911,0.5,0.5,0.5,0.5759000000000001,0.65,0.11237966897975808,0.4,0.65,0.65,12.523968228684346,1000,6114.75,6250.0,264.61280675734497,5750.0,6250.0,6250.0,3.785958278400077,3.7958800173440754,0.019271533241884173,4.176159869078117,4.176296639728774,0.007976974759464857,4.168476559954023,4.176296639728774,4.183896146080625,1.449,1.5,0.5953142027534704,1.0,1.5,2.0,0.8315999999999999,0.95,0.20507666859006657,0.6,0.95,1.0,1.7298487227787622
574,77.773078,-68.018791,4000,1.5,0.85,3.244897745130495,243.02302840567677,/Users/shannonbowes/Research/ysg/candidates_and_lcs/2022_asassn_lc_data/pysynphot_data/grid/bosz/r2000/m-0.25/bosz2024_ms_t4000_g+1.5_m-0.25_a+0.00_c+0.00_v2_r2000_resam.txt.gz,4250,0.0,0.95,3.2738219128826267,49.34415561849598,/Users/shannonbowes/Research/ysg/candidates_and_lcs/2022_asassn_lc_data/pysynphot_data/grid/bosz/r2000/m-0.25/bosz2024_ms_t4250_g+0.0_m-0.25_a+0.00_c+0.00_v2_r2000_resam.txt.gz,1000,4065.75,4000.0,110.06560543603074,4000.0,4000.0,4250.0,3.608984502211941,3.6020599913279625,0.011591642323854026,3.249975012216861,3.2506609541950233,0.009827079716357046,3.239499413764106,3.2506609541950233,3.2595893945321412,1.011,1.5,0.6390453818000722,0.0,1.5,1.5,0.9328,0.95,0.051615501547500234,0.9,0.95,1.0,365.1936451659825,1000,4247.75,4250.0,23.61011435804579,4250.0,4250.0,4250.0,3.628151969601812,3.6283889300503116,0.002486517016642568,3.2665375272104273,3.2663452975718616,0.008363551046021454,3.2587215642111746,3.2663452975718616,3.2747878577356833,0.5655,0.5,0.5190951261570464,0.0,0.5,1.0,0.9320999999999999,0.95,0.06704170343897893,0.9,0.95,1.0,99.65785795286705
575,77.904951,-69.304825,4250,0.0,0.35,4.058923609705385,4.342779821233986,/Users/shannonbowes/Research/ysg/candidates_and_lcs/2022_asassn_lc_data/pysynphot_data/grid/bosz/r2000/m-0.25/bosz2024_ms_t4250_g+0.0_m-0.25_a+0.00_c+0.00_v2_r2000_resam.txt.gz,4750,2.5,0.95,4.090884474724285,0.01746741401746659,/Users/shannonbowes/Research/ysg/candidates_and_lcs/2022_asassn_lc_data/pysynphot_data/grid/bosz/r2000/m-0.25/bosz2024_ms_t4750_g+2.5_m-0.25_a+0.00_c+0.00_v2_r2000_resam.txt.gz,1000,4250.0,4250.0,0.0,4250.0,4250.0,4250.0,3.628388930050313,3.6283889300503116,1.3322676295501878e-15,4.066974375075306,4.067445532468829,0.007602644956961694,4.059332704984397,4.067445532468829,4.074285855176246,0.0,0.0,0.0,0.0,0.0,0.0,0.31914999999999993,0.3,0.03347801517414078,0.3,0.3,0.35,25.307262219765885,1000,4505.75,4500.0,150.09809292592627,4250.0,4500.0,4750.0,3.6535256985289215,3.6532125137753435,0.01448802730132147,4.081127376849621,4.081125733296035,0.008026281407885322,4.072988398764899,4.081125733296035,4.089148919467479,1.4595,1.5,0.8465280562391302,0.5,1.5,2.5,0.5847,0.6,0.20027708306244127,0.3,0.6,0.85,2.954270385814707
576,77.946825,-69.4328,4000,2.5,0.95,3.2745249104457304,159.4329408638202,/Users/shannonbowes/Research/ysg/candidates_and_lcs/2022_asassn_lc_data/pysynphot_data/grid/bosz/r2000/m-0.25/bosz2024_ms_t4000_g+2.5_m-0.25_a+0.00_c+0.00_v2_r2000_resam.txt.gz,4000,2.5,1.0,3.270181139360079,146.38200183704757,/Users/shannonbowes/Research/ysg/candidates_and_lcs/2022_asassn_lc_data/pysynphot_data/grid/bosz/r2000/m-0.25/bosz2024_ms_t4000_g+2.5_m-0.25_a+0.00_c+0.00_v2_r2000_resam.txt.gz,1000,4000.0,4000.0,0.0,4000.0,4000.0,4000.0,3.6020599913279625,3.6020599913279625,0.0,3.2518611993155666,3.2516669285931794,0.011279215520622433,3.240895208387822,3.2516669285931794,3.2629668165168844,2.4995,2.5,0.01580348062927911,2.5,2.5,2.5,0.9333499999999999,0.95,0.04722581391569656,0.9,0.95,1.0,263.811005381306,1000,4000.0,4000.0,0.0,4000.0,4000.0,4000.0,3.6020599913279625,3.6020599913279625,0.0,3.2516987551754335,3.2513634946993757,0.011070145371358269,3.240895208387822,3.2513634946993757,3.262354994233455,2.465,2.5,0.12757350822173072,2.5,2.5,2.5,0.9351999999999999,0.95,0.05697332709259658,0.9,0.95,1.0,249.393865837585
577,77.960234,-69.351288,7750,2.0,0.35,3.9162132688196407,0.20122258125642883,/Users/shannonbowes/Research/ysg/candidates_and_lcs/2022_asassn_lc_data/pysynphot_data/grid/bosz/r2000/m-0.25/bosz2024_ap_t7750_g+2.0_m-0.25_a+0.00_c+0.00_v2_r2000_resam.txt.gz,10750,3.0,0.9,4.005731572056159,0.005116107689589783,/Users/shannonbowes/Research/ysg/candidates_and_lcs/2022_asassn_lc_data/pysynphot_data/grid/bosz/r2000/m-0.25/bosz2024_ap_t10750_g+3.0_m-0.25_a+0.00_c+0.00_v2_r2000_resam.txt.gz,1000,8089.5,8000.0,324.79185642500335,7750.0,8000.0,8500.0,3.90757678498975,3.9030899869919438,0.017245611954668817,3.925033367888317,3.9251163496310575,0.006858442245078553,3.9182658370706065,3.9251163496310575,3.931733248655482,2.292,2.5,0.2464467488119898,2.0,2.5,2.5,0.43710000000000004,0.4,0.11917881523156706,0.3,0.4,0.5579999999999985,4.500997494894577,1000,9830.75,10250.0,1709.9830225765402,7750.0,10250.0,11750.0,3.985952996463772,4.010723865391773,0.07609133917887723,3.9887619816188282,3.978734602800297,0.0670746432602614,3.9216998337812425,3.978734602800297,4.064617943096105,2.55,2.5,0.3866522985836241,2.0,2.5,3.0,0.69935,0.8,0.2716469721900099,0.35,0.8,1.0,2.1532870400950275
578,77.964982,-70.576408,8250,2.5,0.6,3.987362028728078,0.19567657242717557,/Users/shannonbowes/Research/ysg/candidates_and_lcs/2022_asassn_lc_data/pysynphot_data/grid/bosz/r2000/m-0.25/bosz2024_ap_t8250_g+2.5_m-0.25_a+0.00_c+0.00_v2_r2000_resam.txt.gz,10250,2.0,1.0,4.018471395276828,0.005427890040560271,/Users/shannonbowes/Research/ysg/candidates_and_lcs/2022_asassn_lc_data/pysynphot_data/grid/bosz/r2000/m-0.25/bosz2024_ap_t10250_g+2.0_m-0.25_a+0.00_c+0.00_v2_r2000_resam.txt.gz,1000,7959.75,8000.0,452.70568529674995,7500.0,8000.0,8500.0,3.900200205159083,3.9030899869919438,0.02461941156670885,3.9907004754897812,3.990563153586276,0.006497436560930178,3.984605759701127,3.990563153586276,3.997165357128311,2.138,2.0,0.22350838910430182,2.0,2.0,2.5,0.49025,0.5,0.17963139341440293,0.3,0.5,0.7,4.944404838685641,1000,8162.75,7500.0,1161.658270533981,7250.0,7500.0,9750.0,3.907835612945515,3.8750612633917,0.05757949541095303,3.9944765818028647,3.9847262929684093,0.030781285498323097,3.971748007733804,3.9847262929684093,4.021128389472645,2.3375,2.5,0.3135980707848822,2.0,2.5,2.5,0.49210000000000004,0.35,0.2908566485401357,0.2,0.35,0.95,2.660552634810585
579,77.966916,-67.166054,6000,2.5,0.2,4.629416836258433,500.68940298485415,/Users/shannonbowes/Research/ysg/candidates_and_lcs/2022_asassn_lc_data/pysynphot_data/grid/bosz/r2000/m-0.25/bosz2024_ms_t6000_g+2.5_m-0.25_a+0.00_c+0.00_v2_r2000_resam.txt.gz,5250,2.5,0.25,4.46454128670637,2.856783414340871,/Users/shannonbowes/Research/ysg/candidates_and_lcs/2022_asassn_lc_data/pysynphot_data/grid/bosz/r2000/m-0.25/bosz2024_ms_t5250_g+2.5_m-0.25_a+0.00_c+0.00_v2_r2000_resam.txt.gz,1000,5985.5,6000.0,58.43586227651647,6000.0,6000.0,6000.0,3.777079212853391,3.7781512503836434,0.004320374998145262,4.64552949103434,4.646301227051435,0.009713040650564997,4.636677276169845,4.646301227051435,4.654629296536495,2.5,2.5,0.0,2.5,2.5,2.5,0.22210000000000002,0.2,0.025624012176082022,0.2,0.2,0.25,672.5852375051866,1000,5157.25,5250.0,122.31082331502802,5000.0,5250.0,5250.0,3.712295115712065,3.720159303405957,0.010358571045356169,4.468291306788331,4.469895734736278,0.015031557134340364,4.450873672078338,4.469895734736278,4.48385219533323,2.4985,2.5,0.035323504922360124,2.5,2.5,2.5,0.25105,0.25,0.053957367430222156,0.2,0.25,0.3,28.531371868231496
580,78.028352,-67.198875,9500,2.5,0.35,3.977616016046288,1.3776087531958279,/Users/shannonbowes/Research/ysg/candidates_and_lcs/2022_asassn_lc_data/pysynphot_data/grid/bosz/r2000/m-0.25/bosz2024_ap_t9500_g+2.5_m-0.25_a+0.00_c+0.00_v2_r2000_resam.txt.gz,8500,2.5,0.2,3.9292902424126717,0.5904474407136091,/Users/shannonbowes/Research/ysg/candidates_and_lcs/2022_asassn_lc_data/pysynphot_data/grid/bosz/r2000/m-0.25/bosz2024_ap_t8500_g+2.5_m-0.25_a+0.00_c+0.00_v2_r2000_resam.txt.gz,1000,10239.75,10250.0,684.6221129206973,9500.0,10250.0,10750.0,4.00930234088819,4.010723865391773,0.02941672040601915,3.9970052505219202,3.9979423277779578,0.02693716390335502,3.969174811891114,3.9979423277779578,4.022556864575258,2.782,3.0,0.3049196615503828,2.5,3.0,3.0,0.4884,0.5,0.09687848058263507,0.4,0.5,0.55,20.204264948963235,1000,8455.0,8500.0,259.75950415721076,8250.0,8500.0,8750.0,3.9269149424502006,3.929418925714293,0.013042139402807365,3.9277897153853027,3.927899138183795,0.028357239807876796,3.900868526745103,3.927899138183795,3.9579768960545687,2.4995,2.5,0.041830013148455976,2.5,2.5,2.5,0.20620000000000005,0.2,0.020409801566894276,0.2,0.2,0.2,14.076239572819974
581,78.141871,-65.826668,8250,2.5,0.2,4.025612149764271,0.7351854171240537,/Users/shannonbowes/Research/ysg/candidates_and_lcs/2022_asassn_lc_data/pysynphot_data/grid/bosz/r2000/m-0.25/bosz2024_ap_t8250_g+2.5_m-0.25_a+0.00_c+0.00_v2_r2000_resam.txt.gz,8000,2.5,0.2,3.9858958667047792,0.4416261402010594,/Users/shannonbowes/Research/ysg/candidates_and_lcs/2022_asassn_lc_data/pysynphot_data/grid/bosz/r2000/m-0.25/bosz2024_ap_t8000_g+2.5_m-0.25_a+0.00_c+0.00_v2_r2000_resam.txt.gz,1000,8466.5,8250.0,510.76193084449824,8250.0,8250.0,8500.0,3.927004223236977,3.916453948549925,0.023936826158490354,4.034727024515096,4.031793478706561,0.028761541097608583,4.007067439610628,4.031793478706561,4.061458581815017,2.4985,2.5,0.14576607973050518,2.5,2.5,2.5,0.2524,0.2,0.10158366010338474,0.2,0.2,0.3,18.372088245062148,1000,8274.75,8250.0,294.4485311561258,8000.0,8250.0,8500.0,3.9174883426730185,3.916453948549925,0.015106555053040937,4.020971033289759,4.02039819515341,0.03894768790994786,3.983679547385691,4.02039819515341,4.059868860277519,2.499,2.5,0.04998999899979994,2.5,2.5,2.5,0.22695000000000004,0.2,0.05626897457747031,0.2,0.2,0.25,15.927444458131333
582,78.197533,-69.23555,10000,2.5,0.55,3.8864099654968522,0.22603553798059578,/Users/shannonbowes/Research/ysg/candidates_and_lcs/2022_asassn_lc_data/pysynphot_data/grid/bosz/r2000/m-0.25/bosz2024_ap_t10000_g+2.5_m-0.25_a+0.00_c+0.00_v2_r2000_resam.txt.gz,13500,3.0,0.9,4.075434886524093,0.007722342858436816,/Users/shannonbowes/Research/ysg/candidates_and_lcs/2022_asassn_lc_data/pysynphot_data/grid/bosz/r2000/m-0.25/bosz2024_ap_t13500_g+3.0_m-0.25_a+0.00_c+0.00_v2_r2000_resam.txt.gz,1000,9938.25,10000.0,463.5455074747246,9500.0,10000.0,10250.0,3.996845516273599,4.0,0.02000354697248507,3.885930406980547,3.8845123042333185,0.015597758703464856,3.870372585627281,3.8845123042333185,3.9007969076687568,2.321,2.5,0.3456284131838701,2.0,2.5,2.5,0.5478999999999999,0.55,0.07270206324444994,0.5,0.55,0.6,6.771429055694776,1000,11736.5,12000.0,1817.0904628003527,9500.0,12000.0,14000.0,4.063867482955465,4.079181246047625,0.07180961871097484,3.966637414226744,3.9626487601351474,0.09603038439334562,3.8540837542433217,3.9626487601351474,4.088900123056641,2.472,2.5,0.4813688814204756,2.0,2.5,3.0,0.7442000000000001,0.8,0.19975324778335896,0.55,0.8,0.95,2.184258265972054
583,78.22591,-69.236984,9750,2.0,0.65,3.9925293093274052,0.1957701139325125,/Users/shannonbowes/Research/ysg/candidates_and_lcs/2022_asassn_lc_data/pysynphot_data/grid/bosz/r2000/m-0.25/bosz2024_ap_t9750_g+2.0_m-0.25_a+0.00_c+0.00_v2_r2000_resam.txt.gz,14000,3.0,1.0,4.226223965655551,0.002315318725829192,/Users/shannonbowes/Research/ysg/candidates_and_lcs/2022_asassn_lc_data/pysynphot_data/grid/bosz/r2000/m-0.25/bosz2024_ap_t14000_g+3.0_m-0.25_a+0.00_c+0.00_v2_r2000_resam.txt.gz,1000,9574.5,9500.0,460.2442286438799,9250.0,9500.0,10000.0,3.9806235422994036,3.9777236052888476,0.02059239904042219,3.994322614226857,3.9923839398404164,0.014442571802515344,3.9805480543212846,3.9923839398404164,4.009089654212222,2.319,2.5,0.3409384108603781,2.0,2.5,2.5,0.5574,0.55,0.07905845938291486,0.5,0.55,0.65,4.254010503037842,1000,9899.25,8875.0,1942.0123422625306,8000.0,8875.0,12000.0,3.9876538459981004,3.948125281230819,0.08205700550293565,4.021084774051213,3.9766734563255657,0.09116192549557826,3.9390359339561014,3.9766734563255657,4.1132692040593914,2.2605,2.0,0.3720077284143436,2.0,2.0,2.5,0.52255,0.45,0.2465136862326309,0.25,0.45,0.8,2.4034745782691025
584,78.285377,-70.139542,4250,0.0,0.6,4.453655729923863,7.9177234575655895,/Users/shannonbowes/Research/ysg/candidates_and_lcs/2022_asassn_lc_data/pysynphot_data/grid/bosz/r2000/m-0.25/bosz2024_ms_t4250_g+0.0_m-0.25_a+0.00_c+0.00_v2_r2000_resam.txt.gz,4500,0.5,0.85,4.45205058597599,0.017794469651187823,/Users/shannonbowes/Research/ysg/candidates_and_lcs/2022_asassn_lc_data/pysynphot_data/grid/bosz/r2000/m-0.25/bosz2024_ms_t4500_g+0.5_m-0.25_a+0.00_c+0.00_v2_r2000_resam.txt.gz,1000,4256.5,4250.0,39.78379066906521,4250.0,4250.0,4250.0,3.629034343227164,3.6283889300503116,0.003950305034290734,4.443512807137618,4.443164664555745,0.007634716019443185,4.4359785222924115,4.443164664555745,4.451260486253923,0.0,0.0,0.0,0.0,0.0,0.0,0.6233999999999998,0.6,0.06857433922394005,0.6,0.6,0.65,41.048680291136215,1000,4458.0,4500.0,99.92997548283498,4250.0,4500.0,4500.0,3.6490287268307835,3.6532125137753435,0.009884077115200155,4.455440714797453,4.455067610600374,0.006822996315131186,4.449198157833508,4.455067610600374,4.46219247030164,0.1315,0.0,0.3680458531215913,0.0,0.0,0.0,0.7524,0.8,0.15834847646883124,0.5,0.8,0.85,4.667954979924669
585,78.316665,-67.296463,10250,2.0,0.8,4.61650549481486,0.16482909660793824,/Users/shannonbowes/Research/ysg/candidates_and_lcs/2022_asassn_lc_data/pysynphot_data/grid/bosz/r2000/m-0.25/bosz2024_ap_t10250_g+2.0_m-0.25_a+0.00_c+0.00_v2_r2000_resam.txt.gz,9000,2.5,0.65,4.557634314879555,0.006749199506809837,/Users/shannonbowes/Research/ysg/candidates_and_lcs/2022_asassn_lc_data/pysynphot_data/grid/bosz/r2000/m-0.25/bosz2024_ap_t9000_g+2.5_m-0.25_a+0.00_c+0.00_v2_r2000_resam.txt.gz,1000,10024.75,10000.0,980.2167808704359,9000.0,10000.0,11000.0,3.998977931400689,4.0,0.042805794065391416,4.623881750444895,4.619352053922128,0.03696585887442616,4.587012728467453,4.619352053922128,4.6594818648738405,2.4965,2.5,0.37314574900432673,2.0,2.5,3.0,0.6940999999999999,0.7,0.14543104895447878,0.55,0.7,0.85,7.047918850004037,1000,8569.25,8000.0,1240.4200649376808,7750.0,8000.0,10250.0,3.9288543471660047,3.9030899869919438,0.058045691627790226,4.556007283737936,4.549531820715233,0.04372361417689089,4.51773008189031,4.549531820715233,4.5897355261057635,2.4355,2.5,0.30263798505805584,2.0,2.5,2.5,0.47855,0.4,0.2825462749710213,0.2,0.4,0.9,2.46487821239937
586,78.319998,-69.556137,5750,1.5,0.7,3.9115683498497065,0.12854417062574167,/Users/shannonbowes/Research/ysg/candidates_and_lcs/2022_asassn_lc_data/pysynphot_data/grid/bosz/r2000/m-0.25/bosz2024_ms_t5750_g+1.5_m-0.25_a+0.00_c+0.00_v2_r2000_resam.txt.gz,5750,2.0,0.8,3.8894919635976857,0.006055403632323783,/Users/shannonbowes/Research/ysg/candidates_and_lcs/2022_asassn_lc_data/pysynphot_data/grid/bosz/r2000/m-0.25/bosz2024_ms_t5750_g+2.0_m-0.25_a+0.00_c+0.00_v2_r2000_resam.txt.gz,1000,5581.75,5500.0,235.32836101923627,5250.0,5500.0,5750.0,3.7463884484156598,3.7403626894942437,0.018167592879687954,3.9172108917232156,3.91726960884111,0.007213886561056545,3.9099495358339187,3.91726960884111,3.924353042458365,1.3345,1.5,0.3568749781085808,1.0,1.5,1.5,0.53715,0.45,0.21743361630621885,0.25,0.45,0.8,3.4136664967098636,1000,5559.5,5500.0,259.48940248110324,5250.0,5500.0,5750.0,3.744573108256892,3.7403626894942437,0.019937414942126884,3.9192364029376994,3.918596205932884,0.01319998765510654,3.905999725562385,3.918596205932884,3.932569738829055,1.6745,2.0,0.7650488546491655,0.5,2.0,2.5,0.50015,0.45,0.2235899762958975,0.3,0.45,0.8,1.5561398260720276
587,78.37822,-69.539902,12000,2.0,0.9,5.0530070167869106,27.199687114876248,/Users/shannonbowes/Research/ysg/candidates_and_lcs/2022_asassn_lc_data/pysynphot_data/grid/bosz/r2000/m-0.25/bosz2024_ap_t12000_g+2.0_m-0.25_a+0.00_c+0.00_v2_r2000_resam.txt.gz,10250,3.0,1.0,4.858439479472658,0.00767318932697423,/Users/shannonbowes/Research/ysg/candidates_and_lcs/2022_asassn_lc_data/pysynphot_data/grid/bosz/r2000/m-0.25/bosz2024_ap_t10250_g+3.0_m-0.25_a+0.00_c+0.00_v2_r2000_resam.txt.gz,1000,12000.0,12000.0,0.0,12000.0,12000.0,12000.0,4.079181246047625,4.079181246047625,0.0,5.064970865817421,5.065046918567818,0.017468397629954616,5.047837984785788,5.065046918567818,5.083166263313256,2.0,2.0,0.0,2.0,2.0,2.0,0.8608000000000001,0.85,0.057778542729978906,0.8,0.85,0.9,69.7461755428107,1000,8957.5,8500.0,1031.7794095638853,8000.0,8500.0,10250.0,3.9493857134666124,3.929418925714293,0.04899910971191389,4.833994371505427,4.825460492160303,0.03619949822737934,4.800827152273845,4.825460492160303,4.872192765625791,2.529,2.5,0.28663391285749845,2.5,2.5,3.0,0.7616499999999999,0.75,0.2095513719831011,0.55,0.75,1.0,3.993975652131113
588,78.42998,-68.964081,4250,0.0,0.3,4.049406203583463,0.8794387567840221,/Users/shannonbowes/Research/ysg/candidates_and_lcs/2022_asassn_lc_data/pysynphot_data/grid/bosz/r2000/m-0.25/bosz2024_ms_t4250_g+0.0_m-0.25_a+0.00_c+0.00_v2_r2000_resam.txt.gz,4250,0.5,0.25,4.0599315894390315,0.031839972419663895,/Users/shannonbowes/Research/ysg/candidates_and_lcs/2022_asassn_lc_data/pysynphot_data/grid/bosz/r2000/m-0.25/bosz2024_ms_t4250_g+0.5_m-0.25_a+0.00_c+0.00_v2_r2000_resam.txt.gz,1000,4300.25,4250.0,100.18701263137852,4250.0,4250.0,4500.0,3.633378470379044,3.6283889300503116,0.009948002784863415,4.0580432264374195,4.0579311121763695,0.007739470938727149,4.050510837201294,4.0579311121763695,4.065926564712819,0.02,0.0,0.09797958971132714,0.0,0.0,0.0,0.4377499999999999,0.35,0.17171906562755343,0.3,0.35,0.75,8.7329227947453,1000,4403.25,4500.0,145.60885103591747,4250.0,4500.0,4500.0,3.643537319992106,3.6532125137753435,0.0142972093625124,4.063748413294385,4.063734678007518,0.0076125015947666064,4.055751266538758,4.063734678007518,4.0711794627215365,0.8165,0.5,0.8031673237875155,0.0,0.5,2.0,0.563,0.65,0.22158745451852638,0.3,0.65,0.75,2.779518384849772
589,78.454106,-67.446625,12000,2.0,0.65,4.1675946060022,40.10640948763767,/Users/shannonbowes/Research/ysg/candidates_and_lcs/2022_asassn_lc_data/pysynphot_data/grid/bosz/r2000/m-0.25/bosz2024_ap_t12000_g+2.0_m-0.25_a+0.00_c+0.00_v2_r2000_resam.txt.gz,8500,2.0,0.4,3.9400094350290633,0.0074505824775799,/Users/shannonbowes/Research/ysg/candidates_and_lcs/2022_asassn_lc_data/pysynphot_data/grid/bosz/r2000/m-0.25/bosz2024_ap_t8500_g+2.0_m-0.25_a+0.00_c+0.00_v2_r2000_resam.txt.gz,1000,12000.0,12000.0,0.0,12000.0,12000.0,12000.0,4.079181246047625,4.079181246047625,0.0,4.174509124701415,4.174940167176567,0.010545535265407633,4.163932467438418,4.174940167176567,4.185261252347386,2.0,2.0,0.0,2.0,2.0,2.0,0.60375,0.6,0.03772847068196642,0.55,0.6,0.65,91.93710170328899,1000,9029.0,8250.0,1647.0151790435934,7750.0,8250.0,11000.0,3.9492674395856007,3.916453948549925,0.07213541997640124,3.9569633569064555,3.93651106327568,0.07078967863924049,3.9030578110852563,3.93651106327568,4.009472456592138,2.403,2.5,0.3443704400787036,2.0,2.5,2.5,0.445,0.32499999999999996,0.2697035409482048,0.2,0.32499999999999996,0.8,1.9770385569024218
590,78.471043,-67.376289,7250,2.5,0.7,4.655504158826051,0.2623209579158435,/Users/shannonbowes/Research/ysg/candidates_and_lcs/2022_asassn_lc_data/pysynphot_data/grid/bosz/r2000/m-0.25/bosz2024_ms_t7250_g+2.5_m-0.25_a+0.00_c+0.00_v2_r2000_resam.txt.gz,8500,2.0,1.0,4.697224273666993,0.019644985664825004,/Users/shannonbowes/Research/ysg/candidates_and_lcs/2022_asassn_lc_data/pysynphot_data/grid/bosz/r2000/m-0.25/bosz2024_ap_t8500_g+2.0_m-0.25_a+0.00_c+0.00_v2_r2000_resam.txt.gz,1000,6705.0,6500.0,412.73478166977884,6500.0,6500.0,7000.0,3.8256301131480663,3.8129133566428557,0.02540465110246372,4.644023006834629,4.644336463865177,0.009351318531379101,4.635541600220629,4.644336463865177,4.653315186336583,1.54,1.5,0.5881326381013043,1.0,1.5,2.5,0.38195000000000007,0.3,0.21471305852229855,0.25,0.3,0.6,9.32665349222079,1000,6824.75,6750.0,452.74157915967913,6500.0,6750.0,7000.0,3.833213769090651,3.829303772831025,0.026935377817075834,4.678185180156106,4.678721518041414,0.022821309307810032,4.655242500676728,4.678721518041414,4.699483108939075,1.909,2.0,0.5565240336229874,1.5,2.0,2.5,0.30795000000000006,0.2,0.21994157747001816,0.2,0.2,0.4,4.651594641335598
591,78.473614,-67.063515,4750,0.0,0.35,4.322171958188012,565.3216365300808,/Users/shannonbowes/Research/ysg/candidates_and_lcs/2022_asassn_lc_data/pysynphot_data/grid/bosz/r2000/m-0.25/bosz2024_ms_t4750_g+0.0_m-0.25_a+0.00_c+0.00_v2_r2000_resam.txt.gz,5250,0.5,1.0,4.329086377691919,36.175682050508314,/Users/shannonbowes/Research/ysg/candidates_and_lcs/2022_asassn_lc_data/pysynphot_data/grid/bosz/r2000/m-0.25/bosz2024_ms_t5250_g+0.5_m-0.25_a+0.00_c+0.00_v2_r2000_resam.txt.gz,1000,4750.0,4750.0,0.0,4750.0,4750.0,4750.0,3.6766936096248646,3.6766936096248664,1.7763568394002505e-15,4.321964977812112,4.322357055820019,0.008314295759637737,4.313483337195719,4.322357055820019,4.329934818773378,0.0,0.0,0.0,0.0,0.0,0.0,0.33135,0.35,0.03398054590497333,0.3,0.35,0.35,767.252619182141,1000,5222.25,5250.0,106.26588116606383,5250.0,5250.0,5250.0,3.717766868776946,3.720159303405957,0.008902664645154316,4.324874503011521,4.3251064174221465,0.010165876815235906,4.315190544688954,4.3251064174221465,4.334040954095701,0.424,0.5,0.17951044537853503,0.5,0.5,0.5,0.9552999999999999,1.0,0.06735658839341553,0.9,1.0,1.0,87.35513335287563
592,78.507998,-67.451942,11250,2.0,0.5,4.919635706809103,0.06367009200764695,/Users/shannonbowes/Research/ysg/candidates_and_lcs/2022_asassn_lc_data/pysynphot_data/grid/bosz/r2000/m-0.25/bosz2024_ap_t11250_g+2.0_m-0.25_a+0.00_c+0.00_v2_r2000_resam.txt.gz,10250,2.5,0.5,4.812068657366186,0.003387172379290712,/Users/shannonbowes/Research/ysg/candidates_and_lcs/2022_asassn_lc_data/pysynphot_data/grid/bosz/r2000/m-0.25/bosz2024_ap_t10250_g+2.5_m-0.25_a+0.00_c+0.00_v2_r2000_resam.txt.gz,1000,12068.0,12000.0,955.1183172780219,11250.0,12000.0,13500.0,4.080308407476504,4.079181246047625,0.033766231183867,4.955927034469512,4.943315193676995,0.04996264297152093,4.914279677488418,4.943315193676995,5.015810831875004,2.2845,2.0,0.43163613148113533,2.0,2.0,3.0,0.5575,0.55,0.10511303439631071,0.45,0.55,0.65,4.361313983698692,1000,10415.0,10250.0,2074.8252938500627,8250.0,10250.0,13500.0,4.009348253803084,4.010723865391773,0.08423894407052362,4.8342176512163295,4.808838928325827,0.12183299681187769,4.710668839679258,4.808838928325827,4.983392723023812,2.5335,2.5,0.42205183330960666,2.0,2.5,3.0,0.4730500000000001,0.4,0.2695666846997232,0.2,0.4,0.8,1.8412277515600826
593,78.518418,-67.264061,8500,2.5,0.85,4.63882809975178,0.07852845950051193,/Users/shannonbowes/Research/ysg/candidates_and_lcs/2022_asassn_lc_data/pysynphot_data/grid/bosz/r2000/m-0.25/bosz2024_ap_t8500_g+2.5_m-0.25_a+0.00_c+0.00_v2_r2000_resam.txt.gz,8750,2.0,0.85,4.6631651569819,0.005807247679259683,/Users/shannonbowes/Research/ysg/candidates_and_lcs/2022_asassn_lc_data/pysynphot_data/grid/bosz/r2000/m-0.25/bosz2024_ap_t8750_g+2.0_m-0.25_a+0.00_c+0.00_v2_r2000_resam.txt.gz,1000,8462.0,8250.0,1058.858347466742,7250.0,8250.0,9750.0,3.924176122737339,3.916453948549925,0.053121113208036155,4.681827916156355,4.675396701298946,0.026510653839776133,4.660000108245482,4.675396701298946,4.7074298225980575,2.336,2.5,0.30594770795023124,2.0,2.5,2.5,0.64125,0.65,0.2803942536857701,0.25,0.65,1.0,5.449142443519184,1000,8196.25,8250.0,770.9075414730355,7500.0,8250.0,8750.0,3.911769894635425,3.916453948549925,0.03968995142022784,4.65197016843243,4.647203394923739,0.03776175948545278,4.6168001323906935,4.647203394923739,4.685830979062474,2.44,2.5,0.23216373532487802,2.5,2.5,2.5,0.68355,0.75,0.2616617998485831,0.35,0.75,1.0,3.1052357534691346
594,78.546107,-69.543488,9000,2.0,0.85,4.814378359250152,0.2875685683932619,/Users/shannonbowes/Research/ysg/candidates_and_lcs/2022_asassn_lc_data/pysynphot_data/grid/bosz/r2000/m-0.25/bosz2024_ap_t9000_g+2.0_m-0.25_a+0.00_c+0.00_v2_r2000_resam.txt.gz,8500,2.0,0.7,4.793335380555144,0.0019023041498020636,/Users/shannonbowes/Research/ysg/candidates_and_lcs/2022_asassn_lc_data/pysynphot_data/grid/bosz/r2000/m-0.25/bosz2024_ap_t8500_g+2.0_m-0.25_a+0.00_c+0.00_v2_r2000_resam.txt.gz,1000,9702.25,9750.0,471.9983448064198,9500.0,9750.0,10000.0,3.9863165812318657,3.989004615698537,0.02242405899168198,4.827673167149713,4.826516544397595,0.011630772798397923,4.816268542881249,4.826516544397595,4.839456373245228,2.19,2.0,0.3064310689208913,2.0,2.0,2.5,0.9444,1.0,0.1330362356653254,0.9,1.0,1.0,6.519734730819921,1000,8518.0,8500.0,833.0972332207087,7750.0,8500.0,9250.0,3.928274617996372,3.929418925714293,0.04231883824069956,4.759343857918014,4.755065068200857,0.04324309279795611,4.718861955327254,4.755065068200857,4.794464454108997,2.322,2.5,0.2937958474859711,2.0,2.5,2.5,0.8458,1.0,0.24477001450341093,0.55,1.0,1.0,2.2241189375725714
595,78.56421,-68.978951,6250,1.0,0.45,3.5610050080007976,0.6526773799196769,/Users/shannonbowes/Research/ysg/candidates_and_lcs/2022_asassn_lc_data/pysynphot_data/grid/bosz/r2000/m-0.25/bosz2024_ms_t6250_g+1.0_m-0.25_a+0.00_c+0.00_v2_r2000_resam.txt.gz,6750,2.0,0.75,3.566493237055366,0.3118039783186342,/Users/shannonbowes/Research/ysg/candidates_and_lcs/2022_asassn_lc_data/pysynphot_data/grid/bosz/r2000/m-0.25/bosz2024_ms_t6750_g+2.0_m-0.25_a+0.00_c+0.00_v2_r2000_resam.txt.gz,1000,6573.0,6500.0,373.3912157509868,6250.0,6500.0,7000.0,3.8170571471781476,3.8129133566428557,0.024823242402375184,3.562416982039028,3.5625269567728592,0.006902481234568796,3.5554298557931703,3.5625269567728592,3.5694572729609315,1.5165,1.5,0.4679505849980316,1.0,1.5,2.0,0.6705500000000001,0.65,0.2550101909728315,0.4,0.65,0.95,13.821816323140531,1000,6405.0,6250.0,435.0,6000.0,6250.0,7000.0,3.8055453071843215,3.7958800173440754,0.02887936236470122,3.565602920901695,3.565726090749351,0.009806281997786263,3.5563303663726518,3.565726090749351,3.5750869576992304,2.153,2.0,0.3310453141187774,2.0,2.0,2.5,0.5084,0.35,0.2847269569254025,0.25,0.35,0.95,11.576155832035605
596,78.578573,-67.263702,4500,0.0,0.8,4.71436980881464,0.9968381062093985,/Users/shannonbowes/Research/ysg/candidates_and_lcs/2022_asassn_lc_data/pysynphot_data/grid/bosz/r2000/m-0.25/bosz2024_ms_t4500_g+0.0_m-0.25_a+0.00_c+0.00_v2_r2000_resam.txt.gz,4750,0.5,0.95,4.732477395906311,0.01284886420967718,/Users/shannonbowes/Research/ysg/candidates_and_lcs/2022_asassn_lc_data/pysynphot_data/grid/bosz/r2000/m-0.25/bosz2024_ms_t4750_g+0.5_m-0.25_a+0.00_c+0.00_v2_r2000_resam.txt.gz,1000,4497.0,4500.0,29.427877939124322,4500.0,4500.0,4500.0,3.652913288282768,3.6532125137753435,0.0029107662192771316,4.715968454718934,4.715910956197996,0.00730371156985716,4.708876809197273,4.715910956197996,4.723182276602733,0.006,0.0,0.05885575587824865,0.0,0.0,0.0,0.8028500000000002,0.8,0.0606578725311068,0.75,0.8,0.85,11.764538303374241,1000,4688.25,4750.0,134.16198231988076,4500.0,4750.0,4750.0,3.6708306857511306,3.6766936096248664,0.012547362634805189,4.738140508927263,4.7373869557037604,0.012287179268158753,4.726505515536797,4.7373869557037604,4.749678097909709,0.164,0.0,0.4621731277346185,0.0,0.0,0.0,0.7934000000000001,0.85,0.2058918162530993,0.55,0.85,1.0,2.577920759646927
597,78.870786,-66.810394,6500,2.5,0.25,4.205798751436211,66.33497233149399,/Users/shannonbowes/Research/ysg/candidates_and_lcs/2022_asassn_lc_data/pysynphot_data/grid/bosz/r2000/m-0.25/bosz2024_ms_t6500_g+2.5_m-0.25_a+0.00_c+0.00_v2_r2000_resam.txt.gz,7500,2.0,0.2,4.354574103409942,0.06925114228105249,/Users/shannonbowes/Research/ysg/candidates_and_lcs/2022_asassn_lc_data/pysynphot_data/grid/bosz/r2000/m-0.25/bosz2024_ap_t7500_g+2.0_m-0.25_a+0.00_c+0.00_v2_r2000_resam.txt.gz,1000,6500.0,6500.0,19.364916731037084,6500.0,6500.0,6500.0,3.8129114278735226,3.8129133566428557,0.0012947345099730576,4.197747576366373,4.197879585689591,0.006506380372823545,4.191284608234546,4.197879585689591,4.204154947864394,2.5,2.5,0.0,2.5,2.5,2.5,0.20645000000000005,0.2,0.017201671430416284,0.2,0.2,0.2,124.67754225728773,1000,8050.5,8250.0,579.2881407382686,7500.0,8250.0,8500.0,3.904790450243421,3.916453948549925,0.029395458019815426,4.350017277729425,4.3489296943220115,0.02693173295315154,4.325607946169545,4.3489296943220115,4.371759384106064,2.343,2.5,0.2633457802965523,2.0,2.5,2.5,0.49104999999999993,0.5,0.1839358515896235,0.25,0.5,0.7,12.772914514139167
598,78.901303,-69.431702,4500,0.5,0.8,4.034679304825982,0.2320646268676318,/Users/shannonbowes/Research/ysg/candidates_and_lcs/2022_asassn_lc_data/pysynphot_data/grid/bosz/r2000/m-0.25/bosz2024_ms_t4500_g+0.5_m-0.25_a+0.00_c+0.00_v2_r2000_resam.txt.gz,4500,0.5,0.9,4.027885650568841,0.03429726286336175,/Users/shannonbowes/Research/ysg/candidates_and_lcs/2022_asassn_lc_data/pysynphot_data/grid/bosz/r2000/m-0.25/bosz2024_ms_t4500_g+0.5_m-0.25_a+0.00_c+0.00_v2_r2000_resam.txt.gz,1000,4401.75,4500.0,126.62715940903041,4250.0,4500.0,4500.0,3.6434447629805273,3.6532125137753435,0.012540727465756314,4.033193879423709,4.032804365178972,0.00836429233533108,4.024690377790967,4.032804365178972,4.041293064890824,0.7135,0.5,0.346652203223923,0.5,0.5,1.0,0.65325,0.75,0.1817881665565721,0.45,0.75,0.8,6.644598782630316,1000,4429.0,4500.0,132.1325092473461,4250.0,4500.0,4500.0,3.646111601458166,3.6532125137753435,0.01299801963816087,4.030626573426261,4.030425120552241,0.010806575110579813,4.019634692815818,4.030425120552241,4.041487204607672,0.76,0.5,0.8114185110040318,0.0,0.5,1.5,0.7219500000000001,0.8,0.2207276545881825,0.45,0.8,0.95,4.220355998105397
599,78.933622,-68.991867,8500,2.0,0.5,4.037678913169902,0.20386736824001683,/Users/shannonbowes/Research/ysg/candidates_and_lcs/2022_asassn_lc_data/pysynphot_data/grid/bosz/r2000/m-0.25/bosz2024_ap_t8500_g+2.0_m-0.25_a+0.00_c+0.00_v2_r2000_resam.txt.gz,10000,2.0,0.65,4.11436551825529,0.005994138922206858,/Users/shannonbowes/Research/ysg/candidates_and_lcs/2022_asassn_lc_data/pysynphot_data/grid/bosz/r2000/m-0.25/bosz2024_ap_t10000_g+2.0_m-0.25_a+0.00_c+0.00_v2_r2000_resam.txt.gz,1000,8360.25,8250.0,307.4612780497733,8000.0,8250.0,8750.0,3.921928562459387,3.916453948549925,0.015850750991418687,4.04487525550119,4.044727209340496,0.007483478333964184,4.037801526993162,4.044727209340496,4.0522019500309145,2.3485,2.5,0.2297776098752879,2.0,2.5,2.5,0.3975,0.4,0.10212125146119196,0.3,0.4,0.5,5.350558696814071,1000,10972.75,10500.0,2045.744348030809,8250.0,10500.0,13500.0,4.032477077880313,4.021189299069938,0.0833369518314208,4.158483168391106,4.127432536943039,0.10314510350046906,4.046773237826577,4.127432536943039,4.2929509118019595,2.7715,3.0,0.3442931163993843,2.5,3.0,3.0,0.7342000000000001,0.8,0.2441523294994336,0.4,0.8,1.0,3.181142726176295
600,79.075968,-67.240059,10000,2.0,0.8,4.351261655627504,1.7896802671381142,/Users/shannonbowes/Research/ysg/candidates_and_lcs/2022_asassn_lc_data/pysynphot_data/grid/bosz/r2000/m-0.25/bosz2024_ap_t10000_g+2.0_m-0.25_a+0.00_c+0.00_v2_r2000_resam.txt.gz,8000,2.0,0.5,4.274867448011729,0.05180329492816131,/Users/shannonbowes/Research/ysg/candidates_and_lcs/2022_asassn_lc_data/pysynphot_data/grid/bosz/r2000/m-0.25/bosz2024_ap_t8000_g+2.0_m-0.25_a+0.00_c+0.00_v2_r2000_resam.txt.gz,1000,10090.75,10250.0,662.7231228046899,9250.0,10250.0,10750.0,4.002983517700643,4.010723865391773,0.028607692168943846,4.3614079292652965,4.359826572665494,0.016153325260489834,4.3452467017024015,4.359826572665494,4.377521651355061,2.5995,2.5,0.3596522626093155,2.0,2.5,3.0,0.7655500000000001,0.8,0.12219123331892512,0.65,0.8,0.9,15.679791591674679,1000,7786.5,7750.0,360.7876799448673,7500.0,7750.0,8000.0,3.8909133048000686,3.88930170250631,0.01892889691437982,4.287311919203589,4.286744341434742,0.014947353273774238,4.272948318880513,4.286744341434742,4.301644639792092,2.4325,2.5,0.17942616865998118,2.5,2.5,2.5,0.30915000000000004,0.25,0.12439363930683915,0.2,0.25,0.45,6.068148852380966
601,79.170383,-69.656197,4750,2.0,0.8,3.401527856823829,5.5254231640182985,/Users/shannonbowes/Research/ysg/candidates_and_lcs/2022_asassn_lc_data/pysynphot_data/grid/bosz/r2000/m-0.25/bosz2024_ms_t4750_g+2.0_m-0.25_a+0.00_c+0.00_v2_r2000_resam.txt.gz,5000,0.0,0.9,3.3616787855631567,3.5301260036339253,/Users/shannonbowes/Research/ysg/candidates_and_lcs/2022_asassn_lc_data/pysynphot_data/grid/bosz/r2000/m-0.25/bosz2024_ms_t5000_g+0.0_m-0.25_a+0.00_c+0.00_v2_r2000_resam.txt.gz,1000,4935.5,5000.0,120.26948906518228,4750.0,5000.0,5000.0,3.693200952587717,3.6989700043360187,0.010660762987509205,3.371773951265884,3.371935065271264,0.024376051775434997,3.3468711399883753,3.371935065271264,3.3968777494782425,1.268,1.0,0.9487760536607152,0.0,1.0,2.5,0.9703999999999998,1.0,0.05141828468550852,0.9,1.0,1.0,36.508580904916975,1000,4988.0,5000.0,151.18200951171406,4750.0,5000.0,5000.0,3.6977279863557957,3.6989700043360187,0.013114943014740279,3.3813211381008776,3.380889860064814,0.02508639072347962,3.3557924734624933,3.380889860064814,3.407627975745084,0.068,0.0,0.1713942822850284,0.0,0.0,0.0,0.9645499999999999,1.0,0.05143731622081385,0.9,1.0,1.0,26.497258511653556
602,79.386792,-69.752083,10500,2.0,0.75,4.5901907609464585,0.25155203105473867,/Users/shannonbowes/Research/ysg/candidates_and_lcs/2022_asassn_lc_data/pysynphot_data/grid/bosz/r2000/m-0.25/bosz2024_ap_t10500_g+2.0_m-0.25_a+0.00_c+0.00_v2_r2000_resam.txt.gz,11250,2.5,0.8,4.6150430320395035,0.011111629413677156,/Users/shannonbowes/Research/ysg/candidates_and_lcs/2022_asassn_lc_data/pysynphot_data/grid/bosz/r2000/m-0.25/bosz2024_ap_t11250_g+2.5_m-0.25_a+0.00_c+0.00_v2_r2000_resam.txt.gz,1000,11540.5,11500.0,690.1881989718456,10750.0,11500.0,12000.0,4.061455703113522,4.060697840353612,0.025788491803108576,4.646491925063719,4.642498192719785,0.034383856482528105,4.612334845398619,4.642498192719785,4.669408488128459,2.451,2.5,0.37362949562367265,2.0,2.5,3.0,0.8325999999999999,0.85,0.07747412471270651,0.75,0.85,0.9,5.369902455582295,1000,10502.75,10500.0,1959.4782309329184,8000.0,10500.0,13000.0,4.013490533003552,4.021189299069938,0.08310370950536536,4.597044614251562,4.577213588867647,0.09022756785727556,4.503366717515428,4.577213588867647,4.708123853697109,2.707,3.0,0.38098687641439827,2.0,3.0,3.0,0.7118499999999999,0.8,0.2738559429700221,0.3,0.8,1.0,2.70238412126377
603,79.434664,-69.342567,14000,3.0,0.55,4.3278154563003834,0.48328695763691193,/Users/shannonbowes/Research/ysg/candidates_and_lcs/2022_asassn_lc_data/pysynphot_data/grid/bosz/r2000/m-0.25/bosz2024_ap_t14000_g+3.0_m-0.25_a+0.00_c+0.00_v2_r2000_resam.txt.gz,10250,2.0,0.3,4.1212810175520875,0.0061396783515063665,/Users/shannonbowes/Research/ysg/candidates_and_lcs/2022_asassn_lc_data/pysynphot_data/grid/bosz/r2000/m-0.25/bosz2024_ap_t10250_g+2.0_m-0.25_a+0.00_c+0.00_v2_r2000_resam.txt.gz,1000,12287.5,12000.0,839.3263667966115,11750.0,12000.0,14000.0,4.088504048456497,4.079181246047625,0.028477922933481597,4.23887161691675,4.221833650106584,0.04310798261387165,4.208466728266446,4.221833650106584,4.311523550269908,2.217,2.0,0.4085474268674324,2.0,2.0,3.0,0.43525,0.4,0.07519931848095435,0.4,0.4,0.55,6.60995522525743,1000,10850.0,10250.0,1436.9237975620001,9750.0,10250.0,13000.0,4.031897633894075,4.010723865391773,0.05437277993806275,4.144927581508135,4.120177444443085,0.08115705943828283,4.073784974453994,4.120177444443085,4.257785321018675,2.6865,3.0,0.38205726010638774,2.0,3.0,3.0,0.34754999999999997,0.3,0.12004789669127901,0.25,0.3,0.5,3.55949792011905
604,79.554313,-69.874611,10250,3.0,0.75,4.142216064502529,0.15740680659874123,/Users/shannonbowes/Research/ysg/candidates_and_lcs/2022_asassn_lc_data/pysynphot_data/grid/bosz/r2000/m-0.25/bosz2024_ap_t10250_g+3.0_m-0.25_a+0.00_c+0.00_v2_r2000_resam.txt.gz,7500,2.5,0.2,4.049643927053288,0.023388428193068793,/Users/shannonbowes/Research/ysg/candidates_and_lcs/2022_asassn_lc_data/pysynphot_data/grid/bosz/r2000/m-0.25/bosz2024_ap_t7500_g+2.5_m-0.25_a+0.00_c+0.00_v2_r2000_resam.txt.gz,1000,9765.0,9750.0,426.0575078554537,9250.0,9750.0,10250.0,3.9892628720261936,3.989004615698537,0.018814338264206677,4.1242645145637,4.123645110533204,0.013043259765884085,4.111316067895296,4.123645110533204,4.137146730489267,2.29,2.0,0.32,2.0,2.0,2.5,0.6858999999999998,0.7,0.0732201475005343,0.6,0.7,0.75,5.9425680831391565,1000,9387.0,8250.0,1967.1631859101064,7750.0,8250.0,11750.0,3.96349320003693,3.916453948549925,0.08736415581802401,4.117372579874573,4.074894867419438,0.0804190677927422,4.049332314464907,4.074894867419438,4.205653644112162,2.3195,2.0,0.37103874460762176,2.0,2.0,2.579999999999984,0.54055,0.45,0.31749519287699457,0.2,0.45,0.95,2.683385676344565
605,79.557173,-68.49041,9000,2.0,0.8,4.101591893140498,0.2790233171563681,/Users/shannonbowes/Research/ysg/candidates_and_lcs/2022_asassn_lc_data/pysynphot_data/grid/bosz/r2000/m-0.25/bosz2024_ap_t9000_g+2.0_m-0.25_a+0.00_c+0.00_v2_r2000_resam.txt.gz,10000,2.5,0.9,4.141834716065866,0.004003870674683154,/Users/shannonbowes/Research/ysg/candidates_and_lcs/2022_asassn_lc_data/pysynphot_data/grid/bosz/r2000/m-0.25/bosz2024_ap_t10000_g+2.5_m-0.25_a+0.00_c+0.00_v2_r2000_resam.txt.gz,1000,8469.5,8750.0,756.1876420571815,7500.0,8750.0,9250.0,3.9261119237948154,3.942008053022313,0.039033818362473285,4.114423720088563,4.113757783875503,0.010524538557433705,4.1043447255612255,4.113757783875503,4.124158571763282,2.25,2.0,0.26362852652928137,2.0,2.0,2.5,0.5797,0.65,0.2560623166340568,0.25,0.65,0.8,4.865656409503118,1000,7921.75,7500.0,1071.6526664456167,7250.0,7500.0,8250.0,3.8954813142225673,3.8750612633917,0.05160245109133556,4.113487649469207,4.1072105209355225,0.03875729132497169,4.083329381707808,4.1072105209355225,4.133991443236235,2.242,2.0,0.29314842656920403,2.0,2.0,2.5,0.3565500000000001,0.25,0.23988455035704154,0.2,0.25,0.6,2.761990894369695
606,79.579719,-68.718452,7250,2.0,0.8,4.029056500884362,0.2434883500166419,/Users/shannonbowes/Research/ysg/candidates_and_lcs/2022_asassn_lc_data/pysynphot_data/grid/bosz/r2000/m-0.25/bosz2024_ms_t7250_g+2.0_m-0.25_a+0.00_c+0.00_v2_r2000_resam.txt.gz,6500,1.5,0.4,4.018555578669416,0.003272380935154552,/Users/shannonbowes/Research/ysg/candidates_and_lcs/2022_asassn_lc_data/pysynphot_data/grid/bosz/r2000/m-0.25/bosz2024_ms_t6500_g+1.5_m-0.25_a+0.00_c+0.00_v2_r2000_resam.txt.gz,1000,7168.5,7250.0,336.87200833551015,6750.0,7250.0,7500.0,3.854947307897727,3.8603380065709936,0.02045883337347233,4.030189470197437,4.030422445786291,0.005732647675014903,4.024482062326785,4.030422445786291,4.035637901572705,1.9795,2.0,0.3934841165790558,1.5,2.0,2.5,0.72065,0.7,0.17496021690658708,0.55,0.7,0.9,5.359024852207758,1000,7057.25,7250.0,499.5347210154666,6500.0,7250.0,7500.0,3.8475293847870935,3.8603380065709936,0.0311258687768334,4.023193921045892,4.022933701656834,0.00903178698367414,4.014147946339004,4.022933701656834,4.0322351358854265,2.1695,2.0,0.37751788037124817,2.0,2.0,2.5,0.6751,0.75,0.2875412839924034,0.3,0.75,1.0,2.372694784035779
607,79.593344,-69.545151,12000,2.0,0.55,4.378540261341067,2.476917377226246,/Users/shannonbowes/Research/ysg/candidates_and_lcs/2022_asassn_lc_data/pysynphot_data/grid/bosz/r2000/m-0.25/bosz2024_ap_t12000_g+2.0_m-0.25_a+0.00_c+0.00_v2_r2000_resam.txt.gz,10250,3.0,0.55,4.238101672353919,0.013098562983307239,/Users/shannonbowes/Research/ysg/candidates_and_lcs/2022_asassn_lc_data/pysynphot_data/grid/bosz/r2000/m-0.25/bosz2024_ap_t10250_g+3.0_m-0.25_a+0.00_c+0.00_v2_r2000_resam.txt.gz,1000,12034.25,12000.0,266.95399884624317,12000.0,12000.0,12000.0,4.080322284604897,4.079181246047625,0.008941864921654148,4.378521953922622,4.376900279695723,0.016827983998441817,4.367636828377221,4.376900279695723,4.385860257154073,2.018,2.0,0.132951118836962,2.0,2.0,2.0,0.5856499999999999,0.6,0.03989457983235315,0.55,0.6,0.6,17.087233946406812,1000,10335.25,10000.0,2043.0173610373456,8250.0,10000.0,13000.0,4.0061600537392765,4.0,0.08337764820461856,4.264751308636868,4.235588312467373,0.10141043439128117,4.168956641695629,4.235588312467373,4.402938052135122,2.5365,2.5,0.4188290223945804,2.0,2.5,3.0,0.48595000000000005,0.5,0.23835917750319582,0.2,0.5,0.75,2.263908200943203
608,79.594847,-69.488861,8500,2.0,0.45,4.128905476436777,0.11648798266828936,/Users/shannonbowes/Research/ysg/candidates_and_lcs/2022_asassn_lc_data/pysynphot_data/grid/bosz/r2000/m-0.25/bosz2024_ap_t8500_g+2.0_m-0.25_a+0.00_c+0.00_v2_r2000_resam.txt.gz,8500,2.5,0.45,4.104509698900424,0.003499595608346447,/Users/shannonbowes/Research/ysg/candidates_and_lcs/2022_asassn_lc_data/pysynphot_data/grid/bosz/r2000/m-0.25/bosz2024_ap_t8500_g+2.5_m-0.25_a+0.00_c+0.00_v2_r2000_resam.txt.gz,1000,8514.5,8500.0,332.09900632191,8250.0,8500.0,8750.0,3.929829766573096,3.929418925714293,0.016904364709957848,4.12118556137677,4.121081132657693,0.008461646713102107,4.112454848530431,4.121081132657693,4.129888115486827,2.2925,2.5,0.24636101558485263,2.0,2.5,2.5,0.43784999999999996,0.45,0.10781872518259525,0.3,0.45,0.55,4.180274105053389,1000,10537.5,10500.0,2151.939532143039,8000.0,10500.0,13000.0,4.013527405462492,4.021189299069938,0.0898350615141143,4.211448220322304,4.183965211964953,0.10299829044682458,4.107018085160361,4.183965211964953,4.344219435078884,2.659,3.0,0.3914319864293157,2.0,3.0,3.0,0.6688,0.75,0.28046668251327106,0.25,0.75,0.95,2.417618412015694
609,79.604903,-69.686317,14000,3.0,0.7,4.364604876329237,32.234800400786796,/Users/shannonbowes/Research/ysg/candidates_and_lcs/2022_asassn_lc_data/pysynphot_data/grid/bosz/r2000/m-0.25/bosz2024_ap_t14000_g+3.0_m-0.25_a+0.00_c+0.00_v2_r2000_resam.txt.gz,8500,2.5,0.25,4.033861437865684,19.436789031446054,/Users/shannonbowes/Research/ysg/candidates_and_lcs/2022_asassn_lc_data/pysynphot_data/grid/bosz/r2000/m-0.25/bosz2024_ap_t8500_g+2.5_m-0.25_a+0.00_c+0.00_v2_r2000_resam.txt.gz,1000,12409.5,12000.0,880.7296690812681,11750.0,12000.0,14000.0,4.092703599742657,4.079181246047625,0.029905758426145727,4.272329453294704,4.25003746994032,0.048615533898028356,4.234236425864974,4.25003746994032,4.350774818147827,2.2995,2.0,0.4494994438261298,2.0,2.0,3.0,0.60005,0.6,0.07343362649358942,0.55,0.6,0.7,80.36700930014378,1000,8351.75,8250.0,167.210757728084,8250.0,8250.0,8500.0,3.921690634050741,3.916453948549925,0.008681267055815048,4.039129501463532,4.037528534843772,0.017754870394027372,4.022370277809045,4.037528534843772,4.057303290174163,2.5,2.5,0.0,2.5,2.5,2.5,0.20810000000000006,0.2,0.018422540541412843,0.2,0.2,0.25,52.24169388515054
610,79.712597,-72.120125,4750,0.0,0.5,4.088441816079803,0.39118192198459084,/Users/shannonbowes/Research/ysg/candidates_and_lcs/2022_asassn_lc_data/pysynphot_data/grid/bosz/r2000/m-0.25/bosz2024_ms_t4750_g+0.0_m-0.25_a+0.00_c+0.00_v2_r2000_resam.txt.gz,4750,1.0,0.45,4.104236064220569,0.008096698549427092,/Users/shannonbowes/Research/ysg/candidates_and_lcs/2022_asassn_lc_data/pysynphot_data/grid/bosz/r2000/m-0.25/bosz2024_ms_t4750_g+1.0_m-0.25_a+0.00_c+0.00_v2_r2000_resam.txt.gz,1000,4660.75,4750.0,119.77870219700996,4500.0,4750.0,4750.0,3.6683108584065858,3.6766936096248664,0.011250140748077776,4.0862932588706355,4.086358135134612,0.00862670331755309,4.077497863995277,4.086358135134612,4.09448371986694,0.114,0.0,0.2097713040432366,0.0,0.0,0.5,0.43125,0.5,0.15013639632014616,0.25,0.5,0.55,15.241526175862152,1000,4897.0,4750.0,195.93621411061304,4750.0,4750.0,5250.0,3.6895896126005754,3.6766936096248664,0.017108858134924455,4.110941011647272,4.110832045809692,0.012117555719788758,4.099241920148425,4.110832045809692,4.12292079072156,1.178,1.0,0.9446247932380348,0.0,1.0,2.5,0.51205,0.45,0.24891222850635522,0.25,0.45,0.85,1.5721480987076943
611,79.815808,-68.934425,4500,2.5,0.75,4.30559035865713,20.269842393118438,/Users/shannonbowes/Research/ysg/candidates_and_lcs/2022_asassn_lc_data/pysynphot_data/grid/bosz/r2000/m-0.25/bosz2024_ms_t4500_g+2.5_m-0.25_a+0.00_c+0.00_v2_r2000_resam.txt.gz,4500,2.0,0.85,4.302940267015959,0.11760250998599056,/Users/shannonbowes/Research/ysg/candidates_and_lcs/2022_asassn_lc_data/pysynphot_data/grid/bosz/r2000/m-0.25/bosz2024_ms_t4500_g+2.0_m-0.25_a+0.00_c+0.00_v2_r2000_resam.txt.gz,1000,4500.75,4500.0,13.672508913875317,4500.0,4500.0,4500.0,3.653282957062892,3.6532125137753435,0.0012841819692406475,4.312623277923604,4.3123539630966645,0.007668014995034362,4.305000729186495,4.3123539630966645,4.320097520356451,2.4985,2.5,0.027345017827750638,2.5,2.5,2.5,0.7944000000000001,0.8,0.031283222340417555,0.75,0.8,0.8,59.022379691617786,1000,4370.75,4250.0,124.92772910767249,4250.0,4250.0,4500.0,3.6403787209895024,3.6283889300503116,0.012404615772329654,4.3077027235438266,4.307792578590247,0.006952450146870074,4.300427617928907,4.307792578590247,4.3141076719108105,1.7465,2.0,0.6935328038384342,1.0,2.0,2.5,0.6675,0.55,0.20118088875437448,0.45,0.55,0.9,8.294344023411943
612,79.846065,-65.858719,4000,1.5,0.75,3.1058689308161225,72.3580537703605,/Users/shannonbowes/Research/ysg/candidates_and_lcs/2022_asassn_lc_data/pysynphot_data/grid/bosz/r2000/m-0.25/bosz2024_ms_t4000_g+1.5_m-0.25_a+0.00_c+0.00_v2_r2000_resam.txt.gz,4000,2.0,0.75,3.1065267354435675,71.24001722878265,/Users/shannonbowes/Research/ysg/candidates_and_lcs/2022_asassn_lc_data/pysynphot_data/grid/bosz/r2000/m-0.25/bosz2024_ms_t4000_g+2.0_m-0.25_a+0.00_c+0.00_v2_r2000_resam.txt.gz,1000,4079.75,4000.0,116.52226182150774,4000.0,4000.0,4250.0,3.610458922780392,3.6020599913279625,0.012271629965151978,3.057952700834299,3.0585398351299533,0.017645937227853802,3.040322122239423,3.0585398351299533,3.0754277426115935,1.189,1.0,0.3539477362549449,1.0,1.0,1.5,0.6904499999999999,0.65,0.18637676223177607,0.5,0.65,0.95,147.0270175510209,1000,4064.75,4000.0,109.52140201805308,4000.0,4000.0,4250.0,3.608879186457051,3.6020599913279625,0.01153432913007632,3.0610633521866584,3.061067144553169,0.01665356582190409,3.0448698884413252,3.061067144553169,3.077765369661008,2.1285,2.0,0.22525041620383301,2.0,2.0,2.5,0.6222000000000001,0.55,0.1853838180640371,0.45,0.55,0.9,140.84591312991338
613,80.009071,-68.063393,5250,0.5,0.35,4.5679790306044685,25.549241022747072,/Users/shannonbowes/Research/ysg/candidates_and_lcs/2022_asassn_lc_data/pysynphot_data/grid/bosz/r2000/m-0.25/bosz2024_ms_t5250_g+0.5_m-0.25_a+0.00_c+0.00_v2_r2000_resam.txt.gz,5750,2.5,0.6,4.603282896779362,0.07657365328831679,/Users/shannonbowes/Research/ysg/candidates_and_lcs/2022_asassn_lc_data/pysynphot_data/grid/bosz/r2000/m-0.25/bosz2024_ms_t5750_g+2.5_m-0.25_a+0.00_c+0.00_v2_r2000_resam.txt.gz,1000,5250.0,5250.0,0.0,5250.0,5250.0,5250.0,3.720159303405957,3.720159303405957,0.0,4.575804698854682,4.575622708268437,0.006469246428756916,4.5694274193663755,4.575622708268437,4.582291985537941,0.5,0.5,0.0,0.5,0.5,0.5,0.34484999999999993,0.35,0.02712890524883008,0.3,0.35,0.35,68.26062633639944,1000,5724.25,5750.0,279.10470705453895,5500.0,5750.0,6000.0,3.7572123243385507,3.7596678446896306,0.020869719706793605,4.6111451766113865,4.6109163577636885,0.008378808406539762,4.602677382197471,4.6109163577636885,4.619567049007151,2.05,2.0,0.44777226354476224,1.5,2.0,2.5,0.52075,0.45,0.2259799493317936,0.3,0.45,0.8,6.378549792872354
614,80.035374,-68.918663,6750,1.5,0.35,4.107190169238246,0.2760244849349518,/Users/shannonbowes/Research/ysg/candidates_and_lcs/2022_asassn_lc_data/pysynphot_data/grid/bosz/r2000/m-0.25/bosz2024_ms_t6750_g+1.5_m-0.25_a+0.00_c+0.00_v2_r2000_resam.txt.gz,7500,2.5,0.85,4.08098359847108,0.027837998454012965,/Users/shannonbowes/Research/ysg/candidates_and_lcs/2022_asassn_lc_data/pysynphot_data/grid/bosz/r2000/m-0.25/bosz2024_ap_t7500_g+2.5_m-0.25_a+0.00_c+0.00_v2_r2000_resam.txt.gz,1000,7149.0,7000.0,380.3603554525629,6750.0,7000.0,7500.0,3.853654631846197,3.845098040014257,0.02242996945515943,4.116811454011431,4.1169176163829295,0.006170241721222486,4.110658391871378,4.1169176163829295,4.123090676030454,1.763,1.5,0.2878037525815117,1.5,1.5,2.0,0.5291,0.45,0.1875718262426423,0.35,0.45,0.7,7.361779273985485,1000,6783.5,6750.0,292.40853270723824,6500.0,6750.0,6789.999999999992,3.8310741692648698,3.829303772831025,0.017891863148464672,4.109358449375867,4.110320188092258,0.011335229640185305,4.09715197534156,4.110320188092258,4.120692810915645,2.085,2.0,0.4906882920959089,1.5,2.0,2.5,0.337,0.3,0.15138031576133007,0.25,0.3,0.4,3.3661572658059304
615,80.095831,-69.038193,6250,1.0,0.55,4.1826294876527275,0.39816064985496286,/Users/shannonbowes/Research/ysg/candidates_and_lcs/2022_asassn_lc_data/pysynphot_data/grid/bosz/r2000/m-0.25/bosz2024_ms_t6250_g+1.0_m-0.25_a+0.00_c+0.00_v2_r2000_resam.txt.gz,6750,1.5,0.9,4.183583286982579,0.023262930344870415,/Users/shannonbowes/Research/ysg/candidates_and_lcs/2022_asassn_lc_data/pysynphot_data/grid/bosz/r2000/m-0.25/bosz2024_ms_t6750_g+1.5_m-0.25_a+0.00_c+0.00_v2_r2000_resam.txt.gz,1000,6696.75,6750.0,220.74178920177303,6500.0,6750.0,7000.0,3.8256255161074098,3.829303772831025,0.01443675720633726,4.178610363152324,4.178459686730211,0.006106774354228838,4.172429058027404,4.178459686730211,4.184697166973298,1.4625,1.5,0.3941367148591971,1.0,1.5,2.0,0.8595000000000002,0.9,0.12940150694640307,0.75,0.9,1.0,8.33392365264321,1000,6728.0,6750.0,329.0379917273992,6250.0,6750.0,7000.0,3.8273469923253587,3.829303772831025,0.02184022330689127,4.181738216056863,4.181574841987649,0.008173102948180466,4.173716742214186,4.181574841987649,4.189853294965283,2.147,2.0,0.34625279782263135,2.0,2.0,2.5,0.8314,0.95,0.21563636057028973,0.55,0.95,1.0,5.522878920453188
616,80.105058,-69.498871,8500,2.0,0.25,3.940682995010987,0.1239102314071902,/Users/shannonbowes/Research/ysg/candidates_and_lcs/2022_asassn_lc_data/pysynphot_data/grid/bosz/r2000/m-0.25/bosz2024_ap_t8500_g+2.0_m-0.25_a+0.00_c+0.00_v2_r2000_resam.txt.gz,8500,2.0,0.25,3.9390456002893197,0.0027508376917186285,/Users/shannonbowes/Research/ysg/candidates_and_lcs/2022_asassn_lc_data/pysynphot_data/grid/bosz/r2000/m-0.25/bosz2024_ap_t8500_g+2.0_m-0.25_a+0.00_c+0.00_v2_r2000_resam.txt.gz,1000,8962.0,9000.0,350.07999085923205,8750.0,9000.0,9250.0,3.9520789483713337,3.9542425094393248,0.016763355217851234,3.946663169052299,3.9456858008612006,0.010509930936147936,3.9366250724285328,3.9456858008612006,3.9570805625867145,2.2935,2.5,0.2580847728944891,2.0,2.5,2.5,0.37745,0.4,0.08425554877870063,0.3,0.4,0.45,4.750007963404409,1000,9098.75,8500.0,1404.6568753613817,8250.0,8500.0,10500.0,3.954524960641551,3.929418925714293,0.059995739180305374,3.955684609131357,3.9318833741036037,0.06532400412396151,3.9116630336913385,3.9318833741036037,3.9987503089516907,2.4715,2.5,0.32853881049276357,2.0,2.5,3.0,0.35285,0.25,0.1883331556046359,0.2,0.25,0.6,2.780815290708385
617,80.180023,-69.487755,8500,2.5,0.25,3.998000994571263,0.24278862706684753,/Users/shannonbowes/Research/ysg/candidates_and_lcs/2022_asassn_lc_data/pysynphot_data/grid/bosz/r2000/m-0.25/bosz2024_ap_t8500_g+2.5_m-0.25_a+0.00_c+0.00_v2_r2000_resam.txt.gz,10750,3.0,0.5,4.114453866051312,0.006449121276297362,/Users/shannonbowes/Research/ysg/candidates_and_lcs/2022_asassn_lc_data/pysynphot_data/grid/bosz/r2000/m-0.25/bosz2024_ap_t10750_g+3.0_m-0.25_a+0.00_c+0.00_v2_r2000_resam.txt.gz,1000,8439.25,8500.0,192.9946566617843,8250.0,8500.0,8500.0,3.9261918952715327,3.929418925714293,0.009826874523229409,3.9982299199256746,3.9981720779088876,0.007899493304925774,3.990221339057341,3.9981720779088876,4.006218282977444,2.4535,2.5,0.1452162181025246,2.5,2.5,2.5,0.24265000000000003,0.25,0.053930302242802236,0.2,0.25,0.3,7.517185324861061,1000,9739.0,8750.0,1573.7309172790626,8500.0,8750.0,11500.0,3.9833982822244973,3.942008053022313,0.06500550167838799,4.078107208239617,4.048185387935785,0.07903779139903348,4.01620902468202,4.048185387935785,4.163630276906652,2.418,2.5,0.364384412399872,2.0,2.5,3.0,0.3587,0.25,0.18077419616748405,0.2,0.25,0.55,2.363432150831131
618,80.265148,-68.048332,12000,2.0,0.9,4.43323494181398,7.6161879467106335,/Users/shannonbowes/Research/ysg/candidates_and_lcs/2022_asassn_lc_data/pysynphot_data/grid/bosz/r2000/m-0.25/bosz2024_ap_t12000_g+2.0_m-0.25_a+0.00_c+0.00_v2_r2000_resam.txt.gz,11250,2.5,0.85,4.381715008962447,0.006436358303694249,/Users/shannonbowes/Research/ysg/candidates_and_lcs/2022_asassn_lc_data/pysynphot_data/grid/bosz/r2000/m-0.25/bosz2024_ap_t11250_g+2.5_m-0.25_a+0.00_c+0.00_v2_r2000_resam.txt.gz,1000,11999.5,12000.0,11.169153951844338,12000.0,12000.0,12000.0,4.0791629592887455,4.079181246047625,0.0004084952504161292,4.435185600830815,4.435356810188132,0.008948290242165485,4.426156390324548,4.435356810188132,4.444067052933508,2.0,2.0,0.0,2.0,2.0,2.0,0.9056500000000001,0.9,0.03543412902838165,0.85,0.9,0.95,35.08809632704596,1000,9096.0,8500.0,1549.244654662394,7750.0,8500.0,11250.0,3.953100804642993,3.929418925714293,0.06909061889588057,4.297129214680972,4.271016918232993,0.061962970997499006,4.250792977274312,4.271016918232993,4.3691467174140115,2.4355,2.5,0.3370307849440463,2.0,2.5,3.0,0.5588500000000001,0.5,0.2485642321413119,0.25,0.5,0.9,4.436148975055779
619,80.313532,-69.444946,13500,3.0,0.55,5.022673564918857,0.42222270573173,/Users/shannonbowes/Research/ysg/candidates_and_lcs/2022_asassn_lc_data/pysynphot_data/grid/bosz/r2000/m-0.25/bosz2024_ap_t13500_g+3.0_m-0.25_a+0.00_c+0.00_v2_r2000_resam.txt.gz,9500,2.5,0.2,4.801601942802858,0.01300853258372304,/Users/shannonbowes/Research/ysg/candidates_and_lcs/2022_asassn_lc_data/pysynphot_data/grid/bosz/r2000/m-0.25/bosz2024_ap_t9500_g+2.5_m-0.25_a+0.00_c+0.00_v2_r2000_resam.txt.gz,1000,12125.25,12000.0,762.5614319515511,11750.0,12000.0,12000.0,4.082876638189416,4.079181246047625,0.026246211819294065,4.959950639397132,4.95044755325803,0.041279827198622415,4.928531851766548,4.95044755325803,4.986348705796877,2.179,2.0,0.37277204830834626,2.0,2.0,3.0,0.41120000000000007,0.4,0.07382113518498616,0.35,0.4,0.45,10.639276828933154,1000,12655.0,13500.0,1767.4416539167566,10500.0,13500.0,14000.0,4.09737486844002,4.1303337684950066,0.06759620072186258,4.8548980766114855,4.892757007913554,0.116982847445196,4.714273176415329,4.892757007913554,4.96360844007979,2.7885,3.0,0.3905352096802541,2.0,3.0,3.0,0.7651999999999999,0.8,0.22099538456718956,0.55,0.8,1.0,3.6182129675728167
620,80.325135,-69.513069,7500,2.0,0.9,3.9816863372950513,0.2014944954827847,/Users/shannonbowes/Research/ysg/candidates_and_lcs/2022_asassn_lc_data/pysynphot_data/grid/bosz/r2000/m-0.25/bosz2024_ms_t7500_g+2.0_m-0.25_a+0.00_c+0.00_v2_r2000_resam.txt.gz,6500,2.5,0.75,3.870128635619054,0.0030729009721597424,/Users/shannonbowes/Research/ysg/candidates_and_lcs/2022_asassn_lc_data/pysynphot_data/grid/bosz/r2000/m-0.25/bosz2024_ms_t6500_g+2.5_m-0.25_a+0.00_c+0.00_v2_r2000_resam.txt.gz,1000,6908.0,7000.0,398.16579461324903,6500.0,7000.0,7250.0,3.838638864534455,3.845098040014257,0.024829522995302535,3.9710489669405518,3.971002194340586,0.006650868671504079,3.9644930793480966,3.971002194340586,3.9775693728692545,1.787,2.0,0.5211823097535064,1.0,2.0,2.5,0.5718,0.6,0.21818515073212477,0.35,0.6,0.8,4.842735833572934,1000,6903.5,7000.0,488.0448237610968,6500.0,7000.0,7500.0,3.8379858586088096,3.845098040014257,0.030678730783900557,3.925129759419753,3.9229866516635865,0.04397699321027318,3.8814970918453393,3.9229866516635865,3.970591560810622,2.0285,2.0,0.5319189317931822,1.5,2.0,2.5,0.7753,0.95,0.2880710155499855,0.35,0.95,1.0,1.9813328490985342
621,80.325806,-66.908684,9000,2.5,0.85,4.13883466052701,0.16682058656133728,/Users/shannonbowes/Research/ysg/candidates_and_lcs/2022_asassn_lc_data/pysynphot_data/grid/bosz/r2000/m-0.25/bosz2024_ap_t9000_g+2.5_m-0.25_a+0.00_c+0.00_v2_r2000_resam.txt.gz,9000,2.5,0.85,4.13690154770043,0.0019336489515640696,/Users/shannonbowes/Research/ysg/candidates_and_lcs/2022_asassn_lc_data/pysynphot_data/grid/bosz/r2000/m-0.25/bosz2024_ap_t9000_g+2.5_m-0.25_a+0.00_c+0.00_v2_r2000_resam.txt.gz,1000,8423.75,8500.0,567.5591929481893,7750.0,8500.0,9000.0,3.924478251315677,3.929418925714293,0.03018683337930762,4.133246761643463,4.133507230096518,0.0073634613067997635,4.1259402182242075,4.133507230096518,4.140635069634414,2.339,2.5,0.2336214887376587,2.0,2.5,2.5,0.6664000000000001,0.75,0.20663020108396546,0.45,0.75,0.85,5.368674804272581,1000,8613.5,8250.0,1107.6406231264723,7500.0,8250.0,10250.0,3.9317093311513163,3.916453948549925,0.05445713607515626,4.14015160116014,4.130504176940698,0.02973777649222774,4.115287202998376,4.130504176940698,4.176948344943915,2.4775,2.5,0.31183930156412293,2.0,2.5,3.0,0.66395,0.7,0.26598476930080034,0.3,0.7,1.0,3.6571230798932826
622,80.54487,-69.096001,8500,2.0,0.4,4.212359207670125,0.07847610592145442,/Users/shannonbowes/Research/ysg/candidates_and_lcs/2022_asassn_lc_data/pysynphot_data/grid/bosz/r2000/m-0.25/bosz2024_ap_t8500_g+2.0_m-0.25_a+0.00_c+0.00_v2_r2000_resam.txt.gz,10250,2.0,0.85,4.225335397545766,0.004651685479316125,/Users/shannonbowes/Research/ysg/candidates_and_lcs/2022_asassn_lc_data/pysynphot_data/grid/bosz/r2000/m-0.25/bosz2024_ap_t10250_g+2.0_m-0.25_a+0.00_c+0.00_v2_r2000_resam.txt.gz,1000,8683.25,8500.0,807.2991623307929,8000.0,8500.0,9500.0,3.9369099881714176,3.929418925714293,0.03870135522338813,4.204807277367956,4.203085575471067,0.023989994513414475,4.18145785517713,4.203085575471067,4.227143894477343,2.272,2.0,0.3058038587068515,2.0,2.0,2.5,0.48210000000000003,0.45,0.1960219120404655,0.25,0.45,0.7,3.7874592022222178,1000,9117.75,8250.0,1754.6217363010182,7750.0,8250.0,11500.0,3.9526001418199397,3.916453948549925,0.07766826761096987,4.219938978001151,4.198452289070003,0.0853364282460969,4.150316242040093,4.198452289070003,4.297318351656597,2.381,2.5,0.3779404715031191,2.0,2.5,3.0,0.52055,0.4,0.28130978920044714,0.25,0.4,0.9,2.034743436992004
623,80.574008,-69.353386,9500,2.5,0.55,3.9656747729735193,0.3515821454357539,/Users/shannonbowes/Research/ysg/candidates_and_lcs/2022_asassn_lc_data/pysynphot_data/grid/bosz/r2000/m-0.25/bosz2024_ap_t9500_g+2.5_m-0.25_a+0.00_c+0.00_v2_r2000_resam.txt.gz,10250,3.0,0.65,3.982241439120217,0.009540062287336925,/Users/shannonbowes/Research/ysg/candidates_and_lcs/2022_asassn_lc_data/pysynphot_data/grid/bosz/r2000/m-0.25/bosz2024_ap_t10250_g+3.0_m-0.25_a+0.00_c+0.00_v2_r2000_resam.txt.gz,1000,8990.0,9000.0,352.703841770968,8750.0,9000.0,9250.0,3.953429028632488,3.9542425094393248,0.016905288232780126,3.9533304166692904,3.9522235773854266,0.010283616854407571,3.943570154425942,3.9522235773854266,3.9644770410966848,2.171,2.0,0.24240255774228128,2.0,2.0,2.5,0.44275000000000003,0.45,0.08303576036865082,0.35,0.45,0.5,5.928171961901678,1000,8900.25,8000.0,1575.1944126043616,7750.0,8000.0,10500.0,3.943563075285546,3.9030899869919438,0.06858789903058786,3.945584417534633,3.918764466330482,0.0694247075153259,3.8994624122028356,3.918764466330482,3.9961345188047703,2.3595,2.5,0.34352547212688606,2.0,2.5,2.5,0.38415,0.25,0.23170299415415418,0.2,0.25,0.7,2.113508684397135
624,80.590077,-69.404907,7750,2.0,0.2,4.18963048794914,0.27953033377859693,/Users/shannonbowes/Research/ysg/candidates_and_lcs/2022_asassn_lc_data/pysynphot_data/grid/bosz/r2000/m-0.25/bosz2024_ap_t7750_g+2.0_m-0.25_a+0.00_c+0.00_v2_r2000_resam.txt.gz,10250,2.0,0.65,4.292450500272701,0.0024098246167259243,/Users/shannonbowes/Research/ysg/candidates_and_lcs/2022_asassn_lc_data/pysynphot_data/grid/bosz/r2000/m-0.25/bosz2024_ap_t10250_g+2.0_m-0.25_a+0.00_c+0.00_v2_r2000_resam.txt.gz,1000,8142.75,8000.0,545.3759597745394,7750.0,8000.0,8500.0,3.9098872974015966,3.9030899869919438,0.02706487816247559,4.207358074972708,4.206460246385843,0.019243382481705328,4.188979109339689,4.206460246385843,4.226129956859281,2.3005,2.5,0.2635332047389854,2.0,2.5,2.5,0.30195000000000005,0.25,0.1494446302146718,0.2,0.25,0.45,5.567613459867797,1000,8251.75,8000.0,937.6483549284347,7750.0,8000.0,8500.0,3.914190639759013,3.9030899869919438,0.043373723942988315,4.2168590458201,4.209292363583852,0.05145748914033676,4.172613151245072,4.209292363583852,4.258859624512823,2.367,2.5,0.28515083727739604,2.0,2.5,2.5,0.29530000000000006,0.2,0.1746651367617476,0.2,0.2,0.4,3.5804653678052474
625,80.629679,-65.371346,5750,2.5,0.35,4.221782314242187,0.26148830509996496,/Users/shannonbowes/Research/ysg/candidates_and_lcs/2022_asassn_lc_data/pysynphot_data/grid/bosz/r2000/m-0.25/bosz2024_ms_t5750_g+2.5_m-0.25_a+0.00_c+0.00_v2_r2000_resam.txt.gz,6000,2.5,0.85,4.16834748170621,0.016374253162298243,/Users/shannonbowes/Research/ysg/candidates_and_lcs/2022_asassn_lc_data/pysynphot_data/grid/bosz/r2000/m-0.25/bosz2024_ms_t6000_g+2.5_m-0.25_a+0.00_c+0.00_v2_r2000_resam.txt.gz,1000,5763.5,5750.0,64.75144786026024,5750.0,5750.0,5750.0,3.760659911487239,3.7596678446896306,0.004742209814612388,4.219122954355203,4.219111384765014,0.0066706464538053255,4.212136918318003,4.219111384765014,4.225702299188587,2.3805,2.5,0.23657926789978873,2.0,2.5,2.5,0.35559999999999997,0.35,0.057867434710724835,0.3,0.35,0.4,7.209775704161963,1000,5634.25,5500.0,190.82567306313896,5500.0,5500.0,5750.0,3.750592459525811,3.7403626894942437,0.014470493909299912,4.202662103919025,4.199950509900235,0.020946478650003274,4.18303283413509,4.199950509900235,4.22606817559591,2.3325,2.5,0.3517012226308006,2.0,2.5,2.5,0.3379,0.3,0.14633383067493314,0.25,0.3,0.4,4.135111416426769
626,80.637892,-68.277718,9750,2.5,0.6,4.124650787061014,0.42259593086649777,/Users/shannonbowes/Research/ysg/candidates_and_lcs/2022_asassn_lc_data/pysynphot_data/grid/bosz/r2000/m-0.25/bosz2024_ap_t9750_g+2.5_m-0.25_a+0.00_c+0.00_v2_r2000_resam.txt.gz,14000,3.0,0.9,4.378913826722877,0.01064586184584343,/Users/shannonbowes/Research/ysg/candidates_and_lcs/2022_asassn_lc_data/pysynphot_data/grid/bosz/r2000/m-0.25/bosz2024_ap_t14000_g+3.0_m-0.25_a+0.00_c+0.00_v2_r2000_resam.txt.gz,1000,9283.25,9250.0,425.6840818024559,9000.0,9250.0,9750.0,3.9672520868362806,3.9661417327390325,0.019636050258598943,4.1190642304944936,4.1183400611864425,0.01285903299846214,4.105879924244751,4.1183400611864425,4.131761242263334,2.3655,2.5,0.2943802812689736,2.0,2.5,2.5,0.49340000000000006,0.5,0.08568220351975082,0.4,0.5,0.55,10.42016474439852,1000,10048.75,9000.0,1948.1878599098188,8250.0,9000.0,13000.0,3.994477286031476,3.9542425094393248,0.08010706258608248,4.147053404900821,4.107890066296651,0.09560393242677559,4.06907091555301,4.107890066296651,4.281696575884014,2.7015,2.5,0.2960536268989116,2.5,2.5,3.0,0.57,0.55,0.23322735688593654,0.3,0.55,0.85,6.083657402950593
627,80.648671,-68.899925,5500,2.5,0.25,4.0987517906804865,15.483139128162469,/Users/shannonbowes/Research/ysg/candidates_and_lcs/2022_asassn_lc_data/pysynphot_data/grid/bosz/r2000/m-0.25/bosz2024_ms_t5500_g+2.5_m-0.25_a+0.00_c+0.00_v2_r2000_resam.txt.gz,5500,1.5,0.35,4.069465228466764,0.4790292360645384,/Users/shannonbowes/Research/ysg/candidates_and_lcs/2022_asassn_lc_data/pysynphot_data/grid/bosz/r2000/m-0.25/bosz2024_ms_t5500_g+1.5_m-0.25_a+0.00_c+0.00_v2_r2000_resam.txt.gz,1000,5967.25,6000.0,252.22001803980586,5750.0,6000.0,6250.0,3.7753800241333773,3.7781512503836434,0.018580269968500332,4.107822925324052,4.107949089172765,0.0073429668976909114,4.100467171839517,4.107949089172765,4.115131592801186,2.2265,2.0,0.272851149896789,2.0,2.0,2.5,0.6386000000000001,0.65,0.19133750285816944,0.45,0.65,0.85,58.42151501788662,1000,5403.0,5500.0,121.82364302548172,5250.0,5500.0,5500.0,3.732523775691987,3.7403626894942437,0.009845000378901663,4.07002151626702,4.070443847364588,0.009951287811729978,4.059409798084782,4.070443847364588,4.080245508265465,2.464,2.5,0.1835864918778067,2.5,2.5,2.5,0.32605,0.35,0.06587030818206334,0.25,0.35,0.4,15.294000763351324
628,80.743821,-65.801697,7750,2.0,0.3,4.075091357076691,0.09156655329352556,/Users/shannonbowes/Research/ysg/candidates_and_lcs/2022_asassn_lc_data/pysynphot_data/grid/bosz/r2000/m-0.25/bosz2024_ms_t7750_g+2.0_m-0.25_a+0.00_c+0.00_v2_r2000_resam.txt.gz,12000,2.0,0.9,4.261378023833152,0.003394342007919768,/Users/shannonbowes/Research/ysg/candidates_and_lcs/2022_asassn_lc_data/pysynphot_data/grid/bosz/r2000/m-0.25/bosz2024_ap_t12000_g+2.0_m-0.25_a+0.00_c+0.00_v2_r2000_resam.txt.gz,1000,8633.5,8500.0,823.7431335070418,7750.0,8500.0,9500.0,3.934280729757881,3.929418925714293,0.040333356439256465,4.088239106606661,4.08809216379711,0.014815501283566245,4.073288297607536,4.08809216379711,4.102462244931614,2.2275,2.0,0.2906780865493648,2.0,2.0,2.5,0.5443,0.55,0.24878205321123953,0.25,0.55,0.85,4.395106977039059,1000,9406.75,8625.0,1880.6227525742636,7500.0,8625.0,11750.0,3.965094067902327,3.935713489368303,0.08434121911722435,4.123694674331393,4.1003636625447175,0.10031251839452836,4.031730579526887,4.1003636625447175,4.229809039670951,2.212,2.0,0.36476841968569595,2.0,2.0,2.5,0.6124,0.6,0.32194912641596035,0.25,0.6,1.0,2.6749431524810827
629,80.802722,-68.781891,8500,2.5,0.45,4.071187698744592,2.2205531046771285,/Users/shannonbowes/Research/ysg/candidates_and_lcs/2022_asassn_lc_data/pysynphot_data/grid/bosz/r2000/m-0.25/bosz2024_ap_t8500_g+2.5_m-0.25_a+0.00_c+0.00_v2_r2000_resam.txt.gz,10500,3.0,0.9,4.103037773297977,0.10463726531831492,/Users/shannonbowes/Research/ysg/candidates_and_lcs/2022_asassn_lc_data/pysynphot_data/grid/bosz/r2000/m-0.25/bosz2024_ap_t10500_g+3.0_m-0.25_a+0.00_c+0.00_v2_r2000_resam.txt.gz,1000,8900.25,9000.0,335.9500520910809,8500.0,9000.0,9250.0,3.9490938099765733,3.9542425094393248,0.016357326154869956,4.075698629778404,4.07540236761454,0.009297373078670462,4.066250073550279,4.07540236761454,4.084482734455507,2.2595,2.5,0.2547739193873658,2.0,2.5,2.5,0.5542999999999999,0.55,0.08409227075064628,0.45,0.55,0.65,17.46295310786966,1000,12357.5,12000.0,676.9001034126085,11750.0,12000.0,13000.0,4.091286371990138,4.079181246047625,0.023608065434602043,4.223713952500893,4.210135934748475,0.05113257573330877,4.181375178023813,4.210135934748475,4.273011719403932,2.535,3.0,0.49424184363527934,2.0,3.0,3.0,0.96515,1.0,0.049527542842341774,0.9,1.0,1.0,11.875537108788162
630,80.84795,-69.656616,8250,2.5,0.45,4.231548835139059,0.1541331988201688,/Users/shannonbowes/Research/ysg/candidates_and_lcs/2022_asassn_lc_data/pysynphot_data/grid/bosz/r2000/m-0.25/bosz2024_ap_t8250_g+2.5_m-0.25_a+0.00_c+0.00_v2_r2000_resam.txt.gz,8250,2.0,0.35,4.271675743790594,0.0167762704755224,/Users/shannonbowes/Research/ysg/candidates_and_lcs/2022_asassn_lc_data/pysynphot_data/grid/bosz/r2000/m-0.25/bosz2024_ap_t8250_g+2.0_m-0.25_a+0.00_c+0.00_v2_r2000_resam.txt.gz,1000,8949.25,9000.0,813.4721491852072,8000.0,9000.0,10000.0,3.9499990141144345,3.9542425094393248,0.039387639352685064,4.22977712833498,4.229580592249841,0.011287745588692794,4.21889688315271,4.229580592249841,4.240542200226158,2.411,2.5,0.3107716203259236,2.0,2.5,2.5,0.6431,0.65,0.23239490097676413,0.35,0.65,0.9,5.2780734157856735,1000,9029.75,8250.0,1756.0758632530658,7500.0,8250.0,11000.0,3.9483199150335975,3.916453948549925,0.0778047531579416,4.267504647457532,4.243831219447616,0.07843490115138303,4.206607591047579,4.243831219447616,4.332085853742929,2.4535,2.5,0.3795889223884174,2.0,2.5,3.0,0.50575,0.4,0.2919579378951701,0.2,0.4,0.9,2.3169740501132523
631,80.906945,-68.777267,4500,2.5,1.0,3.9655701760443467,12.149613846083488,/Users/shannonbowes/Research/ysg/candidates_and_lcs/2022_asassn_lc_data/pysynphot_data/grid/bosz/r2000/m-0.25/bosz2024_ms_t4500_g+2.5_m-0.25_a+0.00_c+0.00_v2_r2000_resam.txt.gz,4500,1.0,0.95,3.977697154658003,0.14676317051164336,/Users/shannonbowes/Research/ysg/candidates_and_lcs/2022_asassn_lc_data/pysynphot_data/grid/bosz/r2000/m-0.25/bosz2024_ms_t4500_g+1.0_m-0.25_a+0.00_c+0.00_v2_r2000_resam.txt.gz,1000,4500.0,4500.0,0.0,4500.0,4500.0,4500.0,3.6532125137753435,3.6532125137753435,0.0,3.9741678256148996,3.9741843970460518,0.006796255657030106,3.967435767478644,3.9741843970460518,3.9811282802337904,2.4895,2.5,0.07169204976843667,2.5,2.5,2.5,0.9980999999999999,1.0,0.00955981171362701,1.0,1.0,1.0,46.88486961726488,1000,4394.25,4500.0,124.51681613340425,4250.0,4500.0,4500.0,3.642709452883904,3.6532125137753435,0.012356286535226189,3.985402861701019,3.98522397399749,0.007886873534521596,3.977598607676387,3.98522397399749,3.9935134910499803,0.2125,0.0,0.5163271734084891,0.0,0.0,0.5,0.6923499999999999,0.8,0.20165311180341353,0.45,0.8,0.9,11.280839533599389
632,80.984144,-65.937645,4250,0.5,0.75,4.097764869887625,3.2360721219369473,/Users/shannonbowes/Research/ysg/candidates_and_lcs/2022_asassn_lc_data/pysynphot_data/grid/bosz/r2000/m-0.25/bosz2024_ms_t4250_g+0.5_m-0.25_a+0.00_c+0.00_v2_r2000_resam.txt.gz,4000,0.5,0.25,4.089268943678089,2.253343300416242,/Users/shannonbowes/Research/ysg/candidates_and_lcs/2022_asassn_lc_data/pysynphot_data/grid/bosz/r2000/m-0.25/bosz2024_ms_t4000_g+0.5_m-0.25_a+0.00_c+0.00_v2_r2000_resam.txt.gz,1000,4226.0,4250.0,108.04628637764465,4250.0,4250.0,4250.0,3.625786084183101,3.6283889300503116,0.011191282720002443,4.09307259690811,4.092994449496654,0.008121144186452968,4.085155033224463,4.092994449496654,4.1016638709816,0.3455,0.5,0.24265149906810796,0.0,0.5,0.5,0.6646,0.75,0.18950419520422235,0.55,0.75,0.8,23.129198788090484,1000,4258.25,4250.0,117.76857602943156,4250.0,4250.0,4250.0,3.6290650995884937,3.6283889300503116,0.012011367559732785,4.094608538635109,4.09493680234276,0.007525120151066564,4.087011400620983,4.09493680234276,4.101837197236274,0.666,0.0,0.9021884503805179,0.0,0.0,2.0,0.71775,0.7,0.17767227555249018,0.65,0.7,0.85,20.002186925487404
633,80.987903,-69.777115,4000,0.0,1.0,3.741402251309651,331.4329914017205,/Users/shannonbowes/Research/ysg/candidates_and_lcs/2022_asassn_lc_data/pysynphot_data/grid/bosz/r2000/m-0.25/bosz2024_ms_t4000_g+0.0_m-0.25_a+0.00_c+0.00_v2_r2000_resam.txt.gz,4000,0.0,1.0,3.7951257683281545,131.93833249987628,/Users/shannonbowes/Research/ysg/candidates_and_lcs/2022_asassn_lc_data/pysynphot_data/grid/bosz/r2000/m-0.25/bosz2024_ms_t4000_g+0.0_m-0.25_a+0.00_c+0.00_v2_r2000_resam.txt.gz,1000,4000.0,4000.0,0.0,4000.0,4000.0,4000.0,3.6020599913279625,3.6020599913279625,0.0,3.7885214145674255,3.7876170041767354,0.025450617740426104,3.763913825832985,3.7876170041767354,3.812313750200815,0.0,0.0,0.0,0.0,0.0,0.0,1.0,1.0,0.0,1.0,1.0,1.0,496.4372976199211,1000,4000.0,4000.0,0.0,4000.0,4000.0,4000.0,3.6020599913279625,3.6020599913279625,0.0,3.8070074145674258,3.8061747230498733,0.022522543423026765,3.7844799980058097,3.8061747230498733,3.828255433935636,0.0,0.0,0.0,0.0,0.0,0.0,1.0,1.0,0.0,1.0,1.0,1.0,205.936904822848
634,80.988021,-69.776245,4000,0.0,1.0,3.6095720989363613,130.65658246362617,/Users/shannonbowes/Research/ysg/candidates_and_lcs/2022_asassn_lc_data/pysynphot_data/grid/bosz/r2000/m-0.25/bosz2024_ms_t4000_g+0.0_m-0.25_a+0.00_c+0.00_v2_r2000_resam.txt.gz,4000,0.0,1.0,3.6095720989363613,110.40897433048123,/Users/shannonbowes/Research/ysg/candidates_and_lcs/2022_asassn_lc_data/pysynphot_data/grid/bosz/r2000/m-0.25/bosz2024_ms_t4000_g+0.0_m-0.25_a+0.00_c+0.00_v2_r2000_resam.txt.gz,1000,4000.0,4000.0,0.0,4000.0,4000.0,4000.0,3.6020599913279625,3.6020599913279625,0.0,3.6335346899647103,3.6334429327181703,0.014606842514931936,3.6193412661203013,3.6334429327181703,3.6471741739919206,0.0005,0.0,0.01580348062927911,0.0,0.0,0.0,1.0,1.0,0.0,1.0,1.0,1.0,214.71266317442232,1000,4000.0,4000.0,0.0,4000.0,4000.0,4000.0,3.6020599913279625,3.6020599913279625,0.0,3.6335763219620594,3.6334429327181703,0.014518270465599515,3.6193412661203013,3.6334429327181703,3.6471741739919206,0.0,0.0,0.0,0.0,0.0,0.0,1.0,1.0,0.0,1.0,1.0,1.0,193.5228766768898
635,81.00443,-71.160744,4000,0.0,1.0,3.9734438242216505,2525.571665883089,/Users/shannonbowes/Research/ysg/candidates_and_lcs/2022_asassn_lc_data/pysynphot_data/grid/bosz/r2000/m-0.25/bosz2024_ms_t4000_g+0.0_m-0.25_a+0.00_c+0.00_v2_r2000_resam.txt.gz,4000,0.0,1.0,3.9734438242216505,2076.5288426024663,/Users/shannonbowes/Research/ysg/candidates_and_lcs/2022_asassn_lc_data/pysynphot_data/grid/bosz/r2000/m-0.25/bosz2024_ms_t4000_g+0.0_m-0.25_a+0.00_c+0.00_v2_r2000_resam.txt.gz,1000,4000.0,4000.0,0.0,4000.0,4000.0,4000.0,3.6020599913279625,3.6020599913279625,0.0,4.115311949478058,4.114938741311425,0.040707409341413994,4.075149803140382,4.114938741311425,4.15600666280028,0.0,0.0,0.0,0.0,0.0,0.0,1.0,1.0,0.0,1.0,1.0,1.0,3692.018179517986,1000,4000.0,4000.0,0.0,4000.0,4000.0,4000.0,3.6020599913279625,3.6020599913279625,0.0,4.115311949478058,4.114938741311425,0.040707409341413994,4.075149803140382,4.114938741311425,4.15600666280028,0.0,0.0,0.0,0.0,0.0,0.0,1.0,1.0,0.0,1.0,1.0,1.0,2856.1684546167917
636,81.007614,-69.85527,4500,0.5,0.85,3.9962487752590503,0.11746873392637695,/Users/shannonbowes/Research/ysg/candidates_and_lcs/2022_asassn_lc_data/pysynphot_data/grid/bosz/r2000/m-0.25/bosz2024_ms_t4500_g+0.5_m-0.25_a+0.00_c+0.00_v2_r2000_resam.txt.gz,4250,1.5,0.45,3.9904302605823565,0.028005671947024975,/Users/shannonbowes/Research/ysg/candidates_and_lcs/2022_asassn_lc_data/pysynphot_data/grid/bosz/r2000/m-0.25/bosz2024_ms_t4250_g+1.5_m-0.25_a+0.00_c+0.00_v2_r2000_resam.txt.gz,1000,4316.25,4250.0,110.3333018630368,4250.0,4250.0,4500.0,3.634967179737446,3.6283889300503116,0.010955471825825252,3.991129384246576,3.9912559429879226,0.007733878666055761,3.983399768361498,3.9912559429879226,3.999012374631442,0.307,0.5,0.27431915718739003,0.0,0.5,0.5,0.47195000000000004,0.4,0.1643493154838194,0.35,0.4,0.7,5.151667508238336,1000,4426.75,4500.0,123.78181409237789,4250.0,4500.0,4500.0,3.645913696474275,3.6532125137753435,0.0122254144217182,3.9912480235982186,3.9917698054648394,0.007237265865481663,3.9837304514815486,3.9917698054648394,3.9986078858013268,0.8905,0.5,0.8563058740893934,0.0,0.5,2.0,0.6835,0.75,0.19091293827292063,0.4,0.75,0.85,1.580448302195881
637,81.067416,-69.658638,4250,0.5,0.25,4.170421247337892,0.36329629476017233,/Users/shannonbowes/Research/ysg/candidates_and_lcs/2022_asassn_lc_data/pysynphot_data/grid/bosz/r2000/m-0.25/bosz2024_ms_t4250_g+0.5_m-0.25_a+0.00_c+0.00_v2_r2000_resam.txt.gz,4750,1.0,1.0,4.15918964742013,0.017815122739469787,/Users/shannonbowes/Research/ysg/candidates_and_lcs/2022_asassn_lc_data/pysynphot_data/grid/bosz/r2000/m-0.25/bosz2024_ms_t4750_g+1.0_m-0.25_a+0.00_c+0.00_v2_r2000_resam.txt.gz,1000,4456.75,4500.0,109.84961310810338,4250.0,4500.0,4500.0,3.648884471594026,3.6532125137753435,0.01081950731812306,4.1659546062745045,4.165901097062043,0.008003377776812395,4.157695715160667,4.165901097062043,4.173891758212738,0.1,0.0,0.2024845673131659,0.0,0.0,0.5,0.5129499999999999,0.55,0.15779669673348679,0.3,0.55,0.6,8.477178197334428,1000,4612.5,4750.0,151.1414900019184,4500.0,4750.0,4750.0,3.6637000756964477,3.6766936096248664,0.014375588515963478,4.172639401409885,4.172776524382606,0.009129574839396554,4.163304209521625,4.172776524382606,4.181857484496251,1.111,1.0,0.9111415916310702,0.0,1.0,2.5,0.702,0.75,0.2156640906595254,0.5,0.75,0.9,4.979408444707598
638,81.086366,-67.662697,4500,0.0,0.7,3.9424204645453442,0.17950347801619632,/Users/shannonbowes/Research/ysg/candidates_and_lcs/2022_asassn_lc_data/pysynphot_data/grid/bosz/r2000/m-0.25/bosz2024_ms_t4500_g+0.0_m-0.25_a+0.00_c+0.00_v2_r2000_resam.txt.gz,4500,0.0,0.7,3.9463380354538136,0.008364959254427491,/Users/shannonbowes/Research/ysg/candidates_and_lcs/2022_asassn_lc_data/pysynphot_data/grid/bosz/r2000/m-0.25/bosz2024_ms_t4500_g+0.0_m-0.25_a+0.00_c+0.00_v2_r2000_resam.txt.gz,1000,4410.25,4500.0,119.92680059102719,4250.0,4500.0,4500.0,3.6443008472180574,3.6532125137753435,0.011908051901386277,3.947248362015572,3.947406679056619,0.009671604914105767,3.937716494678999,3.947406679056619,3.9570085560429904,0.1,0.0,0.204939015319192,0.0,0.0,0.5,0.5598,0.65,0.2390166521395528,0.2,0.65,0.75,5.667241633978118,1000,4463.25,4500.0,164.58109703122045,4250.0,4500.0,4500.0,3.6493567038349357,3.6532125137753435,0.01598504799779639,3.9535514168846255,3.9529795543365833,0.01343465773763559,3.940596403033592,3.9529795543365833,3.9662787787290523,0.3685,0.0,0.664046496865995,0.0,0.0,1.0,0.5801000000000001,0.6,0.25293080081318686,0.25,0.6,0.85,3.29480346256464
639,81.107683,-69.514938,4250,0.0,0.3,4.040096407110807,0.8103679184922197,/Users/shannonbowes/Research/ysg/candidates_and_lcs/2022_asassn_lc_data/pysynphot_data/grid/bosz/r2000/m-0.25/bosz2024_ms_t4250_g+0.0_m-0.25_a+0.00_c+0.00_v2_r2000_resam.txt.gz,4250,0.5,0.3,4.028815232459942,0.058840316798681465,/Users/shannonbowes/Research/ysg/candidates_and_lcs/2022_asassn_lc_data/pysynphot_data/grid/bosz/r2000/m-0.25/bosz2024_ms_t4250_g+0.5_m-0.25_a+0.00_c+0.00_v2_r2000_resam.txt.gz,1000,4252.0,4250.0,22.271057451320086,4250.0,4250.0,4250.0,3.6285875187201126,3.6283889300503116,0.0022113898371513593,4.03294919620477,4.033029115449426,0.0075556266784419296,4.025741409607196,4.033029115449426,4.040465806734476,0.0065,0.0,0.056637002039302886,0.0,0.0,0.0,0.33204999999999996,0.35,0.061646553026101954,0.3,0.35,0.4,11.781095491817476,1000,4438.25,4500.0,147.90009296819255,4250.0,4500.0,4500.0,3.6469710045894694,3.6532125137753435,0.014456432043784077,4.038139508962343,4.038236879610556,0.008027537656766216,4.030277464173566,4.038236879610556,4.045770700917591,1.615,1.5,0.7853502403386657,1.0,1.5,2.5,0.61915,0.7,0.22025162314952415,0.35,0.7,0.8,5.540582797972035
640,81.121322,-72.285049,5250,1.0,0.55,3.821487161981107,82.52076552161743,/Users/shannonbowes/Research/ysg/candidates_and_lcs/2022_asassn_lc_data/pysynphot_data/grid/bosz/r2000/m-0.25/bosz2024_ms_t5250_g+1.0_m-0.25_a+0.00_c+0.00_v2_r2000_resam.txt.gz,6000,2.0,0.9,3.8836419661938604,0.015017114767122926,/Users/shannonbowes/Research/ysg/candidates_and_lcs/2022_asassn_lc_data/pysynphot_data/grid/bosz/r2000/m-0.25/bosz2024_ms_t6000_g+2.0_m-0.25_a+0.00_c+0.00_v2_r2000_resam.txt.gz,1000,5264.75,5250.0,63.99169868037572,5250.0,5250.0,5250.0,3.7213463736202574,3.720159303405957,0.005192216490610594,3.822237275623879,3.822362088116602,0.007354759303527276,3.815167057855389,3.822362088116602,3.829928854804054,1.204,1.0,0.5388728978154311,0.5,1.0,1.5,0.5578,0.55,0.09030038759606737,0.5,0.55,0.6,145.44438714946753,1000,6063.75,6000.0,158.1089418723685,6000.0,6000.0,6250.0,3.782591565887244,3.7781512503836434,0.01144577207937281,3.877410721822641,3.8775566877479957,0.008706085650490698,3.868498170935085,3.8775566877479957,3.8859993500129817,1.4365,1.0,0.5824240293806567,1.0,1.0,2.0,0.93545,0.95,0.09471429406377899,0.9,0.95,1.0,3.266167040613135
641,81.135044,-68.498512,4500,1.0,0.8,4.3560298802958854,20.74309318487702,/Users/shannonbowes/Research/ysg/candidates_and_lcs/2022_asassn_lc_data/pysynphot_data/grid/bosz/r2000/m-0.25/bosz2024_ms_t4500_g+1.0_m-0.25_a+0.00_c+0.00_v2_r2000_resam.txt.gz,4250,0.0,0.25,4.358902668488867,7.980674929308915,/Users/shannonbowes/Research/ysg/candidates_and_lcs/2022_asassn_lc_data/pysynphot_data/grid/bosz/r2000/m-0.25/bosz2024_ms_t4250_g+0.0_m-0.25_a+0.00_c+0.00_v2_r2000_resam.txt.gz,1000,4678.5,4750.0,112.97234174788093,4500.0,4750.0,4750.0,3.669978016211902,3.6766936096248664,0.010610857539708174,4.373832639043625,4.3739701210919595,0.008231281801566964,4.365516681101548,4.3739701210919595,4.381911789216222,0.374,0.5,0.41367136715030206,0.0,0.5,1.0,0.8989499999999999,0.95,0.10376125240184796,0.75,0.95,1.0,66.26659008775384,1000,4616.75,4750.0,160.25585012722624,4500.0,4750.0,4750.0,3.664069719592628,3.6766936096248664,0.01529141332568302,4.381365303396267,4.381311593476747,0.0076315957245444875,4.374080549181715,4.381311593476747,4.388652784979845,1.543,1.5,0.8415170824172259,0.5,1.5,2.5,0.7325,0.85,0.21825157502295373,0.55,0.85,0.95,35.124234476075564
642,81.156232,-69.532639,11000,3.0,0.8,4.071244743103586,1.550167388450892,/Users/shannonbowes/Research/ysg/candidates_and_lcs/2022_asassn_lc_data/pysynphot_data/grid/bosz/r2000/m-0.25/bosz2024_ap_t11000_g+3.0_m-0.25_a+0.00_c+0.00_v2_r2000_resam.txt.gz,7250,2.0,0.2,3.9165319782404318,0.03175235177573692,/Users/shannonbowes/Research/ysg/candidates_and_lcs/2022_asassn_lc_data/pysynphot_data/grid/bosz/r2000/m-0.25/bosz2024_ms_t7250_g+2.0_m-0.25_a+0.00_c+0.00_v2_r2000_resam.txt.gz,1000,10673.75,10750.0,682.2744590705415,10000.0,10750.0,11500.0,4.027427111418819,4.031408464251625,0.027830876442831023,4.055673209864705,4.052799022439157,0.022300800840319834,4.032547651962622,4.052799022439157,4.078595547805294,2.5055,2.5,0.38564199719428904,2.0,2.5,3.0,0.7765,0.8,0.10455979150706067,0.65,0.8,0.9,15.988782058141808,1000,7673.0,7750.0,389.4817068874994,7250.0,7750.0,8000.0,3.8844396597404507,3.88930170250631,0.021063087408505567,3.917552469233349,3.918145791389696,0.03247267587067385,3.886593521323739,3.918145791389696,3.949846002287951,2.4195,2.5,0.20067324186348312,2.4200000000000017,2.5,2.5,0.32725,0.25,0.1601715876802125,0.2,0.25,0.5,6.916826317346568
643,81.184848,-69.630096,10250,2.0,1.0,4.439264773418685,0.3349987252220883,/Users/shannonbowes/Research/ysg/candidates_and_lcs/2022_asassn_lc_data/pysynphot_data/grid/bosz/r2000/m-0.25/bosz2024_ap_t10250_g+2.0_m-0.25_a+0.00_c+0.00_v2_r2000_resam.txt.gz,8000,2.5,0.75,4.347016278673418,0.01514962041653636,/Users/shannonbowes/Research/ysg/candidates_and_lcs/2022_asassn_lc_data/pysynphot_data/grid/bosz/r2000/m-0.25/bosz2024_ap_t8000_g+2.5_m-0.25_a+0.00_c+0.00_v2_r2000_resam.txt.gz,1000,9086.75,9250.0,791.3829272229722,8000.0,9250.0,9750.0,3.956714003413752,3.9661417327390325,0.03865754741374818,4.447438880948126,4.4475907227140326,0.011099028718365366,4.43598821747399,4.4475907227140326,4.458108817580495,2.2545,2.0,0.3089979773396583,2.0,2.0,2.5,0.7018000000000001,0.75,0.23918979911359095,0.34200000000000014,0.75,0.95,8.783417438972064,1000,7924.25,7750.0,675.6104184365424,7500.0,7750.0,8500.0,3.8975236606132913,3.88930170250631,0.03453273625967515,4.471632284216277,4.46524033720487,0.06847490197942202,4.40831662088227,4.46524033720487,4.538203291374377,2.173,2.0,0.2882204017761408,2.0,2.0,2.5,0.24955000000000005,0.2,0.1407384009430262,0.2,0.2,0.25,6.132865517800117
644,81.271244,-72.03624,8000,2.5,0.55,3.6674536190272753,0.40732698212964524,/Users/shannonbowes/Research/ysg/candidates_and_lcs/2022_asassn_lc_data/pysynphot_data/grid/bosz/r2000/m-0.25/bosz2024_ap_t8000_g+2.5_m-0.25_a+0.00_c+0.00_v2_r2000_resam.txt.gz,7500,2.5,0.5,3.628642798059538,0.04445262406620532,/Users/shannonbowes/Research/ysg/candidates_and_lcs/2022_asassn_lc_data/pysynphot_data/grid/bosz/r2000/m-0.25/bosz2024_ap_t7500_g+2.5_m-0.25_a+0.00_c+0.00_v2_r2000_resam.txt.gz,1000,7653.0,7500.0,461.21144825340144,7250.0,7500.0,8250.0,3.8830726358380288,3.8750612633917,0.025435935999149475,3.659819851554769,3.659770100121663,0.006461234349269057,3.6534287771200957,3.659770100121663,3.6661254774166827,2.133,2.0,0.229806440292695,2.0,2.0,2.5,0.42365,0.4,0.19396694950429058,0.25,0.4,0.7,10.953537494902449,1000,7525.75,7250.0,669.6263417011013,7000.0,7250.0,7750.0,3.8750473636942453,3.8603380065709936,0.03496558435806928,3.650726105220954,3.6486730058679457,0.01655989392738149,3.637258911204225,3.6486730058679457,3.6606501667621183,2.3115,2.5,0.2893401976912299,2.0,2.5,2.5,0.3788,0.3,0.2101560372675503,0.2,0.3,0.6,6.9569280652094
645,81.279504,-66.04464,9000,2.5,0.5,3.9705766468852026,1.0477267019749366,/Users/shannonbowes/Research/ysg/candidates_and_lcs/2022_asassn_lc_data/pysynphot_data/grid/bosz/r2000/m-0.25/bosz2024_ap_t9000_g+2.5_m-0.25_a+0.00_c+0.00_v2_r2000_resam.txt.gz,8500,2.5,0.65,3.8779650928593976,0.008485167893735608,/Users/shannonbowes/Research/ysg/candidates_and_lcs/2022_asassn_lc_data/pysynphot_data/grid/bosz/r2000/m-0.25/bosz2024_ap_t8500_g+2.5_m-0.25_a+0.00_c+0.00_v2_r2000_resam.txt.gz,1000,8751.5,8750.0,541.1771890979885,8250.0,8750.0,9250.0,3.941276680830406,3.942008053022313,0.026272231407591228,3.953176888258277,3.95245883662335,0.00968788593259749,3.9438976315943854,3.95245883662335,3.9629081340140533,2.201,2.0,0.26381622391354176,2.0,2.0,2.5,0.43660000000000004,0.45,0.15433871840857044,0.25,0.45,0.6,13.101251387254935,1000,10400.25,10500.0,1356.9681048204486,9250.0,10500.0,11750.0,4.013162680522542,4.021189299069938,0.05891185057686847,3.9270720842042546,3.9103625419646972,0.08231958793701792,3.846102753857338,3.9103625419646972,4.012753431469906,2.592,2.5,0.4231264586385493,2.0,2.5,3.0,0.92095,1.0,0.19636343218634167,0.9,1.0,1.0,2.972797765443252
646,81.284448,-67.644135,5000,0.0,0.35,4.406291607321406,53.49180196066914,/Users/shannonbowes/Research/ysg/candidates_and_lcs/2022_asassn_lc_data/pysynphot_data/grid/bosz/r2000/m-0.25/bosz2024_ms_t5000_g+0.0_m-0.25_a+0.00_c+0.00_v2_r2000_resam.txt.gz,6500,1.0,0.25,4.689358510564122,10.211727481212655,/Users/shannonbowes/Research/ysg/candidates_and_lcs/2022_asassn_lc_data/pysynphot_data/grid/bosz/r2000/m-0.25/bosz2024_ms_t6500_g+1.0_m-0.25_a+0.00_c+0.00_v2_r2000_resam.txt.gz,1000,5019.5,5000.0,67.04289671546121,5000.0,5000.0,5000.0,3.7006227696634744,3.6989700043360187,0.0056823679560755605,4.407777874258852,4.40807760537137,0.009086747759975347,4.398470551548105,4.40807760537137,4.416577845606722,0.039,0.0,0.13408579343092242,0.0,0.0,0.0,0.41014999999999996,0.4,0.13343341972684353,0.35,0.4,0.4,125.56060913010239,1000,6184.0,6250.0,262.9524671875128,6000.0,6250.0,6500.0,3.790887853186009,3.7958800173440754,0.018088048368963956,4.631842099922931,4.62858303895179,0.03245511607462161,4.601618123985374,4.62858303895179,4.662563179249667,1.603,1.0,0.7680436185530091,1.0,1.0,2.5,0.28120000000000006,0.2,0.16693280085112092,0.2,0.2,0.35,32.84992483644672
647,81.294778,-66.265808,8750,2.0,0.7,4.075728146818939,4.282577907183496,/Users/shannonbowes/Research/ysg/candidates_and_lcs/2022_asassn_lc_data/pysynphot_data/grid/bosz/r2000/m-0.25/bosz2024_ap_t8750_g+2.0_m-0.25_a+0.00_c+0.00_v2_r2000_resam.txt.gz,11500,2.0,0.8,4.248841357476264,1.841011695808572,/Users/shannonbowes/Research/ysg/candidates_and_lcs/2022_asassn_lc_data/pysynphot_data/grid/bosz/r2000/m-0.25/bosz2024_ap_t11500_g+2.0_m-0.25_a+0.00_c+0.00_v2_r2000_resam.txt.gz,1000,7851.5,7750.0,383.50065188992835,7500.0,7750.0,8000.0,3.8944660182404656,3.88930170250631,0.02025018169261078,4.08717794822,4.085571378270636,0.018753266839746624,4.06996984130039,4.085571378270636,4.106148893009919,2.112,2.0,0.21084591530309518,2.0,2.0,2.5,0.3266,0.3,0.13719489786431563,0.2,0.3,0.45,25.274271122753504,1000,11482.0,12000.0,1265.030039169031,11250.0,12000.0,12000.0,4.056688903407037,4.079181246047625,0.05703111958263141,4.283967096820319,4.296744678155671,0.09597904635449564,4.198655097118199,4.296744678155671,4.369697664838102,1.999,2.0,0.1024646280430471,2.0,2.0,2.0,0.7352000000000001,0.75,0.22060362644344722,0.55,0.75,0.95,19.444576642263478
648,81.320819,-69.582993,8250,2.5,0.4,3.995364292163693,0.8895910323918182,/Users/shannonbowes/Research/ysg/candidates_and_lcs/2022_asassn_lc_data/pysynphot_data/grid/bosz/r2000/m-0.25/bosz2024_ap_t8250_g+2.5_m-0.25_a+0.00_c+0.00_v2_r2000_resam.txt.gz,9250,2.5,0.55,4.043698489343924,0.005916152466406774,/Users/shannonbowes/Research/ysg/candidates_and_lcs/2022_asassn_lc_data/pysynphot_data/grid/bosz/r2000/m-0.25/bosz2024_ap_t9250_g+2.5_m-0.25_a+0.00_c+0.00_v2_r2000_resam.txt.gz,1000,8617.75,8500.0,845.9151479315168,7750.0,8500.0,9250.0,3.933404601956661,3.929418925714293,0.04107024034958912,4.002210126611554,3.9996396927769324,0.019666006566000704,3.984351143969194,3.9996396927769324,4.019914992983823,2.497,2.5,0.24184912652312807,2.5,2.5,2.5,0.46365,0.45,0.21886337633327327,0.2,0.45,0.7,9.631319268007799,1000,9145.0,8250.0,1819.8145509913916,7750.0,8250.0,10750.0,3.953660054835235,3.916453948549925,0.0782183081014801,4.052230175262599,4.018225529122538,0.08353550487030667,3.9921739761407276,4.018225529122538,4.117432775137082,2.446,2.5,0.3782644577540957,2.0,2.5,3.0,0.43660000000000004,0.3,0.2615347778021118,0.2,0.3,0.8,2.4341283657044235
649,81.351781,-66.568855,6500,2.5,0.9,3.892465936226156,0.25701695983969447,/Users/shannonbowes/Research/ysg/candidates_and_lcs/2022_asassn_lc_data/pysynphot_data/grid/bosz/r2000/m-0.25/bosz2024_ms_t6500_g+2.5_m-0.25_a+0.00_c+0.00_v2_r2000_resam.txt.gz,5750,0.5,0.45,3.883196366819157,0.008034736996004129,/Users/shannonbowes/Research/ysg/candidates_and_lcs/2022_asassn_lc_data/pysynphot_data/grid/bosz/r2000/m-0.25/bosz2024_ms_t5750_g+0.5_m-0.25_a+0.00_c+0.00_v2_r2000_resam.txt.gz,1000,6288.0,6250.0,249.11041728518703,6000.0,6250.0,6500.0,3.798162614718003,3.7958800173440754,0.017550473287847226,3.8958260715965114,3.895751066126948,0.00709627592534228,3.8888621458133326,3.895751066126948,3.9029658775160296,2.1165,2.0,0.44008834340391245,1.5,2.0,2.5,0.78615,0.8,0.18456889635038726,0.6,0.8,0.95,4.512172330893941,1000,6336.75,6500.0,320.21389335879854,6000.0,6500.0,6500.0,3.801300763635753,3.8129133566428557,0.02228662422652901,3.897774005936509,3.896188231300502,0.02279061073931899,3.875161555687433,3.896188231300502,3.920533200493497,1.606,1.5,0.5867401469134356,1.0,1.5,2.5,0.82555,0.95,0.23701201973739647,0.5,0.95,1.0,2.461664811198803
650,81.353718,-69.862534,4500,0.0,0.4,3.931151243364358,0.7673469683882418,/Users/shannonbowes/Research/ysg/candidates_and_lcs/2022_asassn_lc_data/pysynphot_data/grid/bosz/r2000/m-0.25/bosz2024_ms_t4500_g+0.0_m-0.25_a+0.00_c+0.00_v2_r2000_resam.txt.gz,4750,0.5,1.0,3.9207351638170045,0.013275881658652428,/Users/shannonbowes/Research/ysg/candidates_and_lcs/2022_asassn_lc_data/pysynphot_data/grid/bosz/r2000/m-0.25/bosz2024_ms_t4750_g+0.5_m-0.25_a+0.00_c+0.00_v2_r2000_resam.txt.gz,1000,4670.75,4750.0,117.39649696647682,4500.0,4750.0,4750.0,3.669247417264816,3.6766936096248664,0.011036175350768462,3.928913053121816,3.9287308414260655,0.008209148666454877,3.9208047888774717,3.9287308414260655,3.936643482402726,0.0285,0.0,0.12222008836521105,0.0,0.0,0.0,0.7340999999999999,0.85,0.21199573108909528,0.4,0.85,0.9,9.202233423699692,1000,4759.25,4750.0,94.08473574390268,4750.0,4750.0,4750.0,3.67745371149537,3.6766936096248664,0.008583231315109578,3.9283438940167925,3.9274031275763797,0.00972435475381696,3.9189625126232612,3.9274031275763797,3.9378109722279344,0.082,0.0,0.3126915412990892,0.0,0.0,0.0,0.8686499999999999,0.9,0.10864933271769321,0.8,0.9,0.9579999999999984,5.31899613524346
651,81.401093,-69.037949,4500,0.0,0.9,3.9521837613241577,13.901547267721988,/Users/shannonbowes/Research/ysg/candidates_and_lcs/2022_asassn_lc_data/pysynphot_data/grid/bosz/r2000/m-0.25/bosz2024_ms_t4500_g+0.0_m-0.25_a+0.00_c+0.00_v2_r2000_resam.txt.gz,4500,0.0,0.95,3.966591340244444,5.264049115384166,/Users/shannonbowes/Research/ysg/candidates_and_lcs/2022_asassn_lc_data/pysynphot_data/grid/bosz/r2000/m-0.25/bosz2024_ms_t4500_g+0.0_m-0.25_a+0.00_c+0.00_v2_r2000_resam.txt.gz,1000,4493.25,4500.0,40.520827977720295,4500.0,4500.0,4500.0,3.652542277014768,3.6532125137753435,0.004023488663650221,3.9526521990287202,3.952530492055785,0.007705272306180626,3.9447813580935347,3.952530492055785,3.960293663611585,0.3505,0.5,0.25670946612853995,0.0,0.5,0.5,0.964,1.0,0.06090155991434046,0.9,1.0,1.0,39.99405638851445,1000,4435.25,4500.0,110.09058769940326,4250.0,4500.0,4500.0,3.646781700235563,3.6532125137753435,0.010937425070390083,3.958158580581538,3.9584893193235198,0.0072938956806097525,3.950441159376841,3.9584893193235198,3.965526896542644,0.103,0.0,0.3890899638901008,0.0,0.0,0.0,0.8026,0.9,0.17314225365288508,0.55,0.9,0.95,27.994192835862748
652,81.40648,-65.975014,9750,2.5,0.55,4.018181977535787,0.2100507219667038,/Users/shannonbowes/Research/ysg/candidates_and_lcs/2022_asassn_lc_data/pysynphot_data/grid/bosz/r2000/m-0.25/bosz2024_ap_t9750_g+2.5_m-0.25_a+0.00_c+0.00_v2_r2000_resam.txt.gz,10250,3.0,0.55,4.059656138458129,0.01124082622652638,/Users/shannonbowes/Research/ysg/candidates_and_lcs/2022_asassn_lc_data/pysynphot_data/grid/bosz/r2000/m-0.25/bosz2024_ap_t10250_g+3.0_m-0.25_a+0.00_c+0.00_v2_r2000_resam.txt.gz,1000,8630.75,8500.0,719.1779595482609,8250.0,8500.0,9000.0,3.9346823082555793,3.929418925714293,0.03363977536796363,3.9778786084081785,3.9753134491629405,0.03003704323551462,3.949920609129097,3.9753134491629405,4.003700668616926,2.408,2.5,0.2820212757931571,2.0,2.5,2.5,0.3342,0.3,0.14719157584590226,0.2,0.3,0.5,8.318297298185184,1000,12165.25,13000.0,1966.8197521633751,10250.0,13000.0,14000.0,4.078737250664884,4.113943352306837,0.07673617008056524,4.129679648628622,4.157747540645346,0.11489349612260145,3.9890879082193282,4.157747540645346,4.250369792574584,2.8255,3.0,0.34175978405892055,2.5,3.0,3.0,0.7984,0.85,0.21675433098325855,0.6,0.85,1.0,3.2888747943270724
653,81.421781,-69.241486,5750,0.5,0.2,4.30728678859319,0.9794389446146717,/Users/shannonbowes/Research/ysg/candidates_and_lcs/2022_asassn_lc_data/pysynphot_data/grid/bosz/r2000/m-0.25/bosz2024_ms_t5750_g+0.5_m-0.25_a+0.00_c+0.00_v2_r2000_resam.txt.gz,6500,1.5,0.7,4.32768342045411,0.02998361379537725,/Users/shannonbowes/Research/ysg/candidates_and_lcs/2022_asassn_lc_data/pysynphot_data/grid/bosz/r2000/m-0.25/bosz2024_ms_t6500_g+1.5_m-0.25_a+0.00_c+0.00_v2_r2000_resam.txt.gz,1000,6019.0,5750.0,356.0393236708552,5750.0,5750.0,6500.0,3.778780713328247,3.7596678446896306,0.025275081736834536,4.310197580148945,4.310237299415174,0.006293654463245848,4.303747986426575,4.310237299415174,4.316336406093084,0.6875,0.5,0.24717149916606487,0.5,0.5,1.0,0.44239999999999996,0.25,0.2973839941893309,0.2,0.25,0.85,13.543896075745003,1000,6084.0,6000.0,331.5780451115544,5750.0,6000.0,6500.0,3.7835706293739473,3.7781512503836434,0.022943026613108063,4.322578590220762,4.322616358539509,0.008938368169131601,4.3133282664120065,4.322616358539509,4.3316295966120215,2.1385,2.0,0.371574689665483,2.0,2.0,2.5,0.40479999999999994,0.35,0.22284963540468267,0.2,0.35,0.65,5.927916845210929
654,81.460458,-66.405823,4500,0.0,0.9,4.076105259623012,0.43079050892304716,/Users/shannonbowes/Research/ysg/candidates_and_lcs/2022_asassn_lc_data/pysynphot_data/grid/bosz/r2000/m-0.25/bosz2024_ms_t4500_g+0.0_m-0.25_a+0.00_c+0.00_v2_r2000_resam.txt.gz,4500,1.0,0.9,4.0634637063178225,0.09312156925596562,/Users/shannonbowes/Research/ysg/candidates_and_lcs/2022_asassn_lc_data/pysynphot_data/grid/bosz/r2000/m-0.25/bosz2024_ms_t4500_g+1.0_m-0.25_a+0.00_c+0.00_v2_r2000_resam.txt.gz,1000,4444.5,4500.0,103.8977863094301,4250.0,4500.0,4500.0,3.647701678188387,3.6532125137753435,0.010316461589190445,4.065336382520901,4.064944212167221,0.007123984534446673,4.058047731001208,4.064944212167221,4.072564311661966,0.072,0.0,0.1783704011320264,0.0,0.0,0.0,0.78775,0.85,0.17483545836013928,0.5,0.85,0.9,7.6662744437707495,1000,4450.0,4500.0,100.62305898749054,4250.0,4500.0,4500.0,3.6482464545424618,3.6532125137753435,0.009987386527890593,4.0660605577671936,4.065874877016764,0.007174799258655118,4.058882731165006,4.065874877016764,4.073104292222216,0.1145,0.0,0.3437146345444139,0.0,0.0,0.0,0.78465,0.85,0.16676893445723034,0.5,0.85,0.9,5.671923461579989
655,81.495743,-66.038406,8750,2.0,0.55,3.9836267690673037,0.09717299653474443,/Users/shannonbowes/Research/ysg/candidates_and_lcs/2022_asassn_lc_data/pysynphot_data/grid/bosz/r2000/m-0.25/bosz2024_ap_t8750_g+2.0_m-0.25_a+0.00_c+0.00_v2_r2000_resam.txt.gz,10000,2.5,0.85,3.9886710511763726,0.0004430919545888168,/Users/shannonbowes/Research/ysg/candidates_and_lcs/2022_asassn_lc_data/pysynphot_data/grid/bosz/r2000/m-0.25/bosz2024_ap_t10000_g+2.5_m-0.25_a+0.00_c+0.00_v2_r2000_resam.txt.gz,1000,9539.5,9500.0,829.2706132499812,8750.0,9500.0,10500.0,3.9779041062435683,3.9777236052888476,0.037434293989563446,4.001746929022228,4.000336931665478,0.013816785865060337,3.9886240491774796,4.000336931665478,4.015067698174696,2.4915,2.5,0.3502538365243128,2.0,2.5,3.0,0.6640999999999999,0.65,0.19098740796188635,0.45,0.65,0.85,5.427667811254359,1000,10909.0,10750.0,1703.7734591194921,9250.0,10750.0,13000.0,4.03223117101817,4.031408464251625,0.07046719731588372,4.030805705310149,3.9981441901758337,0.11309466993529624,3.9313319866853518,3.9981441901758337,4.164642443029819,2.8305,3.0,0.3082527372141244,2.5,3.0,3.0,0.9068999999999999,1.0,0.21366419915371876,0.85,1.0,1.0,2.5276894145710136
656,81.505768,-66.761322,9000,2.0,0.25,4.212545384557493,2.026255342382731,/Users/shannonbowes/Research/ysg/candidates_and_lcs/2022_asassn_lc_data/pysynphot_data/grid/bosz/r2000/m-0.25/bosz2024_ap_t9000_g+2.0_m-0.25_a+0.00_c+0.00_v2_r2000_resam.txt.gz,10750,2.0,0.5,4.286814262482054,0.47269631597919115,/Users/shannonbowes/Research/ysg/candidates_and_lcs/2022_asassn_lc_data/pysynphot_data/grid/bosz/r2000/m-0.25/bosz2024_ap_t10750_g+2.0_m-0.25_a+0.00_c+0.00_v2_r2000_resam.txt.gz,1000,8991.25,9000.0,288.93933186743544,8750.0,9000.0,9250.0,3.9536068998402616,3.9542425094393248,0.013445156689823459,4.214992038928518,4.213157316421776,0.012108586063280346,4.203321650379951,4.213157316421776,4.228406048501022,2.158,2.0,0.2345975276937078,2.0,2.0,2.5,0.24885000000000004,0.2,0.07517431409730321,0.2,0.2,0.3,17.577974040011604,1000,9723.25,9250.0,1431.1610452705872,8250.0,9250.0,11750.0,3.9832285958425055,3.9661417327390325,0.0626792855110894,4.255633536679012,4.242932737116666,0.10067710424197365,4.146803241209686,4.242932737116666,4.3662047047226205,2.015,2.0,0.0852936105461599,2.0,2.0,2.0,0.3057,0.2,0.16080270520112527,0.2,0.2,0.5,14.996929372734469
657,81.574316,-66.050484,6750,1.5,0.3,3.959112244899441,0.10952931215493147,/Users/shannonbowes/Research/ysg/candidates_and_lcs/2022_asassn_lc_data/pysynphot_data/grid/bosz/r2000/m-0.25/bosz2024_ms_t6750_g+1.5_m-0.25_a+0.00_c+0.00_v2_r2000_resam.txt.gz,7000,2.0,0.5,3.9643627319523205,0.0018824312704309773,/Users/shannonbowes/Research/ysg/candidates_and_lcs/2022_asassn_lc_data/pysynphot_data/grid/bosz/r2000/m-0.25/bosz2024_ms_t7000_g+2.0_m-0.25_a+0.00_c+0.00_v2_r2000_resam.txt.gz,1000,6912.75,6750.0,432.81050992322264,6500.0,6750.0,7250.0,3.838832587405293,3.829303772831025,0.026404864709111946,3.9572318551944714,3.957451022015616,0.0082738503979543,3.948986351055291,3.957451022015616,3.965614487947264,1.8,2.0,0.49598387070548977,1.0,2.0,2.5,0.4222,0.4,0.21967512376234136,0.2,0.4,0.65,4.309133941003827,1000,6874.0,6750.0,509.90097077765995,6500.0,6750.0,7250.0,3.836090438285821,3.829303772831025,0.030682433303132518,3.956454665978992,3.9545051275477716,0.023426877512964753,3.9347276827172393,3.9545051275477716,3.980929646814936,2.0195,2.0,0.5190084296039902,1.5,2.0,2.5,0.3909,0.25,0.2656072099925,0.2,0.25,0.7,2.4943317565825494
658,81.600296,-68.04702,5000,2.0,0.95,4.187116175114062,0.4723423208569228,/Users/shannonbowes/Research/ysg/candidates_and_lcs/2022_asassn_lc_data/pysynphot_data/grid/bosz/r2000/m-0.25/bosz2024_ms_t5000_g+2.0_m-0.25_a+0.00_c+0.00_v2_r2000_resam.txt.gz,4500,1.0,0.35,4.185163657295791,0.01340515993935793,/Users/shannonbowes/Research/ysg/candidates_and_lcs/2022_asassn_lc_data/pysynphot_data/grid/bosz/r2000/m-0.25/bosz2024_ms_t4500_g+1.0_m-0.25_a+0.00_c+0.00_v2_r2000_resam.txt.gz,1000,4713.25,4750.0,117.0979824762152,4500.0,4750.0,4750.0,3.673185267581482,3.6766936096248664,0.010861809801968086,4.194105512218106,4.19398415335813,0.007661923048028658,4.18686842622715,4.19398415335813,4.201558250830091,2.4265,2.5,0.20210826306709975,2.5,2.5,2.5,0.6285,0.7,0.16844212655983656,0.35,0.7,0.7,10.9601414344029,1000,4527.5,4500.0,90.79509898667439,4500.0,4500.0,4500.0,3.6557745410392273,3.6532125137753435,0.008453571831761519,4.183350232472004,4.183325571440697,0.007099594607868778,4.176034179865773,4.183325571440697,4.19052309006642,1.4785,1.5,0.8861646291745118,0.5,1.5,2.5,0.41120000000000007,0.4,0.12721855210620817,0.3,0.4,0.45,4.0874431579325
659,81.662074,-69.423714,5500,2.5,0.95,4.278398216190685,147.43856231882435,/Users/shannonbowes/Research/ysg/candidates_and_lcs/2022_asassn_lc_data/pysynphot_data/grid/bosz/r2000/m-0.25/bosz2024_ms_t5500_g+2.5_m-0.25_a+0.00_c+0.00_v2_r2000_resam.txt.gz,4500,1.5,0.25,4.229354654487154,0.09253508516455827,/Users/shannonbowes/Research/ysg/candidates_and_lcs/2022_asassn_lc_data/pysynphot_data/grid/bosz/r2000/m-0.25/bosz2024_ms_t4500_g+1.5_m-0.25_a+0.00_c+0.00_v2_r2000_resam.txt.gz,1000,5499.0,5500.0,15.7797338380595,5500.0,5500.0,5500.0,3.740281875949889,3.7403626894942437,0.0012752162204028692,4.302715131969441,4.30225562336003,0.008897197322905984,4.293875947070465,4.30225562336003,4.311729079099346,2.5,2.5,0.0,2.5,2.5,2.5,0.97675,1.0,0.029528587842970085,0.95,1.0,1.0,272.29317518867146,1000,4502.5,4500.0,24.8746859276655,4500.0,4500.0,4500.0,3.6534473247338384,3.6532125137753435,0.002336339537977163,4.216809314443472,4.216848406608978,0.006858925576411854,4.209932144814649,4.216848406608978,4.22345028811198,2.3805,2.5,0.3866131787717537,2.5,2.5,2.5,0.302,0.3,0.055776339069537356,0.25,0.3,0.35,6.037293008079059
660,81.681947,-65.962448,9000,2.0,0.8,4.126652061209961,0.006079087812550371,/Users/shannonbowes/Research/ysg/candidates_and_lcs/2022_asassn_lc_data/pysynphot_data/grid/bosz/r2000/m-0.25/bosz2024_ap_t9000_g+2.0_m-0.25_a+0.00_c+0.00_v2_r2000_resam.txt.gz,11250,2.0,0.8,4.298943448282504,0.00032521504050745444,/Users/shannonbowes/Research/ysg/candidates_and_lcs/2022_asassn_lc_data/pysynphot_data/grid/bosz/r2000/m-0.25/bosz2024_ap_t11250_g+2.0_m-0.25_a+0.00_c+0.00_v2_r2000_resam.txt.gz,1000,8250.0,8000.0,627.3954096102393,7750.0,8000.0,8750.0,3.9152627074552115,3.9030899869919438,0.03175940664838184,4.13532046880965,4.135536502667588,0.008988000042009517,4.126725279656216,4.135536502667588,4.1435745053945485,2.326,2.5,0.2563669245437094,2.0,2.5,2.5,0.4728,0.4,0.2111283022240268,0.29200000000000015,0.4,0.7,3.6277123450880597,1000,9816.25,9000.0,2131.3841600002565,7750.0,9000.0,13000.0,3.982367297456068,3.9542425094393248,0.08975367767578173,4.241377421155137,4.210234434576817,0.1172072854872832,4.138830507364036,4.210234434576817,4.373022513732728,2.509,2.5,0.4311832557045786,2.0,2.5,3.0,0.57475,0.55,0.3202888344916195,0.2,0.55,1.0,1.1060853643000659
661,81.721598,-69.044411,11250,2.0,0.55,4.142255307878192,0.4954295477790968,/Users/shannonbowes/Research/ysg/candidates_and_lcs/2022_asassn_lc_data/pysynphot_data/grid/bosz/r2000/m-0.25/bosz2024_ap_t11250_g+2.0_m-0.25_a+0.00_c+0.00_v2_r2000_resam.txt.gz,11750,2.0,0.7,4.134770344636385,0.02072501593338653,/Users/shannonbowes/Research/ysg/candidates_and_lcs/2022_asassn_lc_data/pysynphot_data/grid/bosz/r2000/m-0.25/bosz2024_ap_t11750_g+2.0_m-0.25_a+0.00_c+0.00_v2_r2000_resam.txt.gz,1000,11319.0,11250.0,588.3145417206683,10750.0,11250.0,11750.0,4.053245867945801,4.051152522447381,0.021880085141230392,4.139798141240655,4.136675562394023,0.027726395642653997,4.116801926685573,4.136675562394023,4.158542936066869,2.12,2.0,0.2619160170741759,2.0,2.0,2.5,0.5825,0.6,0.06862033226384144,0.5,0.6,0.65,7.003154264245044,1000,9452.0,8750.0,1496.0601592182047,8250.0,8750.0,11039.999999999993,3.9707123590559705,3.942008053022313,0.06274867201169948,4.03764859406982,4.009164798968328,0.07411338517847446,3.979359663401771,4.009164798968328,4.109184631390359,2.144,2.0,0.3110691241508871,2.0,2.0,2.5,0.40345,0.35,0.17309129816371474,0.25,0.35,0.6,3.0159042952730952
662,81.732915,-69.980225,6250,2.5,1.0,3.9450043421816745,11.329817622951484,/Users/shannonbowes/Research/ysg/candidates_and_lcs/2022_asassn_lc_data/pysynphot_data/grid/bosz/r2000/m-0.25/bosz2024_ms_t6250_g+2.5_m-0.25_a+0.00_c+0.00_v2_r2000_resam.txt.gz,6750,2.5,1.0,4.029363506504521,6.774118515548072,/Users/shannonbowes/Research/ysg/candidates_and_lcs/2022_asassn_lc_data/pysynphot_data/grid/bosz/r2000/m-0.25/bosz2024_ms_t6750_g+2.5_m-0.25_a+0.00_c+0.00_v2_r2000_resam.txt.gz,1000,6122.25,6250.0,139.61531971814554,6000.0,6250.0,6250.0,3.7867972236265537,3.7958800173440754,0.00996386692393132,3.9562439647026344,3.956314988317539,0.007964946975595563,3.9481117820794887,3.956314988317539,3.9646095274404254,2.4795,2.5,0.10644129837614723,2.5,2.5,2.5,0.9145,0.95,0.08910527481580424,0.85,0.95,1.0,41.32974742656681,1000,6386.5,6250.0,239.77645839406335,6250.0,6250.0,6500.0,3.8049589369712784,3.7958800173440754,0.01622374138011736,3.9841640891729178,3.981464221727852,0.02790237610818489,3.9583364602451336,3.981464221727852,4.014136792237735,1.6185,1.5,0.5698313346947499,1.0,1.5,2.5,0.9944,1.0,0.02895928175904921,1.0,1.0,1.0,33.52059527657603
663,81.74923,-69.082756,7500,2.0,0.55,3.9387962169208905,0.06831171500624243,/Users/shannonbowes/Research/ysg/candidates_and_lcs/2022_asassn_lc_data/pysynphot_data/grid/bosz/r2000/m-0.25/bosz2024_ap_t7500_g+2.0_m-0.25_a+0.00_c+0.00_v2_r2000_resam.txt.gz,7500,2.0,0.55,3.9387962169208905,0.06677401068923541,/Users/shannonbowes/Research/ysg/candidates_and_lcs/2022_asassn_lc_data/pysynphot_data/grid/bosz/r2000/m-0.25/bosz2024_ap_t7500_g+2.0_m-0.25_a+0.00_c+0.00_v2_r2000_resam.txt.gz,1000,7987.0,8000.0,413.46825754826693,7500.0,8000.0,8500.0,3.9017930279191013,3.9030899869919438,0.022741659927206455,3.940204025381561,3.940241273450442,0.0060706062790170994,3.934319898020952,3.940241273450442,3.9463037213625287,2.181,2.0,0.26877313853880563,2.0,2.0,2.5,0.73075,0.75,0.16769596745300705,0.55,0.75,0.9,12.292676741353034,1000,8804.5,9000.0,677.0559430357288,8500.0,9000.0,9250.0,3.9432944266677357,3.9542425094393248,0.03584982658192234,3.9567511659022285,3.955155996449665,0.01954582537752622,3.9372240484774443,3.955155996449665,3.976606270968739,2.039,2.0,0.19099476432614584,2.0,2.0,2.0,0.9233000000000001,1.0,0.20781508607413465,0.95,1.0,1.0,9.854730519858006
664,81.76531,-66.011261,9000,2.0,0.55,3.894946176523723,0.12224987982826506,/Users/shannonbowes/Research/ysg/candidates_and_lcs/2022_asassn_lc_data/pysynphot_data/grid/bosz/r2000/m-0.25/bosz2024_ap_t9000_g+2.0_m-0.25_a+0.00_c+0.00_v2_r2000_resam.txt.gz,11250,3.0,0.7,4.039170562594195,0.006266780061738147,/Users/shannonbowes/Research/ysg/candidates_and_lcs/2022_asassn_lc_data/pysynphot_data/grid/bosz/r2000/m-0.25/bosz2024_ap_t11250_g+3.0_m-0.25_a+0.00_c+0.00_v2_r2000_resam.txt.gz,1000,8828.0,8750.0,702.3467804439628,8250.0,8750.0,9500.0,3.9445478875358537,3.942008053022313,0.033432250213015234,3.906874691555253,3.9052892774291275,0.016489165436852072,3.8916006638827896,3.9052892774291275,3.922242476304684,2.3165,2.5,0.31237437474927415,2.0,2.5,2.5,0.45139999999999997,0.45,0.17549370359075564,0.25,0.45,0.6,3.5645717000572494,1000,10551.0,10500.0,2273.246357084951,8000.0,10500.0,13500.0,4.013078157541612,4.021189299069938,0.09450950062643776,3.9903525277705905,3.96388534486944,0.11226193736222606,3.8776844306866964,3.96388534486944,4.1410959892270025,2.5285,2.5,0.44602438274157163,2.0,2.5,3.0,0.62485,0.7,0.30166202528657793,0.2,0.7,0.95,1.845906662553884
665,81.775145,-66.746681,4250,0.0,0.35,4.336075640109515,134.20099578400936,/Users/shannonbowes/Research/ysg/candidates_and_lcs/2022_asassn_lc_data/pysynphot_data/grid/bosz/r2000/m-0.25/bosz2024_ms_t4250_g+0.0_m-0.25_a+0.00_c+0.00_v2_r2000_resam.txt.gz,4750,0.0,1.0,4.342943209003831,119.26579822161582,/Users/shannonbowes/Research/ysg/candidates_and_lcs/2022_asassn_lc_data/pysynphot_data/grid/bosz/r2000/m-0.25/bosz2024_ms_t4750_g+0.0_m-0.25_a+0.00_c+0.00_v2_r2000_resam.txt.gz,1000,4278.5,4250.0,79.4528161867155,4250.0,4250.0,4250.0,3.631218818594966,3.6283889300503116,0.00788921453920201,4.3311083219181405,4.331331456891997,0.007329660820998291,4.323689097494582,4.331331456891997,4.338337603258725,0.0,0.0,0.0,0.0,0.0,0.0,0.40225,0.35,0.15972613280236894,0.3,0.35,0.4,209.75504225556332,1000,4713.25,4750.0,89.22968956574935,4750.0,4750.0,4750.0,3.67324054604711,3.6766936096248664,0.008387917740981918,4.339579245814331,4.340024841421771,0.007403593779180324,4.331940068727951,4.340024841421771,4.346685808829525,0.0,0.0,0.0,0.0,0.0,0.0,0.9562999999999999,1.0,0.09254896001576679,0.95,1.0,1.0,194.6120844967952
666,81.879173,-66.582611,10250,3.0,0.5,3.924400333650079,1.7449737510860794,/Users/shannonbowes/Research/ysg/candidates_and_lcs/2022_asassn_lc_data/pysynphot_data/grid/bosz/r2000/m-0.25/bosz2024_ap_t10250_g+3.0_m-0.25_a+0.00_c+0.00_v2_r2000_resam.txt.gz,8000,2.5,0.3,3.786651937788452,0.060781449675177825,/Users/shannonbowes/Research/ysg/candidates_and_lcs/2022_asassn_lc_data/pysynphot_data/grid/bosz/r2000/m-0.25/bosz2024_ms_t8000_g+2.5_m-0.25_a+0.00_c+0.00_v2_r2000_resam.txt.gz,1000,9840.0,9750.0,687.0407557052201,9250.0,9750.0,10500.0,3.991953435862593,3.989004615698537,0.029969035020091083,3.906895561576146,3.9050677777327674,0.016666070200381543,3.890494561270437,3.9050677777327674,3.922836943711063,2.5405,2.5,0.34728914466190847,2.0,2.5,3.0,0.46409999999999996,0.45,0.13141989955862848,0.3,0.45,0.6,17.700253280082908,1000,8040.0,8000.0,237.48684174075834,7750.0,8000.0,8250.0,3.905069688047708,3.9030899869919438,0.012675970221091383,3.8079511082985182,3.8064386928470504,0.027615793221218106,3.780505471691682,3.8064386928470504,3.837898071881107,2.4645,2.5,0.13034473522164214,2.5,2.5,2.5,0.22345000000000004,0.2,0.03914840354343967,0.2,0.2,0.25,9.199034170206412
667,81.953638,-66.03801,7250,2.5,0.3,3.937315660998478,0.16544737587505398,/Users/shannonbowes/Research/ysg/candidates_and_lcs/2022_asassn_lc_data/pysynphot_data/grid/bosz/r2000/m-0.25/bosz2024_ms_t7250_g+2.5_m-0.25_a+0.00_c+0.00_v2_r2000_resam.txt.gz,10000,2.0,1.0,4.00135055766273,0.012417459343320196,/Users/shannonbowes/Research/ysg/candidates_and_lcs/2022_asassn_lc_data/pysynphot_data/grid/bosz/r2000/m-0.25/bosz2024_ap_t10000_g+2.0_m-0.25_a+0.00_c+0.00_v2_r2000_resam.txt.gz,1000,8142.25,8250.0,713.8469286198548,7250.0,8250.0,9000.0,3.909058186210751,3.916453948549925,0.03837646651019171,3.9408041535190605,3.9405777641570383,0.011045912190549614,3.9295955719967988,3.9405777641570383,3.951391903929911,2.192,2.0,0.3018873962258113,2.0,2.0,2.5,0.6440499999999999,0.7,0.2647680069419264,0.25,0.7,0.9,5.433810444914164,1000,8929.25,8750.0,1485.869084912934,7250.0,8750.0,10500.0,3.944917363914271,3.942008053022313,0.07135702135934478,3.956411472400032,3.9379514967188882,0.08580873568264319,3.8810804208178173,3.9379514967188882,4.035352281508044,2.17,2.0,0.3675595189897821,2.0,2.0,2.5,0.8086,1.0,0.3186864289548584,0.25,1.0,1.0,3.7418792525671196
668,81.97569,-68.328835,4000,1.0,1.0,3.5992215308613336,941.4372590504557,/Users/shannonbowes/Research/ysg/candidates_and_lcs/2022_asassn_lc_data/pysynphot_data/grid/bosz/r2000/m-0.25/bosz2024_ms_t4000_g+1.0_m-0.25_a+0.00_c+0.00_v2_r2000_resam.txt.gz,4000,0.0,1.0,3.6177692935224846,288.9516274374355,/Users/shannonbowes/Research/ysg/candidates_and_lcs/2022_asassn_lc_data/pysynphot_data/grid/bosz/r2000/m-0.25/bosz2024_ms_t4000_g+0.0_m-0.25_a+0.00_c+0.00_v2_r2000_resam.txt.gz,1000,4000.0,4000.0,0.0,4000.0,4000.0,4000.0,3.6020599913279625,3.6020599913279625,0.0,3.6713558957499943,3.6707078553330277,0.02401429587409287,3.6474751476755802,3.6707078553330277,3.695679090783746,0.0815,0.0,0.2002691938366957,0.0,0.0,0.0,1.0,1.0,0.0,1.0,1.0,1.0,1363.8225964445146,1000,4000.0,4000.0,0.0,4000.0,4000.0,4000.0,3.6020599913279625,3.6020599913279625,0.0,3.6709190893944963,3.6707078553330277,0.024655034783462447,3.646896502496806,3.6707078553330277,3.695679090783746,0.0,0.0,0.0,0.0,0.0,0.0,1.0,1.0,0.0,1.0,1.0,1.0,537.4652660997089
669,81.978051,-68.328995,4000,0.0,1.0,3.574294561196652,459.48376373819684,/Users/shannonbowes/Research/ysg/candidates_and_lcs/2022_asassn_lc_data/pysynphot_data/grid/bosz/r2000/m-0.25/bosz2024_ms_t4000_g+0.0_m-0.25_a+0.00_c+0.00_v2_r2000_resam.txt.gz,4000,0.0,1.0,3.6093646414860734,72.48473961955222,/Users/shannonbowes/Research/ysg/candidates_and_lcs/2022_asassn_lc_data/pysynphot_data/grid/bosz/r2000/m-0.25/bosz2024_ms_t4000_g+0.0_m-0.25_a+0.00_c+0.00_v2_r2000_resam.txt.gz,1000,4000.0,4000.0,0.0,4000.0,4000.0,4000.0,3.6020599913279625,3.6020599913279625,0.0,3.6113588244668415,3.611271078273873,0.011669132972570119,3.5998742785930746,3.611271078273873,3.623449285725045,0.0,0.0,0.0,0.0,0.0,0.0,1.0,1.0,0.0,1.0,1.0,1.0,634.9512005333714,1000,4000.0,4000.0,0.0,4000.0,4000.0,4000.0,3.6020599913279625,3.6020599913279625,0.0,3.6147963697925216,3.6143857087263798,0.010031511579260683,3.6048292717752504,3.6143857087263798,3.624928272206408,1.216,2.0,1.1239857650344154,0.0,2.0,2.5,1.0,1.0,0.0,1.0,1.0,1.0,139.20880818818526
670,82.070179,-69.104988,6500,2.5,0.8,4.0152039630176946,13.591575988138805,/Users/shannonbowes/Research/ysg/candidates_and_lcs/2022_asassn_lc_data/pysynphot_data/grid/bosz/r2000/m-0.25/bosz2024_ms_t6500_g+2.5_m-0.25_a+0.00_c+0.00_v2_r2000_resam.txt.gz,5750,1.0,0.55,3.9852646414511885,4.593738411679553,/Users/shannonbowes/Research/ysg/candidates_and_lcs/2022_asassn_lc_data/pysynphot_data/grid/bosz/r2000/m-0.25/bosz2024_ms_t5750_g+1.0_m-0.25_a+0.00_c+0.00_v2_r2000_resam.txt.gz,1000,6458.0,6500.0,184.0135864549137,6250.0,6500.0,6750.0,3.8099206837296196,3.8129133566428557,0.012431400254106247,4.03530247527769,4.035116515913673,0.007353651790050377,4.027998690359356,4.035116515913673,4.042636156286029,2.3955,2.5,0.21173037099103187,2.0,2.5,2.5,0.8357,0.85,0.11218515944633677,0.7,0.85,0.95,49.853816749651244,1000,6060.75,6250.0,362.10763247962615,5750.0,6250.0,6500.0,3.7817404625875835,3.7958800173440754,0.026217562775118566,4.004404827706409,4.004446162455347,0.009061499622952836,3.995573778259011,4.004446162455347,4.013239967601451,1.0205,1.0,0.4767910968128495,0.5,1.0,1.5,0.70515,0.85,0.2809821658041663,0.35,0.85,1.0,29.835011419392163
671,82.091548,-67.296677,12000,2.0,0.35,4.18814971984089,0.2358355378417249,/Users/shannonbowes/Research/ysg/candidates_and_lcs/2022_asassn_lc_data/pysynphot_data/grid/bosz/r2000/m-0.25/bosz2024_ap_t12000_g+2.0_m-0.25_a+0.00_c+0.00_v2_r2000_resam.txt.gz,11250,2.5,0.3,4.113672694991883,0.018606087096742427,/Users/shannonbowes/Research/ysg/candidates_and_lcs/2022_asassn_lc_data/pysynphot_data/grid/bosz/r2000/m-0.25/bosz2024_ap_t11250_g+2.5_m-0.25_a+0.00_c+0.00_v2_r2000_resam.txt.gz,1000,11883.75,12000.0,457.3548266936734,11500.0,12000.0,12000.0,4.074651819890968,4.079181246047625,0.01594113538949275,4.189409020081578,4.188037112696893,0.022549836971326762,4.173465166887764,4.188037112696893,4.200418210329118,2.0425,2.0,0.19350387593017357,2.0,2.0,2.0,0.29584999999999995,0.3,0.05128623109568493,0.25,0.3,0.35,8.754609018859808,1000,11187.5,11500.0,882.6628744883292,10250.0,11500.0,12000.0,4.047382827278058,4.060697840353612,0.034265268493115446,4.129748313525679,4.136883654718614,0.054293026930832385,4.069175643225028,4.136883654718614,4.176917040895337,2.0835,2.0,0.2485513025514049,2.0,2.0,2.0,0.2821,0.3,0.08018472423099053,0.2,0.3,0.35,5.239240416509645
672,82.110799,-66.517159,8250,2.5,0.55,4.087071869372279,0.4143526198925353,/Users/shannonbowes/Research/ysg/candidates_and_lcs/2022_asassn_lc_data/pysynphot_data/grid/bosz/r2000/m-0.25/bosz2024_ap_t8250_g+2.5_m-0.25_a+0.00_c+0.00_v2_r2000_resam.txt.gz,8000,2.5,0.5,4.085385194107783,0.004376161186368877,/Users/shannonbowes/Research/ysg/candidates_and_lcs/2022_asassn_lc_data/pysynphot_data/grid/bosz/r2000/m-0.25/bosz2024_ap_t8000_g+2.5_m-0.25_a+0.00_c+0.00_v2_r2000_resam.txt.gz,1000,8077.75,8000.0,361.79059896575535,7750.0,8000.0,8500.0,3.9068716312197838,3.9030899869919438,0.018893591860252218,4.1049866031150675,4.104554990027397,0.01098152291138405,4.09363883344962,4.104554990027397,4.116013303451625,2.325,2.5,0.24057223447438816,2.0,2.5,2.5,0.44680000000000003,0.4,0.13332201618637485,0.35,0.4,0.55,9.85398525268202,1000,11982.75,12000.0,1496.417367414586,11000.0,12000.0,14000.0,4.074760953332384,4.079181246047625,0.05928215316278063,4.306016257178195,4.291396130475096,0.10593776980305977,4.200061312647464,4.291396130475096,4.449428303489967,2.404,2.0,0.481958504437882,2.0,2.0,3.0,0.87505,0.95,0.18652076962097278,0.75,0.95,1.0,4.196383841098764
673,82.133568,-69.200859,10500,2.0,0.65,4.442677944480208,160.82006867211354,/Users/shannonbowes/Research/ysg/candidates_and_lcs/2022_asassn_lc_data/pysynphot_data/grid/bosz/r2000/m-0.25/bosz2024_ap_t10500_g+2.0_m-0.25_a+0.00_c+0.00_v2_r2000_resam.txt.gz,12000,2.0,0.75,4.520562412686744,157.5447800328054,/Users/shannonbowes/Research/ysg/candidates_and_lcs/2022_asassn_lc_data/pysynphot_data/grid/bosz/r2000/m-0.25/bosz2024_ap_t12000_g+2.0_m-0.25_a+0.00_c+0.00_v2_r2000_resam.txt.gz,1000,10685.5,10750.0,464.1818070540895,10250.0,10750.0,11000.0,4.028395818376796,4.031408464251625,0.018501573647536775,4.455398557324999,4.452293979255037,0.018265560958040564,4.439903212674101,4.452293979255037,4.470595898100632,2.054,2.0,0.18863721796082553,2.0,2.0,2.0,0.6127,0.6,0.06692316489826224,0.55,0.6,0.7,262.0976122143648,1000,11980.75,12000.0,94.5618184046817,12000.0,12000.0,12000.0,4.078471005584867,4.079181246047625,0.003329196460308112,4.527410529745821,4.527718238320703,0.017609086571520167,4.510798440694751,4.527718238320703,4.543868436319279,2.001,2.0,0.03160696125855822,2.0,2.0,2.0,0.7092999999999999,0.7,0.04973439453738228,0.65,0.7,0.75,257.02711368466294
674,82.140347,-69.147591,9000,2.0,0.4,3.9971462935861006,0.5292458129393875,/Users/shannonbowes/Research/ysg/candidates_and_lcs/2022_asassn_lc_data/pysynphot_data/grid/bosz/r2000/m-0.25/bosz2024_ap_t9000_g+2.0_m-0.25_a+0.00_c+0.00_v2_r2000_resam.txt.gz,10500,2.0,0.65,4.045256690523827,0.032738137911276846,/Users/shannonbowes/Research/ysg/candidates_and_lcs/2022_asassn_lc_data/pysynphot_data/grid/bosz/r2000/m-0.25/bosz2024_ap_t10500_g+2.0_m-0.25_a+0.00_c+0.00_v2_r2000_resam.txt.gz,1000,8907.25,9000.0,328.57257569675534,8500.0,9000.0,9250.0,3.949449832915684,3.9542425094393248,0.015954968948667807,4.0016327082722,4.001024776657958,0.010206750454975362,3.9916386067836953,4.001024776657958,4.011852782156129,2.21,2.0,0.2487971060924946,2.0,2.0,2.5,0.37470000000000003,0.4,0.0803424545305905,0.3,0.4,0.45,10.274683312872083,1000,11940.0,12000.0,1500.0499991666945,11500.0,12000.0,14000.0,4.073211840045351,4.079181246047625,0.059020035771022786,4.143330402082049,4.133997723005987,0.08020070431991007,4.096981850213743,4.133997723005987,4.245667413807124,2.3065,2.0,0.4486733221398393,2.0,2.0,3.0,0.70575,0.7,0.16217101313120047,0.65,0.7,0.85,6.996950326355963
675,82.148558,-69.028488,12000,2.0,0.85,4.190515350148672,8.6884858070278,/Users/shannonbowes/Research/ysg/candidates_and_lcs/2022_asassn_lc_data/pysynphot_data/grid/bosz/r2000/m-0.25/bosz2024_ap_t12000_g+2.0_m-0.25_a+0.00_c+0.00_v2_r2000_resam.txt.gz,11500,3.0,1.0,4.093623463827979,0.003609747474575735,/Users/shannonbowes/Research/ysg/candidates_and_lcs/2022_asassn_lc_data/pysynphot_data/grid/bosz/r2000/m-0.25/bosz2024_ap_t11500_g+3.0_m-0.25_a+0.00_c+0.00_v2_r2000_resam.txt.gz,1000,12000.0,12000.0,0.0,12000.0,12000.0,12000.0,4.079181246047625,4.079181246047625,0.0,4.193486773422017,4.193742075834745,0.008074054088602777,4.185148127531117,4.193742075834745,4.201556530672409,2.0,2.0,0.0,2.0,2.0,2.0,0.8573,0.85,0.02994511646328997,0.85,0.85,0.9,37.4822343947864,1000,8699.5,7750.0,1538.2456728364295,7500.0,7750.0,11000.0,3.933274661301519,3.88930170250631,0.0718734503806856,4.007948399022266,3.9857050634851783,0.05061216357454282,3.969953601293146,3.9857050634851783,4.069445813055804,2.321,2.5,0.35278747143287276,2.0,2.5,2.5,0.5234,0.35,0.29698053808288516,0.25,0.35,0.95,1.9644810346716468
676,82.166598,-69.050812,12000,2.0,0.5,4.330479389392741,32.01630124899634,/Users/shannonbowes/Research/ysg/candidates_and_lcs/2022_asassn_lc_data/pysynphot_data/grid/bosz/r2000/m-0.25/bosz2024_ap_t12000_g+2.0_m-0.25_a+0.00_c+0.00_v2_r2000_resam.txt.gz,11000,3.0,0.7,4.180186980661461,0.03718594463955045,/Users/shannonbowes/Research/ysg/candidates_and_lcs/2022_asassn_lc_data/pysynphot_data/grid/bosz/r2000/m-0.25/bosz2024_ap_t11000_g+3.0_m-0.25_a+0.00_c+0.00_v2_r2000_resam.txt.gz,1000,12000.0,12000.0,0.0,12000.0,12000.0,12000.0,4.079181246047625,4.079181246047625,0.0,4.322559557392648,4.322263282266215,0.010264780492628703,4.312055867603077,4.322263282266215,4.333297890362218,2.0,2.0,0.0,2.0,2.0,2.0,0.55645,0.55,0.03333012901265159,0.55,0.55,0.6,79.71428504308923,1000,12048.25,13000.0,2008.5403748742517,8750.0,13000.0,14000.0,4.074131013491131,4.113943352306837,0.07914365546551058,4.257872630123922,4.290948783674533,0.10647753379947165,4.098117236001868,4.290948783674533,4.3658208114500345,2.724,3.0,0.4004047951760818,2.0,3.0,3.0,0.7142000000000001,0.8,0.20678094689791898,0.4,0.8,0.9,8.493358930027185
677,82.185051,-69.228806,11750,2.0,0.4,4.438056572309124,0.22746054271286695,/Users/shannonbowes/Research/ysg/candidates_and_lcs/2022_asassn_lc_data/pysynphot_data/grid/bosz/r2000/m-0.25/bosz2024_ap_t11750_g+2.0_m-0.25_a+0.00_c+0.00_v2_r2000_resam.txt.gz,9750,2.0,0.2,4.3419018993869365,0.008371032626455032,/Users/shannonbowes/Research/ysg/candidates_and_lcs/2022_asassn_lc_data/pysynphot_data/grid/bosz/r2000/m-0.25/bosz2024_ap_t9750_g+2.0_m-0.25_a+0.00_c+0.00_v2_r2000_resam.txt.gz,1000,12086.75,12000.0,662.5042924389245,11750.0,12000.0,12000.0,4.081700893778011,4.079181246047625,0.022601574068888082,4.460658500478542,4.450969598631884,0.03432094837985994,4.439236101292853,4.450969598631884,4.4678502746281294,2.1175,2.0,0.3177164616446557,2.0,2.0,2.0,0.42700000000000005,0.4,0.06148983655857283,0.4,0.4,0.45,7.139086002023903,1000,10013.5,9500.0,1236.9590736964583,9000.0,9500.0,11000.0,3.997623966085361,3.9777236052888476,0.049362938545592684,4.3286265266990105,4.312179392424966,0.0674819591519782,4.271377651642987,4.312179392424966,4.38474118478986,2.496,2.5,0.3563481443756934,2.0,2.5,3.0,0.2800000000000001,0.2,0.11974973903938163,0.2,0.2,0.4,2.9567802748369476
678,82.187213,-71.970413,8750,2.5,0.4,4.183137094527277,0.09645992023157957,/Users/shannonbowes/Research/ysg/candidates_and_lcs/2022_asassn_lc_data/pysynphot_data/grid/bosz/r2000/m-0.25/bosz2024_ap_t8750_g+2.5_m-0.25_a+0.00_c+0.00_v2_r2000_resam.txt.gz,8250,2.0,0.25,4.183329540278523,0.00888325443717682,/Users/shannonbowes/Research/ysg/candidates_and_lcs/2022_asassn_lc_data/pysynphot_data/grid/bosz/r2000/m-0.25/bosz2024_ap_t8250_g+2.0_m-0.25_a+0.00_c+0.00_v2_r2000_resam.txt.gz,1000,8335.0,8250.0,231.3547060251855,8250.0,8250.0,8500.0,3.9207470757006666,3.916453948549925,0.011581302128688718,4.171996526802899,4.172296435438852,0.008617971553096553,4.163296162474359,4.172296435438852,4.180374702421525,2.39,2.5,0.20832666655999663,2.0,2.5,2.5,0.29245000000000004,0.25,0.07283884609190346,0.25,0.25,0.3,5.6058312157343675,1000,9944.0,9250.0,1825.2709387923755,8500.0,9250.0,12000.0,3.9908900178400564,3.9661417327390325,0.07443277872849437,4.280194644868054,4.2560362212737335,0.10385657681712131,4.182810809343866,4.2560362212737335,4.391270223443953,2.451,2.5,0.40261520090528125,2.0,2.5,3.0,0.4202,0.3,0.21521375420729968,0.25,0.3,0.7,2.1185597808973813
679,82.194611,-69.431656,6250,1.0,0.55,4.184520050741311,2.0853945162315974,/Users/shannonbowes/Research/ysg/candidates_and_lcs/2022_asassn_lc_data/pysynphot_data/grid/bosz/r2000/m-0.25/bosz2024_ms_t6250_g+1.0_m-0.25_a+0.00_c+0.00_v2_r2000_resam.txt.gz,6000,2.0,0.3,4.199205736950485,0.18622915180737784,/Users/shannonbowes/Research/ysg/candidates_and_lcs/2022_asassn_lc_data/pysynphot_data/grid/bosz/r2000/m-0.25/bosz2024_ms_t6000_g+2.0_m-0.25_a+0.00_c+0.00_v2_r2000_resam.txt.gz,1000,6289.5,6250.0,252.12050690096592,6000.0,6250.0,6500.0,3.7982638631222336,3.7958800173440754,0.017537085537320928,4.179268510726026,4.179513773821016,0.0059973472977110425,4.172698318131192,4.179513773821016,4.185166509068887,1.005,1.0,0.19993749023132207,1.0,1.0,1.0,0.58345,0.55,0.18199889422741009,0.35,0.55,0.75,21.350433356246256,1000,6105.25,6000.0,266.19529954527746,6000.0,6000.0,6250.0,3.785316070020225,3.7781512503836434,0.018056277138627827,4.1923854464178225,4.1923609235105825,0.008637382462291131,4.183652547668804,4.1923609235105825,4.200885950803522,2.208,2.0,0.31660069488237075,2.0,2.0,2.5,0.34025,0.3,0.1866612908452098,0.2,0.3,0.45,14.131907400656626
680,82.256902,-66.649391,4250,0.5,0.95,4.1468756913428555,1.9068783088605086,/Users/shannonbowes/Research/ysg/candidates_and_lcs/2022_asassn_lc_data/pysynphot_data/grid/bosz/r2000/m-0.25/bosz2024_ms_t4250_g+0.5_m-0.25_a+0.00_c+0.00_v2_r2000_resam.txt.gz,4250,1.0,0.85,4.151902493158096,0.33464834616725253,/Users/shannonbowes/Research/ysg/candidates_and_lcs/2022_asassn_lc_data/pysynphot_data/grid/bosz/r2000/m-0.25/bosz2024_ms_t4250_g+1.0_m-0.25_a+0.00_c+0.00_v2_r2000_resam.txt.gz,1000,4250.0,4250.0,0.0,4250.0,4250.0,4250.0,3.628388930050313,3.6283889300503116,1.3322676295501878e-15,4.141604789083648,4.142053826003039,0.0073922914011805485,4.133612171476204,4.142053826003039,4.148923073677941,0.3605,0.5,0.22536581373402664,0.0,0.5,0.5,0.8761500000000001,0.9,0.07472400885926823,0.75,0.9,0.95,20.955527498970277,1000,4256.75,4250.0,44.91032732011647,4250.0,4250.0,4250.0,3.6290546507458967,3.6283889300503116,0.004485840419232162,4.144703974692335,4.144843886967919,0.00691622287864839,4.137872615223651,4.144843886967919,4.151746222975125,0.004,0.0,0.063118935352238,0.0,0.0,0.0,0.8062,0.8,0.06250247995079874,0.75,0.8,0.85,12.928357000298776
681,82.258115,-66.221855,6500,1.0,0.3,3.9452862817091985,0.539866558514455,/Users/shannonbowes/Research/ysg/candidates_and_lcs/2022_asassn_lc_data/pysynphot_data/grid/bosz/r2000/m-0.25/bosz2024_ms_t6500_g+1.0_m-0.25_a+0.00_c+0.00_v2_r2000_resam.txt.gz,7500,2.0,0.9,3.923558094488043,0.005384278782161656,/Users/shannonbowes/Research/ysg/candidates_and_lcs/2022_asassn_lc_data/pysynphot_data/grid/bosz/r2000/m-0.25/bosz2024_ms_t7500_g+2.0_m-0.25_a+0.00_c+0.00_v2_r2000_resam.txt.gz,1000,7237.0,7250.0,381.3869426186481,6750.0,7250.0,7750.0,3.8589524620812807,3.8603380065709936,0.022977125065758233,3.945272183845959,3.9452045365629167,0.00661487644564809,3.9390239771368893,3.9452045365629167,3.952003185886009,2.196,2.5,0.4013527127104039,2.0,2.5,2.5,0.6998,0.7,0.19662136201338856,0.5,0.7,0.95,11.163753756668804,1000,7511.25,7500.0,546.8646427590652,7000.0,7500.0,8000.0,3.874559779677815,3.8750612633917,0.031680461370037646,3.9330675097747223,3.9318934856595407,0.04053711570658331,3.890377983199102,3.9318934856595407,3.969492082028511,2.0945,2.0,0.4368292000313166,1.5,2.0,2.5,0.8965,1.0,0.21982436170725025,0.75,1.0,1.0,9.141295659236977
682,82.267326,-69.355209,4250,0.0,0.6,4.134912929153764,1.1123987804424464,/Users/shannonbowes/Research/ysg/candidates_and_lcs/2022_asassn_lc_data/pysynphot_data/grid/bosz/r2000/m-0.25/bosz2024_ms_t4250_g+0.0_m-0.25_a+0.00_c+0.00_v2_r2000_resam.txt.gz,4250,1.0,0.6,4.131083169930197,0.07146673011348621,/Users/shannonbowes/Research/ysg/candidates_and_lcs/2022_asassn_lc_data/pysynphot_data/grid/bosz/r2000/m-0.25/bosz2024_ms_t4250_g+1.0_m-0.25_a+0.00_c+0.00_v2_r2000_resam.txt.gz,1000,4244.5,4250.0,36.670833096617805,4250.0,4250.0,4250.0,3.627809693398421,3.6283889300503116,0.003862016469993366,4.132733598454292,4.132989822665834,0.00785592732095899,4.124885767987208,4.132989822665834,4.140520146041506,0.0135,0.0,0.08104165595544058,0.0,0.0,0.0,0.5904499999999998,0.6,0.06075604908155236,0.55,0.6,0.6079999999999984,13.637840801611292,1000,4409.75,4500.0,120.0726342677631,4250.0,4500.0,4500.0,3.6442512000506078,3.6532125137753435,0.01192253235932381,4.132609173111928,4.132851781799237,0.00948627446640821,4.122958876677972,4.132851781799237,4.142409506708929,0.382,0.0,0.6492888417337849,0.0,0.0,1.0,0.8809000000000001,0.95,0.14062428666485743,0.7,0.95,1.0,9.13667045672816
683,82.282834,-66.600044,4750,0.0,0.95,4.042107066184965,0.9326563845008595,/Users/shannonbowes/Research/ysg/candidates_and_lcs/2022_asassn_lc_data/pysynphot_data/grid/bosz/r2000/m-0.25/bosz2024_ms_t4750_g+0.0_m-0.25_a+0.00_c+0.00_v2_r2000_resam.txt.gz,4750,2.5,0.85,4.043554966977444,0.022116649319769623,/Users/shannonbowes/Research/ysg/candidates_and_lcs/2022_asassn_lc_data/pysynphot_data/grid/bosz/r2000/m-0.25/bosz2024_ms_t4750_g+2.5_m-0.25_a+0.00_c+0.00_v2_r2000_resam.txt.gz,1000,4696.5,4750.0,103.74367450596687,4500.0,4750.0,4750.0,3.671665970137316,3.6766936096248664,0.009755793991402258,4.043163454958825,4.043125294011002,0.007367219534995807,4.035793581932675,4.043125294011002,4.050887521060445,0.0715,0.0,0.18476403870883532,0.0,0.0,0.0,0.8708499999999999,0.95,0.148821293839289,0.65,0.95,0.95,9.327109205055672,1000,4663.75,4750.0,136.00896110183328,4500.0,4750.0,4750.0,3.6685471601352457,3.6766936096248664,0.01284187055399572,4.049214061380732,4.049298024571854,0.007867514434659032,4.041443065373553,4.049298024571854,4.057052008914123,0.207,0.0,0.44794084430871006,0.0,0.0,0.5,0.73965,0.8,0.18771088806992522,0.5,0.8,0.9,3.467864944084586
684,82.339233,-66.535522,4500,0.5,0.9,4.125404776458628,4.29668140390204,/Users/shannonbowes/Research/ysg/candidates_and_lcs/2022_asassn_lc_data/pysynphot_data/grid/bosz/r2000/m-0.25/bosz2024_ms_t4500_g+0.5_m-0.25_a+0.00_c+0.00_v2_r2000_resam.txt.gz,4250,2.5,0.4,4.1361573760164,1.4101385995991849,/Users/shannonbowes/Research/ysg/candidates_and_lcs/2022_asassn_lc_data/pysynphot_data/grid/bosz/r2000/m-0.25/bosz2024_ms_t4250_g+2.5_m-0.25_a+0.00_c+0.00_v2_r2000_resam.txt.gz,1000,4455.5,4500.0,95.62818622142741,4250.0,4500.0,4500.0,3.648793915872288,3.6532125137753435,0.009495337148562185,4.128979719265454,4.128847699843412,0.008396133954416447,4.120540058305279,4.128847699843412,4.137499077951096,0.2675,0.0,0.30363423719995736,0.0,0.0,0.5,0.7760999999999999,0.8,0.1464199098483536,0.65,0.8,0.95,24.576902397135893,1000,4381.0,4250.0,147.35671006099452,4250.0,4250.0,4500.0,3.641330706016329,3.6283889300503116,0.01446892490238696,4.136788853386177,4.136776861793287,0.009333511157420964,4.1277169401742535,4.136776861793287,4.1457025040700834,0.451,0.0,0.7639365156870039,0.0,0.0,1.0,0.55455,0.5,0.23759587012404065,0.3,0.5,0.8,19.505676779596055
685,82.349941,-69.471077,8000,2.0,0.2,3.842877296409229,0.23699424954156575,/Users/shannonbowes/Research/ysg/candidates_and_lcs/2022_asassn_lc_data/pysynphot_data/grid/bosz/r2000/m-0.25/bosz2024_ap_t8000_g+2.0_m-0.25_a+0.00_c+0.00_v2_r2000_resam.txt.gz,11500,2.0,0.75,3.980375693169393,0.03235072535092532,/Users/shannonbowes/Research/ysg/candidates_and_lcs/2022_asassn_lc_data/pysynphot_data/grid/bosz/r2000/m-0.25/bosz2024_ap_t11500_g+2.0_m-0.25_a+0.00_c+0.00_v2_r2000_resam.txt.gz,1000,8216.5,8250.0,244.44375631216275,8000.0,8250.0,8500.0,3.914498279459122,3.916453948549925,0.01273859339526488,3.8432256726466214,3.843024793919432,0.007188866172576469,3.8360625945975286,3.843024793919432,3.850683191533951,2.2955,2.5,0.2458246326143904,2.0,2.5,2.5,0.27540000000000003,0.25,0.08059057016797933,0.2,0.25,0.35,6.04865399765009,1000,9070.25,8500.0,1420.5641265004547,8000.0,8500.0,10500.0,3.95293805740436,3.929418925714293,0.061801503457340756,3.8718449073134984,3.8488122327810217,0.061809135122434286,3.8299160710253686,3.8488122327810217,3.9162990932929893,2.58,2.5,0.2812472222085046,2.5,2.5,3.0,0.41915,0.35,0.20885587734129007,0.25,0.35,0.6579999999999984,3.439960634622138
686,82.49221,-69.386147,7750,2.0,0.4,3.8720856436632336,0.2536510320326834,/Users/shannonbowes/Research/ysg/candidates_and_lcs/2022_asassn_lc_data/pysynphot_data/grid/bosz/r2000/m-0.25/bosz2024_ms_t7750_g+2.0_m-0.25_a+0.00_c+0.00_v2_r2000_resam.txt.gz,8000,2.5,0.55,3.8445669698435525,0.021849368520618404,/Users/shannonbowes/Research/ysg/candidates_and_lcs/2022_asassn_lc_data/pysynphot_data/grid/bosz/r2000/m-0.25/bosz2024_ap_t8000_g+2.5_m-0.25_a+0.00_c+0.00_v2_r2000_resam.txt.gz,1000,7810.75,7750.0,328.4386358210617,7500.0,7750.0,8250.0,3.8923175401009455,3.88930170250631,0.017950622771256808,3.8710862800432353,3.871052640726486,0.006174125263328943,3.8646106180599458,3.871052640726486,3.8772343196786645,2.065,2.0,0.16815171720800237,2.0,2.0,2.0,0.40875,0.4,0.13623853162743646,0.25,0.4,0.5579999999999985,7.647905744504074,1000,7802.5,7500.0,824.4657360982322,7250.0,7500.0,8250.0,3.890134420148246,3.8750612633917,0.04123784220260373,3.8634206200900056,3.859442386298863,0.02318704662749222,3.8481354853900673,3.859442386298863,3.874317152414565,2.324,2.5,0.2720735194758946,2.0,2.5,2.5,0.39335000000000003,0.3,0.22214472197196133,0.2,0.3,0.65,3.219632320022919
687,82.510236,-65.933891,5750,0.5,0.45,4.080369059244738,21.086659278730483,/Users/shannonbowes/Research/ysg/candidates_and_lcs/2022_asassn_lc_data/pysynphot_data/grid/bosz/r2000/m-0.25/bosz2024_ms_t5750_g+0.5_m-0.25_a+0.00_c+0.00_v2_r2000_resam.txt.gz,6500,1.0,0.95,4.104455970501935,17.28363828965336,/Users/shannonbowes/Research/ysg/candidates_and_lcs/2022_asassn_lc_data/pysynphot_data/grid/bosz/r2000/m-0.25/bosz2024_ms_t6500_g+1.0_m-0.25_a+0.00_c+0.00_v2_r2000_resam.txt.gz,1000,5841.75,5750.0,273.8967643109352,5500.0,5750.0,6250.0,3.766072839849107,3.7596678446896306,0.020132154407713355,4.066702735106471,4.066871679605832,0.008374885956967509,4.058542485591827,4.066871679605832,4.075035502961157,1.0205,1.0,0.5151016889896596,0.5,1.0,1.5,0.52085,0.45,0.24588163310829053,0.25,0.45,0.9,65.38162033862723,1000,6058.0,5750.0,371.16168983342016,5750.0,5750.0,6500.0,3.781518228305701,3.7596678446896306,0.026507772290307936,4.087025023444307,4.0867183859278144,0.016493446327774684,4.07013367630753,4.0867183859278144,4.103143753214028,0.86,1.0,0.4694677837722201,0.5,1.0,1.0,0.5941000000000001,0.5,0.2965892614374297,0.25,0.5,0.95,60.6735581085009
688,82.555391,-69.353394,5000,2.0,0.3,4.042872812259816,6.3008448471813026,/Users/shannonbowes/Research/ysg/candidates_and_lcs/2022_asassn_lc_data/pysynphot_data/grid/bosz/r2000/m-0.25/bosz2024_ms_t5000_g+2.0_m-0.25_a+0.00_c+0.00_v2_r2000_resam.txt.gz,5000,2.0,0.45,4.033305774191857,0.01168770117456174,/Users/shannonbowes/Research/ysg/candidates_and_lcs/2022_asassn_lc_data/pysynphot_data/grid/bosz/r2000/m-0.25/bosz2024_ms_t5000_g+2.0_m-0.25_a+0.00_c+0.00_v2_r2000_resam.txt.gz,1000,5090.25,5000.0,202.58933214757386,5000.0,5000.0,5250.0,3.706413024482902,3.6989700043360187,0.016606896797549384,4.057663697050239,4.057598081106826,0.007179524768711696,4.050567702804843,4.057598081106826,4.064671482812369,2.3325,2.5,0.3101511728173859,2.0,2.5,2.5,0.42515,0.35,0.1973954850040902,0.3,0.35,0.6,36.321563682245824,1000,4880.25,4750.0,147.80878695124997,4750.0,4750.0,5000.0,3.6882458635832727,3.6766936096248664,0.013006646194904171,4.031896413922887,4.031482909506749,0.008931845382358751,4.0230384333729265,4.031482909506749,4.041476199871415,2.3175,2.5,0.41646578490915676,2.0,2.5,2.5,0.3172000000000001,0.25,0.1315072621568862,0.2,0.25,0.45,9.454720486091748
689,82.580741,-65.90361,4250,0.0,0.2,4.226410938345215,8.230392746435466,/Users/shannonbowes/Research/ysg/candidates_and_lcs/2022_asassn_lc_data/pysynphot_data/grid/bosz/r2000/m-0.25/bosz2024_ms_t4250_g+0.0_m-0.25_a+0.00_c+0.00_v2_r2000_resam.txt.gz,4500,1.5,0.5,4.235882859543264,3.9609334560817175,/Users/shannonbowes/Research/ysg/candidates_and_lcs/2022_asassn_lc_data/pysynphot_data/grid/bosz/r2000/m-0.25/bosz2024_ms_t4500_g+1.5_m-0.25_a+0.00_c+0.00_v2_r2000_resam.txt.gz,1000,4283.0,4250.0,84.62269199216011,4250.0,4250.0,4250.0,3.631665643102017,3.6283889300503116,0.008402553918819895,4.242323376805914,4.242612007950253,0.009281425636499193,4.23295279387129,4.242612007950253,4.251485157480348,0.0195,0.0,0.09679746897517517,0.0,0.0,0.0,0.27195,0.2,0.161804503954618,0.2,0.2,0.35,35.34314700048212,1000,4448.25,4500.0,133.26453954447146,4250.0,4500.0,4500.0,3.6479938960319434,3.6532125137753435,0.013032507403269751,4.2537769025177194,4.253909298451409,0.011689217880848703,4.2419973795611625,4.253909298451409,4.2650247297520645,1.0545,0.5,0.9835038129056745,0.0,0.5,2.5,0.4203,0.45,0.16473587951627294,0.2,0.45,0.55,29.139493594857065
690,82.606141,-66.959465,8750,2.5,0.55,4.361299363828661,115.14225810405411,/Users/shannonbowes/Research/ysg/candidates_and_lcs/2022_asassn_lc_data/pysynphot_data/grid/bosz/r2000/m-0.25/bosz2024_ap_t8750_g+2.5_m-0.25_a+0.00_c+0.00_v2_r2000_resam.txt.gz,12000,2.0,0.75,4.562835168474069,100.86653977229835,/Users/shannonbowes/Research/ysg/candidates_and_lcs/2022_asassn_lc_data/pysynphot_data/grid/bosz/r2000/m-0.25/bosz2024_ap_t12000_g+2.0_m-0.25_a+0.00_c+0.00_v2_r2000_resam.txt.gz,1000,8275.75,8250.0,296.8997094980054,8000.0,8250.0,8500.0,3.917534237964769,3.916453948549925,0.015316548033915894,4.363243217334912,4.363374541672462,0.008638336009479816,4.354441236778235,4.363374541672462,4.37160372285463,2.171,2.0,0.23718979741970356,2.0,2.0,2.5,0.3545,0.35,0.10733009829493309,0.25,0.35,0.45,190.4786652650133,1000,12119.5,12000.0,473.25442417372074,12000.0,12000.0,12000.0,4.083182259158278,4.079181246047625,0.015844209052836823,4.558894946862384,4.553393831989282,0.039091655227973976,4.526154797566647,4.553393831989282,4.584681736980264,2.06,2.0,0.23748684174075838,2.0,2.0,2.0,0.7664500000000001,0.75,0.08192617103221657,0.7,0.75,0.85,173.91641232081025
691,82.612863,-67.102829,4500,1.0,1.0,4.1264350740801214,8.949248360253353,/Users/shannonbowes/Research/ysg/candidates_and_lcs/2022_asassn_lc_data/pysynphot_data/grid/bosz/r2000/m-0.25/bosz2024_ms_t4500_g+1.0_m-0.25_a+0.00_c+0.00_v2_r2000_resam.txt.gz,4250,0.5,0.5,4.138898084537092,4.74791511472222,/Users/shannonbowes/Research/ysg/candidates_and_lcs/2022_asassn_lc_data/pysynphot_data/grid/bosz/r2000/m-0.25/bosz2024_ms_t4250_g+0.5_m-0.25_a+0.00_c+0.00_v2_r2000_resam.txt.gz,1000,4468.75,4500.0,82.67972847076845,4500.0,4500.0,4500.0,3.6501095658097147,3.6532125137753435,0.008209628648228101,4.13618636649967,4.136029259846536,0.0082172379157669,4.12804032352786,4.136029259846536,4.144481796520046,1.0685,1.0,0.3585495084364222,1.0,1.0,1.0,0.9546499999999999,1.0,0.09579080070653968,0.9,1.0,1.0,38.75566500628521,1000,4316.25,4250.0,115.85955938117493,4250.0,4250.0,4500.0,3.6349535919915694,3.6283889300503116,0.011463797880762574,4.149053420897255,4.148907739033687,0.009192024849801366,4.140450102259072,4.148907739033687,4.158137652205622,0.622,0.0,0.8692617557444939,0.0,0.0,1.5,0.5127999999999999,0.45,0.1972844646696744,0.35,0.45,0.75,27.502755873366745
692,82.623667,-66.622704,7750,2.0,0.55,4.429047945939074,61.56311212803447,/Users/shannonbowes/Research/ysg/candidates_and_lcs/2022_asassn_lc_data/pysynphot_data/grid/bosz/r2000/m-0.25/bosz2024_ms_t7750_g+2.0_m-0.25_a+0.00_c+0.00_v2_r2000_resam.txt.gz,11750,2.0,0.55,4.7957245348407,24.11339984481857,/Users/shannonbowes/Research/ysg/candidates_and_lcs/2022_asassn_lc_data/pysynphot_data/grid/bosz/r2000/m-0.25/bosz2024_ap_t11750_g+2.0_m-0.25_a+0.00_c+0.00_v2_r2000_resam.txt.gz,1000,7428.75,7500.0,248.96975217885404,7000.0,7500.0,7750.0,3.870667414882981,3.8750612633917,0.01475323060232509,4.435338008391534,4.436361098722651,0.020771076008694087,4.41252698765867,4.436361098722651,4.455985541517889,1.8895,2.0,0.20746023715401463,1.5,2.0,2.0,0.32525,0.3,0.09937272009963297,0.2,0.3,0.45,120.1420697842583,1000,10631.0,11750.0,1761.7360755799946,8000.0,11750.0,12000.0,4.019905442135301,4.0700378666077555,0.07819657627151395,4.719178945478363,4.748973939518974,0.11292986511962809,4.572395926430542,4.748973939518974,4.826228761951452,1.9995,2.0,0.01580348062927911,2.0,2.0,2.0,0.47020000000000006,0.5,0.21438740634654826,0.2,0.5,0.7,66.54683448252796
693,82.656436,-69.722893,5500,2.5,0.3,4.002675000120026,3318.3978662302393,/Users/shannonbowes/Research/ysg/candidates_and_lcs/2022_asassn_lc_data/pysynphot_data/grid/bosz/r2000/m-0.25/bosz2024_ms_t5500_g+2.5_m-0.25_a+0.00_c+0.00_v2_r2000_resam.txt.gz,4000,1.0,0.85,3.64506387825346,2401.7790089954005,/Users/shannonbowes/Research/ysg/candidates_and_lcs/2022_asassn_lc_data/pysynphot_data/grid/bosz/r2000/m-0.25/bosz2024_ms_t4000_g+1.0_m-0.25_a+0.00_c+0.00_v2_r2000_resam.txt.gz,1000,5499.75,5500.0,7.901740314639554,5500.0,5500.0,5500.0,3.740342486108154,3.7403626894942437,0.00063856764138417,3.9915869341857895,3.991662293179961,0.008425056482053106,3.9828150712614714,3.991662293179961,3.9998317671650128,2.5,2.5,0.0,2.5,2.5,2.5,0.2974,0.3,0.0346877499990991,0.25,0.3,0.35,3669.7955665518953,1000,4224.25,4250.0,76.80779582828816,4250.0,4250.0,4250.0,3.625675544006913,3.6283889300503116,0.008083804795388241,3.67328642727803,3.6747139903186867,0.013208596794669085,3.6602793015431807,3.6747139903186867,3.685935986337321,1.826,2.0,0.3481723711037394,1.5,2.0,2.0,0.98295,1.0,0.048957098565989385,1.0,1.0,1.0,2700.345004484856
694,82.657663,-68.410896,14000,3.0,0.35,4.779575933948849,88.74278024254292,/Users/shannonbowes/Research/ysg/candidates_and_lcs/2022_asassn_lc_data/pysynphot_data/grid/bosz/r2000/m-0.25/bosz2024_ap_t14000_g+3.0_m-0.25_a+0.00_c+0.00_v2_r2000_resam.txt.gz,11500,2.0,0.35,4.553759539629911,0.010841274627625113,/Users/shannonbowes/Research/ysg/candidates_and_lcs/2022_asassn_lc_data/pysynphot_data/grid/bosz/r2000/m-0.25/bosz2024_ap_t11500_g+2.0_m-0.25_a+0.00_c+0.00_v2_r2000_resam.txt.gz,1000,13586.0,14000.0,810.3110513870585,12000.0,14000.0,14000.0,4.132270050224702,4.146128035678238,0.027123861746285147,4.763185605786871,4.784151914484934,0.051288164029418895,4.669983041229723,4.784151914484934,4.799386818559986,2.793,3.0,0.40515552569352914,2.0,3.0,3.0,0.3126999999999999,0.3,0.039858625164448394,0.25,0.3,0.35,178.90333911984814,1000,10960.25,10500.0,1159.679885787453,10250.0,10500.0,12000.0,4.037558620384751,4.021189299069938,0.04355987627641972,4.509501738107923,4.488344089834159,0.0699501063339621,4.451010316762583,4.488344089834159,4.577440241582792,2.617,3.0,0.4475611690037463,2.0,3.0,3.0,0.3176,0.3,0.09008462687939603,0.25,0.3,0.4,4.268202371072392
695,82.66349,-69.119286,5500,2.5,0.75,4.086410450267547,204.1569163294387,/Users/shannonbowes/Research/ysg/candidates_and_lcs/2022_asassn_lc_data/pysynphot_data/grid/bosz/r2000/m-0.25/bosz2024_ms_t5500_g+2.5_m-0.25_a+0.00_c+0.00_v2_r2000_resam.txt.gz,5250,0.5,0.9,4.021541418697902,1.255391652616721,/Users/shannonbowes/Research/ysg/candidates_and_lcs/2022_asassn_lc_data/pysynphot_data/grid/bosz/r2000/m-0.25/bosz2024_ms_t5250_g+0.5_m-0.25_a+0.00_c+0.00_v2_r2000_resam.txt.gz,1000,5500.75,5500.0,13.672508913875317,5500.0,5500.0,5500.0,3.7404206049598283,3.7403626894942437,0.0010557996259706944,4.0980307307777855,4.097918661916057,0.008663685344447293,4.089002380611451,4.097918661916057,4.106720042758701,2.5,2.5,0.0,2.5,2.5,2.5,0.8182999999999999,0.8,0.033986909244590024,0.8,0.8,0.85,328.37718937780556,1000,5041.75,5250.0,237.05365953724487,4750.0,5250.0,5250.0,3.7020925807996083,3.720159303405957,0.020695811900559663,4.0211548197486096,4.021400419490298,0.009285123337852124,4.011885247966288,4.021400419490298,4.030096569470484,0.357,0.5,0.36407554161190225,0.0,0.5,0.5,0.7550999999999999,0.9,0.2625433107127279,0.4,0.9,1.0,22.647223231476335
696,82.67394,-69.192993,12000,2.0,0.85,4.338037820168952,85.03708161213319,/Users/shannonbowes/Research/ysg/candidates_and_lcs/2022_asassn_lc_data/pysynphot_data/grid/bosz/r2000/m-0.25/bosz2024_ap_t12000_g+2.0_m-0.25_a+0.00_c+0.00_v2_r2000_resam.txt.gz,12000,2.0,0.9,4.332475324948267,79.51615442462825,/Users/shannonbowes/Research/ysg/candidates_and_lcs/2022_asassn_lc_data/pysynphot_data/grid/bosz/r2000/m-0.25/bosz2024_ap_t12000_g+2.0_m-0.25_a+0.00_c+0.00_v2_r2000_resam.txt.gz,1000,12000.0,12000.0,0.0,12000.0,12000.0,12000.0,4.079181246047625,4.079181246047625,0.0,4.381926459938688,4.381585502139815,0.02068286941740002,4.3611179951486925,4.381585502139815,4.4018943839304825,2.0,2.0,0.0,2.0,2.0,2.0,0.7920499999999999,0.8,0.05928151060828326,0.75,0.8,0.85,161.91884054618464,1000,11982.25,12000.0,192.0219713991084,12000.0,12000.0,12000.0,4.078483228670701,4.079181246047625,0.0069101640297652275,4.360441547263488,4.357314578345216,0.04618464333475723,4.317484077012775,4.357314578345216,4.404940365353561,2.004,2.0,0.063118935352238,2.0,2.0,2.0,0.8423999999999999,0.85,0.11250439991395893,0.75,0.85,0.95,144.79611405481555
697,82.684413,-68.60955,6000,2.5,0.25,4.14302990887948,43.60201810506673,/Users/shannonbowes/Research/ysg/candidates_and_lcs/2022_asassn_lc_data/pysynphot_data/grid/bosz/r2000/m-0.25/bosz2024_ms_t6000_g+2.5_m-0.25_a+0.00_c+0.00_v2_r2000_resam.txt.gz,6500,1.0,0.85,4.0999530157535276,10.934654355391814,/Users/shannonbowes/Research/ysg/candidates_and_lcs/2022_asassn_lc_data/pysynphot_data/grid/bosz/r2000/m-0.25/bosz2024_ms_t6500_g+1.0_m-0.25_a+0.00_c+0.00_v2_r2000_resam.txt.gz,1000,6008.25,6000.0,44.659125607203734,6000.0,6000.0,6000.0,3.778736299693338,3.7781512503836434,0.003167004922187108,4.134574764848542,4.134054407313238,0.007251518341395332,4.127380769946946,4.134054407313238,4.142208805889515,2.5,2.5,0.0,2.5,2.5,2.5,0.271,0.25,0.034044089061098404,0.25,0.25,0.3,99.76643829218679,1000,6532.25,6500.0,208.9196915084837,6500.0,6500.0,6750.0,3.8148304466851024,3.8129133566428557,0.014371600822808944,4.0903566667733715,4.090263215088118,0.008949018156952435,4.0815486491722766,4.090263215088118,4.0995040410606025,1.1535,1.0,0.3149408674656244,1.0,1.0,1.5,0.90345,0.95,0.1371517316697095,0.85,0.95,1.0,49.710548216939266
698,82.71537,-67.028183,6750,1.5,0.5,4.31308741715536,0.09120604544631672,/Users/shannonbowes/Research/ysg/candidates_and_lcs/2022_asassn_lc_data/pysynphot_data/grid/bosz/r2000/m-0.25/bosz2024_ms_t6750_g+1.5_m-0.25_a+0.00_c+0.00_v2_r2000_resam.txt.gz,6500,2.5,0.35,4.302823711304968,0.0008652334116044253,/Users/shannonbowes/Research/ysg/candidates_and_lcs/2022_asassn_lc_data/pysynphot_data/grid/bosz/r2000/m-0.25/bosz2024_ms_t6500_g+2.5_m-0.25_a+0.00_c+0.00_v2_r2000_resam.txt.gz,1000,7037.0,7000.0,464.22623794869673,6500.0,7000.0,7500.0,3.8464454477554706,3.845098040014257,0.028586371604298305,4.321847707978382,4.322172474504779,0.013473450850554057,4.307919028336903,4.322172474504779,4.334993456015817,1.785,2.0,0.47620898773542697,1.5,2.0,2.5,0.6252000000000001,0.65,0.28232066874389483,0.25,0.65,0.95,8.037632098109482,1000,6866.25,7000.0,516.8882253447064,6250.0,7000.0,7500.0,3.8354932503375476,3.845098040014257,0.032619977010925214,4.285218718206975,4.2857116621516775,0.0366920641497603,4.248745417081236,4.2857116621516775,4.322258728725022,1.783,2.0,0.5214508605803619,1.0,2.0,2.5,0.6588499999999999,0.8,0.33068743172367465,0.2,0.8,1.0,3.812014526245253
699,82.717271,-68.693733,10500,2.0,0.75,4.322022501753219,21.729001387325585,/Users/shannonbowes/Research/ysg/candidates_and_lcs/2022_asassn_lc_data/pysynphot_data/grid/bosz/r2000/m-0.25/bosz2024_ap_t10500_g+2.0_m-0.25_a+0.00_c+0.00_v2_r2000_resam.txt.gz,12000,2.0,0.7,4.474098565664331,19.993933523910265,/Users/shannonbowes/Research/ysg/candidates_and_lcs/2022_asassn_lc_data/pysynphot_data/grid/bosz/r2000/m-0.25/bosz2024_ap_t12000_g+2.0_m-0.25_a+0.00_c+0.00_v2_r2000_resam.txt.gz,1000,10698.0,10500.0,1071.3524163411403,9750.0,10500.0,11750.0,4.027165279441204,4.021189299069938,0.042931596068643656,4.359347122709794,4.35072627341283,0.04816389926929913,4.3172137290645125,4.35072627341283,4.39810246942323,2.2745,2.0,0.4328969276860255,2.0,2.0,3.0,0.7348,0.75,0.15117526252664487,0.6,0.75,0.9,62.71015302778003,1000,12160.0,12000.0,548.2016052512068,12000.0,12000.0,12000.0,4.084528179892315,4.079181246047625,0.018369554470463026,4.4831145142982,4.474541548350689,0.05842561081998737,4.4285274490256885,4.474541548350689,4.540262806426784,2.082,2.0,0.2743647207641682,2.0,2.0,2.0,0.7407999999999999,0.75,0.12118316714791702,0.6,0.75,0.85,58.714110113130275
700,82.751967,-69.18647,12000,2.0,0.8,4.191717431013661,39.54841962129281,/Users/shannonbowes/Research/ysg/candidates_and_lcs/2022_asassn_lc_data/pysynphot_data/grid/bosz/r2000/m-0.25/bosz2024_ap_t12000_g+2.0_m-0.25_a+0.00_c+0.00_v2_r2000_resam.txt.gz,13000,3.0,1.0,4.200890566017352,0.022591780369186375,/Users/shannonbowes/Research/ysg/candidates_and_lcs/2022_asassn_lc_data/pysynphot_data/grid/bosz/r2000/m-0.25/bosz2024_ap_t13000_g+3.0_m-0.25_a+0.00_c+0.00_v2_r2000_resam.txt.gz,1000,12000.0,12000.0,0.0,12000.0,12000.0,12000.0,4.079181246047625,4.079181246047625,0.0,4.19681867810656,4.196961466116482,0.008434422583832112,4.188348846690404,4.196961466116482,4.205337877936709,2.0,2.0,0.0,2.0,2.0,2.0,0.7986500000000001,0.8,0.03529415674017442,0.75,0.8,0.85,103.51790114047975,1000,10728.5,11500.0,1674.7873745643058,7750.0,11500.0,12000.0,4.024380128704622,4.060697840353612,0.07593512268362591,4.076232504817804,4.101822043572684,0.06543991050773126,3.974591829445895,4.101822043572684,4.133077278572296,2.1085,2.0,0.2578327946557613,2.0,2.0,2.5,0.8164499999999999,0.95,0.28101938990041236,0.3,0.95,1.0,5.504721898703107
701,82.791314,-67.030815,4500,0.0,0.65,4.101579946080027,58.65276071593097,/Users/shannonbowes/Research/ysg/candidates_and_lcs/2022_asassn_lc_data/pysynphot_data/grid/bosz/r2000/m-0.25/bosz2024_ms_t4500_g+0.0_m-0.25_a+0.00_c+0.00_v2_r2000_resam.txt.gz,4750,0.0,1.0,4.110413483423907,57.85811193914206,/Users/shannonbowes/Research/ysg/candidates_and_lcs/2022_asassn_lc_data/pysynphot_data/grid/bosz/r2000/m-0.25/bosz2024_ms_t4750_g+0.0_m-0.25_a+0.00_c+0.00_v2_r2000_resam.txt.gz,1000,4467.5,4500.0,84.07585860400118,4500.0,4500.0,4500.0,3.649985447891089,3.6532125137753435,0.00834825646124147,4.118205239599738,4.118059579448881,0.007588985627994848,4.1108128414432885,4.118059579448881,4.1258825688386045,0.002,0.0,0.031559467676119,0.0,0.0,0.0,0.6723499999999999,0.7,0.14937529079469603,0.7,0.7,0.75,118.7680114667328,1000,4625.75,4750.0,169.18758080899437,4500.0,4750.0,4750.0,3.6648838862486004,3.6766936096248664,0.016203135102023557,4.124215808067805,4.124042668067392,0.007417926254902234,4.116811594618726,4.124042668067392,4.131628864872779,0.0015,0.0,0.027345017827750638,0.0,0.0,0.0,0.8083999999999999,0.95,0.23529649381153134,0.6,0.95,1.0,110.41647458910448
702,82.840846,-70.957069,5000,2.5,0.9,4.22966514607155,9.346525165160063,/Users/shannonbowes/Research/ysg/candidates_and_lcs/2022_asassn_lc_data/pysynphot_data/grid/bosz/r2000/m-0.25/bosz2024_ms_t5000_g+2.5_m-0.25_a+0.00_c+0.00_v2_r2000_resam.txt.gz,5000,2.0,1.0,4.231120884816476,5.322620716904855,/Users/shannonbowes/Research/ysg/candidates_and_lcs/2022_asassn_lc_data/pysynphot_data/grid/bosz/r2000/m-0.25/bosz2024_ms_t5000_g+2.0_m-0.25_a+0.00_c+0.00_v2_r2000_resam.txt.gz,1000,4998.75,5000.0,17.633419974582356,5000.0,5000.0,5000.0,3.698858622362463,3.6989700043360187,0.0015712360938452616,4.235742042101635,4.235862997040925,0.00717182590162488,4.228353597811969,4.235862997040925,4.243150373529755,2.4825,2.5,0.09457140159688869,2.5,2.5,2.5,0.923,0.9,0.03931920650267499,0.9,0.9,0.95,35.55953166040826,1000,4962.0,5000.0,140.73379125142617,4750.0,5000.0,5000.0,3.695479453239706,3.6989700043360187,0.012458580526474191,4.235359983473218,4.235018809982072,0.012340823098662954,4.223596991243904,4.235018809982072,4.247338203122827,2.0295,2.5,0.7258648290143282,1.0,2.5,2.5,0.8795499999999999,0.95,0.1649978711983885,0.75,0.95,1.0,30.583843225756663
703,82.869474,-71.389946,6250,1.0,0.3,3.9641764235508257,0.13781957520576218,/Users/shannonbowes/Research/ysg/candidates_and_lcs/2022_asassn_lc_data/pysynphot_data/grid/bosz/r2000/m-0.25/bosz2024_ms_t6250_g+1.0_m-0.25_a+0.00_c+0.00_v2_r2000_resam.txt.gz,7000,2.0,0.6,3.9885531255133304,0.023142830166445524,/Users/shannonbowes/Research/ysg/candidates_and_lcs/2022_asassn_lc_data/pysynphot_data/grid/bosz/r2000/m-0.25/bosz2024_ms_t7000_g+2.0_m-0.25_a+0.00_c+0.00_v2_r2000_resam.txt.gz,1000,6822.75,7000.0,312.881666928569,6500.0,7000.0,7000.0,3.833497031276761,3.845098040014257,0.02010735778673601,3.9624941095678348,3.9622397205036073,0.006734479620245382,3.9557861615451335,3.9622397205036073,3.969374593956468,2.188,2.5,0.4900571395255864,1.5,2.5,2.5,0.60005,0.65,0.17999304847687866,0.4,0.65,0.75,4.798433475322278,1000,7247.75,7500.0,472.5541635622312,6500.0,7500.0,7750.0,3.8592491076003417,3.8750612633917,0.029029593214669833,3.973901805593242,3.972936509939599,0.01591383578841596,3.9588077662063967,3.972936509939599,3.9894365422239333,2.161,2.5,0.4124063530063522,2.0,2.5,2.5,0.79085,0.95,0.258425574392319,0.4,0.95,1.0,1.828257776714824
704,82.910079,-67.469894,10250,2.0,1.0,5.305864115792311,25.40904145975884,/Users/shannonbowes/Research/ysg/candidates_and_lcs/2022_asassn_lc_data/pysynphot_data/grid/bosz/r2000/m-0.25/bosz2024_ap_t10250_g+2.0_m-0.25_a+0.00_c+0.00_v2_r2000_resam.txt.gz,7000,1.5,0.5,5.121342458267574,0.0011607330657083573,/Users/shannonbowes/Research/ysg/candidates_and_lcs/2022_asassn_lc_data/pysynphot_data/grid/bosz/r2000/m-0.25/bosz2024_ms_t7000_g+1.5_m-0.25_a+0.00_c+0.00_v2_r2000_resam.txt.gz,1000,10652.5,10750.0,434.0146886915234,10250.0,10750.0,11000.0,4.0270907470656665,4.031408464251625,0.017710430777248733,5.326659065665157,5.32579079733168,0.028966200146315856,5.297789888863889,5.32579079733168,5.3554806207642995,2.0,2.0,0.0,2.0,2.0,2.0,1.0,1.0,0.0,1.0,1.0,1.0,70.20752827188129,1000,7470.25,7500.0,664.3059818336728,6750.0,7500.0,8250.0,3.8716155842414435,3.8750612633917,0.038661857891413166,5.137441373578961,5.137426764284395,0.018316950827871215,5.118643060584316,5.137426764284395,5.156251253997312,2.109,2.0,0.4495764673556657,1.5,2.0,2.5,0.62295,0.65,0.31716840558290166,0.2,0.65,1.0,2.728858213639766
705,82.956683,-71.060585,12000,2.0,0.25,4.288823880194109,12.736334485323432,/Users/shannonbowes/Research/ysg/candidates_and_lcs/2022_asassn_lc_data/pysynphot_data/grid/bosz/r2000/m-0.25/bosz2024_ap_t12000_g+2.0_m-0.25_a+0.00_c+0.00_v2_r2000_resam.txt.gz,12000,2.0,0.65,4.102554949641564,0.005497500968413836,/Users/shannonbowes/Research/ysg/candidates_and_lcs/2022_asassn_lc_data/pysynphot_data/grid/bosz/r2000/m-0.25/bosz2024_ap_t12000_g+2.0_m-0.25_a+0.00_c+0.00_v2_r2000_resam.txt.gz,1000,12000.0,12000.0,0.0,12000.0,12000.0,12000.0,4.079181246047625,4.079181246047625,0.0,4.2814991671871585,4.280908940617932,0.012332879860172393,4.2690708038745155,4.280908940617932,4.2944326889711775,2.0,2.0,0.0,2.0,2.0,2.0,0.28969999999999996,0.3,0.03389557493243033,0.25,0.3,0.3,51.24318143657773,1000,10033.0,9250.0,1605.5874314405928,8500.0,9250.0,12000.0,3.996291747205959,3.9661417327390325,0.06555107278606166,4.0505696622816725,4.029393663693764,0.08178712008641019,3.975128146322533,4.029393663693764,4.1318861662025,2.38,2.5,0.38548670534792767,2.0,2.5,3.0,0.36970000000000003,0.3,0.18896272119124446,0.2,0.3,0.6,1.8029962496877157
706,82.982888,-69.023308,10750,2.5,0.75,4.059996408073722,0.3179693356625655,/Users/shannonbowes/Research/ysg/candidates_and_lcs/2022_asassn_lc_data/pysynphot_data/grid/bosz/r2000/m-0.25/bosz2024_ap_t10750_g+2.5_m-0.25_a+0.00_c+0.00_v2_r2000_resam.txt.gz,11250,2.5,0.75,4.1076927414285045,0.00571833295343754,/Users/shannonbowes/Research/ysg/candidates_and_lcs/2022_asassn_lc_data/pysynphot_data/grid/bosz/r2000/m-0.25/bosz2024_ap_t11250_g+2.5_m-0.25_a+0.00_c+0.00_v2_r2000_resam.txt.gz,1000,10247.25,10250.0,536.7074971527787,9750.0,10250.0,10750.0,4.010024112383701,4.010723865391773,0.02239500948353324,4.0487094153108325,4.045139244258005,0.018508471459853165,4.031979501194392,4.045139244258005,4.0658321567866444,2.3465,2.5,0.3703886472342261,2.0,2.5,3.0,0.66775,0.65,0.08238590595484156,0.6,0.65,0.75,7.052366345178185,1000,11698.5,11750.0,1521.2158788285112,11000.0,11750.0,13000.0,4.063942608162971,4.0700378666077555,0.06248737313654553,4.1186327071814794,4.1161586515101325,0.07719322376979305,4.06959253306256,4.1161586515101325,4.1955669111496885,2.2885,2.0,0.43705577447277827,2.0,2.0,3.0,0.8103499999999999,0.85,0.19620238912918467,0.75,0.85,0.95,3.9963707794971013
707,83.015543,-66.657982,7750,2.0,0.2,4.266424138397997,55.859438074129415,/Users/shannonbowes/Research/ysg/candidates_and_lcs/2022_asassn_lc_data/pysynphot_data/grid/bosz/r2000/m-0.25/bosz2024_ms_t7750_g+2.0_m-0.25_a+0.00_c+0.00_v2_r2000_resam.txt.gz,14000,3.0,0.2,4.915409730751647,2.334178153084418,/Users/shannonbowes/Research/ysg/candidates_and_lcs/2022_asassn_lc_data/pysynphot_data/grid/bosz/r2000/m-0.25/bosz2024_ap_t14000_g+3.0_m-0.25_a+0.00_c+0.00_v2_r2000_resam.txt.gz,1000,7814.0,7750.0,109.10545357588684,7750.0,7750.0,8000.0,3.8928315033346315,3.88930170250631,0.006017508131353682,4.281987189658279,4.2794996896612645,0.01466701700236635,4.267898821536011,4.2794996896612645,4.2987386488719785,2.119,2.0,0.21292956581931033,2.0,2.0,2.5,0.20785000000000006,0.2,0.019258180080163334,0.2,0.2,0.2,117.2934818102275,1000,12327.5,12000.0,757.9536595333517,12000.0,12000.0,14000.0,4.090105863063216,4.079181246047625,0.025426593839972887,4.7381100834262515,4.734242211021341,0.09960183518119037,4.648388506223171,4.734242211021341,4.898189602508511,2.174,2.0,0.3791094828674166,2.0,2.0,3.0,0.2774000000000001,0.2,0.10912946439894224,0.2,0.2,0.4,31.29404804096039
708,83.069673,-66.395912,4500,0.5,0.8,4.055587498355803,1.6784961214449108,/Users/shannonbowes/Research/ysg/candidates_and_lcs/2022_asassn_lc_data/pysynphot_data/grid/bosz/r2000/m-0.25/bosz2024_ms_t4500_g+0.5_m-0.25_a+0.00_c+0.00_v2_r2000_resam.txt.gz,4500,1.0,0.65,4.0329447888851435,0.03625624590823026,/Users/shannonbowes/Research/ysg/candidates_and_lcs/2022_asassn_lc_data/pysynphot_data/grid/bosz/r2000/m-0.25/bosz2024_ms_t4500_g+1.0_m-0.25_a+0.00_c+0.00_v2_r2000_resam.txt.gz,1000,4498.75,4500.0,103.97565820902506,4500.0,4500.0,4500.0,3.6529756268751763,3.6532125137753435,0.010054899230034164,4.036129104724039,4.036305676534042,0.007669947249803357,4.028715633631672,4.036305676534042,4.043780820724618,0.3505,0.5,0.2782081055612866,0.0,0.5,0.5,0.72515,0.75,0.14470652196773995,0.6,0.75,0.8,15.305546637297015,1000,4396.25,4250.0,167.84944891181502,4250.0,4250.0,4500.0,3.642771107790403,3.6283889300503116,0.01637473129804622,4.040086219605682,4.040083266437968,0.007729612391893675,4.032625210983484,4.040083266437968,4.047429619656024,0.5645,0.5,0.7483914416934496,0.0,0.5,1.0,0.48560000000000003,0.4,0.24846054012659635,0.25,0.4,0.75,6.170039895743646
709,83.086202,-68.846603,7500,2.5,0.9,3.9834517812033967,2.4271480236285896,/Users/shannonbowes/Research/ysg/candidates_and_lcs/2022_asassn_lc_data/pysynphot_data/grid/bosz/r2000/m-0.25/bosz2024_ms_t7500_g+2.5_m-0.25_a+0.00_c+0.00_v2_r2000_resam.txt.gz,7500,2.5,0.9,3.9836489016271477,1.7776095333411817,/Users/shannonbowes/Research/ysg/candidates_and_lcs/2022_asassn_lc_data/pysynphot_data/grid/bosz/r2000/m-0.25/bosz2024_ap_t7500_g+2.5_m-0.25_a+0.00_c+0.00_v2_r2000_resam.txt.gz,1000,7433.25,7500.0,327.6536853142354,7250.0,7500.0,7750.0,3.870732911721518,3.8750612633917,0.019956251287195283,3.987767937872736,3.9878670396548346,0.0059946073335783645,3.981698851099863,3.9878670396548346,3.9935929167169233,2.138,2.0,0.40553174968182215,2.0,2.0,2.5,0.88105,0.95,0.1668634097098582,0.75,0.95,1.0,21.514491832731206,1000,7528.25,7750.0,371.50294413369056,7500.0,7750.0,7750.0,3.8761276672569482,3.88930170250631,0.022567949898742744,3.9922083419434147,3.9918918384937765,0.009826552964383983,3.982159242902439,3.9918918384937765,4.001929881808734,2.0905,2.0,0.38152293509040847,2.0,2.0,2.5,0.9058499999999999,0.95,0.1879980784476267,0.9,0.95,1.0,19.170188118854618
710,83.117512,-69.606491,5250,2.5,0.2,3.9271966508949117,3128.087471023252,/Users/shannonbowes/Research/ysg/candidates_and_lcs/2022_asassn_lc_data/pysynphot_data/grid/bosz/r2000/m-0.25/bosz2024_ms_t5250_g+2.5_m-0.25_a+0.00_c+0.00_v2_r2000_resam.txt.gz,4250,2.5,0.2,3.6999384542262477,2636.281929056049,/Users/shannonbowes/Research/ysg/candidates_and_lcs/2022_asassn_lc_data/pysynphot_data/grid/bosz/r2000/m-0.25/bosz2024_ms_t4250_g+2.5_m-0.25_a+0.00_c+0.00_v2_r2000_resam.txt.gz,1000,5317.0,5250.0,110.72939989000211,5250.0,5250.0,5500.0,3.7255738108776177,3.720159303405957,0.00894843526920799,3.9338364318271526,3.9338282066873633,0.011787798882791762,3.9217327644565336,3.9338282066873633,3.9457275994655774,2.5,2.5,0.0,2.5,2.5,2.5,0.23010000000000003,0.2,0.05117606862587237,0.2,0.2,0.3,3533.5814770349375,1000,4258.75,4250.0,45.94493987372277,4250.0,4250.0,4250.0,3.629257755480689,3.6283889300503116,0.004562072246787655,3.7065951688499026,3.705922594944324,0.009886270328544894,3.6973221094899134,3.705922594944324,3.7150670561832126,2.499,2.5,0.022338307903688678,2.5,2.5,2.5,0.20235000000000003,0.2,0.015065772466090145,0.2,0.2,0.2,2964.273263563609
711,83.150667,-69.017799,10250,2.5,0.6,4.029391759202241,0.19029046012376427,/Users/shannonbowes/Research/ysg/candidates_and_lcs/2022_asassn_lc_data/pysynphot_data/grid/bosz/r2000/m-0.25/bosz2024_ap_t10250_g+2.5_m-0.25_a+0.00_c+0.00_v2_r2000_resam.txt.gz,9000,2.5,0.5,3.962161858877791,0.004648887279075071,/Users/shannonbowes/Research/ysg/candidates_and_lcs/2022_asassn_lc_data/pysynphot_data/grid/bosz/r2000/m-0.25/bosz2024_ap_t9000_g+2.5_m-0.25_a+0.00_c+0.00_v2_r2000_resam.txt.gz,1000,10090.5,10000.0,461.85468493888857,9750.0,10000.0,10500.0,4.003465919184484,4.0,0.019615253448365212,4.026815060547064,4.024740606834214,0.01595619224235132,4.01135362457662,4.024740606834214,4.041263812423425,2.2815,2.0,0.3361662535115623,2.0,2.0,2.5,0.5755,0.55,0.07038998508310682,0.5,0.55,0.65,6.290511124048804,1000,8616.75,8000.0,1268.683150948258,8000.0,8000.0,9539.999999999993,3.9313840696643565,3.9030899869919438,0.05620226209681792,3.9645032771045625,3.946170494149329,0.05528341104081586,3.929644101674448,3.946170494149329,3.9971597091877666,2.261,2.0,0.3184006909540242,2.0,2.0,2.5,0.32494999999999996,0.25,0.1900263073892665,0.2,0.25,0.55,2.838545831371119
712,83.15235,-70.806839,7250,2.0,0.45,4.436488855427815,0.16713701739640727,/Users/shannonbowes/Research/ysg/candidates_and_lcs/2022_asassn_lc_data/pysynphot_data/grid/bosz/r2000/m-0.25/bosz2024_ms_t7250_g+2.0_m-0.25_a+0.00_c+0.00_v2_r2000_resam.txt.gz,7000,1.5,0.3,4.431997887253404,0.0033217033207241908,/Users/shannonbowes/Research/ysg/candidates_and_lcs/2022_asassn_lc_data/pysynphot_data/grid/bosz/r2000/m-0.25/bosz2024_ms_t7000_g+1.5_m-0.25_a+0.00_c+0.00_v2_r2000_resam.txt.gz,1000,7508.75,7500.0,473.40356726581604,7000.0,7500.0,8000.0,3.8747116142323503,3.8750612633917,0.027219955367365486,4.435814981372546,4.43642896110304,0.010103174464340663,4.425695048391179,4.43642896110304,4.446064347292408,2.037,2.0,0.34151281088708807,1.5,2.0,2.5,0.54655,0.55,0.21020370477229938,0.3,0.55,0.75,4.852335166612222,1000,7607.5,7250.0,951.4823960536527,6750.0,7250.0,8500.0,3.8782238585703497,3.8603380065709936,0.04980759243637658,4.455097887395557,4.451852054707388,0.05530844702350526,4.403842863277522,4.451852054707388,4.502635419650536,2.1995,2.5,0.39553729280562155,2.0,2.5,2.5,0.4756,0.3,0.3190213785939745,0.2,0.3,0.95,1.9276316779674008
713,83.187091,-66.874779,8500,2.5,0.2,4.312141505542276,1.092234097323374,/Users/shannonbowes/Research/ysg/candidates_and_lcs/2022_asassn_lc_data/pysynphot_data/grid/bosz/r2000/m-0.25/bosz2024_ap_t8500_g+2.5_m-0.25_a+0.00_c+0.00_v2_r2000_resam.txt.gz,10000,2.5,0.6,4.325603293285486,0.025994531000633442,/Users/shannonbowes/Research/ysg/candidates_and_lcs/2022_asassn_lc_data/pysynphot_data/grid/bosz/r2000/m-0.25/bosz2024_ap_t10000_g+2.5_m-0.25_a+0.00_c+0.00_v2_r2000_resam.txt.gz,1000,8964.0,8750.0,632.6167876368758,8500.0,8750.0,9750.0,3.9514657926008567,3.942008053022313,0.02969296028283273,4.320782206070399,4.316978046042211,0.025979295861372948,4.295043956573508,4.316978046042211,4.346028869393513,2.151,2.0,0.25337521583611916,2.0,2.0,2.5,0.33025,0.3,0.11531451556504065,0.2,0.3,0.45,13.676971083975932,1000,11661.75,11750.0,1683.7530809177456,9960.0,11750.0,13500.0,4.061830127799025,4.0700378666077555,0.06700928379468396,4.444148244313723,4.444745910470913,0.08701186711296112,4.348461003684047,4.444745910470913,4.552728799145956,2.2765,2.0,0.44361892430328087,2.0,2.0,3.0,0.6410999999999999,0.65,0.18425740147956063,0.5,0.65,0.8,9.446201880097854
714,83.242337,-67.555969,11750,2.0,0.6,4.469005798856656,82.52401482347646,/Users/shannonbowes/Research/ysg/candidates_and_lcs/2022_asassn_lc_data/pysynphot_data/grid/bosz/r2000/m-0.25/bosz2024_ap_t11750_g+2.0_m-0.25_a+0.00_c+0.00_v2_r2000_resam.txt.gz,11750,2.0,0.65,4.445598627157649,78.84659695993874,/Users/shannonbowes/Research/ysg/candidates_and_lcs/2022_asassn_lc_data/pysynphot_data/grid/bosz/r2000/m-0.25/bosz2024_ap_t11750_g+2.0_m-0.25_a+0.00_c+0.00_v2_r2000_resam.txt.gz,1000,11998.75,12000.0,69.36092199502541,12000.0,12000.0,12000.0,4.079129328904537,4.079181246047625,0.002359236166783177,4.471588116487377,4.471283721404016,0.008924554047803276,4.463283755734845,4.471283721404016,4.47977724129978,2.001,2.0,0.03160696125855822,2.0,2.0,2.0,0.6768500000000002,0.7,0.027505953900928404,0.65,0.7,0.7,150.93077278659663,1000,11969.5,12000.0,303.6358839136112,11750.0,12000.0,12000.0,4.077947949084082,4.079181246047625,0.01032188640666493,4.440987451320471,4.438823389633667,0.024214784722419024,4.422784816618292,4.438823389633667,4.455904011245411,2.019,2.0,0.13652472303579305,2.0,2.0,2.0,0.76025,0.75,0.052272722332015596,0.7,0.75,0.8,139.75322043476967
715,83.25456,-69.374802,10750,3.0,0.9,4.652926332847624,0.21655359729148793,/Users/shannonbowes/Research/ysg/candidates_and_lcs/2022_asassn_lc_data/pysynphot_data/grid/bosz/r2000/m-0.25/bosz2024_ap_t10750_g+3.0_m-0.25_a+0.00_c+0.00_v2_r2000_resam.txt.gz,11500,2.0,0.95,4.696737291700221,0.008976953117764504,/Users/shannonbowes/Research/ysg/candidates_and_lcs/2022_asassn_lc_data/pysynphot_data/grid/bosz/r2000/m-0.25/bosz2024_ap_t11500_g+2.0_m-0.25_a+0.00_c+0.00_v2_r2000_resam.txt.gz,1000,10651.0,10750.0,560.0883858820856,10000.0,10750.0,11250.0,4.026780908063864,4.031408464251625,0.023098376838110217,4.655972784248993,4.655563919506987,0.01920961885471113,4.635390917204626,4.655563919506987,4.6760564235852975,2.7,3.0,0.372827037646145,2.5,3.0,3.0,0.8873,0.9,0.08212009498289684,0.8,0.9,1.0,6.572353471831431,1000,10514.5,10500.0,1207.234339306168,9500.0,10500.0,11750.0,4.018702707728785,4.021189299069938,0.05284134606087889,4.63417916597001,4.6248643187536285,0.06121698100498731,4.578410109404239,4.6248643187536285,4.697749598100525,2.79,3.0,0.34985711369071804,2.5,3.0,3.0,0.9111,1.0,0.18076722601179673,0.8,1.0,1.0,3.8589180382553887
716,83.291798,-67.733246,5250,1.0,0.9,4.5984761127264955,148.1804976886119,/Users/shannonbowes/Research/ysg/candidates_and_lcs/2022_asassn_lc_data/pysynphot_data/grid/bosz/r2000/m-0.25/bosz2024_ms_t5250_g+1.0_m-0.25_a+0.00_c+0.00_v2_r2000_resam.txt.gz,5250,0.5,0.9,4.5989120473679295,144.8521717412154,/Users/shannonbowes/Research/ysg/candidates_and_lcs/2022_asassn_lc_data/pysynphot_data/grid/bosz/r2000/m-0.25/bosz2024_ms_t5250_g+0.5_m-0.25_a+0.00_c+0.00_v2_r2000_resam.txt.gz,1000,5250.0,5250.0,0.0,5250.0,5250.0,5250.0,3.720159303405957,3.720159303405957,0.0,4.6020079634554625,4.601951766393885,0.007396309701889914,4.594479039944945,4.601951766393885,4.608874718611266,0.686,0.5,0.2508066984751404,0.5,0.5,1.0,0.8947999999999999,0.9,0.04475444112040725,0.85,0.9,0.95,229.71480516654546,1000,5273.0,5250.0,81.21576201698781,5250.0,5250.0,5250.0,3.7220071698832817,3.720159303405957,0.006600488709129359,4.60186075127936,4.60161537200523,0.008040165460193004,4.594058328904548,4.60161537200523,4.609605334021497,0.4945,0.5,0.05215122242095578,0.5,0.5,0.5,0.91795,0.9,0.05770872984219978,0.85,0.9,1.0,224.99551900016948
717,83.371852,-67.338905,4250,0.0,0.55,4.2726799974249055,1.0190609382961198,/Users/shannonbowes/Research/ysg/candidates_and_lcs/2022_asassn_lc_data/pysynphot_data/grid/bosz/r2000/m-0.25/bosz2024_ms_t4250_g+0.0_m-0.25_a+0.00_c+0.00_v2_r2000_resam.txt.gz,4250,0.5,0.55,4.2564080796994,0.00929138985314903,/Users/shannonbowes/Research/ysg/candidates_and_lcs/2022_asassn_lc_data/pysynphot_data/grid/bosz/r2000/m-0.25/bosz2024_ms_t4250_g+0.5_m-0.25_a+0.00_c+0.00_v2_r2000_resam.txt.gz,1000,4284.75,4250.0,86.48663191499597,4250.0,4250.0,4250.0,3.6318394081880925,3.6283889300503116,0.008587632593751678,4.2620691063940175,4.261976328503751,0.007653777854790479,4.254720905167033,4.261976328503751,4.270158233703993,0.001,0.0,0.022338307903688678,0.0,0.0,0.0,0.6112000000000001,0.55,0.14534290488358897,0.55,0.55,0.6,14.129173296011256,1000,4437.75,4500.0,108.68503806872407,4250.0,4500.0,4500.0,3.6470299360728133,3.6532125137753435,0.010797974801621906,4.26804607832734,4.267987429372081,0.007282491877127988,4.2611037443987465,4.267987429372081,4.275321237263734,0.6205,0.5,0.7390735754984074,0.0,0.5,1.5,0.77515,0.85,0.172988373886802,0.5,0.85,0.9,0.6067294082128609
718,83.400133,-67.500008,7250,2.5,0.85,4.071237482220856,10.134406328194883,/Users/shannonbowes/Research/ysg/candidates_and_lcs/2022_asassn_lc_data/pysynphot_data/grid/bosz/r2000/m-0.25/bosz2024_ms_t7250_g+2.5_m-0.25_a+0.00_c+0.00_v2_r2000_resam.txt.gz,7500,2.5,1.0,4.066279614759992,9.055138487293428,/Users/shannonbowes/Research/ysg/candidates_and_lcs/2022_asassn_lc_data/pysynphot_data/grid/bosz/r2000/m-0.25/bosz2024_ap_t7500_g+2.5_m-0.25_a+0.00_c+0.00_v2_r2000_resam.txt.gz,1000,6989.0,7000.0,325.0061537878937,6750.0,7000.0,7250.0,3.843938450729751,3.845098040014257,0.02042541029047742,4.071487898392467,4.071396554247405,0.00599791599260676,4.065699570264485,4.071396554247405,4.077591555482623,1.9645,2.0,0.49898872732758204,1.5,2.0,2.5,0.7448500000000001,0.75,0.1818542754515274,0.6,0.75,0.9,39.809996890351336,1000,6952.75,7000.0,445.90350693844067,6500.0,7000.0,7500.0,3.8412449483327715,3.845098040014257,0.02828632891975939,4.066357419397427,4.066226781216464,0.009648080479071793,4.056908101697067,4.066226781216464,4.075806249233371,1.7465,2.0,0.561682962177063,1.0,2.0,2.5,0.7485999999999999,0.85,0.2535508627474969,0.45,0.85,1.0,37.711691491873005
719,83.401523,-69.386848,5000,0.0,0.4,3.987101403990663,12.614092836427922,/Users/shannonbowes/Research/ysg/candidates_and_lcs/2022_asassn_lc_data/pysynphot_data/grid/bosz/r2000/m-0.25/bosz2024_ms_t5000_g+0.0_m-0.25_a+0.00_c+0.00_v2_r2000_resam.txt.gz,5500,0.5,0.9,4.018878507811447,5.4737657987297705,/Users/shannonbowes/Research/ysg/candidates_and_lcs/2022_asassn_lc_data/pysynphot_data/grid/bosz/r2000/m-0.25/bosz2024_ms_t5500_g+0.5_m-0.25_a+0.00_c+0.00_v2_r2000_resam.txt.gz,1000,4999.75,5000.0,57.553779198242054,5000.0,5000.0,5000.0,3.698919463454636,3.6989700043360187,0.005006946319574146,4.0022309956023365,4.001891823189229,0.008285153906962996,3.9941962559443254,4.001891823189229,4.01081847592461,0.197,0.0,0.2533594284805679,0.0,0.0,0.5,0.48095000000000004,0.45,0.09465515041454428,0.4,0.45,0.55,67.65276447516894,1000,5449.5,5500.0,169.77853221182,5500.0,5500.0,5500.0,3.736131391212748,3.7403626894942437,0.01422433848528143,4.0237696683739115,4.024103968826952,0.00838197591425687,4.015394745068743,4.024103968826952,4.031935186992944,0.7775,0.5,0.46502016085326886,0.5,0.5,1.5,0.8867999999999999,0.95,0.16825801615376307,0.85,0.95,1.0,43.58252352671932
720,83.437062,-67.000183,8000,2.0,0.25,4.301204448926335,52.86095021675559,/Users/shannonbowes/Research/ysg/candidates_and_lcs/2022_asassn_lc_data/pysynphot_data/grid/bosz/r2000/m-0.25/bosz2024_ap_t8000_g+2.0_m-0.25_a+0.00_c+0.00_v2_r2000_resam.txt.gz,12000,2.0,0.65,4.528611186034651,43.45034203829273,/Users/shannonbowes/Research/ysg/candidates_and_lcs/2022_asassn_lc_data/pysynphot_data/grid/bosz/r2000/m-0.25/bosz2024_ap_t12000_g+2.0_m-0.25_a+0.00_c+0.00_v2_r2000_resam.txt.gz,1000,8272.75,8250.0,384.9284836174117,8000.0,8250.0,8750.0,3.917195409032651,3.916453948549925,0.019707738047447264,4.288851905102792,4.28891033607045,0.008315797371455316,4.280521439020598,4.28891033607045,4.297251604563949,2.2905,2.5,0.24971934246269348,2.0,2.5,2.5,0.3693,0.35,0.13443403586889743,0.25,0.35,0.5,102.0751315641762,1000,12176.0,12000.0,566.5897987080248,12000.0,12000.0,12000.0,4.085072563535119,4.079181246047625,0.018965684030478765,4.516153142438244,4.508732829408118,0.051818615894495525,4.469267242510612,4.508732829408118,4.558044736082348,2.088,2.0,0.28329489935401236,2.0,2.0,2.0,0.722,0.7,0.10428806259586952,0.6,0.7,0.85,89.50867296738873
721,83.475324,-68.799622,7000,2.0,0.2,3.9089666381139847,0.37515007584625265,/Users/shannonbowes/Research/ysg/candidates_and_lcs/2022_asassn_lc_data/pysynphot_data/grid/bosz/r2000/m-0.25/bosz2024_ms_t7000_g+2.0_m-0.25_a+0.00_c+0.00_v2_r2000_resam.txt.gz,7000,1.5,0.25,3.8894123454916447,0.010908052422157205,/Users/shannonbowes/Research/ysg/candidates_and_lcs/2022_asassn_lc_data/pysynphot_data/grid/bosz/r2000/m-0.25/bosz2024_ms_t7000_g+1.5_m-0.25_a+0.00_c+0.00_v2_r2000_resam.txt.gz,1000,8181.0,8250.0,478.52795111675556,7750.0,8250.0,8500.0,3.912033659091151,3.916453948549925,0.026173124689747015,3.9084975539079068,3.9083893787340345,0.006447253606236477,3.902134167135684,3.9083893787340345,3.915074766099774,2.0805,2.0,0.23721245751435568,2.0,2.0,2.5,0.74665,0.8,0.19246110646050021,0.6,0.8,0.9,6.080706548775246,1000,8229.5,8250.0,758.3401281746866,7250.0,8250.0,9000.0,3.9134736127624157,3.916453948549925,0.04093900674354717,3.8987847338765826,3.8968713741460044,0.01603545440534832,3.8838119808705356,3.8968713741460044,3.9142947080396855,2.3215,2.5,0.27274117767583245,2.0,2.5,2.5,0.7696000000000001,0.9,0.26977924308589796,0.4,0.9,1.0,2.086382532174593
722,83.492801,-68.694839,14000,3.0,0.8,4.392479315574195,8.38226925309645,/Users/shannonbowes/Research/ysg/candidates_and_lcs/2022_asassn_lc_data/pysynphot_data/grid/bosz/r2000/m-0.25/bosz2024_ap_t14000_g+3.0_m-0.25_a+0.00_c+0.00_v2_r2000_resam.txt.gz,12000,2.0,0.75,4.238767628036109,3.182580450082963,/Users/shannonbowes/Research/ysg/candidates_and_lcs/2022_asassn_lc_data/pysynphot_data/grid/bosz/r2000/m-0.25/bosz2024_ap_t12000_g+2.0_m-0.25_a+0.00_c+0.00_v2_r2000_resam.txt.gz,1000,12023.25,12000.0,746.2552763632563,11500.0,12000.0,12000.0,4.079232925524632,4.079181246047625,0.025805406520155384,4.271943285165244,4.261662198841149,0.042356353204200066,4.242926957171749,4.261662198841149,4.279326248386081,2.162,2.0,0.3524996453898926,2.0,2.0,2.5,0.6746,0.65,0.0728343325637024,0.6,0.65,0.7,32.97064348173812,1000,12580.0,12000.0,954.7119984581738,11750.0,12000.0,14000.0,4.098469007871987,4.079181246047625,0.032178864507410934,4.286212934320521,4.258846627725427,0.05920703253130065,4.234149009172323,4.258846627725427,4.370604750345035,2.334,2.0,0.47163969298607605,2.0,2.0,3.0,0.7734500000000001,0.75,0.09339484728827388,0.7,0.75,0.9,29.13782240781811
723,83.504781,-70.712234,11750,3.0,0.65,4.480052481186328,0.1738952910230998,/Users/shannonbowes/Research/ysg/candidates_and_lcs/2022_asassn_lc_data/pysynphot_data/grid/bosz/r2000/m-0.25/bosz2024_ap_t11750_g+3.0_m-0.25_a+0.00_c+0.00_v2_r2000_resam.txt.gz,12500,3.0,0.65,4.550923213777276,0.0032656030194151333,/Users/shannonbowes/Research/ysg/candidates_and_lcs/2022_asassn_lc_data/pysynphot_data/grid/bosz/r2000/m-0.25/bosz2024_ap_t12500_g+3.0_m-0.25_a+0.00_c+0.00_v2_r2000_resam.txt.gz,1000,10426.25,10250.0,1032.1692872295707,9250.0,10250.0,11750.0,4.016038814970667,4.010723865391773,0.042427571111438245,4.436168407417536,4.433070165837644,0.0280529661745745,4.409790902205171,4.433070165837644,4.461018157631833,2.1675,2.0,0.322790566776664,2.0,2.0,2.5,0.49234999999999995,0.5,0.19061473578923535,0.25,0.5,0.7,4.412887487646716,1000,9599.0,8750.0,2011.1437044627119,7750.0,8750.0,12000.0,3.9732850599443825,3.942008053022313,0.08676359061038826,4.364414747694667,4.3377523769197435,0.12312081767708105,4.248087149542588,4.3377523769197435,4.488361925970587,2.237,2.0,0.3838372050752767,2.0,2.0,3.0,0.43755000000000005,0.25,0.2928950281244118,0.2,0.25,0.85,2.237346082106659
724,83.535131,-68.717476,8750,2.0,0.85,3.9499026104546124,0.6248663193416133,/Users/shannonbowes/Research/ysg/candidates_and_lcs/2022_asassn_lc_data/pysynphot_data/grid/bosz/r2000/m-0.25/bosz2024_ap_t8750_g+2.0_m-0.25_a+0.00_c+0.00_v2_r2000_resam.txt.gz,8250,2.0,0.8,3.91230119248517,0.004893915212338022,/Users/shannonbowes/Research/ysg/candidates_and_lcs/2022_asassn_lc_data/pysynphot_data/grid/bosz/r2000/m-0.25/bosz2024_ap_t8250_g+2.0_m-0.25_a+0.00_c+0.00_v2_r2000_resam.txt.gz,1000,8584.0,8500.0,312.1602152741441,8250.0,8500.0,8750.0,3.933398464324098,3.929418925714293,0.015967647490369455,3.943739404319689,3.9434177029012405,0.006423036994005264,3.937409800707899,3.9434177029012405,3.9501116515350168,2.047,2.0,0.1459143584435747,2.0,2.0,2.0,0.7968999999999999,0.8,0.09934983643670481,0.7,0.8,0.9,10.914715304904078,1000,8535.25,8750.0,912.4527042537602,7250.0,8750.0,9500.0,3.9286073013921814,3.942008053022313,0.048212504117931335,3.925443497769027,3.922543768736614,0.020661737010412927,3.905768627264048,3.922543768736614,3.947082310093162,2.185,2.0,0.28943911276812606,2.0,2.0,2.5,0.79855,1.0,0.2854827446624401,0.35,1.0,1.0,2.310501346962672
725,83.546271,-69.42907,7000,2.5,0.2,4.510558655867788,4.372084800527649,/Users/shannonbowes/Research/ysg/candidates_and_lcs/2022_asassn_lc_data/pysynphot_data/grid/bosz/r2000/m-0.25/bosz2024_ms_t7000_g+2.5_m-0.25_a+0.00_c+0.00_v2_r2000_resam.txt.gz,6750,2.0,0.65,4.38474315439631,0.013498739731673329,/Users/shannonbowes/Research/ysg/candidates_and_lcs/2022_asassn_lc_data/pysynphot_data/grid/bosz/r2000/m-0.25/bosz2024_ms_t6750_g+2.0_m-0.25_a+0.00_c+0.00_v2_r2000_resam.txt.gz,1000,7185.75,7000.0,583.2533218936691,7000.0,7000.0,7000.0,3.85523697525177,3.845098040014257,0.031567371575881534,4.520487299679606,4.519825030234381,0.010169807314478172,4.51119957830393,4.519825030234381,4.52967569375888,2.4465,2.5,0.16244306694962393,2.5,2.5,2.5,0.2736,0.2,0.21478603306546729,0.2,0.2,0.25,25.746397763288012,1000,7161.0,7250.0,456.9781176380331,6500.0,7250.0,7500.0,3.854069448383132,3.8603380065709936,0.028186865533402074,4.413250764586424,4.412137295084653,0.02520124552533908,4.388205144636802,4.412137295084653,4.43854881360001,2.3795,2.5,0.24439670619711715,2.0,2.5,2.5,0.7408499999999999,0.9,0.28228315128608017,0.35,0.9,1.0,6.033046722248353
726,83.578245,-69.438858,9750,2.0,0.6,4.1737569253581634,0.44853457286178133,/Users/shannonbowes/Research/ysg/candidates_and_lcs/2022_asassn_lc_data/pysynphot_data/grid/bosz/r2000/m-0.25/bosz2024_ap_t9750_g+2.0_m-0.25_a+0.00_c+0.00_v2_r2000_resam.txt.gz,8000,2.5,0.35,4.08393607450039,0.04783438538547355,/Users/shannonbowes/Research/ysg/candidates_and_lcs/2022_asassn_lc_data/pysynphot_data/grid/bosz/r2000/m-0.25/bosz2024_ms_t8000_g+2.5_m-0.25_a+0.00_c+0.00_v2_r2000_resam.txt.gz,1000,9668.0,9500.0,432.89837144530816,9250.0,9500.0,10000.0,3.9849082886310163,3.9777236052888476,0.01921585321826135,4.179891543966504,4.179068849998538,0.013325423135842847,4.166864461760894,4.179068849998538,4.192678370973172,2.2975,2.5,0.30942486971799793,2.0,2.5,2.5,0.56065,0.55,0.07465974484285356,0.5,0.55,0.65,9.526962977061077,1000,8290.25,8000.0,1025.8252470572168,7750.0,8000.0,8500.0,3.9158528122176914,3.9030899869919438,0.046220458793017304,4.119929986609646,4.109632126813086,0.04275635585154251,4.095017756887809,4.109632126813086,4.1321626314202105,2.358,2.5,0.28867975336001656,2.0,2.5,2.5,0.3099,0.25,0.17323968944788604,0.2,0.25,0.4,3.5110384711491425
727,83.579468,-67.108109,14000,3.0,0.2,4.592155306745605,466.5783745815672,/Users/shannonbowes/Research/ysg/candidates_and_lcs/2022_asassn_lc_data/pysynphot_data/grid/bosz/r2000/m-0.25/bosz2024_ap_t14000_g+3.0_m-0.25_a+0.00_c+0.00_v2_r2000_resam.txt.gz,14000,3.0,0.2,4.535159775536915,8.654868144058703,/Users/shannonbowes/Research/ysg/candidates_and_lcs/2022_asassn_lc_data/pysynphot_data/grid/bosz/r2000/m-0.25/bosz2024_ap_t14000_g+3.0_m-0.25_a+0.00_c+0.00_v2_r2000_resam.txt.gz,1000,14000.0,14000.0,0.0,14000.0,14000.0,14000.0,4.146128035678239,4.146128035678238,8.881784197001252e-16,4.569138042616834,4.568888666425737,0.012577563738127209,4.556830633952021,4.568888666425737,4.581908817763489,3.0,3.0,0.0,3.0,3.0,3.0,0.20000000000000004,0.2,2.7755575615628914e-17,0.2,0.2,0.2,651.7035517609033,1000,14000.0,14000.0,0.0,14000.0,14000.0,14000.0,4.146128035678239,4.146128035678238,8.881784197001252e-16,4.536754042616835,4.536497758858371,0.008176213364667551,4.528379028732964,4.536497758858371,4.5449152568142575,3.0,3.0,0.0,3.0,3.0,3.0,0.20000000000000004,0.2,2.7755575615628914e-17,0.2,0.2,0.2,47.91278604215321
728,83.666828,-67.502647,9250,2.5,0.85,4.283481766474896,37.213951843470156,/Users/shannonbowes/Research/ysg/candidates_and_lcs/2022_asassn_lc_data/pysynphot_data/grid/bosz/r2000/m-0.25/bosz2024_ap_t9250_g+2.5_m-0.25_a+0.00_c+0.00_v2_r2000_resam.txt.gz,9500,2.0,1.0,4.277471455352015,33.93934556715205,/Users/shannonbowes/Research/ysg/candidates_and_lcs/2022_asassn_lc_data/pysynphot_data/grid/bosz/r2000/m-0.25/bosz2024_ap_t9500_g+2.0_m-0.25_a+0.00_c+0.00_v2_r2000_resam.txt.gz,1000,9138.25,9000.0,325.6907083415184,8750.0,9000.0,9500.0,3.9605878305801605,3.9542425094393248,0.015454128886626641,4.278415251041193,4.277868860661949,0.007976086407721458,4.270824154697881,4.277868860661949,4.28614516398214,2.1305,2.0,0.21958995878682613,2.0,2.0,2.5,0.8857999999999999,0.9,0.07268672506035748,0.8,0.9,0.95,84.88289610980097,1000,9958.75,10000.0,440.29642003995446,9500.0,10000.0,10250.0,3.9977680318856605,4.0,0.019647744394542203,4.3028128238482575,4.302265432518463,0.026414933992361632,4.2776742985940555,4.302265432518463,4.327868756597741,1.9985,2.0,0.02734501782775064,2.0,2.0,2.0,0.9976499999999999,1.0,0.042859975501626214,1.0,1.0,1.0,80.61029787945165
729,83.724042,-69.133911,4250,0.0,0.75,4.375456147616665,77.61643367077752,/Users/shannonbowes/Research/ysg/candidates_and_lcs/2022_asassn_lc_data/pysynphot_data/grid/bosz/r2000/m-0.25/bosz2024_ms_t4250_g+0.0_m-0.25_a+0.00_c+0.00_v2_r2000_resam.txt.gz,4500,0.0,0.9,4.388718310390684,59.93664101411441,/Users/shannonbowes/Research/ysg/candidates_and_lcs/2022_asassn_lc_data/pysynphot_data/grid/bosz/r2000/m-0.25/bosz2024_ms_t4500_g+0.0_m-0.25_a+0.00_c+0.00_v2_r2000_resam.txt.gz,1000,4250.0,4250.0,0.0,4250.0,4250.0,4250.0,3.628388930050313,3.6283889300503116,1.3322676295501878e-15,4.370785342277754,4.370943550844212,0.007857135478265975,4.3627055740725,4.370943550844212,4.378607507569595,0.0,0.0,0.0,0.0,0.0,0.0,0.7301499999999999,0.75,0.03712785342569647,0.7,0.75,0.75,159.6587713387155,1000,4545.75,4500.0,97.31103483161608,4500.0,4500.0,4750.0,3.6575082118279307,3.6532125137753435,0.00914405660591275,4.387174860934217,4.385474152579219,0.011487291947442085,4.376601676233051,4.385474152579219,4.398820926581648,0.0,0.0,0.0,0.0,0.0,0.0,0.9528,0.95,0.057464423776802984,0.9,0.95,1.0,138.8388286266981
730,83.728128,-67.71991,7750,2.0,0.9,3.928580673550616,0.17290783592734774,/Users/shannonbowes/Research/ysg/candidates_and_lcs/2022_asassn_lc_data/pysynphot_data/grid/bosz/r2000/m-0.25/bosz2024_ap_t7750_g+2.0_m-0.25_a+0.00_c+0.00_v2_r2000_resam.txt.gz,7750,2.0,0.9,3.932199882012348,0.02794587170122008,/Users/shannonbowes/Research/ysg/candidates_and_lcs/2022_asassn_lc_data/pysynphot_data/grid/bosz/r2000/m-0.25/bosz2024_ms_t7750_g+2.0_m-0.25_a+0.00_c+0.00_v2_r2000_resam.txt.gz,1000,7555.0,7750.0,386.1346915261565,7000.0,7750.0,8000.0,3.8776448289648306,3.88930170250631,0.02285630487871386,3.9281388420437477,3.9283382132606643,0.005946484896690423,3.92215430068496,3.9283382132606643,3.9337685935204054,2.1385,2.0,0.3722468938755568,2.0,2.0,2.5,0.8205999999999999,0.9,0.18737833385960073,0.6,0.9,1.0,4.502548464625535,1000,7571.25,7750.0,493.9493268544862,7000.0,7750.0,8000.0,3.8781970279777256,3.88930170250631,0.02939509747917084,3.9285798862307773,3.9284907738962014,0.009798371947969843,3.918291039166928,3.9284907738962014,3.9383241691882556,2.1805,2.0,0.35730903990803253,2.0,2.0,2.5,0.81585,0.95,0.2519350660388506,0.5,0.95,1.0,2.697558668921131
731,83.805197,-69.24292,11250,2.5,1.0,4.261881884354552,0.2600648139467708,/Users/shannonbowes/Research/ysg/candidates_and_lcs/2022_asassn_lc_data/pysynphot_data/grid/bosz/r2000/m-0.25/bosz2024_ap_t11250_g+2.5_m-0.25_a+0.00_c+0.00_v2_r2000_resam.txt.gz,9750,2.5,0.85,4.201891407449882,0.0027888625986764396,/Users/shannonbowes/Research/ysg/candidates_and_lcs/2022_asassn_lc_data/pysynphot_data/grid/bosz/r2000/m-0.25/bosz2024_ap_t9750_g+2.5_m-0.25_a+0.00_c+0.00_v2_r2000_resam.txt.gz,1000,10997.75,11000.0,263.50035578723606,10750.0,11000.0,11250.0,4.041178558232986,4.041392685158225,0.010445705818384908,4.261874890055065,4.261466783743694,0.013214813288766353,4.2483415160454605,4.261466783743694,4.274863137347036,2.0345,2.0,0.13251320688897392,2.0,2.0,2.0,0.98485,1.0,0.02815985617861001,0.95,1.0,1.0,7.2916913950526885,1000,8813.0,8500.0,1221.4360400774165,7500.0,8500.0,10250.0,3.9410037587374402,3.929418925714293,0.059646781027138183,4.171191841423086,4.1592151931598025,0.03332146844788008,4.142257857999309,4.1592151931598025,4.210423914911508,2.4525,2.5,0.33465467275984656,2.0,2.5,3.0,0.6902999999999999,0.7,0.2840438522482048,0.3,0.7,1.0,2.2965532718682695
732,83.863142,-69.231224,14000,3.0,0.3,4.799545691492454,11.126864634438316,/Users/shannonbowes/Research/ysg/candidates_and_lcs/2022_asassn_lc_data/pysynphot_data/grid/bosz/r2000/m-0.25/bosz2024_ap_t14000_g+3.0_m-0.25_a+0.00_c+0.00_v2_r2000_resam.txt.gz,10500,3.0,0.4,4.424547112853813,0.01423656602902341,/Users/shannonbowes/Research/ysg/candidates_and_lcs/2022_asassn_lc_data/pysynphot_data/grid/bosz/r2000/m-0.25/bosz2024_ap_t10500_g+3.0_m-0.25_a+0.00_c+0.00_v2_r2000_resam.txt.gz,1000,13430.0,14000.0,902.8288874421332,12000.0,14000.0,14000.0,4.127048200633514,4.146128035678238,0.030220747800014467,4.777507685600216,4.804871515676316,0.05648714519030042,4.690904075503548,4.804871515676316,4.822298983380214,2.715,3.0,0.4514144437210666,2.0,3.0,3.0,0.2605,0.3,0.04341370751271998,0.2,0.3,0.3,46.79214651526409,1000,10309.0,10250.0,1539.1617848686342,8750.0,10250.0,12000.0,4.008707751823371,4.010723865391773,0.0615567769112352,4.425302634985265,4.415699288722266,0.09015072147560484,4.333840241703595,4.415699288722266,4.515097279598101,2.6315,2.5,0.374109275479772,2.0,2.5,3.0,0.35090000000000005,0.25,0.18867747613321523,0.2,0.25,0.55,3.0335211706701988
733,83.899876,-69.118477,12000,2.0,0.6,4.354738517051607,135.66040712280744,/Users/shannonbowes/Research/ysg/candidates_and_lcs/2022_asassn_lc_data/pysynphot_data/grid/bosz/r2000/m-0.25/bosz2024_ap_t12000_g+2.0_m-0.25_a+0.00_c+0.00_v2_r2000_resam.txt.gz,12000,2.0,0.9,4.271590949933262,11.518364017666906,/Users/shannonbowes/Research/ysg/candidates_and_lcs/2022_asassn_lc_data/pysynphot_data/grid/bosz/r2000/m-0.25/bosz2024_ap_t12000_g+2.0_m-0.25_a+0.00_c+0.00_v2_r2000_resam.txt.gz,1000,12000.0,12000.0,0.0,12000.0,12000.0,12000.0,4.079181246047625,4.079181246047625,0.0,4.346566687919746,4.34659641445763,0.008954331562319074,4.3374610792430905,4.34659641445763,4.356044701039835,2.0,2.0,0.0,2.0,2.0,2.0,0.6333000000000001,0.65,0.03226623622302422,0.6,0.65,0.65,209.180858430814,1000,12003.0,12000.0,491.54450459749825,11750.0,12000.0,12000.0,4.078951367877709,4.079181246047625,0.01683707747021848,4.2593077900090845,4.252088260250411,0.0379586993096427,4.2360058593695795,4.252088260250411,4.27091349248641,2.081,2.0,0.27283511504203417,2.0,2.0,2.0,0.9173,0.9,0.05362564684924555,0.85,0.9,1.0,44.27007633542428
734,83.900594,-68.534393,5750,0.5,0.8,3.9180557331519505,35.167251101767555,/Users/shannonbowes/Research/ysg/candidates_and_lcs/2022_asassn_lc_data/pysynphot_data/grid/bosz/r2000/m-0.25/bosz2024_ms_t5750_g+0.5_m-0.25_a+0.00_c+0.00_v2_r2000_resam.txt.gz,7000,1.5,1.0,4.0395978106204025,13.664798614222772,/Users/shannonbowes/Research/ysg/candidates_and_lcs/2022_asassn_lc_data/pysynphot_data/grid/bosz/r2000/m-0.25/bosz2024_ms_t7000_g+1.5_m-0.25_a+0.00_c+0.00_v2_r2000_resam.txt.gz,1000,5737.75,5750.0,62.54948041350943,5750.0,5750.0,5750.0,3.758715088644871,3.7596678446896306,0.004834489080986268,3.912926125243991,3.9128458748864077,0.007826361074643805,3.904948896780253,3.9128458748864077,3.9208464776444583,0.504,0.5,0.07059745037889116,0.5,0.5,0.5,0.7477,0.75,0.07974778993802902,0.7,0.75,0.8,87.37659788984048,1000,6651.25,6500.0,344.6896248801231,6500.0,6500.0,7000.0,3.8223112076294554,3.8129133566428557,0.022772718727783615,4.03202530802668,4.033244676879732,0.02481427627986102,4.007168910161194,4.033244676879732,4.055388964941448,1.242,1.0,0.3713973613261139,1.0,1.0,1.5,0.8125,0.9,0.21812553724862202,0.6,0.9,1.0,48.752182690066896
735,83.935222,-66.882256,14000,3.0,0.2,4.788246874292352,54.460194346130294,/Users/shannonbowes/Research/ysg/candidates_and_lcs/2022_asassn_lc_data/pysynphot_data/grid/bosz/r2000/m-0.25/bosz2024_ap_t14000_g+3.0_m-0.25_a+0.00_c+0.00_v2_r2000_resam.txt.gz,14000,3.0,0.2,4.773246114012742,40.11767463499256,/Users/shannonbowes/Research/ysg/candidates_and_lcs/2022_asassn_lc_data/pysynphot_data/grid/bosz/r2000/m-0.25/bosz2024_ap_t14000_g+3.0_m-0.25_a+0.00_c+0.00_v2_r2000_resam.txt.gz,1000,13999.0,14000.0,22.338307903688676,14000.0,14000.0,14000.0,4.146096447143872,4.146128035678238,0.0007056344069043075,4.775616008965135,4.776650258060761,0.011021653714895224,4.76516941513188,4.776650258060761,4.7867188174345,3.0,3.0,0.0,3.0,3.0,3.0,0.21115000000000003,0.2,0.02186727006281305,0.2,0.2,0.25,105.53959083753068,1000,13072.0,14000.0,997.4046320325568,12000.0,14000.0,14000.0,4.115064725289634,4.146128035678238,0.0333865190386413,4.679188733935333,4.738749577739374,0.09671456836613403,4.582166612713516,4.738749577739374,4.7757353683052735,2.536,3.0,0.4987023160162784,2.0,3.0,3.0,0.22460000000000002,0.2,0.04811278416387893,0.2,0.2,0.25,99.14289394769163
736,83.955935,-66.700485,6500,2.5,0.95,4.210080788415996,0.6188675792155635,/Users/shannonbowes/Research/ysg/candidates_and_lcs/2022_asassn_lc_data/pysynphot_data/grid/bosz/r2000/m-0.25/bosz2024_ms_t6500_g+2.5_m-0.25_a+0.00_c+0.00_v2_r2000_resam.txt.gz,6250,1.0,0.6,4.241359450490749,0.00038337860971636385,/Users/shannonbowes/Research/ysg/candidates_and_lcs/2022_asassn_lc_data/pysynphot_data/grid/bosz/r2000/m-0.25/bosz2024_ms_t6250_g+1.0_m-0.25_a+0.00_c+0.00_v2_r2000_resam.txt.gz,1000,5780.0,5750.0,165.37835408541227,5750.0,5750.0,5750.0,3.761760015904799,3.7596678446896306,0.011903188809587273,4.215989987705816,4.216069833186452,0.007429169024690043,4.208077366466018,4.216069833186452,4.223228387161491,0.722,0.5,0.5596570378365665,0.5,0.5,1.0,0.377,0.35,0.13212115651930995,0.3,0.35,0.4,14.056293385062439,1000,6437.25,6500.0,408.50328946044,6000.0,6500.0,7000.0,3.8078257384604757,3.8129133566428557,0.027566760765576872,4.261609759968691,4.261486572350461,0.01575675372194472,4.245767637869024,4.261486572350461,4.276403469578979,1.85,2.0,0.5380520420925842,1.5,2.0,2.5,0.6277999999999999,0.65,0.28211196358892693,0.3,0.65,0.95,0.6163800892936786
737,84.059698,-69.191147,9500,2.0,1.0,4.1019474875982365,170.85556419131717,/Users/shannonbowes/Research/ysg/candidates_and_lcs/2022_asassn_lc_data/pysynphot_data/grid/bosz/r2000/m-0.25/bosz2024_ap_t9500_g+2.0_m-0.25_a+0.00_c+0.00_v2_r2000_resam.txt.gz,6500,1.0,0.25,3.980431263104712,2.284944773284508,/Users/shannonbowes/Research/ysg/candidates_and_lcs/2022_asassn_lc_data/pysynphot_data/grid/bosz/r2000/m-0.25/bosz2024_ms_t6500_g+1.0_m-0.25_a+0.00_c+0.00_v2_r2000_resam.txt.gz,1000,9442.0,9500.0,185.09727172489605,9250.0,9500.0,9500.0,3.9749763451306297,3.9777236052888476,0.008847907433705015,4.105282294930048,4.105336472564842,0.00878425811721674,4.096427951632266,4.105336472564842,4.113922778404681,2.0005,2.0,0.015803480629279113,2.0,2.0,2.0,0.9992000000000001,1.0,0.02528556900684657,1.0,1.0,1.0,277.65350235584,1000,7535.5,7750.0,629.2771646897733,6500.0,7750.0,8000.0,3.87551870182928,3.88930170250631,0.03767343763602286,3.983967912053591,3.9832686250716676,0.010979596543216962,3.973797843689094,3.9832686250716676,3.994945786539904,1.887,2.0,0.4650064515681476,1.0,2.0,2.5,0.7710499999999999,0.95,0.31574419630454015,0.25,0.95,1.0,22.446979753984177
738,84.073025,-68.963707,12000,2.0,0.3,4.391859601958275,100.36698190577566,/Users/shannonbowes/Research/ysg/candidates_and_lcs/2022_asassn_lc_data/pysynphot_data/grid/bosz/r2000/m-0.25/bosz2024_ap_t12000_g+2.0_m-0.25_a+0.00_c+0.00_v2_r2000_resam.txt.gz,12000,2.0,0.5,4.278051563003197,12.037632148262027,/Users/shannonbowes/Research/ysg/candidates_and_lcs/2022_asassn_lc_data/pysynphot_data/grid/bosz/r2000/m-0.25/bosz2024_ap_t12000_g+2.0_m-0.25_a+0.00_c+0.00_v2_r2000_resam.txt.gz,1000,12000.0,12000.0,0.0,12000.0,12000.0,12000.0,4.079181246047625,4.079181246047625,0.0,4.399007402712512,4.39959398643387,0.011812382448666399,4.386869227061551,4.39959398643387,4.410164819965906,2.0,2.0,0.0,2.0,2.0,2.0,0.30989999999999995,0.3,0.032741258375328215,0.3,0.3,0.35,196.004032824276,1000,11651.5,11750.0,945.0120369603765,11750.0,11750.0,12000.0,4.0647498041943875,4.0700378666077555,0.038972453780881815,4.279429789491216,4.289900002923036,0.054796190125739296,4.263975061298087,4.289900002923036,4.3125788409951635,2.0675,2.0,0.20296243494794797,2.0,2.0,2.0,0.4651,0.5,0.09582270085945188,0.4,0.5,0.55,48.59945980225585
739,84.080953,-68.224899,4500,0.0,0.6,3.999430542747395,11.898867866121883,/Users/shannonbowes/Research/ysg/candidates_and_lcs/2022_asassn_lc_data/pysynphot_data/grid/bosz/r2000/m-0.25/bosz2024_ms_t4500_g+0.0_m-0.25_a+0.00_c+0.00_v2_r2000_resam.txt.gz,4500,2.5,0.55,4.016718426241812,0.02780843042067409,/Users/shannonbowes/Research/ysg/candidates_and_lcs/2022_asassn_lc_data/pysynphot_data/grid/bosz/r2000/m-0.25/bosz2024_ms_t4500_g+2.5_m-0.25_a+0.00_c+0.00_v2_r2000_resam.txt.gz,1000,4325.75,4250.0,114.88880493764394,4250.0,4250.0,4500.0,3.635910475918997,3.6283889300503116,0.011407807473753855,4.011164895281787,4.011061921027222,0.007056450660916072,4.004094999681451,4.011061921027222,4.01812105510309,0.0015,0.0,0.027345017827750638,0.0,0.0,0.0,0.3495500000000001,0.2,0.21197239796728254,0.2,0.2,0.65,39.25754076913312,1000,4441.5,4500.0,134.91756742544686,4250.0,4500.0,4500.0,3.647328615862658,3.6532125137753435,0.01322713117944116,4.0245995643901615,4.024897505085868,0.007388395025338539,4.017037376094623,4.024897505085868,4.031700929322445,1.014,1.0,0.7796178551059487,0.0,1.0,2.0,0.44310000000000005,0.5,0.17489250984533328,0.2,0.5,0.55,5.430447992598438
740,84.223679,-70.35643,7000,2.5,0.3,3.989363689253568,11.288990526044897,/Users/shannonbowes/Research/ysg/candidates_and_lcs/2022_asassn_lc_data/pysynphot_data/grid/bosz/r2000/m-0.25/bosz2024_ms_t7000_g+2.5_m-0.25_a+0.00_c+0.00_v2_r2000_resam.txt.gz,6250,2.0,0.2,3.895819499868851,5.398909482192325,/Users/shannonbowes/Research/ysg/candidates_and_lcs/2022_asassn_lc_data/pysynphot_data/grid/bosz/r2000/m-0.25/bosz2024_ms_t6250_g+2.0_m-0.25_a+0.00_c+0.00_v2_r2000_resam.txt.gz,1000,6824.5,6750.0,189.93354100842748,6750.0,6750.0,7000.0,3.833919542164693,3.829303772831025,0.011174439666320363,3.9800892062190214,3.979726001932691,0.009345525044125953,3.9708161821169825,3.979726001932691,3.9894830609842384,2.4785,2.5,0.1108501240414281,2.5,2.5,2.5,0.22840000000000005,0.2,0.0751893609495386,0.2,0.2,0.25,38.88032743832996,1000,6856.0,6750.0,514.9164980848836,6250.0,6750.0,7500.0,3.834854274950316,3.829303772831025,0.032451298528710995,3.9007077575067415,3.8995910892098706,0.024447691123319248,3.87665172964767,3.8995910892098706,3.9246820735677663,2.32,2.5,0.25612496949731395,2.0,2.5,2.5,0.55685,0.5,0.31554805893872967,0.2,0.5,0.95,26.877697666090413
741,84.236771,-69.271767,10750,2.0,1.0,4.464332134999052,1.2679597964651674,/Users/shannonbowes/Research/ysg/candidates_and_lcs/2022_asassn_lc_data/pysynphot_data/grid/bosz/r2000/m-0.25/bosz2024_ap_t10750_g+2.0_m-0.25_a+0.00_c+0.00_v2_r2000_resam.txt.gz,8250,2.5,0.7,4.363408290593365,0.02512288970073287,/Users/shannonbowes/Research/ysg/candidates_and_lcs/2022_asassn_lc_data/pysynphot_data/grid/bosz/r2000/m-0.25/bosz2024_ap_t8250_g+2.5_m-0.25_a+0.00_c+0.00_v2_r2000_resam.txt.gz,1000,10850.75,10750.0,192.77431753218582,10750.0,10750.0,11000.0,4.035390979464285,4.031408464251625,0.007736188409020429,4.4744819005341325,4.474466596078948,0.010706584870962665,4.4633209667283795,4.474466596078948,4.485252045718563,2.0,2.0,0.0,2.0,2.0,2.0,0.9997999999999999,1.0,0.0038678159211627434,1.0,1.0,1.0,13.908259681744994,1000,9011.25,9250.0,912.5162669782934,8250.0,9250.0,10000.0,3.952478591354594,3.9661417327390325,0.04518103703025102,4.382399304080911,4.37853464639138,0.02630997478433983,4.356762553438095,4.37853464639138,4.409878020170442,2.406,2.5,0.2658270114190806,2.0,2.5,2.5,0.8373,0.95,0.21719509662973518,0.65,0.95,1.0,2.782053112889733
742,84.26094,-69.643074,12000,2.0,0.2,4.739950119267586,3.7135813641879736,/Users/shannonbowes/Research/ysg/candidates_and_lcs/2022_asassn_lc_data/pysynphot_data/grid/bosz/r2000/m-0.25/bosz2024_ap_t12000_g+2.0_m-0.25_a+0.00_c+0.00_v2_r2000_resam.txt.gz,11000,2.0,0.2,4.637529125822222,1.5435536091405633,/Users/shannonbowes/Research/ysg/candidates_and_lcs/2022_asassn_lc_data/pysynphot_data/grid/bosz/r2000/m-0.25/bosz2024_ap_t11000_g+2.0_m-0.25_a+0.00_c+0.00_v2_r2000_resam.txt.gz,1000,12052.25,12000.0,331.97505553881604,12000.0,12000.0,12000.0,4.080918605465684,4.079181246047625,0.01112331052510351,4.725310304288454,4.723856586466406,0.025597042713036092,4.707079194548713,4.723856586466406,4.737957343735055,2.028,2.0,0.16497272501841023,2.0,2.0,2.0,0.23145000000000002,0.25,0.03490555113445423,0.2,0.25,0.25,29.26622216164331,1000,10320.0,10250.0,906.3525804012476,9250.0,10250.0,11250.0,4.012012821354947,4.010723865391773,0.03802387085766828,4.558417293436539,4.556459573694514,0.08378748640308009,4.466792472948264,4.556459573694514,4.64868717418262,2.029,2.0,0.12312189082368742,2.0,2.0,2.0,0.21395000000000006,0.2,0.044921014013488164,0.2,0.2,0.2,17.83586279551584
743,84.266308,-69.167656,12000,2.0,1.0,4.288179530296965,97.24050660690226,/Users/shannonbowes/Research/ysg/candidates_and_lcs/2022_asassn_lc_data/pysynphot_data/grid/bosz/r2000/m-0.25/bosz2024_ap_t12000_g+2.0_m-0.25_a+0.00_c+0.00_v2_r2000_resam.txt.gz,10000,2.0,1.0,4.126701345372413,4.1264080718976,/Users/shannonbowes/Research/ysg/candidates_and_lcs/2022_asassn_lc_data/pysynphot_data/grid/bosz/r2000/m-0.25/bosz2024_ap_t10000_g+2.0_m-0.25_a+0.00_c+0.00_v2_r2000_resam.txt.gz,1000,11997.75,12000.0,23.61011435804579,12000.0,12000.0,12000.0,4.0790989556326664,4.079181246047625,0.0008635049367773082,4.297035837194504,4.2969981006447435,0.008711805987455823,4.288074385091213,4.2969981006447435,4.30602955955629,2.0,2.0,0.0,2.0,2.0,2.0,0.982,1.0,0.025514701644346164,0.95,1.0,1.0,168.795971220068,1000,9802.5,9750.0,475.51945280924105,9500.0,9750.0,10250.0,3.9908033103550853,3.989004615698537,0.02179540026195458,4.117789382218493,4.11588472553171,0.026149079702248175,4.093002586165013,4.11588472553171,4.143762611422696,2.009,2.0,0.08011866199581717,2.0,2.0,2.0,0.99405,1.0,0.05772432329616347,1.0,1.0,1.0,37.251454133142076
744,84.289308,-69.324539,10250,2.0,1.0,4.419482521668826,0.7008312521197902,/Users/shannonbowes/Research/ysg/candidates_and_lcs/2022_asassn_lc_data/pysynphot_data/grid/bosz/r2000/m-0.25/bosz2024_ap_t10250_g+2.0_m-0.25_a+0.00_c+0.00_v2_r2000_resam.txt.gz,8750,2.5,0.9,4.348094431989312,0.016808671753510064,/Users/shannonbowes/Research/ysg/candidates_and_lcs/2022_asassn_lc_data/pysynphot_data/grid/bosz/r2000/m-0.25/bosz2024_ap_t8750_g+2.5_m-0.25_a+0.00_c+0.00_v2_r2000_resam.txt.gz,1000,10431.5,10500.0,177.2928368547359,10250.0,10500.0,10500.0,4.0182839786544235,4.021189299069938,0.007386712168597936,4.428586465701974,4.4287029871650985,0.009338985693055631,4.419009911138214,4.4287029871650985,4.4375689415223025,2.0055,2.0,0.05215122242095578,2.0,2.0,2.0,0.99775,1.0,0.010603655030224257,1.0,1.0,1.0,8.591933215075521,1000,9266.5,9500.0,761.3164585111765,8500.0,9500.0,10000.0,3.965346880966008,3.9777236052888476,0.03758196774714673,4.369822276473937,4.368490142201752,0.02468605787219163,4.344537354501368,4.368490142201752,4.393797283627794,2.3355,2.5,0.2742074944271217,2.0,2.5,2.5,0.9128499999999999,1.0,0.1759470872165834,0.8,1.0,1.0,2.897282365137126
745,84.311686,-70.506462,4000,0.0,0.2,4.166052412761106,1.024681738463598,/Users/shannonbowes/Research/ysg/candidates_and_lcs/2022_asassn_lc_data/pysynphot_data/grid/bosz/r2000/m-0.25/bosz2024_ms_t4000_g+0.0_m-0.25_a+0.00_c+0.00_v2_r2000_resam.txt.gz,4250,0.5,0.8,4.1678053422666,0.43762482315301593,/Users/shannonbowes/Research/ysg/candidates_and_lcs/2022_asassn_lc_data/pysynphot_data/grid/bosz/r2000/m-0.25/bosz2024_ms_t4250_g+0.5_m-0.25_a+0.00_c+0.00_v2_r2000_resam.txt.gz,1000,4209.5,4250.0,93.45988444247082,4000.0,4250.0,4250.0,3.624120631267297,3.6283889300503116,0.009833665667137224,4.174458630383136,4.174651576160162,0.007597909921173648,4.166602310981326,4.174651576160162,4.181972041404281,0.271,0.5,0.26656894042629947,0.0,0.5,0.5,0.6922999999999999,0.75,0.19232969089560772,0.45,0.75,0.85,15.500382296656324,1000,4270.0,4250.0,68.7386354243376,4250.0,4250.0,4250.0,3.630373311393318,3.6283889300503116,0.006831433138443583,4.174039541853503,4.174139978566999,0.009244521739488004,4.165136521494442,4.174139978566999,4.182837443034412,0.6895,0.5,0.7508926354679476,0.0,0.5,1.5,0.8397,0.85,0.10444572753348985,0.75,0.85,0.95,12.989654306448436
746,84.382455,-70.299202,4250,0.0,0.45,4.07954895606843,0.4242086662902892,/Users/shannonbowes/Research/ysg/candidates_and_lcs/2022_asassn_lc_data/pysynphot_data/grid/bosz/r2000/m-0.25/bosz2024_ms_t4250_g+0.0_m-0.25_a+0.00_c+0.00_v2_r2000_resam.txt.gz,4500,1.5,0.65,4.106995408436449,0.05210417092864246,/Users/shannonbowes/Research/ysg/candidates_and_lcs/2022_asassn_lc_data/pysynphot_data/grid/bosz/r2000/m-0.25/bosz2024_ms_t4500_g+1.5_m-0.25_a+0.00_c+0.00_v2_r2000_resam.txt.gz,1000,4357.75,4250.0,124.30783362282523,4250.0,4250.0,4500.0,3.639086389280804,3.6283889300503116,0.012347486889817044,4.0750024646187155,4.07481438159545,0.008144923346131231,4.0669969659649965,4.07481438159545,4.083003444906025,0.0435,0.0,0.1409175290728588,0.0,0.0,0.0,0.6537999999999999,0.6,0.2364012690321268,0.4,0.6,0.95,13.165373131374338,1000,4422.75,4500.0,145.67064735216906,4250.0,4500.0,4500.0,3.645457449668152,3.6532125137753435,0.014276729770807475,4.087129216314223,4.08628873593168,0.010798058804722671,4.076681916140343,4.08628873593168,4.098088946790138,0.696,0.5,0.8188919342623908,0.0,0.5,1.5,0.6334,0.7,0.2380219317626004,0.35,0.7,0.85,7.964751163281534
747,84.392608,-69.45929,7250,2.0,0.4,3.9649210105864854,0.32805979491289694,/Users/shannonbowes/Research/ysg/candidates_and_lcs/2022_asassn_lc_data/pysynphot_data/grid/bosz/r2000/m-0.25/bosz2024_ms_t7250_g+2.0_m-0.25_a+0.00_c+0.00_v2_r2000_resam.txt.gz,7000,1.5,0.35,3.931698713123078,0.0052388354142989405,/Users/shannonbowes/Research/ysg/candidates_and_lcs/2022_asassn_lc_data/pysynphot_data/grid/bosz/r2000/m-0.25/bosz2024_ms_t7000_g+1.5_m-0.25_a+0.00_c+0.00_v2_r2000_resam.txt.gz,1000,7369.75,7250.0,546.5550635571864,7000.0,7250.0,7750.0,3.866342194249657,3.8603380065709936,0.030502769115601378,3.9603154042209354,3.9601115663842,0.0073903217053312535,3.9531070235113224,3.9601115663842,3.9676016193571697,2.129,2.0,0.3469279464096255,2.0,2.0,2.5,0.3971,0.3,0.235088472707617,0.2,0.3,0.6,6.99997916086381,1000,7283.5,7250.0,588.9632840848401,6750.0,7250.0,8000.0,3.860949202929886,3.8603380065709936,0.034597478203254234,3.915386623259783,3.9162124953400275,0.03383790658759075,3.8817941780015652,3.9162124953400275,3.9452936743857445,2.347,2.5,0.3018128559223414,2.0,2.5,2.5,0.5244500000000001,0.45,0.3044005543687462,0.2,0.45,0.95,3.6512458612172876
748,84.43914,-69.309685,12000,2.0,0.95,4.263972384091005,1.05049676927437,/Users/shannonbowes/Research/ysg/candidates_and_lcs/2022_asassn_lc_data/pysynphot_data/grid/bosz/r2000/m-0.25/bosz2024_ap_t12000_g+2.0_m-0.25_a+0.00_c+0.00_v2_r2000_resam.txt.gz,9000,2.0,0.75,4.100203776847823,0.007953427679514173,/Users/shannonbowes/Research/ysg/candidates_and_lcs/2022_asassn_lc_data/pysynphot_data/grid/bosz/r2000/m-0.25/bosz2024_ap_t9000_g+2.0_m-0.25_a+0.00_c+0.00_v2_r2000_resam.txt.gz,1000,11985.0,12000.0,61.44102863722254,12000.0,12000.0,12000.0,4.078632249987604,4.079181246047625,0.0022502341217617377,4.263658718937985,4.263559487221645,0.007809768291395823,4.256198291097984,4.263559487221645,4.271417997957283,2.0,2.0,0.0,2.0,2.0,2.0,0.9540499999999997,0.95,0.02749722713293106,0.95,0.95,1.0,13.895470447329393,1000,8878.75,8250.0,1575.7096615493604,7500.0,8250.0,11000.0,3.9418232901388857,3.916453948549925,0.07440548428612023,4.109933695919246,4.08687248097161,0.05066838041125137,4.067900378794755,4.08687248097161,4.16871981905859,2.3825,2.5,0.38071478826018823,2.0,2.5,3.0,0.5829,0.55,0.3202851698096557,0.25,0.55,1.0,1.807992725650527
749,84.521252,-69.296501,12000,2.0,0.7,4.2704159388644705,34.580884379792884,/Users/shannonbowes/Research/ysg/candidates_and_lcs/2022_asassn_lc_data/pysynphot_data/grid/bosz/r2000/m-0.25/bosz2024_ap_t12000_g+2.0_m-0.25_a+0.00_c+0.00_v2_r2000_resam.txt.gz,11250,2.5,0.85,4.143767352532536,0.010242317158142899,/Users/shannonbowes/Research/ysg/candidates_and_lcs/2022_asassn_lc_data/pysynphot_data/grid/bosz/r2000/m-0.25/bosz2024_ap_t11250_g+2.5_m-0.25_a+0.00_c+0.00_v2_r2000_resam.txt.gz,1000,12000.0,12000.0,0.0,12000.0,12000.0,12000.0,4.079181246047625,4.079181246047625,0.0,4.268672500257451,4.2686319281271015,0.009074221233533446,4.259388016359414,4.2686319281271015,4.2782349670304765,2.0,2.0,0.0,2.0,2.0,2.0,0.68525,0.7,0.029831820259581858,0.65,0.7,0.7,94.46993347707135,1000,10035.25,10250.0,1900.2157607756021,7750.0,10250.0,12000.0,3.993606498248749,4.010723865391773,0.08331641923401395,4.112547735252067,4.098884655000859,0.07984886404844523,4.029220215328678,4.098884655000859,4.192038215327616,2.304,2.0,0.39062001996825507,2.0,2.0,3.0,0.62885,0.75,0.28944805665265744,0.25,0.75,0.9,1.7140076938522966
750,84.576233,-69.067322,11000,3.0,0.25,4.467318770585314,36.020111784067076,/Users/shannonbowes/Research/ysg/candidates_and_lcs/2022_asassn_lc_data/pysynphot_data/grid/bosz/r2000/m-0.25/bosz2024_ap_t11000_g+3.0_m-0.25_a+0.00_c+0.00_v2_r2000_resam.txt.gz,14000,3.0,0.2,4.744144814710149,4.811044138968074,/Users/shannonbowes/Research/ysg/candidates_and_lcs/2022_asassn_lc_data/pysynphot_data/grid/bosz/r2000/m-0.25/bosz2024_ap_t14000_g+3.0_m-0.25_a+0.00_c+0.00_v2_r2000_resam.txt.gz,1000,11016.75,11000.0,360.9458927595658,10750.0,11000.0,11250.0,4.041821888276235,4.041392685158225,0.014162489063136038,4.471068687028729,4.470600831347153,0.014532223160103715,4.456646567277422,4.470600831347153,4.4848485531166355,2.9995,3.0,0.015803480629279113,3.0,3.0,3.0,0.27775,0.25,0.0594763608503412,0.2,0.25,0.35,81.11843315816684,1000,13872.0,14000.0,290.02758489495443,13500.0,14000.0,14000.0,4.1420395014647085,4.146128035678238,0.009414390376824818,4.753210995465785,4.759019034241124,0.025284118934188048,4.733009897944948,4.759019034241124,4.773659463756075,2.9935,3.0,0.07554965254718252,3.0,3.0,3.0,0.20930000000000004,0.2,0.02288034090655119,0.2,0.2,0.2,22.27013151581197
751,84.611746,-69.764206,11500,2.0,1.0,4.998031505447562,1.2670931843939404,/Users/shannonbowes/Research/ysg/candidates_and_lcs/2022_asassn_lc_data/pysynphot_data/grid/bosz/r2000/m-0.25/bosz2024_ap_t11500_g+2.0_m-0.25_a+0.00_c+0.00_v2_r2000_resam.txt.gz,11750,2.0,0.95,5.02612792273366,0.0846633828652036,/Users/shannonbowes/Research/ysg/candidates_and_lcs/2022_asassn_lc_data/pysynphot_data/grid/bosz/r2000/m-0.25/bosz2024_ap_t11750_g+2.0_m-0.25_a+0.00_c+0.00_v2_r2000_resam.txt.gz,1000,12039.5,12000.0,380.5453323849867,12000.0,12000.0,12000.0,4.08040542768479,4.079181246047625,0.01307056335030412,5.057413886162987,5.0532029524321525,0.03415316790851059,5.0337170827594,5.0532029524321525,5.0740097150325845,2.0505,2.0,0.21725503446410627,2.0,2.0,2.0,0.93425,0.95,0.05243507890715909,0.9,0.95,1.0,14.095186330712847,1000,12131.0,12000.0,1070.9056914593366,11750.0,12000.0,13500.0,4.082029544817512,4.079181246047625,0.04148289638026626,5.074076836199963,5.058005818951385,0.07853806870072352,5.020340557254932,5.058005818951385,5.164438742453513,2.262,2.0,0.43687069025055913,2.0,2.0,3.0,0.9148,0.95,0.12835871610451702,0.85,0.95,1.0,8.62255290673774
752,84.661939,-69.13736,6000,2.5,0.2,4.402036775882442,233.31070410366578,/Users/shannonbowes/Research/ysg/candidates_and_lcs/2022_asassn_lc_data/pysynphot_data/grid/bosz/r2000/m-0.25/bosz2024_ms_t6000_g+2.5_m-0.25_a+0.00_c+0.00_v2_r2000_resam.txt.gz,6750,1.5,1.0,4.343321293541258,43.46514907338225,/Users/shannonbowes/Research/ysg/candidates_and_lcs/2022_asassn_lc_data/pysynphot_data/grid/bosz/r2000/m-0.25/bosz2024_ms_t6750_g+1.5_m-0.25_a+0.00_c+0.00_v2_r2000_resam.txt.gz,1000,6000.0,6000.0,0.0,6000.0,6000.0,6000.0,3.7781512503836434,3.7781512503836434,0.0,4.396076398348568,4.396247482332054,0.009623241070789837,4.386338417910953,4.396247482332054,4.4059264439793715,2.5,2.5,0.0,2.5,2.5,2.5,0.20715000000000003,0.2,0.017787003682464338,0.2,0.2,0.2,375.88214384640554,1000,6409.25,6500.0,314.7648924197233,5750.0,6500.0,6500.0,3.8062598440152544,3.8129133566428557,0.022048517920518127,4.339735449444389,4.339482405807453,0.009286217821553141,4.330664124331693,4.339482405807453,4.348951232279886,1.0165,1.0,0.3209014646273837,1.0,1.0,1.5,0.7804500000000001,0.85,0.22809054671336115,0.4,0.85,0.95,94.9828516652305
753,84.677308,-69.017288,12000,2.0,0.4,4.2808177750056995,98.06321321090753,/Users/shannonbowes/Research/ysg/candidates_and_lcs/2022_asassn_lc_data/pysynphot_data/grid/bosz/r2000/m-0.25/bosz2024_ap_t12000_g+2.0_m-0.25_a+0.00_c+0.00_v2_r2000_resam.txt.gz,11500,2.0,0.7,4.1278295165298955,0.051799453153701575,/Users/shannonbowes/Research/ysg/candidates_and_lcs/2022_asassn_lc_data/pysynphot_data/grid/bosz/r2000/m-0.25/bosz2024_ap_t11500_g+2.0_m-0.25_a+0.00_c+0.00_v2_r2000_resam.txt.gz,1000,12000.0,12000.0,0.0,12000.0,12000.0,12000.0,4.079181246047625,4.079181246047625,0.0,4.266232323317195,4.265946532770083,0.00995105279593343,4.255484334621022,4.265946532770083,4.276382828048401,2.0,2.0,0.0,2.0,2.0,2.0,0.47835000000000005,0.5,0.03152423670765083,0.45,0.5,0.5,186.89265377078343,1000,12188.25,12000.0,1046.243010729343,11500.0,12000.0,13500.0,4.084286788917904,4.079181246047625,0.038359964324907965,4.177230707305096,4.159686641980265,0.06213221739492872,4.1327779881823306,4.159686641980265,4.264940700052221,2.233,2.0,0.422742238249267,2.0,2.0,3.0,0.7612000000000001,0.75,0.10979326026673951,0.7,0.75,0.9,11.16589859976687
754,84.679486,-69.025673,12000,2.0,0.55,4.246532108628388,143.6911466981462,/Users/shannonbowes/Research/ysg/candidates_and_lcs/2022_asassn_lc_data/pysynphot_data/grid/bosz/r2000/m-0.25/bosz2024_ap_t12000_g+2.0_m-0.25_a+0.00_c+0.00_v2_r2000_resam.txt.gz,8000,2.0,0.35,3.965765013707324,0.11217163857109032,/Users/shannonbowes/Research/ysg/candidates_and_lcs/2022_asassn_lc_data/pysynphot_data/grid/bosz/r2000/m-0.25/bosz2024_ap_t8000_g+2.0_m-0.25_a+0.00_c+0.00_v2_r2000_resam.txt.gz,1000,12000.0,12000.0,0.0,12000.0,12000.0,12000.0,4.079181246047625,4.079181246047625,0.0,4.250593527995308,4.250854275435867,0.009545354908900591,4.240661914451868,4.250854275435867,4.260380415539791,2.0,2.0,0.0,2.0,2.0,2.0,0.5875,0.6,0.03261518051460085,0.55,0.6,0.6,225.1858200048421,1000,11359.75,11750.0,1473.7341814248593,11000.0,11750.0,12000.0,4.051046507355421,4.0700378666077555,0.06397595902885105,4.098402433680142,4.1101015496741695,0.06635328636032346,4.063739627235627,4.1101015496741695,4.133619155253167,2.125,2.0,0.3136478917512439,2.0,2.0,2.0,0.8147000000000001,0.9,0.21591412644845637,0.8,0.9,0.95,8.751946176027593
755,84.690958,-66.614372,5000,2.5,1.0,4.22615409312272,65.86382482608988,/Users/shannonbowes/Research/ysg/candidates_and_lcs/2022_asassn_lc_data/pysynphot_data/grid/bosz/r2000/m-0.25/bosz2024_ms_t5000_g+2.5_m-0.25_a+0.00_c+0.00_v2_r2000_resam.txt.gz,4750,0.0,0.7,4.215011551666834,46.700017709211735,/Users/shannonbowes/Research/ysg/candidates_and_lcs/2022_asassn_lc_data/pysynphot_data/grid/bosz/r2000/m-0.25/bosz2024_ms_t4750_g+0.0_m-0.25_a+0.00_c+0.00_v2_r2000_resam.txt.gz,1000,4807.25,4750.0,106.23058646171545,4750.0,4750.0,5000.0,3.6817924946114426,3.6766936096248664,0.009472856933618152,4.231144061555131,4.231043125636127,0.007735954539500563,4.223659562241394,4.231043125636127,4.239174722179817,2.467,2.5,0.1411063428765695,2.5,2.5,2.5,0.8461000000000001,0.8,0.09049745852785038,0.75,0.8,1.0,137.05890133906883,1000,4634.5,4750.0,152.1832776621663,4500.0,4750.0,4750.0,3.6657637271554546,3.6766936096248664,0.014490290926707538,4.210307049179497,4.210127703740159,0.008184278294950012,4.201860796481325,4.210127703740159,4.218723348797182,0.0085,0.0,0.07859866411078499,0.0,0.0,0.0,0.7162000000000001,0.8,0.21472671002928348,0.5,0.8,0.9,104.65595632829228
756,84.721164,-70.717834,7750,2.0,0.85,4.371402053317182,0.49726614138100583,/Users/shannonbowes/Research/ysg/candidates_and_lcs/2022_asassn_lc_data/pysynphot_data/grid/bosz/r2000/m-0.25/bosz2024_ms_t7750_g+2.0_m-0.25_a+0.00_c+0.00_v2_r2000_resam.txt.gz,6500,1.0,0.3,4.3300216414357715,0.014723260813482329,/Users/shannonbowes/Research/ysg/candidates_and_lcs/2022_asassn_lc_data/pysynphot_data/grid/bosz/r2000/m-0.25/bosz2024_ms_t6500_g+1.0_m-0.25_a+0.00_c+0.00_v2_r2000_resam.txt.gz,1000,7186.0,7000.0,451.5573053334427,6500.0,7000.0,7750.0,3.8556226470897887,3.845098040014257,0.027463231754113273,4.360675342309702,4.3605933544358075,0.009867204007635619,4.351215755023993,4.3605933544358075,4.370679801120477,1.656,1.5,0.3989536313909174,1.0,1.5,2.0,0.6156500000000001,0.6,0.23652183303027227,0.25,0.6,0.9,9.411695186203328,1000,6868.75,6750.0,513.5279325411618,6500.0,6750.0,7500.0,3.835738093897828,3.829303772831025,0.03097808414281087,4.365133772345075,4.362787185744914,0.023490569685294498,4.34284145778716,4.362787185744914,4.390879837791399,2.0115,2.0,0.5173178423367978,1.5,2.0,2.5,0.39055000000000006,0.25,0.27284280730853067,0.2,0.25,0.75,2.4247107317505714
757,84.738261,-68.948074,12000,2.0,0.45,4.410721303449351,97.45446628736877,/Users/shannonbowes/Research/ysg/candidates_and_lcs/2022_asassn_lc_data/pysynphot_data/grid/bosz/r2000/m-0.25/bosz2024_ap_t12000_g+2.0_m-0.25_a+0.00_c+0.00_v2_r2000_resam.txt.gz,13000,3.0,0.7,4.369704981348395,0.02756524936517072,/Users/shannonbowes/Research/ysg/candidates_and_lcs/2022_asassn_lc_data/pysynphot_data/grid/bosz/r2000/m-0.25/bosz2024_ap_t13000_g+3.0_m-0.25_a+0.00_c+0.00_v2_r2000_resam.txt.gz,1000,12000.0,12000.0,0.0,12000.0,12000.0,12000.0,4.079181246047625,4.079181246047625,0.0,4.411125006862314,4.410991602272974,0.01059599481544991,4.400618911591763,4.410991602272974,4.422462243384683,2.0,2.0,0.0,2.0,2.0,2.0,0.44210000000000016,0.45,0.0322891622684764,0.4,0.45,0.45,180.8119606751523,1000,11722.0,11750.0,1777.6293201902358,9500.0,11750.0,13500.0,4.063518728309932,4.0700378666077555,0.07074657661904898,4.2897728854629,4.2907177542563755,0.09110816384269182,4.182413075071209,4.2907177542563755,4.398943439171263,2.3805,2.0,0.4732544241737208,2.0,2.0,3.0,0.6605,0.7,0.1970907151542152,0.45,0.7,0.85,6.339017476768412
758,84.76943,-67.879074,9750,2.0,0.5,4.090953678752752,0.5791172726431086,/Users/shannonbowes/Research/ysg/candidates_and_lcs/2022_asassn_lc_data/pysynphot_data/grid/bosz/r2000/m-0.25/bosz2024_ap_t9750_g+2.0_m-0.25_a+0.00_c+0.00_v2_r2000_resam.txt.gz,8250,2.5,0.4,3.981134016444182,0.011762093522622948,/Users/shannonbowes/Research/ysg/candidates_and_lcs/2022_asassn_lc_data/pysynphot_data/grid/bosz/r2000/m-0.25/bosz2024_ap_t8250_g+2.5_m-0.25_a+0.00_c+0.00_v2_r2000_resam.txt.gz,1000,10106.5,10000.0,432.1836993686828,9750.0,10000.0,10500.0,4.00420942757172,4.0,0.01837446609246512,4.095955827471689,4.094460274061405,0.014668250544605407,4.081925293019457,4.094460274061405,4.109007096104485,2.215,2.0,0.2697684192043242,2.0,2.0,2.5,0.58775,0.6,0.06776752540856129,0.5,0.6,0.65,11.754100248026962,1000,8525.0,8000.0,1289.6705005543083,7750.0,8000.0,9750.0,3.9264948215188604,3.9030899869919438,0.057974048591793975,4.0191549278695735,4.001306781847861,0.054136640643509766,3.986091819812968,4.001306781847861,4.055491337497537,2.274,2.0,0.30565339847611706,2.0,2.0,2.5,0.34790000000000004,0.25,0.21261606242238612,0.2,0.25,0.65,2.5674638542734196
759,84.77477,-69.274086,6750,2.5,0.2,4.498311616312145,69.55313710897157,/Users/shannonbowes/Research/ysg/candidates_and_lcs/2022_asassn_lc_data/pysynphot_data/grid/bosz/r2000/m-0.25/bosz2024_ms_t6750_g+2.5_m-0.25_a+0.00_c+0.00_v2_r2000_resam.txt.gz,7000,2.5,0.8,4.405122759328598,0.00869490176569705,/Users/shannonbowes/Research/ysg/candidates_and_lcs/2022_asassn_lc_data/pysynphot_data/grid/bosz/r2000/m-0.25/bosz2024_ms_t7000_g+2.5_m-0.25_a+0.00_c+0.00_v2_r2000_resam.txt.gz,1000,6682.0,6750.0,111.24747188138704,6500.0,6750.0,6750.0,3.8248455796278433,3.829303772831025,0.00729356945607032,4.495287511687835,4.496867326869763,0.011247143902632303,4.482966927408684,4.496867326869763,4.506401444589508,2.5,2.5,0.0,2.5,2.5,2.5,0.21300000000000005,0.2,0.021931712199461304,0.2,0.2,0.25,128.38357695324515,1000,7371.75,7500.0,327.47433105512255,7000.0,7500.0,7750.0,3.867134002238398,3.8750612633917,0.01957297792034425,4.407974755591755,4.4100102820465,0.02733166371369839,4.38097948616992,4.4100102820465,4.435344032979239,2.2815,2.5,0.3478616822819093,2.0,2.5,2.5,0.94905,1.0,0.13115486075628305,0.95,1.0,1.0,4.045890832963113
760,84.783639,-70.337944,5750,2.5,0.2,3.4306852523520397,24.547797397758753,/Users/shannonbowes/Research/ysg/candidates_and_lcs/2022_asassn_lc_data/pysynphot_data/grid/bosz/r2000/m-0.25/bosz2024_ms_t5750_g+2.5_m-0.25_a+0.00_c+0.00_v2_r2000_resam.txt.gz,5750,2.5,0.2,3.4306852523520397,22.25898843511202,/Users/shannonbowes/Research/ysg/candidates_and_lcs/2022_asassn_lc_data/pysynphot_data/grid/bosz/r2000/m-0.25/bosz2024_ms_t5750_g+2.5_m-0.25_a+0.00_c+0.00_v2_r2000_resam.txt.gz,1000,5939.75,6000.0,106.92257712943511,5750.0,6000.0,6000.0,3.7736967496113865,3.7781512503836434,0.007905173483730918,3.423671718684693,3.4231524812246628,0.01142843829416341,3.4122730342719096,3.4231524812246628,3.4359743970150824,2.5,2.5,0.0,2.5,2.5,2.5,0.25135,0.25,0.045394685812328285,0.2,0.25,0.3,74.71678075723102,1000,5877.25,5750.0,194.28056387606043,5750.0,5750.0,6000.0,3.7689495207491204,3.7596678446896306,0.01378852588981185,3.4141070065369274,3.413970976467091,0.016162094562548773,3.3983310247995777,3.413970976467091,3.43005048579291,2.366,2.5,0.22922478051031042,2.0,2.5,2.5,0.24710000000000001,0.2,0.09791113317697839,0.2,0.2,0.3,62.946827046898875
761,84.834334,-69.107307,10000,2.0,1.0,4.236132256131222,86.2722295452864,/Users/shannonbowes/Research/ysg/candidates_and_lcs/2022_asassn_lc_data/pysynphot_data/grid/bosz/r2000/m-0.25/bosz2024_ap_t10000_g+2.0_m-0.25_a+0.00_c+0.00_v2_r2000_resam.txt.gz,8500,2.0,1.0,4.137471126711462,18.91433274249435,/Users/shannonbowes/Research/ysg/candidates_and_lcs/2022_asassn_lc_data/pysynphot_data/grid/bosz/r2000/m-0.25/bosz2024_ap_t8500_g+2.0_m-0.25_a+0.00_c+0.00_v2_r2000_resam.txt.gz,1000,9925.0,10000.0,185.06755523321746,9750.0,10000.0,10000.0,3.996655152301041,4.0,0.008087333161445706,4.239334181285238,4.2393910481714645,0.008692600930459666,4.230535988053155,4.2393910481714645,4.248020149549451,2.0,2.0,0.0,2.0,2.0,2.0,1.0,1.0,0.0,1.0,1.0,1.0,174.49316078004864,1000,8353.0,8250.0,298.35549265934424,8250.0,8250.0,8500.0,3.9215475378527134,3.916453948549925,0.01627501435554676,4.137261986822568,4.136850038588712,0.013376887541732918,4.123709309347794,4.136850038588712,4.1495323292586015,2.016,2.0,0.12142487389328432,2.0,2.0,2.0,0.98045,1.0,0.0935430248602214,0.9920000000000002,1.0,1.0,65.89440858171551
762,84.916091,-69.20118,11500,2.0,1.0,4.254072043848476,55.626943899709225,/Users/shannonbowes/Research/ysg/candidates_and_lcs/2022_asassn_lc_data/pysynphot_data/grid/bosz/r2000/m-0.25/bosz2024_ap_t11500_g+2.0_m-0.25_a+0.00_c+0.00_v2_r2000_resam.txt.gz,11500,2.0,1.0,4.259472843452573,39.75529561522667,/Users/shannonbowes/Research/ysg/candidates_and_lcs/2022_asassn_lc_data/pysynphot_data/grid/bosz/r2000/m-0.25/bosz2024_ap_t11500_g+2.0_m-0.25_a+0.00_c+0.00_v2_r2000_resam.txt.gz,1000,11238.0,11250.0,219.89997726239082,11000.0,11250.0,11500.0,4.050605845608761,4.051152522447381,0.008501412410485422,4.237139904225791,4.23646100225733,0.012754359688077905,4.2247295152720445,4.23646100225733,4.250318701451465,2.0,2.0,0.0,2.0,2.0,2.0,1.0,1.0,0.0,1.0,1.0,1.0,115.38037429728898,1000,11050.5,11000.0,486.77484528270355,10500.0,11000.0,11500.0,4.042959556678088,4.041392685158225,0.019168638833645682,4.230580005612819,4.22812146878746,0.03461040742008248,4.1955280895637195,4.22812146878746,4.265764822164013,2.0,2.0,0.0,2.0,2.0,2.0,0.99975,1.0,0.0035266839949164744,1.0,1.0,1.0,93.26565037306447
763,84.916984,-69.742706,10750,2.0,1.0,4.6403454068833865,66.70344796864008,/Users/shannonbowes/Research/ysg/candidates_and_lcs/2022_asassn_lc_data/pysynphot_data/grid/bosz/r2000/m-0.25/bosz2024_ap_t10750_g+2.0_m-0.25_a+0.00_c+0.00_v2_r2000_resam.txt.gz,6500,2.0,0.2,4.422094352952267,0.028768126535806057,/Users/shannonbowes/Research/ysg/candidates_and_lcs/2022_asassn_lc_data/pysynphot_data/grid/bosz/r2000/m-0.25/bosz2024_ms_t6500_g+2.0_m-0.25_a+0.00_c+0.00_v2_r2000_resam.txt.gz,1000,10402.5,10500.0,200.91976010338058,10250.0,10500.0,10500.0,4.0170568036482175,4.021189299069938,0.008381860905806454,4.636905136854932,4.636985514336856,0.010321133487566282,4.6268488283608,4.636985514336856,4.647003849856835,2.0,2.0,0.0,2.0,2.0,2.0,1.0,1.0,0.0,1.0,1.0,1.0,158.46856520694948,1000,7237.0,7250.0,637.8330502568834,6500.0,7250.0,8000.0,3.8578728162277955,3.8603380065709936,0.0382586228277748,4.438204879106786,4.437315184244172,0.016167690773388674,4.4217439001936185,4.437315184244172,4.454773104241537,1.9755,2.0,0.5231154270330785,1.5,2.0,2.5,0.6052000000000001,0.625,0.33159909529430265,0.2,0.625,1.0,5.722919220070977
764,84.949506,-69.267471,10250,2.5,0.7,3.961545355961909,0.9678852129667346,/Users/shannonbowes/Research/ysg/candidates_and_lcs/2022_asassn_lc_data/pysynphot_data/grid/bosz/r2000/m-0.25/bosz2024_ap_t10250_g+2.5_m-0.25_a+0.00_c+0.00_v2_r2000_resam.txt.gz,9250,2.5,0.6,3.904653650012794,0.02943518912735336,/Users/shannonbowes/Research/ysg/candidates_and_lcs/2022_asassn_lc_data/pysynphot_data/grid/bosz/r2000/m-0.25/bosz2024_ap_t9250_g+2.5_m-0.25_a+0.00_c+0.00_v2_r2000_resam.txt.gz,1000,10302.0,10250.0,545.9358936725081,9750.0,10250.0,10750.0,4.0123136448618855,4.010723865391773,0.022966312848856703,3.969567328505128,3.9687978968582165,0.01799802431856262,3.951028723423373,3.9687978968582165,3.9869218757522735,2.5455,2.5,0.37239730127915804,2.0,2.5,3.0,0.6597999999999999,0.65,0.08242548149692544,0.6,0.65,0.75,10.958160853356723,1000,9260.75,8500.0,1592.9365767349307,8000.0,8500.0,10500.0,3.960916340094767,3.929418925714293,0.06862945282225433,3.917960249951494,3.8894364682419837,0.07042554259851896,3.868938361294153,3.8894364682419837,3.9581032845266706,2.626,2.5,0.29090204536922737,2.5,2.5,3.0,0.5243,0.45,0.2324532426102075,0.3,0.45,0.8,4.665883336233141
765,84.979328,-67.15332,7000,1.5,0.75,4.034376507261434,0.03450403446263329,/Users/shannonbowes/Research/ysg/candidates_and_lcs/2022_asassn_lc_data/pysynphot_data/grid/bosz/r2000/m-0.25/bosz2024_ms_t7000_g+1.5_m-0.25_a+0.00_c+0.00_v2_r2000_resam.txt.gz,6500,1.5,0.3,4.066017157832821,0.0008172899045192697,/Users/shannonbowes/Research/ysg/candidates_and_lcs/2022_asassn_lc_data/pysynphot_data/grid/bosz/r2000/m-0.25/bosz2024_ms_t6500_g+1.5_m-0.25_a+0.00_c+0.00_v2_r2000_resam.txt.gz,1000,6584.25,6500.0,270.11930234620405,6500.0,6500.0,6750.0,3.8181623222842624,3.8129133566428557,0.01702976916740063,4.066091811823022,4.066683172236401,0.014121631731635147,4.051697454303012,4.066683172236401,4.079962938173352,1.7535,1.5,0.6228866269233913,1.0,1.5,2.5,0.3118,0.25,0.16518401859744178,0.2,0.25,0.35,3.7804515390749103,1000,6544.0,6500.0,320.64622249451185,6250.0,6500.0,6750.0,3.815355900604333,3.8129133566428557,0.020249102875015197,4.066945728548133,4.069996323867039,0.029323853118656932,4.035446416719019,4.069996323867039,4.094439756016946,2.174,2.5,0.453568076478052,1.5,2.5,2.5,0.2701500000000001,0.2,0.16128074125573705,0.2,0.2,0.3,1.657939167994918
766,85.004564,-69.581306,7250,2.5,0.45,4.2278043663200195,0.2790219763158447,/Users/shannonbowes/Research/ysg/candidates_and_lcs/2022_asassn_lc_data/pysynphot_data/grid/bosz/r2000/m-0.25/bosz2024_ms_t7250_g+2.5_m-0.25_a+0.00_c+0.00_v2_r2000_resam.txt.gz,7250,2.5,0.85,4.1445901338763695,0.0030859218479074814,/Users/shannonbowes/Research/ysg/candidates_and_lcs/2022_asassn_lc_data/pysynphot_data/grid/bosz/r2000/m-0.25/bosz2024_ms_t7250_g+2.5_m-0.25_a+0.00_c+0.00_v2_r2000_resam.txt.gz,1000,6997.75,6750.0,621.335205424576,6750.0,6750.0,7000.0,3.8434563787370575,3.829303772831025,0.03495565131506128,4.226086175188406,4.22399999171305,0.01604834863887579,4.212502269520733,4.22399999171305,4.24157487999486,2.428,2.5,0.19317349714699478,2.5,2.5,2.5,0.30545000000000005,0.2,0.24156323706226496,0.2,0.2,0.3,8.822230933291099,1000,7118.0,7000.0,611.9240148907379,6500.0,7000.0,7750.0,3.8507936018411195,3.845098040014257,0.03663441006013247,4.186127110152104,4.185169768398211,0.024607257523798196,4.1607828453903135,4.185169768398211,4.212149966506466,2.033,2.0,0.5107944792184034,1.5,2.0,2.5,0.5542,0.45,0.32614009259825755,0.2,0.45,1.0,1.6844593572860311
767,85.03308,-67.099304,8250,2.5,0.2,3.9538875876158337,0.21457990946759437,/Users/shannonbowes/Research/ysg/candidates_and_lcs/2022_asassn_lc_data/pysynphot_data/grid/bosz/r2000/m-0.25/bosz2024_ap_t8250_g+2.5_m-0.25_a+0.00_c+0.00_v2_r2000_resam.txt.gz,10750,3.0,0.55,4.059795247325242,0.01818001642373809,/Users/shannonbowes/Research/ysg/candidates_and_lcs/2022_asassn_lc_data/pysynphot_data/grid/bosz/r2000/m-0.25/bosz2024_ap_t10750_g+3.0_m-0.25_a+0.00_c+0.00_v2_r2000_resam.txt.gz,1000,8594.75,8500.0,331.79050242585305,8250.0,8500.0,9000.0,3.933916503498763,3.929418925714293,0.01650113684948829,3.9546986240309123,3.9541807991723976,0.009016970413825556,3.946106157109923,3.9541807991723976,3.9629714994823413,2.2705,2.5,0.25215025282557224,2.0,2.5,2.5,0.31160000000000004,0.3,0.09782862566754169,0.2,0.3,0.4,5.2889975937327955,1000,8728.25,8250.0,1268.6959594402435,8000.0,8250.0,9250.0,3.93719641399838,3.916453948549925,0.05413113770734971,3.9632209062581056,3.9474653208019577,0.06453133491662011,3.9192787534151936,3.9474653208019577,3.993599406761921,2.3815,2.5,0.31338115769777863,2.0,2.5,2.5,0.29615,0.2,0.1670409455792202,0.2,0.2,0.4,3.511666229399431
768,85.053551,-69.581863,12000,2.0,0.55,4.513182099196409,22.63956561689296,/Users/shannonbowes/Research/ysg/candidates_and_lcs/2022_asassn_lc_data/pysynphot_data/grid/bosz/r2000/m-0.25/bosz2024_ap_t12000_g+2.0_m-0.25_a+0.00_c+0.00_v2_r2000_resam.txt.gz,8000,2.0,0.25,4.248589941984699,0.024952071643337854,/Users/shannonbowes/Research/ysg/candidates_and_lcs/2022_asassn_lc_data/pysynphot_data/grid/bosz/r2000/m-0.25/bosz2024_ap_t8000_g+2.0_m-0.25_a+0.00_c+0.00_v2_r2000_resam.txt.gz,1000,12000.0,12000.0,0.0,12000.0,12000.0,12000.0,4.079181246047625,4.079181246047625,0.0,4.526666323205985,4.526553416550074,0.01154406033552516,4.515454691827148,4.526553416550074,4.5385137120002215,2.0,2.0,0.0,2.0,2.0,2.0,0.5685999999999999,0.55,0.03555334020876236,0.55,0.55,0.6,71.24428157765546,1000,8750.5,8250.0,1331.6342403227698,8000.0,8250.0,8750.0,3.937891707844452,3.916453948549925,0.057172405318655015,4.273666442530495,4.254259102919681,0.0650535214195942,4.234089035053538,4.254259102919681,4.293682315263006,2.3885,2.5,0.2744407950724528,2.0,2.5,2.5,0.39180000000000004,0.35,0.17820707056679877,0.25,0.35,0.5,10.482454981038039
769,85.067588,-66.67672,9750,2.0,0.95,4.0779699403263505,0.2430882330666989,/Users/shannonbowes/Research/ysg/candidates_and_lcs/2022_asassn_lc_data/pysynphot_data/grid/bosz/r2000/m-0.25/bosz2024_ap_t9750_g+2.0_m-0.25_a+0.00_c+0.00_v2_r2000_resam.txt.gz,7500,2.5,0.35,4.044919609927384,0.005818928045458959,/Users/shannonbowes/Research/ysg/candidates_and_lcs/2022_asassn_lc_data/pysynphot_data/grid/bosz/r2000/m-0.25/bosz2024_ms_t7500_g+2.5_m-0.25_a+0.00_c+0.00_v2_r2000_resam.txt.gz,1000,10120.5,10000.0,200.26170377783168,10000.0,10000.0,10250.0,4.005116756829891,4.0,0.008608441399002343,4.096751622570668,4.096453196415325,0.009986479496836249,4.086457680602122,4.096453196415325,4.10639138084998,2.0605,2.0,0.19258699333028698,2.0,2.0,2.0,0.9905499999999999,1.0,0.024355646162645742,1.0,1.0,1.0,8.01492535410478,1000,8065.25,8000.0,908.2565372734732,7250.0,8000.0,8750.0,3.904051044526472,3.9030899869919438,0.04645433094993654,4.038574019821214,4.0353815737853225,0.03279236221501049,4.008565536564759,4.0353815737853225,4.063795329175869,2.3095,2.5,0.3375792499547328,2.0,2.5,2.5,0.5588500000000001,0.6,0.2735583621459962,0.2,0.6,0.85,3.5776654382619535
770,85.072987,-69.515961,9250,2.5,1.0,5.043265607854941,5.729381611559903,/Users/shannonbowes/Research/ysg/candidates_and_lcs/2022_asassn_lc_data/pysynphot_data/grid/bosz/r2000/m-0.25/bosz2024_ap_t9250_g+2.5_m-0.25_a+0.00_c+0.00_v2_r2000_resam.txt.gz,6250,2.0,0.25,4.876916191558028,0.11031289754570633,/Users/shannonbowes/Research/ysg/candidates_and_lcs/2022_asassn_lc_data/pysynphot_data/grid/bosz/r2000/m-0.25/bosz2024_ms_t6250_g+2.0_m-0.25_a+0.00_c+0.00_v2_r2000_resam.txt.gz,1000,8043.25,8750.0,1000.0334681899401,7000.0,8750.0,9000.0,3.902016856609548,3.942008053022313,0.05466156869555375,5.03260910783784,5.033303672237939,0.01052001492007821,5.022855086594255,5.033303672237939,5.042933949006466,2.258,2.5,0.249871967215212,2.0,2.5,2.5,0.6309000000000001,1.0,0.3907303289994264,0.2,1.0,1.0,35.37227201165995,1000,7295.5,7250.0,436.52577243503043,6960.000000000001,7250.0,7750.0,3.862254823231411,3.8603380065709936,0.02656509203482791,4.89707083371144,4.8967524419626045,0.034724327771231356,4.862948223302485,4.8967524419626045,4.931784696086077,2.3005,2.5,0.3254992319499387,2.0,2.5,2.5,0.8492000000000001,0.95,0.2422898264475832,0.6,0.95,1.0,8.908342868111605
771,85.074858,-69.468552,11000,3.0,0.95,4.468496601500803,0.040899724168422656,/Users/shannonbowes/Research/ysg/candidates_and_lcs/2022_asassn_lc_data/pysynphot_data/grid/bosz/r2000/m-0.25/bosz2024_ap_t11000_g+3.0_m-0.25_a+0.00_c+0.00_v2_r2000_resam.txt.gz,9000,2.0,0.75,4.366816685489067,0.0028721667350843296,/Users/shannonbowes/Research/ysg/candidates_and_lcs/2022_asassn_lc_data/pysynphot_data/grid/bosz/r2000/m-0.25/bosz2024_ap_t9000_g+2.0_m-0.25_a+0.00_c+0.00_v2_r2000_resam.txt.gz,1000,9841.25,9750.0,852.048084030473,9000.0,9750.0,10750.0,3.9914412772218397,3.989004615698537,0.03729353691354474,4.4549169265044295,4.452086309343738,0.01774918304590589,4.438318785354934,4.452086309343738,4.471392981318864,2.3395,2.0,0.3833924229819885,2.0,2.0,3.0,0.7039500000000001,0.7,0.17855502653243902,0.55,0.7,0.9,4.806640546740173,1000,8792.25,8250.0,1546.1330594421684,7500.0,8250.0,10500.0,3.9380120160943806,3.916453948549925,0.07103608402324742,4.396093177912304,4.382325894863591,0.0743812946408529,4.333018668120356,4.382325894863591,4.449744187674904,2.42,2.5,0.3479942528261063,2.0,2.5,3.0,0.5484000000000001,0.5,0.31334077296132395,0.2,0.5,1.0,1.9106817758326846
772,85.080661,-69.689636,5750,2.5,0.55,4.368360452637734,1.0297087327503358,/Users/shannonbowes/Research/ysg/candidates_and_lcs/2022_asassn_lc_data/pysynphot_data/grid/bosz/r2000/m-0.25/bosz2024_ms_t5750_g+2.5_m-0.25_a+0.00_c+0.00_v2_r2000_resam.txt.gz,6000,2.0,0.95,4.362489120506841,0.0041536599235854526,/Users/shannonbowes/Research/ysg/candidates_and_lcs/2022_asassn_lc_data/pysynphot_data/grid/bosz/r2000/m-0.25/bosz2024_ms_t6000_g+2.0_m-0.25_a+0.00_c+0.00_v2_r2000_resam.txt.gz,1000,5879.0,6000.0,206.72203559369282,5750.0,6000.0,6000.0,3.7690349248682224,3.7781512503836434,0.015274840259843376,4.382000053755645,4.381863901370938,0.007525449930004754,4.374503729688468,4.381863901370938,4.389454433396296,2.496,2.5,0.044542114902640165,2.5,2.5,2.5,0.67675,0.7,0.14915407302517755,0.55,0.7,0.8,13.472009985890677,1000,5864.25,6000.0,273.6502101223385,5500.0,6000.0,6000.0,3.767727927102888,3.7781512503836434,0.020644047450506457,4.3636863152443315,4.363409010318104,0.009215748785118463,4.354350110815624,4.363409010318104,4.372952740564564,1.478,1.5,0.574905209578066,1.0,1.5,2.0,0.778,0.9,0.22467977212023338,0.5,0.9,1.0,3.716120143767909
773,85.088533,-69.3116,6500,2.5,0.2,4.31122106029347,19.496261114784186,/Users/shannonbowes/Research/ysg/candidates_and_lcs/2022_asassn_lc_data/pysynphot_data/grid/bosz/r2000/m-0.25/bosz2024_ms_t6500_g+2.5_m-0.25_a+0.00_c+0.00_v2_r2000_resam.txt.gz,7000,2.0,0.65,4.289395328982369,0.03456367702589559,/Users/shannonbowes/Research/ysg/candidates_and_lcs/2022_asassn_lc_data/pysynphot_data/grid/bosz/r2000/m-0.25/bosz2024_ms_t7000_g+2.0_m-0.25_a+0.00_c+0.00_v2_r2000_resam.txt.gz,1000,6500.5,6500.0,11.169153951844338,6500.0,6500.0,6500.0,3.81294613747523,3.8129133566428557,0.0007322683269618525,4.305579527761027,4.305666041277035,0.006182943327142346,4.299230957384367,4.305666041277035,4.3119573116284755,2.5,2.5,0.0,2.5,2.5,2.5,0.20040000000000002,0.2,0.004454211490264016,0.2,0.2,0.2,70.74661650332413,1000,7509.5,7500.0,257.94330772477895,7500.0,7500.0,7750.0,3.8753414525018717,3.8750612633917,0.015503054364966887,4.276840128501786,4.276596363759234,0.00909768238295342,4.267630427527955,4.276596363759234,4.286159198424908,2.357,2.5,0.22594468349576186,2.0,2.5,2.5,0.9193499999999999,0.95,0.1343059101454586,0.9,0.95,1.0,6.2290490072536615
774,85.137987,-67.211502,11750,3.0,0.75,3.9252369317340405,0.45957829870179684,/Users/shannonbowes/Research/ysg/candidates_and_lcs/2022_asassn_lc_data/pysynphot_data/grid/bosz/r2000/m-0.25/bosz2024_ap_t11750_g+3.0_m-0.25_a+0.00_c+0.00_v2_r2000_resam.txt.gz,8500,2.0,0.4,3.7724492141443795,0.013982734126749394,/Users/shannonbowes/Research/ysg/candidates_and_lcs/2022_asassn_lc_data/pysynphot_data/grid/bosz/r2000/m-0.25/bosz2024_ap_t8500_g+2.0_m-0.25_a+0.00_c+0.00_v2_r2000_resam.txt.gz,1000,9088.5,9000.0,857.2005307977824,8250.0,9000.0,10000.0,3.9566265067051685,3.9542425094393248,0.039935672453391226,3.812419383088675,3.8060072120766444,0.031248906569051646,3.7824022475184074,3.8060072120766444,3.842333310981841,2.252,2.0,0.3041315504843258,2.0,2.0,2.5,0.4575,0.45,0.15222926788236224,0.3,0.45,0.6,7.957550265995644,1000,8433.25,8000.0,1099.0823160710029,7750.0,8000.0,8750.0,3.92297323018136,3.9030899869919438,0.04881158544139883,3.785596312736687,3.7738222033167546,0.04707705622540393,3.759051249886511,3.7738222033167546,3.7964645638178163,2.3995,2.5,0.2985795538880719,2.0,2.5,2.5,0.3208,0.25,0.17487812899273597,0.2,0.25,0.45,5.459900451906448
775,85.145193,-69.66127,12000,2.0,0.75,4.263422079866728,6.5774923985946625,/Users/shannonbowes/Research/ysg/candidates_and_lcs/2022_asassn_lc_data/pysynphot_data/grid/bosz/r2000/m-0.25/bosz2024_ap_t12000_g+2.0_m-0.25_a+0.00_c+0.00_v2_r2000_resam.txt.gz,12000,2.0,0.85,4.233018106955187,4.9366603456424585,/Users/shannonbowes/Research/ysg/candidates_and_lcs/2022_asassn_lc_data/pysynphot_data/grid/bosz/r2000/m-0.25/bosz2024_ap_t12000_g+2.0_m-0.25_a+0.00_c+0.00_v2_r2000_resam.txt.gz,1000,11980.75,12000.0,91.19724502417823,12000.0,12000.0,12000.0,4.078470967911138,4.079181246047625,0.003395603820352982,4.270763023931739,4.270336803998804,0.02001109223351072,4.250732635599437,4.270336803998804,4.29121824907711,2.0,2.0,0.0,2.0,2.0,2.0,0.75515,0.75,0.056929583697757725,0.7,0.75,0.8,29.91069314229704,1000,11999.5,12000.0,95.52355730394467,12000.0,12000.0,12000.0,4.079150558796969,4.079181246047625,0.003235371470604887,4.25315564701445,4.2535063910807,0.030053940064775332,4.223829896430482,4.2535063910807,4.280339645669541,2.002,2.0,0.044676615807377355,2.0,2.0,2.0,0.808,0.8,0.08255906976220118,0.75,0.8,0.9,25.87660007029072
776,85.241643,-69.23159,5500,0.5,0.9,4.5647595300866675,1.2371525830867494,/Users/shannonbowes/Research/ysg/candidates_and_lcs/2022_asassn_lc_data/pysynphot_data/grid/bosz/r2000/m-0.25/bosz2024_ms_t5500_g+0.5_m-0.25_a+0.00_c+0.00_v2_r2000_resam.txt.gz,5500,1.0,0.7,4.565438307214528,0.025249048650038523,/Users/shannonbowes/Research/ysg/candidates_and_lcs/2022_asassn_lc_data/pysynphot_data/grid/bosz/r2000/m-0.25/bosz2024_ms_t5500_g+1.0_m-0.25_a+0.00_c+0.00_v2_r2000_resam.txt.gz,1000,5292.5,5500.0,238.10449386771347,5000.0,5500.0,5500.0,3.7232163620510814,3.7403626894942437,0.019703435370036267,4.564514683989273,4.564495554630184,0.0073682497218276405,4.557449171757325,4.564495554630184,4.572095035407472,0.5005,0.5,0.027381563140186135,0.5,0.5,0.5,0.5875,0.8,0.3026115496804443,0.2,0.8,0.85,11.877510760201769,1000,5756.75,5750.0,147.1119896541407,5750.0,5750.0,6000.0,3.7600350920563357,3.7596678446896306,0.011127269823713018,4.5788508886040145,4.577387708593041,0.015550992568355154,4.5649050086687435,4.577387708593041,4.594812277729821,0.895,0.5,0.5843586227651647,0.5,0.5,1.5,0.9498,1.0,0.08660230943802827,0.9,1.0,1.0,4.218150059655417
777,85.244159,-69.25267,6750,2.5,0.6,4.100765926603609,0.254741052261516,/Users/shannonbowes/Research/ysg/candidates_and_lcs/2022_asassn_lc_data/pysynphot_data/grid/bosz/r2000/m-0.25/bosz2024_ms_t6750_g+2.5_m-0.25_a+0.00_c+0.00_v2_r2000_resam.txt.gz,7000,2.5,0.8,4.09085537111338,0.02878203168419275,/Users/shannonbowes/Research/ysg/candidates_and_lcs/2022_asassn_lc_data/pysynphot_data/grid/bosz/r2000/m-0.25/bosz2024_ms_t7000_g+2.5_m-0.25_a+0.00_c+0.00_v2_r2000_resam.txt.gz,1000,6898.25,7000.0,222.39477849086296,6750.0,7000.0,7000.0,3.8385126554858595,3.845098040014257,0.014030409635116876,4.104744077218009,4.104857328343902,0.006120036280550936,4.0985326347084605,4.104857328343902,4.110958547560538,2.2955,2.5,0.30891706006629027,2.0,2.5,2.5,0.6929500000000001,0.7,0.12513112122889333,0.6,0.7,0.8,10.44947082330078,1000,6997.75,7250.0,360.80803414003964,6500.0,7250.0,7250.0,3.8443550042391155,3.8603380065709936,0.023151227163157522,4.090606153139819,4.090983280526789,0.008782830948019802,4.081725581690543,4.090983280526789,4.09936549765816,2.1705,2.0,0.35871959801493974,2.0,2.0,2.5,0.8317,0.95,0.22246372738044287,0.55,0.95,1.0,3.841436136671846
778,85.249355,-69.644539,14000,3.0,0.2,4.683829077561361,1.1437491206476165,/Users/shannonbowes/Research/ysg/candidates_and_lcs/2022_asassn_lc_data/pysynphot_data/grid/bosz/r2000/m-0.25/bosz2024_ap_t14000_g+3.0_m-0.25_a+0.00_c+0.00_v2_r2000_resam.txt.gz,11500,3.0,0.3,4.369905003044714,0.00869719647551929,/Users/shannonbowes/Research/ysg/candidates_and_lcs/2022_asassn_lc_data/pysynphot_data/grid/bosz/r2000/m-0.25/bosz2024_ap_t11500_g+3.0_m-0.25_a+0.00_c+0.00_v2_r2000_resam.txt.gz,1000,13996.0,14000.0,44.54211490264017,14000.0,14000.0,14000.0,4.146001681540772,4.146128035678238,0.0014070201273570036,4.6813230164873865,4.681180965107978,0.009494796148545783,4.673114671723342,4.681180965107978,4.6906241867983764,3.0,3.0,0.0,3.0,3.0,3.0,0.20200000000000007,0.2,0.00979795897113271,0.2,0.2,0.2,16.17812782381546,1000,12585.0,12500.0,1325.9996229260398,11250.0,12500.0,14000.0,4.097306045368968,4.096910013008056,0.04773091567951612,4.543020855111439,4.548967610902835,0.12542871529154012,4.421741405887655,4.548967610902835,4.673681577321863,2.5735,3.0,0.4830608139768739,2.0,3.0,3.0,0.20190000000000002,0.2,0.013652472303579303,0.2,0.2,0.2,10.265018641480609
779,85.279678,-71.507668,8000,2.5,0.25,3.9845523165051326,1.6144035367251781,/Users/shannonbowes/Research/ysg/candidates_and_lcs/2022_asassn_lc_data/pysynphot_data/grid/bosz/r2000/m-0.25/bosz2024_ms_t8000_g+2.5_m-0.25_a+0.00_c+0.00_v2_r2000_resam.txt.gz,11250,2.5,0.9,4.061105534097507,0.007656395536752815,/Users/shannonbowes/Research/ysg/candidates_and_lcs/2022_asassn_lc_data/pysynphot_data/grid/bosz/r2000/m-0.25/bosz2024_ap_t11250_g+2.5_m-0.25_a+0.00_c+0.00_v2_r2000_resam.txt.gz,1000,8055.0,8000.0,104.1633332799983,8000.0,8000.0,8250.0,3.9060296342117717,3.9030899869919438,0.005569397593603847,3.980709415425559,3.9802482401424477,0.008524359937857683,3.9724823318509177,3.9802482401424477,3.9890622145755854,2.205,2.0,0.24591665254715872,2.0,2.0,2.5,0.25795,0.25,0.018555255320258993,0.25,0.25,0.25,17.141211280979885,1000,10416.75,10250.0,2161.077725927506,8250.0,10250.0,13500.0,4.008598056828352,4.010723865391773,0.08861153586364313,4.065946167042417,4.026734716559011,0.12647775592029276,3.9474097956745253,4.026734716559011,4.247170026344181,2.647,3.0,0.3992380242411787,2.0,3.0,3.0,0.63695,0.7,0.2806905725171403,0.25,0.7,1.0,2.411895049135752
780,85.284794,-67.3564,6500,2.5,0.2,4.148294953044246,75.44899095958681,/Users/shannonbowes/Research/ysg/candidates_and_lcs/2022_asassn_lc_data/pysynphot_data/grid/bosz/r2000/m-0.25/bosz2024_ms_t6500_g+2.5_m-0.25_a+0.00_c+0.00_v2_r2000_resam.txt.gz,8000,2.0,1.0,4.145063399397928,29.247255145698713,/Users/shannonbowes/Research/ysg/candidates_and_lcs/2022_asassn_lc_data/pysynphot_data/grid/bosz/r2000/m-0.25/bosz2024_ap_t8000_g+2.0_m-0.25_a+0.00_c+0.00_v2_r2000_resam.txt.gz,1000,6623.75,6500.0,124.9937498437422,6500.0,6500.0,6750.0,3.821026612655999,3.8129133566428557,0.008194798323435356,4.14581481908613,4.145747449061872,0.011736336457528534,4.133662946029125,4.145747449061872,4.158175244334228,2.5,2.5,0.0,2.5,2.5,2.5,0.21585000000000001,0.2,0.02326537126288768,0.2,0.2,0.25,149.26187793777822,1000,7534.25,7750.0,713.1019825382622,6500.0,7750.0,8250.0,3.875044036282596,3.88930170250631,0.0419252951445633,4.117485917572419,4.114444434932987,0.03281323748035477,4.086544139690223,4.114444434932987,4.1464242635906725,1.728,2.0,0.4353343542611816,1.0,2.0,2.0,0.8171499999999999,1.0,0.2977975444828248,0.35,1.0,1.0,86.19313082838003
781,85.288253,-69.180138,4000,2.0,1.0,3.55234968545326,289.00119227542285,/Users/shannonbowes/Research/ysg/candidates_and_lcs/2022_asassn_lc_data/pysynphot_data/grid/bosz/r2000/m-0.25/bosz2024_ms_t4000_g+2.0_m-0.25_a+0.00_c+0.00_v2_r2000_resam.txt.gz,4000,0.0,1.0,3.546538366542088,224.6881959558944,/Users/shannonbowes/Research/ysg/candidates_and_lcs/2022_asassn_lc_data/pysynphot_data/grid/bosz/r2000/m-0.25/bosz2024_ms_t4000_g+0.0_m-0.25_a+0.00_c+0.00_v2_r2000_resam.txt.gz,1000,4000.0,4000.0,0.0,4000.0,4000.0,4000.0,3.6020599913279625,3.6020599913279625,0.0,3.679086935975825,3.6757857989507894,0.039144378943607526,3.642894562513675,3.6757857989507894,3.718422056436319,0.1555,0.0,0.3647872667733894,0.0,0.0,0.5,1.0,1.0,0.0,1.0,1.0,1.0,749.5715371304882,1000,4000.0,4000.0,0.0,4000.0,4000.0,4000.0,3.6020599913279625,3.6020599913279625,0.0,3.6783854347862173,3.675612740961805,0.04011335770496589,3.6414867026769033,3.675612740961805,3.718422056436319,0.0,0.0,0.0,0.0,0.0,0.0,1.0,1.0,0.0,1.0,1.0,1.0,660.1367293504338
782,85.289906,-69.179497,6000,1.0,0.95,4.055936996489842,5.008204226693508,/Users/shannonbowes/Research/ysg/candidates_and_lcs/2022_asassn_lc_data/pysynphot_data/grid/bosz/r2000/m-0.25/bosz2024_ms_t6000_g+1.0_m-0.25_a+0.00_c+0.00_v2_r2000_resam.txt.gz,5750,1.0,0.95,4.035468771386903,2.174500780286955,/Users/shannonbowes/Research/ysg/candidates_and_lcs/2022_asassn_lc_data/pysynphot_data/grid/bosz/r2000/m-0.25/bosz2024_ms_t5750_g+1.0_m-0.25_a+0.00_c+0.00_v2_r2000_resam.txt.gz,1000,5821.0,5750.0,128.2926342390708,5750.0,5750.0,6000.0,3.764892479421689,3.7596678446896306,0.009547651870991136,4.076173063663723,4.076173179013411,0.021002522536205215,4.055318818714179,4.076173179013411,4.095980938782401,1.5535,1.5,0.34840744825563075,1.0,1.5,2.0,0.9310999999999999,0.95,0.0572083035930974,0.85,0.95,1.0,44.10086054877167,1000,5692.25,5750.0,153.22348873459316,5500.0,5750.0,5750.0,3.755126599490654,3.7596678446896306,0.011692837877757085,4.057053185921316,4.056107361733359,0.01762457850092555,4.0396025583696344,4.056107361733359,4.074865204778416,0.625,0.5,0.3112474899497183,0.5,0.5,1.0,0.94,0.95,0.05740209055426466,0.85,0.95,1.0,26.913984318404758
783,85.313089,-69.241997,12000,2.0,0.45,4.290318786354689,59.41945413823772,/Users/shannonbowes/Research/ysg/candidates_and_lcs/2022_asassn_lc_data/pysynphot_data/grid/bosz/r2000/m-0.25/bosz2024_ap_t12000_g+2.0_m-0.25_a+0.00_c+0.00_v2_r2000_resam.txt.gz,8750,2.5,0.25,4.067389626732159,0.010359008493732814,/Users/shannonbowes/Research/ysg/candidates_and_lcs/2022_asassn_lc_data/pysynphot_data/grid/bosz/r2000/m-0.25/bosz2024_ap_t8750_g+2.5_m-0.25_a+0.00_c+0.00_v2_r2000_resam.txt.gz,1000,12000.0,12000.0,0.0,12000.0,12000.0,12000.0,4.079181246047625,4.079181246047625,0.0,4.286739514207919,4.286602097152144,0.010380359386865113,4.276264045546725,4.286602097152144,4.297577369715095,2.0,2.0,0.0,2.0,2.0,2.0,0.4370000000000001,0.45,0.03091924966748061,0.4,0.45,0.45,123.21713667273832,1000,10234.0,9750.0,1962.8726397807882,8250.0,9750.0,13000.0,4.002449875338545,3.989004615698537,0.0802237439593122,4.1123354300675965,4.082612853483507,0.09833899154610792,4.0216338649433165,4.082612853483507,4.237397457299094,2.4405,2.5,0.4280300807186336,2.0,2.5,3.0,0.46270000000000006,0.45,0.22439632349929445,0.2,0.45,0.75,1.8088977713885357
784,85.320522,-69.169754,6250,2.5,0.2,3.885235930106862,16.265837572790257,/Users/shannonbowes/Research/ysg/candidates_and_lcs/2022_asassn_lc_data/pysynphot_data/grid/bosz/r2000/m-0.25/bosz2024_ms_t6250_g+2.5_m-0.25_a+0.00_c+0.00_v2_r2000_resam.txt.gz,7500,2.5,1.0,3.8816327620814772,0.5135725206655267,/Users/shannonbowes/Research/ysg/candidates_and_lcs/2022_asassn_lc_data/pysynphot_data/grid/bosz/r2000/m-0.25/bosz2024_ms_t7500_g+2.5_m-0.25_a+0.00_c+0.00_v2_r2000_resam.txt.gz,1000,6341.75,6250.0,120.4966285835417,6250.0,6250.0,6500.0,3.802131252866727,3.7958800173440754,0.008209839836090279,3.8949177722616266,3.8947840659067956,0.006601659897114517,3.8881406005800154,3.8947840659067956,3.901393349983686,2.5,2.5,0.0,2.5,2.5,2.5,0.22775000000000004,0.2,0.03946438267602826,0.2,0.2,0.3,51.74051775843374,1000,7424.25,7500.0,140.35468463859695,7250.0,7500.0,7500.0,3.870573205349062,3.8750612633917,0.00835226367806925,3.8735989918428815,3.8736205261560803,0.008904740573039135,3.8645936316501204,3.8736205261560803,3.882455225277095,2.283,2.5,0.2681622643102493,2.0,2.5,2.5,0.9774499999999999,1.0,0.04420404393265395,0.95,1.0,1.0,17.01303757662089
785,85.375419,-69.325356,9000,2.5,1.0,4.53981560701564,0.9824171485690074,/Users/shannonbowes/Research/ysg/candidates_and_lcs/2022_asassn_lc_data/pysynphot_data/grid/bosz/r2000/m-0.25/bosz2024_ap_t9000_g+2.5_m-0.25_a+0.00_c+0.00_v2_r2000_resam.txt.gz,7000,1.5,0.6,4.44189186848211,0.01607837968409112,/Users/shannonbowes/Research/ysg/candidates_and_lcs/2022_asassn_lc_data/pysynphot_data/grid/bosz/r2000/m-0.25/bosz2024_ms_t7000_g+1.5_m-0.25_a+0.00_c+0.00_v2_r2000_resam.txt.gz,1000,7920.25,8000.0,868.664168421836,7000.0,8000.0,8750.0,3.8961147317978804,3.9030899869919438,0.04779529863021101,4.5244892023845305,4.525140398219039,0.019665661874992902,4.505151680400177,4.525140398219039,4.542502118452013,2.4355,2.5,0.1705571751642246,2.5,2.5,2.5,0.64395,0.7,0.3395966688588096,0.2,0.7,1.0,19.271387253138485,1000,7817.75,7750.0,283.2356571832014,7500.0,7750.0,8000.0,3.892795139541625,3.88930170250631,0.015804924002984565,4.453784896535983,4.452306502160195,0.02705274359751158,4.4272264273184785,4.452306502160195,4.479349109542907,2.492,2.5,0.06660330322138686,2.5,2.5,2.5,0.9578999999999999,1.0,0.08970836081436334,0.95,1.0,1.0,9.189605634661246
786,85.417021,-68.606743,11000,3.0,0.75,3.93888866152373,0.3472522570227562,/Users/shannonbowes/Research/ysg/candidates_and_lcs/2022_asassn_lc_data/pysynphot_data/grid/bosz/r2000/m-0.25/bosz2024_ap_t11000_g+3.0_m-0.25_a+0.00_c+0.00_v2_r2000_resam.txt.gz,12000,3.0,0.85,3.9979966255902344,0.004461271040623369,/Users/shannonbowes/Research/ysg/candidates_and_lcs/2022_asassn_lc_data/pysynphot_data/grid/bosz/r2000/m-0.25/bosz2024_ap_t12000_g+3.0_m-0.25_a+0.00_c+0.00_v2_r2000_resam.txt.gz,1000,10796.5,10750.0,748.2230616600908,10000.0,10750.0,11500.0,4.032222541576996,4.031408464251625,0.030490506678927963,3.9381369357891285,3.936846867649991,0.021971471435426732,3.916845095487336,3.936846867649991,3.959583456347614,2.8145,3.0,0.31676450243043336,2.5,3.0,3.0,0.7298000000000001,0.75,0.12094196955565094,0.6,0.75,0.85,7.94429077248382,1000,8551.0,8250.0,1004.8751166189757,8000.0,8250.0,8750.0,3.9294781395486535,3.916453948549925,0.045113802275836376,3.864682387957687,3.8572732054964938,0.042920954440544876,3.832280524811392,3.8572732054964938,3.89182226480361,2.5375,2.5,0.2187321421282204,2.5,2.5,2.5,0.34575,0.3,0.17871608069784878,0.2,0.3,0.5,5.008755698765466
787,85.419263,-69.368065,12000,2.0,0.4,4.410484371169259,17.547273848888004,/Users/shannonbowes/Research/ysg/candidates_and_lcs/2022_asassn_lc_data/pysynphot_data/grid/bosz/r2000/m-0.25/bosz2024_ap_t12000_g+2.0_m-0.25_a+0.00_c+0.00_v2_r2000_resam.txt.gz,11750,3.0,0.55,4.3060584189834845,0.004777745604642676,/Users/shannonbowes/Research/ysg/candidates_and_lcs/2022_asassn_lc_data/pysynphot_data/grid/bosz/r2000/m-0.25/bosz2024_ap_t11750_g+3.0_m-0.25_a+0.00_c+0.00_v2_r2000_resam.txt.gz,1000,12000.0,12000.0,0.0,12000.0,12000.0,12000.0,4.079181246047625,4.079181246047625,0.0,4.401244596774993,4.401449623376905,0.010331752942433449,4.390542427852802,4.401449623376905,4.411866551721857,2.0,2.0,0.0,2.0,2.0,2.0,0.4089000000000001,0.4,0.03050885117470011,0.4,0.4,0.45,50.63305425863246,1000,9847.25,9250.0,1454.211104860639,8750.0,9250.0,11000.0,3.989109272461934,3.9661417327390325,0.058721758332648255,4.2298885515205,4.2069526200840865,0.07581950842341616,4.1694438949691826,4.2069526200840865,4.287826205181765,2.521,2.5,0.3633992294983576,2.0,2.5,3.0,0.32270000000000004,0.25,0.15354058095500353,0.2,0.25,0.5,3.120913823940673
788,85.436136,-69.587502,12000,2.0,0.3,4.436343990351427,8.413040870553186,/Users/shannonbowes/Research/ysg/candidates_and_lcs/2022_asassn_lc_data/pysynphot_data/grid/bosz/r2000/m-0.25/bosz2024_ap_t12000_g+2.0_m-0.25_a+0.00_c+0.00_v2_r2000_resam.txt.gz,11750,3.0,0.5,4.293414061444338,0.007325718924346586,/Users/shannonbowes/Research/ysg/candidates_and_lcs/2022_asassn_lc_data/pysynphot_data/grid/bosz/r2000/m-0.25/bosz2024_ap_t11750_g+3.0_m-0.25_a+0.00_c+0.00_v2_r2000_resam.txt.gz,1000,12016.0,12000.0,178.1684596105607,12000.0,12000.0,12000.0,4.07971682036467,4.079181246047625,0.005963903192179293,4.460655129980061,4.460652126888883,0.01808347450752078,4.4448015896906545,4.460652126888883,4.474007599464817,2.008,2.0,0.08908422980528033,2.0,2.0,2.0,0.239,0.25,0.035057096285916196,0.2,0.25,0.25,37.06407883257404,1000,9504.75,9000.0,1205.939441887527,8500.0,9000.0,10500.0,3.9748572005306304,3.9542425094393248,0.050209757059484154,4.185859369950701,4.166725209676541,0.07508674994960232,4.116511394992379,4.166725209676541,4.256139803565917,2.2025,2.0,0.2919653232834338,2.0,2.0,2.5,0.25745000000000007,0.2,0.11330047440324334,0.2,0.2,0.35,4.78272913362309
789,85.453935,-69.297897,12000,2.0,0.4,4.445036054898283,60.719529111293106,/Users/shannonbowes/Research/ysg/candidates_and_lcs/2022_asassn_lc_data/pysynphot_data/grid/bosz/r2000/m-0.25/bosz2024_ap_t12000_g+2.0_m-0.25_a+0.00_c+0.00_v2_r2000_resam.txt.gz,12000,3.0,0.65,4.316706395365592,0.017028277151723465,/Users/shannonbowes/Research/ysg/candidates_and_lcs/2022_asassn_lc_data/pysynphot_data/grid/bosz/r2000/m-0.25/bosz2024_ap_t12000_g+3.0_m-0.25_a+0.00_c+0.00_v2_r2000_resam.txt.gz,1000,12000.0,12000.0,0.0,12000.0,12000.0,12000.0,4.079181246047625,4.079181246047625,0.0,4.430680829825136,4.430914229081794,0.010644534063482931,4.41995119451506,4.430914229081794,4.440782002381075,2.0,2.0,0.0,2.0,2.0,2.0,0.4048500000000001,0.4,0.02956311045881337,0.4,0.4,0.45,129.11504279095382,1000,10824.25,10500.0,2033.389888216227,8500.0,10500.0,13500.0,4.026856242453836,4.021189299069938,0.0806118355304319,4.27916682004124,4.243431077736826,0.10568998328078262,4.171486059017463,4.243431077736826,4.423378169886237,2.692,3.0,0.3776718152046826,2.0,3.0,3.0,0.48395000000000005,0.5,0.2126732176368242,0.2,0.5,0.75,2.788655113931681
790,85.465791,-70.423386,9000,2.0,0.9,4.062172426328882,0.3162081060612194,/Users/shannonbowes/Research/ysg/candidates_and_lcs/2022_asassn_lc_data/pysynphot_data/grid/bosz/r2000/m-0.25/bosz2024_ap_t9000_g+2.0_m-0.25_a+0.00_c+0.00_v2_r2000_resam.txt.gz,7750,2.0,1.0,3.9374591666687366,0.003402804187353938,/Users/shannonbowes/Research/ysg/candidates_and_lcs/2022_asassn_lc_data/pysynphot_data/grid/bosz/r2000/m-0.25/bosz2024_ms_t7750_g+2.0_m-0.25_a+0.00_c+0.00_v2_r2000_resam.txt.gz,1000,9049.25,9250.0,631.6739170648096,9000.0,9250.0,9500.0,3.9554199613534324,3.9661417327390325,0.03316567952491626,4.061345958929317,4.060982446188348,0.009382006151878786,4.052101874418605,4.060982446188348,4.0709287945528265,2.0975,2.0,0.19810035335657533,2.0,2.0,2.5,0.9048499999999999,1.0,0.2318166894336989,0.9,1.0,1.0,6.025665258368759,1000,7557.5,7250.0,795.5776203488884,7000.0,7250.0,8250.0,3.8761753699048933,3.8603380065709936,0.04286100430547768,4.023088306716378,4.022873147310405,0.050422265907466644,3.9769019390936693,4.022873147310405,4.068942926778476,2.266,2.5,0.35741292645901884,2.0,2.5,2.5,0.49885,0.35,0.31376133844054144,0.2,0.35,0.95,2.413762397789445
791,85.500693,-69.212509,11250,2.0,1.0,4.641808596954102,6.938145845942961,/Users/shannonbowes/Research/ysg/candidates_and_lcs/2022_asassn_lc_data/pysynphot_data/grid/bosz/r2000/m-0.25/bosz2024_ap_t11250_g+2.0_m-0.25_a+0.00_c+0.00_v2_r2000_resam.txt.gz,7500,2.0,0.4,4.49881747315301,0.0162754177408813,/Users/shannonbowes/Research/ysg/candidates_and_lcs/2022_asassn_lc_data/pysynphot_data/grid/bosz/r2000/m-0.25/bosz2024_ms_t7500_g+2.0_m-0.25_a+0.00_c+0.00_v2_r2000_resam.txt.gz,1000,11039.5,11000.0,197.64804577834815,10750.0,11000.0,11250.0,4.042879799057276,4.041392685158225,0.007775765575403543,4.6286682507917725,4.628059141482872,0.012614306965646773,4.615807656091822,4.628059141482872,4.641065343601631,2.0,2.0,0.0,2.0,2.0,2.0,1.0,1.0,0.0,1.0,1.0,1.0,35.75241083024999,1000,7673.5,7750.0,427.66546505417057,7250.0,7750.0,8000.0,3.8843006203134816,3.88930170250631,0.02470437317184932,4.442213053054444,4.440313941676689,0.028813869932109427,4.4142175811743725,4.440313941676689,4.470590991942003,2.4685,2.5,0.13512124185338145,2.5,2.5,2.5,0.70965,0.75,0.2390802741758508,0.4,0.75,0.95,8.386432695688127
792,85.507777,-68.714325,4250,0.0,0.2,3.830138970071602,3.9303386641550304,/Users/shannonbowes/Research/ysg/candidates_and_lcs/2022_asassn_lc_data/pysynphot_data/grid/bosz/r2000/m-0.25/bosz2024_ms_t4250_g+0.0_m-0.25_a+0.00_c+0.00_v2_r2000_resam.txt.gz,5000,0.0,0.95,3.850234506009323,0.012639025949954323,/Users/shannonbowes/Research/ysg/candidates_and_lcs/2022_asassn_lc_data/pysynphot_data/grid/bosz/r2000/m-0.25/bosz2024_ms_t5000_g+0.0_m-0.25_a+0.00_c+0.00_v2_r2000_resam.txt.gz,1000,4462.0,4500.0,89.7552226892675,4500.0,4500.0,4500.0,3.6494393290491387,3.6532125137753435,0.008912185140743661,3.7696049532944635,3.7695828158391347,0.017881433902691472,3.7520502087750724,3.7695828158391347,3.788201996320062,0.0,0.0,0.0,0.0,0.0,0.0,0.36910000000000004,0.4,0.10077296264375679,0.2,0.4,0.45,40.31186586863868,1000,5009.0,5000.0,155.46382215808282,5000.0,5000.0,5039.999999999992,3.6995410934759465,3.6989700043360187,0.013520294528266889,3.825993309302386,3.825797332757971,0.018782596599617903,3.806619559754449,3.825797332757971,3.844802717367904,0.311,0.0,0.6850394149244261,0.0,0.0,0.5,0.8242999999999999,0.85,0.15454614197708075,0.7,0.85,1.0,9.710147452588386
793,85.532318,-69.280785,6500,2.5,0.9,3.9630591905775456,0.3756488521275032,/Users/shannonbowes/Research/ysg/candidates_and_lcs/2022_asassn_lc_data/pysynphot_data/grid/bosz/r2000/m-0.25/bosz2024_ms_t6500_g+2.5_m-0.25_a+0.00_c+0.00_v2_r2000_resam.txt.gz,6250,1.0,0.9,3.9451527047275436,0.04283583542670314,/Users/shannonbowes/Research/ysg/candidates_and_lcs/2022_asassn_lc_data/pysynphot_data/grid/bosz/r2000/m-0.25/bosz2024_ms_t6250_g+1.0_m-0.25_a+0.00_c+0.00_v2_r2000_resam.txt.gz,1000,6397.5,6500.0,251.73150378925558,6250.0,6500.0,6500.0,3.805666236672165,3.8129133566428557,0.01739038482832872,3.9691101202136427,3.969157558771953,0.009855392620345302,3.959337984827335,3.969157558771953,3.978800898611991,2.172,2.5,0.4386524820401681,1.5,2.5,2.5,0.8292999999999999,0.9,0.16233148185118004,0.7,0.9,0.95,7.705284604494765,1000,6414.5,6500.0,273.2942553366243,6250.0,6500.0,6750.0,3.8067696814998246,3.8129133566428557,0.01847181333535335,3.9518027727047778,3.951895497171158,0.03045723179702218,3.9235676794747216,3.951895497171158,3.9806502260438577,1.4975,1.5,0.5470317632459746,1.0,1.5,2.0,0.9575,1.0,0.1296678448961037,0.95,1.0,1.0,5.300288278797507
794,85.537535,-69.216705,12000,2.0,0.3,4.508972317499952,18.322421786134033,/Users/shannonbowes/Research/ysg/candidates_and_lcs/2022_asassn_lc_data/pysynphot_data/grid/bosz/r2000/m-0.25/bosz2024_ap_t12000_g+2.0_m-0.25_a+0.00_c+0.00_v2_r2000_resam.txt.gz,10750,3.0,0.35,4.345559795016622,0.007210969074497069,/Users/shannonbowes/Research/ysg/candidates_and_lcs/2022_asassn_lc_data/pysynphot_data/grid/bosz/r2000/m-0.25/bosz2024_ap_t10750_g+3.0_m-0.25_a+0.00_c+0.00_v2_r2000_resam.txt.gz,1000,12000.0,12000.0,0.0,12000.0,12000.0,12000.0,4.079181246047625,4.079181246047625,0.0,4.500540358326858,4.500074416588623,0.011467567880674035,4.488902456484101,4.500074416588623,4.512599969835945,2.0,2.0,0.0,2.0,2.0,2.0,0.29789999999999994,0.3,0.03241280611116537,0.25,0.3,0.35,53.8440596758682,1000,10487.75,10250.0,1252.5124500379227,9500.0,10250.0,11500.0,4.017901412948873,4.010723865391773,0.047877451165709524,4.357582074581947,4.344495812275484,0.07085418777713726,4.300816071257498,4.344495812275484,4.403949595742193,2.7085,3.0,0.34536611009188495,2.5,3.0,3.0,0.2815000000000001,0.25,0.10771606194064096,0.2,0.25,0.35,5.4365177393308874
795,85.549741,-69.207756,11250,2.0,0.75,4.577328359495087,0.16571054757409034,/Users/shannonbowes/Research/ysg/candidates_and_lcs/2022_asassn_lc_data/pysynphot_data/grid/bosz/r2000/m-0.25/bosz2024_ap_t11250_g+2.0_m-0.25_a+0.00_c+0.00_v2_r2000_resam.txt.gz,9250,2.5,0.45,4.518486618645192,0.008934353977659125,/Users/shannonbowes/Research/ysg/candidates_and_lcs/2022_asassn_lc_data/pysynphot_data/grid/bosz/r2000/m-0.25/bosz2024_ap_t9250_g+2.5_m-0.25_a+0.00_c+0.00_v2_r2000_resam.txt.gz,1000,12021.0,12000.0,727.19254671648,11500.0,12000.0,12000.0,4.0791827014328765,4.079181246047625,0.025369216596346746,4.608796350026625,4.5952104636229,0.04503732941676477,4.5801802767968125,4.5952104636229,4.621616618549377,2.221,2.0,0.39706296729863894,2.0,2.0,3.0,0.86,0.85,0.07586171630012072,0.8,0.85,0.9,5.542823303923351,1000,9817.25,10250.0,1758.3841837038913,8000.0,10250.0,11750.0,3.9853058949306863,4.010723865391773,0.07553314754762472,4.482550500322117,4.46045839908991,0.10679341791028538,4.386921844422561,4.46045839908991,4.575383111079248,2.588,2.5,0.39084012076551206,2.0,2.5,3.0,0.6682,0.75,0.2954890184084681,0.25,0.75,1.0,2.5878609349266615
796,85.564934,-68.176895,11750,2.5,0.9,4.229904854101786,0.18331179683756324,/Users/shannonbowes/Research/ysg/candidates_and_lcs/2022_asassn_lc_data/pysynphot_data/grid/bosz/r2000/m-0.25/bosz2024_ap_t11750_g+2.5_m-0.25_a+0.00_c+0.00_v2_r2000_resam.txt.gz,8750,2.5,0.45,4.137387739159852,0.0030190282497430123,/Users/shannonbowes/Research/ysg/candidates_and_lcs/2022_asassn_lc_data/pysynphot_data/grid/bosz/r2000/m-0.25/bosz2024_ap_t8750_g+2.5_m-0.25_a+0.00_c+0.00_v2_r2000_resam.txt.gz,1000,11247.5,11250.0,569.9725870601146,10750.0,11250.0,11750.0,4.050489745362365,4.051152522447381,0.022271113789043763,4.202713494374487,4.203182502795816,0.024561207859646862,4.178814085240045,4.203182502795816,4.225000996249422,2.8695,3.0,0.2919242196187223,2.5,3.0,3.0,0.8489,0.85,0.07323790002450917,0.8,0.85,0.9,7.075882130248899,1000,10331.5,10250.0,1935.8738982692028,8250.0,10250.0,13000.0,4.006778767591289,4.010723865391773,0.07954421714611142,4.187529258002426,4.155090801296213,0.10470984798251742,4.097592365275757,4.155090801296213,4.31902563473802,2.7975,3.0,0.28415444744012014,2.5,3.0,3.0,0.6683,0.725,0.25666146964435466,0.35,0.725,0.95,5.345474215396898
797,85.576602,-68.461136,13500,3.0,0.5,4.279309437070703,0.590905032256092,/Users/shannonbowes/Research/ysg/candidates_and_lcs/2022_asassn_lc_data/pysynphot_data/grid/bosz/r2000/m-0.25/bosz2024_ap_t13500_g+3.0_m-0.25_a+0.00_c+0.00_v2_r2000_resam.txt.gz,10250,3.0,0.3,4.083868446752524,0.03140129574184552,/Users/shannonbowes/Research/ysg/candidates_and_lcs/2022_asassn_lc_data/pysynphot_data/grid/bosz/r2000/m-0.25/bosz2024_ap_t10250_g+3.0_m-0.25_a+0.00_c+0.00_v2_r2000_resam.txt.gz,1000,12092.75,11750.0,814.6072289760262,11500.0,11750.0,13000.0,4.081590626585748,4.0700378666077555,0.028118127763581163,4.204500321416079,4.190362638624444,0.041280277655587505,4.174798659490178,4.190362638624444,4.258871181433009,2.224,2.0,0.39915410557828407,2.0,2.0,3.0,0.43245000000000006,0.4,0.07382071186327047,0.35,0.4,0.5,12.25332061695535,1000,9883.5,9500.0,1212.147990139818,9000.0,9500.0,10500.0,3.99198284392875,3.9777236052888476,0.04913643579101381,4.056391856410274,4.044016936817511,0.06601729095869789,4.001838563502955,4.044016936817511,4.0967752709027785,2.6585,2.5,0.28306845461831315,2.5,2.5,3.0,0.2895500000000001,0.2,0.12065777016006883,0.2,0.2,0.4,4.383642983222557
798,85.58733,-69.487892,14000,3.0,0.2,4.66147963509794,279.1801744389229,/Users/shannonbowes/Research/ysg/candidates_and_lcs/2022_asassn_lc_data/pysynphot_data/grid/bosz/r2000/m-0.25/bosz2024_ap_t14000_g+3.0_m-0.25_a+0.00_c+0.00_v2_r2000_resam.txt.gz,14000,3.0,0.2,4.587283590217503,28.53882990583295,/Users/shannonbowes/Research/ysg/candidates_and_lcs/2022_asassn_lc_data/pysynphot_data/grid/bosz/r2000/m-0.25/bosz2024_ap_t14000_g+3.0_m-0.25_a+0.00_c+0.00_v2_r2000_resam.txt.gz,1000,14000.0,14000.0,0.0,14000.0,14000.0,14000.0,4.146128035678239,4.146128035678238,8.881784197001252e-16,4.6486495931010134,4.649958788155836,0.010976068038889529,4.637270060303901,4.649958788155836,4.659721632204992,3.0,3.0,0.0,3.0,3.0,3.0,0.20000000000000004,0.2,2.7755575615628914e-17,0.2,0.2,0.2,399.03428849992747,1000,13943.0,14000.0,219.66110261036204,14000.0,14000.0,14000.0,4.14429949934541,4.146128035678238,0.007110701678564107,4.5924356920865375,4.594602876099344,0.018223454137784395,4.582082337959386,4.594602876099344,4.606428158576666,3.0,3.0,0.0,3.0,3.0,3.0,0.20000000000000004,0.2,2.7755575615628914e-17,0.2,0.2,0.2,77.08319783923577
799,85.603976,-68.371994,8250,2.0,0.75,4.066508214333335,0.28789658723523825,/Users/shannonbowes/Research/ysg/candidates_and_lcs/2022_asassn_lc_data/pysynphot_data/grid/bosz/r2000/m-0.25/bosz2024_ap_t8250_g+2.0_m-0.25_a+0.00_c+0.00_v2_r2000_resam.txt.gz,9250,2.0,1.0,4.068396401632791,0.004905740519158526,/Users/shannonbowes/Research/ysg/candidates_and_lcs/2022_asassn_lc_data/pysynphot_data/grid/bosz/r2000/m-0.25/bosz2024_ap_t9250_g+2.0_m-0.25_a+0.00_c+0.00_v2_r2000_resam.txt.gz,1000,8154.25,8250.0,557.130539012178,7500.0,8250.0,8750.0,3.9103370940284776,3.916453948549925,0.03040732254917935,4.07021245397854,4.070080814741725,0.006763684884911854,4.063383278906321,4.070080814741725,4.076831343860464,2.1515,2.0,0.2679510216438818,2.0,2.0,2.5,0.6904,0.75,0.22060788743832346,0.4,0.75,0.9,5.931751821698337,1000,8019.25,8000.0,758.331680401129,7000.0,8000.0,8750.0,3.9022168710270972,3.9030899869919438,0.04068924076578751,4.06109835063955,4.059455912974089,0.015389052298955366,4.047128125749279,4.059455912974089,4.074172242328009,2.355,2.5,0.2549019419306177,2.0,2.5,2.5,0.6477999999999999,0.7,0.268951965971621,0.3,0.7,0.95,2.903406636911632
800,85.605136,-69.479073,8000,2.5,0.5,3.9112286472049322,0.5245300409961355,/Users/shannonbowes/Research/ysg/candidates_and_lcs/2022_asassn_lc_data/pysynphot_data/grid/bosz/r2000/m-0.25/bosz2024_ms_t8000_g+2.5_m-0.25_a+0.00_c+0.00_v2_r2000_resam.txt.gz,9000,2.0,0.85,3.9068190636024984,0.04534165939552295,/Users/shannonbowes/Research/ysg/candidates_and_lcs/2022_asassn_lc_data/pysynphot_data/grid/bosz/r2000/m-0.25/bosz2024_ap_t9000_g+2.0_m-0.25_a+0.00_c+0.00_v2_r2000_resam.txt.gz,1000,8566.75,8750.0,466.3495872197165,8250.0,8750.0,9000.0,3.932144579141267,3.942008053022313,0.02442005244873632,3.9036085748328833,3.903737994839254,0.006784360457680615,3.8968549927144984,3.903737994839254,3.9105981365171076,2.3625,2.5,0.2232571387436469,2.0,2.5,2.5,0.7123999999999999,0.75,0.15965976324672415,0.6,0.75,0.85,11.312278033015607,1000,8068.75,8000.0,535.3372184894303,7500.0,8000.0,8500.0,3.9059092945824387,3.9030899869919438,0.02750829692443548,3.887738692589183,3.8864939093505386,0.014518178524594413,3.8754241702107723,3.8864939093505386,3.898831115822613,2.4895,2.5,0.12099483460049028,2.5,2.5,2.5,0.59015,0.6,0.1696923024182299,0.4,0.6,0.75,8.152715847863586
801,85.629423,-68.268906,6500,2.5,0.2,4.09994477014224,1.5439434779757013,/Users/shannonbowes/Research/ysg/candidates_and_lcs/2022_asassn_lc_data/pysynphot_data/grid/bosz/r2000/m-0.25/bosz2024_ms_t6500_g+2.5_m-0.25_a+0.00_c+0.00_v2_r2000_resam.txt.gz,7500,2.0,0.95,4.067168333120326,0.015400986616535483,/Users/shannonbowes/Research/ysg/candidates_and_lcs/2022_asassn_lc_data/pysynphot_data/grid/bosz/r2000/m-0.25/bosz2024_ap_t7500_g+2.0_m-0.25_a+0.00_c+0.00_v2_r2000_resam.txt.gz,1000,6502.5,6500.0,24.8746859276655,6500.0,6500.0,6500.0,3.8130772608047354,3.8129133566428557,0.0016308258196177294,4.1010178461051705,4.100913690859413,0.006576857085995076,4.094296192481294,4.100913690859413,4.107376255326465,2.5,2.5,0.0,2.5,2.5,2.5,0.22015000000000004,0.2,0.027504136052601245,0.2,0.2,0.25,16.967106861605814,1000,7102.5,7250.0,525.2320915557236,6500.0,7250.0,7500.0,3.8501966585979854,3.8603380065709936,0.0326642107134019,4.075281582616523,4.075185859694803,0.009455986191478137,4.065978054118415,4.075185859694803,4.085025119252698,2.1165,2.0,0.4355200913850014,1.5,2.0,2.5,0.6933499999999999,0.8,0.29823359552538675,0.3,0.8,1.0,2.6397158687834152
802,85.649797,-69.069824,14000,3.0,0.2,4.777260302460641,128.2774167340493,/Users/shannonbowes/Research/ysg/candidates_and_lcs/2022_asassn_lc_data/pysynphot_data/grid/bosz/r2000/m-0.25/bosz2024_ap_t14000_g+3.0_m-0.25_a+0.00_c+0.00_v2_r2000_resam.txt.gz,12500,3.0,0.2,4.635268604206383,61.902913546561905,/Users/shannonbowes/Research/ysg/candidates_and_lcs/2022_asassn_lc_data/pysynphot_data/grid/bosz/r2000/m-0.25/bosz2024_ap_t12500_g+3.0_m-0.25_a+0.00_c+0.00_v2_r2000_resam.txt.gz,1000,14000.0,14000.0,0.0,14000.0,14000.0,14000.0,4.146128035678239,4.146128035678238,8.881784197001252e-16,4.788124840928497,4.787732438873924,0.009957126515268252,4.778232766441213,4.787732438873924,4.798547923564666,3.0,3.0,0.0,3.0,3.0,3.0,0.20655000000000007,0.2,0.01730888500164005,0.2,0.2,0.2,222.19216219205128,1000,12139.5,12000.0,777.6019225799278,11250.0,12000.0,13000.0,4.083314037921933,4.079181246047625,0.027729660959333265,4.612012276428051,4.603895530903312,0.06516166082400679,4.543481655700847,4.603895530903312,4.683261345027828,3.0,3.0,0.0,3.0,3.0,3.0,0.20000000000000004,0.2,2.7755575615628914e-17,0.2,0.2,0.2,116.9949795557198
803,85.68147,-68.231514,12000,3.0,1.0,4.329153208835622,0.09814157039541635,/Users/shannonbowes/Research/ysg/candidates_and_lcs/2022_asassn_lc_data/pysynphot_data/grid/bosz/r2000/m-0.25/bosz2024_ap_t12000_g+3.0_m-0.25_a+0.00_c+0.00_v2_r2000_resam.txt.gz,10250,3.0,0.85,4.241988393987134,0.0001939635012524463,/Users/shannonbowes/Research/ysg/candidates_and_lcs/2022_asassn_lc_data/pysynphot_data/grid/bosz/r2000/m-0.25/bosz2024_ap_t10250_g+3.0_m-0.25_a+0.00_c+0.00_v2_r2000_resam.txt.gz,1000,11573.5,11750.0,382.39083409517025,11250.0,11750.0,12000.0,4.06322420239022,4.0700378666077555,0.014507759626366181,4.307678359409419,4.3089328164020655,0.020224155829128614,4.287121089014078,4.3089328164020655,4.328138742487757,2.08,2.0,0.22715633383201092,2.0,2.0,2.0,0.96215,1.0,0.04576983176722414,0.9,1.0,1.0,2.8022434359455284,1000,9340.25,8500.0,1928.3522597025678,7500.0,8500.0,11500.0,3.961643155241852,3.929418925714293,0.08575948296253391,4.231233647256237,4.207394150758201,0.09091763053036062,4.1560296041835825,4.207394150758201,4.3050212671220995,2.469,2.5,0.4295800274686895,2.0,2.5,3.0,0.5925999999999999,0.6,0.3361848301158159,0.2,0.6,1.0,0.8566011266523221
804,85.692075,-67.812019,8500,2.5,0.55,3.734455390227336,0.7018847689637344,/Users/shannonbowes/Research/ysg/candidates_and_lcs/2022_asassn_lc_data/pysynphot_data/grid/bosz/r2000/m-0.25/bosz2024_ap_t8500_g+2.5_m-0.25_a+0.00_c+0.00_v2_r2000_resam.txt.gz,7750,2.0,0.4,3.704933006005876,0.09030004884279925,/Users/shannonbowes/Research/ysg/candidates_and_lcs/2022_asassn_lc_data/pysynphot_data/grid/bosz/r2000/m-0.25/bosz2024_ms_t7750_g+2.0_m-0.25_a+0.00_c+0.00_v2_r2000_resam.txt.gz,1000,8359.25,8500.0,600.5222206546565,7500.0,8500.0,9000.0,3.921025156185621,3.929418925714293,0.03164843705709814,3.7348502297597097,3.7346130910523305,0.0077836895274943935,3.727131650211605,3.7346130910523305,3.7425548551002996,2.373,2.5,0.2176487996750729,2.0,2.5,2.5,0.5210499999999999,0.6,0.21310654025627648,0.2,0.6,0.7,12.128735499022689,1000,7650.25,7500.0,339.4664011356647,7500.0,7500.0,7750.0,3.883282550227849,3.8750612633917,0.018121148710117795,3.7143691661289777,3.714098507149449,0.016866216448131036,3.6978908016648946,3.714098507149449,3.7293180375031096,2.44,2.5,0.17,2.5,2.5,2.5,0.3225,0.3,0.1280771252019657,0.2,0.3,0.45,8.452147265722168
805,85.763473,-67.468979,7000,2.0,0.4,4.0722617595332125,0.2874383352396058,/Users/shannonbowes/Research/ysg/candidates_and_lcs/2022_asassn_lc_data/pysynphot_data/grid/bosz/r2000/m-0.25/bosz2024_ms_t7000_g+2.0_m-0.25_a+0.00_c+0.00_v2_r2000_resam.txt.gz,7500,2.5,0.8,4.045233875029425,0.005143049181266403,/Users/shannonbowes/Research/ysg/candidates_and_lcs/2022_asassn_lc_data/pysynphot_data/grid/bosz/r2000/m-0.25/bosz2024_ms_t7500_g+2.5_m-0.25_a+0.00_c+0.00_v2_r2000_resam.txt.gz,1000,6789.75,6750.0,183.66392541813974,6750.0,6750.0,6750.0,3.8317078987809374,3.829303772831025,0.011024960296436577,4.065632838443736,4.065666082131887,0.009035787437993418,4.056818996136437,4.065666082131887,4.074547467571734,2.3925,2.5,0.2533648554949956,2.0,2.5,2.5,0.27875,0.25,0.10183779995659765,0.2,0.25,0.3,6.459213086049429,1000,6915.0,6750.0,447.3812691653507,6500.0,6750.0,7500.0,3.8389238970577613,3.829303772831025,0.027157676770740317,4.057865876938612,4.056553613493456,0.02373236189006013,4.035103891596356,4.056553613493456,4.081419830375876,2.202,2.5,0.38948170688749945,2.0,2.5,2.5,0.37965000000000004,0.25,0.2449252488005269,0.2,0.25,0.7,3.863456114762861
806,85.824277,-69.69725,7750,2.5,0.65,4.17439380689285,0.05185448521693976,/Users/shannonbowes/Research/ysg/candidates_and_lcs/2022_asassn_lc_data/pysynphot_data/grid/bosz/r2000/m-0.25/bosz2024_ms_t7750_g+2.5_m-0.25_a+0.00_c+0.00_v2_r2000_resam.txt.gz,6750,1.5,0.2,4.148789230459948,0.00436504774660698,/Users/shannonbowes/Research/ysg/candidates_and_lcs/2022_asassn_lc_data/pysynphot_data/grid/bosz/r2000/m-0.25/bosz2024_ms_t6750_g+1.5_m-0.25_a+0.00_c+0.00_v2_r2000_resam.txt.gz,1000,7472.25,7250.0,606.3558670450876,7000.0,7250.0,8250.0,3.8720817703368184,3.8603380065709936,0.03412352672449759,4.1720289887754305,4.172052782864414,0.008802214285828263,4.1634462225397115,4.172052782864414,4.18032240100705,2.0435,2.0,0.3631222246021304,1.5,2.0,2.5,0.48699999999999993,0.4,0.26345018504453555,0.25,0.4,0.85,4.21750924450111,1000,7382.25,7000.0,795.0298343458564,6750.0,7000.0,8250.0,3.865850923072707,3.845098040014257,0.04425014107806068,4.159049910173377,4.155614449469479,0.02911223848116308,4.13396838428626,4.155614449469479,4.186299006793352,2.1045,2.0,0.4151261856351632,1.5,2.0,2.5,0.46815,0.3,0.3145362896392084,0.2,0.3,0.95,1.8560201508177998
807,85.885111,-68.3144,8750,2.0,0.85,4.15369850014893,0.2766313220333507,/Users/shannonbowes/Research/ysg/candidates_and_lcs/2022_asassn_lc_data/pysynphot_data/grid/bosz/r2000/m-0.25/bosz2024_ap_t8750_g+2.0_m-0.25_a+0.00_c+0.00_v2_r2000_resam.txt.gz,7250,2.5,0.3,4.131748802426713,0.004027202701392412,/Users/shannonbowes/Research/ysg/candidates_and_lcs/2022_asassn_lc_data/pysynphot_data/grid/bosz/r2000/m-0.25/bosz2024_ms_t7250_g+2.5_m-0.25_a+0.00_c+0.00_v2_r2000_resam.txt.gz,1000,8339.0,8250.0,393.16535961348376,8000.0,8250.0,8750.0,3.92062328115801,3.916453948549925,0.02073817041308631,4.154764673708987,4.154591727180034,0.006321193430389939,4.148229966393051,4.154591727180034,4.161049951768317,2.1145,2.0,0.2100946215399147,2.0,2.0,2.5,0.7125,0.75,0.14051245496396397,0.6,0.75,0.85,6.377209024437528,1000,8516.5,8500.0,943.5850518103813,7250.0,8500.0,9500.0,3.9275564382706043,3.929418925714293,0.048665157814394414,4.149443084531336,4.1440783038516935,0.023232642926233258,4.128094843558119,4.1440783038516935,4.173531804382111,2.2945,2.5,0.28021375769223034,2.0,2.5,2.5,0.7412000000000001,0.8,0.27265832098067355,0.35,0.8,1.0,1.9945104590909546
808,85.92611,-68.58667,7500,2.0,0.55,4.000911994134524,0.14927297559066002,/Users/shannonbowes/Research/ysg/candidates_and_lcs/2022_asassn_lc_data/pysynphot_data/grid/bosz/r2000/m-0.25/bosz2024_ap_t7500_g+2.0_m-0.25_a+0.00_c+0.00_v2_r2000_resam.txt.gz,8750,2.5,0.9,4.017185419890405,0.02010208114480891,/Users/shannonbowes/Research/ysg/candidates_and_lcs/2022_asassn_lc_data/pysynphot_data/grid/bosz/r2000/m-0.25/bosz2024_ap_t8750_g+2.5_m-0.25_a+0.00_c+0.00_v2_r2000_resam.txt.gz,1000,8150.5,8250.0,480.3381621316382,7750.0,8250.0,8500.0,3.910395379477316,3.916453948549925,0.02647866183059741,4.0097304969562,4.009559816173033,0.006101511900772917,4.003866502548169,4.009559816173033,4.015566712434234,2.091,2.0,0.2371054617675434,2.0,2.0,2.5,0.80655,0.85,0.19868215194123504,0.65,0.85,0.95,6.241406402201215,1000,7978.75,8250.0,644.0969938603968,7000.0,8250.0,8500.0,3.900467421774325,3.916453948549925,0.03603335324693695,3.9983223374878762,3.998129241958733,0.012063697315301448,3.986308804081168,3.998129241958733,4.010352902856907,2.3435,2.5,0.2641169248647273,2.0,2.5,2.5,0.76435,0.9,0.2663110540326856,0.4,0.9,1.0,2.8094986554474817
809,86.007315,-67.633423,8500,2.0,0.85,4.175301447057379,0.3760839486406336,/Users/shannonbowes/Research/ysg/candidates_and_lcs/2022_asassn_lc_data/pysynphot_data/grid/bosz/r2000/m-0.25/bosz2024_ap_t8500_g+2.0_m-0.25_a+0.00_c+0.00_v2_r2000_resam.txt.gz,9750,2.0,0.9,4.242280685468676,0.029167280702244343,/Users/shannonbowes/Research/ysg/candidates_and_lcs/2022_asassn_lc_data/pysynphot_data/grid/bosz/r2000/m-0.25/bosz2024_ap_t9750_g+2.0_m-0.25_a+0.00_c+0.00_v2_r2000_resam.txt.gz,1000,7523.25,7250.0,659.75142099127,7000.0,7250.0,8250.0,3.8748672218781053,3.8603380065709936,0.035815626191816274,4.166751776103603,4.166579292692802,0.010850996553294924,4.1554444507655575,4.166579292692802,4.177283071635095,2.2915,2.5,0.31587616244344874,2.0,2.5,2.5,0.39855,0.3,0.2519035480099477,0.2,0.3,0.7,6.922994398995636,1000,7419.25,7250.0,443.0484595391344,7000.0,7250.0,7750.0,3.8696294309705244,3.8603380065709936,0.024841794251673526,4.1684905953684135,4.168120139119038,0.018976748674575838,4.149661860622518,4.168120139119038,4.187900156587595,2.2885,2.5,0.31387537335700616,2.0,2.5,2.5,0.3600500000000001,0.25,0.19405282141726257,0.2,0.25,0.6,5.214838387188449
810,86.014336,-69.902939,6500,2.5,0.7,4.05101074824274,0.24588027317821107,/Users/shannonbowes/Research/ysg/candidates_and_lcs/2022_asassn_lc_data/pysynphot_data/grid/bosz/r2000/m-0.25/bosz2024_ms_t6500_g+2.5_m-0.25_a+0.00_c+0.00_v2_r2000_resam.txt.gz,6000,1.5,0.35,4.058435516897834,0.008442795973133717,/Users/shannonbowes/Research/ysg/candidates_and_lcs/2022_asassn_lc_data/pysynphot_data/grid/bosz/r2000/m-0.25/bosz2024_ms_t6000_g+1.5_m-0.25_a+0.00_c+0.00_v2_r2000_resam.txt.gz,1000,6149.25,6250.0,261.7956025222731,5750.0,6250.0,6500.0,3.7884286261655773,3.7958800173440754,0.018489469871246778,4.053294635331182,4.053181635712259,0.007034136043375012,4.046584969677754,4.053181635712259,4.059737571134634,2.178,2.5,0.3732505860678587,2.0,2.5,2.5,0.50295,0.55,0.18579235048838794,0.25,0.55,0.7079999999999984,3.8275728499073427,1000,6203.75,6250.0,372.8919917348722,5750.0,6250.0,6500.0,3.791873445167359,3.7958800173440754,0.026016023453643768,4.04247840780959,4.0421681171398705,0.021177904781752854,4.0214449900252305,4.0421681171398705,4.063192435863914,1.822,2.0,0.6195288532425266,1.0,2.0,2.5,0.60705,0.6,0.29422406002908735,0.25,0.6,1.0,1.6061041160187943
811,86.050507,-69.228134,5250,2.5,1.0,4.016391142417907,347.91180989638855,/Users/shannonbowes/Research/ysg/candidates_and_lcs/2022_asassn_lc_data/pysynphot_data/grid/bosz/r2000/m-0.25/bosz2024_ms_t5250_g+2.5_m-0.25_a+0.00_c+0.00_v2_r2000_resam.txt.gz,4750,0.5,0.95,3.9554847417018486,0.019072313796052436,/Users/shannonbowes/Research/ysg/candidates_and_lcs/2022_asassn_lc_data/pysynphot_data/grid/bosz/r2000/m-0.25/bosz2024_ms_t4750_g+0.5_m-0.25_a+0.00_c+0.00_v2_r2000_resam.txt.gz,1000,5124.25,5000.0,124.99774997974964,5000.0,5000.0,5250.0,3.7095010859737783,3.6989700043360187,0.010594458829561143,4.032062532873832,4.032057613967045,0.008875248817965356,4.023435153056603,4.032057613967045,4.040891876746188,2.5,2.5,0.0,2.5,2.5,2.5,0.9291499999999998,0.9,0.07185247038202655,0.85,0.9,1.0,501.16157759382753,1000,4593.5,4500.0,151.27045316253933,4500.0,4500.0,4750.0,3.6619063905702296,3.6532125137753435,0.014386779148306257,3.954569416806613,3.9547373061365256,0.012970386625442193,3.941473244348384,3.9547373061365256,3.967507976742335,0.6295,0.0,0.8357510095716307,0.0,0.0,1.5,0.79595,0.85,0.20352173716829366,0.6,0.85,1.0,6.646059040892199
812,86.116863,-69.801651,13000,3.0,1.0,4.209336507924586,0.336511817020133,/Users/shannonbowes/Research/ysg/candidates_and_lcs/2022_asassn_lc_data/pysynphot_data/grid/bosz/r2000/m-0.25/bosz2024_ap_t13000_g+3.0_m-0.25_a+0.00_c+0.00_v2_r2000_resam.txt.gz,12500,3.0,0.95,4.16690742849523,0.015958523832244123,/Users/shannonbowes/Research/ysg/candidates_and_lcs/2022_asassn_lc_data/pysynphot_data/grid/bosz/r2000/m-0.25/bosz2024_ap_t12500_g+3.0_m-0.25_a+0.00_c+0.00_v2_r2000_resam.txt.gz,1000,11882.5,12000.0,236.2599204266352,11750.0,12000.0,12000.0,4.074821741843264,4.079181246047625,0.008655175030720977,4.130941870314197,4.132373100680027,0.014529962216517688,4.118189487249439,4.132373100680027,4.141613492664762,2.0165,2.0,0.12032352222238177,2.0,2.0,2.0,0.9547499999999999,0.95,0.03485595358041436,0.95,0.95,1.0,6.395967200072631,1000,10652.0,10750.0,1485.6045907306561,8750.0,10750.0,12000.0,4.022926538892336,4.031408464251625,0.06369470284042479,4.04983640953591,4.033340908185709,0.08245914263245632,3.9735562816589667,4.033340908185709,4.123301788933045,2.776,3.0,0.3568248870244338,2.5,3.0,3.0,0.889,1.0,0.21222393832930347,0.75,1.0,1.0,3.2045980210610194
813,86.136478,-67.576225,9000,2.5,0.55,3.7750145589133406,4.458087811605099,/Users/shannonbowes/Research/ysg/candidates_and_lcs/2022_asassn_lc_data/pysynphot_data/grid/bosz/r2000/m-0.25/bosz2024_ap_t9000_g+2.5_m-0.25_a+0.00_c+0.00_v2_r2000_resam.txt.gz,8500,2.5,0.45,3.756938302892695,3.3865082673856066,/Users/shannonbowes/Research/ysg/candidates_and_lcs/2022_asassn_lc_data/pysynphot_data/grid/bosz/r2000/m-0.25/bosz2024_ap_t8500_g+2.5_m-0.25_a+0.00_c+0.00_v2_r2000_resam.txt.gz,1000,8665.25,8750.0,380.4667363909754,8250.0,8750.0,9000.0,3.9373672105546818,3.942008053022313,0.018914439727092447,3.773042122172996,3.7727405637127642,0.007938571399453458,3.7656925823453626,3.7727405637127642,3.780238558029388,2.4685,2.5,0.13877229550598347,2.5,2.5,2.5,0.41535,0.4,0.11354240397314125,0.3,0.4,0.5,33.36594840570658,1000,7928.25,8000.0,145.4800244019776,7750.0,8000.0,8000.0,3.8991043678923147,3.9030899869919438,0.007957428798276836,3.7450086005609484,3.7448042855807846,0.013006663827622517,3.732014295686796,3.7448042855807846,3.7579834722933234,2.4965,2.5,0.04168632869418941,2.5,2.5,2.5,0.23935000000000003,0.25,0.045100748330820395,0.2,0.25,0.25,27.953368545760195
814,86.164983,-66.87178,4500,0.0,0.2,4.111394568017639,0.5004507145322366,/Users/shannonbowes/Research/ysg/candidates_and_lcs/2022_asassn_lc_data/pysynphot_data/grid/bosz/r2000/m-0.25/bosz2024_ms_t4500_g+0.0_m-0.25_a+0.00_c+0.00_v2_r2000_resam.txt.gz,4750,0.0,0.45,4.118289097982641,0.004381039431001961,/Users/shannonbowes/Research/ysg/candidates_and_lcs/2022_asassn_lc_data/pysynphot_data/grid/bosz/r2000/m-0.25/bosz2024_ms_t4750_g+0.0_m-0.25_a+0.00_c+0.00_v2_r2000_resam.txt.gz,1000,4500.75,4500.0,13.672508913875317,4500.0,4500.0,4500.0,3.653282957062892,3.6532125137753435,0.0012841819692406475,4.111593104505322,4.111723130889749,0.006825234756306717,4.104854828225752,4.111723130889749,4.118046703090469,0.0,0.0,0.0,0.0,0.0,0.0,0.20830000000000004,0.2,0.02619370153300216,0.2,0.2,0.2,13.20641053785523,1000,4902.0,5000.0,196.5858591048705,4750.0,5000.0,5000.0,3.690024053107587,3.6989700043360187,0.017419834803361404,4.123744533673605,4.1233260903247455,0.008955086403441908,4.114792350889215,4.1233260903247455,4.132675975442315,0.653,0.5,0.7678482923077968,0.0,0.5,1.5,0.6467,0.7,0.22201150871069725,0.4,0.7,0.85,2.235547215641453
815,86.201296,-71.041496,4250,0.0,0.6,4.105665145807825,9.480429873719793,/Users/shannonbowes/Research/ysg/candidates_and_lcs/2022_asassn_lc_data/pysynphot_data/grid/bosz/r2000/m-0.25/bosz2024_ms_t4250_g+0.0_m-0.25_a+0.00_c+0.00_v2_r2000_resam.txt.gz,4250,0.0,0.45,4.09881396047026,0.012336594314790037,/Users/shannonbowes/Research/ysg/candidates_and_lcs/2022_asassn_lc_data/pysynphot_data/grid/bosz/r2000/m-0.25/bosz2024_ms_t4250_g+0.0_m-0.25_a+0.00_c+0.00_v2_r2000_resam.txt.gz,1000,4257.0,4250.0,41.24318125460256,4250.0,4250.0,4250.0,3.6290839903946135,3.6283889300503116,0.004095214251841173,4.10282967789721,4.1030138123662265,0.007285134132018941,4.095711880871646,4.1030138123662265,4.1100595522802905,0.0,0.0,0.0,0.0,0.0,0.0,0.60775,0.6,0.07254265986300751,0.55,0.6,0.65,31.59098355110072,1000,4441.25,4500.0,106.58769863356653,4250.0,4500.0,4500.0,3.6473776291120856,3.6532125137753435,0.010579750268406003,4.112217032208729,4.112056283640824,0.007254143315920683,4.105125595500567,4.112056283640824,4.119273209115794,0.5365,0.0,0.7010119471164525,0.0,0.0,1.0,0.76385,0.85,0.17278795530939073,0.5,0.85,0.9,1.5740469374710835
816,86.20323,-69.539848,12000,2.0,0.9,4.268677319675651,0.20299683928840384,/Users/shannonbowes/Research/ysg/candidates_and_lcs/2022_asassn_lc_data/pysynphot_data/grid/bosz/r2000/m-0.25/bosz2024_ap_t12000_g+2.0_m-0.25_a+0.00_c+0.00_v2_r2000_resam.txt.gz,7750,2.5,0.2,4.11073517717345,0.008509933941689179,/Users/shannonbowes/Research/ysg/candidates_and_lcs/2022_asassn_lc_data/pysynphot_data/grid/bosz/r2000/m-0.25/bosz2024_ms_t7750_g+2.5_m-0.25_a+0.00_c+0.00_v2_r2000_resam.txt.gz,1000,12171.75,12000.0,737.6072379661143,11750.0,12000.0,12500.0,4.084598198140442,4.079181246047625,0.02526243732080128,4.287836402728706,4.272772542804013,0.04955743625525277,4.255358927971768,4.272772542804013,4.323468732189928,2.181,2.0,0.3778081523736617,2.0,2.0,3.0,0.8733500000000001,0.85,0.06497905431752604,0.8,0.85,0.95,4.7909652321616285,1000,11145.75,11750.0,2058.201748493087,8250.0,11750.0,13500.0,4.039131590105555,4.0700378666077555,0.08492468637296385,4.254308315351205,4.24625238960484,0.12977304497957706,4.115439807239284,4.24625238960484,4.418330759811285,2.411,2.0,0.46912578270651467,2.0,2.0,3.0,0.71805,0.85,0.2940692052901834,0.25,0.85,1.0,2.3379756287379476
817,86.210766,-67.494606,5750,1.5,0.4,4.648611738836507,0.2719239808843576,/Users/shannonbowes/Research/ysg/candidates_and_lcs/2022_asassn_lc_data/pysynphot_data/grid/bosz/r2000/m-0.25/bosz2024_ms_t5750_g+1.5_m-0.25_a+0.00_c+0.00_v2_r2000_resam.txt.gz,5750,1.0,0.3,4.659550303661649,0.020302684248908257,/Users/shannonbowes/Research/ysg/candidates_and_lcs/2022_asassn_lc_data/pysynphot_data/grid/bosz/r2000/m-0.25/bosz2024_ms_t5750_g+1.0_m-0.25_a+0.00_c+0.00_v2_r2000_resam.txt.gz,1000,5772.0,5750.0,264.3690602169626,5500.0,5750.0,6000.0,3.760885301567554,3.7596678446896306,0.019417621747439606,4.648921911644023,4.648667058621607,0.00794469561177379,4.641103776742903,4.648667058621607,4.656592203694312,1.5975,1.5,0.5022387380519349,1.0,1.5,2.0,0.4136,0.35,0.21219104599393443,0.2,0.35,0.65,9.222740567137134,1000,5814.25,5750.0,253.59305491278738,5750.0,5750.0,6000.0,3.7640969759458915,3.7596678446896306,0.01838119166103291,4.666127564942226,4.667278521410338,0.015761862472562012,4.649776763065382,4.667278521410338,4.6817072263492046,2.003,2.0,0.5722682937224463,1.5,2.0,2.5,0.36115,0.3,0.21281019125032524,0.2,0.3,0.55,5.7798291408776254
818,86.31922,-68.99778,10250,2.0,0.7,5.286544305628683,0.16376867617766516,/Users/shannonbowes/Research/ysg/candidates_and_lcs/2022_asassn_lc_data/pysynphot_data/grid/bosz/r2000/m-0.25/bosz2024_ap_t10250_g+2.0_m-0.25_a+0.00_c+0.00_v2_r2000_resam.txt.gz,13000,3.0,0.95,5.426074805759422,0.006110403651684176,/Users/shannonbowes/Research/ysg/candidates_and_lcs/2022_asassn_lc_data/pysynphot_data/grid/bosz/r2000/m-0.25/bosz2024_ap_t13000_g+3.0_m-0.25_a+0.00_c+0.00_v2_r2000_resam.txt.gz,1000,11828.5,12000.0,643.0106919795346,11250.0,12000.0,12000.0,4.072283109733068,4.079181246047625,0.02376335436780681,5.332590484922685,5.329672684988469,0.03767550388415369,5.30113175522823,5.329672684988469,5.354900745926792,2.2385,2.0,0.4121501546766664,2.0,2.0,3.0,0.89915,0.9,0.07753565308940139,0.85,0.9,0.95,4.520278862538676,1000,10533.25,10875.0,1989.2101290462,8000.0,10875.0,12079.999999999984,4.014484682892933,4.036400574704925,0.0846929540573088,5.286066081731164,5.278159273789003,0.0952544088206541,5.187247586245856,5.278159273789003,5.368001889584367,2.434,2.5,0.44061774816727484,2.0,2.5,3.0,0.70225,0.8,0.2857314079690925,0.25,0.8,1.0,2.2505568162129803
819,86.332,-67.509865,9000,2.5,0.5,3.9200288884693206,6.354625801872372,/Users/shannonbowes/Research/ysg/candidates_and_lcs/2022_asassn_lc_data/pysynphot_data/grid/bosz/r2000/m-0.25/bosz2024_ap_t9000_g+2.5_m-0.25_a+0.00_c+0.00_v2_r2000_resam.txt.gz,8000,2.0,0.25,3.8939216799880754,3.0856111978686998,/Users/shannonbowes/Research/ysg/candidates_and_lcs/2022_asassn_lc_data/pysynphot_data/grid/bosz/r2000/m-0.25/bosz2024_ap_t8000_g+2.0_m-0.25_a+0.00_c+0.00_v2_r2000_resam.txt.gz,1000,9371.5,9250.0,469.6943154861468,9000.0,9250.0,9750.0,3.971276307597402,3.9661417327390325,0.02139036467307188,3.92872215489533,3.927395596745606,0.01268322536071108,3.9160089732765693,3.927395596745606,3.942072157765629,2.4955,2.5,0.26595065331749046,2.5,2.5,2.5,0.5602999999999999,0.55,0.0916182842013536,0.5,0.55,0.65,26.21200342251123,1000,7941.0,8000.0,162.077142126828,7750.0,8000.0,8000.0,3.899785202992252,3.9030899869919438,0.0088303184864115,3.878607892399813,3.878173914372276,0.012889671692396144,3.865632868767112,3.878173914372276,3.89143247674735,2.481,2.5,0.09559811713627,2.5,2.5,2.5,0.25410000000000005,0.25,0.05708055711010535,0.2,0.25,0.3,18.84433700158689
820,86.368152,-67.688766,8250,2.0,0.6,4.1896906886506855,0.14014204864249086,/Users/shannonbowes/Research/ysg/candidates_and_lcs/2022_asassn_lc_data/pysynphot_data/grid/bosz/r2000/m-0.25/bosz2024_ap_t8250_g+2.0_m-0.25_a+0.00_c+0.00_v2_r2000_resam.txt.gz,11500,2.0,0.9,4.336455804671211,0.012872429273332976,/Users/shannonbowes/Research/ysg/candidates_and_lcs/2022_asassn_lc_data/pysynphot_data/grid/bosz/r2000/m-0.25/bosz2024_ap_t11500_g+2.0_m-0.25_a+0.00_c+0.00_v2_r2000_resam.txt.gz,1000,8378.25,8500.0,491.6700494233913,7750.0,8500.0,8750.0,3.9224009562540423,3.929418925714293,0.025608215774948127,4.190533246295125,4.1906296188335475,0.007493279709218035,4.183013603603564,4.1906296188335475,4.197920033236979,2.3945,2.5,0.20400919096942666,2.0,2.5,2.5,0.5659,0.6,0.17516332378668772,0.35,0.6,0.75,5.077758913244086,1000,9605.5,10250.0,1530.8068950720074,7750.0,10250.0,11250.0,3.976915405286901,4.010723865391773,0.07007351650987668,4.238399724827754,4.231136045907805,0.05667528034312171,4.183370250007969,4.231136045907805,4.294950477072903,2.671,2.5,0.35532942461890205,2.5,2.5,3.0,0.7183499999999999,0.85,0.2774270669923899,0.35,0.85,1.0,3.135769785520487
821,86.476941,-67.333168,6750,2.5,0.45,3.982328583123835,0.6607415906785434,/Users/shannonbowes/Research/ysg/candidates_and_lcs/2022_asassn_lc_data/pysynphot_data/grid/bosz/r2000/m-0.25/bosz2024_ms_t6750_g+2.5_m-0.25_a+0.00_c+0.00_v2_r2000_resam.txt.gz,7500,2.0,0.75,3.998393404186812,0.025750382882225094,/Users/shannonbowes/Research/ysg/candidates_and_lcs/2022_asassn_lc_data/pysynphot_data/grid/bosz/r2000/m-0.25/bosz2024_ap_t7500_g+2.0_m-0.25_a+0.00_c+0.00_v2_r2000_resam.txt.gz,1000,6574.5,6500.0,152.31464144986194,6500.0,6500.0,6750.0,3.817749127027168,3.8129133566428557,0.00987037519550461,3.9756924442729122,3.975563206449437,0.006824200903731124,3.9684331371099537,3.975563206449437,3.9824002645445913,2.154,2.0,0.3424675167077894,2.0,2.0,2.5,0.3143,0.3,0.0877525498205038,0.25,0.3,0.4,10.11962590754902,1000,6718.0,6500.0,356.1614802305269,6500.0,6500.0,7000.0,3.8266620430330285,3.8129133566428557,0.022105054466347432,3.989860113760088,3.9896284034063427,0.012338915338073094,3.9784433289738224,3.9896284034063427,4.0015386321668345,2.24,2.5,0.33600595232822883,2.0,2.5,2.5,0.33265,0.25,0.20252525151200285,0.2,0.25,0.55,6.29254834973267
822,86.499385,-71.228409,9250,2.0,0.65,4.264154775720401,0.3863610578338716,/Users/shannonbowes/Research/ysg/candidates_and_lcs/2022_asassn_lc_data/pysynphot_data/grid/bosz/r2000/m-0.25/bosz2024_ap_t9250_g+2.0_m-0.25_a+0.00_c+0.00_v2_r2000_resam.txt.gz,9250,2.0,0.3,4.352504386408533,0.0033135830374048394,/Users/shannonbowes/Research/ysg/candidates_and_lcs/2022_asassn_lc_data/pysynphot_data/grid/bosz/r2000/m-0.25/bosz2024_ap_t9250_g+2.0_m-0.25_a+0.00_c+0.00_v2_r2000_resam.txt.gz,1000,9345.5,9250.0,462.6064742305278,9000.0,9250.0,9750.0,3.970080507638055,3.9661417327390325,0.021198988250294634,4.266518560044738,4.26591404437643,0.012826765469103144,4.253778491804071,4.26591404437643,4.279105273376998,2.254,2.0,0.3081947436281158,2.0,2.0,2.5,0.586,0.6,0.09324162160752031,0.5,0.6,0.6579999999999984,7.837098473796797,1000,9088.75,8750.0,1265.0833717585572,8000.0,8750.0,10000.0,3.9547772067692004,3.942008053022313,0.055310891919634994,4.332495725178636,4.317766984216129,0.08893287461948284,4.245893761631251,4.317766984216129,4.412461982035423,2.073,2.0,0.22174534944390606,2.0,2.0,2.0,0.3217,0.25,0.1500636864801075,0.25,0.25,0.4,4.239347414842162
823,86.507263,-66.990051,8000,2.5,0.25,3.8567405229419047,84.24362831880681,/Users/shannonbowes/Research/ysg/candidates_and_lcs/2022_asassn_lc_data/pysynphot_data/grid/bosz/r2000/m-0.25/bosz2024_ap_t8000_g+2.5_m-0.25_a+0.00_c+0.00_v2_r2000_resam.txt.gz,7500,2.5,0.25,3.769368900928826,57.11216734988752,/Users/shannonbowes/Research/ysg/candidates_and_lcs/2022_asassn_lc_data/pysynphot_data/grid/bosz/r2000/m-0.25/bosz2024_ms_t7500_g+2.5_m-0.25_a+0.00_c+0.00_v2_r2000_resam.txt.gz,1000,8005.0,8000.0,92.73618495495704,8000.0,8000.0,8000.0,3.9033323071859742,3.9030899869919438,0.005016885782046833,3.861463241847168,3.861752979690889,0.007292689215712548,3.854080232118581,3.861752979690889,3.8684104648315003,2.329,2.5,0.23718979741970356,2.0,2.5,2.5,0.21470000000000006,0.2,0.02467610179910919,0.2,0.2,0.25,158.87689022415165,1000,7518.75,7500.0,122.82482444522361,7500.0,7500.0,7500.0,3.8760875335294087,3.8750612633917,0.007110308340352934,3.767359714716907,3.7674875753174892,0.018617923041801716,3.748789835551213,3.7674875753174892,3.785332553652954,2.4945,2.5,0.05215122242095578,2.5,2.5,2.5,0.29725,0.3,0.07962372447957958,0.2,0.3,0.35,121.78755309164325
824,86.528952,-67.713066,7500,2.0,0.2,3.9911715156660197,0.7787082794433652,/Users/shannonbowes/Research/ysg/candidates_and_lcs/2022_asassn_lc_data/pysynphot_data/grid/bosz/r2000/m-0.25/bosz2024_ap_t7500_g+2.0_m-0.25_a+0.00_c+0.00_v2_r2000_resam.txt.gz,7750,2.0,0.2,4.016167337934632,0.0053402186411320605,/Users/shannonbowes/Research/ysg/candidates_and_lcs/2022_asassn_lc_data/pysynphot_data/grid/bosz/r2000/m-0.25/bosz2024_ms_t7750_g+2.0_m-0.25_a+0.00_c+0.00_v2_r2000_resam.txt.gz,1000,8277.0,8500.0,495.1222071367836,7750.0,8500.0,8750.0,3.9170968175140333,3.929418925714293,0.025958947226466658,3.9919714718521635,3.9918343892802506,0.00726720478329846,3.9847788870414376,3.9918343892802506,3.999216777917659,2.4495,2.5,0.15231464144986193,2.5,2.5,2.5,0.44555,0.5,0.1736885071039532,0.25,0.5,0.65,9.54246872246178,1000,7912.5,7750.0,450.6592393372181,7750.0,7750.0,8250.0,3.8976960595780556,3.88930170250631,0.022441936437930483,3.9979855370052944,3.996592766873034,0.016895311533174452,3.9841825091647123,3.996592766873034,4.0091167025938255,2.387,2.5,0.22963231479911533,2.0,2.5,2.5,0.2833,0.25,0.11415388736262992,0.2,0.25,0.4,4.839100622626274
825,86.529825,-67.78405,6500,2.5,0.2,3.9697036957818703,0.9689424990751628,/Users/shannonbowes/Research/ysg/candidates_and_lcs/2022_asassn_lc_data/pysynphot_data/grid/bosz/r2000/m-0.25/bosz2024_ms_t6500_g+2.5_m-0.25_a+0.00_c+0.00_v2_r2000_resam.txt.gz,8000,2.0,0.9,4.008247892339815,0.013951701295038477,/Users/shannonbowes/Research/ysg/candidates_and_lcs/2022_asassn_lc_data/pysynphot_data/grid/bosz/r2000/m-0.25/bosz2024_ap_t8000_g+2.0_m-0.25_a+0.00_c+0.00_v2_r2000_resam.txt.gz,1000,6636.0,6750.0,127.49117616525467,6500.0,6750.0,6750.0,3.82182616615519,3.829303772831025,0.008348442060655936,3.9828617444132477,3.9826624237433035,0.007715525950478343,3.975343269903737,3.9826624237433035,3.9911004961211223,2.4985,2.5,0.027345017827750638,2.5,2.5,2.5,0.2456,0.25,0.04754618807012817,0.2,0.25,0.3,12.178736808035785,1000,7281.5,7250.0,546.701701113139,6750.0,7250.0,7750.0,3.8609878001485347,3.8603380065709936,0.03279446204413908,3.974067407029766,3.972102179220018,0.03562343082578839,3.937817404515181,3.972102179220018,4.010328177184266,2.295,2.5,0.34709508783617204,2.0,2.5,2.5,0.6386000000000001,0.7,0.30712381867904676,0.2,0.7,1.0,5.237484567997244
826,86.542931,-68.006226,4500,0.0,0.75,4.065020101189487,3.236117162348776,/Users/shannonbowes/Research/ysg/candidates_and_lcs/2022_asassn_lc_data/pysynphot_data/grid/bosz/r2000/m-0.25/bosz2024_ms_t4500_g+0.0_m-0.25_a+0.00_c+0.00_v2_r2000_resam.txt.gz,4250,1.0,0.3,4.0839652254303385,0.05687775007170931,/Users/shannonbowes/Research/ysg/candidates_and_lcs/2022_asassn_lc_data/pysynphot_data/grid/bosz/r2000/m-0.25/bosz2024_ms_t4250_g+1.0_m-0.25_a+0.00_c+0.00_v2_r2000_resam.txt.gz,1000,4429.75,4500.0,112.37187148036648,4250.0,4500.0,4500.0,3.64623708674861,3.6532125137753435,0.011157890240125607,4.072407272876396,4.072453905179425,0.007939195574646674,4.064525914025633,4.072453905179425,4.080425090360065,0.12,0.0,0.22158519806160337,0.0,0.0,0.5,0.7202000000000001,0.8,0.1632236502471379,0.5,0.8,0.85,22.411038361996834,1000,4378.25,4250.0,139.60457549808316,4250.0,4250.0,4500.0,3.6410818113771124,3.6283889300503116,0.013752644003778847,4.080956244982385,4.081027828987626,0.007888412372501657,4.073153892831063,4.081027828987626,4.088691924277744,1.5535,1.5,0.7974257018682054,0.5,1.5,2.5,0.5386,0.45,0.2195109108905523,0.3,0.45,0.75,4.932041190082491
827,86.560745,-67.568611,8000,2.0,0.25,4.545965310236354,0.5347598636027662,/Users/shannonbowes/Research/ysg/candidates_and_lcs/2022_asassn_lc_data/pysynphot_data/grid/bosz/r2000/m-0.25/bosz2024_ap_t8000_g+2.0_m-0.25_a+0.00_c+0.00_v2_r2000_resam.txt.gz,12000,2.0,0.95,4.675871867894018,0.014180807867733021,/Users/shannonbowes/Research/ysg/candidates_and_lcs/2022_asassn_lc_data/pysynphot_data/grid/bosz/r2000/m-0.25/bosz2024_ap_t12000_g+2.0_m-0.25_a+0.00_c+0.00_v2_r2000_resam.txt.gz,1000,7893.5,8000.0,162.5046153190733,7750.0,8000.0,8000.0,3.8971785139497825,3.9030899869919438,0.008874206699948687,4.554724187284116,4.55325368171098,0.020099628941968407,4.535356336573894,4.55325368171098,4.576199335935831,2.206,2.0,0.24609754163745728,2.0,2.0,2.5,0.22085000000000005,0.2,0.04126472464466471,0.2,0.2,0.25,11.198517559059,1000,8752.75,8250.0,1342.080451202535,7750.0,8250.0,10000.0,3.9377369973185443,3.916453948549925,0.05967557403893471,4.616031548949815,4.600810847092129,0.07235691042125655,4.550038358266127,4.600810847092129,4.685632362790679,2.0995,2.0,0.22327057575954787,2.0,2.0,2.5,0.30735,0.2,0.189099120833493,0.2,0.2,0.5,4.597138377928604
828,86.660324,-68.772453,8250,2.5,0.5,4.068331428030464,0.2193573435624511,/Users/shannonbowes/Research/ysg/candidates_and_lcs/2022_asassn_lc_data/pysynphot_data/grid/bosz/r2000/m-0.25/bosz2024_ap_t8250_g+2.5_m-0.25_a+0.00_c+0.00_v2_r2000_resam.txt.gz,9750,2.5,0.65,4.146966496872646,0.006050334246478793,/Users/shannonbowes/Research/ysg/candidates_and_lcs/2022_asassn_lc_data/pysynphot_data/grid/bosz/r2000/m-0.25/bosz2024_ap_t9750_g+2.5_m-0.25_a+0.00_c+0.00_v2_r2000_resam.txt.gz,1000,7804.5,7750.0,339.3445888768524,7500.0,7750.0,8000.0,3.8919496716265605,3.88930170250631,0.01836265855316531,4.055115701775902,4.0548844363299725,0.00864285818441538,4.046582675666339,4.0548844363299725,4.063674435825959,2.1735,2.0,0.2380078780208756,2.0,2.0,2.5,0.3375,0.3,0.12844746007609492,0.2,0.3,0.45,7.3908827453430535,1000,8100.0,7750.0,945.9122580873978,7500.0,7750.0,8500.0,3.9058505416383618,3.88930170250631,0.04650734782611053,4.041967242996651,4.038421987642258,0.04310539884056743,4.002912093755407,4.038421987642258,4.078918080575648,2.474,2.5,0.24356518634648916,2.5,2.5,2.5,0.4589,0.4,0.2504511728860538,0.2,0.4,0.75,4.633560798627881
829,86.675929,-68.008675,4500,0.0,0.65,4.144558910357155,0.7074209572671192,/Users/shannonbowes/Research/ysg/candidates_and_lcs/2022_asassn_lc_data/pysynphot_data/grid/bosz/r2000/m-0.25/bosz2024_ms_t4500_g+0.0_m-0.25_a+0.00_c+0.00_v2_r2000_resam.txt.gz,4750,0.0,0.85,4.144223231262926,0.030670480873603197,/Users/shannonbowes/Research/ysg/candidates_and_lcs/2022_asassn_lc_data/pysynphot_data/grid/bosz/r2000/m-0.25/bosz2024_ms_t4750_g+0.0_m-0.25_a+0.00_c+0.00_v2_r2000_resam.txt.gz,1000,4398.25,4500.0,122.81871803597366,4250.0,4500.0,4500.0,3.6431093151992564,3.6532125137753435,0.012195202920668313,4.137559009067178,4.136905370594286,0.009771534125802677,4.127668794495676,4.136905370594286,4.147214369389009,0.0485,0.0,0.14797888362871237,0.0,0.0,0.0,0.4929000000000001,0.65,0.21715107644218576,0.2,0.65,0.7,11.55410179128915,1000,4578.75,4500.0,169.1476795584261,4500.0,4500.0,4750.0,3.660447031295218,3.6532125137753435,0.016189111517873212,4.146775759065398,4.146538068959444,0.010267261446985984,4.136650426731109,4.146538068959444,4.157269444856693,1.116,1.0,0.9314204206479478,0.0,1.0,2.5,0.686,0.7,0.2412861371898518,0.45,0.7,0.95,6.683246488827728
830,86.717654,-66.478897,7000,2.5,0.4,4.005822781606487,0.26432206242943806,/Users/shannonbowes/Research/ysg/candidates_and_lcs/2022_asassn_lc_data/pysynphot_data/grid/bosz/r2000/m-0.25/bosz2024_ms_t7000_g+2.5_m-0.25_a+0.00_c+0.00_v2_r2000_resam.txt.gz,7750,2.5,0.75,4.015129394708645,0.006094153963642911,/Users/shannonbowes/Research/ysg/candidates_and_lcs/2022_asassn_lc_data/pysynphot_data/grid/bosz/r2000/m-0.25/bosz2024_ms_t7750_g+2.5_m-0.25_a+0.00_c+0.00_v2_r2000_resam.txt.gz,1000,7053.5,6750.0,487.99359626945926,6750.0,6750.0,7500.0,3.847433828575105,3.829303772831025,0.028549333256460464,4.00058978995822,4.000402867214873,0.007854822818460928,3.9928526191164453,4.000402867214873,4.008795103860689,2.255,2.5,0.3478146057887736,2.0,2.5,2.5,0.42610000000000003,0.3,0.2486841169033519,0.25,0.3,0.7,4.616874323392874,1000,7266.75,7250.0,595.8455651425124,6750.0,7250.0,8000.0,3.8599005820888515,3.8603380065709936,0.03524432918802258,3.992913952860769,3.9919925240396794,0.019166018736176325,3.9747552888424234,3.9919925240396794,4.011360709870442,2.244,2.5,0.39365467099984974,2.0,2.5,2.5,0.5696500000000001,0.55,0.30384433103153335,0.2,0.55,0.95,2.512671806181433
831,86.875798,-69.451698,10500,2.5,0.95,4.008751932629139,0.22928506554441577,/Users/shannonbowes/Research/ysg/candidates_and_lcs/2022_asassn_lc_data/pysynphot_data/grid/bosz/r2000/m-0.25/bosz2024_ap_t10500_g+2.5_m-0.25_a+0.00_c+0.00_v2_r2000_resam.txt.gz,10250,3.0,1.0,3.9787865719720914,0.013940102678726314,/Users/shannonbowes/Research/ysg/candidates_and_lcs/2022_asassn_lc_data/pysynphot_data/grid/bosz/r2000/m-0.25/bosz2024_ap_t10250_g+3.0_m-0.25_a+0.00_c+0.00_v2_r2000_resam.txt.gz,1000,10548.25,10500.0,333.89285332273886,10250.0,10500.0,10750.0,4.02296183388924,4.021189299069938,0.013796493043345695,4.005934476512881,4.005378774387978,0.014189621283475085,3.991617967197378,4.005378774387978,4.019814853799451,2.146,2.0,0.2705254147025747,2.0,2.0,2.5,0.9662499999999998,1.0,0.041574481355754755,0.95,1.0,1.0,5.1405958631446715,1000,8528.25,8250.0,1249.0554181060181,7250.0,8250.0,10250.0,3.926431479784175,3.916453948549925,0.061256495677480934,3.939717406817514,3.9291709627663227,0.03581435743053056,3.9105839015054666,3.9291709627663227,3.976369445178889,2.4045,2.5,0.33110383567696705,2.0,2.5,2.5,0.6005499999999999,0.6,0.2991441082488505,0.25,0.6,1.0,2.255225352766708
832,87.000617,-66.89904,4500,1.0,0.95,3.9416081389478714,0.098223767509483,/Users/shannonbowes/Research/ysg/candidates_and_lcs/2022_asassn_lc_data/pysynphot_data/grid/bosz/r2000/m-0.25/bosz2024_ms_t4500_g+1.0_m-0.25_a+0.00_c+0.00_v2_r2000_resam.txt.gz,4250,0.5,0.6,3.9310612602343755,0.011390427584373575,/Users/shannonbowes/Research/ysg/candidates_and_lcs/2022_asassn_lc_data/pysynphot_data/grid/bosz/r2000/m-0.25/bosz2024_ms_t4250_g+0.5_m-0.25_a+0.00_c+0.00_v2_r2000_resam.txt.gz,1000,4399.5,4500.0,125.09896082701886,4250.0,4500.0,4500.0,3.6432259063428947,3.6532125137753435,0.012446084358690225,3.9419806724868773,3.9424946267731267,0.008835748494489785,3.9329429468790784,3.9424946267731267,3.950498645573379,1.1745,1.0,0.38314455496587707,1.0,1.0,1.5,0.7811,0.85,0.1851426207009072,0.55,0.85,0.95,5.803444534207024,1000,4360.0,4250.0,126.58988901172162,4250.0,4250.0,4500.0,3.6393041058485838,3.6283889300503116,0.012574640595414036,3.9315561666475705,3.931351748918681,0.013990584326390729,3.917638050485614,3.931351748918681,3.945261635415754,0.5195,0.0,0.8049035656524327,0.0,0.0,1.5,0.8377,0.85,0.16490515455861288,0.7,0.85,1.0,3.077714600854305
833,87.108805,-67.466377,4250,0.0,0.5,4.096739422391237,5.575987226464523,/Users/shannonbowes/Research/ysg/candidates_and_lcs/2022_asassn_lc_data/pysynphot_data/grid/bosz/r2000/m-0.25/bosz2024_ms_t4250_g+0.0_m-0.25_a+0.00_c+0.00_v2_r2000_resam.txt.gz,4250,1.5,0.45,4.085326410080572,0.2221726176348693,/Users/shannonbowes/Research/ysg/candidates_and_lcs/2022_asassn_lc_data/pysynphot_data/grid/bosz/r2000/m-0.25/bosz2024_ms_t4250_g+1.5_m-0.25_a+0.00_c+0.00_v2_r2000_resam.txt.gz,1000,4297.25,4250.0,99.77443309786331,4250.0,4250.0,4500.0,3.6330760713093517,3.6283889300503116,0.009920822807592808,4.092657010629591,4.092843121583347,0.007459048946856112,4.085275247637622,4.092843121583347,4.100010510414068,0.1525,0.0,0.2312871591766391,0.0,0.0,0.5,0.598,0.55,0.16045560133569658,0.45,0.55,0.85,25.666278186195907,1000,4335.75,4250.0,118.67787283230182,4250.0,4250.0,4500.0,3.6369034192679988,3.6283889300503116,0.011784040450245335,4.0962568287363865,4.0962411226183875,0.00703323676755049,4.089526659598003,4.0962411226183875,4.103216319460791,2.0305,2.0,0.5443525971280012,1.5,2.0,2.5,0.64025,0.55,0.188500497346824,0.5,0.55,0.9,10.894495379668882
834,87.212245,-68.168159,4250,0.0,0.35,4.568810619988488,3.098875578186179,/Users/shannonbowes/Research/ysg/candidates_and_lcs/2022_asassn_lc_data/pysynphot_data/grid/bosz/r2000/m-0.25/bosz2024_ms_t4250_g+0.0_m-0.25_a+0.00_c+0.00_v2_r2000_resam.txt.gz,4750,1.0,1.0,4.574563315513975,0.666715356660802,/Users/shannonbowes/Research/ysg/candidates_and_lcs/2022_asassn_lc_data/pysynphot_data/grid/bosz/r2000/m-0.25/bosz2024_ms_t4750_g+1.0_m-0.25_a+0.00_c+0.00_v2_r2000_resam.txt.gz,1000,4250.5,4250.0,11.169153951844338,4250.0,4250.0,4250.0,3.628438577217763,3.6283889300503116,0.0011090337130455156,4.565638120451732,4.565672638707968,0.007195244039394231,4.558684511168466,4.565672638707968,4.5727445838856235,0.0,0.0,0.0,0.0,0.0,0.0,0.3555999999999999,0.35,0.03596720728663821,0.35,0.35,0.4,25.21464567362262,1000,4712.25,4750.0,113.52285012278365,4500.0,4750.0,4750.0,3.6731000163000314,3.6766936096248664,0.01060562325313989,4.584701664202184,4.584470948215069,0.010767508623329725,4.57395243221469,4.584470948215069,4.595661718530487,1.371,1.5,0.9743505529325674,0.0,1.5,2.5,0.8644,0.9,0.1557807433542413,0.75,0.9,1.0,13.522145825288272
835,87.261889,-70.041725,12000,2.0,0.55,4.705004225760599,8.123793572964436,/Users/shannonbowes/Research/ysg/candidates_and_lcs/2022_asassn_lc_data/pysynphot_data/grid/bosz/r2000/m-0.25/bosz2024_ap_t12000_g+2.0_m-0.25_a+0.00_c+0.00_v2_r2000_resam.txt.gz,8250,2.0,0.2,4.4791733297616485,0.003961556098613005,/Users/shannonbowes/Research/ysg/candidates_and_lcs/2022_asassn_lc_data/pysynphot_data/grid/bosz/r2000/m-0.25/bosz2024_ap_t8250_g+2.0_m-0.25_a+0.00_c+0.00_v2_r2000_resam.txt.gz,1000,12000.0,12000.0,0.0,12000.0,12000.0,12000.0,4.079181246047625,4.079181246047625,0.0,4.702835251911712,4.702613767065751,0.01979343142334103,4.683268117139447,4.702613767065751,4.722921918686304,2.0,2.0,0.0,2.0,2.0,2.0,0.5566999999999999,0.55,0.047907306332124325,0.5,0.55,0.6,36.28301205324069,1000,10348.0,10250.0,2109.714672651257,8250.0,10250.0,13500.0,4.006220830357055,4.010723865391773,0.08567635587327381,4.5848570864849725,4.5571079270136465,0.12906654732721373,4.4561193549995,4.5571079270136465,4.74550604382856,2.498,2.5,0.4254362466927331,2.0,2.5,3.0,0.45605,0.4,0.2616407795050305,0.2,0.4,0.8,2.8646712907521836
836,87.564943,-67.729652,9250,2.5,0.7,4.00104064832927,0.7148542109039435,/Users/shannonbowes/Research/ysg/candidates_and_lcs/2022_asassn_lc_data/pysynphot_data/grid/bosz/r2000/m-0.25/bosz2024_ap_t9250_g+2.5_m-0.25_a+0.00_c+0.00_v2_r2000_resam.txt.gz,7750,2.5,0.35,3.9514148280352392,0.03372737905223599,/Users/shannonbowes/Research/ysg/candidates_and_lcs/2022_asassn_lc_data/pysynphot_data/grid/bosz/r2000/m-0.25/bosz2024_ap_t7750_g+2.5_m-0.25_a+0.00_c+0.00_v2_r2000_resam.txt.gz,1000,9058.0,9000.0,455.3965305094012,8750.0,9000.0,9500.0,3.956488422763392,3.9542425094393248,0.021701586297852214,3.991890626392122,3.9909890322215986,0.009856354048189011,3.9827928781424284,3.9909890322215986,4.0004922413434425,2.453,2.5,0.2220157652059871,2.5,2.5,2.5,0.6558999999999999,0.65,0.11333662250129037,0.55,0.65,0.75,14.565769270822999,1000,7815.0,7750.0,330.5676935213119,7500.0,7750.0,8000.0,3.8925921467413738,3.88930170250631,0.016563973058217538,3.974907287155204,3.9749264496416794,0.01481311362692149,3.961749995033567,3.9749264496416794,3.9867767790169584,2.409,2.5,0.19803787516533294,2.0,2.5,2.5,0.27965,0.25,0.09533298222546067,0.2,0.25,0.35,9.162185937709758
837,87.747479,-67.471336,4500,1.0,0.65,4.010010410878454,8.832141586192725,/Users/shannonbowes/Research/ysg/candidates_and_lcs/2022_asassn_lc_data/pysynphot_data/grid/bosz/r2000/m-0.25/bosz2024_ms_t4500_g+1.0_m-0.25_a+0.00_c+0.00_v2_r2000_resam.txt.gz,4500,1.0,0.5,4.027074953178633,1.0270192454619098,/Users/shannonbowes/Research/ysg/candidates_and_lcs/2022_asassn_lc_data/pysynphot_data/grid/bosz/r2000/m-0.25/bosz2024_ms_t4500_g+1.0_m-0.25_a+0.00_c+0.00_v2_r2000_resam.txt.gz,1000,4493.75,4500.0,103.19126658782709,4500.0,4500.0,4500.0,3.6524939225673054,3.6532125137753435,0.010006080796230214,4.014741504268656,4.014558788926796,0.007263654796294423,4.007321899902262,4.014558788926796,4.021998225498955,0.8995,1.0,0.2822228729213846,0.5,1.0,1.0,0.6467999999999999,0.65,0.14998253231626674,0.55,0.65,0.7,38.865665844885385,1000,4427.5,4500.0,148.7237371773585,4250.0,4500.0,4500.0,3.6459143303922974,3.6532125137753435,0.014554650445007079,4.020367500369535,4.020195847323084,0.0070764374053937885,4.013040495595098,4.020195847323084,4.0274351085819875,2.1375,2.5,0.4736493956504115,1.5,2.5,2.5,0.46495,0.55,0.2119056334786784,0.2,0.55,0.6,20.290934847144047
838,87.893788,-67.519714,4750,2.5,1.0,3.9970562402825807,35.86156922738401,/Users/shannonbowes/Research/ysg/candidates_and_lcs/2022_asassn_lc_data/pysynphot_data/grid/bosz/r2000/m-0.25/bosz2024_ms_t4750_g+2.5_m-0.25_a+0.00_c+0.00_v2_r2000_resam.txt.gz,4250,0.5,0.45,4.004323955749454,0.22813999509454902,/Users/shannonbowes/Research/ysg/candidates_and_lcs/2022_asassn_lc_data/pysynphot_data/grid/bosz/r2000/m-0.25/bosz2024_ms_t4250_g+0.5_m-0.25_a+0.00_c+0.00_v2_r2000_resam.txt.gz,1000,4677.75,4750.0,113.32447882077376,4500.0,4750.0,4750.0,3.6699075729243535,3.6766936096248664,0.010643931797151243,4.006709530949438,4.007261203203626,0.008571098346355005,3.99861684425965,4.007261203203626,4.014816013961267,2.4555,2.5,0.14237187222200878,2.5,2.5,2.5,0.9206499999999999,1.0,0.1252241091004444,0.75,1.0,1.0,94.1776237631693,1000,4273.25,4250.0,72.60810905126232,4250.0,4250.0,4250.0,3.630697523336741,3.6283889300503116,0.007209573896601028,3.9992856373985766,3.9993453794375995,0.006856299607411817,3.9927343930017773,3.9993453794375995,4.006026364795611,2.257,2.5,0.35840061383876,2.0,2.5,2.5,0.45675000000000004,0.45,0.12464725227617335,0.35,0.45,0.5,17.307922127806684
839,88.22397,-69.48793,11000,2.0,0.5,4.146287695712322,0.19100731266165338,/Users/shannonbowes/Research/ysg/candidates_and_lcs/2022_asassn_lc_data/pysynphot_data/grid/bosz/r2000/m-0.25/bosz2024_ap_t11000_g+2.0_m-0.25_a+0.00_c+0.00_v2_r2000_resam.txt.gz,9750,2.0,0.4,4.073705782034547,0.009921369480697592,/Users/shannonbowes/Research/ysg/candidates_and_lcs/2022_asassn_lc_data/pysynphot_data/grid/bosz/r2000/m-0.25/bosz2024_ap_t9750_g+2.0_m-0.25_a+0.00_c+0.00_v2_r2000_resam.txt.gz,1000,11366.75,11500.0,874.3894655701199,10500.0,11500.0,12000.0,4.054368657431971,4.060697840353612,0.03310541140844271,4.167520997995316,4.161668733062086,0.034626164403296356,4.139738434453428,4.161668733062086,4.188940640313668,2.2035,2.0,0.3665211453654482,2.0,2.0,2.5,0.5352,0.55,0.12546298258849103,0.4,0.55,0.65,4.7754500183482795,1000,11259.5,11750.0,1481.7758771150245,9250.0,11750.0,12000.0,4.047528238916213,4.0700378666077555,0.059827233336028955,4.176759325354118,4.183701818020806,0.08472542349621792,4.086560711621241,4.183701818020806,4.260450955466973,2.1675,2.0,0.34013783970619904,2.0,2.0,2.5,0.4845,0.5,0.19017031839906037,0.2,0.5,0.65,3.0513031785458273
840,88.257561,-69.996269,4250,0.0,0.55,4.265315197152711,0.903812702123296,/Users/shannonbowes/Research/ysg/candidates_and_lcs/2022_asassn_lc_data/pysynphot_data/grid/bosz/r2000/m-0.25/bosz2024_ms_t4250_g+0.0_m-0.25_a+0.00_c+0.00_v2_r2000_resam.txt.gz,4500,1.5,0.85,4.274879015880078,0.009940537257435877,/Users/shannonbowes/Research/ysg/candidates_and_lcs/2022_asassn_lc_data/pysynphot_data/grid/bosz/r2000/m-0.25/bosz2024_ms_t4500_g+1.5_m-0.25_a+0.00_c+0.00_v2_r2000_resam.txt.gz,1000,4280.75,4250.0,82.10930215267939,4250.0,4250.0,4250.0,3.6314422308484913,3.6283889300503116,0.008152988546363916,4.256592103462265,4.25646495551325,0.0072201992673491715,4.249188323174698,4.25646495551325,4.26388474981512,0.001,0.0,0.022338307903688678,0.0,0.0,0.0,0.58805,0.55,0.14205526213414268,0.5,0.55,0.6,12.742562661956793,1000,4456.0,4500.0,97.15451610707554,4250.0,4500.0,4500.0,3.6488395355761116,3.6532125137753435,0.009634977558802646,4.263781292704974,4.263635119805281,0.0070588113840475055,4.256775635030561,4.263635119805281,4.271032776551287,0.5705,0.0,0.7468465371145535,0.0,0.0,1.5,0.7895,0.85,0.15888596539656988,0.55,0.85,0.9,2.157592586419979
841,89.12085,-69.366364,9250,2.0,0.45,4.113222761127455,0.04689829481803153,/Users/shannonbowes/Research/ysg/candidates_and_lcs/2022_asassn_lc_data/pysynphot_data/grid/bosz/r2000/m-0.25/bosz2024_ap_t9250_g+2.0_m-0.25_a+0.00_c+0.00_v2_r2000_resam.txt.gz,11250,3.0,0.55,4.233415124075863,0.005502592365776251,/Users/shannonbowes/Research/ysg/candidates_and_lcs/2022_asassn_lc_data/pysynphot_data/grid/bosz/r2000/m-0.25/bosz2024_ap_t11250_g+3.0_m-0.25_a+0.00_c+0.00_v2_r2000_resam.txt.gz,1000,9748.0,9625.0,635.8034287419343,9000.0,9625.0,10250.0,3.987999990159439,3.9833641104936923,0.02814204437663626,4.1443891363339995,4.143895176305053,0.01827080741277388,4.12550373175205,4.143895176305053,4.163262139496075,2.6045,2.5,0.3454413843186713,2.5,2.5,3.0,0.4438,0.45,0.11632523371994574,0.3,0.45,0.55,5.171343072958958,1000,11544.0,11000.0,2143.726661680542,8750.0,11000.0,14000.0,4.054562464516699,4.041392685158225,0.08310728898059726,4.241675035584098,4.228606312702553,0.1231215520967202,4.104183293597809,4.228606312702553,4.379700553660066,2.8045,3.0,0.32867879457001786,2.5,3.0,3.0,0.59785,0.65,0.2468964914696035,0.25,0.65,0.85,3.482731313619168
842,89.406794,-68.133484,8750,2.0,0.55,3.935757390605217,0.4272477753956971,/Users/shannonbowes/Research/ysg/candidates_and_lcs/2022_asassn_lc_data/pysynphot_data/grid/bosz/r2000/m-0.25/bosz2024_ap_t8750_g+2.0_m-0.25_a+0.00_c+0.00_v2_r2000_resam.txt.gz,8750,2.5,0.6,3.925248748330939,0.009732212913850008,/Users/shannonbowes/Research/ysg/candidates_and_lcs/2022_asassn_lc_data/pysynphot_data/grid/bosz/r2000/m-0.25/bosz2024_ap_t8750_g+2.5_m-0.25_a+0.00_c+0.00_v2_r2000_resam.txt.gz,1000,8702.75,8750.0,594.4156268975438,8250.0,8750.0,9250.0,3.9386583628828946,3.942008053022313,0.02935196336753765,3.937904926817184,3.9354275177276863,0.015293626472424849,3.9233498923860584,3.9354275177276863,3.9532482848277475,2.3385,2.5,0.262045320507732,2.0,2.5,2.5,0.48009999999999997,0.5,0.15034623374065612,0.35,0.5,0.6,6.670924212905761,1000,8076.0,7750.0,763.3636092976924,7750.0,7750.0,8250.0,3.90555708727403,3.88930170250631,0.036243419533228585,3.9218724118771395,3.9172555889385423,0.026519754176491286,3.90375151153472,3.9172555889385423,3.932974873191515,2.4085,2.5,0.24774533295301449,2.0,2.5,2.5,0.2985,0.25,0.16814502668827289,0.15,0.25,0.45,4.354046303102887
843,89.45843,-68.462112,9000,2.5,0.3,3.829778603863344,0.1772391748555569,/Users/shannonbowes/Research/ysg/candidates_and_lcs/2022_asassn_lc_data/pysynphot_data/grid/bosz/r2000/m-0.25/bosz2024_ap_t9000_g+2.5_m-0.25_a+0.00_c+0.00_v2_r2000_resam.txt.gz,10750,3.0,0.65,3.845359701312038,0.010792725933791734,/Users/shannonbowes/Research/ysg/candidates_and_lcs/2022_asassn_lc_data/pysynphot_data/grid/bosz/r2000/m-0.25/bosz2024_ap_t10750_g+3.0_m-0.25_a+0.00_c+0.00_v2_r2000_resam.txt.gz,1000,9509.25,9250.0,763.037965962376,8750.0,9250.0,10250.0,3.9767750495297327,3.9661417327390325,0.03435384503428296,3.831768403131652,3.828136491400207,0.024087255338316873,3.8087247637379322,3.828136491400207,3.858181810938842,2.535,2.5,0.3395217224272992,2.0,2.5,3.0,0.4152,0.4,0.14914409140157045,0.25,0.4,0.6,5.280190400387886,1000,8711.25,8500.0,1042.2624129747749,8000.0,8500.0,9000.0,3.937469810899155,3.929418925714293,0.04565598528241021,3.8106403864952982,3.7976030718407507,0.05361056509389876,3.7706305893958363,3.7976030718407507,3.843485018054379,2.483,2.5,0.23814071470456283,2.5,2.5,2.5,0.23554999999999998,0.2,0.1395302744926706,0.15,0.2,0.3,3.3403488805079484
844,90.085395,-70.364693,4500,0.0,0.6,4.147382822516615,1.2138683976613724,/Users/shannonbowes/Research/ysg/candidates_and_lcs/2022_asassn_lc_data/pysynphot_data/grid/bosz/r2000/m-0.25/bosz2024_ms_t4500_g+0.0_m-0.25_a+0.00_c+0.00_v2_r2000_resam.txt.gz,4500,2.5,0.6,4.175210716942027,0.011524092160176472,/Users/shannonbowes/Research/ysg/candidates_and_lcs/2022_asassn_lc_data/pysynphot_data/grid/bosz/r2000/m-0.25/bosz2024_ms_t4500_g+2.5_m-0.25_a+0.00_c+0.00_v2_r2000_resam.txt.gz,1000,4391.75,4500.0,126.37023977187035,4250.0,4500.0,4500.0,3.6424571895830278,3.6532125137753435,0.012529163026768939,4.156419918426955,4.156606116374057,0.008143077380237717,4.1485335980192986,4.156606116374057,4.164521770061243,0.2755,0.5,0.2808019764887705,0.0,0.5,0.5,0.47419999999999995,0.55,0.17304438736925276,0.25,0.55,0.6,11.420046240750708,1000,4454.0,4500.0,147.50932173933958,4250.0,4500.0,4500.0,3.6485120680702625,3.6532125137753435,0.014383259435003765,4.164856596869491,4.164637290449759,0.008320401193788398,4.156842691414227,4.164637290449759,4.173235754929514,1.924,2.5,0.7274778347138832,1.0,2.5,2.5,0.5189499999999999,0.55,0.1956231006297569,0.25,0.55,0.65,1.7607320592541322
845,90.110404,-69.621155,9000,2.0,1.0,4.134200176413526,4.677855556954928,/Users/shannonbowes/Research/ysg/candidates_and_lcs/2022_asassn_lc_data/pysynphot_data/grid/bosz/r2000/m-0.25/bosz2024_ap_t9000_g+2.0_m-0.25_a+0.00_c+0.00_v2_r2000_resam.txt.gz,7000,2.0,0.75,4.016371896663294,0.09933195048698938,/Users/shannonbowes/Research/ysg/candidates_and_lcs/2022_asassn_lc_data/pysynphot_data/grid/bosz/r2000/m-0.25/bosz2024_ms_t7000_g+2.0_m-0.25_a+0.00_c+0.00_v2_r2000_resam.txt.gz,1000,7043.25,7000.0,367.1742603996092,7000.0,7000.0,7000.0,3.847272387904894,3.845098040014257,0.020019059159514577,4.126791916926718,4.127207406808894,0.009947143242076439,4.117641470953686,4.127207406808894,4.136187832285712,2.4825,2.5,0.09457140159688869,2.5,2.5,2.5,0.24940000000000004,0.25,0.13285194767108235,0.2,0.25,0.25,24.859760991638435,1000,6860.0,6750.0,475.55231047698635,6500.0,6750.0,7500.0,3.835302869116332,3.829303772831025,0.029626262979458844,4.046952467054459,4.047157368763791,0.02517685880966766,4.020573339779666,4.047157368763791,4.071266460183216,2.313,2.5,0.2967001853723722,2.0,2.5,2.5,0.48040000000000005,0.35,0.29447553378846264,0.2,0.35,0.9,8.454291410923153
846,90.603388,-68.215889,9000,2.5,0.75,3.7990793584814497,1.1031941330278934,/Users/shannonbowes/Research/ysg/candidates_and_lcs/2022_asassn_lc_data/pysynphot_data/grid/bosz/r2000/m-0.25/bosz2024_ap_t9000_g+2.5_m-0.25_a+0.00_c+0.00_v2_r2000_resam.txt.gz,7750,2.0,0.4,3.778738660210967,0.005609167253815676,/Users/shannonbowes/Research/ysg/candidates_and_lcs/2022_asassn_lc_data/pysynphot_data/grid/bosz/r2000/m-0.25/bosz2024_ap_t7750_g+2.0_m-0.25_a+0.00_c+0.00_v2_r2000_resam.txt.gz,1000,8510.25,8500.0,482.527136542599,8000.0,8500.0,9000.0,3.92922395943198,3.929418925714293,0.02516642384111267,3.798149371921539,3.7981023320907217,0.007745587463448842,3.7906509107091737,3.7981023320907217,3.805809377934561,2.3235,2.5,0.23999531245422276,2.0,2.5,2.5,0.5821500000000001,0.65,0.16420681319604252,0.45,0.65,0.7,11.416400209471258,1000,7829.25,7750.0,523.7193308442987,7500.0,7750.0,8250.0,3.89284108422704,3.88930170250631,0.026996735318395984,3.777364809154001,3.7760506721225093,0.01485454799939653,3.7647026201475127,3.7760506721225093,3.7879036038784957,2.47,2.5,0.15198684153570666,2.5,2.5,2.5,0.39975,0.4,0.16903383537031869,0.25,0.4,0.55,7.238119812824774
847,91.330144,-69.310341,10000,2.5,0.75,3.9620494118235507,0.5677749393027437,/Users/shannonbowes/Research/ysg/candidates_and_lcs/2022_asassn_lc_data/pysynphot_data/grid/bosz/r2000/m-0.25/bosz2024_ap_t10000_g+2.5_m-0.25_a+0.00_c+0.00_v2_r2000_resam.txt.gz,9500,2.5,0.8,3.919867445959329,0.007666776649508707,/Users/shannonbowes/Research/ysg/candidates_and_lcs/2022_asassn_lc_data/pysynphot_data/grid/bosz/r2000/m-0.25/bosz2024_ap_t9500_g+2.5_m-0.25_a+0.00_c+0.00_v2_r2000_resam.txt.gz,1000,9232.0,9250.0,430.61119353774353,8750.0,9250.0,9750.0,3.9648280144468973,3.9661417327390325,0.02011258464312129,3.9413208078884368,3.940376257256778,0.01248518621457197,3.92905548719694,3.940376257256778,3.954297949797842,2.169,2.0,0.25581047672055973,2.0,2.0,2.5,0.6290999999999999,0.65,0.08722493909427509,0.55,0.65,0.7,8.530216988251484,1000,7899.25,7500.0,918.9188960403416,7500.0,7500.0,8000.0,3.8951615213982165,3.8750612633917,0.043795563857376936,3.8981741972966555,3.889696801525798,0.04076090596950728,3.8659147508150933,3.889696801525798,3.92504585501381,2.242,2.0,0.26913936910084335,2.0,2.0,2.5,0.28770000000000007,0.2,0.19070582057189547,0.2,0.2,0.3,5.054524922862059
