ra_1,dec_1,2MASS,ra_gaia,dec_gaia,parallax,pmra,pmdec,pm,ra_error,dec_error,parallax_error,parallax_over_error,pmra_error,pmdec_error,astrometric_gof_al,astrometric_chi2_al,astrometric_excess_noise,astrometric_excess_noise_sig,ruwe,astrometric_params_solved,astrometric_sigma5d_max,duplicated_source,phot_g_mean_mag,phot_bp_mean_mag,phot_rp_mean_mag,phot_g_mean_flux,phot_bp_mean_flux,phot_rp_mean_flux,phot_g_mean_flux_error,phot_g_mean_flux_over_error,phot_bp_mean_flux_error,phot_bp_mean_flux_over_error,phot_rp_mean_flux_error,phot_rp_mean_flux_over_error,phot_bp_rp_excess_factor,Separation_1,covariance,Jmag_2MASS,Hmag_2MASS,Kmag_2MASS,e_Jmag_2MASS,e_Hmag_2MASS,e_Kmag_2MASS,Qfl,Umag_MCPS,e_Umag_MCPS,Bmag_MCPS,e_Bmag_MCPS,Vmag_MCPS,e_Vmag_MCPS,Imag_MCPS,e_Imag_MCPS,uvw1mag_SWIFT,e_uvw1mag_SWIFT,uvw2mag_SWIFT,e_uvw2mag_SWIFT,uvm2mag_SWIFT,e_uvm2_SWIFT,flag,logL,logT,Umag_SMASH,e_Umag_SMASH,Gmag_SMASH,e_Gmag_SMASH,Rmag_SMASH,e_Rmag_SMASH,Imag_SMASH,e_Imag_SMASH,Zmag_SMASH,e_Zmag_SMASH,Bmag_APASS,e_Bmag_APASS,Vmag_APASS,e_Vmag_APASS,gmag_APASS,e_gmag_APASS,rmag_APASS,e_rmag_APASS,imag_APASS,e_imag_APASS
7.521702,-73.913918,00300520-7354501,7.521802810794186,-73.91388314441221,-0.0260413975320177,0.5719813987248742,-1.2567475817438556,1.3807885646820068,0.010414607822895,0.0095851831138134,0.0114326253533363,-2.2778141498565674,0.0131404418498277,0.0126946121454238,-0.7340110540390015,367.8222351074219,0.0,0.0,0.9728432297706604,31,0.0192832630127668,false,13.577747344970703,13.83848476409912,13.16068172454834,69798.77191414696,39812.82294867231,43140.538341529355,11.505346298217772,6066.63818359375,27.92631721496582,1425.63818359375,24.610198974609375,1752.95361328125,1.1884645223617554,0.16080172571598,0.6099162020827269,12.694,12.386,12.349,0.024,0.025,0.025,AAA,14.773,0.173,14.145,0.029,13.68,0.036,12.927,0.082,,,,,,,1.0,4.026600492146291,3.7731406018682785,15.04221534729004,0.0070989998057484,,,,,,,,,14.173,2,13.705,3,13.889,3,13.59,2,13.519,2
7.746443,-73.741425,00305914-7344291,7.746485724038547,-73.74141704632159,-0.0249933237742332,0.4183442216013249,-1.205390305360239,1.2759222984313965,0.0121918655931949,0.0107203740626573,0.0123375132679939,-2.025799036026001,0.0168815776705741,0.0156864691525697,-1.7325764894485474,291.5103759765625,0.0,0.0,0.9326427578926086,31,0.0257435049861669,false,13.75791072845459,14.05197525024414,13.29991340637207,59126.562056577815,32705.957689797073,37948.355744045,13.147598266601562,4497.1376953125,27.53338623046875,1187.865478515625,15.936826705932615,2381.173828125,1.1949673891067505,0.0517123535713802,2.202529890701168,12.722,12.424,12.37,0.023,0.024,0.03,AAA,14.684,0.039,14.459,0.09,13.776,0.07,13.188,0.04,,,,,,,1.0,4.010041520214789,3.7708465510721783,15.284738540649414,0.0032309999223798,14.053250312805176,0.012253999710083,,,,,,,14.441,3,13.926,2,14.107,0,13.782,2,13.667,4
7.925977,-73.53167,00314223-7331540,7.925974568831074,-73.53167859622866,-0.0169960813954465,0.6308680303209292,-1.2163615728376236,1.3702298402786257,0.0124295204877853,0.0125927263870835,0.0136074190959334,-1.2490304708480835,0.0167258810251951,0.017101164907217,-0.2638088166713714,301.6298522949219,0.0,0.0,0.988473653793335,31,0.0241102501749992,false,14.005489349365234,14.70418930053711,13.19632339477539,47070.733895336496,17936.63576267154,41747.326008462056,29.4421443939209,1598.7535400390625,51.404632568359375,348.9303283691406,76.4726333618164,545.9119873046875,1.2679632902145386,0.0310457255103492,0.2124637214117181,12.169,11.496,11.397,0.023,0.025,0.026,AAA,16.723,0.042,15.771,0.029,14.433,0.024,13.021,0.057,,,,,,,1.0,4.044608418030504,3.6347791705249826,17.53934669494629,0.0051199998706579,15.00507926940918,0.0013879999751225,,,,,,,15.788,1,14.438,3,15.086,2,14.009,2,13.574,3
7.948884,-73.599243,00314773-7335572,7.948886604741598,-73.59925025420705,5.399836958102E-4,0.4290739596015315,-1.2368225496410932,1.3091349601745603,0.0128872189670801,0.0135507332161068,0.0143444901332259,0.0376439802348613,0.017505008727312,0.0193919949233531,1.0072946548461914,326.84228515625,0.0,0.0,1.0396987199783323,31,0.0282096173614263,false,14.073972702026367,14.784157752990724,13.26526927947998,44193.426787027216,16663.017667101314,39178.75493941636,13.652436256408691,3237.035888671875,22.72717666625977,733.1759033203125,30.963048934936523,1265.339111328125,1.2635763883590698,0.0262490169371009,2.077607131290056,12.196,11.566,11.404,0.025,0.03,0.027,AAA,17.139,0.043,15.907,0.028,14.477,0.084,13.04,0.058,,,,,,,1.0,4.026778011235634,3.6290985955803414,17.916418075561523,0.0045449999161064,15.231487274169922,0.0012799999676644,14.085504531860352,0.0033360000234097,13.527772903442385,0.014121999964118,13.361371040344238,0.0514210015535354,15.495,3,14.311,2,14.853,2,13.907,3,13.535,5
7.980047,-73.578545,00315521-7334427,7.980037685566709,-73.57855596015297,-0.00902360878887,0.4165945200192052,-1.210775236267927,1.2804404497146606,0.0129878418520092,0.0131913563236594,0.01411550398916,-0.6392693519592285,0.0179425626993179,0.0176143366843462,-0.7505571842193604,277.0830078125,0.0,0.0,0.9686307311058044,31,0.0262272860854864,false,14.09707736968994,14.868608474731444,13.252398490905762,43262.90520167813,15416.058185387015,39645.95088495288,12.376456260681152,3495.5810546875,21.52748680114746,716.1104736328125,26.02604103088379,1523.3184814453125,1.2727302312850952,0.0405793099097041,2.2203767241080037,12.102,11.388,11.238,0.021,0.024,0.025,AAA,17.611,0.048,16.109,0.215,14.595,0.029,13.106,0.045,,,,,,,1.0,4.036388455838606,3.60928920229464,18.295852661132812,0.0050780000165104,15.27650547027588,0.0013320000143721,,,13.423425674438477,0.0147740002721548,,,16.109,5,14.566,1,15.326,2,14.127,3,13.652,1
7.981742,-73.585571,00315561-7335080,7.981753167975522,-73.585587596634,0.0106747257529663,0.5852204914012918,-1.233575588235073,1.365354061126709,0.0103965373709797,0.0106371082365512,0.0114602139219641,0.9314595460891724,0.0147082041949033,0.0142274089157581,2.029623746871948,339.3794250488281,0.0,0.0,1.0824408531188965,31,0.0212200228124856,false,13.420150756835938,14.198451042175291,12.569463729858398,80702.41189335656,28578.30129403607,74365.7255060173,46.30059051513672,1743.0103759765625,61.88413619995117,461.8033447265625,107.74806213378906,690.1815795898438,1.2756004333496094,0.0608184634315899,0.4481098181860969,11.415,10.728,10.582,0.023,0.025,0.025,AAA,16.743,0.07,15.464,0.031,13.909,0.05,11.773,0.121,,,,,,,1.0,4.323310793338593,3.617613145232212,17.359643936157227,0.0043790000490844,14.548666000366213,0.0012400000123307,,,,,,,15.357,5,13.891,2,14.607,2,13.425,3,12.943,3
8.228736,-73.821953,00325489-7349190,8.228831426480989,-73.82197362604799,0.0035566060957978,0.5890922002874017,-1.2082284185480885,1.3441895246505735,0.0139428256079554,0.0127894803881645,0.014750288799405,0.2411211133003235,0.0209094658493995,0.0195570290088653,2.7017476558685303,382.7423706054687,0.0434557124972343,1.0164847373962402,1.109687566757202,31,0.0307444930076599,false,14.011183738708496,14.316107749938965,13.52361011505127,46824.493539464354,25643.28989270965,30882.610970771933,499.6681213378906,93.71118927001952,1039.365966796875,24.67205047607422,760.292236328125,40.6193962097168,1.207186579704285,0.1211417988440951,0.4465749739110933,12.807,12.634,12.529,0.026,0.028,0.026,AAA,16.034,0.059,14.479,0.061,14.435,0.03,13.582,0.036,,,,,,,1.0,4.03439240577564,3.79498098679828,15.978545188903809,0.0044740000739693,14.538130760192873,0.0013099999632686,,,,,,,14.602,21,14.055,12,14.277,17,13.926,13,13.802,13
8.560188,-73.619049,00341444-7337085,8.560172261771488,-73.61910464439373,0.0303817192201162,0.4665440756444317,-1.3855729283750338,1.4620108604431152,0.0131592042744159,0.012774740345776,0.0140360556542873,2.16454815864563,0.0175183955579996,0.0168678481131792,-1.941685914993286,449.1437683105469,0.0723966583609581,3.258145809173584,0.9261645674705504,95,0.0257865916937589,false,13.892948150634766,14.61403465270996,13.07589054107666,52211.66792789757,19489.606274589907,46644.67164193672,13.878259658813477,3762.119140625,22.025068283081055,884.8828735351562,33.54659652709961,1390.4442138671875,1.2666571140289309,0.2009560848479343,3.7411992937933216,11.977,11.295,11.145,0.029,0.037,0.029,AAA,17.038,0.048,15.759,0.049,14.324,0.023,12.802,0.072,,,,,,,1.0,4.098910276301404,3.617888734270881,17.73272132873535,0.0070940000005066,14.91749095916748,0.0026579999830573,,,,,,,15.681,4,14.237,1,14.928,1,13.817,0,13.354,4
8.637665,-73.873337,00343303-7352240,8.637638341662976,-73.87335106567635,-0.0520543539421513,0.3834180323629106,-1.2106414220423158,1.2699062824249268,0.0121302297338843,0.0111926384270191,0.0122659308835864,-4.243815898895264,0.0164826214313507,0.0156489610671997,-0.2968315184116363,454.9852294921875,0.0628637745976448,3.460092067718506,0.9870092272758484,31,0.0242212042212486,false,13.183502197265623,13.253357887268066,13.04561710357666,100356.54436713498,68245.4415322071,47963.53818579237,52.52988052368164,1910.4658203125,52.00017547607422,1312.407958984375,22.878293991088867,2096.46484375,1.157961130142212,0.057224406868725,2.7317365901559603,12.863,12.792,12.743,0.029,0.034,0.032,AAA,13.408,0.048,13.237,0.077,13.16,0.086,12.946,0.061,,,,,,,1.0,4.206011752897837,3.87934638199243,13.864444732666016,0.0043540000915527,,,,,,,,,13.293,3,13.201,1,13.171,1,13.271,1,,
8.763608,-73.549622,00350326-7332586,8.763561853763328,-73.5496866658732,0.0275974673030762,0.5562931381578659,-1.2437993507506722,1.3625340461730957,0.0105285700410604,0.0102177346125245,0.011375586502254,2.426025867462158,0.0128187872469425,0.0137986466288566,0.5732467770576477,339.9757995605469,0.0,2.1895265938184525E-15,1.0211654901504517,31,0.0198221337050199,false,13.456645965576172,14.18393325805664,12.637133598327637,78034.83537334822,28963.012188303088,69872.28160664756,23.41178321838379,3333.1435546875,31.894201278686523,908.0964965820312,66.24774169921875,1054.7119140625,1.266553521156311,0.2375030227413786,0.6823471326033199,11.572,10.914,10.77,0.02,0.022,0.023,AAA,16.636,0.089,15.336,0.026,13.8,0.041,12.108,0.186,,,,,,,1.0,4.272655917772488,3.626271506057682,17.290069580078125,0.0053630000911653,14.65909194946289,0.0033950000070035,13.35204029083252,0.0112849995493888,12.768921852111816,0.0080199996009469,,,15.326,3,13.892,3,14.586,2,13.459,1,13.008,2
8.763859,-74.203384,00350332-7412121,8.763901904933308,-74.20341111393154,0.0096984615232555,0.4526748803086116,-1.2863504463941804,1.3636759519577026,0.0138252610340714,0.0128912338986992,0.0147368973121047,0.6581073999404907,0.0177529696375131,0.0170540306717157,5.841796875,803.8451538085938,0.118600033223629,14.170731544494627,1.2412034273147583,31,0.0255220886319875,false,12.929763793945312,13.713175773620604,12.07697868347168,126777.21926233372,44683.42207445484,117048.7155950592,159.84439086914062,793.1289672851562,223.30772399902344,200.0979766845703,447.5125427246094,261.5540466308594,1.2757192850112915,0.1062811880418192,2.098975051389886,10.939,10.251,10.094,0.021,0.022,0.019,AAA,16.149,0.055,14.985,0.046,13.438,0.086,11.788,0.164,,,,,,,1.0,4.508927671971229,3.614334824858832,16.913244247436523,0.0037539999466389,14.33515739440918,0.0045219999738037,,,,,,,14.943,4,13.402,3,14.137,1,12.899,2,12.418,2
8.989162,-73.734062,00355739-7344026,8.989200596586864,-73.73407689791483,-0.0194129190786428,0.6529036606438076,-1.1393010586679508,1.313122272491455,0.0121345622465014,0.0105087496340274,0.0123534295707941,-1.5714598894119265,0.0151239084079861,0.0133277745917439,-0.2378737330436706,328.876220703125,0.0,0.0,0.9900264739990234,31,0.0215999763458967,false,13.758018493652344,14.484862327575684,12.933302879333496,59120.68445501224,21951.897912509176,53190.879973382136,19.075437545776367,3099.3095703125,33.49312210083008,655.4151000976562,42.08458709716797,1263.904052734375,1.2710065841674805,0.0662654416297769,0.7941128809775404,11.815,11.095,10.969,0.023,0.025,0.026,AAA,16.293,0.048,15.595,0.041,14.222,0.106,12.69,0.061,,,,,,,1.0,4.15813168499091,3.614064349294519,17.12093734741211,0.0031099999323487,14.815302848815918,0.0012969999806955,,,13.254860877990724,0.0152569999918341,,,15.548,6,14.237,4,14.843,4,13.782,4,13.297,4
9.124077,-73.918602,00362977-7355069,9.124002243008778,-73.9186351495471,-0.0253965161236816,0.7027803619998161,-1.273667286568944,1.4546918869018557,0.0151860238984227,0.011905675753951,0.0139885488897562,-1.8155218362808228,0.020070755854249,0.0168673638254404,3.3660500049591064,472.4468688964844,0.0713067501783371,3.2588348388671875,1.1336135864257812,31,0.0292574185878038,false,13.784789085388184,13.903949737548828,13.568115234375,57680.76577387122,37483.24278393367,29642.313418126927,26.30580139160156,2192.701416015625,25.256757736206055,1484.087646484375,15.835676193237305,1871.869140625,1.1637424230575562,0.1407092719860495,0.1193306850713092,13.289,13.221,13.154,0.029,0.04,0.035,AAA,14.296,0.049,14.006,0.028,13.831,0.03,13.534,0.034,,,,,,,1.0,4.005627998428851,3.865872919730731,14.712751388549805,0.0032979999668896,13.885162353515623,0.0074959998019039,13.90004825592041,0.003529000096023,,,,,13.996,1,13.818,3,13.836,2,13.818,3,13.849,7
9.380191,-74.411057,00373124-7424398,9.380139059735894,-74.41106309566221,0.0063878949460981,0.48976725642715,-1.3458915944575285,1.4322346448898315,0.0123456539586186,0.011505814269185,0.0132815660908818,0.4809594750404358,0.0146881686523556,0.0137454085052013,-0.5987810492515564,320.9472351074219,0.0,0.0,0.97633296251297,31,0.02063007093966,false,13.994017601013184,14.697117805480955,13.191001892089844,47570.70045076313,18053.84263360952,41952.4466152207,15.725991249084473,3024.97314453125,32.748836517333984,551.281982421875,40.28143310546875,1041.4835205078125,1.2614127397537231,0.0548319017267859,2.5346317115303183,12.149,11.501,11.34,0.022,0.025,0.021,AAA,17.07,0.047,15.728,0.144,14.413,0.022,13.148,0.099,,,,,,,1.0,4.039180295764412,3.6242999756552186,17.84617805480957,0.006513999775052,15.140257835388184,0.001719000050798,13.993325233459473,0.0036440000403672,,,,,15.808,6,14.376,3,15.025,2,13.974,2,13.531,4
9.508638,-73.630348,00380207-7337492,9.508540905161476,-73.63037572886387,0.0040252065056047,0.6382283646636859,-1.1676300981923986,1.3306747674942017,0.0104750962927937,0.0100837871432304,0.0113495346158742,0.354658305644989,0.0128368092700839,0.0134341269731521,0.4097113013267517,357.7366027832031,0.0,0.0,1.0146868228912354,31,0.0186118297278881,false,13.461688995361328,13.83678913116455,12.904010772705078,77673.2001173088,39875.05604039804,54645.45746503047,34.48841857910156,2252.153076171875,68.99627685546875,577.9305419921875,65.01351165771484,840.5245971679688,1.2168999910354614,0.1402479656952347,0.4844310268820935,12.164,11.612,11.544,0.026,0.021,0.024,AAA,14.555,0.038,14.279,0.028,13.747,0.117,12.79,0.014,,,,,,,1.0,4.087350795881269,3.67965435274591,15.220947265625,0.0027830000035464,,,,,,,,,14.242,2,13.636,1,13.898,2,13.463,1,13.266,4
9.563685,-73.017746,00381528-7301038,9.563708079944409,-73.01774717982448,-0.0151163541281524,0.6223961559892778,-1.1846953967220952,1.338237762451172,0.0111028086394071,0.0104709211736917,0.0120268417522311,-1.2568848133087158,0.0159727316349744,0.014544241130352,2.230844020843506,395.28753662109375,0.0171353444457054,0.2003539949655532,1.0842725038528442,31,0.0230369623750448,false,13.634052276611328,14.400758743286133,12.789887428283691,66271.3807479758,23719.93921620953,60702.04921996917,28.452558517456055,2329.188720703125,43.21852493286133,548.8373413085938,66.63151550292969,911.0111083984376,1.2738831043243408,0.0246367931783613,0.3963116560317588,11.728,11.028,10.861,0.024,0.024,0.024,AAA,16.951,0.05,15.587,0.126,14.092,0.022,12.377,0.153,,,,,,,1.0,4.18488274465806,3.608513883384824,17.73158836364746,0.0047989999875426,14.803189277648926,0.002858999883756,,,,,,,,,,,,,,,,
9.57867,-73.525597,00381888-7331321,9.578673781215864,-73.52557947277442,0.0105322870753843,0.5556632537598799,-1.2515464526752451,1.3693538904190063,0.0110604362562298,0.0102133555337786,0.0120139000937342,0.8766751289367676,0.0136118866503238,0.0137637518346309,3.2150306701660156,459.4944152832031,0.004129403270781,0.0125033529475331,1.1200425624847412,31,0.0194788016378879,false,13.640396118164062,14.171364784240724,12.981552124023438,65885.27667073657,29300.22197264283,50878.838524548475,400.9840698242187,164.3089599609375,670.5183715820312,43.6978645324707,711.7037353515625,71.4887924194336,1.2169495820999146,0.0632159869331841,0.7149082179616568,12.284,11.781,11.696,0.022,0.022,0.024,AAA,15.496,0.04,14.861,0.042,13.84,0.066,12.862,0.107,,,,,,,1.0,4.048967917058972,3.689903794746307,16.88418960571289,0.0044619999825954,14.58266258239746,0.0013370000524446,,,,,,,15.103,0,14.053,2,14.536,3,13.775,0,13.458,1
9.818972,-72.032875,00391655-7201583,9.819046813151232,-72.03286755794726,0.0050845473106691,0.6078137066591089,-1.285226827972333,1.42170512676239,0.0122372964397072,0.011748069897294,0.0138101009652018,0.3681759536266327,0.0171742942184209,0.0171375479549169,1.8668115139007568,379.6173095703125,0.0447635799646377,1.237529993057251,1.0728354454040527,31,0.0250087678432464,false,13.929858207702637,14.325101852416992,13.366022109985352,50466.52989701482,25431.737807802205,35706.67482256748,206.47091674804688,244.4243927001953,495.56744384765625,51.31842041015625,363.3101501464844,98.28152465820312,1.211464524269104,0.0872927541779427,0.5572614245621466,12.482,12.165,12.087,0.023,0.024,0.029,AAA,14.171,0.034,14.969,0.049,13.749,0.079,12.752,0.184,,,,,,,1.0,4.0739798016246125,3.756468455364246,14.663853645324709,0.0030209999531507,,,,,,,,,14.786,1,14.077,1,,,,,13.697,5
10.190774,-72.673569,00404578-7240248,10.190797123563373,-72.67357906122477,0.0396582372078053,0.527420872945614,-1.1598757876533994,1.274160385131836,0.0115071423351764,0.0100197680294513,0.0117401275783777,3.378007411956787,0.0138372350484132,0.0134941432625055,3.2230966091156006,413.2623596191406,0.0309050884097814,0.732690691947937,1.1245380640029907,31,0.0207210257649421,false,13.494476318359377,14.28372573852539,12.630160331726074,75362.687820321,26419.619006966637,70322.44494083362,91.3862075805664,824.6614990234375,132.13555908203125,199.94329833984375,230.69580078125,304.82757568359375,1.2836865186691284,0.0438923709679313,1.2144284789086164,11.473,10.745,10.64,0.022,0.025,0.025,AAA,16.535,0.04,15.411,0.017,14.046,0.03,12.297,0.153,,,,,,,1.0,4.300110793338582,3.61761314523221,17.287519454956055,0.0037559999618679,14.62200164794922,0.0016540000215172,,,,,,,15.424,2,13.987,2,14.685,1,13.508,1,12.982,0
10.191936,-73.717102,00404606-7343015,10.19194950751925,-73.7170975066508,0.009923239140948,0.5219020126882502,-1.18613537776905,1.2958775758743286,0.0125812217593193,0.0120298992842435,0.0137485424056649,0.7217666506767273,0.0152681097388267,0.0151079325005412,2.084765672683716,410.1295166015625,0.034061562269926,0.6871883869171143,1.078845739364624,31,0.0224665235728025,false,13.89071559906006,14.363871574401855,13.247736930847168,52319.13321161649,24539.64472482448,39816.53987691027,623.3373413085938,83.93389892578125,1084.9510498046875,22.61820411682129,1085.32421875,36.686309814453125,1.2300697565078735,0.0211554408665057,1.0566833285421202,12.372,11.985,11.892,0.024,0.024,0.024,AAA,16.16,0.043,15.509,0.037,14.35,0.036,13.119,0.213,,,,,,,1.0,4.062092386730764,3.726839240543738,16.512147903442383,0.0064819999970495,14.519640922546388,0.0018230000277981,,,,,,,15.079,3,14.292,4,14.576,7,14.097,2,13.881,1
10.512744,-73.888428,00420305-7353183,10.51275858259442,-73.8884179330628,-0.0056280631339772,0.5580624941287335,-1.1880371731713726,1.3125799894332886,0.0141241876408457,0.0122827971354126,0.0145388795062899,-0.3871043026447296,0.0195218101143836,0.0166978631168603,0.9101980924606324,315.7481689453125,0.0,0.0,1.035972237586975,31,0.0295763052999973,false,13.86886501312256,14.626407623291016,13.02849578857422,53382.73445143043,19268.75923289335,48725.90680059948,15.001898765563965,3558.3984375,30.30284881591797,635.8728637695312,41.175880432128906,1183.3603515625,1.273720145225525,0.0390595518460235,0.7449557670267282,11.906,11.158,11.034,0.026,0.025,0.025,AAA,17.19,0.055,15.81,0.028,14.304,0.043,12.73,0.113,,,,,,,1.0,4.111887197158831,3.607237523040355,17.83854866027832,0.0063979998230934,15.101929664611816,0.0018540000310167,13.870705604553224,0.0177790001034736,,,,,15.727,6,14.326,2,14.992,3,13.856,5,13.351,7
10.598432,-73.412109,00422362-7324435,10.598403782432058,-73.41207986806847,-0.0258056052404697,0.5612019467779088,-1.2194205512862313,1.3423614501953125,0.0109386127442121,0.0104741435497999,0.0121884802356362,-2.1172127723693848,0.0146450391039252,0.0142277209088206,-0.1194569617509841,342.4826354980469,0.0,0.0,0.9946269989013672,31,0.0207357108592987,false,13.67685890197754,14.41695785522461,12.846168518066406,63709.36571127738,23368.649573384755,57635.58670058344,15.523685455322266,4104.01025390625,22.48936653137207,1039.0977783203125,31.23430061340332,1845.2657470703125,1.2714650630950928,0.1088108025681218,0.618136298252663,11.726,11.016,10.878,0.021,0.024,0.021,AAA,16.833,0.038,15.555,0.026,14.144,0.061,12.709,0.018,18.461226991891113,0.1781969933104291,,,,,1.0,4.192941829032256,3.613524824796109,17.69270896911621,0.0044559999369084,14.775917053222656,0.0025929999537765,,,,,,,15.563,2,14.119,2,14.783,1,13.698,1,13.223,1
10.721161,-73.596092,00425307-7335459,10.72112203635124,-73.59606921479963,-0.0151649260708658,0.6595358419472913,-1.1860833164252482,1.3571224212646484,0.0093901846557855,0.0085759367793798,0.0099603710696101,-1.5225261449813845,0.0119080217555165,0.0112141026183962,-1.956149697303772,358.17120361328125,0.0,0.0,0.930568516254425,31,0.0166498161852359,false,13.18099308013916,13.464138984680176,12.73257541656494,100588.81775329864,56203.232636439745,63992.34362389909,16.597732543945312,6060.39501953125,30.712820053100582,1829.9599609375,25.40288734436035,2519.09716796875,1.1949198246002195,0.0910910123499669,0.2646717439946054,12.183,11.927,11.835,0.023,0.027,0.025,AAA,13.953,0.01,13.844,0.01,13.346,0.01,12.663,0.01,15.622592771900717,0.047668637058528,16.964431537524742,0.0632953921959034,17.05406786056682,0.0766492847041789,1.0,4.2286998198547145,3.772158795062264,14.71627712249756,0.0027189999818801,,,12.988051414489746,0.017757000401616,,,,,13.8,0,13.315,1,13.497,1,13.206,1,13.118,6
10.745516,-73.29184,00425892-7317306,10.745488753379888,-73.2917875624014,-0.0314089948342753,0.5178920066672712,-1.183831279920737,1.2921565771102903,0.01120510045439,0.0104672433808445,0.0123717244714498,-2.5387725830078125,0.0134208109229803,0.0140738720074296,-0.667839527130127,351.60406494140625,0.0,0.0,0.9745861887931824,31,0.0196542888879776,false,13.685009956359863,14.021561622619627,13.170347213745115,63232.87501428283,33635.05437250776,42758.1961966698,10.234729766845703,6178.26513671875,23.714214324951172,1418.3499755859375,20.460681915283203,2089.773681640625,1.2081254720687866,0.1908700455317073,1.1084933736870792,12.541,12.236,12.142,0.023,0.027,0.025,AAA,14.765,0.03,14.437,0.019,13.861,0.061,13.096,0.009,16.380069022990437,0.0644313548552853,17.791122240422805,0.1263419206115884,17.983699442842266,0.1780743730492376,1.0,4.047491318443725,3.7551044868497545,15.456097602844238,0.0043029999360442,14.054403305053713,0.0120569998398423,,,,,,,14.357,2,13.788,0,14.023,1,13.675,1,13.499,1
10.95191,-73.613548,00434845-7336487,10.951863073827576,-73.61354949282806,-0.0309134476825681,0.6710391133643389,-1.1977673232985544,1.3729312419891355,0.0126392105594277,0.0107232639566063,0.0126785123720765,-2.438255071640014,0.0146910352632403,0.0143223581835627,2.6710715293884277,443.8301086425781,0.0442193783819675,1.3504586219787598,1.1028430461883545,95,0.0213295686990022,false,13.674564361572266,14.204828262329102,13.003284454345703,63844.13065157907,28410.949403470335,49870.57712796198,792.5303955078125,80.55732727050781,1289.015869140625,22.04080581665039,1428.9765625,34.899505615234375,1.226135015487671,0.0479608590251632,0.1622637212434136,12.025,11.652,11.59,0.024,0.024,0.025,AAA,15.844,0.041,15.135,0.03,13.838,0.037,12.809,0.206,17.3897970860706,0.0804520350662984,18.285364397296,0.1206013276078922,18.5053768157959,0.1790864616632461,1.0,4.22889132912468,3.742655406560862,16.528047561645508,0.0051790000870823,14.310484886169434,0.0034950000699609,,,,,,,14.74,7,13.713,3,14.181,1,13.421,1,13.171,1
11.004765,-72.995163,00440114-7259425,11.004833232529023,-72.99511124702889,-0.0128896557524119,0.5912262785028493,-1.288936689095623,1.4180642366409302,0.0115242004394531,0.0103975543752312,0.0124003132805228,-1.0394620895385742,0.0179118290543556,0.0149866743013262,1.6864982843399048,338.2651062011719,0.0231321491301059,0.3817118108272552,1.0677179098129272,31,0.0248502884060144,false,13.396683692932127,14.128100395202637,12.563426971435549,82465.71825639432,30491.367073121462,74780.33244458426,62.597537994384766,1317.3955078125,92.09508514404295,331.0857238769531,145.5989990234375,513.604736328125,1.2765510082244873,0.1996804187732513,0.7007869948476323,11.507,10.861,10.707,0.021,0.022,0.025,AAA,16.581,0.037,15.258,0.018,13.788,0.026,12.423,0.016,18.10763298201922,0.2163356079935463,,,,,1.0,4.2994102806544126,3.626836018459525,17.488798141479492,0.0080490000545978,14.51613426208496,0.0025839998852461,,,,,,,15.265,6,13.817,1,14.486,1,13.36,1,12.91,1
11.045316,-73.212608,00441087-7312453,11.045348294708749,-73.21256584887415,-0.0074030391000463,0.6127485754947379,-1.2428235375107672,1.3856663703918457,0.011460437439382,0.0116843516007065,0.0132608944550156,-0.5582609176635742,0.0145414229482412,0.0158906206488609,-1.808950424194336,312.4775390625,0.0,0.0,0.9323487281799316,31,0.0224252380430698,false,13.857803344726562,14.39294147491455,13.168200492858888,53929.35937785765,23891.329130026024,42842.81445475849,11.685213088989258,4615.1796875,26.433197021484375,903.8380737304688,34.54050827026367,1240.3643798828125,1.237436294555664,0.1554148773066405,0.2979384202097213,12.346,11.879,11.813,0.022,0.022,0.024,AAA,15.734,0.032,15.143,0.021,14.055,0.068,13.06,0.014,17.42192408970485,0.1140499992285607,18.60034698863234,0.2534167023910963,,,1.0,4.045361570691382,3.7083514753632745,16.73613166809082,0.0049390001222491,14.594663619995115,0.0028599998913705,,,,,,,15.184,4,14.107,1,14.588,1,13.794,1,13.549,1
11.210925,-72.885483,00445062-7253077,11.211008499136517,-72.88545383980696,0.0035225384198045,0.6266096485314478,-1.3141730165697048,1.4559156894683838,0.0154853025451302,0.0128403445705771,0.0158855710178613,0.2217445224523544,0.0218611638993024,0.0182487238198518,0.2117151319980621,313.8185729980469,0.0,0.0,1.0073459148406982,31,0.031241400167346,false,14.172740936279297,14.983664512634276,13.290487289428713,40350.620266312755,13865.99932733848,38279.24670247977,17.211088180541992,2344.454833984375,38.07780075073242,364.149169921875,60.76017761230469,630.0054931640625,1.292303442955017,0.1372784097862394,0.7622411350343826,12.137,11.381,11.242,0.035,0.04,0.033,AAA,17.489,0.059,16.146,0.019,14.561,0.205,13.141,0.013,18.41562625472244,0.2528628591975199,18.88571606234791,0.285028026934846,,,1.0,4.012325145431199,3.601686232985708,18.2977294921875,0.0062489998526871,15.552582740783691,0.0024319998919963,14.19361686706543,0.0038129999302327,,,,,,,,,,,,,,
11.399051,-73.293671,00453577-7317372,11.399051076668652,-73.29363259863406,0.0174939270538133,0.6119793285437745,-1.2549826778676794,1.396245002746582,0.0106487721204757,0.0111402673646807,0.0120690567418932,1.4494858980178833,0.0138334771618247,0.0151231028139591,0.8712513446807861,376.9656066894531,0.0,0.0,1.031205654144287,31,0.02142352797091,false,13.696717262268066,14.488862991333008,12.838151931762695,62554.66049616121,21871.157720994823,58062.70827687385,57.93881607055664,1079.6676025390625,76.48867797851562,285.9398193359375,150.71286010742188,385.25384521484375,1.2778242826461792,0.1382449401820114,0.3399564921046292,11.703,11.006,10.836,0.022,0.024,0.025,AAA,17.244,0.04,15.739,0.021,14.123,0.063,12.71,0.021,18.44240319578229,0.2514134548804493,,,,,1.0,4.194882744658059,3.608513883384824,18.07435607910156,0.0071859997697174,14.964760780334473,0.0033400000538676,,,,,,,,,,,,,,,,
11.476636,-72.93116,00455439-7255521,11.476620546572011,-72.93116035733398,0.0089610260095972,0.6525335947719962,-1.246306954584658,1.4067981243133545,0.0162608344107866,0.0124768316745758,0.0158834476023912,0.5641738772392273,0.0234829559922218,0.0168395973742008,1.7977960109710691,373.3409729003906,0.0541491471230983,1.334700345993042,1.0694420337677002,31,0.0330623723566532,false,14.157980918884276,14.877592086791992,13.340601921081545,40902.91300967995,15289.032793786657,36552.517163996046,10.180747032165527,4017.673095703125,18.325197219848633,834.3175048828125,31.457717895507812,1161.95703125,1.267429232597351,0.0163798235748216,0.1286287828821675,12.226,11.542,11.435,0.021,0.022,0.023,AAA,17.316,0.062,15.939,0.019,14.525,0.024,13.215,0.011,18.535154624941747,0.3034106537837711,,,,,1.0,4.015143088354291,3.629381872753489,18.067283630371097,0.0078600002452731,15.28894329071045,0.0022690000478178,14.446025848388672,0.0178490001708269,,,,,,,,,,,,,,
11.510007,-73.350014,00460240-7321000,11.509954093318903,-73.34999297521115,-0.0086640503232256,0.5995711646026022,-1.205586461739505,1.34644877910614,0.0109852291643619,0.0102418009191751,0.0114965895190835,-0.7536191344261169,0.0135215772315859,0.0138238379731774,1.5560811758041382,380.4356994628906,0.0225987359881401,0.3899056911468506,1.058499455451965,31,0.0204287637025117,false,13.446216583251951,14.151137351989746,12.63876247406006,78788.02679253875,29851.220941674903,69767.51657344044,23.3603458404541,3372.72509765625,36.420074462890625,819.636474609375,57.32270431518555,1217.1009521484375,1.2643892765045166,0.0933114755601077,0.3968410451035984,11.612,11.035,10.861,0.023,0.025,0.022,AAA,16.272,0.031,15.212,0.02,13.834,0.065,12.519,0.016,17.916283794483622,0.1579846735371924,,,,,1.0,4.274147188272226,3.640771902744108,17.102590560913086,0.0053159999661147,14.697320938110352,0.0121360002085566,13.646726608276367,0.1794240027666092,,,,,15.187,1,13.845,2,14.432,0,13.411,0,12.928,0
11.554412,-72.935364,00461305-7256073,11.55442330004661,-72.93539019077664,-0.0136785108471823,0.6087446977535869,-1.218625331204339,1.3622106313705444,0.0153692765161395,0.0126842521131038,0.0154535043984651,-0.8851397037506104,0.0228345971554517,0.0170532520860433,-0.339421272277832,562.010498046875,0.1034965366125106,8.72130012512207,0.9851488471031188,31,0.0318942926824092,false,13.110766410827637,13.145513534545898,13.011773109436035,107310.03666582204,75372.22693045891,49482.20912127289,58.3206901550293,1839.9993896484375,66.73490142822266,1129.4273681640625,88.39916229248047,559.7587890625,1.1634926795959473,0.0950394979900866,0.3108248236580784,12.817,12.76,12.676,0.026,0.032,0.03,AAA,12.813,0.01,13.124,0.01,13.066,0.01,13.011,0.014,13.63001773478502,0.0440163184491934,13.880192267942329,0.0450804718197394,13.804405787067704,0.0462960233885414,1.0,4.183608401776179,3.861014329013437,13.668575286865234,0.0038300000596791,,,,,,,,,13.115,2,13.062,1,13.01,1,13.159,1,13.336,1
11.624906,-72.593178,00462997-7235354,11.625047318358025,-72.593121397552,-0.0281502377800539,0.489689684075786,-1.1797165687202034,1.2773125171661377,0.0374588370323181,0.0332014262676239,0.038563922047615,-0.7299630641937256,0.0452949367463588,0.042271964251995,1.0224862098693848,354.3847961425781,0.0708614885807037,0.3628629148006439,1.0399398803710938,31,0.0648002624511718,false,16.26556968688965,17.109766006469727,15.344575881958008,5871.087774292442,1956.6364450052176,5772.021050173691,21.320634841918945,275.37115478515625,52.41839599609375,37.32728576660156,75.36693572998047,76.58558654785156,1.3163927793502808,0.2543318788861518,1.3496679024604994,12.873,12.962,12.739,,0.117,0.113,UBB,20.496,0.178,18.133,0.076,16.159,0.091,13.414,0.152,,,,,,,1.0,4.173892574515667,3.866710599463775,21.31830596923828,0.015514999628067,17.756954193115234,0.0024180000182241,16.252845764160156,0.0014560000272467,15.814472198486328,0.0015750000020489,15.39594554901123,0.001713000005111,,,,,,,,,,
11.642234,-72.821014,00463413-7249156,11.64226026529126,-72.82099585769602,-0.0155327456089895,0.6663405165371485,-1.1906596533057412,1.364434003829956,0.0123830689117312,0.0112439002841711,0.0143448812887072,-1.082807540893555,0.0184105839580297,0.0154433930292725,-1.7731080055236816,379.6078186035156,0.0502132251858711,1.737351417541504,0.9292756915092468,31,0.0260960180312395,false,13.492772102355955,13.551969528198242,13.36823844909668,75481.01920058015,51835.734087712815,35633.84404354495,39.31735610961914,1919.788818359375,38.85528564453125,1334.0716552734375,18.60422706604004,1915.36279296875,1.1588287353515625,0.0710327046117008,0.215330892744377,13.171,13.092,13.061,0.021,0.027,0.033,AAA,13.363,0.01,13.584,0.01,13.526,0.01,13.343,0.011,14.471995094073426,0.0433516990829366,14.850587853568811,0.0439492552759642,14.796779658449967,0.0454350848616833,1.0,4.105456507713361,3.88951225174364,14.19537353515625,0.0030219999607652,,,,,,,,,13.537,2,13.459,1,13.441,1,13.575,1,13.714,1
11.666625,-73.208763,00463999-7312315,11.666683479633589,-73.20873838606369,-0.0217637301091312,0.6157342674468484,-1.251354573599186,1.3946386575698853,0.0113175250589847,0.0104684131219983,0.0114485481753945,-1.9010034799575808,0.0147960614413023,0.0131783550605177,-0.6961088180541992,387.3005065917969,0.0,0.0,0.9739511013031006,31,0.0213969014585018,false,13.721674919128418,13.868908882141112,13.455150604248049,61133.16711729956,38712.6975544962,32892.57159833659,18.68582534790039,3271.63330078125,28.845043182373047,1342.091796875,25.02968978881836,1314.1422119140625,1.1712998151779177,0.1074737477574617,0.3059017830049962,13.089,12.964,12.973,0.03,0.035,0.039,AAA,14.094,0.034,14.04,0.025,13.742,0.113,13.461,0.132,15.618478016711304,0.0559129878874767,16.53599607364748,0.0879801122110796,16.334633881274602,0.1012731855965107,1.0,4.1243944236442385,3.88329106601995,14.79294204711914,0.0080070002004504,,,,,,,,,13.798,1,13.653,2,13.638,1,13.668,1,13.79,1
11.692539,-73.666313,00464620-7339587,11.692519254656682,-73.66630535502813,-0.0063698751043473,0.5544351867570264,-1.2872083297478338,1.401536226272583,0.0134194223210215,0.0132810091599822,0.0145403072237968,-0.4380839467048645,0.0159764401614666,0.0183092188090086,-1.0418963432312012,270.9855041503906,0.0,0.0,0.9569637775421144,31,0.0262540038675069,false,14.04458999633789,14.789179801940918,13.210905075073242,45405.737425264335,16586.12743102016,41190.39749682526,12.784811973571776,3551.537353515625,21.28322982788086,779.3049926757812,31.731266021728516,1298.101318359375,1.2724498510360718,0.0340159887840019,0.9705910281204696,12.079,11.349,11.256,0.023,0.024,0.026,AAA,16.881,0.043,15.925,0.033,14.491,0.023,13.054,0.078,17.065972357175248,0.0706271705151189,17.245838190534332,0.0795002192286817,17.224916458129886,0.0876511484384536,1.0,4.061695105568824,3.6203825074852594,17.67607307434082,0.007768000010401,15.139782905578612,0.0024439999833703,,,,,,,15.811,7,14.475,0,15.153,1,13.977,1,13.58,1
11.721182,-72.714394,00465308-7242518,11.721306716597551,-72.71437698273269,0.0245193098997744,0.7390489311977346,-1.4598876834265386,1.636296272277832,0.0120611172169446,0.0108085833489894,0.0130113959312438,1.884448766708374,0.0150674497708678,0.0133436787873506,4.799290180206299,867.5720825195312,0.1079086661338806,14.819865226745604,1.1766995191574097,31,0.0215551257133483,false,12.192190170288086,12.639638900756836,11.562315940856934,250075.33996659215,120105.05338339714,188031.9900848265,2809.73046875,89.0033187866211,5218.77880859375,23.014015197753903,4744.03955078125,39.63541793823242,1.2321768999099731,0.1468014225886881,3.8638987204313895,10.762,10.298,10.234,0.023,0.024,0.023,AAA,13.192,0.183,12.951,0.137,12.016,0.091,11.279,0.179,16.485546241755973,0.0582043880432428,17.983341049548816,0.1046937807775078,,,1.0,4.681232072396659,3.7100733237977295,15.725424766540527,0.0030219999607652,,,,,,,,,13.255,13,12.501,7,12.763,1,12.268,1,12.092,1
11.753848,-73.370476,00470092-7322137,11.753878167479485,-73.37044342641653,-0.0151540486856064,0.6383687487684013,-1.259935256968052,1.412427544593811,0.0097977081313729,0.009482336230576,0.0106115853413939,-1.428066372871399,0.0122798038646578,0.01231424883008,-0.9877409338951112,358.4927673339844,0.0,0.0,0.9626070857048036,31,0.0174844916909933,false,13.13028049468994,13.450711250305176,12.629356384277344,105398.5496637773,56902.6579537789,70374.57782208067,21.11642837524414,4991.3056640625,34.01881790161133,1672.6817626953125,30.554141998291016,2303.274658203125,1.20758056640625,0.1213138025756006,0.231467058266276,11.975,11.67,11.607,0.024,0.025,0.024,AAA,13.933,0.02,13.784,0.01,13.276,0.01,12.539,0.012,15.715553888230682,0.0611732092686393,,,,,1.0,4.296722942610372,3.7655570718744023,14.774018287658691,0.0048110000789165,,,,,,,,,,,,,,,,,,
11.760545,-72.919182,00470253-7255090,11.760626551306776,-72.91914550461853,-0.0105197722903357,0.6199079879119751,-1.2552950511791845,1.4000184535980225,0.0103332819417119,0.008716900832951,0.0104252761229872,-1.0090641975402832,0.0157610233873128,0.0111812688410282,-3.5748770236968994,307.088623046875,0.0,0.0,0.867435872554779,31,0.0219742748886346,false,13.059063911437988,13.33908748626709,12.614198684692385,112543.65307006214,63064.035032856285,71363.9271680055,24.268470764160156,4637.443359375,42.792823791503906,1473.705810546875,25.73872947692871,2772.628173828125,1.1944516897201538,0.1571544729152616,0.2987530076884384,12.081,11.789,11.749,0.023,0.026,0.026,AAA,13.843,0.01,13.684,0.01,13.166,0.01,12.536,0.007,15.593236381790732,0.0512009337332418,17.073117910251547,0.0828359305647574,17.16695902985172,0.0978154402563376,1.0,4.281835798448123,3.7773750175360368,14.625012397766112,0.0035399999469518,,,,,,,,,13.669,1,13.19,2,13.383,1,13.054,1,12.971,1
11.782004,-73.745392,00470768-7344434,11.781989879039118,-73.74536911546322,0.0045689385643362,0.6031764225264922,-1.2113952910380923,1.3532555103302002,0.0108427135273814,0.0114302011206746,0.0123309548944234,0.3705259263515472,0.01332354452461,0.0153771797195076,0.3201340734958648,290.4012756347656,0.0,0.0,1.0120553970336914,31,0.0215982813388109,false,13.410842895507812,14.182430267333984,12.55723762512207,81397.24483602375,29003.131357153325,75207.87850495563,36.857574462890625,2208.426513671875,49.65142059326172,584.1349487304688,86.85733032226562,865.8782958984375,1.280276894569397,0.0836041119458028,0.3587128055531272,11.381,10.667,10.516,0.026,0.027,0.025,AAA,16.605,0.044,15.388,0.031,13.904,0.075,11.333,0.08,,,,,,,1.0,4.324417731320142,3.6090300113383895,17.480695724487305,0.0091679999604821,14.573344230651855,0.0026400000788271,,,,,,,14.74,1,13.56,1,,,,,12.637,1
11.78622,-73.236649,00470869-7314119,11.786262268058485,-73.2366454318955,9.12381424265E-4,0.7673733205070777,-1.3354409808346324,1.5402157306671145,0.0098311360925436,0.009710188023746,0.0107285259291529,0.0850425735116005,0.0126409772783517,0.0120366131886839,0.4286560714244842,563.119140625,0.0619420409202575,4.20383358001709,1.01481831073761,31,0.0181429516524076,false,12.65213394165039,13.19548225402832,11.91920280456543,163716.7810966345,71981.99017361939,135355.852889865,115.25430297851562,1420.4830322265625,162.59368896484375,442.7108459472656,236.75946044921875,571.7019653320312,1.2664421796798706,0.0457285201407916,0.7572798799874265,10.839,10.153,9.944,0.024,0.025,0.021,AAA,13.113,0.01,13.744,0.01,13.056,0.01,11.859,0.025,,,,,11.983273168464036,0.0443236649382608,1.0,4.531525145431199,3.601686232985708,14.285990715026855,0.0046350001357495,,,,,,,,,13.821,3,13.085,1,13.454,1,12.693,1,12.249,1
11.793363,-72.96051,00471040-7257378,11.793505077544534,-72.96050458598195,-1.139479327459E-4,0.6860237912074373,-1.0765509814963368,1.2765542268753052,0.0156833454966545,0.0125386836007237,0.0151635855436325,-0.0075145768932998,0.0225527808070182,0.0158570408821105,2.2051002979278564,391.8910217285156,0.0298563297837972,0.419182687997818,1.0860114097595217,31,0.0317612364888191,false,14.17721462249756,14.682801246643066,13.507429122924805,40184.70433202648,18293.489756001516,31346.30936372053,392.8589172363281,102.28787994384766,614.6202392578125,29.763891220092773,799.991943359375,39.18328094482422,1.2352908849716189,0.1511411138483189,1.99210369138104,12.574,12.264,12.172,0.023,0.026,0.025,AAA,16.096,0.042,15.683,0.016,14.139,0.055,13.346,0.212,17.652556349920598,0.1491237138369308,,,,,1.0,4.0321377877386615,3.754078687099135,16.477802276611328,0.0058809998445212,14.5346097946167,0.0024099999573081,,,,,,,14.903,4,14.058,1,14.445,1,13.821,1,13.55,1
11.805479,-72.704842,00471331-7242174,11.80561005986593,-72.70482601208352,0.0113662128586068,0.6532126584607811,-1.2187981340370346,1.3828071355819702,0.0139838531613349,0.0120953824371099,0.0143645694479346,0.7912672162055969,0.0181251168251037,0.0154292481020092,0.2276798635721206,355.23919677734375,0.0,0.0,1.0075687170028689,31,0.0256058778613805,false,14.190431594848633,14.992405891418455,13.319869041442873,39698.49600548742,13754.811254402804,37257.22297871808,25.026254653930664,1586.27392578125,33.93190002441406,405.3652038574219,69.55984497070312,535.6139526367188,1.2849866151809692,0.1516175553763141,0.1258556261520367,12.11,11.365,11.256,0.021,0.022,0.026,AAA,17.909,0.135,16.168,0.017,14.664,0.026,13.171,0.015,19.05582838635343,0.2866595597508661,,,,,1.0,4.03699402772545,3.611918576332775,18.37286376953125,0.0057859998196363,15.501264572143556,0.0024770000018179,14.211161613464355,0.0037680000532418,,,,,16.046,7,14.673,1,15.34,1,14.216,1,,
11.938212,-73.307259,00474517-7318261,11.93819889197801,-73.3072677283132,-0.0034998258716911,0.5495456507455606,-1.247202212964883,1.3629063367843628,0.0108634354546666,0.0113665731623768,0.0121002299711108,-0.289236307144165,0.0144998906180262,0.0149085614830255,-1.8456827402114868,384.5183410644531,0.0,0.0,0.9320443272590636,31,0.0216437373310327,false,13.722102165222168,13.814339637756348,13.53254508972168,61109.11501140981,40708.13604630107,30629.509625512892,30.111480712890625,2029.4290771484375,40.87264251708984,995.9751586914062,21.404821395874023,1430.963134765625,1.1673814058303833,0.0342207795572524,0.7487362009291947,13.24,13.139,13.148,0.02,0.024,0.034,AAA,13.957,0.031,13.882,0.027,13.786,0.073,13.498,0.014,15.120167026633014,0.0559974458933043,15.791154388645811,0.0641695605110201,15.624780784630394,0.0699643545568907,1.0,4.1249876053430885,3.910596717595864,14.578653335571287,0.0055829999037086,13.620485305786133,0.0103900004178285,13.90715217590332,0.0307960007339715,,,,,,,,,,,,,,
11.955413,-73.095612,00474929-7305442,11.95550305116932,-73.0955890585024,0.0105578385495132,0.6705025548242505,-1.239997808409867,1.4096695184707642,0.0108133889734745,0.0103684524074196,0.0112533029168844,0.9381991028785706,0.0144159104675054,0.0134173138067126,-2.1938860416412354,328.5901794433594,0.0,0.0,0.9186878204345704,31,0.0202812440693378,false,13.533808708190918,13.681002616882324,13.247907638549805,72681.3806345967,46027.34578838831,39810.27306089216,20.186912536621097,3600.4208984375,40.99264144897461,1122.8197021484375,40.08280944824219,993.20068359375,1.181012511253357,0.1253270713526256,0.065734255903556,12.822,12.66,12.57,0.024,0.034,0.03,AAA,13.951,0.03,13.791,0.029,13.588,0.115,13.178,0.011,15.287082318551194,0.0552091338576304,16.10060422725854,0.0694154549815134,15.97683865623334,0.0783702909035083,1.0,4.050318104216612,3.80393397535328,14.5582275390625,0.0036689999978989,,,,,,,,,,,,,,,,,,
11.992086,-72.815269,00475810-7248549,11.992165990089418,-72.81526312468999,0.0013307552347754,0.7379791100376287,-1.2029977843229185,1.4113174676895142,0.0121256308630108,0.0103373527526855,0.0126490602269768,0.1052058562636375,0.0174456164240837,0.0132529409602284,-1.151913046836853,319.65484619140625,0.0,2.1639919385905244E-15,0.9555177092552184,31,0.0249578952789306,false,13.67674446105957,13.89788055419922,13.29737377166748,63716.05895575208,37693.34477521436,38037.22205752215,15.036381721496582,4237.45947265625,32.977333068847656,1143.0076904296875,20.052526473999023,1896.8792724609375,1.1885632276535034,0.0876697671682948,0.106623054699786,12.816,12.578,12.528,0.024,0.03,0.033,AAA,14.205,0.032,14.131,0.029,13.762,0.052,13.213,0.013,15.69135558802773,0.0512107198284886,16.82465142247665,0.0686619770475479,16.723169359096055,0.077463260050013,1.0,4.022639681938733,3.791668166085358,14.95062255859375,0.0034179999493062,13.91344165802002,0.0300040002912282,,,,,,,14.133,1,13.767,1,13.892,1,13.711,1,13.649,1
12.00486,-73.387062,00480116-7323134,12.004875227427746,-73.38705280316864,-0.013939023261901,0.593903649233072,-1.183556931492891,1.3242086172103882,0.0118849985301494,0.011498992331326,0.0129101080819964,-1.0796984434127808,0.0141954272985458,0.0144168380647897,0.8890194296836853,351.41192626953125,0.0,4.340583492271457E-15,1.033151626586914,31,0.0204102527350187,false,13.809863090515137,14.58010959625244,12.955533027648926,56363.97661626896,20108.195409258435,52112.883676946425,27.455907821655273,2052.890625,41.40138244628906,485.6889953613281,62.73952865600586,830.622802734375,1.2813340425491333,0.0366308621440616,0.5441857011951614,11.829,11.082,10.937,0.023,0.025,0.023,AAA,17.063,0.042,15.682,0.032,14.238,0.044,12.797,0.014,17.658423637047264,0.2029489767759749,,,,,1.0,4.136329305916971,3.602375100038093,18.057737350463867,0.0205819997936487,14.979578018188477,0.0055619999766349,,,,,,,,,,,,,,,,
12.009524,-73.403946,00480228-7324142,12.009517018864198,-73.40391973227413,-0.0088112086532986,0.6160486746119256,-1.2032719456044192,1.3518059253692627,0.0124290101230144,0.0118574853986501,0.0133897857740521,-0.6580544710159302,0.0149665856733918,0.0149432476609945,1.5195891857147217,360.5553894042969,0.0,0.0,1.0581773519515991,31,0.0212260745465755,false,13.872958183288574,14.622962951660156,13.00104808807373,53181.86293808188,19329.98495922547,49973.42442371097,18.361467361450195,2896.384033203125,124.19669342041016,155.6400909423828,81.23931121826172,615.138427734375,1.3031399250030518,0.0948358721011982,0.3203922100833517,11.853,11.069,10.963,0.021,0.022,0.024,AAA,17.409,0.067,15.989,0.055,14.285,0.077,12.86,0.013,17.52262608441907,0.1923245015969445,17.064274953399,0.1652977435785216,17.300348625200588,0.1974129703199147,1.0,4.127290674532465,3.602840915735806,18.305234909057617,0.0088419998064637,15.073491096496582,0.0033299999777227,,,,,,,,,,,,,,,,
12.026228,-73.110535,00480629-7306379,12.026314521157056,-73.11055882762892,0.0303880708490379,0.798324289785483,-1.327522994902382,1.549076795578003,0.0107762794941663,0.0104381777346134,0.0112893898040056,2.691737174987793,0.014537539333105,0.0133845321834087,1.2507197856903076,737.1475830078125,0.0877837240695953,9.71199893951416,1.0452327728271484,31,0.020513217896223,false,12.378113746643066,12.550512313842772,12.055431365966797,210717.83393904267,130380.34745047774,119394.84769531224,80.79141235351562,2608.171142578125,143.92855834960938,905.8685302734376,112.30524444580078,1063.1279296875,1.1853538751602173,0.1246872416773897,0.701469965307393,11.709,11.586,11.502,0.027,0.047,0.037,AAA,12.503,0.06,12.794,0.06,12.526,0.06,12.005,0.014,13.620672876583509,0.0437750947071944,14.47492490467348,0.0471808668497481,14.208324468641566,0.048124482258867,1.0,4.538128155645973,3.8218252425631287,13.307753562927246,0.0040839998982846,,,,,,,,,12.756,1,12.468,1,12.554,0,12.443,0,12.387,0
12.036872,-73.505272,00480884-7330189,12.03695065902331,-73.50525663522879,-0.0372762516340969,0.6299049529970735,-1.2230524845993327,1.3757317066192627,0.0119431717321276,0.0115611422806978,0.0129903415217995,-2.8695359230041504,0.0139224492013454,0.0145714459940791,-1.4187414646148682,521.4718017578125,0.0729203075170517,4.491292953491211,0.9426981806755066,31,0.0205455664545297,false,13.02786350250244,13.099078178405762,12.883309364318848,115824.7038571728,78665.76963679877,55697.34331027462,47.88850402832031,2418.6328125,43.899600982666016,1791.947265625,34.845603942871094,1598.4036865234375,1.1600557565689087,0.0975898007564068,0.2056069004274015,12.68,12.596,12.566,0.027,0.028,0.026,AAA,13.013,0.01,13.174,0.01,13.066,0.01,12.841,0.011,14.31453219955078,0.0475999466874041,14.89358571583474,0.0502633065909336,14.760384059484911,0.0506799423404639,1.0,4.292521139176637,3.885323359954104,13.768509864807127,0.0038819999899715,,,,,,,,,13.135,0,13.06,2,13.005,1,13.064,1,13.187,1
12.078882,-73.249702,00481893-7314589,12.079033216073263,-73.24976126771888,0.0133633738373965,0.5585098604860244,-1.299894538272082,1.414800047874451,0.0143516948446631,0.0141493501141667,0.0151962405070662,0.879386842250824,0.0190597660839557,0.0177669618278741,-1.6799838542938232,738.2659301757812,0.1233744025230407,12.380260467529297,0.934634566307068,31,0.0272192005068063,false,13.117764472961426,13.10622787475586,13.10841941833496,106620.51400909988,78149.42071842511,45267.9141802044,90.80513763427734,1174.1683349609375,125.53607177734376,622.525634765625,83.7769775390625,540.33837890625,1.1575384140014648,0.2648369550492777,1.0692646767331238,13.086,13.039,12.998,0.036,0.041,0.041,AAA,12.363,0.04,13.134,0.04,13.136,0.04,13.105,0.016,,,12.40351334755577,0.0439484845689713,12.15827544763251,0.0440197969999332,1.0,4.198319335094488,3.915825138352467,13.466206550598145,0.0062270001508295,,,,,,,,,13.139,0,13.141,1,13.048,1,13.262,1,13.454,1
12.115704,-73.446945,00482776-7326490,12.115366852275272,-73.44690153017235,-0.0100982817346486,0.5520907526306913,-1.2506377787755392,1.3670768737792969,0.0144065944477915,0.0141973691061139,0.0158658772706985,-0.6364779472351074,0.0183448120951652,0.0181885790079832,-3.4745230674743652,718.6407470703125,0.1274575591087341,13.157809257507324,0.8658842444419861,31,0.0264831855893135,false,13.014432907104492,13.00477409362793,12.944339752197266,117266.37738763342,85803.97737032764,52652.90800975821,66.11772155761719,1773.599853515625,146.57296752929688,585.401123046875,185.4364013671875,283.9405212402344,1.1807039976119995,0.3795585311204915,0.7376827418682012,12.815,12.61,12.554,0.033,0.032,0.034,AAA,12.393,0.01,13.014,0.01,12.986,0.01,12.964,0.011,12.428413430287746,0.0472732860893526,12.576642851857551,0.0454848343719052,12.419987615656591,0.0456697106429776,1.0,4.045383330192442,3.8007630246786066,13.423331260681152,0.0061559998430311,,,,,,,,,12.986,2,12.968,1,12.91,1,13.065,1,13.152,1
12.132593,-72.986565,00483182-7259116,12.132671843684562,-72.98654325238013,5.11379625314E-4,0.707375768419821,-1.1919265680077102,1.3860265016555786,0.0107752652838826,0.0096093909814953,0.0107494704425334,0.0475725382566452,0.0157613325864076,0.0123505890369415,0.7073004841804504,347.5305480957031,0.0,0.0,1.026331901550293,31,0.0221490636467933,false,13.153210639953612,13.956503868103027,12.279410362243652,103195.94556285838,35712.08616583709,97139.11573860592,51.97675704956055,1985.4248046875,97.60285186767578,365.891845703125,122.03650665283205,795.9840698242188,1.2873684167861938,0.1141349983483945,0.1607502838682553,11.091,10.373,10.234,0.023,0.022,0.023,AAA,16.655,0.05,15.177,0.02,13.657,0.038,12.127,0.015,18.121004240359184,0.2150050411841613,,,,,1.0,4.443435861826752,3.6111230468693263,17.412778854370117,0.0085319997742772,14.190317153930664,0.0274860002100467,,,,,,,15.253,1,13.664,3,14.383,1,13.15,1,12.654,1
12.138712,-73.209274,00483329-7312333,12.138803009846937,-73.20927468213335,-0.0193024796083624,0.5160351726393062,-1.1670808776927253,1.276076078414917,0.012191011570394,0.0119352741166949,0.0127800879999995,-1.510355830192566,0.0162781719118356,0.0155541505664587,-1.1048578023910522,324.9885559082031,0.0,0.0,0.9586588144302368,31,0.0237442515790462,false,13.930707931518556,14.724470138549805,13.063379287719728,50427.05885002529,17604.707807413997,47185.25727909955,33.8494873046875,1489.74365234375,43.73292541503906,402.5504150390625,80.04192352294922,589.5067749023438,1.284825325012207,0.0946781432091641,1.245826508184214,11.913,11.212,11.035,0.024,0.024,0.023,AAA,17.221,0.046,15.904,0.021,14.321,0.05,12.902,0.018,17.861864864351652,0.2119307997263954,18.102065786755112,0.228297005083347,,,1.0,4.107025207061493,3.605734839745559,18.007373809814453,0.0085969995707273,15.153804779052734,0.0039269998669624,,,,,,,,,,,,,,,,
12.144304,-73.154884,00483463-7309175,12.144343032654694,-73.15489087312429,-0.0093097728372487,0.6323442127579497,-1.1927014514066958,1.349961519241333,0.0130350422114133,0.0120774349197745,0.0130351949483156,-0.7142028212547302,0.0164318922907114,0.0152754327282309,-0.9647295475006104,328.24267578125,0.0,0.0,0.963451623916626,31,0.0233404505997896,false,14.057747840881348,14.766797065734863,13.230026245117188,44858.78774459932,16931.599772931804,40471.348482467925,16.503704071044922,2718.104248046875,38.07239532470703,444.7211608886719,52.671112060546875,768.3784790039062,1.2796366214752195,0.0476481086866626,0.3037339652967867,12.136,11.53,11.376,0.024,0.022,0.023,AAA,16.676,0.042,15.771,0.021,14.403,0.048,13.108,0.011,17.884897044035338,0.2081766755519269,18.472836673109143,0.2908866303608889,,,1.0,4.061740170721979,3.6382002283187695,17.569889068603516,0.0089649995788931,15.13320541381836,0.0042519997805356,,,,,,,,,,,,,,,,
12.146544,-72.369522,00483517-7222102,12.1466035126853,-72.36953851658123,-0.0082695404549029,0.6656481550496425,-1.274711857192186,1.4380465745925903,0.0099018868058919,0.0095570692792534,0.0105945561081171,-0.7805461883544922,0.0122109912335872,0.0117236040532588,-2.5549895763397217,269.87774658203125,0.0,0.0,0.8987727761268616,31,0.0178830996155738,false,13.046114921569824,13.879764556884766,12.158740043640137,113894.0045782703,38327.56072659876,108558.1229743786,73.85305786132812,1542.17041015625,105.87555694580078,362.0057678222656,183.16357421875,592.6840209960938,1.2896699905395508,0.0880123357894495,0.2113319772082832,10.972,10.231,10.093,0.024,0.024,0.025,AAA,16.63,0.059,15.117,0.018,13.572,0.033,11.862,0.14,,,,,,,1.0,4.483092771918669,3.605487733860952,17.568078994750977,0.0050719999708235,14.376710891723633,0.0027850000187754,,,,,,,15.149,3,13.578,1,14.32,1,13.041,1,12.541,1
12.158935,-73.246552,00483814-7314475,12.158997226103786,-73.24654411234063,-0.0143967330978928,0.3907991802373295,-1.256892691941615,1.3162459135055542,0.0115401623770594,0.011548925191164,0.0127147361636161,-1.1322872638702393,0.0158476773649454,0.0153613332659006,-2.2923331260681152,405.8679809570313,0.0499405451118946,1.7003735303878784,0.9120556712150574,31,0.0228272322565317,false,13.49560260772705,13.562275886535645,13.367219924926758,75284.55109841794,51345.99007120123,35667.30734003354,64.31903076171875,1170.4864501953125,84.94699096679688,604.4474487304688,60.85501480102539,586.10302734375,1.155792236328125,0.0705405552223759,2.7693068360186905,13.289,13.127,13.201,0.029,0.034,0.041,AAA,13.075,0.031,13.654,0.05,13.693,0.097,13.369,0.027,13.09296729452003,0.0448784938847499,13.513833025850012,0.0446508564233494,13.241454678308036,0.0448278329501219,1.0,4.117119335094493,3.91582513835247,14.062849044799805,0.0062150000594556,,,,,,,,,13.624,2,13.512,0,13.498,1,13.538,1,13.699,1
12.189284,-72.924294,00484542-7255274,12.189373605833808,-72.92428668810447,-0.0386429622525169,0.6384815688445514,-1.2317668524041243,1.3874106407165527,0.013976864516735,0.0115993889048695,0.0133321322500705,-2.8984832763671875,0.0221264753490686,0.0149550549685955,2.737536907196045,352.250732421875,0.0449835732579231,1.2174534797668457,1.1124757528305054,31,0.0317733325064182,false,13.613776206970217,14.447829246520996,12.722661018371582,67520.61433341276,22713.56669970401,64579.37773815649,41.360572814941406,1632.4874267578125,62.09026718139648,365.8152465820313,94.64637756347656,682.32275390625,1.292833924293518,0.0983106217513099,0.1642127690265011,11.493,10.775,10.631,0.021,0.021,0.021,AAA,17.145,0.053,15.657,0.018,14.121,0.026,12.602,0.02,18.22,0.16,,,,,1.0,4.280735931544459,3.609809754604271,17.992494583129883,0.0127490004524588,14.897567749023438,0.0032059999648481,,,,,,,,,,,,,,,,
12.257829,-72.901375,00490187-7254049,12.257938993595255,-72.90138370566905,-0.0106565823791301,0.7466089775147947,-1.1777053416518724,1.3944227695465088,0.0146528510376811,0.0124370390549302,0.0143658397719264,-0.7418001294136047,0.0228214524686336,0.0161225851625204,-0.3904990553855896,272.9081726074219,0.0,0.0,0.9827494621276855,31,0.0330560281872749,false,13.94667911529541,14.709443092346191,13.099617958068848,49690.70532011202,17850.060811576586,45636.35401773872,20.16057586669922,2464.746337890625,29.269975662231445,609.842041015625,54.30189514160156,840.419189453125,1.2776316404342651,0.1205685989784366,0.3118984302303628,11.934,11.237,11.108,0.023,0.026,0.026,AAA,16.62,0.045,15.792,0.019,14.418,0.025,12.978,0.014,16.969890139031858,0.0959307490979866,17.225868166475152,0.1049191555982077,17.24157254421564,0.1233269026591826,1.0,4.1185032252719385,3.6195487337594527,17.441871643066406,0.009162999689579,15.05709743499756,0.0028500000480562,,,,,,,,,,,,,,,,
12.299215,-72.692955,00491181-7241346,12.299335937794757,-72.69298523445585,0.0334860180717927,0.5878958132628727,-1.2178389419251998,1.352313995361328,0.0119070094078779,0.0111932093277573,0.0132359750568866,2.5299243927001953,0.015462290495634,0.014757715165615,-0.7952035665512085,499.9197692871094,0.0724611729383468,4.53016996383667,0.9676496386528016,31,0.0217854939401149,false,12.955389022827148,13.776740074157717,12.078893661499023,123820.08711127788,42142.53807419002,116842.48038998466,148.34779357910156,834.6607666015625,196.8224334716797,214.114501953125,375.6043701171875,311.0785827636719,1.2840001583099363,0.1691824144172354,0.4344805044886811,10.917,10.238,10.049,0.021,0.022,0.021,AAA,16.585,0.053,14.971,0.125,13.552,0.052,11.975,0.027,17.841294897458898,0.1533524450169544,18.77771668422183,0.304763289972305,,,1.0,4.508918660769291,3.6082569806177474,17.319164276123047,0.004761999938637,14.221177101135254,0.0052849999628961,,,,,,,15.081,3,13.525,1,14.252,1,12.97,1,12.492,1
12.302837,-73.392799,00491268-7323340,12.302913674828188,-73.39281864149434,-0.0401239935511083,0.5136513032081359,-1.2154671202700136,1.319544553756714,0.0128916501998901,0.0129609499126672,0.014152699150145,-2.8350770473480225,0.0161640625447034,0.0175039153546094,-1.3207333087921145,435.9475708007813,0.0643012598156929,2.337573528289795,0.948589026927948,31,0.0246862117201089,false,13.789246559143066,13.82174587249756,13.692231178283691,57444.4783040601,40431.39051143871,26440.25305827627,30.119293212890625,1907.23193359375,36.81797790527344,1098.142578125,23.086576461791992,1145.2652587890625,1.1641091108322144,0.105941957083811,1.036241474049972,13.609,13.555,13.539,0.027,0.037,0.046,AAA,13.603,0.032,13.917,0.033,13.858,0.057,13.685,0.038,13.894941868086972,0.0479252994808258,14.182706019163456,0.0479427096188214,14.02809771756774,0.0487762156031542,1.0,4.04848165124126,3.94214376143961,14.336200714111328,0.0083550000563263,,,,,,,,,13.81,1,13.791,2,13.698,1,13.858,1,14.003,1
12.314714,-73.202988,00491553-7312107,12.314791265008664,-73.20302914828554,0.0078533782941542,0.6317776053286434,-1.1996271756668224,1.3558201789855957,0.0103343287482857,0.0098346313461661,0.0108143780380487,0.7261978983879089,0.0129110673442482,0.0125249791890382,-3.256373643875122,332.4925842285156,0.0,0.0,0.8789092898368835,31,0.0182647164911031,false,13.242461204528809,13.356760025024414,13.023882865905762,95052.23620083576,62045.85279978739,48933.35910030721,36.579490661621094,2598.51171875,51.6212158203125,1201.94482421875,21.93777084350586,2230.552978515625,1.1675602197647097,0.1685372265799734,0.269239085414888,12.746,12.597,12.57,0.022,0.022,0.026,AAA,13.343,0.03,13.494,0.03,13.316,0.03,12.992,0.014,14.547973534100509,0.0507410513033253,15.110403136410325,0.0541237069656131,14.993286958617036,0.054896405690064,1.0,4.1593542965015455,3.837528081896054,14.10763454437256,0.0059440000914037,,,,,,,,,13.483,3,13.31,1,13.337,1,13.362,1,13.461,1
12.319302,-73.147079,00491663-7308494,12.319332655360506,-73.14711506764375,-0.0184464517310678,0.6515745036733543,-1.2970808615530407,1.4515398740768433,0.0113756153732538,0.0108933486044406,0.0120193036273121,-1.5347355604171753,0.0145189370959997,0.0141236130148172,-0.8588826656341553,400.9327087402344,0.0,0.0,0.9677911996841432,31,0.0204823147505521,false,13.760009765625,13.867541313171388,13.544536590576172,59012.35987446918,38761.48999753626,30293.08447598861,18.997541427612305,3106.315673828125,29.022113800048828,1335.584716796875,21.656599044799805,1398.7923583984375,1.1701713800430298,0.1337273774689378,0.4492201538459438,13.243,13.18,13.123,0.02,0.028,0.037,AAA,13.919,0.03,13.955,0.026,13.633,0.089,13.516,0.016,15.279764270512471,0.0556082715281344,15.918263886651314,0.0645121391941555,15.782243856328847,0.0694130734862066,1.0,4.054011752897832,3.8793463819924288,14.607937812805176,0.0055900001898407,13.643905639648438,0.045329000800848,13.768880844116213,0.0188510008156299,,,,,13.964,1,13.805,1,13.809,1,13.861,1,13.982,1
12.385136,-72.487221,00493243-7229139,12.38528434445639,-72.48726285283449,-0.0027492267986592,0.6290765102747589,-1.2372879952331632,1.3880269527435305,0.0124419815838336,0.0120999189093709,0.0139360055327415,-0.1972751021385193,0.0149448383599519,0.0159276127815246,0.5832697749137878,347.3963317871094,0.0,0.0,1.0214630365371704,31,0.0223238561302423,false,13.93130588531494,14.60051155090332,13.126877784729004,50399.307649439856,19733.869165934808,44504.808642361226,15.469430923461914,3257.99365234375,28.72744369506836,686.9343872070312,40.384422302246094,1102.029052734375,1.2745944261550903,0.2202878893299032,0.2083942515428368,12.125,11.472,11.36,0.029,0.03,0.032,AAA,16.4,0.059,15.613,0.021,14.326,0.023,12.912,0.103,17.898783697352975,0.1152357301568427,18.600948251861684,0.1694137478865352,18.869110107421875,0.2366051524877548,1.0,4.064528443307149,3.636773723161784,17.49944305419922,0.0054040001705288,15.009082794189451,0.0017219999572262,13.921600341796877,0.0046219998039305,,,,,15.605,5,14.289,1,14.87,1,13.875,1,13.459,1
12.393755,-72.881355,00493450-7252528,12.39386661946539,-72.88137948382432,-0.0161302026782539,0.7224618494566035,-1.2428959469095224,1.4376165866851809,0.0127690862864255,0.0120953125879168,0.0136189265176653,-1.1843960285186768,0.0186636708676815,0.0157169327139854,-0.6931060552597046,279.2341003417969,0.0,0.0,0.9710351824760436,31,0.0263845864683389,false,13.801946640014648,14.53274154663086,12.974899291992188,56776.42482945566,21004.887899352012,51191.59578286934,26.62856674194336,2132.162353515625,37.37967300415039,561.9334106445312,62.33940887451172,821.175537109375,1.271592617034912,0.1475090708675748,0.0023153456135575,11.884,11.206,11.078,0.023,0.026,0.023,AAA,16.388,0.076,15.628,0.021,14.226,0.028,12.845,0.011,16.61198135200174,0.0844287541506247,16.699359956733232,0.0832958458906298,16.673942482115233,0.0983463597885604,1.0,4.146333436300365,3.6251440523880976,17.294017791748047,0.0052809999324381,14.922337532043455,0.0028180000372231,,,,,,,15.079,3,14.164,1,,,,,,
12.419711,-73.236916,00494073-7314128,12.419686113435224,-73.23694741875798,-0.0463710654476557,0.6843515205195368,-1.2461182964298012,1.4216707944869995,0.0157289300113916,0.0159681718796491,0.0166656449437141,-2.782434463500977,0.0200479906052351,0.0200929194688797,3.822695255279541,441.0032958984375,0.0461717285215854,0.8001532554626465,1.1490919589996338,31,0.0288936290889978,false,14.48625946044922,15.30459690093994,13.59617042541504,30230.348428045312,10317.58521491492,28886.16863449174,10.820716857910156,2793.747314453125,23.36884880065918,441.51019287109375,33.58338165283203,860.1328125,1.2968343496322632,0.1160215279306625,0.043281753153589,12.071,11.188,11.428,,,0.061,UUA,18.052,0.042,16.524,0.026,14.97,0.04,13.483,0.009,,,,,,,1.0,4.118477904012384,3.67251224078398,19.046483993530273,0.0095859998837113,15.931588172912598,0.0048810001462697,14.575051307678224,0.0043890001252293,16.02705192565918,1.1811009645462036,,,15.384,5,14.099,1,14.656,0,13.676,1,13.184,0
12.42137,-72.301399,00494112-7218050,12.421344148231196,-72.30143055956344,-0.0119362942361858,0.7026207613759123,-1.1834989637518207,1.376352310180664,0.0104649923741817,0.0107706170529127,0.0118006486445665,-1.011494755744934,0.0137268314138054,0.0141452839598059,-1.3258123397827148,297.2605285644531,0.0,0.0,0.9488546252250672,31,0.0211632717400789,false,13.522944450378418,14.260897636413574,12.696669578552246,73412.34921921497,26980.9808498335,66144.01111607328,20.09029960632324,3654.119140625,38.96660614013672,692.4129028320312,45.267242431640625,1461.1893310546875,1.268519401550293,0.1170843105300309,0.225504760417648,11.641,10.906,10.811,0.021,0.024,0.025,AAA,16.722,0.062,15.354,0.019,13.973,0.024,12.535,0.176,18.537918090820312,0.2060102373361587,,,,,1.0,4.2341088678060625,3.6184408712790006,17.45929527282715,0.0046190000139176,14.59498405456543,0.001587999984622,,,,,,,15.23,1,13.915,1,14.555,1,13.495,1,13.04,4
12.449533,-73.411659,00494788-7324419,12.449481762557143,-73.4116616206947,-0.0181287183886628,0.6487177488516569,-1.1695244084212295,1.3373937606811523,0.0136179570108652,0.0136624816805124,0.0143239265307784,-1.265625,0.0170128680765628,0.0175809226930141,0.6227135062217712,317.0340881347656,0.0,0.0,1.0239547491073608,31,0.0253252740949392,false,14.041007995605469,14.815640449523926,13.188787460327148,45555.7979010793,16186.792023026474,42038.10479541608,15.481877326965332,2942.524169921875,20.544857025146484,787.8756103515625,38.71343994140625,1085.8787841796875,1.2781007289886477,0.0534990660285299,0.4309047666280886,12.012,11.268,11.148,0.021,0.022,0.023,AAA,17.445,0.055,16.003,0.155,14.538,0.048,13.059,0.01,,,,,,,1.0,4.072388455838605,3.60928920229464,18.219562530517575,0.0061400001868605,15.19194221496582,0.0036959999706596,,,,,,,15.531,2,14.333,3,14.895,1,13.956,1,13.487,1
12.482258,-73.047455,00495574-7302508,12.482300988294387,-73.04745056697602,-0.0065768016659145,0.6063750064550034,-1.2221067790168527,1.36427104473114,0.0111981537193059,0.0105212870985269,0.0111288521438837,-0.5909685492515564,0.0154894227162003,0.0136725641787052,0.817192554473877,333.72509765625,0.0,0.0,1.0312808752059937,31,0.0229588449001312,false,13.200835227966309,13.979578971862791,12.348640441894531,98767.21088024564,34961.12406762385,91138.52846651294,53.018516540527344,1862.8814697265625,68.673828125,509.0894775390625,118.10143280029295,771.6970825195312,1.27673602104187,0.0478631635718947,0.3208684268020295,11.206,10.512,10.385,0.021,0.026,0.026,AAA,16.511,0.033,15.179,0.02,13.566,0.092,12.237,0.017,,,,,,,1.0,4.411687207298331,3.6209396090445782,17.430034637451172,0.0058100000023841,14.651689529418944,0.029883999377489,,,,,,,14.748,3,13.591,1,14.155,1,13.13,1,12.67,1
12.488276,-72.405502,00495718-7224198,12.48827114578357,-72.40551503595185,-0.0226111214413732,0.6265893128184046,-1.2881466140243736,1.4324579238891602,0.0126627404242753,0.0122501095756888,0.0137696396559476,-1.6420997381210327,0.0145072592422366,0.0155420517548918,-2.3522984981536865,402.1127014160156,0.0279462113976478,0.4350850284099579,0.9099494218826294,31,0.0216201245784759,false,13.912273406982422,13.940824508666992,13.845942497253418,51290.55806383181,36231.57943154421,22949.921980075076,20.452577590942383,2507.779541015625,25.287464141845703,1432.7882080078125,16.339914321899414,1404.5313720703125,1.1538479328155518,0.0472257819563597,0.4787947633080101,13.737,13.752,13.671,0.026,0.034,0.048,AAA,13.746,0.031,13.952,0.02,13.93,0.022,13.817,0.046,14.367626976849548,0.0524192950967608,14.664834454921449,0.0514845041977408,14.58565042599252,0.053796551703179,1.0,4.012076027196553,3.948666556078715,14.424962043762209,0.0025029999669641,14.007383346557615,0.0141120003536343,14.07763385772705,0.0076210000552237,,,,,13.961,1,13.912,1,13.86,1,14.031,1,14.248,1
12.498361,-73.07341,00495960-7304242,12.498379928767823,-73.07340423728328,-0.0104457390627832,0.5837749786310957,-1.1878620995646374,1.3235594034194946,0.0125198513269424,0.0118534984067082,0.0124462032690644,-0.8392711281776428,0.016919307410717,0.016502883285284,-2.71366810798645,263.62030029296875,0.0,2.2261601335124906E-15,0.8946443796157837,31,0.0255020316690206,false,13.684974670410156,13.919204711914062,13.288494110107422,63234.89178578741,36960.27363325179,38349.57913709584,16.009742736816406,3949.775634765625,30.64733123779297,1205.9866943359375,16.02977180480957,2392.39697265625,1.190954089164734,0.0287054490903282,0.5738645427629963,12.776,12.559,12.481,0.045,0.073,0.053,AAA,14.013,0.03,14.004,0.03,13.586,0.03,13.238,0.013,,,,,,,1.0,4.032998947967836,3.7893745031533688,15.01266098022461,0.0048250001855194,13.7230806350708,0.1194140017032623,,,,,,,14.028,2,13.649,2,13.764,1,13.52,1,13.46,1
12.501577,-72.983681,00500037-7259012,12.501546133573454,-72.98367343841244,-0.0088121343593451,0.608946472579185,-1.2401265411783162,1.3815678358078003,0.0122893340885639,0.0116563327610492,0.0125669799745082,-0.7012134194374084,0.0172771997749805,0.0157619845122098,-2.081475734710694,298.645751953125,0.0,2.1766470343389773E-15,0.9204134941101074,31,0.0252749267965555,false,13.753228187561035,13.939493179321287,13.429007530212402,59382.06532896075,36276.018950693055,33694.1965748687,18.53187561035156,3204.3203125,22.5618839263916,1607.8453369140625,20.44997787475586,1647.6397705078125,1.1783055067062378,0.0424083211572184,0.3127402444824372,13.019,12.816,12.838,0.03,0.037,0.034,AAA,14.217,0.031,14.164,0.018,13.796,0.031,13.396,0.012,15.767155612279192,0.0586771261450296,16.888604607973328,0.0951938314522136,16.665299848598426,0.0954304826902583,1.0,4.0438035169997395,3.834729481074751,14.9457368850708,0.0031979999039322,13.902088165283203,0.0084619997069239,13.867637634277344,0.0266420003026723,13.739469528198242,0.0341360010206699,,,14.121,1,13.807,0,13.89,1,13.781,1,13.757,1
12.549769,-73.354309,00501194-7321155,12.549750786240937,-73.35432903302711,0.0035052148521661,0.6241274203221174,-1.246164123891824,1.3937216997146606,0.0126243280246853,0.013404662720859,0.0139857493340969,0.2506276071071625,0.0156841333955526,0.0175300892442464,0.1657766848802566,457.0204772949219,0.0598195642232894,2.1070590019226074,1.005355954170227,31,0.0253523848950862,false,13.774022102355955,13.836938858032228,13.640148162841797,58255.61330767011,39869.5352621206,27739.513614736225,27.91512107849121,2086.8837890625,34.741783142089844,1147.5960693359375,19.826875686645508,1399.08642578125,1.160558581352234,0.0745246228188184,0.2472712192083254,13.452,13.367,13.386,0.026,0.032,0.04,AAA,13.809,0.032,13.923,0.03,13.767,0.118,13.62,0.043,14.799577030460618,0.0525349133626104,15.242628312442756,0.0562954271104929,15.057023816427428,0.0585066425121634,1.0,4.126076027196553,3.948666556078715,14.492793083190918,0.0050079999491572,13.826552391052246,0.0227470006793737,14.043787002563477,0.0577699989080429,14.022638320922852,0.0105750001966953,,,,,,,,,,,,
12.554437,-73.286179,00501306-7317102,12.5544024426029,-73.28617870870653,-0.0020235953800542,0.6057362937602992,-1.251781548544543,1.390637755393982,0.0115155726671218,0.0123959556221961,0.012707152403891,-0.1592485308647155,0.0143076600506901,0.0159272477030754,2.558107614517212,406.49169921875,0.0451273582875728,1.3944768905639648,1.099561095237732,31,0.0236183162778615,false,13.523275375366213,13.865315437316896,13.006673812866213,73389.95839349736,38841.03123313246,49715.13977653175,16.62441635131836,4414.58837890625,33.8354606628418,1147.9385986328125,37.301734924316406,1332.7835693359375,1.2066524028778076,0.0357936615685713,0.3629595552128303,12.41,12.059,12.002,0.023,0.026,0.027,AAA,14.599,0.03,14.264,0.028,13.675,0.083,12.927,0.01,16.220335186146347,0.0840374038019616,16.90757062527491,0.1392803506365108,17.337142689089607,0.1959887213113624,1.0,4.0934654266138155,3.7520200710996474,15.37319564819336,0.0055419998243451,14.064443588256836,0.0267099998891353,13.762431144714355,0.2109130024909973,,,,,14.11,2,13.588,1,13.794,1,13.482,1,13.325,1
12.56634,-73.169647,00501592-7310107,12.566281036783172,-73.16965349244471,0.0175501927242353,0.5583872210592307,-1.2629878070236114,1.380918025970459,0.0126260519027709,0.0121784256771206,0.0129655124619603,1.35360586643219,0.0160932820290327,0.0160165950655937,-0.6564072966575623,356.9848937988281,0.0,0.0,0.9736805558204652,31,0.0237304084002971,false,13.814433097839355,13.933006286621094,13.598212242126465,56127.206104507066,36493.39319045389,28831.902369632535,23.114652633666992,2428.208984375,29.20842933654785,1249.4130859375,17.564193725585938,1641.515869140625,1.16387939453125,0.065753965378211,0.7486839604088384,13.31,13.159,13.206,0.024,0.024,0.034,AAA,14.083,0.03,14.066,0.027,13.854,0.076,13.613,0.116,15.40725931681771,0.0582758221366622,16.102615193154595,0.0717917114965841,15.9315377824465,0.0767867893223139,1.0,4.064599105342164,3.896119943214341,14.700705528259276,0.0049789999611675,13.797359466552734,0.0361910015344619,13.944385528564451,0.0059239999391138,13.707475662231444,0.0299110002815723,13.891459465026855,0.0163829997181892,,,,,,,,,,
12.569629,-73.138657,00501671-7308191,12.56963106807962,-73.13866591858906,0.0450422066003354,0.611006584140979,-1.3145577413687204,1.449617624282837,0.0126591762527823,0.0123888785019516,0.0132662700489163,3.395242691040039,0.0158628318458795,0.0163211934268474,-1.5618280172348022,389.6811828613281,0.0,0.0,0.939925491809845,31,0.0234230607748031,false,13.846258163452148,13.913018226623535,13.71044921875,54505.91720191861,37171.45719712085,26000.316286657988,21.972558975219727,2480.6357421875,24.162866592407227,1538.3712158203125,15.870563507080078,1638.2730712890625,1.1589893102645874,0.0321794619692041,0.864132136251602,13.506,13.48,13.427,0.026,0.028,0.037,AAA,13.866,0.03,13.955,0.025,13.818,0.097,13.657,0.08,14.788886090398236,0.0528674915739698,15.176079956053073,0.0525629744030762,15.036536656532808,0.0562831372634408,1.0,4.058592620863271,3.9283892857504767,14.52705192565918,0.0064179999753832,13.474943161010742,0.0473060011863708,13.863762855529783,0.1929080039262771,13.951278686523438,0.1113170012831687,14.102285385131836,0.0208599995821714,13.966,3,13.88,2,13.869,1,13.94,1,14.181,1
12.575341,-72.455956,00501808-7227214,12.575334901815218,-72.455957763465,-0.0019743571860714,0.6667065047898928,-1.2650136635396043,1.4299499988555908,0.0131022911518812,0.0118910800665616,0.0141247622668743,-0.1397798508405685,0.0151271149516105,0.0155626153573393,-0.6519115567207336,308.90447998046875,0.0,0.0,0.9740538001060486,31,0.0223804898560047,false,13.91396427154541,14.688377380371094,13.06243896484375,51210.72051110034,18199.77727560136,47226.17366479535,16.125141143798828,3175.830810546875,21.621307373046875,841.751953125,45.63945388793945,1034.766357421875,1.277583122253418,0.0091703929742417,0.1510321794543288,11.899,11.175,11.049,0.021,0.022,0.025,AAA,17.446,0.058,15.912,0.019,14.409,0.033,12.864,0.165,,,,,,,1.0,4.122955235812861,3.6129872853659006,18.13692092895508,0.007594000082463,15.033830642700195,0.0018400000408291,,,,,,,,,,,,,,,,
12.588534,-73.102638,00502124-7306094,12.588560117423055,-73.10264749853887,-0.0037309911212613,0.6890124238799099,-1.2098499341021294,1.3922913074493408,0.0110167581588029,0.0106735723093152,0.0117060113698244,-0.3187243640422821,0.0136312581598758,0.0139886448159813,-0.1400966942310333,316.5271911621094,0.0,0.0,0.9935994148254396,31,0.0199243072420358,false,13.274578094482422,14.094612121582031,12.397820472717283,92281.67461109009,31446.48656809439,87102.38870717515,61.617576599121094,1497.65185546875,88.80883026123047,354.0918884277344,156.26173400878906,557.4134521484375,1.2846416234970093,0.0437735661173019,0.0750953479936583,11.214,10.476,10.366,0.021,0.022,0.025,AAA,16.759,0.034,15.365,0.029,13.588,0.06,12.263,0.016,18.30950927734375,0.2976155877113342,,,,,1.0,4.397741829032257,3.613524824796109,17.61758041381836,0.0084090000018477,14.507220268249512,0.0036700000055134,,,,,,,,,,,,,,,,
12.619976,-72.752563,00502879-7245092,12.619998758001238,-72.75256434186569,0.0033926718181676,0.7981409141945262,-1.297856668712604,1.5236340761184692,0.012253051623702,0.0117664253339171,0.0137416161596775,0.2468903064727783,0.0177158396691083,0.0157544519752264,1.6035939455032349,915.1651611328124,0.1098367646336555,14.48475742340088,1.0610318183898926,31,0.0252568367868661,false,11.771400451660156,12.193309783935549,11.142094612121582,368456.8996137269,181172.866447351,276898.40727509145,3490.88037109375,105.54841613769533,6730.2265625,26.919281005859375,5732.05078125,48.30704116821289,1.2432153224945068,0.0247674617327236,0.3742939344183209,10.334,9.963,9.878,0.021,0.021,0.025,AAA,12.703,0.01,12.314,0.0,11.686,0.0,11.127,0.079,14.63385145116281,0.0478851624081594,16.135772095618993,0.0679312052249581,16.716950172817864,0.1070090428260251,1.0,4.891712817796657,3.735289885799096,13.68884563446045,0.0037720000836998,,,,,,,,,13.302,5,12.299,1,12.741,1,12.001,1,11.718,1
12.620275,-73.120697,00502886-7307145,12.620339801624382,-73.12071350296719,0.0273682616439147,0.6614219470816183,-1.3225089147769271,1.4786847829818726,0.01593285985291,0.0153182931244373,0.0164020992815494,1.6685829162597656,0.0193581320345401,0.0197539869695901,4.033346176147461,605.9573974609375,0.1007661148905754,5.320751190185547,1.1602226495742798,31,0.0286212991923093,false,13.88593864440918,13.920065879821776,13.752055168151855,52549.84693402658,36930.9698574344,25022.818010532537,31.580642700195312,1663.9891357421875,48.13639831542969,767.215087890625,45.61732864379883,548.5375366210938,1.1789528131484983,0.0900988362105528,0.7089124126200883,13.573,13.542,13.5,0.026,0.032,0.046,AAA,13.756,0.03,13.992,0.117,13.803,0.077,13.506,0.115,14.460572359556195,0.0485960612567829,14.823165679404244,0.0492676459656293,14.674455029773364,0.0508061800101321,1.0,4.052188732673496,3.93742023633144,14.504192352294922,0.0043890001252293,13.74240493774414,0.0302450004965066,14.098644256591797,0.0968180000782013,13.922148704528809,0.030936000868678,14.094839096069336,0.0245210006833076,13.928,1,13.826,3,13.806,1,13.898,1,,
12.629437,-72.872421,00503106-7252207,12.629495132989993,-72.87241546634249,0.0229732209879855,0.7803524746445681,-1.3642695458831646,1.571681022644043,0.0121751958504319,0.0117511237040162,0.0129039138555526,1.780329704284668,0.0182429552078247,0.0166426450014114,0.5327029228210449,499.516357421875,0.0815367326140403,5.82002592086792,1.0205134153366089,31,0.0258562415838241,false,12.80746841430664,13.150962829589844,12.282986640930176,141892.54134875565,74994.92063543726,96819.6662957488,32.618675231933594,4350.0400390625,48.78293228149414,1537.31884765625,50.772342681884766,1906.9371337890625,1.2108782529830933,0.0647722176427054,1.2552337560373517,11.673,11.33,11.267,0.024,0.024,0.029,AAA,13.713,0.01,13.554,0.01,12.956,0.01,11.98,0.168,15.299722495964616,0.0531031518875728,,,,,1.0,4.389684269132411,3.752707294477425,14.596111297607422,0.0031419999431818,,,,,,,,,,,,,,,,,,
12.638301,-72.962532,00503319-7257451,12.638362572479974,-72.96253801389305,0.0056773757046303,0.5707247737014625,-1.248407160600598,1.3726788759231567,0.0105007486417889,0.0099197970703244,0.0107282074168324,0.5292007923126221,0.0146501185372471,0.0134079307317733,-2.7279815673828125,333.4857482910156,0.0,0.0,0.8967373967170715,31,0.0209354180842638,false,13.13498592376709,13.266609191894531,12.886550903320312,104942.70446942183,67417.58830400986,55531.29439488183,31.919471740722656,3287.733154296875,37.93446731567383,1777.2119140625,29.09046173095703,1908.9176025390625,1.1715810298919678,0.0684595000739711,0.5838334826308182,12.576,12.436,12.36,0.023,0.026,0.023,AAA,13.343,0.03,13.374,0.03,13.196,0.03,12.847,0.011,14.915697656751018,0.04963586433753,15.798077863363908,0.0600831727866194,15.645725366053572,0.0642562958602154,1.0,4.182103574487306,3.8178845107886,14.100136756896973,0.0033100000582635,13.21845817565918,0.0127680003643035,12.862606048583984,0.0987190008163452,,,,,13.429,3,13.28,1,,,,,,
12.669093,-72.834183,00504058-7250030,12.66910902377312,-72.83417648452068,0.0020628239791942,0.5627525527560515,-1.2463910900313335,1.3675457239151,0.0116569809615612,0.0114993248134851,0.0125171141698956,0.1648002862930297,0.0174373779445886,0.0163628756999969,-3.8623063564300537,260.4232177734375,0.0,0.0,0.8502951860427856,31,0.0253110602498054,false,13.603490829467772,13.731280326843262,13.36953830718994,68163.29229666822,43944.52918587036,35591.21469090179,31.420595169067383,2169.382568359375,33.33127975463867,1318.4171142578125,19.466777801513672,1828.305419921875,1.1668412685394287,0.0289832538871338,0.6364472365023439,13.079,13.027,12.906,0.03,0.053,0.044,AAA,13.735,0.031,13.842,0.058,13.594,0.057,13.323,0.011,15.008040995281927,0.0490788941965823,15.769298274907406,0.0592302900620597,15.602292521056537,0.0622959893877559,1.0,4.030083653800711,3.839264792239482,14.502447128295898,0.0032309999223798,,,,,,,,,13.871,2,13.668,1,13.705,1,13.676,1,13.762,1
12.694161,-72.241043,00504659-7214277,12.694199164986252,-72.24109587211996,-0.019442094121882,0.6612065244988354,-1.305560979118842,1.463449239730835,0.0122056938707828,0.0121084926649928,0.0133737362921237,-1.453751802444458,0.0156256705522537,0.0172262787818908,2.571942090988159,359.53851318359375,0.0,0.0,1.1041074991226196,31,0.0253622587770223,false,13.7176513671875,14.504448890686035,12.856427192687988,61360.1011129803,21559.439017278262,57093.59245996831,22.568538665771484,2718.83349609375,43.05348205566406,500.7594604492187,76.65357971191406,744.826171875,1.2818269729614258,0.1948983431842059,0.4999073673070669,11.692,10.998,10.802,0.022,0.024,0.019,AAA,17.236,0.059,15.793,0.033,14.238,0.036,11.694,0.27,18.607901527208004,0.2444075888640714,,,,,1.0,4.191690674532465,3.602840915735806,17.924400329589844,0.0059890002012252,14.90377712249756,0.0026970000471919,,,,,,,15.729,1,14.222,1,14.922,1,13.713,1,13.206,4
12.708537,-73.394318,00505004-7323395,12.70853179791614,-73.39433941106093,-0.0071240785132888,0.5860440142128691,-1.2522703573160685,1.382616639137268,0.0117364460602402,0.0121803963556885,0.013117698021233,-0.5430890917778015,0.0140468971803784,0.0156932901591062,-0.8333684802055359,325.8660888671875,0.0,0.0,0.9647709727287292,31,0.022379683330655,false,13.523778915405272,13.629984855651855,13.31740951538086,73355.91133605062,48241.74339287363,37341.71521983019,37.5128059387207,1955.4898681640625,36.632442474365234,1316.9130859375,24.01495361328125,1554.9359130859375,1.1666879653930664,0.0772654030865486,0.4889555421056366,13.041,12.915,12.864,0.023,0.026,0.027,AAA,13.804,0.04,13.725,0.055,13.543,0.255,13.262,0.016,14.887273029415535,0.0561863328949696,15.386966175010317,0.0615279837436379,15.227986236331333,0.0772370914761422,1.0,4.040064734330539,3.8369589476400567,14.425512313842772,0.0056929998099803,,,,,,,,,13.656,1,13.527,1,13.503,0,13.593,0,13.723,0
12.758097,-73.268562,00510194-7316068,12.758127188984814,-73.26858733576803,-0.0056765892919463,0.6357297640356381,-1.2073391804605345,1.3644853830337524,0.0131842400878667,0.0132337836548686,0.0143792023882269,-0.3947777450084686,0.0172061659395694,0.0175316669046878,0.3597505986690521,290.2965087890625,0.0,0.0,1.0137548446655271,31,0.024722684174776,false,13.875715255737305,14.646703720092772,13.03013038635254,53046.99049038212,18911.904246724513,48652.60925252042,23.95281982421875,2214.64501953125,40.65666198730469,465.1612548828125,59.86883544921875,812.6533203125,1.2736729383468628,0.0964258696998114,0.219627093582714,11.888,11.185,10.997,0.023,0.022,0.02,AAA,17.214,0.038,16.047,0.049,14.285,0.049,12.891,0.02,18.636062622070312,0.2963076829910278,,,,,1.0,4.113007548783864,3.6026073674051853,18.03878593444824,0.0168340001255273,15.02272891998291,0.0044590001925826,,,,,,,,,,,,,,,,
12.779685,-72.998734,00510712-7259554,12.779773052391477,-72.99875334616551,0.0221040300974241,0.5890028687907016,-1.2473279779378896,1.3794025182724,0.0132091455161571,0.0118586719036102,0.0129571538418531,1.7059326171875,0.0173855051398277,0.0158985778689384,-0.2782320380210876,323.3293762207031,0.0,0.0,0.9884639978408812,31,0.0253439713269472,false,13.773765563964844,14.546202659606934,12.926111221313477,58269.41157524485,20746.074493706452,53544.356513093975,37.06178283691406,1572.2236328125,54.13156509399414,383.2528076171875,105.23147583007812,508.8245239257813,1.2749472856521606,0.1159358834272371,0.4506125965807276,11.812,11.125,10.95,0.021,0.022,0.02,AAA,16.944,0.11,15.699,0.021,14.187,0.029,12.809,0.012,18.16174426641848,0.3054570270524322,18.582271575927734,0.2961311936378479,,,1.0,4.15313593154446,3.609809754604271,17.920766830444336,0.0050369999371469,15.134215354919434,0.0035540000535547,13.756017684936523,0.0277890004217624,,,,,,,,,,,,,,
12.788992,-72.809959,00510935-7248358,12.789009422943492,-72.80998769431994,0.0125739975438624,0.6569376888720984,-1.3132883297651046,1.4684323072433472,0.0137757277116179,0.0126042133197188,0.0141183882951736,0.8906114101409912,0.0209599938243627,0.0173563733696937,-2.3012523651123047,635.1494140625,0.0954203829169273,7.659285068511963,0.9092777967453004,31,0.0294299907982349,false,12.95914363861084,13.046464920043944,12.78376579284668,123392.63497515912,82571.65397731458,61045.27255618122,62.85829544067383,1963.0286865234375,77.32295989990234,1067.880126953125,45.46977233886719,1342.5462646484375,1.163901925086975,0.1049496222481839,0.6081551237964851,12.561,12.491,12.43,0.024,0.032,0.027,AAA,12.883,0.04,13.144,0.04,13.006,0.01,12.742,0.01,14.069840178272097,0.0453293372623882,14.619146438788135,0.0472983624195071,14.46814347187784,0.048874341285225,1.0,4.304396068674982,3.869273378335136,13.703767776489258,0.0049820002168416,,,,,,,,,13.131,1,12.994,0,13.005,1,13.063,1,13.176,1
12.799663,-72.471596,00511191-7228177,12.799662538653813,-72.47162508061231,-0.0500781025720206,0.7276637136399531,-1.3919676399287946,1.570690393447876,0.014693240635097,0.0141626354306936,0.0161266475915908,-3.10530161857605,0.0175224710255861,0.020365385338664,3.6375601291656494,1147.9649658203125,0.1439573764801025,23.920894622802734,1.1391929388046265,31,0.0282618850469589,false,12.53890323638916,12.610204696655272,12.386784553527832,181712.82395217425,123405.6525700114,87992.24239791273,54.743263244628906,3319.364013671875,66.96603393554688,1842.8096923828125,40.61359405517578,2166.5712890625,1.1633625030517578,0.1046913992924631,1.8388256776584824,12.182,12.126,12.058,0.023,0.024,0.021,AAA,12.493,0.01,12.674,0.01,12.596,0.01,12.275,0.12,13.803442341241446,0.0469515944467006,14.33385441772495,0.0476183491268971,14.246918669001213,0.0473824340579378,1.0,4.469975638605031,3.8755558533410617,13.239643096923828,0.0068490002304315,,,,,,,,,12.669,1,12.566,1,12.535,1,12.644,1,12.754,1
12.806897,-72.550446,00511365-7233016,12.806944091040291,-72.55045220095266,0.0013331946835218,0.6316477709554544,-1.2463677907697202,1.3972872495651243,0.0108797214925289,0.0103279622271656,0.0120457550510764,0.1106775552034378,0.0135348094627261,0.0141364242881536,2.1388964653015137,399.0616760253906,0.0214122347533702,0.3427956402301788,1.0802592039108276,31,0.0197377726435661,false,13.476688385009766,14.225804328918455,12.638867378234863,76607.49718377819,27867.3110848307,69760.79167247264,52.16041946411133,1468.690185546875,83.84290313720703,332.37530517578125,142.42344665527344,489.81256103515625,1.2743935585021973,0.0555211064636037,0.2131652851185366,11.545,10.886,10.734,0.023,0.024,0.023,AAA,16.867,0.153,15.449,0.02,13.924,0.022,12.476,0.176,18.1006346952248,0.1757460813556618,18.991662979125977,0.3254828453063965,,,1.0,4.280006557892355,3.6237380507802057,17.600370407104492,0.0074330000206828,14.61194896697998,0.0030499999411404,,,,,,,,,,,,,,,,
12.816462,-73.159111,00511595-7309327,12.816510893983844,-73.1591424779691,-0.0106613434417955,0.6074318117405018,-1.2616135867013205,1.4002293348312378,0.0124075477942824,0.0119915232062339,0.0131223173812031,-0.812458872795105,0.0149961840361356,0.0157381426542997,-3.27813458442688,352.27496337890625,0.0,0.0,0.876735270023346,31,0.0223548002541065,false,13.73385238647461,13.80043601989746,13.596929550170898,60451.34646747998,41232.77615459219,28865.996916317497,31.65720558166504,1909.5604248046875,32.871116638183594,1254.3770751953125,25.005828857421875,1154.3707275390625,1.1595898866653442,0.1242661575917411,0.3959980098743675,13.41,13.294,13.296,0.042,0.071,0.053,AAA,13.724,0.03,13.809,0.038,13.531,0.121,13.568,0.008,14.765629922481024,0.0517918124003849,15.177580994517015,0.0526088866095944,14.969624480815186,0.0556822229388081,1.0,4.000521139176632,3.885323359954103,14.443203926086426,0.0048890002071857,13.53512477874756,0.007829999551177,13.686158180236816,0.0147679997608065,14.016119956970217,0.0531149990856647,,,,,,,,,,,,
12.826005,-72.723526,00511824-7243246,12.826042108521108,-72.7235371980904,-0.0053871561063997,0.6903039916990816,-1.3257821629293025,1.4947301149368286,0.0113971969112753,0.010581980459392,0.0121307428926229,-0.4440912008285522,0.0163828060030937,0.015932498499751,-2.573434829711914,238.2492828369141,0.0,0.0,0.8969162702560425,31,0.025047754868865,false,13.387030601501465,14.131757736206056,12.547274589538574,83202.17037253988,30388.811587583717,75901.14066105138,39.840858459472656,2088.36279296875,55.47952651977539,547.7482299804688,93.12345123291016,815.0593872070312,1.2774901390075684,0.0565613305802869,0.6684432442535301,11.445,10.739,10.587,0.023,0.022,0.023,AAA,16.028,0.053,15.149,0.063,13.822,0.031,12.399,0.016,15.931837429051123,0.0633776305078824,15.847900449109616,0.0610968382001232,15.869596661296285,0.0696967268142362,1.0,4.301452631898259,3.610859089499546,16.869338989257812,0.0077700000256299,14.491220474243164,0.0034409998916089,,,,,,,15.216,5,13.837,1,14.491,1,13.392,1,12.94,1
12.833997,-73.136757,00512015-7308123,12.833995955137937,-73.13678854739312,-0.0049985024734964,0.5551286697170292,-1.2139861414102064,1.334889531135559,0.014705279842019,0.0138631099835038,0.0147608732804656,-0.3386318981647491,0.0190559159964323,0.0191725473850965,-0.2268792986869812,330.3114318847656,0.0,0.0,0.9904120564460754,31,0.0297921989113092,false,14.20432186126709,14.976930618286133,13.350351333618164,39193.850376710114,13952.264149779348,36225.76849048797,12.525314331054688,3129.1708984375,23.72537422180176,588.073486328125,33.87849426269531,1069.2850341796875,1.2802526950836182,0.113575857001951,0.6698153034573835,12.162,11.485,11.295,0.023,0.029,0.026,AAA,17.508,0.038,16.08,0.022,14.579,0.056,13.213,0.011,18.26916947626507,0.2620570645277825,17.96899617676351,0.1826005340453205,,,1.0,4.011282744658034,3.6085138833848216,18.323759078979492,0.0123560000211,15.456804275512695,0.0038000000640749,14.21892261505127,0.0039280001074075,,,,,,,,,,,,,,
12.857086,-72.763344,00512570-7245480,12.857171452856042,-72.76333887575436,-0.029293297161293,0.6831766859959563,-1.2567831793845974,1.4304665327072144,0.0129501884803175,0.0122311422601342,0.0138478837907314,-2.1153628826141357,0.0187330152839422,0.0178309492766857,-2.8720080852508545,255.60504150390625,0.0,0.0,0.8886758685112,31,0.0280461087822914,false,13.942498207092283,14.564245223999023,13.19183349609375,49882.4218739455,20404.167546925342,41920.323189755785,14.697001457214355,3394.054443359375,28.641101837158203,712.4086303710938,30.725719451904297,1364.33984375,1.2494279146194458,0.0930046040255441,0.0738119446364637,12.263,11.712,11.593,0.026,0.024,0.025,AAA,16.259,0.047,15.45,0.019,14.261,0.028,13.068,0.009,18.13721761740822,0.2902962838677794,,,,,1.0,4.035034274014999,3.664343371006369,17.25422477722168,0.0046330001205205,14.97228717803955,0.0033670000266283,13.801314353942873,0.0492310002446174,,,,,,,,,,,,,,
12.858666,-72.888458,00512607-7253184,12.85871518735688,-72.88845050079077,0.001704360106611,0.6134421769644685,-1.2503558260026462,1.3927314281463623,0.01051726937294,0.0106630651280283,0.0112357707694172,0.1516905277967453,0.0144188655540347,0.0141974333673715,-0.5738269686698914,338.19610595703125,0.0,0.0,0.97747802734375,31,0.0202610231935977,false,13.42870807647705,13.8727388381958,12.79262638092041,80068.82194579326,38576.3674019188,60549.08995745776,386.22357177734375,207.3121032714844,776.95263671875,49.65085983276367,673.51123046875,89.90064239501953,1.2380032539367676,0.05868028119204,0.3148367042254851,11.933,11.58,11.432,0.029,0.03,0.032,AAA,14.671,0.032,14.11,0.026,13.529,0.055,12.664,0.107,16.46530062891433,0.0820394549929216,17.969579826658013,0.2047235198530199,18.02990819314489,0.2465791334936764,1.0,4.226138459655386,3.719463397674171,15.261604309082031,0.0069200000725686,13.83705997467041,0.0068879998289048,13.308917999267578,0.0073480000719428,,,,,,,,,,,,,,
12.883954,-73.309235,00513214-7318332,12.883991715555158,-73.30925388262874,-0.0096646631580961,0.6541796865355651,-1.1905489170776364,1.3584394454956057,0.0142332939431071,0.0119906160980463,0.0141561459749937,-0.6827185153961182,0.0170249473303556,0.0157448165118694,1.6368165016174316,368.2742309570313,0.0055289338342845,0.0147151667624711,1.0626962184906006,31,0.0246171802282333,false,14.00252628326416,14.77264404296875,13.148736953735352,47199.36918927466,16840.664271732163,43617.76163752281,60.93268203735352,774.614990234375,79.35726165771484,212.21327209472656,145.4736328125,299.832763671875,1.2809159755706787,0.078368351069881,0.2455894971457971,12.015,11.369,11.185,0.023,0.021,0.026,AAA,17.172,0.04,16.032,0.023,14.448,0.05,13.003,0.029,18.181479591697645,0.2697352004526697,,,,,1.0,4.084508867806062,3.6184408712790006,18.052406311035156,0.0086780004203319,15.296563148498535,0.0050960001535713,13.896369934082031,0.0578560009598732,,,,,,,,,,,,,,
12.90685,-72.433243,00513764-7225596,12.906850181822728,-72.43324535935415,0.0406038048266778,0.756604441834644,-1.4415129199450856,1.628007888793945,0.0114336824044585,0.0113643798977136,0.0124145522713661,3.2706618309020996,0.0143548073247075,0.0166891254484653,4.181302070617676,637.0274658203125,0.0885452032089233,8.760354042053223,1.159969925880432,31,0.0242741852998733,false,12.520862579345703,13.365758895874023,11.628149032592772,184757.42292185497,61533.76533489457,176969.5369593971,347.65325927734375,531.441650390625,480.386474609375,128.0922088623047,826.4585571289062,214.1299591064453,1.2908997535705566,0.0084959721262555,3.20442391679256,10.451,9.737,9.569,0.023,0.024,0.023,AAA,16.203,0.06,14.664,0.01,13.026,0.01,11.513,0.047,17.559702198299142,0.1096963700298155,18.740984933333767,0.2144385459928112,,,1.0,4.690516826834151,3.604752553224549,17.127883911132812,0.0067969998344779,14.005678176879885,0.0134079996496438,,,,,,,14.76,2,13.087,1,13.855,1,12.541,1,11.994,1
12.911544,-72.972351,00513877-7258204,12.911597927992732,-72.97234395964435,0.0210041434472104,0.5809924230290462,-1.2330710469223831,1.363090753555298,0.0127542503178119,0.0117565505206584,0.0126622263342142,1.6588033437728882,0.0182782653719186,0.0175751578062772,0.7844746708869934,354.3091125488281,0.0,0.0,1.0289151668548584,31,0.0268731079995632,false,13.84875774383545,14.624062538146973,13.00074577331543,54380.53583862734,19310.42672165864,49987.332258448085,20.274791717529297,2682.1748046875,32.34944534301758,596.9322509765625,69.48336029052734,719.4144287109375,1.2743117809295654,0.0622447121519364,0.4745507484571798,11.845,11.145,10.97,0.022,0.025,0.023,AAA,17.195,0.083,15.812,0.029,14.286,0.032,12.876,0.016,,,,,,,1.0,4.135242381310022,3.606482004994043,18.05758476257324,0.0049080001190304,15.055192947387695,0.0032959999516606,,,,,,,,,,,,,,,,
12.9154,-73.232407,00513969-7313566,12.915416296188887,-73.23242197048049,-0.0182762047413021,0.6474281099258146,-1.211743127612426,1.373857498168945,0.0136561635881662,0.0121815437451004,0.0139481350779533,-1.3102973699569702,0.01697956956923,0.0162648484110832,-1.3365745544433594,308.6238098144531,0.0,0.0,0.9491932988166808,31,0.0246166549623012,false,14.10134220123291,14.885977745056152,13.237698554992676,43093.32341421014,15171.406137387508,40186.3660349834,12.10611057281494,3559.634033203125,26.950279235839844,562.9406127929688,40.3536262512207,995.8551635742188,1.2846020460128784,0.0564887395387219,0.1630261875853609,12.039,11.332,11.148,0.021,0.028,0.023,AAA,17.412,0.04,16.064,0.02,14.529,0.037,13.107,0.01,18.18809772710557,0.258498814488167,,,,,1.0,4.052607548783865,3.6026073674051853,18.39204788208008,0.009442999958992,15.428396224975586,0.0040609999559819,13.941070556640623,0.0249390006065368,,,,,,,,,,,,,,
12.921972,-72.933441,00514127-7256003,12.92200047588359,-72.93342695344029,-0.0405541073516273,0.7001396517875205,-1.2548400568193103,1.4369478225708008,0.0159012097865343,0.013746079057455,0.0150646148249506,-2.6920108795166016,0.0225775148719549,0.0205846242606639,0.0665646865963935,325.2312316894531,0.0,0.0,1.0015804767608645,31,0.0337982922792434,false,14.242813110351562,15.00278377532959,13.397217750549316,37828.70432659763,13623.966391928148,34695.321832517744,10.764286041259766,3514.279052734375,18.47710227966309,737.34326171875,35.723121643066406,971.2286987304688,1.2773181200027466,0.0588408086558329,0.038944795846075,12.22,11.531,11.394,0.025,0.027,0.03,AAA,17.513,0.093,16.071,0.028,14.631,0.029,13.277,0.014,,,,,,,1.0,4.004103225271926,3.61954873375945,18.36431312561035,0.0056460001505911,15.502795219421388,0.003472999902442,14.298903465270996,0.0030479999259114,,,,,,,,,,,,,,
12.941341,-72.59816,00514592-7235533,12.941292509565486,-72.59816474279812,-0.0023587802617421,0.6390114363108457,-1.2659951514011114,1.4181252717971802,0.0110650183632969,0.0107277138158679,0.0120461964979767,-0.1958112120628357,0.0141280088573694,0.0151656344532966,-0.8396334648132324,332.0340881347656,0.0,0.0,0.967104196548462,31,0.0213163588196039,false,13.526535034179688,13.710770606994627,13.203313827514648,73169.93802813935,44782.52247296434,41479.41555684227,26.72765731811523,2737.611328125,27.406524658203125,1634.009521484375,28.577342987060547,1451.4791259765625,1.1789259910583496,0.0549286268728894,0.258299859137227,12.697,12.574,12.359,,0.036,,UAU,14.01,0.031,13.942,0.021,13.614,0.035,13.136,0.009,15.527137477364713,0.0506982175252076,16.557818542385206,0.0684617550161802,16.448131293090007,0.0737552473793042,1.0,4.03079107734882,3.775424334652467,14.675949096679688,0.0034209999721497,13.739116668701172,0.0096039995551109,13.375066757202148,0.0163800008594989,,,,,,,,,,,,,,
12.999333,-72.766563,00515983-7245596,12.99938952515238,-72.76658123886118,-0.0169740870148153,0.772278650061573,-1.2623004183635744,1.4798029661178589,0.0125579377636313,0.0118828499689698,0.0133697036653757,-1.269593358039856,0.0177492946386337,0.0176560543477535,-2.2328648567199707,608.5548706054688,0.0941749364137649,8.359247207641602,0.9125818014144896,31,0.0264376644045114,false,12.829385757446287,12.919343948364258,12.637346267700195,139056.84117046572,92828.04274168084,69858.55591647554,44.23077774047851,3143.893310546875,55.21249008178711,1681.2869873046875,39.586456298828125,1764.70849609375,1.169928789138794,0.0891390398912461,0.0959140031272211,12.37,12.294,12.216,0.023,0.024,0.026,AAA,12.773,0.01,12.964,0.01,12.856,0.01,12.62,0.01,14.214904895693136,0.0456447257282389,14.808615629585235,0.0489505451919914,14.670485884814909,0.0500974078533924,1.0,4.340947376524715,3.851398163329677,13.628168106079102,0.0041669998317956,,,,,,,,,12.96,1,12.834,1,12.817,1,12.899,1,13.056,1
13.001509,-73.0895,00520036-7305222,13.001492856015451,-73.08953572152147,-0.0044228720724167,0.5707104357370918,-1.2112344964088744,1.3389545679092407,0.0115344580262899,0.010025062598288,0.0113538904115557,-0.3895468413829803,0.0149402841925621,0.0129925776273012,1.7642713785171509,423.7173767089844,0.0,0.0,1.064286708831787,31,0.02151988632977,false,13.538125038146973,14.086079597473145,12.834101676940918,72393.03024252474,31694.5891352909,58279.71883697017,578.2709350585938,125.18877410888672,980.1298217773438,32.337135314941406,1093.6973876953125,53.2868766784668,1.242858648300171,0.1297038952805479,0.5618219331781121,11.962,11.586,11.471,0.022,0.026,0.028,AAA,14.854,0.03,14.747,0.034,13.728,0.128,12.72,0.123,17.245747880122792,0.149819620664301,,,,,1.0,4.21991160973549,3.7229706554091737,16.486534118652344,0.0073279999196529,14.016465187072754,0.0084800003096461,,,,,,,14.677,3,13.715,1,14.151,1,13.387,1,,
13.033491,-72.280327,00520803-7216491,13.033454520363051,-72.28034400653866,4.903638460079E-4,0.7018636808896572,-1.274490310211028,1.454970121383667,0.0126390941441059,0.0112314810976386,0.0136752799153327,0.035857681185007,0.0147296926006674,0.0162946172058582,2.8177151679992676,390.9654235839844,0.0277673564851284,0.5253481268882751,1.1097792387008667,31,0.0231366381049156,false,13.553247451782228,14.363687515258787,12.675177574157717,71391.67622676285,24543.81351582886,67466.32713247379,25.021644592285156,2853.19677734375,48.8936882019043,501.9832763671875,63.776737213134766,1057.8516845703125,1.2888076305389404,0.0731161408837767,0.1257493982888198,11.505,10.764,10.614,0.023,0.024,0.023,AAA,17.275,0.267,15.566,0.024,14.065,0.024,12.34,0.151,17.884026107662997,0.1469217526884586,18.68877289765425,0.261661669141115,,,1.0,4.266207548783864,3.6026073674051853,17.842195510864258,0.0083149997517466,14.778704643249512,0.0027989998925477,,,,,,,,,,,,,,,,
13.038654,-72.99086,00520927-7259270,13.03870347353623,-72.99087238019328,-0.0602630940314905,0.6034940250070151,-1.215730064745035,1.3572783470153809,0.0119980880990624,0.010811329819262,0.012184327468276,-4.94595193862915,0.0161481294780969,0.0147442193701863,-1.7840690612792969,447.19683837890625,0.036023449152708,0.8401622772216797,0.9360510110855104,31,0.0232126805931329,false,13.72187042236328,13.781797409057615,13.569246292114258,61122.13842289559,41946.71908854499,29611.45826765108,22.40092658996582,2728.553955078125,37.43939208984375,1120.3900146484375,25.348175048828125,1168.18896484375,1.1707407236099243,0.0685621751841513,0.3461894233344809,13.344,13.304,13.248,0.028,0.036,0.044,AAA,13.672,0.11,13.827,0.035,13.674,0.036,13.57,0.012,14.817020679772046,0.0494301731392268,15.238970639478136,0.0528801555121778,15.153196190823286,0.0561536323415251,1.0,4.072137744595261,3.9055751302610986,14.473834991455078,0.0030990000814199,13.690441131591797,0.0419059991836547,14.217327117919922,0.0681020021438598,13.96100616455078,0.0127910003066062,,,13.808,2,13.717,1,13.642,2,14.394,86,13.854,7
13.048194,-73.329536,00521156-7319463,13.048237028148542,-73.32955302539192,0.016380235549934,0.6610949085327846,-1.305267965312182,1.46313738822937,0.0148864919319748,0.0125732496380805,0.0149643756449222,1.0946153402328491,0.0170883256942033,0.015934981405735,3.0299839973449707,745.1986694335938,0.1154566183686256,11.179442405700684,1.1195483207702637,31,0.0246372856199741,false,12.977533340454102,13.589226722717283,12.236306190490724,121320.23266645336,50087.12324183559,101073.16912934548,245.94532775878903,493.28131103515625,386.1977844238281,129.69293212890625,517.9456787109375,195.1424102783203,1.24596107006073,0.0757046669467501,0.4982107717657125,11.324,10.787,10.651,0.023,0.024,0.021,AAA,14.813,0.03,14.404,0.02,13.306,0.02,12.117,0.051,16.744491577148438,0.0883749276399612,,,,,1.0,4.409909306674881,3.6634484144978976,16.288148880004883,0.0061070001684129,13.751993179321287,0.0084210000932216,,,,,,,14.424,2,13.346,1,13.834,1,12.975,1,12.627,1
13.050167,-72.627411,00521204-7237386,13.050154098850475,-72.62744774084092,-0.0236447198902292,0.7049635915568291,-1.2708694988375675,1.453300714492798,0.0109901754185557,0.0107468096539378,0.0122670931741595,-1.9274916648864744,0.0149285700172185,0.0151756284758448,-1.5452908277511597,298.38275146484375,0.0,0.0,0.9410626888275146,31,0.02235315926373,false,13.530234336853027,14.247663497924805,12.711820602416992,72921.04448548853,27311.87358585578,65227.392876342885,46.076900482177734,1582.5943603515625,66.53892517089844,410.464599609375,109.96852111816406,593.1460571289062,1.2690337896347046,0.1329920048076465,0.1011986190136124,11.632,11.002,10.864,0.023,0.025,0.02,AAA,16.539,0.048,15.353,0.021,13.906,0.026,12.605,0.013,17.51847717810563,0.1240419998627873,17.95801178392887,0.1645316331603428,18.210833709534853,0.2105914615686976,1.0,4.260743247209931,3.635918549287531,17.394079208374023,0.0088569996878504,14.760528564453123,0.0096650002524256,,,,,,,,,,,,,,,,
13.051069,-72.727928,00521225-7243405,13.051136116367566,-72.72794385475964,-0.0100890866412568,0.7102532756327713,-1.2723578052669071,1.4571733474731443,0.0146971642971038,0.0132716065272688,0.0154372723773121,-0.6535537242889404,0.0209087375551462,0.0196952540427446,-1.351698637008667,258.11163330078125,0.0,0.0,0.943953812122345,31,0.0312256664037704,false,14.125847816467283,14.875059127807615,13.287487983703612,42131.57581332691,15324.743689882222,38385.13677280255,12.681039810180664,3322.406982421875,20.591615676879883,744.2224731445312,30.56570625305176,1255.8236083984375,1.2748130559921265,0.0916748090887354,0.1024133177967299,12.154,11.475,11.307,0.023,0.024,0.023,AAA,17.272,0.105,15.92,0.017,14.549,0.03,13.172,0.014,18.420314853021672,0.2599924987730328,,,,,1.0,4.022136382363594,3.613794345186224,17.995824813842773,0.0089509999379515,15.39111614227295,0.0045409998856484,13.726641654968262,0.0419760011136531,,,,,,,,,,,,,,
13.068365,-73.705978,00521640-7342215,13.068340797006032,-73.70599300921684,0.0039901339913711,0.569833293904354,-1.14897901102558,1.2825220823287964,0.0134380441159009,0.0122084971517324,0.0145864319056272,0.2735510766506195,0.0180818736553192,0.0158723480999469,-0.3862070143222809,319.57159423828125,0.0,0.0,0.9842262864112854,31,0.0251365154981613,false,14.152826309204102,14.928400993347168,13.29995059967041,41097.57138597355,14590.046610924972,37947.03029205237,13.328903198242188,3083.34228515625,22.85955810546875,638.2470703125,50.02323532104492,758.5880737304688,1.2783498764038086,0.0593059032974183,1.0148138977781402,12.159,11.389,11.297,0.021,0.024,0.025,AAA,17.383,0.06,16.062,0.049,14.574,0.037,12.886,0.104,18.948610305786133,0.2827605903148651,,,,,1.0,4.014335931544459,3.609809754604271,18.420574188232425,0.0114120002835989,15.31389045715332,0.0030600000172853,,,,,,,16.021,3,14.579,1,15.233,1,14.094,1,13.586,1
13.079881,-71.911369,00521917-7154409,13.079846201947465,-71.9113884201493,-0.0084780336675668,0.763585247978422,-1.23633511151997,1.4531300067901611,0.0144994333386421,0.0125055210664868,0.0143017591908574,-0.5927965641021729,0.0181347355246543,0.0173153337091207,1.0038673877716064,354.6657409667969,0.0,2.1895265938184525E-15,1.0379140377044678,31,0.0275536831468343,false,14.057740211486816,14.766486167907717,13.23461627960205,44859.12600053465,16936.451242229454,40300.60139871796,14.047341346740724,3193.424560546875,28.876489639282227,586.5134887695312,39.46260070800781,1021.2352905273438,1.2759288549423218,0.0800039978289291,0.0434204649286048,12.122,11.458,11.321,0.021,0.026,0.021,AAA,17.119,0.044,15.747,0.042,14.356,0.038,12.791,0.172,,,,,,,1.0,4.053033691071761,3.626553700223872,17.865745544433594,0.0042579998262226,15.190401077270508,0.0027079998981207,13.934048652648926,0.0144440000876784,13.43922996520996,0.0168910007923841,,,15.872,3,14.422,3,15.066,1,14.042,1,13.554,1
13.089044,-72.665497,00522137-7239557,13.089056501808836,-72.66554862276345,-0.0410505624007084,0.6820487596989757,-1.2250816377843006,1.402146816253662,0.0144910039380192,0.01337347086519,0.0154423620551824,-2.658308506011963,0.0202882420271635,0.0198833234608173,-0.6884491443634033,295.4859313964844,0.0,0.0,0.971878468990326,31,0.0311465971171855,false,14.195754051208496,14.951457977294922,13.341054916381836,39504.38036790426,14283.471483998754,36537.281587724625,12.959359169006348,3048.328125,38.41878890991211,371.7834777832031,44.884376525878906,814.0311889648438,1.2864587306976318,0.1863251158435746,0.0440673288056085,12.143,11.429,11.248,0.029,0.032,0.023,AAA,19.02,0.109,16.007,0.046,14.629,0.086,13.118,0.145,18.093,0.266,,,,,1.0,4.0099251454311915,3.6016862329857036,18.29751968383789,0.0065669999457895,15.453587532043455,0.0025579999200999,14.247518539428713,0.003313000081107,,,,,,,,,,,,,,
13.104091,-72.684158,00522498-7241029,13.104104020856632,-72.68421513172763,-0.0405965817674908,0.7610422331473372,-1.355062580386897,1.5541492700576782,0.0157354045659303,0.0143296970054507,0.0166159439831972,-2.443230628967285,0.0217589288949966,0.0206421073526144,-2.7094788551330566,847.7758178710938,0.1350567936897277,17.790660858154297,0.891801118850708,31,0.0328863598406314,false,12.681550979614258,12.708662033081056,12.592660903930664,159340.58505268465,112707.29699637405,72793.7121315156,92.67570495605467,1719.3349609375,188.2059631347656,598.850830078125,142.1431121826172,512.1156616210938,1.1641793251037598,0.206146884378641,1.0542215511620587,12.497,12.488,12.401,0.022,0.028,0.022,AAA,12.073,0.01,12.774,0.01,12.746,0.01,12.579,0.02,,,12.368318864728312,0.0435589172671325,12.12737534819196,0.0426596271940585,1.0,4.410937744595261,3.9055751302610986,13.091819763183594,0.0037380000576376,,,,,,,,,,,,,,,,,,
13.127266,-72.319092,00523054-7219087,13.127210862436478,-72.31912924371142,0.0080885816225623,0.6955706938456607,-1.2556705434946518,1.4354536533355713,0.0116183329373598,0.0113558666780591,0.0128712635487318,0.6284217238426208,0.0138785354793071,0.0156881958246231,-0.2547780871391296,366.7764892578125,0.0,0.0,0.990025520324707,31,0.0227100178599357,false,13.763165473937988,14.51403522491455,12.928427696228027,58841.05833875811,21369.91952325304,53430.238497248785,16.975427627563477,3466.2490234375,26.084972381591797,819.2425537109375,44.71342086791992,1194.9486083984375,1.2712239027023315,0.1470072953487819,0.048268038159226,11.81,11.086,10.956,0.021,0.022,0.021,AAA,16.849,0.07,15.606,0.019,14.253,0.027,12.775,0.367,17.75009766211879,0.1344525322940928,18.15671249620437,0.1632655659896802,18.423492303302503,0.2070761614301873,1.0,4.1569940277254585,3.6119185763327737,17.594545364379883,0.0088219996541738,14.975979804992676,0.0062899999320507,13.964757919311523,0.0790209993720054,13.577449798583984,0.056062001734972,,,,,,,,,,,,
13.1284,-73.220673,00523081-7313144,13.128477300117492,-73.22072166170909,-0.0355130625008611,0.6569715792948692,-1.314288199090792,1.46934175491333,0.0142847755923867,0.01203478500247,0.0142966955900192,-2.4840049743652344,0.0176355335861444,0.0146406637504696,5.058021545410156,850.465087890625,0.1133830174803733,13.973240852355955,1.2046935558319092,31,0.0249632112681865,false,12.395914077758787,12.56272315979004,12.087518692016602,207291.2601110593,128922.12756416637,115917.96003232924,65.17572021484375,3180.498291015625,110.4913558959961,1166.807373046875,53.87239837646485,2151.71337890625,1.181140422821045,0.1927241641263192,0.6247851937558946,11.684,11.547,11.437,0.023,0.026,0.023,AAA,12.693,0.02,12.744,0.01,12.476,0.01,12.03,0.014,14.400515741180476,0.0458231110204621,15.397799840379404,0.053510124727248,15.31595050116154,0.0580673970002777,1.0,4.509898477115851,3.8057383402293583,13.470829010009766,0.007133999839425,,,,,,,,,12.718,1,12.467,1,12.538,1,12.476,1,12.436,1
13.1457,-72.433815,00523496-7226017,13.145721131134051,-72.43386174256919,0.0136128931473127,0.7678645824025128,-1.4491965887021492,1.6400569677352903,0.0129743982106447,0.0129183428362011,0.014442685060203,0.9425458908081056,0.0167767126113176,0.0178802367299795,7.152794361114502,892.3836669921875,0.1194457933306694,14.151497840881348,1.2683300971984863,31,0.0257031377404928,false,12.847648620605469,13.630651473999023,11.991145133972168,136737.34427463467,48212.11509591429,126677.6627177079,130.77310180664062,1045.6075439453125,175.5106658935547,274.6961975097656,383.7210083007813,330.1296081542969,1.279019832611084,0.1698322868687449,3.4345463699971317,10.878,10.178,10.023,0.023,0.024,0.023,AAA,15.073,0.04,14.574,0.01,13.256,0.01,11.772,0.176,17.634,0.11,,,,,1.0,4.529406636024296,3.611652804809298,17.108104705810547,0.0071689998731017,14.131684303283691,0.0144819999113678,,,,,,,,,,,,,,,,
13.14854,-72.851479,00523564-7251053,13.148578348633285,-72.85147289384386,0.0294394186499603,0.7759663856875306,-1.2826605496218255,1.49911367893219,0.0097440481185913,0.0090500609949231,0.0103637324646115,2.8406190872192383,0.0128770554438233,0.0120883341878652,-0.1035404354333877,463.6438293457031,0.0434077568352222,1.960171818733215,0.9952032566070556,31,0.0179859194904565,false,12.652199745178224,13.454784393310549,11.788461685180664,163706.8371699434,56689.58185817487,152676.9428226055,145.6597442626953,1123.89892578125,191.36941528320312,296.23114013671875,333.9449157714844,457.1919860839844,1.2789113521575928,0.0462617868090236,0.2045793885003246,10.599,9.909,9.745,0.021,0.024,0.023,AAA,15.553,0.13,14.594,0.01,13.096,0.01,11.316,0.203,17.47738221930169,0.1624743961186542,,,,,1.0,4.641394027725458,3.6119185763327737,17.127914428710938,0.0058729997836053,13.955032348632812,0.0065640001557767,,,,,,,,,,,,,,,,
13.162501,-73.009697,00523900-7300349,13.16249214244855,-73.00972918724163,-0.0366233735573657,0.6077445748774282,-1.177998692112119,1.3255317211151123,0.0107852760702371,0.00952775683254,0.0107152294367551,-3.4178802967071533,0.0140707874670624,0.0122670577839016,-0.7326624393463135,415.0948791503906,0.0,0.0,0.9730344414711,31,0.0203183535486459,false,13.408809661865234,13.535937309265137,13.160626411437988,81549.81982180924,52606.8167755527,43142.72320906263,27.041730880737305,3015.70263671875,39.3171501159668,1338.011962890625,23.936748504638672,1802.363525390625,1.1741232872009275,0.1162480983444682,0.5145149989743477,12.859,12.682,12.644,0.023,0.026,0.026,AAA,13.603,0.01,13.644,0.01,13.426,0.01,13.13,0.007,15.116108299630316,0.051118309445754,15.953270041059016,0.0632815628603263,15.76051623446534,0.066026171716388,1.0,4.069906908143887,3.81831132413698,14.389671325683594,0.0029700000304728,,,,,13.529256820678713,0.0293669998645782,,,13.656,1,13.456,1,13.473,1,13.48,1,13.512,1
13.163567,-72.740128,00523925-7244244,13.16358145678991,-72.74016026722379,0.0130282783978965,0.7613555233000514,-1.2191282235922374,1.4373363256454468,0.0111352857202291,0.0100566884502768,0.0118277557194232,1.1015005111694336,0.0145605653524398,0.0133728981018066,-0.2236562818288803,315.78936767578125,0.0,0.0,0.9903798699378968,31,0.0204172488301992,false,13.362895965576172,14.129925727844238,12.511971473693848,85072.33652887224,30440.12715597758,78409.6931022471,43.48601913452149,1956.314697265625,57.4522705078125,529.8333129882812,98.52131652832033,795.865234375,1.2794972658157349,0.1171838877209029,0.0734903517021241,11.385,10.675,10.51,0.023,0.025,0.023,AAA,16.553,0.059,15.27,0.018,13.793,0.036,12.381,0.014,18.045083980413267,0.2076954143154649,,,,,1.0,4.319242381310022,3.606482004994043,17.461978912353516,0.0053940000943839,14.530104637145996,0.0032909999135881,,,,,,,15.114,4,13.808,1,14.39,1,13.308,1,12.814,1
13.1687,-72.745171,00524048-7244426,13.1687510847374,-72.74518890871506,-0.0189793704837858,0.7080818550765793,-1.2199988795697831,1.4105945825576782,0.0131219243630766,0.0114516234025359,0.0136646311730146,-1.3889412879943848,0.0177861712872982,0.0152329308912158,-0.6795684695243835,293.84649658203125,0.0,0.0,0.9722709059715272,31,0.0247409399598836,false,13.812596321105955,14.543445587158203,12.98599338531494,56222.265393757894,20798.825941938947,50671.141487854526,25.36771774291992,2216.291748046875,33.394588470458984,622.8202514648438,61.52712631225586,823.5577392578125,1.2712039947509766,0.0844528863136969,0.0254945313276094,11.858,11.164,10.999,0.025,0.027,0.038,AAA,16.472,0.047,15.581,0.017,14.229,0.03,12.857,0.015,16.655870917276285,0.0897226750981123,16.68908708340976,0.089437031774323,16.67417579013357,0.0984390228403154,1.0,4.135870943866776,3.6105957663102055,17.32362174987793,0.0049549997784197,14.881308555603027,0.0028979999478906,,,12.493229866027832,0.0595469996333122,,,,,,,,,,,,
13.169555,-72.756119,00524069-7245220,13.1695696269818,-72.75614056825482,-0.0794545034631224,0.6067048249409144,-1.359241553067299,1.4884986877441406,0.0155043425038456,0.0137666873633861,0.0161851942539215,-4.909085750579834,0.0212267953902483,0.0184743106365203,-1.5826998949050903,978.3262939453124,0.1396549642086029,20.47186279296875,0.9377564191818236,31,0.0294402278959751,false,12.57374095916748,12.606246948242188,12.490046501159668,175974.764627076,123856.29810439175,80009.17009952124,90.75749969482422,1938.95556640625,198.4165954589844,624.2235107421875,125.17727661132812,639.1668701171875,1.1584926843643188,0.0791992334591266,1.638053022742318,12.423,12.402,12.343,0.025,0.034,0.033,AAA,12.043,0.02,12.664,0.02,12.606,0.01,12.482,0.014,12.404795128988418,0.0439089501515203,12.591963673961173,0.0439899300754364,12.470393719411822,0.0429192322585686,1.0,4.4885170793449545,3.9269363739613423,13.025334358215332,0.0038360001053661,,,,,,,,,12.635,1,12.561,1,12.524,1,12.637,1,12.797,1
13.173921,-73.065315,00524174-7303551,13.174088398966196,-73.06534499071508,-0.0185383948839375,0.6986343609657557,-1.2619477750436712,1.4424293041229248,0.0137187270447611,0.0117158377543091,0.013573913834989,-1.3657368421554563,0.0182455200701951,0.0154576618224382,1.064435362815857,412.0291442871094,0.0,0.0,1.037347674369812,31,0.0265207290649414,false,14.152523040771484,14.892431259155272,13.257847785949709,41109.04339599677,15081.500734054433,39447.45897997335,18.581165313720703,2212.404052734375,87.7007827758789,171.9654083251953,164.3789825439453,239.97872924804688,1.326446771621704,0.2060821857493139,0.0666742976169366,12.05,11.344,11.191,0.023,0.026,0.025,AAA,17.702,0.052,16.082,0.032,14.631,0.098,13.176,0.009,18.849857330322266,0.3507113754749298,,,,,1.0,4.059070943866776,3.6105957663102055,18.432729721069336,0.010063000023365,15.445483207702637,0.00433100014925,14.229619979858398,0.0054770000278949,,,,,15.561,6,14.293,1,14.813,1,13.84,1,13.437,1
13.189993,-73.073402,00524559-7304242,13.190073350504504,-73.07342563958383,-0.0640170843972549,0.6903844985233973,-1.339360120770782,1.5068233013153076,0.0152922999113798,0.0132731478661298,0.0151233719661831,-4.232990264892578,0.0202637799084186,0.0169936716556549,2.170292615890503,1052.833740234375,0.1413341909646988,20.503971099853516,1.0782331228256226,31,0.0295567382127046,false,12.822574615478516,12.90060329437256,12.65354061126709,139931.9572552711,94444.28147660285,68824.29933280611,45.51759338378906,3074.239013671875,60.56977844238281,1559.26416015625,42.59693908691406,1615.7099609375,1.1667711734771729,0.1197289295298237,0.8731750680080976,12.416,12.365,12.326,0.032,0.04,0.041,AAA,12.803,0.04,12.964,0.04,12.826,0.04,12.636,0.007,14.105899264037106,0.0451291181404266,14.709907878562689,0.0475995631838528,14.557537493445585,0.049781078237215,1.0,4.460391878409282,3.913184553306025,13.598799705505373,0.0049789999611675,,,,,,,,,12.964,1,12.849,1,12.813,1,12.868,1,,
13.201415,-72.968979,00524833-7258083,13.201436034244797,-72.96898228938127,-0.0574802430110939,0.5710435055513277,-1.1735047895286286,1.3050686120986938,0.0128011889755725,0.0111264307051897,0.0127649875357747,-4.502961158752441,0.0170876365154981,0.0149059817194938,2.63631010055542,466.8330383300781,0.0,2.012235186419839E-15,1.0939003229141235,31,0.024532264098525,false,14.010520935058594,14.703468322753906,13.196561813354492,46853.11144045082,17948.563208444924,41738.18382298769,24.63474464416504,1901.9117431640625,43.219337463378906,415.29010009765625,53.92760467529297,773.9669799804688,1.2739120721817017,0.0251419069169601,0.7586068979795492,12.159,11.507,11.403,0.025,0.025,0.022,AAA,16.887,0.053,15.734,0.02,14.309,0.03,13.099,0.018,18.39756202697754,0.2994000613689422,,,,,1.0,4.053802521313445,3.639342546988535,17.842578887939453,0.0050409999676048,15.013850212097168,0.0025589999277144,,,,,,,,,,,,,,,,
13.211746,-72.775291,00525081-7246310,13.21178377848313,-72.77532290016929,-0.0047951583273988,0.6483695866161344,-1.263415807326736,1.420071363449097,0.0123521480709314,0.0110489856451749,0.0130423633381724,-0.3676602244377136,0.0164447743445634,0.0144748082384467,-1.3359720706939695,403.4915771484375,0.0532377362251281,1.920767068862915,0.9486244916915894,31,0.0229140743613243,false,13.494155883789062,13.573891639709473,13.332019805908203,75384.88520952417,50799.613690984654,36842.60066001453,32.291465759277344,2334.51416015625,39.86613845825195,1274.254638671875,24.630231857299805,1495.828369140625,1.162596583366394,0.121697505635469,0.2061703685648407,13.087,13.041,13.0,0.026,0.034,0.037,AAA,13.634,0.03,13.625,0.05,13.533,0.104,13.309,0.01,14.7382714844917,0.0483413401789973,15.227355764141809,0.0537007674951689,15.196764937450665,0.0550136078066658,1.0,4.200930121470743,3.917165542271724,14.27928352355957,0.0030739998910576,,,,,,,,,13.654,1,13.571,1,13.52,0,13.591,0,13.748,0
13.233808,-72.232277,00525611-7213561,13.233824686681562,-72.23226175022943,-0.013559140011831,0.7314889769310398,-1.260306685331559,1.457205891609192,0.0157129541039466,0.0151357511058449,0.0171823129057884,-0.789133608341217,0.0216274596750736,0.0214948635548353,-0.5986489057540894,485.7391052246094,0.1013574004173278,5.655810356140137,0.9751947522163392,95,0.0326382257044315,false,13.878061294555664,14.64374828338623,13.03424072265625,52932.466566433715,18963.46028317487,48468.75034276375,16.8957462310791,3132.88720703125,25.70058822631836,737.8609619140625,41.053104400634766,1180.635498046875,1.2739291191101074,0.0578788756573898,0.0401511080192429,11.887,11.2,11.032,0.023,0.021,0.023,AAA,17.139,0.041,15.84,0.033,14.354,0.029,11.765,0.223,18.557235939494287,0.2330160685935171,,,,,1.0,4.125806636024295,3.611652804809298,17.98670768737793,0.0067270002327859,14.981852531433104,0.0042170002125203,,,,,,,,,,,,,,,,
13.237359,-72.394661,00525696-7223407,13.237326108721868,-72.3946700204174,-0.0070197909467754,0.7344254496023616,-1.2209726423158092,1.4248350858688354,0.0120358522981405,0.0120640899986028,0.0134419556707143,-0.5222299098968506,0.0145376101136207,0.0161080509424209,-1.550220966339111,303.4430236816406,0.0,0.0,0.9413855671882628,31,0.0230572316795587,false,13.865614891052246,14.60731315612793,13.036110877990724,53542.7748540343,19610.631291518064,48385.36051477934,14.15767765045166,3781.8896484375,26.801944732666016,731.6868896484375,53.76451873779297,899.9496459960938,1.2699377536773682,0.0483440768692493,0.0276769649387147,11.925,11.199,11.075,0.023,0.025,0.025,AAA,17.19,0.063,15.746,0.125,14.312,0.026,12.807,0.156,18.08,0.14,,,,,1.0,4.112555235812855,3.6129872853659006,17.902721405029297,0.0114489998668432,15.073736190795898,0.007586000021547,14.031315803527832,0.1046399995684623,,,,,,,,,,,,,,
13.241423,-72.580956,00525794-7234514,13.241388990582651,-72.58097193320705,-0.0052662427993055,0.643947856212974,-1.2705934411979527,1.4244565963745115,0.0117768580093979,0.0110054286196827,0.0130256889387965,-0.4042966961860657,0.0147632276639342,0.0145184556022286,-2.0899763107299805,362.52386474609375,0.0,0.0,0.9232859015464784,31,0.0212780311703681,false,13.768723487854004,13.876429557800291,13.554234504699709,58540.60111917421,38445.466013767305,30023.718790200728,25.319984436035156,2312.031494140625,33.50591278076172,1147.42333984375,31.641616821289062,948.8680419921876,1.1696016788482666,0.0680694735346045,0.2639746424663846,13.285,13.172,13.16,0.026,0.03,0.033,AAA,14.091,0.031,13.995,0.025,13.778,0.026,13.537,0.041,15.246085351897197,0.0489036736876708,15.930594070249937,0.0555549340678989,15.748493933292696,0.0584040758601539,1.0,4.026718774885367,3.874631520472101,14.67100715637207,0.003794000018388,13.737613677978516,0.005909000057727,13.875006675720217,0.0046040001325309,,,,,,,,,,,,,,
13.245275,-73.139763,00525886-7308231,13.245345512391806,-73.13976928079367,-0.0191657893310509,0.7129500594854503,-1.235996715905886,1.426879644393921,0.0141651555895805,0.0122158490121364,0.0142695484682917,-1.3431251049041748,0.0167118888348341,0.0163452085107564,-1.0502153635025024,301.597900390625,0.0,0.0,0.9587834477424622,31,0.0243001040071249,false,14.030110359191896,14.729738235473633,13.19880199432373,46015.35171970505,17519.497722693828,41652.158880889976,10.098312377929688,4556.73681640625,52.98191833496094,330.66937255859375,37.27495193481445,1117.4302978515625,1.285911202430725,0.0770183865455265,0.0018377044480806,12.108,11.416,11.228,0.025,0.027,0.027,AAA,17.214,0.075,15.719,0.056,14.258,0.043,13.08,0.009,16.95573432031775,0.1111041546782948,16.844859213777266,0.0909304118262512,16.903833389282227,0.0932579189538955,1.0,4.028363824594105,3.605241636780754,17.998149871826172,0.0116729997098445,15.207876205444336,0.0033219999168068,14.024246215820312,0.0079500004649162,,,,,,,,,,,,,,
13.249078,-73.441971,00525977-7326310,13.249090929602966,-73.4419735624939,0.0083841346142569,0.7540293399774183,-1.2659931410376093,1.473532795906067,0.0103905200958251,0.0104412557557225,0.0114852283149957,0.7299928665161133,0.0125035298988223,0.0131879523396492,-1.594505786895752,330.9056396484375,0.0,0.0,0.9425420761108398,31,0.0187105219811201,false,13.545395851135254,14.3056001663208,12.706039428710938,71909.82249681097,25892.675190823287,65575.61968654572,32.358604431152344,2222.2783203125,45.30721664428711,571.4912109375,92.87168884277344,706.08837890625,1.2719861268997192,0.0161574745847112,0.0790316377188697,11.576,10.882,10.724,0.023,0.024,0.023,AAA,16.765,0.041,15.5,0.033,14.1,0.043,12.52,0.013,18.49270065362707,0.2991314371354455,,,,,1.0,4.251372448137522,3.6124518337183305,17.667186737060547,0.0054489998146891,14.70417022705078,0.0041240002028644,,,,,,,15.552,4,14.029,1,14.7,1,13.55,1,13.08,1
13.256099,-72.399757,00530146-7223591,13.25611090699804,-72.39978500656068,-0.0215048004964683,0.6970641396286551,-1.2797242501610626,1.4572551250457764,0.0096093174070119,0.0096477717161178,0.0109872324392199,-1.957253575325012,0.0127161191776394,0.0140484934672713,-1.2997126579284668,347.1570129394531,0.0,0.0,0.9533454775810242,31,0.0199303738772869,false,13.308382034301758,14.057684898376465,12.474047660827637,89452.76023525391,32534.421221964847,81196.84213820955,29.94054794311523,2987.679443359375,46.03394317626953,706.74853515625,70.20962524414062,1156.4915771484375,1.271411418914795,0.101653320239002,0.1679325858551446,11.346,10.643,10.514,0.024,0.024,0.025,AAA,16.493,0.055,15.133,0.133,13.743,0.029,12.289,0.199,17.271148066099673,0.0909708488428676,17.677844985376808,0.1091846881307846,17.697847366333008,0.1301649659872055,1.0,4.351310276301404,3.617888734270881,17.210248947143555,0.0109360003843903,14.408921241760254,0.0044419998303055,,,,,,,,,,,,,,,,
13.256905,-72.508492,00530165-7230305,13.25686056144343,-72.50850921899666,-0.0207020828786779,0.7517311920591823,-1.2507906620092026,1.459307074546814,0.0104648126289248,0.0108775477856397,0.0117414882406592,-1.7631566524505615,0.0128477662801742,0.0150825446471571,0.5893710255622864,350.60418701171875,0.0,0.0,1.021487832069397,31,0.0217278618365526,false,13.347708702087402,14.071695327758787,12.53115177154541,86270.72600132243,32117.290322299745,77036.63899414202,45.25542068481445,1906.3070068359375,74.02307891845703,433.8821105957031,108.4517822265625,710.3307495117188,1.2652487754821775,0.0784514073545296,0.0314048656639639,11.457,10.826,10.666,0.023,0.025,0.023,AAA,16.565,0.037,15.188,0.039,13.81,0.029,12.393,0.014,17.992310981970398,0.1705385038214527,18.96159172058105,0.2912939488887787,,,1.0,4.322743088354292,3.629381872753489,17.26378631591797,0.0101830000057816,14.403796195983888,0.0056259999983012,,,,,,,,,,,,,,,,
13.259931,-72.498817,00530238-7229557,13.259917151708583,-72.49881654271958,-0.0099968967577021,0.7603521753500179,-1.2599147223100762,1.4715707302093506,0.0115157887339591,0.0120855867862701,0.0128054711967706,-0.7806738615036011,0.0145970042794942,0.0171984862536191,0.0812601894140243,352.6143798828125,0.0,0.0,1.0021097660064695,31,0.0247265826910734,false,13.76443576812744,14.392078399658203,13.008536338806152,58772.274843007646,23910.33401412492,49629.94707371329,14.921648025512695,3938.725341796875,28.843957901000977,828.9547119140625,35.99159240722656,1378.931640625,1.2512750625610352,0.0150824324282318,0.0658487657623849,12.079,11.474,11.393,0.021,0.024,0.026,AAA,16.343,0.04,15.362,0.02,14.108,0.023,13.196,0.306,17.751428802968363,0.129997800934989,18.71080668281264,0.2365512580244556,,,1.0,4.104761805589364,3.659595858539724,17.16874122619629,0.0110750002786517,14.808589935302734,0.0053019998595118,13.616273880004885,0.0297459997236728,,,,,14.918,3,14.042,1,,,,,,
13.268429,-72.562134,00530442-7233436,13.268411283087936,-72.56214097963178,-0.0098063351505152,0.7000764006945094,-1.3286950129642283,1.5018446445465088,0.0113669345155358,0.0106927184388041,0.012500868178904,-0.7844523191452026,0.0145087828859686,0.0143092265352606,-0.3868882954120636,350.51190185546875,0.0,0.0,0.9850215911865234,31,0.0210179705172777,false,13.71868133544922,14.452587127685549,12.892253875732422,61301.9592752274,22614.23336693151,55240.36867982741,16.477344512939453,3720.378662109375,29.602245330810547,763.9364013671875,32.83165740966797,1682.53369140625,1.270018219947815,0.0315700497841979,0.6901380383594746,11.793,11.094,10.928,0.027,0.03,0.03,AAA,16.79,0.045,15.588,0.032,14.132,0.025,13.884,0.013,17.763350861882635,0.1619625358458328,18.001606717250358,0.1696391653837934,18.14072839299176,0.2149058499707169,1.0,4.159617731320127,3.609030011338384,17.584972381591797,0.0101539995521307,14.948436737060549,0.006965999957174,13.97355842590332,0.1029030010104179,,,,,,,,,,,,,,
13.279305,-72.171394,00530703-7210170,13.27932371957155,-72.17138823318422,-0.0123626772377504,0.7392643716609026,-1.2098558642431816,1.4178375005722046,0.0143342986702919,0.0134090147912502,0.0152078969404101,-0.8129116892814636,0.0185460057109594,0.0197723694145679,0.8027703166007996,318.3504638671875,0.0,0.0,1.031474232673645,31,0.0302978921681642,false,14.118782997131348,14.87126922607422,13.280086517333984,42406.622691271725,15378.327901914065,38647.707526583064,12.48518180847168,3396.556396484375,18.50095558166504,831.218017578125,23.336376190185547,1656.1143798828125,1.2739999294281006,0.0292697771479567,0.0721395112802645,12.147,11.422,11.266,0.023,0.028,0.023,AAA,17.693,0.041,16.026,0.031,14.563,0.041,12.901,0.258,18.77300098100712,0.3418094969030569,,,,,1.0,4.012438473079172,3.604996569477069,18.21014976501465,0.0071700001135468,15.211980819702148,0.0040090000256896,,,,,,,,,,,,,,,,
13.309965,-72.641273,00531439-7238285,13.30995984249049,-72.64130253277628,-0.0086865435711929,0.5964447188967931,-1.1880928301338889,1.3294024467468262,0.0137297483161091,0.0136203588917851,0.0151322828605771,-0.5740405321121216,0.0199621599167585,0.0194147117435932,-0.5268863439559937,281.45458984375,0.0,0.0,0.977619767189026,31,0.0312114972621202,false,13.909489631652832,14.651637077331545,13.06682014465332,51422.219230874754,18826.17316670302,47035.98703890285,20.153778076171875,2551.49267578125,31.3160400390625,601.1671142578125,49.1226806640625,957.520751953125,1.2808113098144531,0.1064622111384896,0.4969134865071928,11.916,11.241,11.043,0.023,0.025,0.023,AAA,16.8,0.053,15.781,0.025,14.25,0.033,12.93,0.011,16.973512798958403,0.1024774165152393,,,17.14172784388579,0.1495167623527301,1.0,4.107536021920098,3.606984788095195,17.751859664916992,0.0064630000852048,15.170940399169922,0.0031020001042634,13.960917472839355,0.0040009999647736,14.248477935791016,0.4143019914627075,,,,,,,,,,,,
13.315513,-72.367493,00531572-7222029,13.315532225011651,-72.36750389414395,-0.0374007448269286,0.8272701781484069,-1.4061659711329346,1.631465196609497,0.0148783810436725,0.0138176567852497,0.0168231129646301,-2.2231762409210205,0.0163298603147268,0.0198674108833074,2.8281283378601074,784.0167236328125,0.1182621270418167,14.679620742797852,1.109376072883606,31,0.0291597116738557,false,12.78302001953125,12.922762870788574,12.519885063171388,145123.87971588704,92536.22160998832,77840.22268773415,42.68684005737305,3399.7333984375,58.258426666259766,1588.3748779296875,39.81378555297851,1955.1072998046875,1.1740069389343262,0.0444705721283535,2.271338962224868,12.188,12.011,12.002,0.023,0.025,0.027,AAA,13.013,0.01,13.054,0.01,12.846,0.01,12.531,0.287,14.604217221784074,0.0447980643622009,15.45686706821302,0.0493028822848306,15.36977261857409,0.053082572449812,1.0,4.37008423086195,3.832043707413819,13.771110534667969,0.0103879999369382,,,,,,,,,,,,,,,,,,
13.316536,-73.259033,00531596-7315325,13.316559841543638,-73.25907561664208,-0.0145847705101877,0.7242450931163963,-1.371767118286905,1.551217555999756,0.0136403841897845,0.0118260132148861,0.0136352442204952,-1.069637656211853,0.0175177864730358,0.0151770515367388,0.7989146709442139,808.1605834960938,0.1155021861195564,13.120497703552246,1.0286779403686523,31,0.0251731723546981,false,12.812518119812012,12.926060676574709,12.586252212524414,141234.11573879953,92255.53833148743,73224.65571328561,52.4941291809082,2690.474609375,92.9022979736328,993.0382690429688,61.49146270751953,1190.81005859375,1.1716729402542114,0.1553991138371723,1.413318272144241,12.324,12.265,12.185,0.022,0.025,0.026,AAA,12.733,0.01,13.064,0.01,12.876,0.01,12.553,0.011,13.778000571381767,0.0443785020064116,14.448109214323996,0.0461122417925274,14.258336664064355,0.0473520666237114,1.0,4.384346391085037,3.8626025757024296,13.630054473876951,0.009014000184834,,,,,,,,,13.082,1,12.9,1,12.902,1,12.943,1,12.97,1
13.327935,-72.551033,00531870-7233037,13.32789249443148,-72.5510583608276,-0.0241922234577729,0.691978278946425,-1.248373524997023,1.4273297786712646,0.0114083755761384,0.0101166777312755,0.0120127666741609,-2.013875961303711,0.0148907760158181,0.0134238870814442,-2.0780346393585205,321.999755859375,0.0,0.0,0.9213433861732484,31,0.0207799281924963,false,13.503646850585938,13.647472381591797,13.234785079956056,74728.8094470874,47470.94306551955,40294.35038601284,19.61812400817871,3809.172119140625,32.006900787353516,1483.1470947265625,22.383769989013672,1800.1591796875,1.1744506359100342,0.1021804440981395,0.0347006459403663,12.893,12.684,12.7,0.023,0.028,0.034,AAA,13.925,0.09,13.816,0.025,13.565,0.043,13.181,0.008,15.28548516083604,0.0492779152192276,16.155738030132348,0.0615620036070355,15.93149075790918,0.0621704441780603,1.0,4.079872518480299,3.8284583391818905,14.534180641174316,0.0138280000537633,13.57790756225586,0.0174909997731447,,,,,,,,,,,,,,,,
13.329248,-71.703796,00531901-7142136,13.329155575779096,-71.70380129589023,-0.015698467189327,0.6908321589531286,-1.2119437438130034,1.3950114250183103,0.014538767747581,0.0149056790396571,0.0157740339636802,-0.9952093958854676,0.0204165279865264,0.0222445372492074,-0.2863662838935852,445.8977966308594,0.0862869545817375,4.663912773132324,0.986553966999054,95,0.0319112204015255,false,13.6439208984375,14.376171112060549,12.820101737976074,65671.70398414362,24263.22902841632,59036.08501836777,29.533206939697266,2223.65625,48.181434631347656,503.5804748535156,79.64268493652344,741.2618408203125,1.2684202194213867,0.1061785630662734,0.0638424713972892,11.747,11.071,10.914,0.023,0.024,0.021,AAA,17.084,0.041,15.556,0.024,14.109,0.082,11.524,0.244,,,,,,,1.0,4.190510793338582,3.61761314523221,17.587194442749023,0.0068379999138414,14.700785636901855,0.0029319999739527,,,,,,,15.57,5,14.125,2,14.81,2,13.655,3,13.194,3
13.33919,-72.287971,00532140-7217166,13.33921897861994,-72.28798380050155,0.0056908905864097,0.820492445139084,-1.4066178078869762,1.6284291744232178,0.0086468318477272,0.0094956178218126,0.0098564000800251,0.5773802399635315,0.0112725598737597,0.0138548044487833,-2.3114302158355713,476.74993896484375,0.0325356237590312,1.3851912021636963,0.91173255443573,31,0.0202108565717935,false,12.27484130859375,12.543538093566896,11.84227466583252,231744.8800082383,131220.50052027308,145294.269960028,52.620262145996094,4404.099609375,77.15289306640625,1700.7852783203125,64.5934829711914,2249.3642578125,1.1931860446929932,0.0559541370868055,2.2949388055176296,11.331,11.055,10.983,0.021,0.021,0.025,AAA,13.023,0.01,12.904,0.01,12.406,0.01,11.846,0.092,14.746298832512558,0.0455886799740518,16.194205438198797,0.0582933203186293,16.26007097385236,0.0658215455939704,1.0,4.569499819854714,3.772158795062264,13.765406608581545,0.0061730002053081,,,,,,,,,13.749,99,12.031,99,,,,,,
13.339863,-71.844383,00532156-7150397,13.339788649415151,-71.84439877049311,0.0090646920860919,0.6950338869631068,-1.2513933159050938,1.4314528703689575,0.0105504728853702,0.010640699416399,0.0119273196905851,0.7599940896034241,0.0130149219185113,0.0152386259287595,-0.3354038298130035,374.89794921875,0.0,0.0,0.9863598942756652,31,0.0214096363633871,false,13.56644344329834,13.702691078186035,13.323044776916504,70529.23862348284,45117.016464670305,37148.41779511013,21.95412826538086,3212.572998046875,29.68943214416504,1519.6322021484375,17.60149574279785,2110.526123046875,1.1664018630981443,0.1008927876141637,0.0369529026364538,12.956,12.859,12.784,0.024,0.026,0.029,AAA,13.894,0.037,13.842,0.029,13.804,0.25,13.109,0.25,,,,,,,1.0,4.080614186786154,3.839853691333308,14.515706062316896,0.0029470000881701,,,13.641118049621582,0.0190019998699426,13.62671947479248,0.0192959997802972,,,13.812,1,13.606,1,13.657,1,13.622,4,13.656,2
13.345563,-72.413216,00532293-7224475,13.34557408672522,-72.41324231379414,-0.0235600044330763,0.7729358182091706,-1.2997956475839094,1.51224946975708,0.0106572890654206,0.0104836095124483,0.0120430309325456,-1.956318497657776,0.0138471787795424,0.0146348886191844,1.4803621768951416,421.4085998535156,0.0,0.0,1.0526014566421509,31,0.020888203755021,false,13.606306076049805,14.287379264831545,12.80929470062256,67986.72695009985,26330.858507281377,59626.63644117792,28.307140350341797,2401.751953125,46.241119384765625,569.4251708984375,61.19313049316406,974.4008178710938,1.2643276453018188,0.0954941830926343,0.3322326249703929,11.714,11.061,10.885,0.021,0.024,0.021,AAA,15.818,0.058,15.24,0.02,14.024,0.029,12.649,0.17,15.498841265670194,0.0479156562500145,15.440399772092771,0.0470539767241109,15.310827125817072,0.0489058480615751,1.0,4.205307879992377,3.618717401295475,16.700780868530273,0.0130209997296333,14.598082542419434,0.0034310000482946,,,,,,,,,,,,,,,,
13.348422,-72.783722,00532362-7247013,13.348423663556694,-72.78373555287756,0.0211432011666699,0.8553286375252389,-1.3762569933819324,1.620392084121704,0.0124963717535138,0.0105694122612476,0.0125994486734271,1.678105354309082,0.0166423190385103,0.013642381876707,0.1391376107931137,585.3981323242188,0.0839127153158187,6.682943344116211,1.004314422607422,31,0.0230368822813034,false,12.914033889770508,13.634642601013184,12.084482192993164,128627.3075618843,48035.21827373055,116242.6322257377,97.5285415649414,1318.868408203125,128.56378173828125,373.6294860839844,239.84649658203125,484.654296875,1.2771615982055664,0.0488225473573595,1.734018499570823,10.945,10.253,10.12,0.023,0.024,0.023,AAA,14.863,0.02,14.584,0.01,13.376,0.01,11.966,0.021,14.21342009303982,0.0454975296882446,14.051371999535313,0.0462586052091644,14.076143302708337,0.0460425801895544,1.0,4.51450096099899,3.619826397713927,15.867289543151855,0.006523999851197,14.116373062133787,0.0047269999049603,12.90603733062744,0.0055990000255405,,,,,,,,,,,,,,
13.350006,-73.11042,00532400-7306375,13.350127138755036,-73.11042522948878,-0.0334693361440616,0.821591070063399,-1.3951987721435093,1.6191329956054688,0.0401779226958751,0.0322405882179737,0.0386337451636791,-0.8663238883018494,0.0523971058428287,0.041487019509077,12.741416931152344,836.021484375,0.3045591711997986,12.25527000427246,1.5149394273757937,31,0.0756540223956108,false,15.725799560546877,16.659290313720703,14.699336051940918,9652.21347998817,2962.79087046888,10457.403079921203,12.465812683105469,774.2947387695312,37.79175567626953,78.39781188964844,55.134971618652344,189.6691436767578,1.390374779701233,0.1280902280015955,1.8200883795502023,12.488,11.789,12.204,,,0.067,UUA,20.027,0.247,18.261,0.044,16.416,0.055,14.453,0.084,,,,,,,1.0,4.157086327454488,3.7929873773482505,20.543302536010746,0.017663000151515,17.3972110748291,0.0040679997764527,15.82797145843506,0.0027600000612437,15.189302444458008,0.0051489998586475,14.727703094482422,0.0164659991860389,,,,,,,,,,
13.358685,-72.489899,00532608-7229236,13.358676256747849,-72.489895142777,-0.0227409208115846,0.6799646705794815,-1.2633793951309766,1.43474018573761,0.0127585772424936,0.0117440875619649,0.0139778470620512,-1.6269258260726929,0.0157287176698446,0.0159435160458087,-2.033597469329834,349.0111083984375,0.0,0.0,0.92352956533432,31,0.0231237076222896,false,13.965288162231444,14.063779830932615,13.772902488708496,48846.25991903579,32352.283785514537,24546.92685071515,20.855846405029297,2342.089599609375,28.131553649902344,1150.035400390625,17.392175674438477,1411.3775634765625,1.1648632287979126,0.0168079194582646,0.1077840501740139,13.503,13.408,13.42,0.026,0.025,0.042,AAA,14.15,0.18,14.16,0.02,14.0,0.027,13.745,0.059,15.38821648076606,0.0469773521933217,16.056979950869685,0.0524103627398166,15.827046554228248,0.0541805141619577,1.0,4.04689519755811,3.922664365632065,14.823860168457031,0.011277999728918,14.24040412902832,0.0153769999742507,13.911744117736816,0.0316310003399848,14.078022956848145,0.0219780001789331,,,,,,,,,,,,
13.378453,-73.231285,00533082-7313526,13.378498692685458,-73.23130766967655,-1.089529150089548,1.679980915879682,-1.0047599096743938,1.957518458366394,0.2257917523384094,0.190312385559082,0.2235781699419021,-4.873146057128906,0.284449815750122,0.2395444959402084,226.05601501464844,102465.2265625,2.7055883407592773,3749.91162109375,16.89736557006836,31,0.4063620865345001,false,13.99415397644043,14.587392807006836,13.143386840820312,47564.7270196444,19973.76131543097,43833.2247177076,85.05879974365234,559.1981811523438,83.90589904785156,238.0495452880859,49.17752456665039,891.3263549804688,1.3414769172668457,0.0944064544444526,8.442078091093931,11.989,11.252,11.105,0.023,0.024,0.025,AAA,15.372,0.036,15.431,0.023,14.371,0.051,12.853,0.207,15.014106516681275,0.0479165462566365,14.87300696558534,0.0468873675362184,14.880575649465476,0.0503965994954166,1.0,4.074685095399882,3.604267760498752,16.454978942871094,0.0065290001221001,14.902756690979004,0.0033809999004006,,,,,,,,,,,,,,,,
13.378894,-72.532722,00533093-7231577,13.378893366609311,-72.53274752351751,-0.0088690204839636,0.7573242101441826,-1.3071972925125814,1.5107299089431765,0.0099972486495971,0.0094709387049078,0.0107118329033255,-0.8279647827148438,0.012736489996314,0.0122706526890397,1.2176302671432495,382.6492309570313,0.0,0.0,1.0449033975601196,31,0.0178971104323864,false,13.131168365478516,13.930337905883787,12.261832237243652,105312.41833297712,36583.202829678245,98724.56974443792,63.535423278808594,1657.53857421875,87.603515625,417.5997009277344,161.31443786621094,612.0008544921875,1.2848225831985474,0.0918872121041183,0.3862097734835987,11.089,10.364,10.203,0.02,0.022,0.023,AAA,16.676,0.057,15.184,0.02,13.677,0.035,12.214,0.062,17.048086594525472,0.0894036515707727,17.209532722190033,0.0947037222616511,17.33405493536114,0.1221393651324636,1.0,4.434069535733533,3.6037874349422143,17.297969818115234,0.0097510004416108,14.357160568237305,0.005725999828428,,,,,,,,,,,,,,,,
13.405291,-72.398819,00533726-7223557,13.405269464834996,-72.39884070445868,-0.0087616843345809,0.7727092645847996,-1.294831413480012,1.5078686475753784,0.0126099586486816,0.0120170628651976,0.014447727240622,-0.6064403057098389,0.0154342912137508,0.0160945076495409,-0.6744832396507263,680.9943237304688,0.0960104689002037,8.748700141906738,0.974234938621521,31,0.0231375657021999,false,12.983060836791992,13.118517875671388,12.733906745910645,120704.16261478978,77269.78367464762,63913.924812767655,40.754615783691406,2961.72998046875,50.88655853271485,1518.471435546875,28.544038772583008,2239.1337890625,1.1696672439575195,0.0815771225803596,0.2872496619094524,12.411,12.27,12.219,0.023,0.025,0.025,AAA,13.243,0.01,13.274,0.01,13.046,0.01,12.435,0.232,14.732356798823366,0.0439445034982801,15.632427006416538,0.0480477957547895,15.47777621768004,0.0501411413173978,1.0,4.273821725883706,3.8289587155170546,13.955156326293944,0.0104000000283122,,,,,,,,,,,,,,,,,,
13.407487,-72.422089,00533779-7225195,13.407518605791829,-72.4221225103609,0.0055818816762538,0.7454385903689433,-1.2841762108906214,1.4848525524139404,0.0120056373998522,0.0117748482152819,0.0136344321072101,0.4093959629535675,0.0157406982034444,0.0161805655807256,1.1670312881469729,415.2376708984375,0.0,0.0,1.0411577224731443,31,0.0234979782253503,false,14.028523445129396,14.719624519348145,13.227972984313965,46082.62177437152,17683.448871116114,40547.961667533425,10.305025100708008,4471.859375,19.289793014526367,916.7257080078124,29.255952835083008,1385.9730224609375,1.2636306285858154,0.1254356764152681,0.1719500589868451,12.179,11.478,11.351,0.023,0.027,0.025,AAA,16.554,0.047,15.659,0.219,14.462,0.025,13.129,0.155,16.99337114441428,0.0796612675459183,16.864799371387978,0.0701442528287484,16.964876017696028,0.0856489442838689,1.0,4.0197066405793365,3.6189942273435727,17.514522552490234,0.0103029999881982,15.008658409118652,0.0034819999709725,,,,,,,,,,,,,,,,
13.407679,-72.54425,00533784-7232393,13.40763336595525,-72.54429325761043,-0.0308385427884085,0.8099867101799121,-1.3969672860207554,1.6148052215576172,0.0112240118905901,0.0093138003721833,0.0112088341265916,-2.7512712478637695,0.0151429213583469,0.0126065406948328,-0.7776045799255371,507.6036376953125,0.0579881966114044,3.433431625366211,0.969404637813568,31,0.0214022547006607,false,12.66676425933838,12.876781463623049,12.290687561035156,161525.47025863323,96539.29734973457,96135.39508947587,42.837158203125,3770.68603515625,115.63975524902344,834.8279418945312,61.42609786987305,1565.057861328125,1.192844033241272,0.1633386216206127,2.0329160502889154,11.855,11.596,11.564,0.023,0.022,0.023,AAA,13.083,0.01,13.094,0.01,12.756,0.01,12.226,0.011,14.21834983810687,0.0439488788710773,,,14.479396519701467,0.0450625091061033,1.0,4.4046161687992775,3.790683081821299,13.951153755187988,0.0067810001783072,,,,,,,,,,,,,,,,,,
13.412949,-72.393631,00533910-7223370,13.41294505431558,-72.39365535370631,0.0024638470594569,0.7714928180513823,-1.3253758353517542,1.5335651636123655,0.0158907659351825,0.0153129529207944,0.0183246415108442,0.1344553977251052,0.0205773469060659,0.0210015941411256,0.5810710191726685,591.0517578125,0.1223721727728843,8.942209243774414,1.0211998224258425,95,0.0296228155493736,false,13.86463451385498,14.585334777832031,13.018409729003906,53591.12839088318,20011.649172569418,49180.64639221637,17.23665428161621,3109.137451171875,45.38294982910156,440.9508361816406,38.08549118041992,1291.3223876953125,1.2911146879196167,0.0877785564563261,0.6071153807895002,11.883,11.159,11.014,0.024,0.024,0.021,AAA,16.927,0.054,15.615,0.022,14.231,0.03,12.614,0.159,16.91115224812036,0.0762849768610368,16.550725071298338,0.0610480469894833,16.88168524065778,0.082103242516551,1.0,4.122156970907906,3.6080008752633743,17.868408203125,0.0121039999648928,15.095030784606934,0.0035359999164938,13.8221435546875,0.0225920006632804,,,,,,,,,,,,,,
13.415298,-72.535828,00533967-7232089,13.41526134118662,-72.53585986095806,0.0101627014195921,0.8068638939403889,-1.4177151287639354,1.6312404870986938,0.0112813636660575,0.0099407890811562,0.0117706218734383,0.8633954524993896,0.0151220336556434,0.0131747871637344,3.965375661849976,614.3555297851562,0.0775983035564422,6.219662666320801,1.1523410081863403,31,0.0209278929978609,false,12.619572639465332,13.35991668701172,11.781378746032717,168701.02130563342,61865.741538277674,153676.22238276515,127.34452056884766,1324.7607421875,168.14935302734375,367.92138671875,274.3874816894531,560.070068359375,1.2776565551757812,0.1213449308135863,2.5586765626042087,10.641,9.933,9.8,0.023,0.025,0.021,AAA,13.883,0.01,13.704,0.01,12.746,0.01,11.647,0.022,14.418629759588937,0.0440919911772785,14.334989453705584,0.0441219438667754,14.225706349939358,0.044878014382251,1.0,4.6297172044815,3.6154212043303047,15.733931541442873,0.0060189999639987,,,,,,,,,,,,,,,,,,
13.417728,-72.409355,00534025-7224336,13.417726027985967,-72.40938567564267,-0.0147247693515876,0.7517109115640375,-1.2330216413774029,1.444095492362976,0.0108713675290346,0.0120005495846271,0.0127104576677083,-1.158476710319519,0.0135977668687701,0.0149558028206229,-2.1314589977264404,296.1521301269531,0.0,0.0,0.919603705406189,31,0.0218479465693235,false,13.693280220031738,14.228671073913574,13.012962341308594,62753.043263519714,27793.83206286013,49428.045866289096,17.310300827026367,3625.18505859375,34.6514778137207,802.0965576171875,42.897254943847656,1152.24267578125,1.2305678129196167,0.1104531530813969,0.0251721418148163,12.21,11.733,11.629,0.024,0.028,0.027,AAA,15.743,0.048,15.035,0.018,13.989,0.029,12.882,0.198,17.595057252728022,0.1142948066365813,,,,,1.0,4.080907084690186,3.6921953863624264,16.555130004882812,0.0097049996256828,14.504449844360352,0.0036909999325871,13.631596565246582,0.020873999223113,12.85850429534912,0.0340339988470077,,,,,,,,,,,,
13.42474,-72.908089,00534193-7254291,13.424757227514297,-72.90808988198806,0.0449378980869442,0.6433104580214988,-1.226713389799046,1.385162115097046,0.0142550664022564,0.0127041898667812,0.0145760485902428,3.082995891571045,0.0177588686347007,0.0163612496107816,3.337188720703125,462.9039611816406,0.0668797865509986,2.23416519165039,1.1235418319702148,31,0.0252863876521587,false,14.084632873535156,14.77134132385254,13.26873016357422,43761.64528857483,16860.8786901253,39054.07141293125,17.002912521362305,2573.7734375,27.98867416381836,602.4179077148438,29.922454833984375,1305.176025390625,1.2777159214019775,0.0185022123005296,0.1480966034695143,12.208,11.568,11.422,0.025,0.025,0.025,AAA,16.921,0.061,15.795,0.024,14.48,0.038,13.151,0.013,18.271236325763148,0.2946746538476211,,,,,1.0,4.024147790555068,3.630799581142971,17.82805824279785,0.0049749999307096,15.221713066101074,0.0026420000940561,14.0663423538208,0.0034179999493062,,,13.28785514831543,0.0185880009084939,,,,,,,,,,
13.427622,-72.287094,00534262-7217135,13.427701725074732,-72.28712604772882,0.0171620739447084,0.785238001905882,-1.359052142480668,1.5695927143096924,0.0117193749174475,0.0121497130021452,0.0132683180272579,1.2934626340866089,0.0152997625991702,0.0163623783737421,5.097211837768555,908.76318359375,0.1040955558419227,13.932599067687988,1.1962732076644895,31,0.0246893782168626,false,12.050870895385742,12.49631690979004,11.411953926086426,284838.40506078943,137053.5467604732,215961.69755627657,1900.252197265625,149.89505004882812,4364.646484375,31.400835037231445,2735.81201171875,78.93878936767578,1.2393527030944824,0.1446921234007238,1.1657878675802706,10.685,10.369,10.28,0.023,0.028,0.021,AAA,12.743,0.01,12.534,0.0,11.946,0.0,11.441,0.127,15.321753907152443,0.0520818815159988,16.71086226440845,0.0722738021575773,17.302231009334818,0.1115765522467667,1.0,4.785595691695746,3.753050528014179,14.572796821594238,0.0057330001145601,,,,,,,,,,,,,,,,,,
13.433085,-72.089363,00534394-7205217,13.43313161167953,-72.08935108302228,-0.0063170138694102,0.6218094160605685,-1.2592671653399292,1.4044218063354492,0.0107566434890031,0.0102969482541084,0.0114567708224058,-0.5513781905174255,0.0133265191689133,0.0140573102980852,-3.4596376419067383,346.89208984375,0.006668162997812,0.0365465618669986,0.8647944331169128,31,0.0204563029110431,false,13.1924467086792,13.269630432128906,13.038589477539062,99533.24807472496,67230.23846403597,48275.0350340471,49.88970184326172,1995.0660400390625,48.06846618652344,1398.635009765625,24.798555374145508,1946.6873779296875,1.1604692935943604,0.067108525622839,0.3063101653181741,12.808,12.697,12.663,0.029,0.042,0.042,AAA,13.193,0.01,13.334,0.01,13.216,0.01,12.181,0.189,14.609030885389792,0.0474847354923854,15.146353659678269,0.0537440172358675,15.011928880710132,0.0524123738045414,1.0,4.180329131382925,3.857928053007402,13.88827419281006,0.004052999895066,,,,,,,,,13.304,1,13.205,0,,,,,13.332,1
13.440647,-72.894165,00534575-7253389,13.44070872580246,-72.89417396369485,0.0230982040988548,0.8137790086999742,-1.3462843851711923,1.573123574256897,0.0109348138794302,0.0099851125851273,0.0114031946286559,2.025590658187866,0.0139776160940527,0.0127362115308642,5.688342094421387,766.92919921875,0.0871592611074447,8.983623504638672,1.2078933715820312,31,0.0196528397500515,false,12.5078706741333,13.32221508026123,11.639355659484863,186981.4254663947,64051.71048281751,175152.38379386964,356.0543212890625,525.1486206054688,463.5436096191406,138.1783905029297,881.2857666015625,198.7464141845703,1.2792932987213137,0.0728929998937736,1.023471376321535,10.434,9.82,9.619,0.022,0.025,0.023,AAA,15.683,0.05,14.564,0.03,12.996,0.01,11.469,0.049,17.269000846983968,0.1335315774095687,18.252207457631737,0.2527428534384409,,,1.0,4.722848177942705,3.6226162954782497,17.02042007446289,0.0053099999204277,14.024670600891112,0.0069260001182556,,,,,,,,,,,,,,,,
13.442446,-72.531502,00534618-7231534,13.442419789508854,-72.53153095456234,-0.0127493694455119,0.6972852573215232,-1.264518941534836,1.444027304649353,0.0128148552030324,0.0109824985265731,0.0130619425326585,-0.9760699272155762,0.0170725975185632,0.0148908542469143,-2.633831262588501,256.6820068359375,0.0,0.0,0.8982757329940796,31,0.023909555748105,false,13.799894332885742,14.547462463378906,12.96743106842041,56883.835286262365,20722.011796237508,51544.92769664229,14.109670639038086,4031.549560546875,22.88699531555176,905.405517578125,53.216453552246094,968.5900268554688,1.2704302072525024,0.1080162261745918,0.0798795655267406,11.851,11.104,10.969,0.023,0.024,0.025,AAA,17.135,0.058,15.7,0.204,14.244,0.046,12.835,0.01,18.382354480221142,0.234321429182142,18.85703890749473,0.2636129327464624,,,1.0,4.130516826834135,3.604752553224549,17.941423416137695,0.0100060002878308,14.905431747436523,0.0040939999744296,,,,,,,,,,,,,,,,
13.446713,-73.248802,00534721-7314556,13.446758313115051,-73.24885046243911,-0.0180199193997738,0.7016682832596766,-1.2082686144429324,1.3972299098968506,0.0122711965814232,0.0098959365859627,0.011833906173706,-1.522736430168152,0.0144038861617445,0.0121697280555963,-2.4958693981170654,304.8497009277344,0.0,0.0,0.9074172377586364,31,0.0207515191286802,false,13.590105056762695,13.7824125289917,13.263737678527832,69008.85415282697,41922.94016286425,39234.05272262888,18.493106842041016,3731.5986328125,29.472702026367188,1422.432861328125,18.749826431274418,2092.502197265625,1.1760374307632446,0.1806888217558556,0.0699354548692382,12.861,12.676,12.61,0.022,0.028,0.035,AAA,14.057,0.031,14.029,0.025,13.657,0.132,13.205,0.01,15.571357033448413,0.0548141845926003,16.718725608251063,0.0817466970185021,16.51851613851685,0.0833384469908303,1.0,4.03558906704271,3.804292208702699,14.85294246673584,0.0057819997891783,,,13.769586563110352,0.0475380010902881,,,,,14.029,1,13.697,1,13.774,1,13.666,1,13.608,1
13.470145,-71.632614,00535283-7137574,13.47011538077749,-71.63262428680954,0.0105012501182313,0.795825937495249,-1.2083889272449546,1.4469079971313477,0.0105406939983367,0.0106554068624973,0.0117255728691816,0.8955852389335632,0.0136491591110825,0.0155179677531123,-0.0387285128235816,298.9399719238281,0.0,0.0,0.9973645210266112,31,0.0217571016401052,false,13.32013988494873,14.031347274780272,12.510972023010254,88489.34268982988,33333.26814128016,78481.89627568258,29.813405990600582,2968.105712890625,33.97272872924805,981.17724609375,79.11079406738281,992.0504150390624,1.2636003494262695,0.050003534958566,0.2258476312359484,11.476,10.842,10.715,0.024,0.025,0.023,AAA,16.167,0.036,15.145,0.076,13.701,0.074,12.277,0.142,,,,,,,1.0,4.325420841234864,3.63791480486944,17.092987060546875,0.0076629999093711,,,,,,,,,15.101,6,13.713,2,14.382,3,13.295,2,12.842,0
13.477901,-72.437256,00535469-7226141,13.477932895600784,-72.43730379859805,-0.014063135582355,0.724317426812235,-1.3180665524218718,1.503973126411438,0.0138536263257265,0.0141637753695249,0.0158015415072441,-0.8899850249290466,0.0183729752898216,0.018737182021141,-1.8035967350006104,507.6343078613281,0.0771194100379943,2.874566078186035,0.9338241815567015,95,0.0274649709463119,false,14.173009872436523,14.924196243286133,13.332913398742676,40340.64341565493,14646.652397681542,36812.30578484994,11.691957473754885,3450.289794921875,24.2618350982666,603.6910400390625,26.81764030456543,1372.68994140625,1.2756106853485107,0.1755285834969093,0.5035538938563654,12.187,11.483,11.323,0.021,0.025,0.023,AAA,17.621,0.093,16.066,0.02,14.668,0.058,13.058,0.146,,,,,,,1.0,4.0023884558386165,3.609289202294641,18.406719207763672,0.0113049997016787,15.411826133728027,0.011218000203371,14.377344131469728,0.2153110057115554,,,,,,,,,,,,,,
13.485679,-72.911011,00535656-7254396,13.485710798355642,-72.91100895808896,-0.0474012006635202,0.8100729452969208,-1.2191080544814437,1.463708519935608,0.0111850192770361,0.0100831734016537,0.0118300942704081,-4.006832122802734,0.0140247792005538,0.0134623171761631,4.450490474700928,499.9165344238281,0.0456573814153671,1.6926754713058472,1.1636874675750732,31,0.0200163666158914,false,13.37962818145752,14.151735305786133,12.52274227142334,83771.35714107158,29834.78486324697,77635.64399959905,30.19689559936523,2774.171142578125,32.195709228515625,926.6696166992188,65.7280502319336,1181.16455078125,1.2829018831253052,0.0344327714909923,0.2363862705704844,11.388,10.652,10.492,0.022,0.024,0.023,AAA,16.756,0.05,15.321,0.021,13.809,0.074,12.375,0.015,17.993,0.18,,,,,1.0,4.31166771291256,3.601459340407672,17.61039924621582,0.0052559999749064,14.711180686950684,0.0030189999379217,13.11080265045166,0.0321930013597011,,,,,,,,,,,,,,
13.495741,-72.362373,00535897-7221445,13.49576501138172,-72.36240868968983,-0.0194821978058294,0.7472505795122881,-1.262729100573189,1.4672656059265137,0.0121157262474298,0.0119481272995471,0.0140037853270769,-1.391209363937378,0.0149474088102579,0.0161695778369903,-0.5363986492156982,338.8482666015625,0.0,0.0,0.9792762398719788,31,0.0231376159936189,false,13.904017448425291,14.63852882385254,13.0768461227417,51682.032942286365,19054.85013755032,46603.640597578225,13.449139595031738,3842.776123046875,22.71335792541504,838.9270629882812,49.231197357177734,946.6282348632812,1.270431637763977,0.1311252518015,0.0585435164264611,11.962,11.238,11.09,0.024,0.025,0.021,AAA,16.826,0.066,15.75,0.029,14.362,0.027,12.955,0.094,17.635563364368227,0.1246866130614278,18.15386591875766,0.1732496380774439,18.075230892327625,0.1941879548493512,1.0,4.089487197158831,3.607237523040355,17.827375411987305,0.01067900005728,14.985726356506348,0.0034610000438988,,,,,,,,,,,,,,,,
13.495896,-72.262009,00535901-7215432,13.495939478770568,-72.26204186985227,-0.0448291635606929,0.7217552916135781,-1.2094668792587775,1.408453345298767,0.0110615724697709,0.011042664758861,0.0124137038365006,-3.6112639904022217,0.0149454874917864,0.0156373213976621,1.0930726528167725,407.802734375,0.024200165644288,0.4095184206962585,1.040294170379639,31,0.0232020430266857,false,13.583606719970703,13.743234634399414,13.28818130493164,69423.12034924664,43463.32865694471,38360.617830847244,20.31795310974121,3416.83642578125,29.68971824645996,1463.9185791015625,17.678335189819336,2169.922607421875,1.1786267757415771,0.1275790016487943,0.0613336234186764,12.929,12.736,12.676,0.023,0.026,0.026,AAA,13.945,0.031,13.92,0.121,13.694,0.122,12.942,0.165,15.40237171465106,0.0521084391444563,16.34218154413767,0.0649454204039552,16.122496063575692,0.0643088550544506,1.0,4.006649587448446,3.8035770008546295,14.633728981018066,0.0070580001920461,13.741801261901855,0.0244270004332065,,,,,,,,,,,,,,,,
13.507475,-72.317116,00540179-7219016,13.507451033359295,-72.31714338869682,8.214075783882E-4,0.7280721678258288,-1.2822529908049487,1.4745378494262695,0.0115806143730878,0.0115086082369089,0.0127671109512448,0.064337782561779,0.0148361530154943,0.0160043332725763,-0.1511347144842147,334.8976745605469,0.0,0.0,0.993331789970398,31,0.0239958576858043,false,13.749507904052734,14.444391250610352,12.94907283782959,59585.914509343165,22785.596627814102,52423.85238578862,15.37982177734375,3874.29150390625,23.995840072631836,949.564453125,50.08058166503906,1046.7900390625,1.2622017860412598,0.1020227907799129,0.1551298596664283,11.922,11.268,11.114,0.021,0.022,0.021,AAA,16.554,0.065,15.446,0.155,14.148,0.035,11.641,0.16,18.229456519089663,0.1992385891569051,,,,,1.0,4.130365698916996,3.624581181019195,17.430280685424805,0.0091429995372891,14.946176528930664,0.0079439999535679,13.59141731262207,0.134100005030632,,,,,,,,,,,,,,
13.511337,-73.25885,00540272-7315318,13.511336682417928,-73.25889620023972,-0.0236992372523017,0.8050104228558996,-1.297227096472525,1.5267088413238523,0.0156039968132972,0.0128140784800052,0.0151950819417834,-1.559664964675903,0.0186743196099996,0.0154832974076271,0.6823192238807678,791.4445190429688,0.1302654445171356,15.216403007507324,1.025043249130249,31,0.0268301218748092,false,12.912348747253418,13.036006927490234,12.671703338623049,128827.05635897124,83370.84838087691,67682.58542992898,44.215309143066406,2913.630126953125,54.31097030639648,1535.0645751953125,22.425582885742188,3018.096923828125,1.1725287437438965,0.166321189046191,0.3908370958504827,12.386,12.219,12.171,0.026,0.028,0.023,AAA,13.153,0.01,13.174,0.01,12.976,0.01,12.616,0.013,14.642304994598074,0.0471028120245631,15.50405569709097,0.0534811213913181,15.349644915350115,0.0575785730768421,1.0,4.259106908143886,3.81831132413698,13.909993171691896,0.0091040004044771,,,,,,,,,13.16,1,12.976,1,12.989,1,12.965,1,13.065,1
13.525363,-73.061119,00540608-7303400,13.525442577665585,-73.0611450007131,-0.0024067991032456,0.6547216865313241,-1.1919642281932818,1.3599408864974976,0.0130449859425425,0.0102769816294312,0.0121663911268115,-0.1978235840797424,0.0164485201239585,0.0126304291188716,-0.0884267389774322,373.140380859375,0.0,0.0,0.9959755539894104,31,0.0240369625389575,false,13.758099555969238,14.476256370544434,12.93328094482422,59116.2702913649,22126.580001719063,53191.93457604565,20.385234832763672,2899.955322265625,42.91715621948242,515.56494140625,49.34372329711914,1077.9879150390625,1.2740741968154907,0.1254114947541302,0.2359173856567596,11.846,11.188,11.059,0.023,0.025,0.025,AAA,16.692,0.063,15.466,0.072,14.014,0.074,12.793,0.01,18.286373749070272,0.2755001553751228,,,,,1.0,4.168589650481925,3.630515871033936,17.702653884887695,0.0089589999988675,14.83327579498291,0.0033569999504834,,,,,,,,,,,,,,,,
13.531955,-72.380341,00540766-7222492,13.531992732702577,-72.3803794040314,-0.0122877682189225,0.7384169311882671,-1.289270555868841,1.4857584238052368,0.010241350159049,0.0097090899944305,0.0112283565104007,-1.0943515300750732,0.0127318780869245,0.0129121076315641,-1.0714486837387085,354.4808349609375,0.0,4.123854866123393E-15,0.9605216979980468,31,0.0190800968557596,false,13.411805152893066,13.667762756347656,12.996481895446776,81325.08808764703,46592.036754487664,50184.00313117172,18.471099853515625,4402.82861328125,35.381446838378906,1316.849365234375,30.7347469329834,1632.81005859375,1.1899899244308472,0.144239277016063,0.2087204368795152,12.471,12.188,12.156,0.023,0.024,0.027,AAA,14.099,0.328,13.947,0.054,13.542,0.145,12.213,0.266,15.523,0.048,,,,,1.0,4.139116872728434,3.7828818643384032,14.84885597229004,0.0102040003985166,13.64463233947754,0.0135899996384978,13.472484588623049,0.0260019991546869,,,,,13.846,1,13.548,1,13.608,1,13.39,1,13.384,1
13.540397,-72.374336,00540969-7222276,13.540394095365324,-72.37436748213088,-0.0093625732952967,0.7294319836947518,-1.2814532126065612,1.4745146036148071,0.0116891348734498,0.0109053859487175,0.0128645375370979,-0.7277815937995911,0.0149717610329389,0.0145865101367235,0.3651619553565979,370.3795471191406,0.0,0.0,1.012486219406128,31,0.0217016860842704,false,13.80881118774414,14.546470642089844,12.980688095092772,56418.61110092311,20740.95185459749,50919.35022871917,18.583662033081055,3035.92529296875,28.399782180786133,730.32080078125,55.597938537597656,915.849609375,1.2701536417007446,0.1133798901238026,0.1498920747364829,11.882,11.124,11.004,0.024,0.024,0.021,AAA,16.762,0.046,15.675,0.02,14.229,0.031,11.753,0.174,17.822123623165698,0.1437779684860682,18.360492104469625,0.2017112106099029,18.596303699203983,0.2972286628450926,1.0,4.119425207061494,3.605734839745559,17.719099044799805,0.0114209996536374,14.871611595153809,0.0035959999077022,,,,,,,,,,,,,,,,
13.567612,-72.239929,00541622-7214237,13.56770036098133,-72.23993896422637,-0.0361558277950995,0.6659652215935754,-1.288115858457085,1.4500869512557983,0.0120548540726304,0.0111229289323091,0.0126228937879204,-2.8643057346343994,0.0165615212172269,0.0152416117489337,-2.28018569946289,347.72772216796875,0.0,0.0,0.9136499166488647,31,0.0245686788111925,false,13.759897232055664,13.84105396270752,13.557074546813965,59018.453828309626,39718.7229438524,29945.275615563543,21.106586456298828,2796.210205078125,47.156497955322266,842.274658203125,24.80266761779785,1207.3409423828125,1.1803765296936035,0.1034487574101099,0.3104040310436528,13.276,13.165,13.186,0.045,0.075,0.051,AAA,13.818,0.031,13.838,0.03,13.6,0.112,13.347,0.112,,,,,,,1.0,4.116391878409282,3.913184553306025,14.581530570983888,0.0115689998492598,13.73373794555664,0.0078459996730089,13.65602970123291,0.0397350005805492,13.744494438171388,0.013507000170648,,,,,,,,,,,,
13.59046,-72.508453,00542171-7230304,13.590513293008048,-72.50847926064424,-0.0423857773629505,0.6877605445906974,-1.2613941961321034,1.4367079734802246,0.0119174560531973,0.0114884441718459,0.0130179524421691,-3.255948066711426,0.0151328910142183,0.0162650346755981,-1.6293944120407104,417.3219909667969,0.0507212989032268,1.8245370388031008,0.935772180557251,31,0.0228822827339172,false,13.399311065673828,13.461311340332031,13.274399757385254,82266.365044863,56349.80621850237,38850.63394558908,41.085994720458984,2002.2969970703125,35.17216110229492,1602.1138916015625,25.51307487487793,1522.7734375,1.1572219133377075,0.1107371913123507,0.0824831469195744,13.126,13.041,13.024,0.023,0.03,0.035,AAA,13.143,0.01,13.474,0.01,13.406,0.01,13.241,0.016,14.13149760388862,0.0432596180437476,14.60024441776924,0.0452220451442713,14.338874390802651,0.0454658942879414,1.0,4.14332004813986,3.8984127198181566,14.008021354675291,0.0062730000354349,,,,,,,,,,,,,,,,,,
13.610954,-72.679138,00542662-7240448,13.610984287267073,-72.67917887610639,-0.0223945435790339,0.6293792990742147,-1.2456697554809972,1.3956401348114014,0.0123996222391724,0.0109226880595088,0.0130537925288081,-1.715558409690857,0.0165161434561014,0.0141285052523016,-2.769359350204468,274.33831787109375,0.0,0.0,0.8947575688362122,31,0.0234173685312271,false,13.826025009155272,14.18752384185791,13.294058799743652,55531.15801337509,28867.37864647319,38153.52381976346,11.674285888671877,4756.70703125,29.61460876464844,974.7681884765624,26.738000869750977,1426.9400634765625,1.2069063186645508,0.1506919663321824,0.2213022925083514,12.643,12.327,12.266,0.023,0.027,0.03,AAA,14.972,0.038,14.615,0.017,13.972,0.055,13.217,0.014,16.643740263571438,0.0895884162905529,17.918812000486497,0.1904907231540979,18.303925191036168,0.3090772415647857,1.0,4.02279676219157,3.762550745030026,15.704866409301758,0.0039849998429417,14.362635612487791,0.0090960003435611,13.51523208618164,0.1823689937591552,13.828484535217283,0.1019439995288848,,,,,,,,,,,,
13.611973,-72.883247,00542687-7252596,13.611999741130646,-72.88329596930485,0.0308717214602333,0.7912978121653051,-1.3711310692708052,1.5830832719802856,0.0108691044151782,0.0093671781942248,0.0111886113882064,2.759209156036377,0.0135381966829299,0.0116747179999947,4.320774078369141,729.13330078125,0.0813106968998909,7.659740924835205,1.1535778045654297,31,0.0189423933625221,false,12.53952980041504,13.392083168029783,11.643500328063965,181608.0008165123,60059.767686481835,174485.06272428003,459.7257080078125,395.0355529785156,613.357421875,97.91968536376952,1115.5687255859375,156.40907287597656,1.2914894819259644,0.178551890028734,1.4218293730199858,10.335,9.69,9.492,0.023,0.028,0.026,AAA,15.943,0.05,14.574,0.01,12.896,0.01,11.641,0.154,17.705435815571683,0.1656628222757241,18.54375413524427,0.2961478992106227,,,1.0,4.751321444939647,3.6148771424392656,17.4760799407959,0.0090770004317164,13.883212089538574,0.0084910001605749,,,,,,,,,,,,,,,,
13.620808,-72.742271,00542899-7244321,13.62087469060076,-72.74231144693577,-0.0024232269219954,0.8352204987467623,-1.3622792140685875,1.5979355573654177,0.0106800654903054,0.0099221235141158,0.0114521160721778,-0.2115964293479919,0.0141633003950119,0.0129763223230838,0.1678063124418258,583.8146362304688,0.0710630714893341,5.368564128875732,1.0053448677062988,31,0.02004418335855,false,12.64004898071289,12.841145515441896,12.287809371948242,165549.23066944774,99760.47764507328,96390.5903635306,40.114112854003906,4126.95751953125,57.33740234375,1739.8848876953125,36.491600036621094,2641.446044921875,1.1848503351211548,0.1620961708678717,1.3762688060508512,11.844,11.674,11.599,0.03,0.035,0.039,AAA,13.053,0.01,13.044,0.01,12.716,0.01,12.226,0.022,14.570463823592252,0.0470551293273375,15.480980894204464,0.0608415543801864,15.410952252011583,0.0586161455285353,1.0,4.447669314099423,3.806469762433307,13.8743314743042,0.0059360000304877,12.797333717346191,0.0072490000165998,12.651602745056152,0.0056889997795224,,,,,13.0,1,13.102,1,,,,,,
13.627097,-72.570183,00543050-7234126,13.62716512401692,-72.57020311497334,-0.0193283064785043,0.712032571120947,-1.2334073649769275,1.4241783618927002,0.0149599760770797,0.0136163076385855,0.0161324925720691,-1.1980979442596436,0.0210101064294576,0.0181923452764749,-0.4471194148063659,614.884765625,0.1157599836587905,10.698530197143556,0.9806639552116394,95,0.0293798465281724,false,13.167015075683594,13.935869216918944,12.316523551940918,101892.1187592531,36397.291176009174,93874.72371778486,37.52805709838867,2715.091796875,62.495609283447266,582.3975830078125,92.30534362792967,1017.0020751953124,1.2785288095474243,0.1031513867885045,0.0030277885139714,11.164,10.455,10.294,0.03,0.037,0.031,AAA,15.954,0.054,15.082,0.021,13.663,0.111,12.173,0.025,16.15784174421394,0.0732027958966487,16.184628662893733,0.0686356099926932,16.035469476127037,0.0775302388980701,1.0,4.409397767559655,3.607745585119329,16.810558319091797,0.0057009998708963,14.277334213256836,0.0040699997916817,,,,,,,,,,,,,,,,
13.638384,-72.180771,00543321-7210507,13.63845758824834,-72.18073507597245,-0.030520314546415,0.737456748572644,-1.2448681369934025,1.446906805038452,0.0130092678591609,0.0120178991928696,0.0137802138924598,-2.214792490005493,0.0171526279300451,0.0159875676035881,0.4042837023735046,292.4991455078125,0.0,0.0,1.015529751777649,31,0.025727953761816,false,13.811843872070312,14.596237182617188,12.956303596496582,56261.25088561706,19811.710536036066,52075.899258665755,20.61853408813477,2728.673583984375,29.811079025268555,664.575439453125,63.35465621948242,821.9743041992188,1.2777464389801023,0.1526351773555857,0.009063880953913,11.781,11.041,10.892,0.026,0.026,0.023,AAA,17.256,0.091,15.802,0.024,14.286,0.12,11.773,0.183,,,,,,,1.0,4.15637855845752,3.603075720598179,18.034664154052734,0.0102080004289746,15.150943756103516,0.005129000172019,13.62686252593994,0.03974299877882,,,,,15.956,7,14.281,1,,,,,,
13.648799,-72.665016,00543571-7239540,13.64886409426105,-72.66502223030669,-0.007651246476714,0.6043436877443142,-1.2239330473512462,1.365006685256958,0.0107183028012514,0.0096469055861234,0.0114505160599946,-0.6682009696960449,0.0141881527379155,0.0125492364168167,-2.1924593448638916,283.6824645996094,0.0,0.0,0.9146453142166138,31,0.0199794862419366,false,13.28247356414795,13.48901081085205,12.928601264953612,91613.0389940981,54930.38413874206,53421.68811061373,24.83877944946289,3688.306884765625,27.30064392089844,2012.0545654296875,22.074237823486328,2420.092041015625,1.182714581489563,0.0733372105723662,0.3306943884725588,12.51,12.242,12.26,0.026,0.022,0.027,AAA,13.773,0.01,13.724,0.01,13.396,0.01,12.871,0.012,15.347085217347692,0.053664402430411,16.376685903418903,0.0757263678834481,16.294695018729342,0.0827389549564188,1.0,4.1768625300938504,3.8046517310958783,14.516435623168944,0.0039969999343156,13.482336044311523,0.5158159732818604,15.024261474609377,8.831304550170898,13.111297607421877,0.0255309995263814,,,,,,,,,,,,
13.653195,-72.309631,00543676-7218346,13.653282857389934,-72.3096124641243,-0.0061565279097887,0.71875240524698,-1.249247906769742,1.4412583112716677,0.011492321267724,0.0106174070388078,0.0121014397591352,-0.508743405342102,0.0146225094795227,0.0143686812371015,-2.662135601043701,278.16143798828125,0.0,0.0,0.9011431336402892,31,0.0222037136554718,false,13.586468696594238,14.335760116577148,12.755475044250488,69240.32754676987,25183.30210934915,62656.82005190743,25.55751609802246,2709.1962890625,38.34735107421875,656.715576171875,52.36087417602539,1196.6343994140625,1.2686265707015991,0.1170047043660587,0.0116084257928975,11.654,10.919,10.802,0.026,0.022,0.023,AAA,16.699,0.441,15.511,0.021,14.013,0.053,11.139,0.177,18.292263255717824,0.2286551835929833,19.148042678833008,0.3448605239391327,,,1.0,4.220172448137522,3.6124518337183305,17.68720245361328,0.0180110000073909,14.696398735046388,0.0054040001705288,,,,,,,,,,,,,,,,
13.65933,-72.601669,00543823-7236060,13.65938677125876,-72.60167606553624,-0.0115125927750759,0.7135830758925478,-1.2236041130085802,1.4164772033691406,0.0127119664102792,0.0117633156478405,0.0135210733860731,-0.851455569267273,0.0179651323705911,0.0158809516578912,0.8212980031967163,332.21685791015625,0.0,0.0,1.031444072723389,31,0.0248620472848415,false,13.888238906860352,14.64259147644043,13.046875,52438.611101607974,18983.671568228732,47908.0197661033,16.687313079833984,3142.423828125,25.76125717163086,736.9078369140625,45.9187126159668,1043.3223876953125,1.2756190299987793,0.0661934181910852,0.0152207342377166,11.918,11.245,11.091,0.024,0.024,0.026,AAA,17.08,0.055,15.754,0.033,14.368,0.044,12.912,0.014,17.73,0.18,,,,,1.0,4.124505103898973,3.619271340931874,18.02832794189453,0.0067139999009668,15.16555404663086,0.0029100000392645,13.909122467041016,0.0075719999149441,,,,,,,,,,,,,,
13.672227,-73.240891,00544133-7314272,13.672312123202763,-73.24095068429997,-0.0123657232779418,0.6028985299598938,-1.1921037078771255,1.335888385772705,0.0130711151286959,0.0102055370807647,0.012308144941926,-1.0046780109405518,0.0150861917063593,0.0125711886212229,-1.2924604415893557,317.358642578125,0.0,0.0,0.9503252506256104,31,0.0217955019325017,false,13.671623229980469,13.889731407165527,13.29316234588623,64017.32164360964,37977.32403791467,38185.051707994855,12.613444328308104,5075.32421875,24.79777717590332,1531.48095703125,17.749605178833008,2151.318359375,1.1897151470184326,0.2323235354849542,0.4414755687525368,12.791,12.587,12.496,0.023,0.024,0.027,AAA,14.415,0.033,14.122,0.03,13.555,0.089,13.224,0.013,15.733975341434268,0.0582864120286141,16.722417127821508,0.0774012160022857,16.61713412804576,0.0838618014075507,1.0,4.026998947967836,3.7893745031533688,14.942387580871582,0.0080059999600052,13.726284980773926,0.0551030002534389,,,,,,,14.091,1,13.731,1,13.852,1,13.688,1,13.696,1
13.672755,-72.237221,00544146-7214139,13.672835870445464,-72.23719710428968,0.0132043196008331,0.6484952147072497,-1.2757619620872034,1.4311234951019287,0.013821636326611,0.013340825214982,0.0146698262542486,0.900100588798523,0.0197691824287176,0.0192829482257366,-4.213489055633545,568.5421752929688,0.0964200049638748,7.949440002441406,0.8333189487457275,31,0.0317676290869712,false,12.993870735168455,13.033020973205566,12.912034034729004,119508.41056827392,83600.40152955016,54243.11062165157,48.677223205566406,2455.11962890625,59.89496612548828,1395.783447265625,24.16326141357422,2244.85888671875,1.1534210443496704,0.123648236417606,0.276449231912221,12.801,12.748,12.73,0.029,0.032,0.034,AAA,12.753,0.01,13.064,0.01,13.016,0.01,12.808,0.32,13.63669227331738,0.0466401327870839,13.900787239119776,0.0472884131511501,13.808685323715888,0.0474749836003166,1.0,4.368079645275419,3.940553449377071,13.550705909729004,0.0158050004392862,,,,,,,,,,,,,,,,,,
13.67278,-72.486137,00544146-7229100,13.672807553625248,-72.48613280972594,-0.0134831393195338,0.7487142764253809,-1.2671184692149402,1.471788763999939,0.0132419569417834,0.0127919446676969,0.0145558910444378,-0.9263011813163756,0.0180527940392494,0.0172656793147325,-0.9336751103401184,661.9112548828125,0.0982958450913429,6.89504337310791,0.9651755094528198,95,0.0258817337453365,false,13.623361587524414,14.395904541015623,12.76743507385254,66927.14095163348,23826.22388445396,61970.37639775089,18.50202751159668,3617.28662109375,27.446598052978516,868.0938720703125,52.03325653076172,1190.976318359375,1.2819403409957886,0.0334458986781675,0.0773038524280501,11.63,10.892,10.766,0.026,0.026,0.026,AAA,16.864,0.069,15.556,0.025,14.119,0.044,12.626,0.014,18.10395380814603,0.2084549005917985,18.33448708738472,0.2341094086450252,18.497501373291016,0.2735668122768402,1.0,4.225188455838605,3.60928920229464,17.797836303710938,0.0146759999915957,14.773276329040527,0.0069249998778104,,,,,,,,,,,,,,,,
13.673452,-73.128853,00544162-7307438,13.6734532146951,-73.12890896352992,-0.001986788850734,0.6940503448567144,-1.214692870961117,1.398994207382202,0.012100925669074,0.0096976198256015,0.0113235041499137,-0.1754570752382278,0.0155588798224926,0.0126062911003828,-3.070497989654541,303.38409423828125,0.0,0.0,0.8900142312049866,31,0.0229552835226058,false,13.54196834564209,13.99644947052002,12.920003890991213,72137.22147180872,34422.084694171055,53846.408940259185,298.6738586425781,241.52505493164065,524.2815551757812,65.65572357177734,572.9306640625,93.98416137695312,1.2236192226409912,0.2014727048312483,0.0518385460109897,12.244,11.769,11.733,0.024,0.022,0.025,AAA,14.772,0.034,14.392,0.032,13.874,0.068,12.798,0.088,15.614313316830987,0.0563266928344724,15.897380090036652,0.0581924064322514,15.866891844149716,0.065371701654214,1.0,4.0966044338160055,3.7159697800108633,16.13970947265625,0.0067460001446306,14.461503982543944,0.0350189991295337,,,,,,,,,,,,,,,,
13.693553,-72.46489,00544645-7227536,13.693549044120868,-72.46488262953953,-0.0163605278159695,0.7386109951019005,-1.2964681391881867,1.4921045303344729,0.0114413658156991,0.0112680122256279,0.0127819124609231,-1.2799749374389648,0.0158838797360658,0.0144851980730891,-2.2622220516204834,294.2805480957031,0.0,0.0,0.912135899066925,31,0.0221219453960657,false,13.665383338928224,13.808812141418455,13.380084991455078,64386.290970236616,40915.90095986631,35247.174005146626,15.714678764343262,4097.20703125,30.55196762084961,1339.22314453125,20.334613800048828,1733.3583984375,1.182908296585083,0.0268783425889801,0.2694107451801454,13.019,12.854,12.811,0.036,0.04,0.04,AAA,13.904,0.054,13.919,0.084,13.652,0.072,13.334,0.008,15.530633939546613,0.0489439110915333,16.06273875309681,0.0514935992457477,15.864821391403394,0.0548642033271619,1.0,4.013080643971131,3.821375893082421,14.684686660766602,0.0116330003365874,13.68674087524414,0.0678360015153884,13.72344207763672,0.0269479993730783,,,,,,,,,,,,,,
13.699284,-71.76387,00544782-7145499,13.699286466332264,-71.76387984256458,6.926658502322E-4,0.6925809216353516,-1.250797483217222,1.4297422170639038,0.0117906276136636,0.0117626236751675,0.01293954718858,0.0535309165716171,0.0149172330275177,0.0157338269054889,0.3757101893424988,334.5650329589844,0.0,0.0,1.013742208480835,31,0.0224122609943151,false,13.801466941833496,14.332074165344238,13.122331619262695,56801.54569302135,25268.953196641814,44691.555384675245,16.338973999023438,3476.445068359375,28.102352142333984,899.1757202148438,51.35728073120117,870.208740234375,1.2316656112670898,0.0355420017865549,0.0391448145350349,12.304,11.859,11.727,0.022,0.024,0.024,AAA,15.931,0.031,15.136,0.03,14.466,0.156,13.009,0.032,,,,,,,1.0,4.044686848823799,3.693512718150332,16.660245895385742,0.00458599999547,14.608519554138184,0.0062069999985396,13.620569229125977,0.0138440001755952,13.244267463684082,0.0162480007857084,13.199146270751951,0.0335329994559288,,,,,,,,,,
13.699347,-71.414688,00544784-7124528,13.699322895732154,-71.41469681491296,-0.0039834309407314,0.6891687319414533,-1.3177456277386643,1.4870800971984863,0.0117361545562744,0.0124893644824624,0.0134671991690993,-0.2957876324653625,0.0148232858628034,0.017268918454647,-0.5736509561538696,423.2500915527344,0.0553328171372413,2.053694248199463,0.9768244624137878,31,0.0243112687021493,false,13.691924095153809,13.762203216552734,13.565672874450684,62831.42623972637,42710.57636773622,29709.058460976317,32.085872650146484,1958.2271728515625,32.45992660522461,1315.7939453125,17.42664337158203,1704.8067626953125,1.1526020765304563,0.0420941921605402,0.5602706294721647,13.329,13.265,13.254,0.026,0.021,0.041,AAA,13.818,0.038,13.873,0.029,13.706,0.038,13.603,0.134,,,,,,,1.0,4.142845991301913,3.9343492500907624,14.38626480102539,0.0026229999493807,,,,,,,,,13.817,2,13.718,2,13.724,1,13.812,5,13.905,1
13.70945,-73.0466,00545026-7302477,13.709470062862897,-73.0466403634937,0.0058337519573568,0.6923051607949584,-1.2336704627564976,1.4146480560302734,0.0128476191312074,0.0104363551363348,0.0123716350644826,0.4715425074100494,0.0160494688898324,0.0130881136283278,0.3206394016742706,378.2191162109375,0.0,0.0,1.010733962059021,31,0.0231651999056339,false,13.84069538116455,14.580368995666504,13.00894832611084,54785.877943128085,20103.385598281493,49611.11824528003,15.105652809143066,3626.84619140625,25.438600540161133,790.2708740234375,39.48298645019531,1256.5189208984375,1.272490382194519,0.1468268932504147,0.020706497846644,11.895,11.213,11.014,0.023,0.022,0.023,AAA,16.871,0.042,15.737,0.037,14.187,0.085,12.88,0.008,,,,,,,1.0,4.113238473079172,3.604996569477069,17.818937301635742,0.0124599998816847,14.928889274597168,0.0037229999434202,,,,,,,15.535,5,14.189,1,14.787,1,13.726,1,13.258,1
13.712406,-73.099899,00545097-7305596,13.712414682837805,-73.09994978902132,7.517778140658E-4,0.7472492072485148,-1.2520939878383155,1.4581223726272583,0.0142470598220825,0.0111276041716337,0.0130944494158029,0.0574119463562965,0.0178837459534406,0.0141210854053497,-1.8193700313568115,316.6105041503906,0.0,0.0,0.932807207107544,31,0.0261333137750625,false,14.018426895141602,14.651044845581056,13.244222640991213,46513.18106476871,18836.448988600652,39945.61009011916,10.88646411895752,4272.5703125,21.88333511352539,860.766845703125,32.04237365722656,1246.6495361328125,1.2637720108032229,0.1830661388564727,0.0284782789531419,12.164,11.497,11.346,0.024,0.032,0.029,AAA,15.476,0.252,15.458,0.125,14.386,0.052,13.127,0.013,15.21763773455693,0.0525621246035151,15.108764188432572,0.051138592441491,15.109132311704426,0.0551606689463193,1.0,4.029670844221567,3.621776994214406,16.661785125732422,0.0058269998989999,15.045063972473145,0.0055900001898407,14.019001007080078,0.1079960018396377,,,,,,,,,,,,,,
13.726891,-73.15094,00545445-7309033,13.72688904926718,-73.15100853201228,0.0181438495876879,0.7403560574653296,-1.2917158753017377,1.4888441562652588,0.0112680923193693,0.0089404871687293,0.010546957142651,1.720292329788208,0.0144602255895733,0.0111618693917989,0.1972593516111374,537.0131225585938,0.0554390028119087,3.1121389865875244,1.0062705278396606,31,0.0209589973092079,false,12.7872953414917,13.4861478805542,11.987072944641112,144553.53723530835,55075.41882742166,127153.67298305292,88.77999114990234,1628.2220458984375,112.36016845703124,490.16851806640625,201.9695281982422,629.568603515625,1.260633945465088,0.2467236410341915,0.2298827541960412,10.982,10.41,10.285,0.023,0.026,0.026,AAA,15.633,0.08,14.554,0.02,13.176,0.01,11.857,0.032,17.56152289710557,0.1321401295777094,18.78553752093856,0.2510700166406822,,,1.0,4.540862360653636,3.656365237907991,16.551998138427734,0.0087160002440214,13.90830898284912,0.0353999994695186,,,,,,,,,,,,,,,,
13.761648,-72.768044,00550279-7246049,13.76169818041076,-72.76809171169477,-0.0129104498797752,0.6526188528834409,-1.2409625404163722,1.4021053314208984,0.0156865362077951,0.0126308090984821,0.0145157994702458,-0.8894067406654358,0.0195600390434265,0.015952518209815,5.328223705291748,480.6871643066406,0.0739251673221588,3.429328441619873,1.2146753072738647,31,0.0284481812268495,false,13.789031982421877,14.316034317016602,13.118751525878906,57455.79844114347,25645.025112654526,44839.15481820107,694.0828857421875,82.77944946289062,1245.7523193359375,20.585973739624023,1402.3475341796875,31.97435188293457,1.226754903793335,0.1799059386343747,0.1193323717658599,12.216,11.853,11.821,0.026,0.021,0.025,AAA,16.25,0.037,15.483,0.019,14.272,0.036,13.035,0.205,17.635051727294922,0.1662182509899139,,,,,1.0,4.180379801624612,3.756468455364246,17.10742950439453,0.008462999947369,14.992986679077148,0.0031260000541806,14.058065414428713,0.0027999999001622,13.743979454040527,0.0149060003459453,13.363554954528809,0.0154079999774694,14.897,3,14.231,1,14.497,1,13.977,1,13.777,1
13.767206,-72.472443,00550412-7228207,13.767195545656294,-72.4724465379032,-0.0176704255449934,0.7405046043619871,-1.2827085545082733,1.481110453605652,0.010595928877592,0.0106053557246923,0.0119186919182538,-1.4825810194015503,0.014240046031773,0.0146666904911398,-2.771557092666626,290.5125732421875,0.0,0.0,0.8974747657775879,31,0.0210433062165975,false,13.558500289916992,13.865640640258787,13.080638885498049,71047.16452709188,38829.40251003075,46441.104691711495,13.357751846313477,5318.79638671875,38.27978515625,1014.35791015625,26.35379409790039,1762.217041015625,1.2001957893371582,0.0170495876066867,0.1598369166037549,12.51,12.189,12.091,0.027,0.03,0.027,AAA,14.364,0.03,14.172,0.045,13.614,0.096,13.013,0.015,16.117078878876608,0.0626504948486132,,,,,1.0,4.045762133233728,3.748223220237395,15.181589126586914,0.0194780007004737,,,,,,,,,13.791,1,13.358,1,13.46,1,13.247,1,13.159,1
13.784495,-72.567459,00550827-7234028,13.784505226432737,-72.56751415146448,-0.0381892300812403,0.6898807313478184,-1.3513841711887171,1.5172919034957886,0.0214325729757547,0.0183385759592056,0.0224544890224933,-1.7007392644882202,0.0331542789936065,0.0235254503786563,1.1516265869140625,1177.3043212890625,0.2054310292005539,31.64556884765625,1.0452985763549805,95,0.0458730198442935,false,13.28411102294922,13.361091613769531,13.09954833984375,91474.9491391656,61798.82413240757,45639.28966510897,49.17100143432617,1860.3433837890625,41.12953567504883,1502.541259765625,40.87892150878906,1116.450439453125,1.174508571624756,0.1988513706741115,1.059114266568336,12.847,12.759,12.738,0.022,0.024,0.027,AAA,13.313,0.05,13.454,0.05,13.336,0.05,13.076,0.01,14.655432864412168,0.0490803990621783,15.266040531644515,0.053805251243874,15.052951027114313,0.0558534501641765,1.0,4.237450755712205,3.890586026118985,14.042588233947754,0.0063350000418722,,,,,,,,,,,,,,,,,,
13.789353,-72.515457,00550944-7230556,13.78940990450821,-72.51546078635052,-0.0203191009361643,0.7243850851481128,-1.282654121293716,1.4730700254440308,0.0101347137242555,0.0099551053717732,0.011235331185162,-1.8085004091262815,0.0137097528204321,0.012896666303277,-1.0562689304351809,304.1086120605469,0.0,0.0,0.9590458869934082,31,0.0191954225301742,false,13.308345794677734,14.074957847595217,12.46217155456543,89455.77266704327,32020.925301754123,82089.89418812419,42.48600006103515,2105.535400390625,53.86326599121094,594.4854125976562,98.58869171142578,832.6502075195312,1.2756116390228271,0.0630400493424524,0.1601959288655414,11.37,10.682,10.517,0.024,0.022,0.021,AAA,16.65,0.058,15.21,0.087,13.684,0.076,12.347,0.016,17.999860953038038,0.2412406849900525,,,,,1.0,4.3333826561693,3.612184923938912,17.460506439208984,0.0098670003935694,14.480850219726562,0.0048150001093745,,,,,,,,,,,,,,,,
13.79491,-72.45266,00551077-7227095,13.794886943960869,-72.45266667246449,-0.0242817119493075,0.8521536022800758,-1.392687650902605,1.6327108144760132,0.010845054872334,0.0105970418080687,0.0118643967434763,-2.046603202819824,0.0143715869635343,0.0144004477187991,2.9671294689178467,717.2937622070312,0.0818641111254692,7.453902244567871,1.1110121011734009,31,0.0210209675133228,false,12.522353172302246,12.750858306884766,12.137779235839844,184503.86248325536,108411.03938208014,110674.19120678364,45.61820602416992,4044.5224609375,53.01454162597656,2044.9302978515625,51.36277770996094,2154.7548828125,1.1874289512634275,0.034687573376149,2.07178630730143,11.658,11.434,11.389,0.03,0.038,0.031,AAA,13.073,0.04,13.044,0.04,12.616,0.04,12.086,0.014,14.68843186106719,0.043936543629698,15.675141943214816,0.0509509402037645,15.558995688352937,0.0573256044119915,1.0,4.501445476195454,3.798013419597828,13.841364860534668,0.0158050004392862,,,,,,,,,,,,,,,,,,
13.802364,-72.436417,00551256-7226111,13.802360208357142,-72.43642796350649,-0.0379895406720059,0.8165835508490231,-1.355629029358288,1.582573413848877,0.0117210745811462,0.0108763771131634,0.0126632591709494,-2.99998140335083,0.0156629811972379,0.0144160827621817,2.528460741043091,679.798828125,0.0899432897567749,8.756495475769043,1.0967884063720703,31,0.0218545813113451,false,12.60850715637207,12.801955223083496,12.267840385437012,170429.15946265752,103427.16188200437,98179.74294921845,41.53590774536133,4103.17626953125,71.41356658935547,1448.2845458984375,46.202659606933594,2124.980224609375,1.182936668395996,0.039682978878979,1.185988024156909,11.841,11.647,11.598,0.024,0.022,0.024,AAA,12.883,0.05,12.934,0.05,12.636,0.05,12.221,0.014,14.445,0.043,,,,,1.0,4.4506515370827895,3.807207098387165,13.804054260253906,0.0158060006797313,,,,,,,,,,,,,,,,,,
13.803228,-72.51178,00551277-7230424,13.80323147030136,-72.51178414949112,-0.0148961889741642,0.7315370896453051,-1.2557860204171971,1.4533220529556274,0.0101025579497218,0.0094364993274211,0.0110779721289873,-1.3446675539016724,0.0137490956112742,0.0122670633718371,-0.8849064707756042,323.6810302734375,0.0,0.0,0.9663355946540833,31,0.0192397460341453,false,13.298316955566406,14.074478149414062,12.446002960205078,90285.8940069796,32035.07297178715,83321.45504338395,32.33774185180664,2791.966552734375,46.194374084472656,693.4843139648438,81.82722473144531,1018.2608032226562,1.277680516242981,0.0154027133390764,0.026891523987533,11.334,10.611,10.459,0.026,0.022,0.024,AAA,16.352,0.053,15.228,0.026,13.747,0.095,12.327,0.015,18.003416061401367,0.2531530559062958,,,,,1.0,4.339642381310022,3.606482004994043,17.48580551147461,0.0100779999047517,14.449487686157228,0.004410000052303,,,,,,,,,,,,,,,,
13.813378,-72.33728,00551521-7220142,13.81343006437786,-72.33726287076095,-0.0318820946127719,0.6875517972844849,-1.2786864985769957,1.451814889907837,0.0113983508199453,0.0112308729439973,0.0124881705269217,-2.552983522415161,0.0153318038210272,0.0149754164740443,-3.637991428375244,317.2198181152344,0.0,0.0,0.8616477251052856,31,0.0235162582248449,false,13.640533447265623,13.721226692199709,13.483356475830078,65876.95914539517,44353.33401390001,32049.08833381037,28.201217651367188,2335.96142578125,29.70584297180176,1493.08447265625,14.630446434020996,2190.574951171875,1.1597745418548584,0.0838851595544284,0.1786536797748475,13.265,13.167,13.171,0.024,0.021,0.037,AAA,13.638,0.095,13.756,0.104,13.625,0.084,13.325,0.155,14.90391072771592,0.0461246376481169,15.386626025495865,0.0488036000228625,15.238162153047696,0.0513886821384145,1.0,4.109303788713314,3.908060586644466,14.42293643951416,0.0158629994839429,,,,,,,,,,,,,,,,,,
13.841566,-71.789406,00552197-7147218,13.841568696543316,-71.78941790328564,-0.0038838515059592,0.7342003117095854,-1.2949240698011644,1.488582730293274,0.01141884829849,0.0102908527478575,0.0121216727420687,-0.3204055726528168,0.0137240039184689,0.013492920435965,-2.8014190196990967,419.6470642089844,0.0517791621387004,2.312721490859986,0.8938816785812378,31,0.0200176369398832,false,13.265860557556152,13.32358741760254,13.150900840759276,93025.63147668388,63970.833957671144,43530.93853462028,40.95305633544922,2271.5185546875,47.67966842651367,1341.6795654296875,22.74030113220215,1914.263916015625,1.1556144952774048,0.0429590805546482,0.2559402395739947,13.004,12.911,12.938,0.026,0.028,0.031,AAA,13.163,0.01,13.384,0.01,13.316,0.01,13.13,0.07,,,,,,,1.0,4.305276027196561,3.948666556078719,13.864288330078123,0.0037410000804811,,,,,,,,,13.336,1,13.263,2,13.229,1,13.358,0,13.49,1
13.863108,-71.555687,00552714-7133204,13.86314840012665,-71.55570358671717,0.0187105274370313,0.8062305787662812,-1.4145628022508856,1.628187894821167,0.0107549466192722,0.009893181733787,0.0115055562928318,1.6262166500091553,0.0141045339405536,0.013298787176609,0.6783285737037659,449.3404846191406,0.054555770009756,3.170548439025879,1.0258820056915283,31,0.0196011234074831,false,12.752435684204102,13.543733596801758,11.896075248718262,149270.00002016634,52230.40088483614,138270.012809295,146.47048950195312,1019.1131591796876,176.68011474609375,295.62127685546875,311.1921081542969,444.3236389160156,1.2762136459350586,0.0753850792708354,2.471134230521868,10.817,10.137,9.956,0.024,0.028,0.023,AAA,16.313,0.06,14.914,0.01,13.326,0.01,11.573,0.075,,,,,,,1.0,4.551512512381728,3.6100710833289984,17.057815551757812,0.0059039997868239,,,,,,,,,14.899,2,13.301,1,14.06,2,12.796,0,12.26,3
13.865672,-72.729294,00552776-7243454,13.865755143988531,-72.72933942315228,-0.0273270502967423,0.7295651306236766,-1.3507102221176193,1.535149335861206,0.0109391510486602,0.0104679614305496,0.0119235655292868,-2.2918522357940674,0.0140018863603472,0.0128585286438465,0.1967396587133407,725.2363891601562,0.0877292975783348,9.195115089416504,1.0063307285308838,31,0.0194887164980173,false,12.514612197875977,12.648472785949709,12.257528305053713,185823.9638074896,119131.79013401367,99116.75202493215,51.55495071411133,3604.386474609375,76.1706314086914,1564.0120849609375,41.51551055908203,2387.463134765625,1.1744908094406128,0.186109137655422,1.003908708373343,11.912,11.823,11.741,0.024,0.024,0.025,AAA,12.723,0.04,12.804,0.04,12.596,0.04,12.223,0.016,14.472,0.047,,,,,1.0,4.499555359511676,3.8404477029988873,13.462780952453612,0.0073870001360774,12.546142578125,0.0082869995385408,,,,,,,,,,,,,,,,
13.869121,-72.487114,00552858-7229136,13.869101922253453,-72.48713715587394,-0.0787062073845771,0.703714573999878,-1.2839361022366207,1.4641400575637815,0.0127055523917078,0.0120746716856956,0.0141360377892851,-5.567770004272461,0.0174525361508131,0.0158462189137935,-1.1542396545410156,507.8001708984375,0.0796310380101203,4.3035173416137695,0.9560712575912476,31,0.0244705881923437,false,13.586991310119627,13.615564346313477,13.506478309631348,69207.05007888746,48886.73993324012,31373.776612734982,30.623600006103516,2259.92529296875,38.16062927246094,1281.077880859375,21.402875900268555,1465.8673095703125,1.1597158908843994,0.0858848771169086,0.1872261671933693,13.372,13.335,13.287,0.024,0.021,0.039,AAA,13.093,0.06,13.544,0.06,13.536,0.06,13.571,0.15,13.519031213251946,0.0432198291547755,13.531677205414937,0.0431175543678801,13.38760381729326,0.0433961197489714,1.0,4.093047562715573,3.9198872416824337,14.11729907989502,0.0193719994276762,,,,,,,,,,,,,,,,,,
13.875625,-72.480446,00553015-7228496,13.875619027646296,-72.48047401688424,-0.0094195481989643,0.7253847486482405,-1.311520874642139,1.4987561702728271,0.0109113696962594,0.0102585777640342,0.0118447514250874,-0.7952507734298706,0.0153656937181949,0.0137410042807459,-1.3393332958221436,289.7510986328125,0.0,0.0,0.9479630589485168,31,0.0220978576689958,false,13.41884422302246,14.20485019683838,12.555787086486816,80799.55288151903,28410.357186394576,75308.37540051133,32.386783599853516,2494.8310546875,62.19114303588867,456.8232116699219,117.74031829833984,639.6141357421875,1.283654808998108,0.101068236318235,0.4296436137913162,11.417,10.67,10.527,0.022,0.024,0.021,AAA,16.93,0.066,15.454,0.026,13.835,0.068,12.413,0.019,,,,,,,1.0,4.301690674532464,3.602840915735806,17.6984920501709,0.0139549998566508,14.847999572753906,0.0520350001752376,,,,,,,,,,,,,,,,
13.89679,-72.545395,00553522-7232434,13.896830135919156,-72.54543550391462,-0.0102692677233872,0.7205478888136054,-1.2501498335103336,1.442935824394226,0.0113357314839959,0.0105894636362791,0.0121317589655518,-0.8464780449867249,0.0169889312237501,0.0142865199595689,-3.3652358055114746,250.51657104492188,0.0,0.0,0.8662769794464111,31,0.0235623307526111,false,13.405898094177246,13.55819034576416,13.13645076751709,81768.8057278439,51539.57301830056,44114.12933891788,28.71977424621582,2847.125732421875,57.918365478515625,889.8657836914062,29.88494110107422,1476.13232421875,1.169806718826294,0.1521185872866041,0.0129411502630253,12.786,12.61,12.597,0.03,0.04,0.037,AAA,13.693,0.05,13.724,0.05,13.466,0.05,13.085,0.012,15.027164488433154,0.0515459040878701,15.659528426631088,0.0569690230522567,15.470314281818313,0.0631575524895215,1.0,4.127316346629355,3.830483129254233,14.41322422027588,0.0060609998181462,,,13.113221168518066,0.0249290000647306,,,,,,,,,,,,,,
13.924053,-72.303223,00554177-7218116,13.924158221009083,-72.30320047839571,-0.0101116323664077,0.7677786459831095,-1.2836009793537613,1.4956990480422974,0.011371643282473,0.0110069876536726,0.0123110031709074,-0.8213492035865784,0.0154676549136638,0.0149252386763691,-0.923783242702484,315.9084777832031,0.0,0.0,0.9646549820899964,31,0.0240906197577714,false,13.70024299621582,14.485631942749023,12.843445777893066,62351.87779737606,21936.33805373215,57780.32006263559,20.159257888793945,3092.96484375,31.345706939697266,699.8195190429688,45.92316436767578,1258.195556640625,1.278496503829956,0.1408270054682358,0.1942739060774944,11.668,10.914,10.803,0.022,0.022,0.021,AAA,16.917,0.039,15.64,0.255,14.18,0.039,11.465,0.168,17.846953961639713,0.2001843585349065,17.74894573729421,0.1472561579506472,17.727951367614452,0.2084215615656865,1.0,4.209617731320128,3.609030011338384,17.9029483795166,0.0236349999904632,14.8443603515625,0.0085169998928904,,,,,,,,,,,,,,,,
13.948352,-72.658638,00554760-7239310,13.948442761744548,-72.65868651979417,1.847124903255E-4,0.7372471495590367,-1.2910885603841344,1.4867558479309082,0.0135809797793626,0.0124163618311285,0.0144868111237883,0.0127503899857401,0.0193056873977184,0.0160403326153755,0.1576254814863205,633.62646484375,0.1056299209594726,8.652292251586914,1.0050387382507324,31,0.026776073500514,false,13.270648956298828,13.2889986038208,13.206727981567385,92616.21138184892,66041.58655619998,41349.197284553185,40.862998962402344,2266.50537109375,45.86128234863281,1440.0291748046875,28.348934173583984,1458.580322265625,1.15952467918396,0.1999871480342066,0.2217743294809471,13.139,13.081,13.037,0.03,0.037,0.031,AAA,12.793,0.03,13.334,0.03,13.286,0.03,13.207,0.018,13.111283121196848,0.0451184649732506,13.345100439834429,0.0438130864290033,13.154580744550604,0.0438194306449149,1.0,4.138120048139865,3.898412719818159,13.698143005371094,0.0119340000674128,13.18795108795166,0.0210629999637603,13.385000228881836,0.0596750006079673,,,,,13.353,1,13.339,1,13.239,1,13.362,1,13.495,1
13.952626,-73.043114,00554863-7302352,13.952642139375808,-73.04316757702581,-0.014971400844589,0.866951834960679,-1.1829465010171205,1.4666178226470947,0.0124638359993696,0.0112471655011177,0.0128515558317303,-1.1649484634399414,0.0170689448714256,0.0147567931562662,-0.9638417363166808,281.4696350097656,0.0,2.261109771707387E-15,0.9608653783798218,31,0.0252788104116916,false,13.695292472839355,14.419000625610352,12.87795352935791,62636.84962953148,23324.72682590148,55972.764907245495,23.46380043029785,2669.510009765625,40.2727165222168,579.16943359375,53.9065055847168,1038.3304443359375,1.2659878730773926,0.1936202442602561,0.8403547638165,11.771,11.123,10.986,0.02,0.024,0.023,AAA,16.787,0.114,15.521,0.032,14.122,0.057,12.75,0.013,18.32607666496779,0.2442314240423375,,,,,1.0,4.199304507257124,3.6310833711415023,17.669097900390625,0.0131219998002052,14.750121116638184,0.0044800001196563,,,,,,,,,,,,,,,,
13.972648,-72.196625,00555343-7211478,13.972738182311131,-72.19661510451894,-0.0183561156965662,0.692945670694215,-1.2809448640146708,1.456363081932068,0.0127074541524052,0.0121453432366251,0.0134432325139641,-1.365454077720642,0.0166608467698097,0.0160450134426355,-0.844751238822937,523.1912841796875,0.0715253427624702,3.751557111740112,0.9671069979667664,31,0.0253000929951667,false,13.45582389831543,13.485888481140137,13.402626037597656,78093.90123410286,55088.57650102795,34522.95429154038,40.57878494262695,1924.500732421875,30.280508041381836,1819.275146484375,17.03265380859375,2026.8687744140625,1.1474844217300415,0.1054628905317321,0.1831300688148512,13.351,13.297,13.286,0.026,0.021,0.027,AAA,13.148,0.028,13.513,0.026,13.568,0.166,13.448,0.286,13.83835313818606,0.0466840376147741,14.053423865793214,0.0468133068372579,13.950251383202492,0.0471770495938837,1.0,4.170273243841426,3.950338403266293,13.969687461853027,0.0158690009266138,,,,,,,,,13.528,1,13.492,2,,,,,,
13.995879,-71.522568,00555901-7131212,13.995896714459134,-71.52255189112877,0.001186989574003,0.6947367880726604,-1.2177771709790035,1.4020129442214966,0.0134763764217495,0.0114070493727922,0.0138655928894877,0.0856068357825279,0.0190738569945096,0.0152010703459382,-1.1471025943756104,319.4244079589844,0.0,2.1363064549512808E-15,0.9562726616859436,31,0.0266207959502935,false,14.07850170135498,14.733914375305176,13.301790237426758,44009.47901790516,17452.238982172246,37882.80699023986,13.424036026000977,3278.408935546875,29.842981338500977,584.8021240234375,27.56648826599121,1374.2340087890625,1.2573437690734863,0.061413057093166,0.0416053171096787,12.242,11.567,11.436,0.024,0.022,0.023,AAA,16.156,0.159,15.723,0.028,14.503,0.046,13.125,0.247,,,,,,,1.0,4.003133436300365,3.6251440523880976,17.049406051635742,0.0050240000709891,15.002202033996582,0.0027179999742656,,,,,,,15.694,1,14.481,1,15.07,2,14.078,3,13.664,1
13.998293,-72.175369,00555959-7210313,13.998398579499742,-72.17536649137531,-0.002893736835086,0.7166355549863627,-1.2270619560906617,1.4210022687911987,0.0127966050058603,0.0115823494270443,0.0134926456958055,-0.214467704296112,0.0169801227748394,0.0149292470887303,-0.9798848628997804,315.0799865722656,0.0,0.0,0.9621979594230652,31,0.0242217760533094,false,13.94228172302246,14.648741722106934,13.132071495056152,49892.35441697789,18876.447506723976,44292.42172500449,12.49960994720459,3991.512939453125,27.985584259033203,674.506103515625,25.74983024597168,1720.1053466796875,1.2661031484603882,0.1166961166667216,0.0084213830645336,12.067,11.379,11.213,0.024,0.024,0.021,AAA,17.092,0.103,15.7,0.061,14.293,0.068,12.307,0.136,18.67625617980957,0.3233338594436645,,,,,1.0,4.054194027725458,3.6119185763327737,17.770177841186523,0.0098750004544854,15.174883842468262,0.0101129999384284,13.661266326904297,0.1861439943313598,,,,,,,,,,,,,,
14.002332,-72.83284,00560055-7249582,14.002302810030436,-72.83289956101663,-0.0138409853923594,0.7149703439421702,-1.234087376430531,1.4262378215789795,0.0123424641788005,0.0109686274081468,0.0126973232254385,-1.0900710821151731,0.0147241624072194,0.013581602834165,-1.2449973821640017,343.1653747558594,0.0,0.0,0.9549130201339722,31,0.02128835208714,false,13.92734718322754,14.69686794281006,13.07981014251709,50583.38883499656,18057.99703738113,46476.59656086742,19.035289764404297,2657.347900390625,25.848712921142575,698.6033325195312,54.85239791870117,847.3029174804688,1.2758060693740845,0.2166513729469483,0.001686468913804,11.95,11.251,11.063,0.022,0.022,0.02,AAA,17.192,0.043,15.857,0.022,14.367,0.032,12.935,0.018,,,,,,,1.0,4.089368109857828,3.603549003821576,18.029090881347656,0.00714399991557,15.218337059020996,0.0030030000489205,13.92813777923584,0.0031240000389516,,,,,,,,,,,,,,
14.004046,-72.460983,00560097-7227395,14.004057084970915,-72.46101656336394,-0.0435466409842818,0.7017382746917544,-1.243966590704225,1.4282469749450684,0.0117217497900128,0.0108523294329643,0.0125411208719015,-3.472308397293091,0.0146716767922043,0.013966348953545,-0.1759554743766784,331.66705322265625,0.0,0.0,0.9922947287559508,31,0.0209145229309797,false,13.662724494934082,14.285482406616213,12.916213989257812,64544.16901834536,26376.902213965142,54034.70345080704,19.95879173278809,3233.87158203125,35.213539123535156,749.0557250976562,44.66683197021485,1209.7276611328125,1.2458384037017822,0.1214250920512828,0.0145390586025465,11.995,11.421,11.316,0.024,0.022,0.021,AAA,16.224,0.109,15.215,0.037,14.026,0.056,12.805,0.008,17.77853988635195,0.1501912350571262,18.81974803726188,0.3109194785808977,,,1.0,4.140059353813025,3.661665313799341,17.060489654541016,0.0153280002996325,14.566588401794434,0.0063149998895823,,,,,,,,,,,,,,,,
14.007276,-72.499931,00560174-7229597,14.007281470377606,-72.49991482069275,-0.0055124040849944,0.7558709124143546,-1.2278774920709328,1.4418821334838867,0.0109781613573431,0.0103647839277982,0.0122070861980319,-0.4515740871429443,0.0152043718844652,0.0135717075318098,-1.1153517961502075,304.471923828125,0.0,0.0,0.9561742544174194,31,0.0212606415152549,false,13.53462028503418,14.116912841796877,12.78653335571289,72627.07332620533,30807.157646308064,60889.82963630783,26.172672271728516,2774.920166015625,40.20465850830078,766.2584228515625,56.971317291259766,1068.7803955078125,1.2625731229782104,0.0585457792177621,0.0396337829726796,11.768,11.126,10.931,0.024,0.024,0.023,AAA,14.641,0.044,14.828,0.02,13.859,0.071,12.669,0.011,14.17284211707615,0.0446330937013629,14.097759692672904,0.0435593796768812,14.043699562191255,0.0446811607596225,1.0,4.180512785374648,3.616514204240432,15.748475074768066,0.007242000196129,14.482425689697266,0.0058619999326765,13.41315746307373,0.0397940017282962,,,,,,,,,,,,,,
14.018476,-71.629814,00560443-7137473,14.018466087082366,-71.62979312663705,0.0046858822960293,0.6802248483691564,-1.2134362688754896,1.391090750694275,0.0142126027494668,0.0128811690956354,0.0143816787749528,0.325823038816452,0.0186943225562572,0.017847966402769,-0.5921400189399719,288.8277587890625,0.0,0.0,0.9753705859184264,31,0.025934662669897,false,14.061734199523926,14.83269214630127,13.21402072906494,44694.411628422575,15934.56142873788,41072.38105973823,19.27488136291504,2318.79052734375,37.41164779663086,425.9251403808594,58.18033981323242,705.949462890625,1.2754825353622437,0.0759810973169112,0.0748227353948547,12.064,11.351,11.193,0.024,0.022,0.026,AAA,17.429,0.037,16.07,0.031,14.497,0.026,13.526,0.276,,,,,,,1.0,4.049041144571007,3.607491128260298,18.376619338989254,0.0047389999963343,15.396662712097168,0.0062779998406767,14.05687141418457,0.1747680008411407,,,,,15.987,5,14.487,1,15.198,1,14.016,3,13.54,5
14.029873,-72.470512,00560716-7228138,14.029963064892211,-72.47051237718165,-0.036097104268948,0.685604779987612,-1.2927123827492464,1.46327006816864,0.0119781624525785,0.0115839913487434,0.0132188852876424,-2.730722188949585,0.0159768983721733,0.0148780196905136,-1.3768645524978638,500.7915344238281,0.0683645531535148,3.6588966846466064,0.9464654326438904,31,0.0228702463209629,false,13.344910621643066,13.380088806152344,13.240620613098145,86493.29146688282,60726.94865848194,40078.37858023365,41.40809631347656,2088.801513671875,52.58149337768555,1154.9110107421875,44.095462799072266,908.9002685546876,1.1654698848724363,0.0976675006791634,0.2953290033601032,13.15,13.075,12.992,0.022,0.022,0.03,AAA,12.853,0.05,13.444,0.05,13.426,0.05,13.23,0.01,12.899791346791424,0.0418638818938758,12.893784264426662,0.0416952701982064,12.796103329598566,0.0417798177648185,1.0,4.022835096072299,3.84866769659277,13.810351371765137,0.0193509999662637,,,,,,,,,,,,,,,,,,
14.037303,-72.277908,00560895-7216404,14.037267723682351,-72.27788045625302,-0.0267749249906888,0.755617410099149,-1.283644892171392,1.4895308017730713,0.0121989687904715,0.011978156864643,0.0136250331997871,-1.9651273488998413,0.0165562741458416,0.016886094585061,0.8606076240539551,335.9700012207031,0.0,0.0,1.0326642990112305,31,0.0255186706781387,false,13.82628345489502,14.63427448272705,12.954846382141112,55517.935678459515,19129.65947247184,52145.81510107467,25.65050506591797,2164.3994140625,36.1630744934082,528.9832153320312,60.319305419921875,864.4962768554688,1.2838279008865356,0.1064264655546914,0.1767338518323875,11.777,11.034,10.902,0.023,0.025,0.025,AAA,17.039,0.042,15.888,0.024,14.309,0.034,11.468,0.193,18.55504966953647,0.342662933083519,,,,,1.0,4.162442381310022,3.606482004994043,18.158397674560547,0.0130920000374317,15.292067527770996,0.0109090004116296,13.570972442626951,0.1800319999456405,,,,,,,,,,,,,,
14.045771,-72.44059,00561098-7226261,14.045793270346431,-72.4405738881521,-0.0292660849426982,0.7261080298649578,-1.2527838844014587,1.4479987621307373,0.0120129967108368,0.011252942495048,0.0131033323705196,-2.233484268188477,0.0168434586375951,0.0149641903117299,-0.4086055159568786,318.7958984375,0.0,0.0,0.983396589756012,31,0.0237926952540874,false,13.780776023864746,14.49582290649414,12.970218658447266,57894.385738193654,21731.397339634983,51412.72218407718,19.84429359436035,2917.432373046875,32.80716323852539,662.39794921875,58.662540435791016,876.4148559570312,1.2634060382843018,0.062843928895427,0.0182242956948118,11.934,11.226,11.084,0.029,0.026,0.029,AAA,16.863,0.105,15.567,0.022,14.215,0.045,12.841,0.012,18.0909029661786,0.173031012886388,,,,,1.0,4.108955235812861,3.6129872853659006,17.684860229492188,0.0125700002536177,14.820432662963867,0.0057210000231862,,,,,,,,,,,,,,,,
14.057666,-72.04567,00561383-7202444,14.057638802815584,-72.04559649733632,-0.018165019125679,0.6880728344932989,-1.2557868203592306,1.4319374561309814,0.013525323010981,0.0106710577383637,0.0130045032128691,-1.3968253135681152,0.0165611635893583,0.0135042071342468,-2.58158540725708,423.7378845214844,0.0651877969503402,3.407462358474731,0.8997856974601746,31,0.0241693221032619,false,13.272675514221191,13.321062088012695,13.175621032714844,92443.5237276584,64119.77478938021,42551.01925000764,40.00239562988281,2310.94970703125,45.6422233581543,1404.8345947265625,25.258625030517575,1684.6134033203125,1.153902292251587,0.2663253011203238,0.061253986230346,13.04,12.96,12.942,0.026,0.032,0.035,AAA,13.163,0.01,13.374,0.01,13.356,0.01,13.225,0.141,14.244514749418116,0.0466140925925548,14.541175884872567,0.047446547382808,14.442781373093364,0.0497298568794452,1.0,4.188286831902781,3.9031393325180415,13.889554977416992,0.0157810002565383,,,,,,,,,13.384,1,13.331,3,,,,,,
14.061519,-72.42244,00561476-7225207,14.061547397872394,-72.42241740434243,-0.0395237711375802,0.7583410610498948,-1.2963707508971989,1.501884937286377,0.0131812011823058,0.0124506177380681,0.0144018121063709,-2.74436092376709,0.0176082327961921,0.0164458006620407,-1.121538519859314,305.8330078125,0.0,0.0,0.9565288424491882,31,0.0254457518458366,false,14.065749168395996,14.804245948791504,13.237093925476074,44529.43721542787,16357.561614667547,40208.75119629865,10.341756820678713,4305.79052734375,17.188629150390625,951.650146484375,29.97546005249023,1341.388916015625,1.270312786102295,0.0870063196408214,0.2793750227539157,12.135,11.44,11.276,0.024,0.021,0.025,AAA,17.124,0.117,15.916,0.021,14.478,0.042,13.104,0.017,18.44811496869305,0.2245677052583532,,,,,1.0,4.025070943866776,3.6105957663102055,17.96526336669922,0.0126329995691776,15.133978843688965,0.0058510000817477,,,14.800922393798828,0.0285190008580684,,,,,,,,,,,,
14.087205,-72.84552,00562092-7250438,14.087187176098244,-72.84554947264134,-0.0145608939321958,0.7409468915285289,-1.2529513151387974,1.4556405544281006,0.0114375315606594,0.0107336612418293,0.0120832249522209,-1.205050349235535,0.0137107567861676,0.0139567488804459,-1.377206802368164,341.36529541015625,0.0,0.0,0.9482787251472472,31,0.0205143317580223,false,13.63181972503662,13.798274993896484,13.333937644958496,66407.75435276704,41314.91841493631,36777.56507650346,21.920984268188477,3029.414794921875,34.711036682128906,1190.2530517578125,25.173418045043945,1460.96826171875,1.1759543418884275,0.1077762133084174,0.0245511327712948,12.94,12.791,12.716,0.026,0.032,0.03,AAA,14.117,0.03,13.973,0.025,13.743,0.092,12.8,0.007,15.350555770903265,0.0567479595904439,16.12927619933732,0.0617280830048647,15.969801088845305,0.0626710596637332,1.0,4.0286520495812415,3.814560092726929,14.72402000427246,0.0056770001538097,13.760353088378906,0.0029839999042451,13.706975936889648,0.00370500003919,13.563949584960938,0.0199239999055862,13.445448875427246,0.0158350002020597,13.94,1,13.705,1,13.754,1,13.665,1,13.737,2
14.090327,-72.459961,00562167-7227358,14.09041556426887,-72.4599611091784,-0.0590807762224576,0.7367955840190077,-1.2804945254174616,1.4773402214050293,0.0161864608526229,0.0149942403659224,0.0175588596612215,-3.36472749710083,0.0225835740566253,0.0197980888187885,11.086551666259766,694.887939453125,0.1299737989902496,10.941017150878906,1.463823676109314,31,0.0330627262592315,false,13.591263771057127,14.154566764831545,12.873542785644531,68935.21435467995,29757.076551030583,56200.6246544897,17.111337661743164,4028.6279296875,40.82817077636719,728.8368530273438,49.28175354003906,1140.3941650390625,1.2469345331192017,0.0960877128390478,0.1418610986587674,12.019,11.469,11.374,0.027,0.021,0.021,AAA,15.484,0.051,14.802,0.033,13.851,0.05,12.764,0.008,,,,,,,1.0,4.1387727452200425,3.671899553809065,16.522918701171875,0.0120700001716613,14.390097618103027,0.0082189999520778,,,,,,,,,,,,,,,,
14.094011,-72.476639,00562256-7228359,14.094076281584494,-72.47662084380741,-0.0228294250415725,0.8091163624646853,-1.3795419995954965,1.5993140935897827,0.0137549927458167,0.0136430189013481,0.0158765446394681,-1.4379340410232544,0.0187353324145078,0.018118618056178,1.8714009523391724,892.284423828125,0.1321993917226791,19.38833999633789,1.0721442699432373,31,0.0273769292980432,false,12.503304481506348,12.59611988067627,12.306989669799805,187769.5372627127,125016.98783559554,94702.6869568572,85.04895782470703,2207.78173828125,153.50320434570312,814.4259033203125,113.96499633789062,830.98046875,1.1701561212539673,0.0963296688550246,1.6144814167490724,12.069,11.977,11.899,0.022,0.021,0.023,AAA,11.903,0.01,12.474,0.01,12.366,0.01,12.267,0.017,,,,,14.699607359623208,0.0453474669545043,1.0,4.438107334269432,3.841046897005248,13.276837348937988,0.0193939991295337,,,,,,,,,,,,,,,,,,
14.099992,-72.487503,00562399-7229150,14.100009325590158,-72.48748570534583,-0.0353159914878778,0.7189487914921708,-1.274266573132568,1.4630935192108154,0.0107740368694067,0.0100491112098097,0.0118168490007519,-2.98861312866211,0.0148832593113183,0.0130784288048744,-2.373779296875,294.75830078125,0.0,0.0,0.9086095094680786,31,0.020864238962531,false,13.393722534179688,13.557467460632324,13.106245040893556,82690.92750839055,51573.870914049374,45358.66512319936,29.338869094848633,2818.47705078125,36.80693435668945,1401.1998291015625,24.771875381469727,1831.054931640625,1.1722270250320437,0.0650281751542508,0.108457468270177,12.748,12.524,12.531,0.026,0.022,0.026,AAA,13.753,0.03,13.754,0.03,13.516,0.03,13.031,0.014,15.241475927718575,0.0481810024171475,16.338969925390227,0.061300850601717,16.066652591651028,0.0624529506229667,1.0,4.11230532063568,3.8174603037389545,14.460298538208008,0.0113949999213218,13.523789405822754,0.0366359986364841,,,13.251180648803713,0.0291540008038282,,,,,,,,,,,,
14.10552,-72.471741,00562532-7228182,14.105541383379274,-72.47172263516192,-0.0198404250117321,0.7434079971926988,-1.319541652323032,1.5145447254180908,0.0128955896943807,0.0122523726895451,0.0141971344128251,-1.3974950313568115,0.0171013213694095,0.0153829986229538,2.136976957321167,581.197509765625,0.095733068883419,8.317252159118652,1.0857954025268557,31,0.0245247296988964,false,12.896302223205566,13.696615219116213,12.0303955078125,130745.21248189446,45370.21786230902,122179.9181425697,90.38192749023438,1446.5858154296875,110.63556671142578,410.0870971679687,193.18504333496097,632.4501953125,1.2815011739730835,0.0700607569330377,0.5197688604511812,10.92,10.199,10.032,0.022,0.022,0.021,AAA,14.823,0.06,14.634,0.04,13.376,0.02,11.922,0.024,17.36,0.11,,,,,1.0,4.5010710774242195,3.603311757887119,17.170883178710938,0.0199250001460313,,,,,,,,,,,,,,,,,,
14.113846,-72.468483,00562732-7228065,14.113897895297942,-72.46846157024129,-0.0279297837523972,0.7606878119865534,-1.2528372836737651,1.465690016746521,0.0119085302576422,0.0116817411035299,0.0133740361779928,-2.0883586406707764,0.016221011057496,0.0148629052564501,-2.3069894313812256,256.99884033203125,0.0,0.0,0.9093401432037354,31,0.0234132781624794,false,13.758015632629396,14.46928882598877,12.931979179382324,59120.84375225275,22269.041755158494,53255.74427653559,17.70418930053711,3339.370361328125,43.71995162963867,509.35650634765625,54.91007995605469,969.8718872070312,1.2774646282196045,0.0954921984881537,0.0487187114094892,11.842,11.158,10.991,0.026,0.022,0.021,AAA,16.673,0.052,15.535,0.025,14.052,0.044,12.804,0.009,16.72940560887994,0.0736826949276036,16.86453882812891,0.0752154369958682,16.641400518670096,0.0787245208258065,1.0,4.145363331621457,3.6127192920033626,17.634756088256836,0.0211180001497268,14.806371688842772,0.0067529999651014,,,,,,,,,,,,,,,,
14.115696,-73.507523,00562776-7330270,14.115642683289016,-73.50755864192725,-0.0072099063170798,0.736183981610327,-1.1922597124697691,1.4012316465377808,0.0101962471380829,0.0091067738831043,0.0111834648996591,-0.6446934342384338,0.0122506069019436,0.0115080336108803,1.011180758476257,401.1920776367187,0.0,0.0,1.0357847213745115,31,0.017359621822834,false,13.22042465209961,13.980724334716797,12.375905990600586,97001.15654923668,34924.24614364189,88878.28902653622,59.27604675292969,1636.430908203125,86.7886962890625,402.4054565429687,158.06846618652344,562.2771606445312,1.2762995958328247,0.1394016763321538,0.1744226339065678,11.295,10.605,10.43,0.023,0.022,0.023,AAA,16.637,0.427,15.178,0.027,13.654,0.076,12.242,0.328,17.954740524291992,0.1700641512870788,,,,,1.0,4.358817731320142,3.6090300113383895,17.359853744506836,0.0041069998405873,14.379234313964844,0.0023159999400377,,,,,,,15.178,5,13.706,2,14.411,2,13.221,2,12.747,5
14.127534,-72.231476,00563060-7213533,14.127532582288325,-72.23142942534778,-0.013338709419907,0.7248626003561617,-1.2209655366908256,1.4199234247207642,0.0126489978283643,0.0112670175731182,0.0130113633349537,-1.0251585245132446,0.0160243883728981,0.0144514460116624,0.5302146673202515,403.3955383300781,0.0,0.0,1.018009066581726,31,0.0233255736529827,false,14.052266120910645,14.760108947753906,13.240464210510254,45085.852526059694,17036.229707489114,40084.137846982616,10.720122337341309,4205.7216796875,18.427745819091797,924.4879760742188,25.959457397460938,1544.1053466796875,1.2669243812561035,0.1676759820118635,0.0221835921587921,12.181,11.478,11.371,0.024,0.025,0.023,AAA,17.063,0.117,15.793,0.023,14.515,0.037,12.939,0.288,18.611172303167795,0.2772658566022882,,,,,1.0,4.025993905988754,3.624018930509914,17.851219177246094,0.0154349999502301,15.097522735595703,0.0093799997121095,,,,,,,15.626,5,14.382,1,,,,,13.573,2
14.128729,-71.77256,00563089-7146212,14.128678785388784,-71.77257022719185,-0.0304011161815425,0.7131265806414254,-1.2373478311862454,1.4281383752822876,0.0133293289691209,0.0108393989503383,0.0129551943391561,-2.346635341644287,0.0149262519553303,0.0142328944057226,-1.1251229047775269,302.92584228515625,0.0,0.0,0.9555308222770692,31,0.0214762929826974,false,13.819247245788574,14.317571640014648,13.138628005981444,55878.89984244886,25608.74333873774,44025.77957651773,17.860294342041016,3128.666259765625,28.160757064819336,909.376953125,34.204673767089844,1287.1275634765625,1.2461684942245483,0.0674741461490814,0.001746526285656,12.1,11.43,11.231,0.024,0.027,0.021,AAA,14.672,0.03,14.944,0.147,14.157,0.066,13.066,0.097,,,,,,,1.0,4.035356970907905,3.6080008752633743,15.5004301071167,0.0061289998702704,14.57624340057373,0.0034950000699609,13.61527156829834,0.02832099981606,13.36676025390625,0.0269039999693632,,,14.88,2,14.177,0,14.542,2,13.871,1,13.514,1
14.129824,-72.152824,00563115-7209101,14.129859193700494,-72.15274772959839,-0.026759050719107,0.7366226845561543,-1.2434906255519702,1.4452965259552002,0.0124978246167302,0.0108410324901342,0.0128926616162061,-2.0755257606506348,0.016373248770833,0.0136914299800992,0.0880839899182319,322.8044128417969,0.0,0.0,1.0024131536483765,31,0.0231278780847787,false,13.740693092346191,14.470605850219728,12.918944358825684,60071.64831973781,22242.042600468303,53898.95042945008,16.63534927368164,3611.084228515625,29.851083755493164,745.0999755859375,52.067134857177734,1035.1817626953125,1.267503023147583,0.2773055339847607,0.0073081812566761,11.857,11.155,11.062,0.023,0.025,0.027,AAA,16.802,0.064,15.537,0.079,14.188,0.041,12.172,0.252,18.24987920714524,0.228990095015251,,,,,1.0,4.1612747612769905,3.628249340168296,17.68753433227539,0.012899000197649,15.059142112731934,0.0058479998260736,12.991044044494627,0.0349170006811618,,,,,15.632,5,14.19,1,,,,,,
14.148048,-72.254349,00563553-7215156,14.148020302576253,-72.25431002021597,8.312782127239612E-5,0.7478070011110525,-1.2413780169909894,1.4492186307907104,0.0127284871414303,0.0111940130591392,0.0128904087468981,0.0064488118514418,0.0156727042049169,0.0144228227436542,-1.3169302940368652,335.8146667480469,0.0,0.0,0.951813280582428,31,0.022938884794712,false,13.966833114624023,14.69429874420166,13.140897750854492,48776.81468462959,18100.78495659599,43933.81472736217,15.327486038208008,3182.31005859375,35.12855911254883,515.2726440429688,65.96569061279297,666.0100708007812,1.2718050479888916,0.143580451962622,0.0167108252822853,12.079,11.375,11.272,0.023,0.024,0.026,AAA,17.057,0.058,15.801,0.023,14.457,0.039,13.078,0.299,18.614340975426114,0.268950820192926,,,,,1.0,4.067950087977107,3.624862541559803,17.881893157958984,0.0122659998014569,15.182561874389648,0.0107939997687935,14.183147430419922,0.1618909984827041,,,,,,,,,,,,,,
14.159138,-72.310638,00563819-7218382,14.159103491387446,-72.31060811809712,-0.022476375067696,0.6328095603133554,-1.3105417815096407,1.4553239345550537,0.0100671155378222,0.0094882510602474,0.0106329340487718,-2.113845109939575,0.0131773371249437,0.0122827878221869,-3.701775550842285,408.3121948242187,0.0107938814908266,0.1002192273736,0.8658390641212463,31,0.0192436780780553,false,13.243250846862791,13.31431007385254,13.104186058044434,94983.14816442072,64519.75193546268,45444.77009913302,39.29951858520508,2416.903564453125,42.91767120361328,1503.337646484375,22.75053024291992,1997.5257568359375,1.1577266454696655,0.1140056547461481,0.6921458387783561,12.91,12.807,12.812,0.023,0.027,0.03,AAA,13.183,0.02,13.384,0.02,13.286,0.02,12.936,0.238,14.442896433233896,0.0480941630660139,15.03230795956048,0.047672492728682,14.726005140104446,0.0453208446452786,1.0,4.240286831902775,3.90313933251804,13.935585975646973,0.0193729996681213,,,,,,,,,13.358,1,13.216,1,,,,,13.494,2
14.19015,-72.242996,00564563-7214347,14.190111925180958,-72.2429637684965,-0.0177297194468756,0.6212168613087188,-1.2319171190350957,1.3796848058700562,0.0114570753648877,0.0101941712200641,0.0115602603182196,-1.53367817401886,0.0148682910948991,0.0132723208516836,0.247187927365303,368.0335083007813,0.0,0.0,1.008100152015686,31,0.0216670744121074,false,13.621685981750488,14.397085189819336,12.771615982055664,67030.48038334351,23800.331046847816,61732.205020343754,22.762697219848633,2944.751220703125,35.05442428588867,678.9536743164062,50.603511810302734,1219.91943359375,1.2760244607925415,0.1233340555527284,0.2413381872993086,11.648,10.907,10.779,0.023,0.024,0.023,AAA,17.073,0.035,15.585,0.023,14.134,0.048,12.036,0.496,18.065415196730076,0.1837399060862938,18.84464099061353,0.2797116204476075,,,1.0,4.216156970907905,3.6080008752633743,17.791166305541992,0.0124669997021555,14.79919719696045,0.0085310004651546,,,,,,,,,,,,,,,,
14.200639,-71.179138,00564815-7110448,14.200692468223782,-71.17915724623573,-0.0214022176184478,0.7341110886199554,-1.1619296646589026,1.3744088411331177,0.0114597305655479,0.0099498899653553,0.0114657236263155,-1.866626024246216,0.0150014637038111,0.0131231341511011,1.7614021301269531,397.7203063964844,0.0,0.0,1.065051794052124,31,0.0215645004063844,false,13.633770942687988,14.364635467529297,12.811038970947266,66288.53244986967,24522.391836983352,59530.93381016067,16.745891571044922,3958.495361328125,27.62471580505371,887.697509765625,38.266845703125,1555.67919921875,1.2679919004440308,0.0930416636563476,0.4645533128904868,11.747,11.044,10.898,0.026,0.025,0.023,AAA,16.684,0.045,15.545,0.024,14.071,0.019,11.439,0.168,,,,,,,1.0,4.1841480910947375,3.6132558006152737,17.475149154663086,0.0057839998044073,14.697806358337402,0.0022919999901205,,,,,,,15.507,1,14.066,2,14.747,4,13.625,1,13.172,3
14.242771,-72.521553,00565826-7231175,14.242784274593378,-72.5215488398086,-0.0390696363515047,0.7779532748726227,-1.2775292086774397,1.495758056640625,0.0110487192869186,0.0110335629433393,0.0124848391860723,-3.129366397857666,0.0162981953471899,0.0155289405956864,-3.2468481063842773,262.57440185546875,0.0,0.0,0.8695741295814514,31,0.0229649078100919,false,13.39673137664795,13.51533031463623,13.163251876831056,82462.0432787869,53614.80511791343,43038.55061410436,31.824735641479492,2591.130615234375,48.21920394897461,1111.8973388671875,26.504953384399418,1623.792724609375,1.1720950603485107,0.0207440115210313,0.1768080234953662,12.847,12.716,12.643,0.022,0.021,0.026,AAA,13.543,0.03,13.614,0.03,13.436,0.03,13.107,0.011,14.875406372753318,0.0459469430047285,15.6298399192646,0.0501831593076312,15.453183826112866,0.0543480872998395,1.0,4.086107030681793,3.823191702803299,14.339637756347656,0.0112739996984601,,,,,13.148927688598633,0.0285780001431703,13.455633163452148,0.0346940010786056,13.563,1,13.398,1,13.46,1,13.488,2,13.563,3
14.255295,-72.14254,00570127-7208331,14.255323233842924,-72.14248670116592,-0.0021762085762825,0.7451882713170055,-1.238076807623968,1.4450397491455078,0.011619939468801,0.0103189488872885,0.01230582408607,-0.1768437922000885,0.0155398631468415,0.0140337469056248,-2.4067234992980957,314.5435791015625,0.0,0.0,0.91424560546875,31,0.0220903437584638,false,13.762648582458496,14.495287895202637,12.941280364990234,58869.09922231037,21742.11651239022,52801.4942325268,17.409847259521484,3381.367919921875,25.149219512939453,864.5244750976562,38.31861114501953,1377.95947265625,1.2662603855133057,0.1943908432589419,0.0133838023409769,11.885,11.165,11.022,0.023,0.025,0.023,AAA,16.902,0.069,15.642,0.025,14.24,0.032,11.775,0.16,18.597097396850582,0.3249424397945404,,,,,1.0,4.12356121785559,3.60954912219864,17.733150482177734,0.0209270007908344,14.850111961364746,0.0065669999457895,,,,,,,,,,,,,,,,
14.264679,-72.334267,00570352-7220033,14.264669436053552,-72.33424827917081,-0.0097478678131653,0.745528003103044,-1.2950221074112445,1.4942872524261477,0.0120071042329072,0.0108009381219744,0.0126567035913467,-0.7701743245124817,0.0159157738089561,0.0143714221194386,-0.2830300331115722,354.1927185058594,0.0,2.078401165094609E-15,0.988781213760376,31,0.0223682504147291,false,13.877123832702637,14.613580703735352,13.04836368560791,52978.18275967388,19497.76122531812,47842.35464264155,13.3828706741333,3958.656005859375,24.81159210205078,785.8327026367188,35.87841033935547,1333.4580078125,1.2710914611816406,0.0682000817522904,0.2586731509439005,11.945,11.236,11.097,0.021,0.024,0.023,AAA,16.773,0.042,15.714,0.018,14.243,0.034,11.947,0.163,18.34773826599121,0.1965227574110031,,,,,1.0,4.105341829032257,3.613524824796109,17.85266876220703,0.0130219999700784,14.966968536376951,0.0056880000047385,,,14.28150463104248,0.088466003537178,,,,,,,,,,,,
14.268831,-72.494507,00570451-7229402,14.268851753875158,-72.49451439651818,-0.0244942653402375,0.5928732999488935,-1.216988629842949,1.353720784187317,0.0166484247893095,0.0156125482171773,0.0180968511849641,-1.3535099029541016,0.0261993780732154,0.0208050701767206,14.163365364074709,765.195556640625,0.1295806914567947,10.691802024841309,1.6283608675003052,31,0.0366679728031158,false,13.551576614379885,14.291926383972168,12.692598342895508,71501.63501224159,26220.83092820522,66392.45889042603,34.64812088012695,2063.651123046875,86.37712860107422,303.56219482421875,165.9142608642578,400.1612548828125,1.2952611446380615,0.0348438104394966,0.40103582082482,11.557,10.906,10.739,0.024,0.024,0.023,AAA,16.632,0.061,15.486,0.103,13.908,0.059,12.556,0.013,18.41385215715447,0.2118431490418565,,,,,1.0,4.272470844221567,3.621776994214406,17.541337966918945,0.0125670004636049,14.63239860534668,0.0054720002226531,,,,,,,,,,,,,,,,
14.270352,-72.241432,00570488-7214291,14.27033497338453,-72.2414060630226,-0.022859134365088,0.7228119701314417,-1.2305710635119915,1.427151799201965,0.0127997891977429,0.0108135435730218,0.0126395663246512,-1.808537840843201,0.0162196084856987,0.0142716476693749,-0.1589640974998474,376.8106689453125,0.0,0.0,0.9934888482093812,31,0.0233046095818281,false,13.96492862701416,14.699304580688477,13.139412879943848,48862.46708176886,18017.517565646212,43993.946154440535,13.642126083374023,3581.734130859375,25.644702911376953,702.5823974609375,30.076581954956055,1462.73095703125,1.2691022157669067,0.095226396363842,0.0038222348477035,12.056,11.343,11.22,0.024,0.027,0.021,AAA,17.242,0.038,15.839,0.036,14.417,0.032,12.44,0.3,,,,,,,1.0,4.065712195219474,3.616788407861282,18.037586212158203,0.0124930003657937,15.04581356048584,0.0055619999766349,,,,,,,,,,,,,,,,
14.276385,-72.254517,00570633-7215162,14.276441016487825,-72.25450892310319,-0.0203302179300874,0.6855941495267059,-1.2853049898442543,1.4567252397537231,0.0123252999037504,0.0101557234302163,0.0118163954466581,-1.7205091714859009,0.0156527813524007,0.0135617647320032,-0.3067523539066314,407.11566162109375,0.0,0.0,0.9878649711608888,31,0.0225100461393594,false,13.641424179077148,13.7659273147583,13.411685943603516,65822.91626830382,42564.363851705595,34236.07790358509,24.212970733642575,2718.498046875,26.70903587341309,1593.631591796875,17.38030242919922,1969.820556640625,1.166773557662964,0.0679943920537456,0.2327501148358685,13.1,12.954,13.006,0.026,0.028,0.037,AAA,13.845,0.029,13.886,0.023,13.773,0.089,13.392,0.162,15.270444738261812,0.0493852592403992,15.993696426924016,0.0584715197013836,15.77309308264318,0.0600488702537951,1.0,4.175303788713319,3.908060586644469,14.580124855041504,0.0158300008624792,,,,,,,,,,,,,,,,,,
14.299565,-72.369591,00571189-7222105,14.299530881678429,-72.36957654166983,-0.0083052847125216,0.7152084159622408,-1.2676736749353317,1.4555134773254397,0.0116312094032764,0.0103299720212817,0.0119687654078006,-0.6939132213592529,0.0157913081347942,0.0139826806262135,0.3364290595054626,369.0936279296875,0.0,0.0,1.0115461349487305,31,0.0226808320730924,false,13.722490310668944,14.355778694152832,12.967708587646484,61087.249048839425,24723.23204926036,51531.74921059852,16.270545959472656,3754.46826171875,29.534992218017575,837.082763671875,28.79425621032715,1789.65380859375,1.2482962608337402,0.0639774729259484,0.0753686241195845,12.043,11.465,11.36,0.024,0.021,0.021,AAA,16.13,0.128,15.34,0.02,14.048,0.051,12.433,0.349,17.841360264359274,0.1370310890901541,,,,,1.0,4.119890592679958,3.660481394442179,17.073457717895508,0.012445000000298,14.633150100708008,0.0086000002920627,,,,,,,15.234,4,14.022,1,14.592,1,13.688,1,13.341,5
14.311585,-71.504509,00571478-7130162,14.311651794307489,-71.50450735269496,-0.014852480062659,0.7579124712304965,-1.2700853017798928,1.4790362119674685,0.0111757218837738,0.0096771586686372,0.0116875451058149,-1.270795464515686,0.0157615449279546,0.0122510036453604,2.25760817527771,421.9360656738281,0.0,2.0839807828764096E-15,1.0829790830612185,31,0.022263266146183,false,13.6170015335083,14.33202075958252,12.805941581726074,67320.30011500881,25270.203162587364,59811.059555500295,13.103676795959473,5137.51220703125,26.71952438354492,945.7579956054688,28.89191436767578,2070.166015625,1.2638276815414429,0.0765111505332156,0.1023136254825387,11.726,11.039,10.899,0.026,0.022,0.019,AAA,16.572,0.041,15.458,0.028,14.085,0.025,11.792,0.289,,,,,,,1.0,4.201305103898974,3.619271340931873,17.427513122558594,0.0052109998650848,14.657798767089844,0.0025679999962449,,,,,,,15.457,0,14.039,1,14.693,3,13.608,2,13.144,1
14.338515,-72.110527,00572124-7206378,14.33854029360125,-72.11048733158778,-0.0223425602312055,0.7829924102752839,-1.282847742728337,1.502922296524048,0.0114639401435852,0.0096532795578241,0.0114236203953623,-1.9558212757110596,0.0146070951595902,0.0127579038962721,-0.7657227516174316,366.2854919433594,0.0,0.0,0.972330629825592,31,0.0209421403706073,false,13.68855094909668,14.425466537475586,12.862080574035645,63026.96430784717,23186.23253448788,56797.062803166926,19.24490737915039,3274.994384765625,29.469865798950195,786.7776489257812,50.1754035949707,1131.97021484375,1.2690329551696775,0.1455198113801404,0.2215884434391045,11.799,11.12,10.97,0.021,0.025,0.023,AAA,16.666,0.037,15.553,0.024,14.124,0.029,12.157,0.233,18.452901733612407,0.2630981177239645,,,,,1.0,4.171307879992381,3.6187174012954713,17.58510971069336,0.0117440000176429,14.80067253112793,0.0054509998299181,,,,,,,15.682,6,14.168,1,14.855,1,13.683,1,13.241,1
14.347047,-72.02668,00572329-7201360,14.347065259262973,-72.0266005497815,-5.550642188548E-4,0.6859378227326051,-1.2645391682563527,1.4386000633239746,0.0138603523373603,0.0100033674389123,0.0124554969370365,-0.0445637963712215,0.0168538503348827,0.013369851745665,-1.5101791620254517,500.125244140625,0.0679083913564682,3.9310190677642822,0.9421998262405396,31,0.0245728734880685,false,13.187241554260254,13.246872901916504,13.037550926208496,100011.56564001457,68654.26982391768,48321.219793758486,127.52436065673828,784.2545776367188,318.37567138671875,215.63919067382812,165.72354125976562,291.5772705078125,1.1696196794509888,0.2867391094050754,0.1004032363798972,12.883,12.751,12.685,0.024,0.025,0.03,AAA,12.663,0.01,13.314,0.01,13.286,0.01,12.855,0.177,12.79228295472809,0.0437295188731281,12.88583245196105,0.0435149115803663,12.805728563734723,0.0437634516349599,1.0,4.078238259389327,3.8260120925073937,13.62786865234375,0.0157769992947578,,,,,,,,,13.354,1,13.296,0,13.263,1,13.326,1,13.46,1
14.37155,-72.161362,00572917-7209409,14.371595760213255,-72.1613096449034,-0.03068138355356,0.7444469237738669,-1.2821993996355452,1.4826451539993286,0.0111041460186243,0.0096060410141944,0.0112191326916217,-2.7347373962402344,0.0142649915069341,0.0130223203450441,-2.114823579788208,337.91778564453125,0.0,0.0,0.924504816532135,31,0.0213115606456995,false,13.5537748336792,13.78770923614502,13.175097465515137,71357.06884357387,41718.93649839228,42571.52523836786,16.450592041015625,4337.65966796875,23.29899787902832,1790.58935546875,18.554723739624023,2294.376708984375,1.181248903274536,0.1951174336801838,0.1587880451626156,12.759,12.496,12.447,0.024,0.027,0.029,AAA,14.291,0.331,14.057,0.047,13.667,0.103,13.124,0.242,15.950523276252005,0.072298558470643,17.124822616577152,0.0951216891407966,17.090193407682673,0.1133642183698597,1.0,4.02628001400403,3.783852879881655,14.941407203674316,0.0193819999694824,,,,,,,,,13.843,2,13.479,0,,,,,,
14.385288,-72.100685,00573246-7206024,14.385319354203332,-72.10063785131723,-0.0340761707847642,0.7048373513343997,-1.1557090392347855,1.3536834716796875,0.0109198382124304,0.0086653586477041,0.0105454493314027,-3.231362819671631,0.014228506013751,0.011369951069355,1.534029483795166,441.5312194824219,0.0,0.0,1.052836298942566,31,0.0204601399600505,false,13.421616554260254,14.184325218200684,12.567646980285645,80593.51815611086,28952.556298393814,74490.22712978182,28.023107528686523,2875.966552734375,44.510955810546875,650.4591064453125,76.92237854003906,968.3817749023438,1.2835124731063845,0.1732442506441769,0.519007402745198,11.467,10.737,10.598,0.024,0.025,0.027,AAA,16.812,0.069,15.336,0.032,13.855,0.038,11.081,0.192,18.231914619840826,0.2118293200332143,,,,,1.0,4.288556970907905,3.6080008752633743,17.540613174438477,0.0131660001352429,14.592827796936035,0.007949000224471,,,,,,,15.552,0,13.946,1,14.661,1,13.416,1,12.962,1
14.391292,-72.070297,00573391-7204130,14.391276745407806,-72.07023395732526,0.0242689859859022,0.7590730735240627,-1.297674140575705,1.5033795833587646,0.0133769996464252,0.0101650422438979,0.0128143168985843,1.893896222114563,0.0170162469148635,0.0136607456952333,7.203743934631348,634.404296875,0.0709372907876968,4.131192684173584,1.2643128633499146,31,0.0245206747204065,false,13.504741668701172,14.043437004089355,12.816166877746582,74653.5042577572,32964.15200521174,59250.42822873344,613.695556640625,121.64582824707033,1025.7435302734375,32.136837005615234,1206.9716796875,49.09015655517578,1.2352344989776611,0.2275824360668955,0.2934887024905541,12.047,11.614,11.536,0.024,0.024,0.022,AAA,15.672,0.031,15.164,0.023,13.991,0.032,11.984,0.255,16.211495795248762,0.0679300737798751,17.604862270196797,0.132486072353381,,,1.0,4.175404433816001,3.7159697800108624,16.590496063232422,0.0141439996659755,14.467082977294922,0.026342999190092,,,,,,,14.144,1,13.372,1,13.746,1,13.151,0,12.938,1
14.408075,-72.058754,00573793-7203315,14.408142880180831,-72.05869261883161,-0.0292269181332105,0.743070124615214,-1.2522723904356716,1.4561384916305542,0.0122748827561736,0.0090167876332998,0.011089626699686,-2.635518789291382,0.0154360868036746,0.0116583919152617,-2.544041395187378,294.5490417480469,0.0,2.0839807828764096E-15,0.9073285460472108,31,0.0224614590406417,false,13.426733016967772,14.1767578125,12.588677406311035,80214.62700379602,29155.049734421224,73061.26799890847,34.23781967163086,2342.8662109375,48.17774200439453,605.156005859375,84.27320861816406,866.9572143554688,1.2742853164672852,0.2334419972922843,0.0248745058031071,11.49,10.813,10.668,0.026,0.024,0.021,AAA,16.62,0.043,15.345,0.024,13.843,0.037,11.227,0.253,17.952769005237446,0.1696362544959334,18.5899680723884,0.2635373317407818,,,1.0,4.297691431838242,3.620660938002753,17.409194946289062,0.01299300044775,14.544855117797852,0.0422420017421245,,,,,,,15.229,4,13.829,1,14.508,1,13.38,1,12.927,1
14.44261,-72.705765,00574622-7242207,14.442563870080228,-72.70576074647887,0.0035635190776685,0.5405586945727663,-1.2275674572867783,1.3413149118423462,0.0100575238466262,0.0092093432322144,0.0108323553577065,0.3289699256420135,0.013061910867691,0.0127197988331317,-2.462738037109375,382.7196960449219,0.0,0.0,0.9075855016708374,31,0.0193489640951156,false,13.063298225402832,13.171224594116213,12.820688247680664,112105.62408422974,73608.36565803223,59004.200474285055,44.28992462158203,2531.1767578125,70.82620239257812,1039.281494140625,40.58597183227539,1453.8077392578125,1.1829252243041992,0.0516886702004827,0.7859057677251213,12.495,12.391,12.315,0.027,0.035,0.032,AAA,12.813,0.03,13.074,0.03,12.946,0.03,12.781,0.011,14.499796867370604,0.0438349395990371,,,,,1.0,4.254654567214556,3.835279918219984,13.94644546508789,0.0119209997355937,,,,,,,,,13.036,1,12.908,1,12.93,1,12.982,1,13.047,2
14.472133,-72.412888,00575331-7224463,14.472172294611678,-72.41283280356264,-0.0267593514531916,0.7286353508654313,-1.225930387575483,1.4261187314987185,0.0133720636367797,0.0120430132374167,0.014154776930809,-1.8904820680618288,0.0192669332027435,0.0168727207928895,8.838603019714355,651.5872802734375,0.0949309095740318,6.808878421783447,1.348896622657776,31,0.0277217496186494,false,13.42304515838623,13.895237922668455,12.769258499145508,80487.53380664994,37785.20221696037,61866.392884652814,1116.000244140625,72.12142944335938,2005.1953125,18.843652725219727,1955.28564453125,31.64059066772461,1.2380996942520142,0.2032523528489083,0.0124629268138556,12.406,11.968,11.841,0.023,0.024,0.023,AAA,15.418,0.189,15.324,0.018,14.028,0.061,12.682,0.242,15.880115772046349,0.0505795313543336,17.392538572697553,0.0855765467704354,17.77512364072987,0.1325341662424702,1.0,4.008224192431611,3.697498166248082,14.463055610656738,0.0158740002661943,,,,,,,,,,,,,,,,,,
14.472561,-72.083511,00575341-7205006,14.472606685058995,-72.08344360823175,-0.0131470500838276,0.7376431892242171,-1.2533028230459466,1.454264521598816,0.0125666167587041,0.0105245551094412,0.0128764510154724,-1.0210150480270386,0.0164958573877811,0.0137632861733436,-0.7226567268371582,353.5694580078125,0.0,0.0,0.9732837080955504,31,0.0234785806387662,false,13.899893760681152,14.665116310119627,13.055606842041016,51878.73197132911,18593.889923751693,47524.2858829376,18.66530418395996,2779.420654296875,24.6212100982666,755.1980590820312,54.03666305541992,879.4822387695312,1.2744755744934082,0.2478298496211636,0.0231139084656353,11.908,11.203,11.041,0.024,0.024,0.021,AAA,17.197,0.057,15.863,0.025,14.384,0.03,12.958,0.106,18.713829040527344,0.3228042423725128,,,,,1.0,4.11288274465806,3.608513883384824,18.01731300354004,0.0120740002021193,15.043335914611816,0.0049060001038014,,,,,,,15.86,5,14.382,1,15.101,1,13.892,1,13.406,1
14.481763,-72.422295,00575562-7225202,14.481807718280756,-72.42224357136686,-0.0019398065276646,0.751579296689705,-1.2670916695437162,1.473225235939026,0.0117931449785828,0.0113783255219459,0.012967593036592,-0.149588793516159,0.0165703520178794,0.0153462942689657,-1.5785295963287354,308.8741760253906,0.0,0.0,0.9410910606384276,31,0.0238487627357244,false,13.890955924987791,14.677038192749023,13.035374641418455,52307.53066979607,18390.839808661523,48418.164475636826,15.27572250366211,3424.226318359375,22.95878028869629,801.0372924804688,28.361881256103516,1707.15625,1.27723491191864,0.1914200419034032,0.0804676912359145,11.898,11.119,11.003,0.023,0.024,0.025,AAA,17.297,0.097,15.853,0.285,14.369,0.031,12.912,0.02,18.23,0.13,,,,,1.0,4.107925145431199,3.601686232985708,18.033727645874023,0.0126050002872943,15.061856269836426,0.0052539999596774,,,,,,,,,,,,,,,,
14.487046,-73.562134,00575689-7333436,14.487020565015287,-73.56215669620948,0.0192931830108001,0.5341772164195782,-1.2066031451978634,1.3195592164993286,0.0107841724529862,0.0095064276829361,0.01241897046566,1.55352520942688,0.0132669955492019,0.0125915193930268,0.8838813304901123,474.67730712890625,0.0589100196957588,3.7009661197662354,1.03393292427063,31,0.0193613935261964,false,12.32644271850586,13.05283260345459,11.51273250579834,220988.55986615564,82088.78018708379,196818.12025338731,515.5606689453125,428.6373596191406,750.2296142578125,109.41820526123048,1102.974609375,178.44302368164062,1.2620874643325806,0.085716408098308,0.8629782730633607,10.539,9.96,9.843,0.026,0.024,0.021,AAA,15.263,0.03,14.234,0.01,12.816,0.01,11.309,0.137,,,,,,,1.0,4.718310038867891,3.656657929931996,16.125341415405273,0.0061409999616444,13.289864540100098,0.0197139997035264,,,,,,,13.91,0,12.588,0,13.222,1,12.189,1,11.793,3
14.506239,-72.594238,00580149-7235392,14.506281974994222,-72.5942085232011,-0.0422316206171618,0.7567507370814519,-1.2613942657745731,1.4709817171096802,0.0112670017406344,0.0102104805409908,0.0121274795383214,-3.482308149337769,0.0163686703890562,0.0140509754419326,-1.287614345550537,376.6730651855469,0.0,0.0,0.9535309672355652,31,0.0227330140769481,false,13.718350410461426,13.86588191986084,13.4055757522583,61320.61001921708,38820.776694332766,34429.27651523381,21.270841598510746,2882.848388671875,100.80924224853516,385.0914306640625,93.70915985107422,367.4056701660156,1.1945421695709229,0.115769152497757,0.0653277693557229,12.93,12.836,12.768,0.033,0.046,0.035,AAA,14.086,0.031,14.116,0.093,13.703,0.193,13.374,0.018,15.401573209875863,0.048817665760285,15.778159951381964,0.0516497114154853,15.935495376586914,0.0599967651069164,1.0,4.104932065589361,3.846035590963287,14.802366256713867,0.0113730002194643,13.904162406921388,0.0285599995404481,13.558342933654783,0.2296379953622818,,,13.473931312561035,0.0506010018289089,13.478,1,13.332,1,13.376,1,13.36,0,13.413,0
14.507126,-72.326561,00580171-7219356,14.507212772536215,-72.32652293463664,-0.0117086105239725,0.7129419030229196,-1.2260973449010475,1.418309211730957,0.0101116709411144,0.0094973798841238,0.0107752410694956,-1.086621642112732,0.0140184788033366,0.0129460487514734,0.0785156488418579,361.2392578125,0.0,0.0,1.0020204782485962,31,0.0194884240627288,false,13.219273567199709,13.451923370361328,12.832566261291504,97104.08416253774,56839.16688249084,58362.20944683032,25.215900421142575,3850.906982421875,37.9574089050293,1497.4459228515625,24.43429183959961,2388.536865234375,1.186370015144348,0.1666511437383482,0.0107805077104757,12.362,12.136,12.072,0.023,0.024,0.027,AAA,13.793,0.02,13.724,0.02,13.336,0.02,12.771,0.01,15.417186251473682,0.048038146987399,16.7332097717529,0.0686725417526802,16.54470133899298,0.0753052474320401,1.0,4.2026229611160115,3.7910110671443737,14.51602554321289,0.0158350002020597,,,,,,,,,,,,,,,,,,
14.558781,-71.969238,00581410-7158092,14.558831396477528,-71.96918266829054,-0.0116825526528237,0.698370598613164,-1.2147632923704044,1.4012035131454468,0.0130864894017577,0.0108123552054166,0.0130282463505864,-0.8967095017433167,0.0161402653902769,0.0137231415137648,0.9148221015930176,351.3493957519531,0.0,2.1766470343389773E-15,1.0342453718185425,31,0.0231276433914899,false,13.776531219482422,14.521814346313477,12.941283226013184,58121.17893392908,21217.346355741574,52801.35054410536,23.32634925842285,2491.653564453125,33.59401321411133,631.5811767578125,46.212154388427734,1142.5858154296875,1.2735236883163452,0.2069586957780448,0.0473450175464377,11.834,11.157,10.974,0.022,0.022,0.019,AAA,16.991,0.073,15.656,0.024,14.246,0.029,11.966,0.167,17.971166335049404,0.1527032122922585,,,,,1.0,4.145090877137701,3.6103330924516537,17.817401885986328,0.0131679996848106,14.899799346923828,0.0060539999976754,,,,,,,15.768,4,14.256,1,14.981,4,13.783,2,13.327,1
14.596641,-72.359787,00582319-7221352,14.596728953791658,-72.35974882981925,-0.0409629514104579,0.8085976840023518,-1.3656447409546617,1.5870777368545532,0.0136979976668953,0.0131017016246914,0.014891049824655,-2.7508437633514404,0.0176476426422595,0.0168290808796882,2.1982390880584717,1225.602783203125,0.1425935924053192,26.20862579345703,1.0802066326141355,31,0.0249605290591716,false,12.260929107666016,12.336749076843262,12.093801498413086,234733.55436994467,158751.2878118711,115249.09957435283,104.482177734375,2246.63720703125,217.4802703857422,729.9572143554688,134.341552734375,857.8812255859375,1.1672825813293457,0.1675980217550063,1.3386511061557962,11.91,11.878,11.787,0.021,0.024,0.025,AAA,12.003,0.01,12.444,0.01,12.326,0.01,12.074,0.017,12.868931325231197,0.0425341944116871,13.413972156170525,0.0423309854967981,13.177145823965835,0.042532648031454,1.0,4.580853107727323,3.8764894023086462,12.860759735107422,0.0158130005002021,,,,,,,,,12.547,99,12.167,99,,,,,,
14.689378,-72.276627,00584545-7216358,14.689452791808243,-72.27661064127558,-0.0558318325690031,0.745539703732425,-1.195648448533893,1.4090439081192017,0.0122267724946141,0.0112685756757855,0.01275300886482,-4.377934455871582,0.0163169559091329,0.0152016105130314,-0.2782995998859405,355.7034912109375,0.0,0.0,0.9890167117118835,31,0.0230575334280729,false,13.940422058105469,14.72377586364746,13.082794189453123,49977.875537479325,17615.968246174667,46349.03168130414,14.346376419067385,3483.658447265625,20.919126510620117,842.0986328125,44.77994537353515,1035.0399169921875,1.279866337776184,0.1009285777501088,0.1627287517458333,11.917,11.174,11.031,0.021,0.022,0.023,AAA,17.397,0.178,15.918,0.025,14.429,0.034,12.95,0.01,18.60241557401935,0.2904564030279994,,,,,1.0,4.102869535733535,3.603787434942212,18.350759506225582,0.0136590003967285,15.124502182006836,0.0063049998134374,,,,,,,15.762,5,14.336,1,14.999,1,13.962,1,13.475,1
14.71651,-72.348312,00585196-7220539,14.716549410873442,-72.34830059866357,-0.0369757028231225,0.734625496578396,-1.2595239457190606,1.4581067562103271,0.0112287737429142,0.0103051392361521,0.0119616538286209,-3.0911865234375,0.014518242329359,0.0133138317614793,-0.8924974799156189,357.3436584472656,0.0,2.0172974788291043E-15,0.9676636457443236,31,0.0202901903539896,false,13.80821704864502,14.57138729095459,12.96545124053955,56449.49152567067,20270.38179336704,51638.98006069048,21.790542602539062,2590.550048828125,32.07892608642578,631.8909301757812,61.09042739868164,845.28759765625,1.273870825767517,0.0594606356956408,0.0392444575948196,11.841,11.111,10.966,0.021,0.026,0.021,AAA,16.977,0.034,15.795,0.023,14.275,0.041,12.848,0.014,18.624221758699953,0.2559284101624067,,,,,1.0,4.136842381310022,3.606482004994043,17.91309928894043,0.0127360001206398,14.944186210632324,0.0059659997932612,,,,,,,,,,,,,,,,
14.722887,-72.360008,00585349-7221360,14.72295071174,-72.35997261246236,-0.0482663273350928,0.6762261535007366,-1.2930303600196498,1.4591810703277588,0.0103651285171508,0.0092176953330636,0.0108845178037881,-4.434401988983154,0.0130900973454117,0.0118502201512455,-1.4324240684509275,416.45989990234375,0.0,0.0,0.9482452273368835,31,0.0182204600423574,false,13.370445251464844,13.481130599975586,13.15699863433838,84482.85123280027,55330.52683074398,43287.13546139164,24.863035202026367,3397.929931640625,37.97053146362305,1457.196533203125,21.52587127685547,2010.935302734375,1.1673098802566528,0.14512219205289,0.324900259306963,12.868,12.777,12.734,0.023,0.021,0.029,AAA,13.565,0.051,13.54,0.156,13.633,0.368,13.13,0.025,14.914113056397994,0.0465296583216391,15.642187989668257,0.0505416827272981,15.46248275440488,0.0518827983437383,1.0,4.1758925745156645,3.8667105994637736,14.209684371948242,0.0159430000931024,,,,,,,,,13.536,1,13.385,1,13.413,1,13.478,1,13.532,4
14.727953,-72.849892,00585470-7250596,14.72792000193913,-72.8499387450204,-0.0211626868138379,0.7875068634312998,-1.1500183021510368,1.3938109874725342,0.0125332213938236,0.0098913526162505,0.011629581451416,-1.8197290897369385,0.0142094111070036,0.0130677642300724,-0.532861053943634,300.13751220703125,0.0,0.0,0.9781190156936646,31,0.0210663862526416,false,13.37296199798584,14.094904899597168,12.544041633605955,84287.23078982481,31438.003818864512,76127.51829966462,47.77967071533203,1764.0814208984375,74.22945404052734,423.524658203125,128.61245727539062,591.9140625,1.2761781215667725,0.1718892067853642,0.7769132054985679,11.493,10.823,10.632,0.023,0.026,0.021,AAA,16.761,0.072,15.2,0.019,13.825,0.071,12.413,0.014,18.006595929826368,0.1755312050726431,,,,,1.0,4.2811125123817275,3.6100710833289984,17.367868423461914,0.009545000270009,14.417824745178224,0.0050519998185336,,,,,,,15.231,3,13.784,2,14.457,1,13.341,2,12.886,3
14.729435,-72.552078,00585506-7233074,14.729494230014526,-72.55207856602618,-0.046021998245388,0.7493935052458764,-1.1658713911518683,1.3859461545944214,0.0121501050889492,0.0110266199335455,0.0132429618388414,-3.4752044677734375,0.0175829567015171,0.0153991924598813,-0.0874400362372398,343.4345397949219,0.0,0.0,0.9957457184791564,31,0.0248435344547033,false,13.77321720123291,14.34043025970459,13.058093070983888,58298.85448311726,25075.227625254443,47415.55026479774,446.0771789550781,130.6923065185547,712.1907348632812,35.20858383178711,976.0942993164062,48.576812744140625,1.243433952331543,0.0639665089366889,0.443939459621455,12.139,11.707,11.604,0.026,0.035,0.027,AAA,15.706,0.04,15.254,0.019,13.936,0.057,12.908,0.099,17.683505155366856,0.1245480539168155,18.359788260099982,0.1797806163527918,,,1.0,4.12727020638415,3.707664505144991,17.002166748046875,0.0132959997281432,14.767288208007812,0.0110640004277229,13.775472640991213,0.0211909990757703,,,,,14.107,3,13.331,0,13.753,2,13.042,1,12.76,2
14.733524,-71.976097,00585604-7158339,14.73362645403625,-71.97606526435364,-0.0066372356049064,0.7406513670888304,-1.2474072794323303,1.4507203102111816,0.0132224177941679,0.0113800857216119,0.0138427624478936,-0.479473352432251,0.016734404489398,0.0149500770494341,-0.2357212007045745,363.1016540527344,0.0,0.0,0.9905735850334167,31,0.0239551793783903,false,14.073732376098633,14.803659439086914,13.255337715148926,44203.205102636326,16366.399891073086,39538.76251255543,13.103843688964844,3373.30078125,21.762704849243164,752.0388793945312,36.772647857666016,1075.2220458984375,1.2647309303283691,0.1614826320614563,0.0144108731477738,12.141,11.45,11.294,0.021,0.021,0.021,AAA,17.162,0.036,15.915,0.064,14.527,0.028,13.194,0.483,18.72,0.2,,,,,1.0,4.027336382363594,3.613794345186224,18.03603744506836,0.0227129999548196,15.148467063903809,0.0067179999314248,,,,,,,,,,,,,,,,
14.739664,-72.288078,00585751-7217170,14.739751233518191,-72.28805159850414,-0.023335239736514,0.827259614660929,-1.2432750257922376,1.4933489561080933,0.0131277944892644,0.0115165133029222,0.0134944459423422,-1.7292476892471311,0.0171618070453405,0.0148137379437685,-0.1465174406766891,371.5018310546875,0.0,0.0,0.9938421249389648,31,0.0240307208150625,false,14.13528823852539,14.825481414794922,13.321123123168944,41766.81704375452,16040.743130628864,37214.23719200395,10.306516647338867,4052.466796875,38.80978012084961,413.3170471191406,30.661376953125,1213.717041015625,1.2750548124313354,0.134765425850749,0.2667668128227496,12.227,11.553,11.402,0.024,0.03,0.026,AAA,16.99,0.046,15.886,0.032,14.519,0.047,13.198,0.011,17.462810516357422,0.1480708569288253,16.92906379699707,0.1005517318844795,,,1.0,4.00170096099899,3.619826397713927,18.02593421936035,0.0131219998002052,15.210042953491213,0.0063780001364648,14.744791030883787,0.0267769992351531,,,,,,,,,,,,,,
14.775518,-71.783722,00590612-7147013,14.775534875658677,-71.78373980765909,0.0062166652212891,0.7191777856783073,-1.3044694812226678,1.489582896232605,0.0129705276340246,0.0104596344754099,0.0123201478272676,0.5045934319496155,0.0151129690930247,0.0138023467734456,-2.664797306060791,259.8552551269531,0.0,0.0,0.8981778621673584,31,0.0221578925848007,false,13.64258098602295,14.402722358703612,12.801998138427734,65752.81933386486,23677.073995551655,60028.70886673355,38.131893157958984,1724.352294921875,53.3593864440918,443.7283630371094,73.03314971923828,821.9378051757812,1.2730371952056885,0.0668614758766424,0.3562276584325388,11.71,11.015,10.865,0.026,0.023,0.024,AAA,16.885,0.034,15.664,0.03,14.093,0.068,12.689,0.086,,,,,,,1.0,4.200527671971228,3.614334824858832,17.769222259521484,0.0118840001523494,14.8031005859375,0.0062489998526871,,,,,,,15.675,4,14.084,1,14.8,7,13.602,1,13.13,1
14.804474,-72.377014,00591307-7222372,14.804488514297178,-72.3769912851651,-0.0252508967787023,0.734439014846735,-1.2399370095736824,1.4411261081695557,0.0131278373301029,0.0124042993411421,0.0147941224277019,-1.7068195343017578,0.0175031255930662,0.016534000635147,-1.4433456659317017,322.1477966308594,0.0,0.0,0.946382701396942,31,0.0245971456170082,false,14.176568984985352,14.929485321044922,13.336600303649902,40208.616737401266,14575.481931546015,36687.492149716294,9.4600830078125,4250.34521484375,18.92158889770508,770.3096313476562,32.49293518066406,1129.09130859375,1.2749251127243042,0.0832894884160939,0.0041161731700785,12.196,11.5,11.362,0.026,0.033,0.029,AAA,17.342,0.076,16.031,0.087,14.567,0.031,13.196,0.014,18.81587600708008,0.3000051081180572,19.12944221496582,0.354110985994339,,,1.0,4.010511251504701,3.617337888135071,18.214405059814453,0.0125909997150301,15.4417724609375,0.0057620001025497,14.143657684326172,0.0116370003670454,13.67214012145996,0.0185100007802248,,,15.088,16,14.173,1,14.68,4,13.776,1,,
14.821316,-71.810242,00591711-7148368,14.821366009477478,-71.81026844063861,-0.0090409522003054,0.7496270537938483,-1.276339120792973,1.4801967144012451,0.0136590925976634,0.0114744147285819,0.0140945371240377,-0.641450822353363,0.0162355564534664,0.0150174554437398,-0.3530639410018921,329.8171081542969,0.0,0.0,0.9857154488563538,31,0.0231383256614208,false,14.05659294128418,14.80881118774414,13.216645240783691,44906.54923740427,16288.930656891993,40973.233974420626,13.470430374145508,3333.713134765625,29.906280517578125,544.6658935546875,33.3810920715332,1227.4383544921875,1.275140643119812,0.1105391718980141,0.1252163993033002,12.055,11.325,11.166,0.023,0.022,0.023,AAA,16.905,0.036,16.002,0.03,14.538,0.026,13.14,0.093,,,,,,,1.0,4.0467785584575235,3.6030757205981834,17.732101440429688,0.0168459992855787,15.14109230041504,0.0054620001465082,,,14.347960472106934,0.0550669990479946,,,15.928,4,14.511,1,,,,,,
14.872271,-72.330978,00592934-7219515,14.872280812053976,-72.33095312067583,-0.0104713815288879,0.7540617702728947,-1.2634086393815045,1.4713295698165894,0.0110249482095241,0.0102154351770877,0.0115972766652703,-0.9029172658920288,0.0141392843797802,0.0131983952596783,-0.532873272895813,363.9906921386719,0.0,0.0,0.980236828327179,31,0.0196371339261531,false,13.690540313720703,14.424635887145996,12.85214614868164,62911.5985922124,23203.977011223233,57319.12695298959,21.3491268157959,2946.799560546875,41.04514694213867,565.328125,55.502323150634766,1032.73388671875,1.279940485954285,0.0902049714778706,0.0689267600163346,11.73,11.042,10.9,0.024,0.023,0.023,AAA,16.469,0.06,15.474,0.031,14.043,0.05,12.714,0.011,17.591,0.177,,,,,1.0,4.198508867806062,3.6184408712790006,17.667491912841797,0.0142099997028708,14.755423545837402,0.0100279999896883,,,,,,,,,,,,,,,,
14.916991,-72.226891,00594007-7213368,14.9170685467849,-72.22684271169936,-0.0137895280759611,0.883260030860662,-1.3509070342757974,1.6140316724777222,0.012244651094079,0.0111022926867008,0.0126663967967033,-1.0886701345443726,0.0165698379278183,0.0144728543236851,0.3154097497463226,791.6913452148438,0.106754645705223,12.407966613769531,1.010456919670105,31,0.0232768282294273,false,12.709039688110352,12.828269004821776,12.476327896118164,155357.00297158363,100950.67591683808,81026.51562544791,41.02405548095703,3786.973388671875,60.153053283691406,1678.2303466796875,36.567405700683594,2215.8125,1.1713484525680542,0.1936009985374941,1.4318060618726338,12.175,12.043,11.997,0.022,0.023,0.021,AAA,12.903,0.01,12.944,0.01,12.766,0.01,12.422,0.01,14.270849307635222,0.0484011366725973,15.082979765928847,0.0539385283584611,14.830159933474652,0.0535460328159112,1.0,4.3851850264266155,3.836394586263227,13.605761528015137,0.0194540005177259,,,,,,,,,12.969,1,12.767,1,,,,,12.822,1
14.925954,-72.163506,00594222-7209486,14.925970750284757,-72.16347324584854,-0.0188935655861581,0.6741689561169872,-1.2123111196473704,1.3871561288833618,0.0115864006802439,0.01018488407135,0.012143206782639,-1.5558959245681765,0.01511518843472,0.0130511047318577,0.1436900794506073,354.4485168457031,0.0,0.0,1.0043891668319702,31,0.0212861653417348,false,13.67513656616211,14.471088409423828,12.812694549560549,63810.48024250511,22232.158643310748,59440.23929732753,24.153581619262695,2641.864013671875,34.67803955078125,641.1019287109375,71.3479995727539,833.1030883789062,1.2799214124679563,0.1193527843264633,0.0904115864032872,11.636,10.906,10.747,0.022,0.023,0.021,AAA,17.265,0.088,15.701,0.039,14.175,0.042,11.447,0.159,18.65335464477539,0.3558193147182465,,,,,1.0,4.214378558457524,3.6030757205981834,18.13067626953125,0.0143389999866485,14.865435600280762,0.0069530000910162,,,,,,,15.632,6,14.156,1,14.928,1,13.636,1,13.085,1
15.005334,-72.48336,01000128-7229000,15.005411114475129,-72.48337446566966,-0.006768594071617,0.7312095418113713,-1.2584060884251702,1.455422043800354,0.0108257681131362,0.0096460347995162,0.0114211048930883,-0.5926392078399658,0.0155766159296035,0.0129048442468047,-3.462135076522827,538.5192260742188,0.0600434616208076,3.2994580268859863,0.8765615224838257,31,0.0216901954263448,false,13.027547836303713,13.104813575744627,12.877824783325195,115858.41963170878,78251.30997596557,55979.38809687985,37.15023040771485,3118.64599609375,63.27043914794922,1236.775146484375,21.43819999694824,2611.1982421875,1.1585752964019775,0.0984562299446147,0.03461446787281,12.669,12.56,12.591,0.021,0.029,0.029,AAA,12.943,0.02,13.144,0.02,13.046,0.02,12.829,0.018,14.001430512885332,0.045359167899573,14.304026033676267,0.045609573256167,14.2426453450814,0.0474879174657378,1.0,4.396702905481385,3.929856886615704,13.761846542358398,0.0193719994276762,,,,,,,,,,,,,,,,,,
15.007992,-72.017464,01000191-7201028,15.008091461341843,-72.01743523588105,-0.0207023817013396,0.7649161515383001,-1.2010758512727948,1.4239662885665894,0.0102627296000719,0.0095802620053291,0.0108393589034676,-1.9099267721176147,0.0134227368980646,0.012257982045412,-1.7133944034576416,316.80511474609375,0.0,0.0,0.93519788980484,31,0.0191033873707056,false,13.233169555664062,13.504847526550291,12.800847053527832,95869.12136559893,54134.97330017184,60092.36719990443,19.224016189575195,4986.9453125,46.86018753051758,1155.2445068359375,26.76095199584961,2245.524169921875,1.1914925575256348,0.1514680342430856,0.1688396703187137,12.299,11.988,11.92,0.024,0.027,0.024,AAA,13.903,0.01,13.834,0.01,13.376,0.01,12.33,0.225,15.628952094690431,0.0532451580785381,16.93881103833735,0.0835220134697857,16.995476660316438,0.1017255434816934,1.0,4.158911973696648,3.7618795175621496,14.713972091674805,0.0158420000225305,,,,,,,,,13.851,1,13.433,1,,,,,,
15.026778,-72.428185,01000642-7225414,15.026856883490636,-72.4281847939168,-0.0428214116219678,0.7667160577461224,-1.2208857469401648,1.4416711330413818,0.0116061102598905,0.0103980107232928,0.0123331537470221,-3.4720568656921387,0.0161424539983272,0.013219223357737,-2.0155136585235596,304.6441345214844,0.0,0.0,0.926250696182251,31,0.0224491916596889,false,13.673013687133787,14.470100402832031,12.810132026672363,63935.41004915604,22252.38745854849,59580.65434781182,27.300432205200195,2341.91943359375,36.1978759765625,614.742919921875,65.61693572998047,908.0072631835938,1.279932975769043,0.0857372159190481,0.079909604872416,11.64,10.917,10.768,0.02,0.022,0.023,AAA,16.978,0.04,15.737,0.022,14.195,0.037,12.652,0.015,18.752967834472656,0.3194714784622192,,,,,1.0,4.218287197158831,3.607237523040355,17.928546905517578,0.0124850003048777,14.862787246704102,0.0058630001731216,,,,,,,,,,,,,,,,
15.054616,-72.334679,01001310-7220048,15.054638988190788,-72.3346690805886,-0.0308702267263632,0.7222870775072656,-1.2293999412589751,1.4258761405944824,0.0102916117757558,0.0093510570004582,0.0108237396925687,-2.85208511352539,0.0143734393641352,0.0120740244165062,-2.6021652221679688,307.2510986328125,0.0,0.0,0.9039767384529114,31,0.0202318634837865,false,13.340164184570312,13.536812782287598,12.99629020690918,86872.23550941845,52564.4083697466,50192.875023805624,22.54022216796875,3854.098388671875,38.095821380615234,1379.7945556640625,24.63527488708496,2037.439208984375,1.182855248451233,0.0436563077993108,0.0051588277942715,12.579,12.325,12.257,0.024,0.027,0.026,AAA,13.663,0.01,13.764,0.01,13.436,0.01,12.912,0.01,14.384703500391687,0.0458991087538654,14.615018360499446,0.0464308170829686,14.57785200666206,0.0473885304628447,1.0,4.090426126171975,3.780616382737289,14.4586763381958,0.0158489998430013,,,,,,,,,13.753,1,13.426,1,13.56,2,13.37,2,13.356,2
15.056647,-72.352814,01001359-7221101,15.056695092154316,-72.35280360652972,-0.0323246932959825,0.7513459969784433,-1.2095676705696787,1.4239293336868286,0.0128956940025091,0.0118978414684534,0.0139069352298974,-2.324357748031616,0.0165148992091417,0.014907675795257,-1.670525312423706,322.66290283203125,0.0,0.0,0.9386728405952454,31,0.022914383560419,false,14.123416900634766,14.848138809204102,13.30402660369873,42225.99699438692,15709.458064699513,37804.86611351844,9.058528900146484,4661.462890625,17.946712493896484,875.3390502929688,24.119205474853516,1567.4176025390625,1.2673312425613403,0.0644573224249827,0.0922384256913703,12.221,11.519,11.391,0.023,0.023,0.021,AAA,17.158,0.101,15.936,0.02,14.536,0.032,13.154,0.016,,,,,,,1.0,4.002108867806062,3.6184408712790006,17.966339111328125,0.0123579995706677,15.173919677734377,0.0074649997986853,15.139345169067385,0.0790160000324249,14.237521171569824,0.1452009975910186,,,15.842,2,14.483,2,15.149,2,14.082,6,13.629,3
15.098814,-72.631149,01002371-7237521,15.09889748250274,-72.63117078398119,-0.0457441663950176,0.775647951595978,-1.17315851002612,1.406389236450195,0.0129066845402121,0.0118333352729678,0.0136909410357475,-3.3411996364593506,0.0178597494959831,0.0150953372940421,0.1745176166296005,367.47943115234375,0.0,0.0,1.0055071115493774,31,0.0249728318303823,false,14.065471649169922,14.782867431640623,13.238706588745115,44540.80237551427,16682.83029357373,40149.08614371639,13.548245429992676,3287.56982421875,21.592248916625977,772.6304931640625,37.00242233276367,1085.0394287109375,1.2759517431259155,0.1191602901945274,0.436214049301925,12.13,11.447,11.285,0.026,0.029,0.024,AAA,16.962,0.038,15.901,0.02,14.406,0.041,13.094,0.013,18.540644417492768,0.2100256796881104,19.33675765991211,0.3261416852474213,,,1.0,4.032527671971229,3.614334824858832,17.896699905395508,0.0118140000849962,15.10625457763672,0.0068359998986124,,,,,,,15.712,1,14.374,1,15.064,0,13.965,0,13.526,1
15.138538,-72.563477,01003324-7233485,15.138650617341233,-72.56349239160156,-0.0193011002528076,0.6808748138572287,-1.2086855723133096,1.3872675895690918,0.012814424932003,0.0118067292496562,0.0137689597904682,-1.401783466339111,0.0171880517154932,0.0147324744611978,-0.7159734964370728,332.90118408203125,0.0,0.0,0.9726744890213012,31,0.023992970585823,false,14.000590324401855,14.78111171722412,13.14716911315918,47283.59844854845,16709.83785223319,43680.78448039047,18.89265251159668,2502.750732421875,33.942832946777344,492.2935485839844,45.34745407104492,963.2467041015624,1.2772002220153809,0.1335241398914851,0.0914213988920733,11.97,11.289,11.097,0.02,0.023,0.019,AAA,17.26,0.05,16.007,0.024,14.471,0.036,13.004,0.011,18.736474005922524,0.2519944964040776,,,,,1.0,4.085936021920098,3.606984788095195,18.17545509338379,0.0142869995906949,15.1633939743042,0.008729999884963,,,,,,,15.889,1,14.428,1,15.137,1,14.007,2,13.492,7
15.145673,-72.366623,01003496-7221598,15.145740522611057,-72.3666231708755,-0.0196403074321931,0.7778287301963257,-1.219105685233182,1.446110725402832,0.0121160978451371,0.0111587550491094,0.0131030203774571,-1.4989144802093506,0.0168304052203893,0.0138190751895308,-0.1230097413063049,321.4119567871094,0.0,0.0,0.9942781925201416,31,0.0235235821455717,false,13.803862571716309,14.543462753295898,12.968268394470217,56676.35092670613,20798.480026746885,51505.15208881854,23.122438430786133,2451.140625,43.08676528930664,482.7115783691406,53.141658782958984,969.204833984375,1.275728464126587,0.0736380288053046,0.1154666701123312,11.89,11.203,11.036,0.024,0.023,0.023,AAA,17.126,0.048,15.654,0.026,14.181,0.039,12.826,0.016,,,,,,,1.0,4.124994027725458,3.6119185763327737,17.81203842163086,0.012462000362575,14.897659301757812,0.0052749998867511,,,,,,,,,,,,,,,,
15.154256,-72.690392,01003702-7241254,15.154391276639087,-72.69043512002361,-0.0080385756930315,0.6986178160611951,-1.288516021603164,1.465721845626831,0.0112656559795141,0.0106408670544624,0.0117854261770844,-0.6820776462554932,0.0142386378720402,0.0131268808618187,0.5009385347366333,379.8902587890625,0.0,2.0592198922457986E-15,1.0173218250274658,31,0.0205223690718412,false,13.687308311462402,14.42178440093994,12.867435455322266,63099.11504950703,23265.00527623983,56517.62012272707,37.48517990112305,1683.308349609375,54.95073318481445,423.37933349609375,104.77101135253906,539.439453125,1.26440167427063,0.2123498779023291,0.2328069392289055,11.789,11.142,11.001,0.022,0.025,0.023,AAA,16.692,0.037,15.52,0.015,14.139,0.043,12.721,0.013,18.53196909532905,0.2586184949420189,,,,,1.0,4.191030098129902,3.630232242889026,17.628767013549805,0.012419999577105,14.762958526611328,0.0091019999235868,,,,,,,15.436,6,14.089,1,14.765,1,13.643,1,13.233,1
15.201425,-73.687996,01004834-7341167,15.201475526641367,-73.68800690057198,0.0377659190718839,0.7421364426533059,-1.1996174647163742,1.4106199741363523,0.0128533085808157,0.0121961794793605,0.0137300482019782,2.750603675842285,0.0163750350475311,0.0157911758869886,-1.2468609809875488,673.2335815429688,0.1054322496056556,9.530420303344728,0.9529826641082764,31,0.0230727158486843,false,13.013809204101562,13.085061073303224,12.87025547027588,117333.75104311702,79687.91815429552,56371.05806223689,41.6672477722168,2815.970703125,42.601863861083984,1870.526611328125,29.73284912109375,1895.91845703125,1.159589409828186,0.0644204392520138,0.1314346949525645,12.654,12.585,12.547,0.024,0.022,0.026,AAA,13.234,0.043,13.105,0.187,12.964,0.161,12.78,0.152,,,,,,,1.0,4.319513780112791,3.8927662353296073,13.72016429901123,0.0036949999630451,,,,,,,,,13.125,3,13.057,0,13.039,0,13.136,0,13.282,3
15.210984,-72.48114,01005063-7228521,15.211068636618313,-72.48113269090568,-0.0149251123375636,0.7090331829944791,-1.2415517896355803,1.4297478199005127,0.0106013948097825,0.0095924315974116,0.0114211346954107,-1.3067976236343384,0.013874564319849,0.0115514397621154,-2.520595073699951,384.1705627441406,0.0234637577086687,0.4688347578048706,0.9035423398017884,31,0.0193824376910924,false,13.122340202331545,13.217658042907717,12.93748664855957,106172.15096788404,70526.73367575007,52986.305532196835,36.75215530395508,2888.86865234375,50.54121017456055,1395.4302978515625,24.132776260375977,2195.61572265625,1.1633280515670776,0.0954180305502236,0.0058275476555762,12.706,12.585,12.619,0.026,0.025,0.024,AAA,13.183,0.02,13.294,0.02,13.156,0.02,12.894,0.014,14.456050382690549,0.0469184237234948,15.016543872924029,0.0488814665355137,14.87406862702074,0.0507986006031157,1.0,4.353330121470743,3.917165542271724,13.944771766662598,0.0194789990782737,,,,,,,,,,,,,,,,,,
15.267479,-72.440582,01010419-7226260,15.267478098721496,-72.44056226206048,-0.0029257286460944,0.7454348214407248,-1.225517558866907,1.4344220161437988,0.0126518178731203,0.0119739640504121,0.0140032973140478,-0.2089314013719558,0.0179425533860921,0.0147911282256245,-1.4979569911956787,413.4127197265625,0.0321733765304088,0.544064462184906,0.9438671469688416,31,0.0250847488641738,false,13.991718292236328,14.053437232971191,13.868005752563477,47671.5717244748,32661.95554027788,22488.25531468591,17.337093353271484,2749.6865234375,28.960344314575195,1127.8165283203125,21.78235244750977,1032.4071044921875,1.1568783521652222,0.0710633245174699,0.0282679607645453,13.69,13.606,13.626,0.032,0.042,0.043,AAA,13.945,0.029,14.118,0.039,14.013,0.053,13.794,0.078,15.058208827804416,0.0486356060666687,15.466520526216136,0.0508563756025823,15.344676391109418,0.0530566412601253,1.0,4.03851073403623,3.952027018129213,14.677868843078612,0.0115900002419948,14.22428035736084,0.2710709869861603,14.120787620544434,0.0241449996829032,14.972326278686523,0.0629450008273124,13.272499084472656,0.1736630052328109,14.021,1,13.942,1,13.909,1,14.037,0,14.15,1
15.302052,-72.268593,01011249-7216069,15.302080815322546,-72.26856943407623,-0.0275631064894999,0.7628051767928063,-1.3114863565957735,1.517190933227539,0.0142493909224867,0.013338403776288,0.0152149787172675,-1.811577081680298,0.0196365024894475,0.0161947924643754,1.848694324493408,1018.3065795898438,0.1348265260457992,19.889413833618164,1.0689263343811035,31,0.0278322361409664,false,12.699310302734377,12.762787818908691,12.541573524475098,156755.47325004102,107226.38521099548,76300.72777036941,49.60806655883789,3159.878662109375,78.92281341552734,1358.6234130859375,50.90717697143555,1498.8206787109375,1.1707860231399536,0.0905289794179595,0.435035575427831,12.33,12.243,12.195,0.022,0.027,0.024,AAA,12.643,0.03,12.814,0.03,12.726,0.03,12.507,0.009,13.747087257949842,0.0439251965729924,14.10112793682942,0.0449218347442944,13.994898199231123,0.0456691718108694,1.0,4.389227998428851,3.865872919730731,13.385784149169922,0.0158140007406473,,,,,,,,,12.801,1,12.704,1,12.695,0,12.747,1,12.857,2
15.340866,-71.954842,01012180-7157174,15.340899899835897,-71.95482208896873,-0.0061123179101034,0.7746599016143005,-1.2424511142624055,1.464166283607483,0.0104740681126713,0.0099520776420831,0.0112297357991337,-0.5442975759506226,0.0126573601737618,0.0126035138964653,-2.5245933532714844,360.5538330078125,0.0124386399984359,0.1379140764474868,0.9004146456718445,31,0.0184327829629182,false,13.066309928894045,13.171107292175291,12.872382164001465,111795.14590750478,73616.29383065022,56260.74765657217,65.86637878417969,1697.3021240234375,50.39449691772461,1460.80029296875,32.28132629394531,1742.826416015625,1.1617413759231567,0.0810376691637589,0.0674751673731712,12.621,12.474,12.452,0.026,0.022,0.029,AAA,13.193,0.01,13.284,0.01,13.126,0.01,12.616,0.255,14.612455362955265,0.0461960942936957,15.345036639083414,0.0525916829422253,15.168430253725097,0.0531799834594709,1.0,4.218670275109215,3.841651343739138,13.908563613891602,0.0158360004425048,,,,,,,,,13.289,1,13.123,1,13.132,1,13.163,1,13.249,1
15.444264,-72.437416,01014662-7226146,15.444281221643664,-72.43740853535952,-0.0030618033524496,0.7543977165753604,-1.2392936242810022,1.4508496522903442,0.0134304789826273,0.0131714083254337,0.0154350539669394,-0.1983668655157089,0.0200031343847513,0.0173325724899768,-0.9459707736968994,291.5450439453125,0.0,0.0,0.9620540738105774,31,0.0297192148864269,false,14.035162925720217,14.778763771057127,13.20065975189209,45801.69503468371,16746.01422225601,41580.940918690176,13.695404052734377,3344.311279296875,28.412038803100582,589.3985595703125,40.53717422485352,1025.7484130859375,1.273467183113098,0.0327432556693502,0.0256214211020096,12.132,11.391,11.277,0.024,0.023,0.023,AAA,17.013,0.045,15.915,0.348,14.434,0.029,13.077,0.014,18.82933978604095,0.2881949029578551,,,,,1.0,4.027806636024296,3.611652804809298,17.94834327697754,0.0122039997950196,15.129145622253418,0.0056770001538097,,,,,,,15.839,4,14.478,1,15.136,2,14.005,1,13.579,2
15.444664,-72.562927,01014671-7233465,15.444720164081852,-72.562934941177,-0.0127734349393276,0.7864961625466362,-1.3442320212593917,1.5574132204055786,0.0142820235341787,0.0134525531902909,0.0155163183808326,-0.8232258558273315,0.0194467045366764,0.0162463188171386,1.81792950630188,964.4356079101562,0.1302940249443054,17.098440170288086,1.0690115690231323,31,0.0270006898790597,false,12.7286376953125,12.79149341583252,12.566632270812988,152577.96625509832,104428.65132168694,74559.92414619276,49.02906036376953,3111.990478515625,70.29246520996094,1485.630859375,36.662654876708984,2033.6749267578125,1.1730958223342896,0.0669940496839227,0.9142773106399514,12.346,12.286,12.255,0.029,0.031,0.031,AAA,12.063,0.03,12.504,0.02,12.476,0.02,12.535,0.008,,,,,,,1.0,4.485474515391507,3.9118841074086497,13.428443908691406,0.0275740008801221,,,,,,,,,,,,,,,,,,
15.456195,-72.095955,01014948-7205454,15.45622529308474,-72.09591697335804,0.0054463612785173,0.7870562271966662,-1.303142347734625,1.522378921508789,0.0146444514393806,0.0122825391590595,0.0145896868780255,0.3733021318912506,0.0205045603215694,0.0152720715850591,0.7222488522529602,667.4557495117188,0.104898065328598,10.013426780700684,1.0270673036575315,31,0.0298284124583005,false,12.94872760772705,13.468303680419922,12.259982109069824,124582.13004508147,55988.05256282503,98892.95436662735,1131.479736328125,110.1054916381836,1864.4951171875,30.02853202819824,2318.732666015625,42.64957046508789,1.2432039976119995,0.1409414576345455,0.3923426014690073,11.419,10.908,10.785,0.023,0.023,0.019,AAA,15.501,0.06,14.525,0.081,13.66,0.058,12.14,0.154,16.014505458940466,0.0603079170662533,17.148231506347653,0.1067163944244384,,,1.0,4.381591181532421,3.6752855369147417,15.13241958618164,0.0119960000738501,13.167774200439451,0.0178139992058277,,,,,,,13.737,2,12.885,1,13.29,1,12.639,0,12.379,0
15.554542,-72.939476,01021309-7256221,15.554516013613148,-72.93952531990985,-0.0187812071190709,0.8095973862993388,-1.31125159878946,1.5410479307174685,0.0137681728228926,0.0126939574256539,0.01400753762573,-1.340792894363403,0.0166551731526851,0.0148054109886288,-0.9409810900688172,295.61260986328125,0.0,0.0,0.9624246954917908,31,0.0239338222891092,false,14.07719898223877,14.813962936401367,13.2523193359375,44062.314691660395,16211.814996428377,39648.82557835342,15.953096389770508,2761.991455078125,29.4752254486084,550.0149536132812,40.1997184753418,986.2960815429688,1.2677645683288574,0.1796604758372273,0.5400116270986258,12.153,11.442,11.282,0.024,0.023,0.019,AAA,17.387,0.04,15.908,0.016,14.595,0.03,13.12,0.013,18.70879777396362,0.2748016264956078,,,,,1.0,4.013441144571006,3.607491128260298,18.00157928466797,0.0063169999048113,15.351643562316896,0.0036669999826699,13.79173183441162,0.0648820027709007,,,,,,,,,,,,,,
15.61304,-72.279282,01022712-7216454,15.613094933740724,-72.27929577716783,-0.01856380668973,0.882859668224327,-1.3752727655468688,1.634263277053833,0.0128631703555583,0.0116078723222017,0.0135214831680059,-1.3729119300842283,0.0177540611475706,0.0144585855305194,4.426546096801758,911.170166015625,0.1128342449665069,13.55550765991211,1.1670342683792114,31,0.0251510515809059,false,12.716626167297363,12.8633394241333,12.442724227905272,154275.27257954678,97741.93640271034,83573.46933876847,45.96115493774414,3356.644775390625,59.40585708618164,1645.324951171875,47.697418212890625,1752.1591796875,1.175271987915039,0.0779953494772249,1.864092001780807,12.1,11.955,11.883,0.022,0.025,0.023,AAA,13.023,0.02,13.034,0.01,12.796,0.01,12.376,0.009,14.5995838374441,0.0472185823085485,15.58294292619258,0.0558169564829507,15.450908024853671,0.0590950162817211,1.0,4.371505320635679,3.817460303738953,13.748473167419434,0.0159089993685483,,,,,,,,,13.0,1,12.785,0,12.831,0,12.775,1,12.8,2
15.645905,-72.505547,01023501-7230199,15.645944714726893,-72.50555200793683,-0.0244099782316885,0.7965236975703447,-1.2431367341414317,1.4764277935028076,0.0115845752879977,0.0111132655292749,0.0125874988734722,-1.9392238855361936,0.0150964930653572,0.0145277259871363,-1.7999767065048218,297.3646240234375,0.0,0.0,0.9317164421081544,31,0.0209511872380971,false,13.779950141906738,14.43464469909668,13.005040168762209,57938.44358005621,22991.05754437322,49790.00360158158,19.24092483520508,3011.208984375,37.858009338378906,607.2970581054688,52.20878982543945,953.6708984375,1.2561790943145752,0.0466076832877739,0.1341698534134135,12.057,11.425,11.282,0.024,0.024,0.024,AAA,15.973,0.034,15.387,0.071,14.111,0.042,12.871,0.011,17.15701312851375,0.1078572575480349,17.472392716322652,0.1239794350548438,17.5375905662558,0.1602310719119049,1.0,4.0883914102503045,3.633925289224238,17.014345169067383,0.0164669994264841,14.70377254486084,0.0098190000280737,,,,,,,,,,,,,,,,
15.646989,-72.192581,01023527-7211332,15.6470070742462,-72.19258221615135,-0.0173819274407939,0.7382153828377483,-1.217102089258167,1.4234814643859863,0.0129847954958677,0.0112468665465712,0.0132229030132293,-1.3145318031311035,0.0173930469900369,0.0140069425106048,-1.1050357818603516,306.6824645996094,0.0,0.0,0.9572129845619202,31,0.0244528576731681,false,13.900277137756348,14.615032196044922,13.085865020751951,51860.394626850924,19471.711027330766,46218.118985354,12.657842636108398,4097.095703125,22.574724197387695,862.5447998046875,28.20315742492676,1638.7569580078125,1.2666666507720947,0.0203747343669426,0.0431909547145392,12.022,11.301,11.168,0.023,0.025,0.026,AAA,17.019,0.071,15.706,0.023,14.314,0.032,12.956,0.018,18.2363735647817,0.2771764824902169,18.477749510940328,0.3116525460537565,,,1.0,4.072194027725458,3.6119185763327737,17.875961303710938,0.0127389999106526,14.945633888244627,0.0056489999406039,,,,,,,15.498,5,14.177,1,14.821,1,13.776,1,13.399,1
15.658785,-72.135178,01023810-7208066,15.658854093381825,-72.13516273551018,-0.0047915084411109,0.9748355382907892,-1.2603738310945307,1.5933758020401,0.0155652649700641,0.0129350135102868,0.0152740320190787,-0.3137029111385345,0.021033501252532,0.0163237918168306,0.1187027394771575,870.0072631835938,0.1277769058942794,17.25693130493164,1.0035737752914429,31,0.0305930487811565,false,12.835092544555664,12.901443481445312,12.692611694335938,138327.87569198798,94371.23772876468,66391.67093772217,46.45613479614258,2977.601806640625,64.0765151977539,1472.789794921875,25.725576400756836,2580.76513671875,1.1621873378753662,0.0940332632749744,1.5264706658569434,12.504,12.445,12.404,0.025,0.028,0.027,AAA,12.573,0.03,12.834,0.03,12.776,0.03,12.649,0.015,14.193805761441451,0.0456620974815329,14.794035370380657,0.0477060635949402,14.55071325937707,0.0483499401220183,1.0,4.3973484519708235,3.90075219162736,13.526391983032228,0.0158730000257492,,,,,,,,,12.834,1,12.766,0,12.746,2,12.843,1,13.024,1
15.664665,-71.832069,01023951-7149554,15.66469723702881,-71.8320945502299,-0.021723721387633,0.6561744805064542,-1.195533513653464,1.3637688159942627,0.0131675247102975,0.0105156702920794,0.0123157622292637,-1.7638957500457764,0.0153770744800567,0.0129090594127774,-0.8258551955223083,285.4286804199219,0.0,0.0,0.9665569067001344,31,0.0226398576050996,false,13.526921272277832,14.308538436889648,12.658740997314451,73143.89567709288,25822.68209798752,68495.46881675642,30.22764015197754,2419.7685546875,49.32139205932617,523.5594482421875,73.43368530273438,932.752685546875,1.2894877195358276,0.0988427136603743,0.2101806929688334,11.472,10.759,10.586,0.04,0.051,0.038,AAA,16.791,0.05,15.571,0.038,13.866,0.068,12.445,0.104,,,,,,,1.0,4.280869535733535,3.603787434942212,17.807353973388672,0.0140819996595382,14.7390775680542,0.0067650000564754,,,,,,,,,,,,,,,,
15.664685,-72.301323,01023952-7218047,15.66468312808253,-72.30131812173082,-0.0123379075971572,0.8313255251398386,-1.2186680910112315,1.4752131700515747,0.0131417326629161,0.0125655597075819,0.0141124567016959,-0.8742565512657166,0.0211788769811391,0.0169139914214611,-1.5075712203979492,283.17840576171875,0.0,0.0,0.940724551677704,31,0.0296764113008976,false,13.975504875183104,14.68642520904541,13.165671348571776,48388.7814350162,18232.53229144872,42942.7320928604,11.672006607055664,4145.71240234375,22.337635040283203,816.224853515625,32.773704528808594,1310.280029296875,1.264244794845581,0.0176808627750158,0.3431037966017266,12.122,11.394,11.272,0.023,0.024,0.026,AAA,16.866,0.04,15.756,0.028,14.31,0.031,13.019,0.018,18.43208498700133,0.2584124416951737,,,,,1.0,4.03375523581286,3.6129872853659006,17.851438522338867,0.0125019997358322,15.00639533996582,0.0057789999991655,,,,,,,,,,,,,,,,
15.666333,-72.190926,01023991-7211273,15.666391186585576,-72.19091469965143,0.0392521703051076,1.0025566934366257,-1.309563807022371,1.6492656469345093,0.0151489563286304,0.0126938074827194,0.0154720405116677,2.5369741916656494,0.0197444483637809,0.0157541092485189,8.096114158630371,905.1520385742188,0.1253407448530197,15.151616096496582,1.3239530324935913,31,0.0277285352349281,false,12.866463661193848,13.62771987915039,12.023612022399902,134388.24212670818,48342.48916986678,122945.6843921974,70.40757751464844,1908.718505859375,93.94143676757812,514.6024169921875,152.4094696044922,806.6801147460938,1.2745771408081057,0.0758909255579408,2.0844601627558927,10.961,10.249,10.147,0.025,0.024,0.026,AAA,14.833,0.03,14.534,0.03,13.286,0.03,11.886,0.032,,,,,,,1.0,4.512439059362363,3.6228964584152177,16.885404586791992,0.0113690001890063,,,,,,,,,,,,,,,,,,
15.705051,-72.156441,01024921-7209231,15.705092681122313,-72.15642233773866,-0.0047712783781644,0.7189646024083194,-1.206753911196872,1.4046939611434937,0.0117261335253715,0.0097080450505018,0.0114447195082902,-0.4168978035449981,0.0156655050814151,0.0121519733220338,-1.4580029249191284,342.69317626953125,0.0,0.0,0.9441449642181396,31,0.0225683692842721,false,13.40516185760498,13.540966987609863,13.152408599853516,81824.27802424411,52363.670036789525,43470.49989939087,25.23222541809082,3242.84814453125,34.185306549072266,1531.759521484375,26.6352596282959,1632.06591796875,1.1712192296981812,0.0814110655274344,0.0735291512829021,12.845,12.703,12.635,0.025,0.027,0.029,AAA,13.643,0.03,13.694,0.03,13.486,0.03,13.082,0.009,14.939265141403649,0.0485654027476396,15.5699721290419,0.0541401849297413,15.405890054683836,0.0574751681288371,1.0,4.080603152642736,3.82048610146898,14.369101524353027,0.0195599999278783,,,,,,,,,13.706,1,13.477,0,13.547,1,13.498,1,13.522,5
15.727274,-72.545883,01025454-7232451,15.72730301303412,-72.54589612729792,-0.0131931950695699,0.7397647159156973,-1.208494255072112,1.4169368743896484,0.0108848474919795,0.0109607884660363,0.0122569240629673,-1.0763871669769287,0.0141544928774237,0.0143425045534968,-2.2614424228668213,506.1053771972656,0.0593461953103542,2.832158327102661,0.9150716066360474,31,0.0200852118432521,false,13.211214065551758,13.263044357299805,13.086858749389648,97827.53102609476,67639.31393517138,46175.82841859979,141.81405639648438,689.82958984375,331.1355895996094,204.26470947265625,225.2782745361328,204.9723968505859,1.1634265184402466,0.056699101363133,0.0800773403330429,13.027,12.944,12.912,0.024,0.028,0.026,AAA,12.773,0.02,13.364,0.02,13.286,0.02,13.072,0.027,12.975736521930626,0.0442188178640448,13.0587260318847,0.0435878441438033,12.95918455383662,0.0442378963228831,1.0,4.151446269382843,3.8843021261712978,13.718085289001465,0.0157769992947578,,,,,,,,,13.282,1,13.216,1,13.179,2,13.253,1,,
15.739019,-73.128609,01025736-7307429,15.739036333656792,-73.12866353496665,-0.0177177960010953,0.7671946703338086,-1.1600706201235664,1.3908096551895142,0.0153166400268673,0.0134331453591585,0.01501499209553,-1.180006980895996,0.0192423313856124,0.0170407146215438,4.514978408813477,471.9869689941406,0.0607460215687751,1.7163010835647583,1.174156665802002,31,0.0275722052901983,false,14.13367748260498,14.89188289642334,13.294319152832031,41828.84969950152,15089.110979583911,38144.36711706449,11.387656211853027,3673.174560546875,15.492353439331056,973.9714965820312,30.3317813873291,1257.5709228515625,1.2726497650146484,0.1971594140186856,0.559313622363551,12.168,11.419,11.293,0.022,0.022,0.024,AAA,17.242,0.042,16.081,0.031,14.607,0.039,12.266,0.15,19.0890309136488,0.3000948694648085,,,,,1.0,4.0060423813100225,3.606482004994043,18.18557357788086,0.0125789996236562,15.37440013885498,0.0018710000440478,14.137125968933104,0.0068239998072385,,,,,16.097,5,14.683,1,15.367,1,14.175,1,13.665,4
15.752757,-72.503365,01030066-7230121,15.752803350652432,-72.50337719994091,-0.0159402517801287,0.6779556467909398,-1.209445475735787,1.3865000009536743,0.0101987021043896,0.0103253815323114,0.011380641721189,-1.400646090507507,0.0136409671977162,0.0133133586496114,-1.8326432704925537,284.6451721191406,0.0,0.0,0.9250406622886658,31,0.0195150524377822,false,13.104914665222168,13.284920692443848,12.78425407409668,107889.88682852608,66290.07956716513,61017.8230348668,25.87015914916992,4170.4375,46.637603759765625,1421.386962890625,29.046241760253903,2100.713134765625,1.179979920387268,0.0666759844743521,0.0936633470280379,12.386,12.172,12.131,0.024,0.027,0.023,AAA,13.503,0.03,13.494,0.02,13.176,0.02,12.708,0.012,15.065965383882029,0.0509593918913117,16.117773377899045,0.0635608402490889,15.978914715088123,0.0673596345986758,1.0,4.222119680299001,3.802866709537256,14.231805801391602,0.0158489998430013,,,,,,,,,13.475,1,13.168,1,13.292,1,13.161,2,13.146,0
15.771704,-72.154785,01030520-7209172,15.77176688763813,-72.15477522555774,0.0301606642598373,0.7244704980683987,-1.217387617190612,1.4166474342346191,0.0138954427093267,0.0115667190402746,0.0137007115408778,2.2013940811157227,0.0192066468298435,0.0150222014635801,-1.3972283601760864,277.72576904296875,0.0,0.0,0.9441710710525512,31,0.0272532440721988,false,13.889564514160156,14.58138942718506,13.09192943572998,52374.6350275574,20084.510393728226,45960.6766758743,33.22813034057617,1576.2137451171875,45.17496109008789,444.5938720703125,92.53692626953124,496.6739196777344,1.261014699935913,0.0777915277590756,0.032391382460098,12.062,11.41,11.25,0.023,0.025,0.023,AAA,16.597,0.094,15.639,0.024,14.287,0.032,12.948,0.011,17.61448517374154,0.1739869380841785,17.91470214938707,0.2046936599317455,18.111253913320176,0.2786350547470423,1.0,4.07281828061837,3.6234573418197216,17.54737663269043,0.0228700004518032,14.886009216308594,0.0079650003463029,,,,,,,,,,,,,,,,
15.781884,-72.210083,01030765-7212362,15.78197164198548,-72.21009936337839,-0.0215714790517317,0.7849653367815463,-1.343568371991179,1.556067705154419,0.0147264609113335,0.0130787221714854,0.0150896627455949,-1.4295533895492554,0.0183688439428806,0.016985684633255,-0.2755356431007385,752.5174560546875,0.1178993135690689,13.142942428588867,0.9883449673652648,31,0.0269772037863731,false,12.965121269226074,13.058353424072266,12.77541446685791,122715.2077082745,81672.43999153133,61516.63295354132,49.01204681396485,2503.7763671875,46.04555130004883,1773.7314453125,45.56459045410156,1350.097412109375,1.166840434074402,0.112971782949295,0.8993469566882158,12.537,12.467,12.447,0.025,0.03,0.032,AAA,13.043,0.04,13.134,0.04,13.006,0.04,12.707,0.009,14.29043627935564,0.0466708164327453,14.824556294583491,0.0470586713096162,14.730885149148303,0.0500127678066759,1.0,4.411991878409276,3.9131845533060226,13.771881103515623,0.0158900003880262,,,,,,,,,13.125,1,12.996,2,13.004,1,13.034,1,13.133,1
15.787205,-71.930763,01030892-7155507,15.78719289791697,-71.93076866605344,0.038336097460999,0.9864068563737876,-1.2690779395368796,1.6073447465896606,0.0123027246445417,0.0105761438608169,0.0124491984024643,3.0794029235839844,0.0145492032170295,0.0128692220896482,7.400671482086182,785.1627807617188,0.0970434620976448,10.465176582336426,1.288363337516785,31,0.0205463748425245,false,12.588865280151367,13.473217964172363,11.678889274597168,173540.47451477667,55735.21612125777,168889.48285318102,482.6996765136719,359.5205993652344,598.08740234375,93.18907928466795,1132.68408203125,149.1055450439453,1.2943649291992188,0.0244678428062703,1.687858524728276,10.427,9.716,9.548,0.023,0.025,0.021,AAA,16.573,0.08,14.924,0.01,13.176,0.01,11.777,0.103,17.815344997169895,0.1795700815465315,,,,,1.0,4.701092771918669,3.605487733860952,17.540393829345703,0.0114249996840953,,,,,,,,,15.13,0,13.336,0,14.196,3,12.744,2,12.106,2
15.841267,-72.84407,01032190-7250386,15.84131841191146,-72.8441100956928,-0.0098165216842558,0.7932077461632758,-1.2267355519532406,1.4608417749404907,0.0119860656559467,0.0115502886474132,0.0129055045545101,-0.7606461048126221,0.0153204705566167,0.0146003905683755,0.2077100127935409,331.8743591308594,0.0,0.0,1.0070197582244873,31,0.0222184509038925,false,13.806111335754396,14.515305519104004,12.998234748840332,56559.06926252088,21344.93310994078,50103.08373932239,26.71393585205078,2117.212158203125,40.09846496582031,532.31298828125,73.47087860107422,681.94482421875,1.263245940208435,0.1543239593209884,0.1428373598855438,11.923,11.255,11.134,0.021,0.021,0.021,AAA,16.74,0.041,15.605,0.025,14.228,0.032,12.848,0.019,18.484319545976152,0.2237277474745107,,,,,1.0,4.137069145257064,3.629948698900099,17.593544006347656,0.010505000129342,14.83793830871582,0.0026330000255256,,,,,,,15.6,0,14.249,1,14.863,4,13.794,1,13.446,1
15.856523,-72.042595,01032556-7202333,15.856564394955486,-72.0426094191371,-0.0099253799797744,0.8410927233408008,-1.2349711311024505,1.4941855669021606,0.0115105612203478,0.0098641952499747,0.0113388476893305,-0.8753429055213928,0.0136659070849418,0.0128377852961421,-1.218103051185608,422.109375,0.0427578911185264,1.6123833656311035,0.9518944025039672,31,0.019989613443613,false,13.13943576812744,13.229310035705566,12.963358879089355,104513.51229428158,69773.88589751237,51738.58857591276,39.490455627441406,2646.55126953125,58.76604461669922,1187.31640625,25.640459060668945,2017.8494873046875,1.1626484394073486,0.0693214672260311,0.351982534180611,12.706,12.618,12.552,0.025,0.031,0.033,AAA,13.133,0.01,13.294,0.01,13.176,0.01,12.917,0.011,15.293073807085223,0.0582504402736882,15.986924135393204,0.0717279579761551,15.74756281600397,0.069555338584025,1.0,4.206547376524716,3.851398163329677,13.897323608398438,0.0158660002052783,,,,,,,,,13.486,1,13.243,1,,,,,,
15.898766,-72.283546,01033570-7217007,15.898793663962806,-72.28356213962606,0.0068999540843539,1.2169970943970727,-1.4469886970546608,1.890729546546936,0.0143510298803448,0.0127819683402776,0.0151854883879423,0.4543781578540802,0.0225968807935714,0.017163285985589,6.900315761566162,585.9393920898438,0.1047542765736579,8.122227668762207,1.280065894126892,31,0.0313576981425285,false,13.31569480895996,13.463884353637695,13.031797409057615,88852.35735333142,56216.42887707898,48577.93607416793,40.17786407470703,2211.475341796875,37.03351211547851,1517.988037109375,20.77908515930176,2337.828369140625,1.179421305656433,0.0655314419545569,8.153837962212542,12.704,12.5,12.462,0.026,0.025,0.027,AAA,13.443,0.03,13.574,0.03,13.356,0.03,12.977,0.013,14.720021611603832,0.0481378389894783,15.205962879600785,0.0514136022631285,15.09189776940239,0.0531579191552099,1.0,4.106347072109716,3.8075780665964194,14.3292875289917,0.0194259993731975,,,,,,,,,13.524,1,13.351,1,13.396,3,13.317,0,13.339,1
15.940762,-72.818794,01034578-7249076,15.940784856100484,-72.81884888406057,0.017289130146958,0.7599757804597447,-1.268192546176026,1.4784706830978394,0.0116165839135646,0.0114779826253652,0.0127707440406084,1.35380756855011,0.0150529984384775,0.0150242308154702,-0.9642903208732604,276.5780944824219,0.0,0.0,0.9607844352722168,31,0.0230060089379549,false,13.66202163696289,14.459965705871582,12.794257164001465,64585.965061250085,22461.078038845728,60458.232213180185,18.276063919067383,3533.909912109375,22.017187118530273,1020.1611328125,54.43433380126953,1110.66357421875,1.2838596105575562,0.1990719818274675,0.0962839869349146,11.601,10.864,10.714,0.021,0.022,0.024,AAA,17.035,0.045,15.695,0.017,14.109,0.058,12.663,0.015,18.295872005581128,0.2143203933613977,19.046968460083008,0.3123744428157806,,,1.0,4.228968109857829,3.603549003821573,17.94036102294922,0.0175310000777244,14.840750694274902,0.0064679998904466,,,,,,,15.484,4,14.108,1,14.801,1,13.641,1,13.144,1
15.947997,-72.071434,01034751-7204171,15.948013395136838,-72.07146390027056,-0.0136050973882309,0.8753504755253889,-1.2814293356544766,1.5518697500228882,0.0127397254109382,0.0126486793160438,0.0135993948206305,-1.00041925907135,0.0169894341379404,0.0174685735255479,1.5520163774490356,653.1454467773438,0.095362402498722,9.021774291992188,1.061194658279419,31,0.0261897854506969,false,12.747397422790527,12.895259857177734,12.470717430114746,149964.24485367295,94910.22660348409,81446.2878711337,50.83946990966797,2949.76025390625,62.045169830322266,1529.6956787109375,41.78887176513672,1948.99462890625,1.1759904623031616,0.1091635911769298,0.6465261169040947,12.13,11.973,11.939,0.022,0.027,0.025,AAA,13.013,0.01,13.064,0.01,12.806,0.01,12.429,0.012,14.546620180481373,0.0501621619440427,15.467589227986789,0.0597744536096633,15.277393027757578,0.0588120263899773,1.0,4.387378679873055,3.8294629338246664,13.747726440429688,0.0199360009282827,,,,,,,,,12.977,1,12.689,5,12.792,2,12.693,1,12.764,1
15.954565,-73.712296,01034909-7342442,15.954571847250651,-73.71237489824499,-0.0027944813405758,0.9185122880055504,-1.2863437296619722,1.5806154012680054,0.0096701504662632,0.0103078782558441,0.0104325767606496,-0.2678610682487488,0.0123149380087852,0.0130696827545762,-0.3938241899013519,340.53533935546875,0.0,0.0,0.9843456149101256,31,0.0193929336965084,false,13.252937316894531,13.941876411437988,12.46091651916504,94139.49528159898,36196.492185310526,82184.80145993458,54.20059585571289,1736.8719482421875,65.0543441772461,556.4039306640625,126.28431701660156,650.7918090820312,1.2575093507766724,0.2841178050877391,1.0202681623324308,11.458,10.833,10.678,0.023,0.024,0.021,AAA,16.292,0.061,15.071,0.15,13.606,0.062,12.284,0.039,,,,,,,1.0,4.32626639767397,3.632503454866626,16.937755584716797,0.0060600000433623,14.47799015045166,0.0050429999828338,13.107090950012209,0.0272799991071224,,,,,15.068,2,13.632,1,14.299,1,13.254,1,12.805,3
15.977364,-72.827797,01035456-7249400,15.97743803981666,-72.82779262786276,0.001426274498642,0.842200535988207,-1.3120631254404136,1.5591059923171997,0.0104401912540197,0.0103784650564193,0.0112542053684592,0.126732587814331,0.0132978595793247,0.0133173000067472,0.3430420160293579,485.6546936035156,0.06289953738451,4.299025535583496,1.0125805139541626,31,0.0208583660423755,false,12.607925415039062,12.968602180480955,12.056828498840332,170520.45967969185,88710.72068637732,119241.27916006594,55.85968780517578,3052.656982421875,111.33157348632812,796.8154907226562,139.610595703125,854.0990600585938,1.2195135354995728,0.0802540764734702,0.6870396091414653,11.46,11.057,10.969,0.032,0.031,0.027,AAA,12.243,0.03,12.594,0.03,12.066,0.03,11.954,0.017,,,,,,,1.0,4.420711609735491,3.7229706554091737,14.539484024047852,0.0127180004492402,12.930893898010254,0.013914999552071,,,,,,,,,,,,,,,,
15.993419,-71.90551,01035842-7154198,15.99338709955404,-71.90552373191787,-0.0208522325971539,0.8867629022658189,-1.2852558761066486,1.56148362159729,0.0117653114721179,0.0105765499174594,0.0121054882183671,-1.722543716430664,0.0142282918095588,0.0139956893399357,2.58416485786438,708.7981567382812,0.0898016020655632,9.474953651428224,1.0971524715423584,31,0.0204403530806303,false,12.70322322845459,12.89543914794922,12.369001388549805,156191.57152375075,94894.51547242473,89445.36242082583,223.51792907714844,698.7876586914062,445.5384216308594,212.9884033203125,307.3849182128906,290.9881286621094,1.1802165508270264,0.0609591742061713,0.7511926600030027,12.061,11.898,11.78,0.022,0.025,0.027,AAA,12.903,0.01,13.084,0.01,12.736,0.01,12.455,0.103,13.720249171498963,0.043753851980692,13.753649280777855,0.0446496823876595,13.79762522097962,0.0451992893826218,1.0,4.330333661777989,3.793981758418051,13.872644424438477,0.0274320002645254,,,,,,,,,13.193,1,12.79,0,12.925,1,12.721,2,12.76,1
15.995159,-72.385849,01035883-7223090,15.995191551510269,-72.38583086012947,-0.0260678970187037,0.9846569926078508,-1.2280380415550431,1.5740479230880735,0.0103538129478693,0.0094774607568979,0.0110731050372123,-2.35416316986084,0.0145458690822124,0.0126492548733949,-3.615036725997925,263.0653381347656,0.0,0.0,0.8612636923789978,31,0.0201594475656747,false,13.058927536010742,13.72222137451172,12.275548934936523,112557.80949695584,44312.725026847336,97485.15202501757,99.11334228515624,1135.6474609375,158.7288360595703,279.1724853515625,248.0259246826172,393.044189453125,1.2597782611846924,0.0743103671809342,1.7221337963051164,11.294,10.73,10.592,0.024,0.025,0.023,AAA,15.493,0.03,14.664,0.02,13.406,0.02,12.15,0.022,17.522193772273656,0.1256814963348685,18.921611785888672,0.2774347066879272,,,1.0,4.4148153203726155,3.6549045561947704,16.545618057250977,0.0129230003803968,14.29591178894043,0.0125679997727274,,,,,,,14.722,5,13.483,1,14.094,0,13.068,1,12.681,1
16.024857,-73.818291,01040596-7349058,16.02482989769167,-73.81828019874749,0.0552473116292561,0.7599112757926416,-1.393904281584506,1.587587594985962,0.0113583505153656,0.0119459563866257,0.0127839148044586,4.321627140045166,0.0142637724056839,0.0150548992678523,-1.794291377067566,575.189453125,0.086970716714859,6.869375228881836,0.931532382965088,31,0.0217431914061307,false,12.96285629272461,13.152814865112305,12.628181457519531,122971.48080549116,74867.09965470844,70450.74084644613,40.94892501831055,3003.04541015625,38.19130325317383,1960.3179931640625,43.89361953735352,1605.03369140625,1.1817198991775513,0.0474483293955844,1.8883944351487856,12.228,12.05,12.015,0.024,0.029,0.03,AAA,13.661,0.127,13.369,0.029,12.752,0.14,12.5,0.15,,,,,,,1.0,4.324329197105927,3.819172952973985,14.15143585205078,0.0035709999501705,13.08550262451172,0.0074269999749958,,,,,,,13.371,2,13.049,3,13.173,1,13.012,1,13.0,0
16.029622,-72.642746,01040710-7238338,16.029673598945735,-72.64272391893999,-0.0113858583599942,0.7362114086669523,-1.2500223102859849,1.4507112503051758,0.0129436440765857,0.0117001244798302,0.0136670684441924,-0.8330870866775513,0.0146098909899592,0.015266066417098,-0.569195032119751,484.9066467285156,0.0730908960103988,4.226554870605469,0.9764363765716552,31,0.0222603119909763,false,13.234246253967283,13.286619186401367,13.127138137817385,95774.11557189,66186.46908522773,44494.16625256936,47.29910659790039,2024.8609619140625,44.57227325439453,1484.9246826171875,27.779294967651367,1601.7025146484375,1.1556425094604492,0.0969016647267513,0.0154900522445256,12.98,12.948,12.852,0.026,0.027,0.027,AAA,13.053,0.03,13.314,0.03,13.236,0.03,13.108,0.018,14.01617047962444,0.0431872859104064,14.317680133921211,0.0441075539278408,14.202899229651589,0.0452160840783567,1.0,4.1426692567215255,3.871912797852016,13.846087455749512,0.0195220001041889,,,,,,,,,,,,,,,,,,
16.050177,-72.978088,01041204-7258411,16.050223326616123,-72.97806795649485,0.0218463321452389,0.816846129870268,-1.2662273036743756,1.5068408250808716,0.0151030262932181,0.0151297003030776,0.0156949870288372,1.3919305801391602,0.0189449544996023,0.0195975564420223,2.306370735168457,344.1842956542969,0.0,0.0,1.095928430557251,31,0.0301763992756605,false,14.167384147644045,14.774025917053224,13.292880058288574,40550.21876433569,16819.250873285488,38194.97286333695,16.53018569946289,2453.101318359375,237.42349243164065,70.8407211303711,302.60955810546875,126.21865844726562,1.3566936254501345,0.0871213017682691,0.2525827135998603,12.199,11.603,11.429,0.026,0.027,0.023,AAA,17.107,0.046,15.923,0.028,14.624,0.036,12.694,0.248,,,,,,,1.0,4.03327886458162,3.6353487371821416,17.879121780395508,0.0148050002753734,15.163305282592772,0.0041539999656379,,,,,,,,,,,,,,,,
16.101214,-72.178276,01042429-7210417,16.101244092972703,-72.17825625120368,-0.0243393338948674,0.7708057915262749,-1.1707166666450968,1.4016844034194946,0.0143723525106906,0.0117232762277126,0.0141724692657589,-1.717367172241211,0.0187028441578149,0.0158676225692033,-0.5376280546188354,321.6394958496094,0.0,0.0,0.9786111116409302,31,0.0270760003477334,false,14.011290550231934,14.720132827758787,13.201797485351562,46819.90329175528,17675.181742207573,41537.381821589515,12.715696334838867,3682.055908203125,35.916542053222656,492.1181335449219,46.93177032470703,885.0588989257812,1.2646878957748413,0.078447113443053,0.4461242690761193,12.15,11.473,11.292,0.026,0.022,0.024,AAA,17.111,0.092,15.822,0.024,14.457,0.032,13.066,0.016,,,,,,,1.0,4.019452631898259,3.610859089499546,17.89242935180664,0.0125959999859333,15.038711547851562,0.0056619998067617,,,,,,,,,,,,,,,,
16.113623,-72.547836,01042726-7232522,16.113654591288856,-72.54782361690135,-0.0212868317857415,1.0603647224525763,-1.364247336677625,1.7278727293014526,0.0157239288091659,0.0155626907944679,0.0173040181398391,-1.2301669120788574,0.0192740205675363,0.0205618217587471,4.169638633728027,1038.74462890625,0.1475994437932968,22.05950927734375,1.1711950302124023,31,0.0290006157010793,false,12.778301239013672,12.845918655395508,12.631160736083984,145755.98529052475,99322.90274124876,70257.69962945225,47.313934326171875,3080.6142578125,60.26047897338867,1648.2261962890625,34.04765701293945,2063.510498046875,1.1634554862976074,0.0561308961947625,3.529973756048515,12.406,12.346,12.248,0.022,0.025,0.027,AAA,12.743,0.05,12.934,0.03,12.826,0.02,12.601,0.01,13.971688809578,0.0430168371134953,14.459534884865466,0.0445274352519831,14.342020149612758,0.0456753047203729,1.0,4.320435096072297,3.848667696592768,13.476887702941896,0.0162109993398189,,,,,,,,,12.892,0,12.821,1,12.802,1,12.892,0,13.005,2
16.180614,-71.649818,01044334-7138593,16.180588234221798,-71.64982363568707,-0.0113035468799563,0.9032637048383992,-1.2743720728343866,1.562021017074585,0.0110249575227499,0.010541658848524,0.0119166485965251,-0.948550820350647,0.014778652228415,0.0144731113687157,-0.7586541175842285,328.8968811035156,0.0,0.0,0.9711076021194458,31,0.0211443696171045,false,13.732404708862305,14.49423122406006,12.889286041259766,60531.95404045081,21763.274772451507,55391.58108167336,28.440858840942383,2128.3447265625,39.21953201293945,554.9091186523438,85.9727783203125,644.2921142578125,1.274613618850708,0.0355581494441594,0.8317298654408657,11.764,11.069,10.925,0.024,0.024,0.021,AAA,16.99,0.063,15.622,0.031,14.193,0.049,12.967,0.4,,,,,,,1.0,4.18131447171401,3.6159669204649494,17.803354263305664,0.0101979998871684,15.010345458984377,0.0039349999278783,13.433693885803224,0.0291290003806352,,,,,15.566,3,14.172,1,14.868,1,13.711,4,13.246,1
16.197788,-72.044441,01044746-7202399,16.1978027719136,-72.04444867548087,-0.0254389630080917,0.8281425820352184,-1.2194848690526523,1.474097490310669,0.0130640938878059,0.0127972150221467,0.013996198773384,-1.817562222480774,0.0168847851455211,0.0154949538409709,-1.1504311561584473,310.5069580078125,0.0,0.0,0.9557032585144044,31,0.0244039148092269,false,14.042963981628418,14.732769012451172,13.2416410446167,45473.79812068885,17470.662176655707,40040.70129386841,11.150437355041504,4078.20751953125,31.39078140258789,556.5538940429688,27.17316436767578,1473.5384521484375,1.2647143602371216,0.0321290201076434,0.3237470619463743,12.184,11.538,11.418,0.021,0.024,0.023,AAA,17.147,0.251,15.736,0.164,14.428,0.031,13.099,0.012,18.20431839555961,0.2361339537024309,17.289344787597653,0.1108235418796539,18.166240692138672,0.2816253304481506,1.0,4.040601561194062,3.6364886046081937,17.746177673339844,0.0181709993630647,15.053982734680176,0.006349999923259,,,,,,,,,,,,,,,,
16.230061,-72.513527,01045521-7230486,16.23004563635562,-72.51353135949348,-0.0169984652874066,0.7871441844387588,-1.2383542074334823,1.4673503637313845,0.0131837120279669,0.0128192277625203,0.0145419361069798,-1.1689273118972778,0.0165500901639461,0.0170278549194335,-1.4563370943069458,276.88128662109375,0.0,0.0,0.9420589804649352,31,0.024017384275794,false,14.05299186706543,14.804154396057127,13.215934753417969,45055.720356320526,16358.945376869196,41000.035697904896,14.468955993652344,3113.9580078125,28.35948181152344,576.8421630859375,48.63288116455078,843.0517578125,1.2730677127838137,0.0228584530551001,0.1038061015793254,12.105,11.389,11.24,0.022,0.022,0.021,AAA,17.522,0.093,15.993,0.032,14.46,0.034,13.07,0.014,18.833821007584103,0.2802353002786295,,,,,1.0,4.034817731320142,3.6090300113383895,18.162389755249023,0.0129490001127123,15.17169952392578,0.0064759999513626,,,,,,,,,,,,,,,,
16.24057,-72.385185,01045773-7223066,16.240595130392805,-72.38517553963013,-0.0093998873799208,0.7761268447089985,-1.2373888209080692,1.4606518745422363,0.0101323900744318,0.0098508410155773,0.0109141888096928,-0.8612538576126099,0.0138112548738718,0.0131810903549194,-0.9980764985084534,434.3909606933594,0.03292066603899,0.9462875723838806,0.9614620208740234,31,0.0194937735795974,false,13.049189567565918,13.174991607666016,12.819406509399414,113571.90620316428,73353.36974013576,59073.878755776896,36.865501403808594,3080.709716796875,63.81463623046875,1149.4755859375,29.77152442932129,1984.240966796875,1.1660212278366089,0.0436970368064621,0.0724657030546534,12.53,12.419,12.351,0.026,0.027,0.027,AAA,13.193,0.02,13.284,0.02,13.096,0.02,12.759,0.008,14.784408819880106,0.0467632447941312,15.606823557249625,0.0543547167001242,15.3916812747248,0.0559887604816163,1.0,4.241915020817748,3.835834931635004,13.97191047668457,0.0194669999182224,,,,,,,,,13.257,1,13.096,1,13.11,1,13.101,1,13.156,1
16.264754,-72.108932,01050354-7206321,16.2648010704304,-72.10894096841588,0.0066180465901633,0.7567280341645366,-1.1780258847252516,1.4001364707946775,0.0106976246461272,0.0094723952934145,0.0107535291463136,0.6154302358627319,0.0136811099946498,0.0128593407571315,-2.4105966091156006,392.5958862304687,0.0132435141131281,0.1495251506567001,0.9061055183410645,31,0.0199086107313632,false,13.018198013305664,13.313404083251951,12.546273231506348,116860.48700468044,64573.61415727739,75971.17121989554,26.39168357849121,4427.9287109375,53.11692810058594,1215.68798828125,40.71596908569336,1865.8814697265625,1.2026715278625488,0.0612567566731335,0.3332889943219959,11.848,11.375,11.27,0.023,0.021,0.021,AAA,13.643,0.02,13.604,0.02,13.206,0.02,12.439,0.011,14.83976391906832,0.0478724031346144,15.235679633810944,0.0508968669399111,15.178845936583246,0.0537070912091113,1.0,4.226738898032447,3.693182854585268,14.368595123291016,0.0158399995416402,,,,,,,,,13.612,1,13.169,1,13.357,1,13.048,2,12.908,1
16.297483,-72.724457,01051139-7243280,16.297533966121645,-72.72447862227159,0.0118795167588382,0.779549080860696,-1.2943259116535255,1.510952115058899,0.0129111548885703,0.0124941738322377,0.013996054418385,0.84877610206604,0.0151725206524133,0.0161400400102138,-1.117354154586792,436.5067138671875,0.0758008733391761,4.221409797668457,0.9544044137001038,31,0.0230011194944381,false,13.36582851409912,13.414347648620604,13.267791748046877,84842.83212931684,58840.694363317954,39087.82367879868,49.45077896118164,1715.70263671875,36.34036636352539,1619.1552734375,19.803550720214844,1973.778564453125,1.1542344093322754,0.095015369452488,0.2965797002053433,13.113,13.044,12.987,0.023,0.022,0.029,AAA,13.213,0.02,13.474,0.01,13.416,0.01,13.229,0.014,14.172394364366188,0.0435970409166764,14.539301101648812,0.0450657759318305,14.413480323423586,0.0455904889985613,1.0,4.093482259484395,3.8737163012538303,13.95853328704834,0.0194080006331205,,,,,,,,,13.445,1,13.387,2,13.361,2,13.517,1,13.691,2
16.299472,-71.72628,01051187-7143346,16.299468101188122,-71.72628491661318,-0.0190936607824081,0.8096546079789977,-1.1897229956224091,1.4390904903411863,0.0098231313750147,0.0097695868462324,0.0103973085060715,-1.8364040851593015,0.0127336317673325,0.0129733346402645,0.0627021566033363,358.10382080078125,0.0,0.0,1.0014044046401978,31,0.019548937678337,false,13.383260726928713,14.123275756835938,12.550561904907228,83491.53341671609,30627.147874406575,75671.69812679332,46.07180404663086,1812.20458984375,72.68311309814453,421.379150390625,117.72201538085938,642.7998657226562,1.2731691598892212,0.018238749005823,0.4185497617249003,11.473,10.732,10.632,0.023,0.021,0.019,AAA,16.65,0.065,15.315,0.03,13.709,0.064,12.313,0.121,,,,,,,1.0,4.29691720448149,3.615421204330304,17.39403533935547,0.0107580004259943,14.420839309692385,0.0079939998686313,,,,,,,,,,,,,,,,
16.382862,-72.763603,01053188-7245489,16.382959189379303,-72.76359569050342,0.0167663585725052,0.847100569018253,-1.2764900267944532,1.5319942235946655,0.0131297912448644,0.0124763026833534,0.0144369285553693,1.1613521575927734,0.0162057299166917,0.0165222119539976,2.6339573860168457,375.7024841308594,0.0254464745521545,0.3562181293964386,1.1053235530853271,31,0.0232118405401706,false,13.89152717590332,14.622949600219728,13.06125259399414,52280.01766558391,19330.239041587363,47277.773989952526,14.273183822631836,3662.81396484375,26.471914291381836,730.2169189453125,45.04542541503906,1049.5577392578125,1.2740625143051147,0.1069625108524476,0.4449308440786947,11.953,11.258,11.086,0.023,0.024,0.023,AAA,16.76,0.053,15.664,0.023,14.346,0.155,12.919,0.017,,,,,,,1.0,4.09488274465806,3.608513883384824,17.841033935546875,0.0147799998521804,14.977853775024414,0.0070340000092983,,,,,,,15.719,2,14.339,2,14.986,0,13.885,1,13.419,2
16.445653,-71.772797,01054695-7146220,16.44567764510449,-71.77278064407517,-0.019135339725244,0.9159185280847808,-1.1291289289440494,1.4539047479629517,0.0140377096831798,0.0158747658133506,0.0161229167133569,-1.1868410110473633,0.0182697139680385,0.0224086698144674,0.6582643985748291,819.8961181640625,0.1325893104076385,16.87632179260254,1.025668025016785,31,0.0321198925375938,false,13.000850677490234,13.04249382019043,12.845699310302734,118742.56467318762,82874.21030361668,57660.529924512426,344.7939453125,344.38702392578125,751.0349731445312,110.34667205810548,489.2930603027344,117.84456634521484,1.183524489402771,0.0650932845002377,2.0610849129416167,12.684,12.588,12.384,0.026,0.027,0.029,AAA,12.243,0.01,13.064,0.01,13.036,0.01,12.962,0.059,,,,,,,2.0,4.065798329099198,3.787745128417957,13.358102798461914,0.0158159993588924,,,,,,,,,13.076,2,13.014,1,12.976,1,13.005,3,13.148,1
16.457567,-72.369637,01054981-7222106,16.45764139552232,-72.36962273708073,-0.0055544348150591,0.7101236619725191,-1.1797295997912052,1.3769668340682983,0.013085120357573,0.0122165819630026,0.0139136491343379,-0.3992076218128204,0.0185396764427423,0.0183035023510456,-0.0016009602695703,402.3859558105469,0.0497633218765258,1.432746410369873,0.9988918900489808,31,0.0262557044625282,false,13.710552215576172,13.792667388916016,13.55533504486084,61762.63678689364,41528.83469090288,29993.29727131001,24.522632598876953,2518.597412109375,40.03058624267578,1037.4276123046875,16.9836483001709,1766.01025390625,1.1580162048339844,0.0960024033602001,0.254656591252024,13.367,13.266,13.25,0.026,0.035,0.034,AAA,13.732,0.029,13.932,0.091,13.742,0.106,13.501,0.014,15.004169797695589,0.0487008051177792,15.56791234296556,0.0530556809145547,15.42128368521324,0.0568108159563295,1.0,4.010965323749718,3.882290069907997,14.458795547485352,0.0158649999648332,,,,,,,,,13.819,1,13.729,1,13.715,1,13.768,1,13.891,2
16.537387,-72.402466,01060897-7224088,16.537473450962274,-72.40247688210923,-0.0138823093475571,1.0921862661584647,-1.3718510230354126,1.7535239458084106,0.0194582361727952,0.0173422507941722,0.0201209094375371,-0.6899444460868835,0.0269406326115131,0.0244174245744943,4.011627197265625,1881.2861328125,0.2007152140140533,48.17026138305664,1.1566890478134155,31,0.0376282334327697,false,12.377493858337402,12.38863754272461,12.328411102294922,210838.16060534297,151342.7911395591,92852.56358729268,71.1463623046875,2963.442626953125,119.0182876586914,1271.5927734375,72.53639221191406,1280.08251953125,1.1582123041152954,0.1019215166234931,4.1163840899469655,12.304,12.254,12.208,0.03,0.037,0.029,AAA,11.903,0.01,12.394,0.01,12.386,0.01,12.291,0.014,12.374789242055776,0.044726815484617,12.492347085740006,0.0430061847675548,12.391242858666196,0.0429151998574527,1.0,4.48813774459526,3.9055751302610986,12.781915664672852,0.0193980000913143,,,,,,,,,12.37,1,12.363,2,12.311,1,12.46,0,12.648,0
16.553088,-72.631592,01061274-7237537,16.55316330539769,-72.63158582163756,-0.0246302475039064,0.8039659018224941,-1.2494709316737544,1.48577880859375,0.0149130765348672,0.0143094817176461,0.0166499111801385,-1.479301929473877,0.0182867832481861,0.0195854865014553,2.137986183166504,1068.8040771484375,0.1456354260444641,21.117340087890625,1.081258773803711,31,0.0276750586926937,false,12.915491104125977,12.99164867401123,12.758129119873049,128454.74827365544,86847.50220978458,62503.81231620474,52.10204315185547,2465.445556640625,67.93730926513672,1278.34765625,49.51949691772461,1262.2061767578125,1.162676453590393,0.0839280342465371,0.1644153569287001,12.548,12.488,12.464,0.023,0.024,0.026,AAA,12.833,0.01,13.074,0.0,12.986,0.0,12.699,0.013,14.000280380366116,0.0429288990282588,14.518735777584745,0.0445170159050897,14.400781436500637,0.0458155829746249,1.0,4.4257549268710665,3.921268807444224,13.60290241241455,0.0157880000770092,,,,,,,,,13.056,0,12.939,1,12.959,0,13.002,0,13.144,0
16.562863,-72.560211,01061508-7233367,16.56290980917477,-72.56019626399302,-0.0044572061531676,0.9906225613891282,-1.1746741946826984,1.5366172790527344,0.0098127890378236,0.0089986035600304,0.0103887375444173,-0.4290421307086944,0.0116486707702279,0.0120162731036543,0.4476720988750458,371.2579650878906,0.0,0.0,1.0156160593032837,31,0.0179776437580585,false,13.179695129394531,13.967087745666504,12.322686195373535,100709.09137817302,35365.65145791922,93343.42107487142,53.122310638427734,1895.7965087890625,77.35325622558594,457.1966857910156,127.51065063476562,732.0441284179688,1.27802836894989,0.0732455554060048,2.278998555375162,11.205,10.494,10.32,0.026,0.024,0.019,AAA,16.253,0.05,15.154,0.02,13.666,0.02,12.17,0.017,18.26319020089252,0.1874896847225962,,,,,1.0,4.387975236566121,3.604027028108992,17.341415405273438,0.0139790000393986,14.569817543029783,0.0252769999206066,,,,,,,,,,,,,,,,
16.563437,-72.591248,01061522-7235284,16.563473331570776,-72.59124577407552,0.0047602367876181,0.8359413538706315,-1.24920475157979,1.5031002759933472,0.009509053081274,0.009046503342688,0.0105993635952472,0.4491058886051178,0.0111784487962722,0.0118495598435401,-1.178426742553711,416.148193359375,0.0,2.072866228300776E-15,0.956462860107422,31,0.0167329162359237,false,13.112027168273926,13.247523307800291,12.864158630371094,107185.48733573603,68613.17518224972,56688.4943312103,40.11494064331055,2671.959228515625,43.0278205871582,1594.62353515625,23.56208038330078,2405.920654296875,1.1690170764923096,0.0399437572922144,0.3140734303296954,12.569,12.377,12.333,0.024,0.024,0.023,AAA,13.353,0.04,13.404,0.04,13.206,0.01,12.816,0.019,14.809013618488144,0.0447788470589106,15.610618790747036,0.0505045302027542,15.493710563725656,0.0550349500600269,1.0,4.165786270558706,3.809838230243939,14.074213027954102,0.0158699993044137,,,,,,,,,13.353,1,13.158,1,13.23,1,13.19,1,13.217,4
16.571746,-72.462975,01061721-7227467,16.571756910086624,-72.46298519501009,0.0134957130888214,0.9597343411132008,-1.2375145920979504,1.5660563707351685,0.0165593773126602,0.0155582278966903,0.0183494202792644,0.7354844212532043,0.0209736581891775,0.021111762151122,-2.818176507949829,821.2179565429688,0.1513373553752899,17.621360778808594,0.8900338411331177,31,0.0295855682343244,false,13.284215927124023,13.222626686096191,13.349404335021973,91466.16129990558,70204.71593031012,36257.385632170306,173.10874938964844,528.3740234375,359.377197265625,195.35105895996097,275.2982177734375,131.70220947265625,1.1639506816864014,0.0385629655805876,1.3730740237855306,13.619,13.561,13.538,0.029,0.032,0.034,AAA,12.053,0.03,13.144,0.02,13.276,0.02,13.4,0.045,,,,,,,2.0,4.006875907913054,3.925498010033735,13.376044273376465,0.0158399995416402,,,,,,,,,13.189,1,13.315,2,13.19,3,13.44,3,13.698,1
16.671322,-72.896004,01064111-7253456,16.67146558765427,-72.89601031001436,-0.0032935537659741,0.81992369238721,-1.2176868725922236,1.4680041074752808,0.0124381519854068,0.0113470470532774,0.013132962398231,-0.2507852911949157,0.015671532601118,0.0156791172921657,-0.1020570695400238,356.384521484375,0.0,0.0,0.9953435063362122,31,0.0232184957712888,false,14.009963035583496,14.731772422790527,13.192903518676758,46877.169073477104,17486.7070368923,41879.03626514033,11.446329116821287,4095.388916015625,24.24065589904785,721.3792724609375,30.59705352783203,1368.727783203125,1.2664105892181396,0.1537161931880209,0.2886878818052637,12.149,11.405,11.265,0.023,0.024,0.023,AAA,16.764,0.045,15.798,0.014,14.438,0.027,13.056,0.017,,,,,,,1.0,4.010685095399877,3.604267760498755,17.801725387573242,0.0178120005875825,15.027752876281738,0.0069809998385608,,,,,,,15.279,1,14.36,1,14.972,3,13.998,3,,
16.791081,-73.498528,01070985-7329547,16.79107468574551,-73.49855475525266,-0.0075655988241713,0.903499516527219,-1.2231625936441357,1.5206702947616575,0.0124448239803314,0.0108808353543281,0.0129811493679881,-0.5828142762184143,0.0162193812429904,0.0141628542914986,0.2810439765453338,409.1905212402344,0.0,0.0,1.0090149641036987,31,0.0226450767368078,false,14.07330322265625,14.768696784973145,13.271681785583496,44220.673627265045,16902.0094075509,38948.02132198983,11.285840034484863,3918.243896484375,21.082271575927734,801.7167358398438,27.420330047607425,1420.40673828125,1.2629846334457395,0.0965350713478354,0.8516837360375905,12.223,11.56,11.398,0.024,0.025,0.021,AAA,17.05,0.046,15.815,0.029,14.49,0.021,12.91,0.201,,,,,,,1.0,4.00330096099899,3.619826397713927,17.823345184326172,0.0062389997765421,15.08632755279541,0.0020059999078512,,,,,,,15.799,2,14.467,1,15.11,1,14.11,6,13.692,3
16.823183,-73.22393,01071756-7313261,16.823196409446346,-73.22394643890087,-0.0289102915837441,0.9467439003120808,-1.1735924382229403,1.5078604221343994,0.0122127812355756,0.0103745460510253,0.0122114224359393,-2.3674795627593994,0.0166330598294734,0.0136827202513813,-0.4429363012313843,314.375244140625,0.0,0.0,0.9816575050354004,31,0.0233071446418762,false,13.639235496520996,14.151041030883787,12.971529006958008,65955.71048226612,29853.852473832016,51350.732536149466,742.3012084960938,88.85302734375,1227.6043701171875,24.318790435791016,1532.19873046875,33.514408111572266,1.2311986684799194,0.0607981703784228,1.724042792227243,12.291,11.84,11.732,0.023,0.026,0.025,AAA,15.84,0.035,15.153,0.126,13.938,0.36,12.184,0.371,,,,,,,1.0,4.056509022968133,3.69950913247256,15.680798530578612,0.0037760001141577,13.93606185913086,0.0065720002166926,,,,,,,15.016,4,13.952,3,14.468,1,13.653,3,13.331,2
16.834747,-72.852707,01072033-7251097,16.834741933733287,-72.85271861130254,-0.0089088676042712,0.7800822189903835,-1.1697245126486449,1.405981421470642,0.0116141410544514,0.0111886253580451,0.0126689122989773,-0.7032069563865662,0.014953201636672,0.0149896200746297,-0.4158739447593689,355.0349426269531,0.0,0.0,0.9841020107269288,31,0.0215669460594654,false,13.921384811401367,14.703590393066406,13.067607879638672,50861.90638378002,17946.541648387913,47001.87229206599,14.027837753295898,3625.78369140625,25.680971145629883,698.826416015625,41.406272888183594,1135.138916015625,1.2769559621810913,0.0421451362652284,0.4900710327669352,11.908,11.166,11.022,0.024,0.021,0.023,AAA,17.156,0.048,15.888,0.018,14.414,0.029,12.928,0.012,,,,,,,1.0,4.1064695357335355,3.603787434942212,18.15127944946289,0.0159089993685483,15.07292366027832,0.0061200000345706,,,,,,,,,,,,,,,,
16.846935,-72.442535,01072326-7226331,16.846918914991846,-72.44257292822928,-0.0268738396828461,0.9654253471200837,-1.204622802617244,1.543749451637268,0.0116314254701137,0.0115912528708577,0.0135664753615856,-1.9809006452560425,0.0139212673529982,0.0152542144060134,-1.5737196207046509,411.0113525390625,0.0591703839600086,2.736307382583618,0.937908947467804,31,0.0219967272132635,false,13.372681617736816,13.439480781555176,13.24532699584961,84309.02901949962,57494.2520129631,39905.02515373511,34.83496856689453,2420.2412109375,34.08379364013672,1686.85009765625,22.548328399658203,1769.75537109375,1.1552650928497314,0.1376544511491255,1.6278181799301068,13.073,12.956,12.977,0.026,0.035,0.035,AAA,13.273,0.02,13.454,0.02,13.376,0.02,13.207,0.006,14.560841348595917,0.0462753010095761,15.004773893705076,0.0483129324739416,14.9025870683636,0.0503009071623584,1.0,4.18053774459526,3.9055751302610986,14.05937385559082,0.015914000570774,,,,,,,,,13.447,1,13.373,1,13.345,1,13.453,1,13.577,4
16.875432,-72.409515,01073010-7224342,16.87537875949571,-72.40956569025653,-0.0290005954452823,0.8193423254521794,-1.1643573630216493,1.423745036125183,0.0136881405487656,0.0118646677583456,0.0144020607694983,-2.0136420726776123,0.0174103714525699,0.0157256629317998,-0.1681919246912002,291.58111572265625,0.0,0.0,0.992107629776001,31,0.0242898762226104,false,13.96469497680664,14.69831371307373,13.134529113769531,48872.98052648776,18033.97075824844,44192.311805288264,18.852760314941406,2592.3515625,28.1940860748291,639.6366577148438,50.57477569580078,873.8014526367188,1.2732245922088623,0.1914572667631397,0.7348710112598941,12.049,11.316,11.159,0.027,0.028,0.021,AAA,17.1,0.035,15.831,0.022,14.418,0.032,12.992,0.01,18.01382211532337,0.2051203263235136,,,,,1.0,4.048890674532461,3.6028409157358032,17.903411865234375,0.014737999998033,15.082559585571287,0.0070259999483823,,,,,,,15.49,5,14.215,2,14.83,2,13.802,1,13.362,1
16.897636,-72.276939,01073543-7216369,16.897628846020215,-72.27694324326606,0.0108322425730042,1.0346600184484267,-1.1674114932464703,1.5599266290664673,0.014101842418313,0.0122211230918765,0.0150142824277281,0.7214625477790833,0.0176078621298074,0.0172488931566476,-2.2761311531066895,241.72219848632812,0.0,0.0,0.9076088666915894,31,0.0249160379171371,false,13.862339973449709,14.560755729675291,13.059840202331545,53704.50566825044,20469.849278123405,47339.344509553346,14.482606887817385,3708.20703125,26.96894073486328,759.0156860351562,33.37482833862305,1418.4146728515625,1.2626351118087769,0.0171701780188911,3.0214245479530506,12.027,11.341,11.19,0.021,0.022,0.021,AAA,16.787,0.061,15.634,0.032,14.264,0.036,12.917,0.009,18.220896404998665,0.1987399866221604,18.992534031021822,0.3040663098404962,,,1.0,4.076912785374657,3.616514204240434,17.54816436767578,0.0147050004452466,14.891220092773438,0.0069329999387264,,,,,,,15.654,1,14.274,2,14.9,2,13.853,1,13.41,2
16.956915,-72.214272,01074965-7212513,16.95690198043805,-72.21429876013468,-0.0018257406212198,0.990315725593105,-1.1751393845257136,1.5367751121520996,0.011054215952754,0.0094396416097879,0.0116945682093501,-0.1561186909675598,0.0164654497057199,0.0128399729728698,-0.4092468023300171,358.728271484375,0.0,2.2755578244469405E-15,0.9825994968414308,31,0.0230145025998353,false,13.089028358459473,13.241328239440918,12.806748390197754,109480.18512473589,69005.79461702783,59766.62827081627,34.26111602783203,3195.464599609375,59.381404876708984,1162.0775146484375,27.55644798278809,2168.8798828125,1.176216721534729,0.0973945230446604,2.261301129216038,12.437,12.214,12.188,0.023,0.024,0.024,AAA,13.103,0.02,13.434,0.02,13.186,0.02,12.735,0.008,12.912887384284762,0.0432684164243818,12.71186171082742,0.0436422804874609,12.767535723905576,0.0436708727096096,1.0,4.206938548523557,3.805012573108858,13.997674942016602,0.0193470008671283,,,,,,,,,13.423,3,13.179,1,13.249,1,13.163,1,13.162,3
16.976536,-72.683044,01075436-7240589,16.9764691300897,-72.68308280548791,-0.0535058832148948,0.8624868214699937,-1.36943724611332,1.6184072494506836,0.015944916754961,0.0151226986199617,0.0172087866812944,-3.1092188358306885,0.0191062204539775,0.0200070571154356,1.397558093070984,1260.7037353515625,0.1642683148384094,32.46320343017578,1.053072214126587,31,0.0281309764832258,false,12.52186107635498,12.554121017456056,12.437954902648926,184587.4360672301,129947.67513044237,83941.3987565452,55.36698532104492,3333.889892578125,90.40082550048828,1437.461181640625,37.66801834106445,2228.45263671875,1.1587412357330322,0.157004876359006,1.6159791818074165,12.382,12.342,12.313,0.024,0.026,0.025,AAA,12.143,0.01,12.624,0.01,12.576,0.01,12.422,0.01,,,,,,,1.0,4.542921888514196,3.943750076748577,13.006930351257324,0.0158220008015632,,,,,,,,,12.611,1,12.531,1,12.516,1,12.638,1,12.79,1
16.982439,-72.673393,01075578-7240242,16.982379819177112,-72.67343917261488,-0.0021420314280155,0.785110231313308,-1.2224043038047945,1.4528145790100098,0.0111433388665318,0.0105322683230042,0.0121584460139274,-0.1761764138936996,0.0131065137684345,0.0140304360538721,0.1496440768241882,335.31536865234375,0.0,0.0,1.0047343969345093,31,0.0196522586047649,false,13.66308879852295,14.388946533203123,12.841371536254885,64522.495461807586,23979.401846361696,57890.805158463045,28.747974395751953,2244.4189453125,54.79462432861328,437.6232604980469,89.97227478027344,643.4293823242188,1.2688629627227783,0.1779199494753088,0.1273912975755219,11.809,11.098,10.934,0.022,0.021,0.021,AAA,16.684,0.047,15.513,0.019,14.115,0.067,12.708,0.014,,,,,,,1.0,4.149642381310022,3.606482004994043,17.610578536987305,0.0121179996058344,14.74581241607666,0.0074289999902248,,,,,,,15.255,13,14.069,1,14.689,1,13.674,1,13.224,3
17.022895,-72.14518,01080549-7208426,17.022894070254058,-72.14523001824841,0.0343996096769277,0.8564099720589831,-1.2646573169818116,1.5273493528366089,0.0143407275900244,0.0127300722524523,0.0155820958316326,2.207636833190918,0.021081119775772,0.01789684407413,-1.705277919769287,627.6475219726562,0.1083990782499313,10.64198112487793,0.9296393990516664,31,0.0296194646507501,false,12.941797256469728,13.03060245513916,12.765617370605469,125379.92026436234,83786.82465035211,62074.22016518778,58.679386138916016,2136.694580078125,58.48630142211914,1432.5888671875,30.645206451416016,2025.5767822265625,1.1633524894714355,0.1800686186419794,0.4551198767412813,12.522,12.414,12.411,0.021,0.021,0.021,AAA,12.993,0.01,13.124,0.01,13.006,0.0,12.282,0.232,14.23135356751014,0.0457907532629125,14.768402196886656,0.0471116822040996,14.682887315229154,0.0484390792148815,1.0,4.362686711214552,3.8884492112161486,13.71926498413086,0.0193860009312629,,,,,,,,,13.117,1,12.981,1,12.983,3,13.048,1,13.136,0
17.030683,-71.81395,01080736-7148502,17.030682728569484,-71.81397487435504,0.0059629368374414,0.8070157518981387,-1.149253412321351,1.4042997360229492,0.0095671666786074,0.0093472311273217,0.0101338494569063,0.5884177684783936,0.0119777573272585,0.0124360239133238,0.4946557581424713,360.3561401367187,0.0,0.0,1.0175830125808716,31,0.0191080160439014,false,13.222453117370604,13.992515563964844,12.377911567687988,96820.07785592329,34547.02678796332,88714.30030706468,73.75895690917969,1312.6551513671875,97.3769073486328,354.7763671875,158.73239135742188,558.8922119140625,1.273096799850464,0.089548197441459,0.881766271227374,11.233,10.548,10.395,0.024,0.024,0.019,AAA,16.568,0.035,15.27,0.049,13.743,0.041,12.31,0.051,,,,,,,1.0,4.3941135258891695,3.616240371676728,17.3238468170166,0.0200069993734359,,,,,,,,,,,,,,,,,,
17.048329,-72.521729,01081159-7231182,17.048268724426233,-72.5217686943005,0.0118817388674442,0.8239140164941232,-1.2069872581208607,1.4613871574401855,0.0117861861363053,0.0102610206231474,0.0120644746348261,0.9848533868789672,0.0140106035396456,0.013525390997529,2.1940479278564453,413.831787109375,0.0265003200620412,0.526732325553894,1.0829662084579468,31,0.0200832765549421,false,13.543539047241213,13.998686790466309,12.887408256530762,72032.91259417434,34351.233744902675,55487.444974605365,876.6728515625,82.16624450683594,1512.83740234375,22.706493377685547,1542.190185546875,35.979637145996094,1.2471892833709717,0.1570594765157531,0.3650275130686231,12.205,11.666,11.603,0.026,0.026,0.023,AAA,16.309,0.046,14.907,0.021,14.704,0.108,12.814,0.197,17.40560496509987,0.1220993881546423,18.79090993374053,0.269480341361768,,,1.0,4.07615857774311,3.685373849400921,16.186111450195312,0.0113580003380775,,,,,,,,,14.995,1,13.903,2,14.418,2,13.595,2,13.31,3
17.051814,-71.691063,01081243-7141278,17.051834843715326,-71.69109584038928,-0.0173027612648032,1.0362123977852442,-1.3400074264801378,1.6939173936843872,0.0102350274100899,0.0101409405469894,0.0111644770950078,-1.549804925918579,0.0132603021338582,0.0134119689464569,3.317568063735962,776.585205078125,0.0870361700654029,10.238092422485352,1.120378017425537,31,0.0198678374290466,false,12.600605964660645,12.817642211914062,12.22773265838623,171674.00756156718,101943.63571162002,101874.4319240142,40.1113395690918,4279.93701171875,63.868289947509766,1596.1541748046875,46.350948333740234,2197.89306640625,1.1872389316558838,0.1205524659707323,2.859908992868846,11.752,11.52,11.442,0.023,0.025,0.021,AAA,13.123,0.01,13.074,0.01,12.696,0.01,12.168,0.128,,,,,,,1.0,4.43065891736506,3.7845004740908728,13.91446304321289,0.0062069999985396,,,,,,,,,13.072,1,12.686,1,12.833,2,12.636,2,12.573,1
17.061598,-72.624634,01081478-7237286,17.06157646425806,-72.62465810034261,0.001299504822044,0.8012672375730684,-1.2495632265747296,1.4843980073928833,0.0098742879927158,0.0086765261366963,0.0103754065930843,0.1252485662698745,0.0121901640668511,0.0111074522137641,-2.717930555343628,308.36712646484375,0.0,0.0,0.8982762098312378,31,0.0173143055289983,false,13.08872413635254,13.348770141601562,12.671795845031738,109510.80683901125,62504.13588535309,67676.831267106,28.087461471557617,3898.92138671875,38.46636962890625,1624.9034423828125,28.253337860107425,2395.35693359375,1.18874990940094,0.0897972477357991,0.154972998848313,12.173,11.92,11.817,0.024,0.028,0.019,AAA,13.773,0.01,13.674,0.01,13.236,0.01,11.752,0.246,,,,,,,1.0,4.2265941782056435,3.769530453391592,14.52524757385254,0.0158159993588924,,,,,,,,,13.652,1,13.237,1,13.414,0,13.116,0,13.05,2
17.063286,-72.503166,01081518-7230113,17.063215191038875,-72.50320373760555,0.0052509763525467,0.8124390025190699,-1.1968490647222638,1.4465492963790894,0.0136726396158337,0.0114663131535053,0.0142942937090992,0.3673477172851562,0.0154415257275104,0.0149421002715826,2.7963457107543945,401.2972106933594,0.0491748079657554,1.581678032875061,1.1107724905014038,31,0.0220337267965078,false,13.802680015563965,14.293728828430176,13.144537925720217,56738.092169633666,26177.31903990606,43786.77918682015,477.41937255859375,118.84329986572266,878.3502807617188,29.802824020385746,919.2877197265624,47.631202697753906,1.233106255531311,0.1559820063127281,0.3737202552515126,12.282,11.855,11.781,0.024,0.022,0.023,AAA,14.624,0.042,14.656,0.018,13.73,0.115,13.03,0.141,16.812069103830073,0.0878027342392584,18.139001106237128,0.1802587226156455,18.662044282479098,0.3056778367564665,1.0,4.086538459655387,3.719463397674171,16.65703773498535,0.0117340004071593,14.572216033935549,0.033415000885725,,,,,,,,,,,,,,,,
17.121713,-72.45359,01082921-7227129,17.121598813547745,-72.45364317503878,-0.0130706258446667,0.7935640232876697,-1.2185648363273152,1.4541815519332886,0.012238971889019,0.0113195963203907,0.0134025197476148,-0.9752364158630372,0.0141443107277154,0.0146120544523,2.049051284790039,349.9918518066406,0.0,0.0,1.0819109678268433,31,0.0211239587515592,false,13.61363124847412,14.375699996948242,12.770785331726074,67529.61753467353,24273.748316989524,61779.47959904361,28.720130920410156,2351.299072265625,41.9924430847168,578.0504150390625,88.33088684082031,699.4097290039062,1.2743035554885864,0.2280435388823833,0.1701785535815712,11.659,10.971,10.805,0.024,0.022,0.023,AAA,16.659,0.044,15.55,0.019,14.034,0.038,12.615,0.016,18.19,0.27,,,,,1.0,4.217394027725458,3.6119185763327737,17.69554328918457,0.0131350001320242,14.735804557800291,0.0064039998687803,,,,,,,,,,,,,,,,
17.226705,-73.999603,01085440-7359585,17.226575528392296,-73.99958227539511,0.0063763077548203,0.8161930770770918,-1.2546166578274294,1.4967411756515503,0.0136643191799521,0.0114274621009826,0.0138218039646744,0.4613223969936371,0.0161528903990983,0.0148014333099126,-0.7834035754203796,342.3919372558594,0.0,0.0,0.970488965511322,31,0.0232993084937334,false,14.161263465881348,14.887310981750488,13.33984088897705,40779.44712668172,15152.792505992473,36578.155906837776,11.2597074508667,3621.714599609375,21.6509952545166,699.8658447265625,29.305530548095703,1248.1656494140625,1.268554449081421,0.1485692337480903,0.2217048087296916,12.231,11.497,11.417,0.024,0.028,0.023,AAA,17.434,0.069,16.042,0.029,14.682,0.035,13.214,0.059,,,,,,,1.0,4.0044390593623636,3.6228964584152177,18.16631317138672,0.0080739995464682,15.243483543395996,0.0016700000269338,,,,,,,16.055,6,14.625,1,15.31,0,14.117,7,13.747,4
17.22848,-72.414505,01085483-7224522,17.22844586670541,-72.41448081721016,-0.028158914877692,0.8243741789248769,-1.2164159877854126,1.4694422483444214,0.0129554420709609,0.0098884077742695,0.0131069254130125,-2.148399591445923,0.0140505507588386,0.012835337780416,-0.322985291481018,311.5965576171875,0.0,0.0,0.986153244972229,31,0.0206424463540315,false,13.415933609008787,13.691976547241213,12.94451141357422,81016.49564776984,45564.47446367074,52644.57674555533,37.550289154052734,2157.546630859375,53.57193374633789,850.52880859375,50.36432266235352,1045.275146484375,1.2122105360031128,0.0946435880141256,0.3178543518760465,12.313,11.836,11.7,0.024,0.022,0.021,AAA,13.211,0.028,14.053,0.057,13.602,0.14,12.847,0.011,,,,,,,1.0,4.029720451237095,3.6818646901806145,14.41238021850586,0.0193819999694824,,,,,,,,,13.888,11,13.527,5,13.705,8,13.412,0,13.261,1
17.314073,-72.275597,01091537-7216321,17.314069009000033,-72.27556426827337,-0.0096730303376983,0.8527479150165502,-1.1920497679808384,1.465660810470581,0.0121241984888911,0.010560005903244,0.0129071241244673,-0.7494333982467651,0.0148307112976908,0.0134725105017423,1.2045027017593384,325.3369445800781,0.0,0.0,1.0476696491241455,31,0.0211448688060045,false,13.584461212158203,14.345687866210938,12.744243621826172,69368.47641093945,24954.080365256785,63308.32296003796,29.65238380432129,2339.3896484375,45.69536209106445,546.0965576171875,73.6585464477539,859.4837646484375,1.272370457649231,0.1179153714135563,0.6517334046787936,11.617,10.878,10.747,0.021,0.021,0.023,AAA,16.73,0.053,15.536,0.045,14.034,0.05,12.584,0.012,18.29166133750634,0.1747717783123288,,,,,1.0,4.228197767559658,3.6077455851193294,17.564573287963867,0.0136050004512071,14.820362091064451,0.0185509994626045,13.892762184143066,0.1913679987192154,,,,,15.421,3,14.012,1,14.705,2,13.555,1,13.107,2
17.321614,-71.556213,01091718-7133223,17.32161107337557,-71.55622589437628,-0.0161486786226651,0.9274423595801082,-1.1472274640413638,1.475222110748291,0.0128825651481747,0.0106734503060579,0.012566914781928,-1.2850154638290403,0.0155498133972287,0.013388973660767,0.1894664764404297,365.5531311035156,0.0,0.0,1.0060912370681765,31,0.0220526047050952,false,13.938643455505373,14.59652328491211,13.16173267364502,50059.82753169867,19806.48962335044,43098.79503401392,13.053176879882812,3835.068603515625,25.9698486328125,762.6724853515625,38.09343338012695,1131.39697265625,1.2566020488739014,0.0465392769323834,1.8929448128694573,12.149,11.551,11.404,0.024,0.022,0.021,AAA,16.489,0.045,15.594,0.03,14.277,0.037,12.988,0.155,,,,,,,1.0,4.061153176589596,3.642489425774807,17.442790985107422,0.0052229999564588,14.871001243591309,0.0033859999384731,,,,,,,,,,,,,,,,
17.334506,-71.411934,01092028-7124429,17.33457884255429,-71.41194128339257,-0.012139510270681,0.9222934927816712,-1.1197072155918306,1.4506444931030271,0.0114338202401995,0.0102204801514744,0.0115852355957031,-1.0478432178497314,0.0140221025794744,0.012863709591329,-0.6903192400932312,346.1502685546875,0.0,0.0,0.9740890860557556,31,0.019991785287857,false,13.810214042663574,14.538018226623535,12.989075660705566,56345.72857852236,20903.046749040735,50527.536485005156,12.558067321777344,4486.8154296875,26.945098876953125,775.7643432617188,36.442256927490234,1386.509521484375,1.2677196264266968,0.08760580282689,2.3559998546468903,11.893,11.174,11.034,0.023,0.022,0.021,AAA,16.925,0.047,15.706,0.025,14.28,0.017,12.031,0.233,,,,,,,1.0,4.121870943866776,3.6105957663102055,17.76851463317871,0.0055169998668134,14.86790370941162,0.002369999885559,,,,,,,,,,,,,,,,
17.354747,-72.260063,01092513-7215362,17.35479172016609,-72.26005277129187,-0.0116140278888013,0.8408729431317312,-1.1023062358143132,1.386414885520935,0.0117029538378119,0.0097404289990663,0.0123387519270181,-0.9412644505500792,0.0142307849600911,0.0125169018283486,0.133547157049179,317.87554931640625,0.0,0.0,1.00420081615448,31,0.0201685708016157,false,13.463115692138672,14.208610534667969,12.633317947387695,77571.19775071328,28312.14315621842,70118.25867373943,58.32601165771485,1329.9588623046875,86.53006744384766,327.19427490234375,170.5400390625,411.15423583984375,1.2689039707183838,0.061337198353567,1.9801383998695472,11.585,10.896,10.74,0.021,0.022,0.021,AAA,16.746,0.049,15.357,0.023,13.949,0.065,11.878,0.261,18.223337585891308,0.1572440279605644,19.579626083374023,0.3544452786445617,,,1.0,4.250527671971229,3.614334824858832,17.366252899169922,0.0136540001258254,14.551965713500977,0.0092169996351003,,,,,,,15.37,4,13.909,2,14.643,1,13.433,1,13.005,3
17.629456,-73.466484,01103106-7327593,17.62939890071943,-73.46648325329322,-0.0102222879201224,0.956568571641136,-1.291051186633238,1.6068094968795776,0.0139235481619834,0.0113556385040283,0.0139841781929135,-0.7309895157814026,0.0168263763189315,0.0143991075456142,-2.2676713466644287,269.23895263671875,0.0,0.0,0.912326991558075,31,0.0239202678203582,false,14.000170707702637,14.72373390197754,13.183663368225098,47301.898020056746,17616.65661599577,42236.99509602906,13.471105575561523,3511.35986328125,20.846607208251953,845.0610961914062,31.827167510986328,1327.0736083984375,1.2653541564941406,0.0585584746674851,1.4199352324039436,12.087,11.447,11.253,0.022,0.029,0.023,AAA,17.15,0.042,15.842,0.028,14.259,0.152,12.99,0.115,,,,,,,1.0,4.054111251504701,3.617337888135071,17.862899780273438,0.0146030001342296,15.041570663452148,0.0038610000628978,,,,,,,15.812,12,14.39,2,15.064,1,13.97,2,13.538,1
17.689535,-73.286728,01104548-7317122,17.689538907625156,-73.28675500129658,-0.00257362649764,0.9466023551524416,-1.1822850006762269,1.514547348022461,0.0139367459341883,0.0107743153348565,0.0135642848908901,-0.1897355020046234,0.0200883336365222,0.0137931881472468,0.1551868021488189,318.6744079589844,0.0,0.0,1.005053162574768,31,0.0278399419039487,false,13.842498779296877,14.596473693847656,13.004773139953612,54694.96997686837,19807.392926212902,49802.261038704455,19.2078800201416,2847.527587890625,31.71946144104004,624.4555053710938,41.44450378417969,1201.661376953125,1.272688388824463,0.0972888168497431,1.6133990369195896,11.882,11.141,11.018,0.024,0.023,0.021,AAA,17.036,0.037,15.813,0.031,14.337,0.194,11.821,0.264,,,,,,,1.0,4.124388455838616,3.609289202294641,17.79643440246582,0.0048400000669062,14.933464050292969,0.0015569999814033,,,,,12.987667083740234,0.0115219997242093,15.743,1,14.288,1,14.995,1,13.876,2,13.365,1
17.793628,-73.086525,01111047-7305114,17.793554751300192,-73.0865372714903,0.0045919802591043,0.9035275379536664,-1.19401586508443,1.4973429441452026,0.0110572585836052,0.0099088232964277,0.0118460105732083,0.3876394033432007,0.0164344236254692,0.0131270643323659,-0.908769965171814,337.83990478515625,0.0,0.0,0.9648565649986268,31,0.0227972120046615,false,13.51787281036377,13.70167064666748,13.19690227508545,73756.05048976325,45159.44689352404,41725.07994571794,19.22892189025879,3835.68310546875,32.2079963684082,1402.119140625,24.44681167602539,1706.769775390625,1.177998661994934,0.0885268445265979,1.0473722575915545,12.767,12.548,12.451,0.024,0.024,0.024,AAA,14.15,0.182,13.847,0.136,13.647,0.127,12.677,0.276,,,,,,,1.0,4.019930515388724,3.782558247526477,14.618213653564451,0.0038650000933557,13.654866218566896,0.0100480001419782,,,,,,,13.908,1,13.603,1,13.717,1,13.602,2,13.556,1
18.18153,-73.294205,01124356-7317391,18.181558015286477,-73.29422788125159,0.0212942524188016,0.8858972208543804,-1.3179221606813143,1.587996482849121,0.0175750385969877,0.0137500474229455,0.017018936574459,1.2512092590332031,0.0224723033607006,0.0179099589586257,-0.2856239378452301,746.3457641601562,0.1358179450035095,16.507287979125977,0.9870672821998596,31,0.0315713621675968,false,12.904351234436035,12.97642707824707,12.752121925354004,129779.60077008772,88073.6524197373,62850.577124579664,39.93670272827149,3249.63232421875,68.00503540039062,1295.1048583984375,27.053808212280273,2323.16943359375,1.162927269935608,0.0873254663062008,1.003926116023854,12.571,12.501,12.469,0.026,0.03,0.026,AAA,12.823,0.02,13.064,0.01,12.966,0.01,11.254,0.268,,,,,,,1.0,4.36532004813986,3.8984127198181566,13.55402946472168,0.0048360000364482,,,,,,,,,13.054,1,12.944,0,12.935,0,12.993,1,13.111,1
18.234879,-73.533585,01125637-7332009,18.23495484760492,-73.5336040705793,-0.0577878056574411,0.9902709368245936,-1.2115582067383304,1.56477153301239,0.0134309148415923,0.0115063609555363,0.014460677281022,-3.996203184127808,0.016701053828001,0.0150192119181156,-0.973379373550415,303.842529296875,0.0,0.0,0.9617655873298644,31,0.0235432181507349,false,13.978832244873049,14.688542366027832,13.170923233032228,48240.72598384487,18197.00233656625,42735.49791875806,12.22410011291504,3946.362060546875,25.303834915161133,719.1400756835938,27.994726181030273,1526.5552978515625,1.2630925178527832,0.1034587815608648,1.8900898309967973,12.111,11.425,11.313,0.023,0.026,0.026,AAA,17.128,0.043,15.757,0.184,14.402,0.028,12.957,0.102,,,,,,,1.0,4.058559825080532,3.62740101181071,17.81439781188965,0.0049589998088777,15.141955375671388,0.0016730000497773,13.959126472473145,0.0043560001067817,,,,,15.783,1,14.437,1,15.093,1,13.982,1,13.536,4
18.263969,-73.205635,01130335-7312202,18.263951649906268,-73.2056983321022,0.0114551557699154,0.970444106355163,-1.3217445463355693,1.6397470235824585,0.0117556201294064,0.0101205632090568,0.0119654461741447,0.9573529958724976,0.0164044238626956,0.0138598531484603,-2.645702123641968,264.4721984863281,0.0,0.0,0.8991838097572327,31,0.0233580749481916,false,13.587305068969728,14.311052322387695,12.76593017578125,69187.0651834446,25762.961693844,62056.33781797576,30.802732467651367,2246.134033203125,45.16994857788086,570.3562622070312,74.71202087402344,830.6071166992188,1.269302248954773,0.2287087168115204,1.8180645983261736,11.688,11.04,10.891,0.022,0.026,0.023,AAA,16.179,0.33,15.401,0.029,14.089,0.181,11.412,0.362,,,,,,,1.0,4.228132740028886,3.627683679607803,17.096643447875977,0.0047100000083446,14.672316551208496,0.0015579999890178,14.44078540802002,0.0125930001959204,,,,,15.32,4,13.998,2,14.647,1,13.593,0,13.11,2
18.325872,-73.363472,01131820-7321484,18.325909240479508,-73.3635073767595,0.0531222885559631,1.031632209408147,-1.3346455350917004,1.6868739128112793,0.0118476636707782,0.0097081763669848,0.0118129821494221,4.496941566467285,0.0143610192462801,0.0128566231578588,3.4429824352264404,467.19580078125,0.0406763069331646,1.4589438438415527,1.140519142150879,31,0.0205923952162265,false,13.051458358764648,13.59521770477295,12.35634708404541,113334.87280051888,49811.533084907074,90493.9203441188,448.74853515625,252.55764770507812,777.89501953125,64.03374481201172,849.998779296875,106.46358489990234,1.2379724979400637,0.1330145907534946,2.730015504917497,11.555,11.047,10.914,0.023,0.027,0.025,AAA,15.233,0.03,14.484,0.01,13.356,0.01,10.716,0.12,,,,,,,1.0,4.3253860807513815,3.6731262208280193,16.13048553466797,0.0051339999772608,13.93481159210205,0.0052069998346269,,,,,,,14.154,4,13.144,1,13.634,1,12.903,0,12.597,0
18.409569,-73.278755,01133829-7316435,18.40960575644741,-73.2787783974799,-0.0101933406182524,1.0647872220970518,-1.3585738585258305,1.7261213064193726,0.0147752584889531,0.0112658273428678,0.0144665772095322,-0.7046131491661072,0.0181007888168096,0.0150103531777858,-0.4522083401679992,411.13531494140625,0.0702352747321128,3.78293514251709,0.9792138338088988,31,0.0255613569170236,false,13.230340003967283,13.2830171585083,13.12726879119873,96119.32648301269,66406.39412416748,44488.78481894303,48.69854736328125,1973.76171875,55.518306732177734,1196.1170654296875,22.290395736694336,1995.872314453125,1.1537240743637085,0.0924352920253653,3.5238593047235507,12.965,12.848,12.891,0.025,0.022,0.03,AAA,13.163,0.03,13.354,0.03,13.296,0.03,12.541,0.268,,,,,,,1.0,4.291899036192653,3.9358770384701383,13.839497566223145,0.0023380001075565,13.214727401733398,0.0055300001986324,13.252435684204102,0.0097329998388886,,,,,13.313,0,13.184,0,13.173,1,13.341,1,13.5,4
18.6571,-71.876244,01143770-7152344,18.65702339749306,-71.87625209139603,-0.01159783987234,0.8885556545110569,-1.131269930205582,1.4385071992874146,0.01251120865345,0.0105524705722928,0.0136584406718611,-0.8491335511207581,0.0168161187320947,0.0138529622927308,-0.4492242038249969,291.6989440917969,0.0,2.2755578244469405E-15,0.9810088872909546,31,0.0235711969435215,false,13.609108924865724,14.30272388458252,12.807488441467283,67811.45940565995,25961.342367601577,59725.89112437075,52.938419342041016,1280.9498291015625,82.17411041259766,315.930908203125,148.60794067382812,401.9024353027344,1.2636098861694336,0.090594286447031,1.7750413045623732,11.803,11.125,11.024,0.024,0.024,0.023,AAA,16.432,0.037,15.448,0.029,14.021,0.076,12.541,0.191,,,,,,,1.0,4.188614377592058,3.6327876869962026,17.241106033325195,0.0050599998794496,14.61427116394043,0.002602000022307,,,,,,,15.426,2,14.052,3,14.661,3,13.622,0,13.176,1
18.69335,-73.35096,01144640-7321034,18.693346115477052,-73.35097507479261,-0.0128340446970263,0.9829882262341616,-1.242836497905988,1.5845845937728882,0.0126051539555192,0.010537713766098,0.0129000516608357,-0.9948831796646118,0.0141444271430373,0.0139777064323425,-1.557385802268982,232.38262939453125,0.0,0.0,0.9335125088691713,31,0.0217045713216066,false,13.388299942016602,14.160185813903809,12.53827667236328,83104.89089612548,29603.453489645493,76532.75743991601,100.76124572753906,824.7703857421875,146.2888641357422,202.36300659179688,252.4500732421875,303.15997314453125,1.2771356105804443,0.0544169534718214,1.6504390744965505,11.442,10.73,10.563,0.025,0.027,0.025,AAA,16.46,0.037,15.402,0.03,13.774,0.076,11.014,0.219,,,,,,,1.0,4.295092771918668,3.605487733860952,17.43374252319336,0.0039470000192523,14.556657791137695,0.001429000054486,,,,,,,14.838,0,13.709,0,14.27,1,13.26,0,12.838,1
18.752301,-73.799683,01150055-7347588,18.75233082312599,-73.79969420266634,-0.02311157104518,0.9590628312907592,-1.1903885876807858,1.5286681652069092,0.0125143993645906,0.01202352065593,0.0132165802642703,-1.7486801147460938,0.015391825698316,0.0164285991340875,1.7741307020187378,390.8817443847656,0.0133945159614086,0.092316523194313,1.0665429830551147,31,0.0230727586895227,false,14.006839752197266,14.733386993408203,13.184016227722168,47012.24024774143,17460.717535993048,42223.26333435558,16.81493377685547,2795.8623046875,24.89961624145508,701.2444458007812,69.60093688964844,606.6478881835938,1.2695412635803225,0.0502365987391894,1.677346811165525,12.136,11.424,11.268,0.026,0.025,0.023,AAA,17.267,0.06,15.875,0.028,14.438,0.026,13.035,0.04,,,,,,,1.0,4.021318660769291,3.6082569806177514,17.85969352722168,0.0116210002452135,15.069720268249512,0.0022780001163482,,,,,,,15.797,1,14.463,1,15.137,2,14.005,2,13.525,8
18.756336,-73.666168,01150152-7339582,18.756395510663378,-73.66616435279451,-0.0220031716865411,0.9435104082839189,-1.2025100480441413,1.5284770727157593,0.011030881665647,0.0104220043867826,0.0121666695922613,-1.8084794282913208,0.0150546953082084,0.0147222252562642,-0.9882436990737916,329.7492980957031,0.0,0.0,0.9622149467468262,31,0.0222550649195909,false,13.613625526428224,14.119901657104492,12.953941345214844,67529.98294797077,30722.477228754466,52189.332266592486,14.013826370239258,4818.81103515625,26.976591110229492,1138.85693359375,29.20311164855957,1787.115478515625,1.2277777194976809,0.0616650475068545,1.3865743426017525,12.189,11.704,11.591,0.023,0.026,0.023,AAA,15.476,0.046,14.869,0.027,13.816,0.049,12.806,0.079,,,,,,,1.0,4.083783663469376,3.686660833449307,16.23743438720703,0.0069269998930394,14.34603214263916,0.0031900000758469,,,,,,,14.851,4,13.908,1,14.349,3,13.597,1,13.325,2
18.861405,-73.337494,01152673-7320149,18.861466789103485,-73.33750130929351,-0.0165310051427208,0.9595579825922024,-1.2559746743256774,1.5805771350860596,0.0140381092205643,0.0115544069558382,0.0135630201548337,-1.2188292741775513,0.0157402250915765,0.0147784389555454,-2.111276149749756,207.4232482910156,0.0,0.0,0.9081435203552246,31,0.0244434475898742,false,13.569700241088867,14.334517478942873,12.725296020507812,70318.00939732055,25212.13986997525,64422.83550126727,38.475807189941406,1827.5902099609375,71.18878936767578,354.1588439941406,105.30816650390624,611.75537109375,1.27470862865448,0.0689959791712849,1.3530284895766906,11.613,10.897,10.721,0.023,0.025,0.023,AAA,16.94,0.051,15.556,0.03,14.008,0.046,10.902,0.234,,,,,,,1.0,4.222729305916982,3.602375100038098,17.77713394165039,0.0046310001052916,14.878233909606934,0.0017269999952986,13.601590156555176,0.0127370003610849,,,,,,,,,,,,,,
18.869048,-73.260292,01152857-7315370,18.86905843039246,-73.26030962611891,-0.019770950347617,1.0167736364136544,-1.3055717893914487,1.6547949314117432,0.0152430078014731,0.013211608864367,0.0150998635217547,-1.3093461990356443,0.0197895877063274,0.0175698362290859,1.258989691734314,801.8093872070312,0.1183670684695243,13.208474159240724,1.0500524044036863,31,0.0279070250689983,false,12.813227653503418,12.88961696624756,12.644909858703612,141141.81310413254,95404.74220176402,69373.5820644204,51.737098693847656,2728.05810546875,89.79154968261719,1062.5135498046875,28.925222396850582,2398.376708984375,1.167466402053833,0.0643690985559956,2.2401405707408935,12.401,12.321,12.251,0.025,0.026,0.025,AAA,12.772,0.031,12.957,0.11,11.84,0.294,11.07,0.244,,,,,,,1.0,4.334881117413654,3.8542320932372656,13.512582778930664,0.0027979998849332,12.759515762329102,0.0061229998245835,,,12.93411636352539,0.0209389999508857,,,12.954,1,12.842,2,12.846,1,12.928,1,13.03,0
19.104533,-73.146667,01162508-7308480,19.10452586310587,-73.14666810840126,-0.0084890142478666,0.9872485919682814,-1.211471196994527,1.5627931356430054,0.011981857009232,0.0106608560308814,0.0122750643640756,-0.691565752029419,0.015418997965753,0.0132735101506114,-0.9141623973846436,272.950439453125,0.0,2.2940136135764276E-15,0.96226304769516,31,0.0215394105762243,false,13.641054153442385,14.38602066040039,12.808884620666504,65845.36661587165,24044.107220305857,59649.175811426925,21.49408531188965,3063.41796875,32.76176452636719,733.9075927734375,53.155784606933594,1122.15771484375,1.2710580825805664,0.0084503643654024,1.8529663935974097,11.728,10.975,10.867,0.021,0.025,0.023,AAA,16.729,0.049,15.613,0.03,14.06,0.061,11.212,0.242,,,,,,,1.0,4.187112512381739,3.6100710833290024,17.61634635925293,0.0128290001302957,14.69601821899414,0.0027030000928789,,,,,,,,,,,,,,,,
19.219859,-73.216873,01165276-7313007,19.219807775998145,-73.21690569564196,-0.0088027165908855,0.9891004660824794,-1.234076842349323,1.5815389156341553,0.012587103061378,0.0115833124145865,0.0133671527728438,-0.6585333943367004,0.0159799586981534,0.0145685011520981,-0.2635264992713928,320.1972961425781,0.0,0.0,0.9888988137245178,31,0.022472646087408,false,13.905881881713867,14.646892547607422,13.07508373260498,51593.35925677986,18908.61686246154,46679.342213045835,12.02769660949707,4289.5458984375,23.832191467285156,793.4065551757812,28.624107360839844,1630.770263671875,1.2712481021881104,0.129188146015054,1.7527536622856617,11.954,11.248,11.117,0.022,0.022,0.023,AAA,17.069,0.045,15.828,0.037,14.389,0.048,11.744,0.19,,,,,,,1.0,4.106112785374656,3.616514204240434,17.875614166259766,0.0060720001347362,14.98487377166748,0.001808000029996,,,,,,,,,,,,,,,,
19.275741,-73.647217,01170617-7338499,19.27578015656481,-73.64720941272473,-0.0351266772108622,0.943270170550139,-1.1678852080771682,1.5012376308441162,0.011883296072483,0.0120486337691545,0.0126192634925246,-2.7835757732391357,0.0147943552583456,0.0158712547272443,0.5931106209754944,292.1894226074219,0.0,0.0,1.0234925746917725,31,0.0233113672584295,false,13.62474536895752,14.388240814208984,12.78012752532959,66841.87528595925,23994.981069769045,61250.149244893175,28.06399726867676,2381.76611328125,44.664451599121094,537.2277221679688,68.5548324584961,893.4475708007812,1.2753251791000366,0.0481792143338558,1.7575935817938015,11.636,10.936,10.771,0.023,0.023,0.025,AAA,17.076,0.058,15.591,0.036,14.021,0.043,12.608,0.041,,,,,,,1.0,4.222417731320127,3.609030011338384,17.728181838989258,0.0054339999333024,14.768973350524902,0.0024059999268501,,,,,,,15.561,6,14.101,2,14.84,1,13.634,1,13.145,2
19.3377,-73.595901,01172104-7335452,19.337717075843308,-73.595898645958,-0.0072207889612585,0.9470465086704344,-1.2018249274157098,1.530124306678772,0.0106394793838262,0.0107262032106518,0.0112335216253995,-0.6427894234657288,0.013823882676661,0.0137992361560463,-0.6729804277420044,287.5331726074219,0.0,1.1661568452970945E-15,0.9714030027389526,31,0.0204701777547597,false,13.262406349182127,13.503691673278809,12.867033004760742,93322.0209799682,54192.65010162871,56538.61180722967,30.5966854095459,3050.069580078125,46.822357177734375,1157.40966796875,33.48694610595703,1688.377685546875,1.1865501403808594,0.0193186096684668,1.4337879946935574,12.352,12.109,12.051,0.025,0.025,0.028,AAA,14.108,0.038,13.782,0.032,13.213,0.167,12.562,0.203,,,,,,,1.0,4.197800813627284,3.787419945196941,14.61192798614502,0.0023590000346302,13.483866691589355,0.0035349999088793,,,13.086569786071776,0.0094170002266764,,,13.779,2,13.382,1,13.52,2,13.301,1,13.22,1
19.345612,-73.35466,01172294-7321167,19.34558591360838,-73.35467125241492,-0.0292993994441177,0.9764928881510334,-1.2144890455172124,1.5583715438842771,0.0118547221645712,0.0104256300255656,0.0122886383906006,-2.3842673301696777,0.0147639065980911,0.0135524636134505,-0.1587585359811782,262.6002502441406,0.0,0.0,0.9920456409454346,31,0.0209753736853599,false,13.296574592590332,14.043489456176758,12.4657564163208,90430.92455915047,32962.58392544483,81819.27468774679,52.79758071899414,1712.785400390625,89.03929901123047,370.20263671875,116.99404907226562,699.3455810546875,1.2692766189575195,0.0486270528918493,1.6932957369683583,11.369,10.711,10.525,0.023,0.026,0.023,AAA,16.545,0.036,15.231,0.038,14.014,0.348,10.738,0.23,,,,,,,1.0,4.337324279507547,3.614605759843915,17.322872161865234,0.0043730000033974,14.54860019683838,0.0021029999479651,13.251947402954102,0.0071029998362064,,,,,15.251,0,13.745,1,14.466,1,13.315,0,12.831,1
19.363246,-72.677254,01172717-7240381,19.36329246567272,-72.67726285611693,0.0080563736313402,0.7599561108232518,-1.2009580017048294,1.421208381652832,0.0110404910519719,0.0110723227262496,0.0125802997499704,0.640395998954773,0.0134357241913676,0.0145045332610607,-1.2688051462173462,330.5327453613281,0.0,2.109657104364766E-15,0.9523781538009644,31,0.0209032204002141,false,13.683112144470217,14.188170433044434,13.00227165222168,63343.448208624446,28850.20203850474,49917.111910665306,17.853256225585938,3548.00537109375,26.71822166442871,1079.7950439453125,26.626502990722656,1874.71533203125,1.2434958219528198,0.0591372946649196,0.1569715516277222,12.05,11.45,11.309,0.021,0.021,0.022,AAA,14.351,0.165,14.808,0.013,14.018,0.048,11.761,0.179,,,,,,,1.0,4.101929231605784,3.6436359589165015,15.459089279174805,0.0035449999850243,14.360981941223145,0.0018779999809339,,,,,,,14.835,0,14.007,1,14.412,1,13.729,1,13.35,0
19.417553,-73.202896,01174021-7312104,19.4176567444768,-73.20287439383615,-0.0249441936001886,1.0192905778646324,-1.2659765102265608,1.6253153085708618,0.0126859452575445,0.0111452266573905,0.0127259958535432,-1.9600976705551147,0.0153535874560475,0.0135043896734714,0.1951101422309875,332.73968505859375,0.0,0.0,1.0068145990371704,31,0.0218490324914455,false,13.598215103149414,13.746260643005373,13.32577133178711,68495.26644994464,43342.38352187585,37055.25077649513,18.404003143310547,3721.759033203125,38.29368209838867,1131.8416748046875,21.828277587890625,1697.5802001953125,1.173769235610962,0.1330371111662505,2.1211555134417153,12.943,12.784,12.802,0.029,0.034,0.037,AAA,13.99,0.034,13.881,0.032,13.73,0.133,13.064,0.25,,,,,,,1.0,4.133208401776179,3.861014329013437,14.612350463867188,0.0022199999075382,,,13.495285034179688,0.0127050001174211,,,,,13.885,0,13.62,1,13.705,1,13.628,1,13.662,4
19.435629,-73.481575,01174455-7328536,19.435620976174203,-73.4815669857918,-0.0252420487605279,0.946439665470119,-1.2200690037247317,1.5441231727600098,0.0134361777454614,0.0120236733928322,0.013762267306447,-1.8341490030288696,0.0159054305404424,0.015897711738944,0.116966962814331,291.2228088378906,0.0,0.0,1.0036662817001345,31,0.0227687060832977,false,13.82288646697998,14.575221061706545,12.987645149230955,55691.89196866539,20198.93966414361,50594.13023530099,16.98238182067871,3279.392333984375,26.146013259887695,772.5437622070312,50.15646743774414,1008.7259521484376,1.2711557149887085,0.0299973454213756,1.2997444716083508,11.828,11.128,10.973,0.022,0.027,0.023,AAA,17.248,0.126,15.762,0.032,14.262,0.031,12.791,0.141,,,,,,,1.0,4.1494066360243025,3.611652804809296,17.931371688842773,0.0120310001075267,14.934042930603027,0.0024339999072253,,,13.29770565032959,0.0275720003992319,,,15.328,1,14.004,1,14.619,1,13.564,1,13.141,3
19.470878,-73.62368,01175301-7337252,19.47083875952776,-73.62365890565815,-0.0635655689624992,0.949265169127187,-1.184394402051444,1.5178585052490234,0.0125310653820633,0.0126440851017832,0.0132870096713304,-4.78403902053833,0.0164971146732568,0.0170247256755828,9.142393112182615,616.420166015625,0.0754777118563652,4.496038436889648,1.3811876773834229,31,0.0245653260499238,false,13.43791961669922,13.794172286987305,12.90587043762207,79392.36289000679,41471.31870412583,54551.906136227255,703.4539184570312,112.86078643798828,1417.0428466796875,29.26609992980957,1189.698486328125,45.85355758666992,1.2094768285751345,0.0857507480187343,1.6221913787250886,12.138,11.88,11.845,0.022,0.025,0.026,AAA,14.943,0.039,14.507,0.027,13.716,0.067,12.89,0.238,,,,,,,1.0,4.289805610356552,3.790028153397997,15.691909790039062,0.0030320000369101,14.143997192382812,0.0021049999631941,,,,,,,13.637,10,13.19,4,13.348,4,13.112,4,13.022,2
19.917681,-73.335297,01194024-7320070,19.91768413349001,-73.33529125145952,-0.0139742826267719,0.9576280568842814,-1.2269876026000297,1.556454300880432,0.0150046395137906,0.0125528555363416,0.0149234719574451,-0.9363961815834044,0.0197504218667745,0.0166487284004688,0.1114106550812721,312.7430114746094,0.0,0.0,1.0033750534057615,31,0.0281389039009809,false,14.167574882507324,14.89674949645996,13.345993041992188,40543.07763252006,15021.635685465071,36371.48153486868,11.177842140197754,3627.093505859375,15.676454544067385,958.2291259765624,25.561155319213867,1422.9200439453125,1.2676175832748413,0.0209460566035531,1.3884777214760642,12.23,11.562,11.443,0.023,0.022,0.023,AAA,17.364,0.088,16.025,0.129,14.585,0.026,12.523,0.325,,,,,,,1.0,4.014989650481925,3.630515871033936,18.077611923217773,0.0049930000677704,15.228132247924805,0.0024119999725371,,,13.60580825805664,0.0058459998108446,,,,,,,,,,,,
19.928189,-73.5327,01194276-7331577,19.92815970929717,-73.53270588444569,-0.0285596160096236,1.005810420232217,-1.230677762327119,1.5894094705581665,0.0146333016455173,0.012511795386672,0.0142387431114912,-2.005768060684204,0.0176719259470701,0.0157177802175283,1.793789625167847,342.33270263671875,0.0,2.2977589815109493E-15,1.0722638368606567,31,0.0248907543718814,false,14.05240249633789,14.799280166625977,13.218816757202148,45080.19677316101,16432.54779243231,40891.35685187054,17.889286041259766,2519.955078125,27.00377655029297,608.5277709960938,45.20344924926758,904.6069946289062,1.2715983390808103,0.0366362824709318,1.988963259799546,12.113,11.369,11.225,0.022,0.025,0.025,AAA,17.313,0.044,15.98,0.033,14.464,0.032,13.25,0.224,,,,,,,1.0,4.02387107742422,3.603311757887119,18.021982192993164,0.0055340002290904,15.275213241577148,0.0018570000538602,14.042247772216797,0.0038169999606907,,,,,15.948,5,14.511,2,15.223,2,14.06,5,13.61,1
