# Prefinal LMC YSG candidates with all available photometry (2MASS; MCPS; APASS; SMASH; SWIFT) and SIMBAD crossmatch info.
# Does not include 'final' YSGS
ra,dec,2MASS,Jmag_2MASS,e_Jmag_2MASS,Hmag_2MASS,e_Hmag_2MASS,Kmag_2MASS,e_Kmag_2MASS,Qflg_1,Rflg_1,Bflg_1,Cflg_1,Xflg_1,Aflg_1,J_org_1,K_org_1,SOURCE_ID_1,ra_2_1,dec_2_1,parallax_1,pmra_1,pmdec_1,pm_1,ra_error_1,dec_error_1,parallax_error_1,parallax_over_error_1,pmra_error_1,pmdec_error_1,astrometric_gof_al_1,astrometric_chi2_al_1,astrometric_excess_noise_1,astrometric_excess_noise_sig_1,ruwe_1,astrometric_params_solved_1,astrometric_sigma5d_max_1,duplicated_source_1,phot_g_mean_mag_1,phot_bp_mean_mag_1,phot_rp_mean_mag_1,phot_g_mean_flux_1,phot_bp_mean_flux_1,phot_rp_mean_flux_1,phot_g_mean_flux_error_1,phot_g_mean_flux_over_error_1,phot_bp_mean_flux_error_1,phot_bp_mean_flux_over_error_1,phot_rp_mean_flux_error_1,phot_rp_mean_flux_over_error_1,phot_bp_rp_excess_factor_1,phot_proc_mode_1,bp_rp_1,bp_g_1,g_rp_1,Umag_MCPS,Bmag_MCPS,Vmag_MCPS,Imag_MCPS,e_Umag_MCPS,e_Bmag_MCPS,e_Vmag_MCPS,e_Imag_MCPS,ra_2,dec_2,RAJ2000,DEJ2000,Bmag_APASS,e_Bmag_APASS,Vmag_APASS,e_Vmag_APASS,gmag_APASS,e_gmag_APASS,rmag_APASS,e_rmag_APASS,imag_APASS,e_imag_APASS,Separation_1,ra_2a,dec_2a,main_id,ra_x,dec_x,coo_err_maj,coo_err_min,coo_err_angle,otype,nbref,ra_sexa,dec_sexa,coo_qual,coo_bibcode,main_type,other_types,radvel,radvel_err,redshift,redshift_err,sp_type,morph_type,plx,plx_err,pmra,pmdec,pm_err_maj,pm_err_min,pm_err_pa,size_maj,size_min,size_angle,B,V,R_x,J,H,K,u,g,r_xa,i,z,angDist,Separation
79.238854,-72.332352,05165732-7219564,11.866431085043988,,14.358,0.156,11.331454545454545,,UCU,626,20,0c0,0,0,11.947,11.366,4651328360421893760,79.23948633010001,-72.33237596130806,-0.1357079560869014,2.1797253521056588,0.1439403926868483,2.1844727993011475,0.0668651014566421,0.0605683624744415,0.0682394504547119,-1.988702416419983,0.0836432799696922,0.0957322046160698,-0.5929500460624695,255.42269897460935,0.0,0.0,0.9726194739341736,95,0.1369208097457885,False,17.256574630737305,17.71184539794922,16.348718643188477,2356.766942962218,1123.773432236917,2289.130100916841,2.599386692047119,906.6626586914062,26.349740982055664,42.64836883544922,44.45130157470703,51.49748229980469,1.448129415512085,0,1.3631267547607422,0.455270767211914,0.907855987548828,,,,,,,,,,,,,,,,,,,,,,,,,,,,,,,,,,,,,,,,,,,,,,,,,,,,,,,,,,,,,,,,,,,,
84.837381,-72.192619,05392097-7211334,12.19743108504399,,14.512,0.108,12.077454545454543,,UAU,20,20,0c0,0,0,12.278,12.112,4650877801172125184,84.83731860000411,-72.19253781552152,0.1090632806585478,1.9202176609524408,0.7371948571211474,2.0568647384643555,0.0753430724143982,0.089756928384304,0.0796149671077728,1.3698841333389282,0.094167485833168,0.1072609424591064,-1.0420130491256714,242.07667541503903,0.0,0.0,0.9530227184295654,95,0.1628983914852142,False,17.40007209777832,17.87169075012207,16.517065048217773,2064.9904225050022,969.9306748355258,1960.3452154866495,2.251284599304199,917.2498168945312,31.024873733520508,31.263002395629883,26.743871688842773,73.30072784423828,1.4190263748168943,0,1.3546257019042969,0.47161865234375,0.8830070495605469,,,,,,,,,,,,,,,,,,,,,,,,,,,,,,,,,,,,,,,,,,,,,,,,,,,,,,,,,,,,,,,,,,,,
73.206056,-70.268257,04524945-7016057,13.196431085043988,0.029,13.2,0.03,13.164454545454545,0.04,AAA,222,111,000,0,0,13.277,13.199,4654937099322388992,73.20604746122332,-70.26826778117047,-0.0329697001191047,1.953263413971703,-0.115525302157173,1.9566768407821655,0.0133671909570693,0.0153517993167042,0.0137323830276727,-2.4008724689483643,0.0180226135998964,0.0194976646453142,-1.7745060920715332,249.5374755859375,0.0,0.0,0.9195933938026428,31,0.0283908322453498,False,13.726058959960938,13.817130088806152,13.549723625183104,60886.823461193875,40603.623693411966,30148.717675269407,32.816436767578125,1855.3758544921875,27.38605308532715,1482.6387939453125,20.19556999206543,1492.838134765625,1.1620304584503174,0,0.2674064636230469,0.0910711288452148,0.176335334777832,13.983,13.92,13.779,,0.26,0.03,0.038,,73.206056,-70.268257,73.2059962,-70.2682689,13.841,0.01,13.714,0.02,13.71,0.01,13.761,0.01,13.886,0.02,0.4212280571134304,73.206056,-70.268257,SOI 712,73.2060217481,-70.2682672677,0.0,0.0,90.0,*,3.0,04 52 49.44522,-70 16 05.7622,A,2020yCat.1350....0G,Star,*|MIR|NIR,256.625,0.653,0.0008564,2.2e-06,A1II,,0.0106,0.0186,1.953,-0.116,0.018,0.019,90.0,,,,13.819,13.7,,13.277,13.2,13.199,,,,,,0.055672,0.0
73.248092,-70.298553,04525954-7017547,12.80343108504399,0.025,12.832,0.028,12.757454545454545,0.033,AAA,222,111,000,0,0,12.884,12.792,4654749288999352832,73.24809711287016,-70.29855822170559,-0.0805127028013013,1.9054662849198256,-0.2014169968684503,1.9160821437835691,0.0123944180086255,0.0138200111687183,0.0131532764062285,-6.121114253997803,0.0165507942438125,0.0191623121500015,-4.144202709197998,211.14776611328125,0.0,0.0,0.8068224191665649,31,0.0276758838444948,False,13.212663650512695,13.285250663757324,13.082440376281738,97696.99934637154,66269.92575675172,46364.13155377504,71.03724670410156,1375.2926025390625,86.58496856689453,765.37451171875,28.60298538208008,1620.9542236328125,1.1528916358947754,0,0.2028102874755859,0.0725870132446289,0.130223274230957,,,,,,,,,,,,,,,,,,,,,,,,73.248092,-70.298553,SOI 713,73.248071992,-70.2985573265,0.0,0.0,90.0,Pe*,6.0,04 52 59.53728,-70 17 54.8064,A,2020yCat.1350....0G,ChemPec*,*|MIR|NIR|Pe*,260.708,1.027,0.00087,3.4e-06,A1Ib,,0.0171,0.0251,1.905,-0.201,0.017,0.019,90.0,,,,13.37,13.3,,12.884,12.832,12.792,,,,,,0.028848,0.0
74.650541,-70.110649,04583612-7006383,11.82843108504399,0.021,11.524,0.024,11.438454545454546,0.026,AAA,222,111,000,0,0,11.909,11.473,4655116560262057216,74.65051383916912,-70.11065615145894,-0.0366513729935256,2.263040918574935,0.0228507019847883,2.2631561756134033,0.014699937775731,0.0148793244734406,0.0146627314388751,-2.4996278285980225,0.0184366125613451,0.0193184614181518,12.236729621887209,730.3394165039062,0.1086409389972686,8.41500186920166,1.5266779661178589,31,0.0289479885250329,False,13.45413589477539,13.944002151489258,12.822382926940918,78215.41784311255,36125.67643076186,58912.165620598375,1213.9354248046875,64.43128204345703,2172.111083984375,16.6315975189209,2030.82568359375,29.00897216796875,1.2150781154632568,0,1.1216192245483398,0.4898662567138672,0.6317529678344727,13.904,15.213,13.867,11.991,0.038,0.034,0.057,0.393,74.650541,-70.110649,74.6504698,-70.1106537,14.212,0.67,13.425,0.4,13.771,0.63,13.206,0.36,13.016,0.23,0.090994605759428,74.650541,-70.110649,SV* HV  2261,74.6504842747,-70.110656253,0.0,0.0,90.0,cC*,25.0,04 58 36.11623,-70 06 38.3625,A,2020yCat.1350....0G,ClassicalCep,*|cC*|MIR|NIR|V*,122.057,0.081,0.0004072,3e-07,,,,,2.263,0.023,0.018,0.019,90.0,,,,13.95,13.57,12.9,11.909,11.524,11.473,,,,,,0.074218,0.0
72.73027,-69.984634,04505526-6959046,11.644431085043989,0.025,11.061,0.026,10.871454545454544,0.025,AAA,222,111,000,0,0,11.725,10.906,4655320416568894080,72.73042485508782,-69.98466220633028,-0.0127011863316516,1.9365478759689447,-0.098990001382221,1.93907630443573,0.0117086768150329,0.0112870633602142,0.011567641980946,-1.0979926586151123,0.0142337111756205,0.0138522395864129,-0.8474156260490417,333.5382080078125,0.0,0.0,0.9681193232536316,31,0.0200811475515365,False,13.74246597290039,14.488110542297363,12.90487003326416,59973.65067314535,21886.31340145537,54602.20907298201,22.87769889831543,2621.48974609375,34.38692855834961,636.4718627929688,83.97217559814453,650.24169921875,1.2753688097000122,0,1.5832405090332031,0.7456445693969727,0.8375959396362305,16.656,15.618,14.211,,0.073,0.03,0.024,,72.73027,-69.984634,72.7303789,-69.9846689,,,,,,,,,,,0.4144422762767663,,,,,,,,,,,,,,,,,,,,,,,,,,,,,,,,,,,,,,,,,,,,,
73.885345,-69.962517,04553248-6957450,9.07943108504399,0.024,8.906,0.024,8.793454545454544,0.023,AAA,222,111,000,0,0,9.16,8.828,4655136518933846784,73.88527021100228,-69.96252407198898,-0.0136969487253542,1.9896005451217784,-0.0847412660784264,1.991404414176941,0.009955327026546,0.0116692017763853,0.0111212702468037,-1.23159921169281,0.0129003664478659,0.016028344631195,-4.729358196258545,504.0662536621094,0.0694359317421913,4.632166862487793,0.8199360966682434,31,0.0229658298194408,False,9.944231033325195,10.19174861907959,9.538670539855955,1982688.5975866427,1144768.3113236434,1212523.305881865,1405.4136962890625,1410.7508544921875,2546.169677734375,449.6040954589844,2052.138427734375,590.8584594726562,1.1889369487762451,0,0.6530780792236328,0.2475175857543945,0.4055604934692383,10.68,10.572,9.933,,0.118,0.115,0.082,,73.885345,-69.962517,73.8852442,-69.9625264,10.595,0.14,10.076,0.06,10.634,0.5,10.0,0.12,9.864,0.05,0.2161239182176803,73.885345,-69.962517,HD 268819,73.8852444031,-69.9625236954,0.0,0.0,90.0,s*y,60.0,04 55 32.45866,-69 57 45.0853,A,2020yCat.1350....0G,YellowSG,*|MIR|NIR|s*y,252.236,0.103,0.0008417,3e-07,F5Ia,,0.03,0.21,1.99,-0.085,0.013,0.016,90.0,,,,10.58,10.08,9.72,9.16,8.906,8.828,,,,,,0.126404,0.0
74.545015,-69.949707,04581080-6956589,11.17143108504399,0.023,10.795,0.025,10.607454545454544,0.023,AAA,222,111,000,0,0,11.252,10.642,4655144146795764224,74.54500852795034,-69.94966184118881,0.0439510619115871,2.0530382247077177,-0.0885552193650716,2.0549471378326416,0.014116246253252,0.015121579170227,0.0141459545120596,3.1069703102111816,0.0180545151233673,0.0189836230129003,6.763411998748779,925.2095336914062,0.1319517493247985,15.205243110656738,1.2621206045150757,31,0.0288115069270133,False,12.8388671875,13.398585319519045,12.18850326538086,137847.75071596954,59701.1341228553,105622.6511440546,2213.826904296875,62.2667236328125,3686.43896484375,16.19479751586914,3846.639404296875,27.458423614501953,1.1993216276168823,0,1.2100820541381836,0.559718132019043,0.6503639221191406,,,,,,,,,,,,,,,,,,,,,,,,74.545015,-69.949707,HD 268878,74.5449819136,-69.9496614476,0.0,0.0,90.0,cC*,82.0,04 58 10.79566,-69 56 58.7812,A,2020yCat.1350....0G,ClassicalCep,*|cC*|Ce*|MIR|NIR|V*,276.397,0.088,0.0009224,3e-07,K5,,0.044,0.0141,2.053,-0.089,0.018,0.019,90.0,,,,13.83,13.134,12.96,11.252,11.038,10.642,,,,,,0.168997,0.0
74.205879,-69.808746,04564941-6948314,9.615431085043989,0.022,9.117,0.023,8.922454545454546,0.023,AAA,222,111,000,0,0,9.696,8.957,4655159746116981504,74.2060009093814,-69.80875353725799,0.0140389314946685,2.0497492040276604,-0.0176826632954092,2.049825429916382,0.0108518721535801,0.0114185009151697,0.0113468822091817,1.2372500896453855,0.0134016685187816,0.0159348640590906,-5.4211812019348145,492.4533386230469,0.0725715085864067,5.458676338195801,0.7932139039039612,31,0.0225085373967885,False,11.558697700500488,12.301833152770996,10.737661361694336,448195.8601290983,163939.4480297429,401877.42153808527,336.85595703125,1330.5267333984375,445.08404541015625,368.3336791992187,692.18994140625,580.58837890625,1.2624322175979614,0,1.5641717910766602,0.7431354522705078,0.8210363388061523,,,,,,,,,,,,,,,,,,,,,,,,74.205879,-69.808746,RM 1-77,74.2059745154,-69.8087534587,0.0,0.0,90.0,*,17.0,04 56 49.43388,-69 48 31.5125,A,2020yCat.1350....0G,Star,*|MIR|NIR|s?r,247.217,0.048,0.000825,2e-07,M:,,0.014,0.0113,2.05,-0.018,0.013,0.016,90.0,,,,13.1,11.55,10.8,9.696,9.117,8.957,,,,,,0.121683,0.0
72.63174,-69.56562,04503161-6933562,12.81943108504399,0.024,12.816,0.024,12.778454545454546,0.034,AAA,222,111,000,0,0,12.9,12.813,4655345224302748032,72.63183502519823,-69.56559885624812,-0.0127060494883515,1.9939264018731655,-0.1706484983236404,2.00121545791626,0.0110059911385178,0.0109777934849262,0.010846285149455,-1.1714656352996826,0.0133488979190588,0.0137424729764461,-2.057967185974121,363.6582946777344,0.0241454988718032,0.4142212867736816,0.9195018410682678,31,0.0193796288222074,False,13.320598602294922,13.40984058380127,13.150100708007812,88451.90271266758,59085.4460974728,43563.005094142296,35.821624755859375,2469.23193359375,44.26215744018555,1334.8975830078125,44.50440216064453,978.8471069335938,1.160500168800354,0,0.259739875793457,0.0892419815063476,0.1704978942871093,13.543,13.544,13.446,,0.01,0.01,0.01,,72.63174,-69.56562,72.6317974,-69.5655948,13.417,0.01,13.345,0.01,,,,,13.515,0.0,0.3223642605306416,72.63174,-69.56562,SOI 472,72.6318096428,-69.5655980978,0.0,0.0,90.0,Pe*,7.0,04 50 31.63431,-69 33 56.1532,A,2020yCat.1350....0G,ChemPec*,*|MIR|NIR|Pe*,259.103,1.265,0.0008646,4.2e-06,A0Ib,,,,1.994,-0.171,0.013,0.014,90.0,,,,,13.4,,12.9,12.816,12.813,,,,,,0.117809,0.0
74.162029,-69.570976,04563888-6934155,11.22243108504399,0.023,10.939,0.023,10.846454545454543,0.025,AAA,222,111,000,0,0,11.303,10.881,4655171913807750272,74.16200247121819,-69.57095716619891,0.0337861483595123,2.1285330884856735,-0.0331959013918706,2.1287920475006104,0.0108588952571153,0.0101114604622125,0.0107852257788181,3.132632255554199,0.0142275840044021,0.0130595471709966,-3.8988447189331055,288.28106689453125,0.0,0.0,0.8378801941871643,31,0.0199530068784952,False,12.55571460723877,12.967779159545898,11.975608825683594,178920.9078181377,88777.98722800185,128503.38604183312,40.83589553833008,4381.46142578125,77.7767105102539,1141.4468994140625,64.59312438964844,1989.42822265625,1.214398980140686,0,0.9921703338623048,0.4120645523071289,0.5801057815551758,14.253,13.594,12.806,,0.01,0.01,,,74.162029,-69.570976,74.1619436,-69.5709614,13.521,0.02,12.727,0.02,13.076,0.01,12.523,0.01,12.302,0.01,0.700117235068686,74.162029,-69.570976,UCAC4 103-006113,74.1619753684,-69.5709570187,0.0,0.0,90.0,*,4.0,04 56 38.87409,-69 34 15.4453,A,2020yCat.1350....0G,Star,*|MIR|NIR,253.38,0.039,0.0008455,1e-07,,,0.0338,0.0108,2.129,-0.033,0.014,0.013,90.0,,,,13.521,12.727,12.592,11.303,10.939,10.881,,13.076,12.523,12.302,,0.095974,0.0
74.198512,-69.607002,04564764-6936252,12.92843108504399,0.025,12.912,0.03,12.878454545454543,0.034,AAA,222,111,000,0,0,13.009,12.913,4655168752711887488,74.19862161179839,-69.60698818965848,-0.0235465408392687,2.0202890587009477,-0.056747848140404,2.0210859775543213,0.0130225028842687,0.0114217782393097,0.0125849284231662,-1.8710111379623413,0.0171354915946722,0.0154291121289134,-3.0894970893859863,297.8158264160156,0.0,0.0,0.8718658685684204,31,0.0238704215735197,False,13.373875617980955,13.45457363128662,13.227496147155762,84216.37404183786,56700.57744762617,40565.7749248022,41.397743225097656,2034.3228759765625,37.13827133178711,1526.7425537109375,29.1209774017334,1393.0086669921875,1.1549577713012695,0,0.2270774841308593,0.080698013305664,0.1463794708251953,,,,,,,,,,,,,,,,,,,,,,,,74.198512,-69.607002,SOI 516,74.1985958438,-69.6069879374,0.0,0.0,90.0,Pe*,5.0,04 56 47.66300,-69 36 25.1566,A,2020yCat.1350....0G,ChemPec*,*|MIR|NIR|Pe*,254.696,1.098,0.0008499,3.7e-06,B9Ib,,,,2.02,-0.057,0.017,0.015,90.0,,,,13.559,13.4,,13.009,12.91,12.91,,,,,,0.116727,0.0
74.151578,-69.557594,04563637-6933273,11.932431085043987,0.023,11.924,0.026,11.839454545454544,0.026,AAA,222,111,000,0,0,12.013,11.874,4655171913807732352,74.1516122351443,-69.55760322583433,0.0179659353895623,1.986256052688036,-0.0951065407455701,1.9885317087173464,0.013637856580317,0.0117595680058002,0.0128316776826977,1.4001235961914062,0.0182324219495058,0.0158827379345893,-2.3458142280578613,412.9361877441406,0.0755086690187454,4.629944801330566,0.8992063403129578,31,0.025950176641345,False,12.610559463500977,12.74266529083252,12.35280704498291,170107.3081232979,109232.18092378286,90789.4201396491,53.98890686035156,3150.78271484375,98.3260726928711,1110.917724609375,77.56806945800781,1170.4483642578125,1.1758553981781006,0,0.3898582458496094,0.1321058273315429,0.2577524185180664,13.133,12.904,12.736,,0.01,,,,74.151578,-69.557594,74.1515665,-69.5575953,12.819,0.04,12.642,0.03,12.66,0.01,12.664,0.01,12.715,0.02,0.6606431876109283,74.151578,-69.557594,SOI 514,74.1515869598,-69.5576028031,0.0,0.0,90.0,*,10.0,04 56 36.38087,-69 33 27.3701,A,2020yCat.1350....0G,Star,*|MIR|NIR,255.85,0.124,0.0008538,4e-07,A2III:(),,0.018,0.0128,1.986,-0.095,0.018,0.016,90.0,,,,12.85,12.6,12.52,12.013,11.924,11.874,,,,,,0.033634,0.0
73.900337,-69.449028,04553608-6926565,12.58543108504399,0.108,12.553,0.173,12.445454545454544,0.104,ACA,222,111,ccc,0,0,12.666,12.48,4655361407724529792,73.9008557799769,-69.44919116677977,0.0108407350561333,2.043266080793419,-0.0922663923445092,2.0453481674194336,0.022995937615633,0.0249299369752407,0.0230781640857458,0.4697399139404297,0.0298524517565965,0.0364491119980812,1.2331974506378174,1192.3875732421875,0.2189961969852447,27.70992851257324,1.0526645183563232,31,0.0530618913471698,False,13.009981155395508,12.93228244781494,12.962438583374023,117748.23678360716,91728.4157002374,51782.48628469868,91.04553985595705,1293.2894287109375,307.2199401855469,298.5757141113281,210.59654235839844,245.88479614257812,1.2187944650650024,0,-0.030156135559082,-0.0776987075805664,0.0475425720214843,,,,,,,,,,,,,,,,,,,,,,,,73.900337,-69.449028,SK -69   36b,73.900337,-69.449028,0.07,0.07,35.0,*,3.0,04 55 36.08088,-69 26 56.5008,C,2003yCat.2246....0C,Star,*|NIR,,,,,OB,,,,,,,,,,,,,,13.397,12.666,12.553,12.48,,,,,,0.0,0.0
72.992118,-69.426094,04515810-6925339,9.93143108504399,0.022,9.863,0.025,9.596454545454543,0.023,AAA,222,111,000,0,0,10.012,9.631,4655370478713841280,72.99217987036262,-69.42606316840835,0.0215873525382783,2.09298109149345,-0.1376146925406983,2.0975003242492676,0.0143844289705157,0.0153108034282922,0.0139572517946362,1.5466763973236084,0.018682200461626,0.0181365832686424,0.3738915622234344,809.2772216796875,0.11259775608778,11.985297203063965,1.0143643617630005,31,0.0295916199684143,False,10.593107223510742,10.727858543395996,10.307355880737305,1090696.4255285277,698672.0974088982,597332.241382023,3513.5869140625,310.4224853515625,6426.52197265625,108.71698760986328,5626.0810546875,106.1719970703125,1.188235640525818,0,0.4205026626586914,0.1347513198852539,0.2857513427734375,9.984,11.002,10.624,,0.101,0.09,0.081,,72.992118,-69.426094,72.9921248,-69.4260623,10.914,0.01,10.67,0.01,,,,,10.623,0.03,0.4341710574294782,72.992118,-69.426094,HD 268718,72.9921533999,-69.4260625568,0.0,0.0,90.0,s*b,43.0,04 51 58.11682,-69 25 33.8252,A,2020yCat.1350....0G,BlueSG,*|El*|Em*|EmO|MIR|NIR|s*b,257.39,0.085,0.0008589,3e-07,B9Ieq,,0.0216,0.014,2.093,-0.138,0.019,0.018,90.0,,,,10.95,10.82,10.78,10.012,9.863,9.631,,,,10.62,,0.121733,0.0
74.464499,-69.394508,04575147-6923402,11.272431085043989,0.041,10.772,0.037,10.617454545454544,0.034,AAA,222,111,0d0,0,0,11.353,10.652,4655265784630254976,74.46462426488706,-69.3944981743848,-0.0372853544627633,2.10583899768145,0.0534461607875555,2.1065170764923096,0.0203272141516208,0.0211104024201631,0.0221982859075069,-1.6796501874923706,0.0238227695226669,0.0272887237370014,7.539710521697998,922.6618041992188,0.191908910870552,19.54140281677246,1.3153685331344604,95,0.0384819209575653,False,13.656089782714844,13.794265747070312,12.650068283081056,64939.80542504127,41467.76336931961,69044.79155509234,229.79444885253903,282.59954833984375,5073.02001953125,8.174177169799805,1711.788818359375,40.33487701416016,1.7017691135406494,0,1.1441974639892578,0.1381759643554687,1.006021499633789,,,,,,,,,,,,,,,,,,,,,,,,74.464499,-69.394508,Gaia DR3 4655265784630254976,74.4645976708,-69.3944984119,0.0,0.0,90.0,*,0.0,04 57 51.50344,-69 23 40.1943,A,2020yCat.1350....0G,Star,*,,,,,,,,,2.106,0.053,0.024,0.027,90.0,,,,,,,,,,,,,,,0.129689,0.0
73.653487,-69.339485,04543683-6920221,8.25143108504399,0.024,7.832,0.026,7.579454545454546,0.033,AAA,111,111,000,0,0,8.332,7.614,4655456756015488000,73.65354111332135,-69.33949442327615,0.0124174898397177,2.104327772681615,-0.047275064555614,2.104858636856079,0.0104827228933572,0.0113625777885317,0.0107591310515999,1.1541351079940796,0.0121338320896029,0.0146895507350564,-3.7713372707366943,373.6588134765625,0.0177098512649536,0.2734761238098144,0.8435441851615906,31,0.0210271552205085,False,10.41805934906006,11.277508735656738,9.53049659729004,1281512.9473591214,421127.2027519032,1221686.3156509595,5029.115234375,254.8187713623047,5817.18994140625,72.3935775756836,13428.15234375,90.97947692871094,1.2819328308105469,0,1.7470121383666992,0.8594493865966797,0.8875627517700195,14.633,13.084,11.316,,0.02,,,,73.653487,-69.339485,73.653493,-69.3394873,12.852,0.01,11.022,0.01,11.926,0.01,10.451,0.01,9.896,0.01,0.6503529641040705,73.653487,-69.339485,SP77  31-16,73.653514606,-69.3394942132,0.0,0.0,90.0,LP*,26.0,04 54 36.84351,-69 20 22.1792,A,2020yCat.1350....0G,LongPeriodV*,*|LP*|MIR|NIR|SB*|s?r,248.924,0.003,0.0008307,0.0,K/M,,0.0124,0.0108,2.104,-0.047,0.012,0.015,90.0,,,,12.25,10.89,10.39,8.332,7.832,7.614,,,,,,0.048266,0.0
73.559379,-69.21019,04541425-6912366,7.939431085043988,0.019,7.635,0.029,7.413454545454546,0.024,AAA,111,111,000,0,0,8.02,7.448,4655460776104657408,73.55942399621492,-69.2101231622422,0.016791780527898,1.954422702683283,-0.075267210566789,1.9558714628219604,0.0111594703048467,0.0119211329147219,0.0116216167807579,1.4448747634887695,0.0135013945400714,0.013723119162023,-2.6973273754119873,422.6900939941406,0.049856923520565,2.103074312210083,0.8901312947273254,31,0.0198033135384321,False,9.800885200500488,10.524605751037598,9.000617980957031,2262521.2517174347,842509.0871147724,1990266.032649289,6206.84521484375,364.5203247070313,7525.30712890625,111.95677185058594,14913.1318359375,133.457275390625,1.2520434856414795,0,1.5239877700805664,0.7237205505371094,0.800267219543457,15.702,11.662,10.157,,0.107,0.031,0.09,,73.559379,-69.21019,73.5594021,-69.2101264,11.504,0.01,10.185,0.01,10.812,0.01,9.811,0.01,9.131,0.01,0.4841148276408213,73.559379,-69.21019,HD 268757,73.5593995237,-69.2101228277,0.0,0.0,90.0,s*y,91.0,04 54 14.25589,-69 12 36.4422,A,2020yCat.1350....0G,YellowSG,*|LP?|MIR|NIR|s*y|V*,265.879,0.01,0.0008873,0.0,G8_0,,0.0168,0.0116,1.954,-0.075,0.014,0.014,90.0,,,,11.662,10.157,9.21,8.02,7.635,7.448,,,,,,0.243238,0.0
72.288057,-68.959038,04490913-6857325,10.317431085043989,0.023,9.823,0.026,9.610454545454544,0.021,AAA,222,111,000,0,0,10.398,9.645,4655436311977619456,72.28793608489632,-68.95917600132579,0.022795212595188,0.4493105717039977,-0.298755664194287,0.5395691990852356,0.5872883200645447,0.5097804069519043,0.3292848169803619,0.0692264288663864,0.9574047923088074,0.4838334918022156,1.970534920692444,174.6168212890625,1.0458242893218994,1.5291130542755127,1.1201685667037964,95,1.4248734712600708,False,19.31368827819824,,,354.3820384482747,,,1.9240790605545044,184.18267822265625,,,,,,2,,,,15.013,13.894,12.686,11.188,0.02,0.01,0.01,0.057,72.288057,-68.959038,72.2881671,-68.9590012,13.847,0.01,12.61,0.01,13.289,0.01,12.113,0.01,11.691,0.01,0.539656739696183,72.288057,-68.959038,UCAC4 106-004659,72.2881840234,-68.9589961451,0.0,0.0,90.0,PM*,6.0,04 49 09.16417,-68 57 32.3861,A,2020yCat.1350....0G,HighPM*,*|MIR|NIR|PM*,80.838,0.014,0.0002697,0.0,,,9.3213,0.0115,91.339,35.336,0.013,0.013,90.0,,,,13.847,12.61,12.263,10.398,9.823,9.645,,13.289,12.113,11.691,,0.222844,0.0
72.308488,-68.96991,04491403-6858116,11.366431085043988,0.024,11.237,0.028,11.129454545454545,0.023,AAA,222,111,000,0,0,11.447,11.164,4655433352724582784,72.30847780924643,-68.96988463206432,0.0233855655660307,1.88027206459326,-0.1554381459627351,1.8866859674453735,0.0123945623636245,0.0117222927510738,0.0119958752766251,1.9494673013687136,0.0149768786504864,0.0142208728939294,-0.0819661244750022,483.3692932128906,0.0761767774820327,5.842195510864258,0.995517909526825,31,0.0214897897094488,False,12.361058235168455,12.61148166656494,11.948101997375488,214054.0391282667,123260.60838414358,131800.6318576745,67.56766510009766,3167.9951171875,100.63377380371094,1224.8433837890625,76.5071792602539,1722.722412109375,1.1915740966796875,0,0.6633796691894531,0.2504234313964844,0.4129562377929687,13.413,12.964,12.536,,0.01,0.01,0.01,,72.308488,-68.96991,72.3084289,-68.9698834,12.901,0.01,12.44,0.01,12.652,0.01,12.347,0.01,12.272,0.01,0.0510340914339195,72.308488,-68.96991,SOI 465,72.3084545222,-68.9698839412,0.0,0.0,90.0,sg*,22.0,04 49 14.02909,-68 58 11.5822,A,2020yCat.1350....0G,Supergiant,*|LP*|MIR|NIR|sg*,272.069,0.076,0.0009079,3e-07,A7Iab,,0.0234,0.012,1.88,-0.155,0.015,0.014,90.0,,,,12.61,12.03,11.7,11.447,11.237,11.164,,,,,,0.103301,0.0
72.754558,-68.86599,04510109-6851575,12.776431085043988,0.025,12.737,0.029,12.717454545454546,0.033,AAA,222,111,000,0,0,12.857,12.752,4655528670957869312,72.75458990970287,-68.86595177268052,-0.0130636255266933,1.8966090476670796,-0.1965697871168407,1.9067683219909668,0.0109782814979553,0.0116021856665611,0.0116458376869559,-1.1217420101165771,0.013682996854186,0.0145453121513128,-2.0589635372161865,423.7041015625,0.020223619416356,0.3001738488674164,0.9197093844413756,31,0.0213981959968805,False,13.164902687072754,13.23984146118164,13.016412734985352,102090.58889388708,69100.36722593788,49271.1915565397,47.58748626708984,2145.32421875,84.2197494506836,820.4769897460938,34.087608337402344,1445.42822265625,1.1594756841659546,0,0.223428726196289,0.0749387741088867,0.1484899520874023,13.213,13.354,13.296,,0.01,0.01,0.01,,72.754558,-68.86599,72.7545303,-68.8659528,13.302,0.01,13.19,0.01,13.191,0.01,13.272,0.01,13.399,0.01,0.2646522174652209,72.754558,-68.86599,SOI 304,72.7545665306,-68.865950899,0.0,0.0,90.0,sg*,5.0,04 51 01.09597,-68 51 57.4232,A,2020yCat.1350....0G,Supergiant,*|MIR|NIR|sg*,,,,,A1Iab,,,,1.897,-0.197,0.014,0.015,90.0,,,,13.332,13.2,,12.857,12.737,12.75,,,,,,0.141198,0.0
74.652615,-68.842278,04583662-6850322,12.029431085043989,0.023,12.08,0.027,11.960454545454544,0.028,AAA,222,111,000,0,0,12.11,11.995,4655311238206804224,74.6526893802439,-68.84231222758264,0.0105662402976974,1.8475193130490108,-0.1038905705907683,1.8504379987716677,0.0152865685522556,0.0148503053933382,0.0151574797928333,0.6970974206924438,0.0181954614818096,0.0205934960395097,-0.1891930848360061,1015.8416748046876,0.144729807972908,18.900278091430664,0.9917348623275756,31,0.0287608839571476,False,12.376739501953123,12.429269790649414,12.244736671447754,210984.74072694863,145783.6543459797,100291.37685801648,120.4318389892578,1751.9017333984375,273.1754455566406,533.6630859375,168.870849609375,593.8939819335938,1.1663167476654053,0,0.1845331192016601,0.052530288696289,0.1320028305053711,,,,,,,,,,,,,,,,,,,,,,,,74.652615,-68.842278,HD 268845,74.6526666305,-68.8423117659,0.0,0.0,90.0,sg*,15.0,04 58 36.63999,-68 50 32.3224,A,2020yCat.1350....0G,Supergiant,*|MIR|NIR|sg*,269.105,0.355,0.000898,1.2e-06,A1Iab,,0.0106,0.0152,1.848,-0.104,0.018,0.021,90.0,,,,12.55,12.47,12.39,12.11,12.08,11.995,,,,,,0.138841,0.0
74.638712,-68.847244,04583329-6850500,11.965431085043988,0.021,11.891,0.025,11.550454545454546,0.025,AAA,222,111,000,0,0,12.046,11.585,4655311238206804480,74.63882741426491,-68.84726606049665,-0.0127600098922024,1.9121173079344584,-0.1801140989205715,1.920581579208374,0.020693052560091,0.0184954069554805,0.0197325125336647,-0.6466490030288696,0.0249529629945755,0.0244448538869619,8.175493240356445,1473.0311279296875,0.2039597332477569,34.8221435546875,1.3433536291122437,31,0.0360632985830307,False,12.529823303222656,12.603965759277344,12.307446479797363,183238.75088940744,124116.80627078688,94662.86594393846,331.9956359863281,551.9312133789062,726.6510009765625,170.80662536621094,514.6880493164062,183.92279052734375,1.1939595937728882,0,0.2965192794799804,0.0741424560546875,0.2223768234252929,,,,,,,,,,,,,,,,,,,,,,,,74.638712,-68.847244,HD 268840,74.6388038638,-68.84726526,0.0,0.0,90.0,Em*,18.0,04 58 33.31293,-68 50 50.1549,A,2020yCat.1350....0G,EmLine*,*|Em*|EmO|MIR|NIR|PN,279.0,4.0,0.0009311,1.33e-05,B0.5III[e],,,,1.912,-0.18,0.025,0.024,90.0,,,,12.26,12.15,12.71,12.046,11.891,11.585,,12.17,12.21,12.35,,0.141772,0.0
70.940366,-68.140968,04434568-6808274,10.955431085043989,0.021,10.425,0.027,10.221454545454543,0.023,AAA,222,111,000,0,0,11.036,10.256,4656328840517326464,70.9405019942046,-68.14097090817681,0.0237207097768877,1.851993565995649,-0.2326457077116273,1.866548776626587,0.0122483177110552,0.0104629583656787,0.0116597302258014,2.0344133377075195,0.0154977031052112,0.0122176287695765,3.068669319152832,429.6412658691406,0.0306242574006319,0.8073140382766724,1.1246200799942017,31,0.0219748150557279,False,13.0454740524292,13.804194450378418,12.2044038772583,113961.26340005288,41090.28994521129,104087.0151487849,146.15255737304688,779.7418212890625,201.2245178222656,204.20120239257812,363.2055969238281,286.5787658691406,1.2739180326461792,0,1.5997905731201172,0.7587203979492188,0.8410701751708984,16.454,15.14,13.506,,0.044,0.031,0.046,,70.940366,-68.140968,70.9404609,-68.1409767,14.975,0.02,13.426,0.01,14.21,0.01,12.971,0.01,12.522,0.01,0.4991378843625119,70.940366,-68.140968,2MASS J04434568-6808274,70.9404798869,-68.1409698742,0.0,0.0,90.0,*,4.0,04 43 45.71517,-68 08 27.4915,A,2020yCat.1350....0G,Star,*|NIR,264.538,0.042,0.0008828,1e-07,,,0.0237,0.0117,1.852,-0.233,0.015,0.012,90.0,,,,,13.626,,11.036,10.425,10.256,,,,,,0.152799,0.0
73.796107,-67.169563,04551106-6710104,9.334431085043988,0.021,9.303,0.024,9.241454545454545,0.023,AAA,222,111,000,0,0,9.415,9.276,4661730912968569984,73.79620702879072,-67.16955884138889,0.0041676134141403,1.6332476396445623,-0.0224016582930103,1.6334012746810913,0.0130999200046062,0.0135690364986658,0.0130584798753261,0.3191499710083008,0.0171173941344022,0.0174655504524707,-5.15120792388916,795.0330810546875,0.1146332249045372,13.127127647399902,0.8027854561805725,31,0.0267730373889207,False,9.622257232666016,9.66702365875244,9.483620643615724,2667128.185584497,1856125.0905265328,1275586.293614764,3683.0595703125,724.1610107421875,7421.59716796875,250.09779357910156,5158.35888671875,247.28529357910156,1.174188494682312,0,0.1834030151367187,0.0447664260864257,0.1386365890502929,,,,,,,,,,,,,,,,,,,,,,,,73.796107,-67.169563,HD  32034,73.7961883206,-67.1695587418,0.0,0.0,90.0,s*b,81.0,04 55 11.08520,-67 10 10.4115,A,2020yCat.1350....0G,BlueSG,*|Em*|EmO|MIR|NIR|s*b|SB*,312.129,0.075,0.0010417,3e-07,B9Iae,,0.0042,0.0131,1.633,-0.022,0.017,0.017,90.0,,,,9.756,9.715,9.7,9.415,9.303,9.276,,9.9,9.95,9.82,,0.11462,0.0
73.791937,-66.845169,04551006-6650426,10.93443108504399,0.023,10.925,0.024,10.828454545454544,0.023,AAA,222,111,000,0,0,11.015,10.863,4661766990696692864,73.792061029267,-66.84514919263145,-0.2282426995805663,1.170426150190521,0.5945467607992292,1.3127769231796265,0.1076254174113273,0.1113152205944061,0.1083337292075157,-2.1068480014801025,0.1270929872989654,0.1402826458215713,84.48824310302734,45419.4765625,1.2849724292755127,1868.0430908203125,6.087640762329102,31,0.1982944011688232,False,11.482898712158203,11.584684371948242,11.262243270874023,480603.6727425081,317353.3484898371,247890.97010564865,217.6368865966797,2208.2822265625,222.845703125,1424.094482421875,164.124755859375,1510.38134765625,1.176113247871399,0,0.3224411010742187,0.101785659790039,0.2206554412841797,11.726,11.772,11.556,,0.084,0.033,0.084,,73.791937,-66.845169,73.7920362,-66.8451534,11.663,0.03,11.549,0.03,11.529,0.0,11.583,0.05,11.647,0.05,0.3490854792791871,73.791937,-66.845169,SK -66   13,73.7920478002,-66.8451518351,0.0,0.0,90.0,sg*,16.0,04 55 10.09147,-66 50 42.5466,A,2020yCat.1350....0G,Supergiant,*|MIR|NIR|sg*,293.265,0.09,0.0009787,3e-07,A5Iab,,0.94,0.59,1.17,0.595,0.127,0.14,90.0,,,,11.73,11.55,,11.015,10.925,10.863,,,,,,0.168581,0.0
73.543649,-66.599892,04541047-6635596,11.055431085043988,0.021,10.496,0.025,10.304454545454544,0.023,AAA,222,111,000,0,0,11.136,10.339,4661783758250303360,73.54365432425962,-66.5998562780436,0.0148859328149833,1.7714706651758774,-0.071324523870894,1.772905945777893,0.0118854427710175,0.0103168599307537,0.0108235105872154,1.3753331899642944,0.0144791193306446,0.0126745523884892,2.6957592964172363,483.07769775390625,0.05240149050951,2.464900016784668,1.1066827774047852,31,0.0209524855017662,False,13.034341812133787,13.767196655273438,12.21327018737793,115135.70888634628,42514.62504123485,103240.48629807107,41.92576599121094,2746.18017578125,60.301719665527344,705.03173828125,92.93890380859376,1110.842529296875,1.265941858291626,0,1.5539264678955078,0.7328548431396484,0.8210716247558594,16.401,14.964,13.443,10.362,0.054,0.041,0.034,0.176,73.543649,-66.599892,73.5436256,-66.5998545,14.986,0.01,13.458,0.01,14.197,0.02,12.992,0.03,12.535,0.04,0.4203119919067548,73.543649,-66.599892,SP77  29-4,73.5436345,-66.599855961,0.0,0.0,90.0,*,7.0,04 54 10.47228,-66 35 59.4815,A,2020yCat.1350....0G,Star,*|MIR|NIR,284.057,0.029,0.000948,1e-07,K5-M3,,0.0149,0.0108,1.771,-0.071,0.014,0.013,90.0,,,,14.9,13.5,,11.136,10.496,10.339,,,,,,0.131386,0.0
74.288444,-66.621864,04570922-6637187,10.75543108504399,0.022,10.44,0.025,10.296454545454544,0.023,AAA,222,111,000,0,0,10.836,10.331,4662143470356129024,74.28840521558111,-66.62188998378068,0.0076228972018153,1.8406316664381663,-0.124219272882104,1.8448184728622437,0.011298082768917,0.0112604415044188,0.011492651887238,0.6632844805717468,0.0140766641125082,0.0152764981612563,0.6461151242256165,455.8156127929687,0.0652689039707183,4.5588178634643555,1.026136875152588,95,0.0220415312796831,False,12.229649543762209,12.688135147094728,11.604146003723145,241594.51653681783,114858.4536557536,180925.43984045868,48.58556365966797,4972.5576171875,80.80016326904297,1421.5126953125,85.06431579589844,2126.92529296875,1.2242988348007202,0,1.083989143371582,0.4584856033325195,0.6255035400390625,,,,,,,,,,,,,,,,,,,,,,,,74.288444,-66.621864,UCAC4 117-005106,74.288384599,-66.6218894317,0.0,0.0,90.0,*,4.0,04 57 09.21230,-66 37 18.8020,A,2020yCat.1350....0G,Star,*|MIR|NIR,287.631,0.037,0.0009599,1e-07,,,0.0076,0.0115,1.841,-0.124,0.014,0.015,90.0,,,,13.295,12.433,12.322,10.836,10.44,10.331,,12.833,12.172,11.944,,0.124828,0.0
73.91894,-66.428673,04554054-6625432,9.875431085043989,0.023,9.549,0.027,9.375454545454543,0.022,AAA,222,111,000,0,0,9.956,9.41,4662155148333196800,73.91899123322658,-66.42869965718,0.0147797762522453,1.9172055678740576,-0.0065115903052976,1.917216658592224,0.0125412885099649,0.0124416816979646,0.0133681176230311,1.1055989265441897,0.0163018908351659,0.015666602179408,-3.301276206970215,546.8984985351562,0.0925782546401023,9.805081367492676,0.8583632707595825,31,0.024481862783432,False,11.492301940917969,12.062064170837402,10.778392791748049,476459.5243062593,204451.91324185883,387080.3680705758,605.7444458007812,786.5685424804688,1289.6488037109375,158.53302001953125,901.4768676757812,429.38470458984375,1.241516351699829,0,1.2836713790893557,0.5697622299194336,0.7139091491699219,,,,,,,,,,,,,,,,,,,,,,,,73.91894,-66.428673,SV* HV  5497,73.9189699251,-66.4286996282,0.0,0.0,90.0,cC*,89.0,04 55 40.55278,-66 25 43.3187,A,2020yCat.1350....0G,ClassicalCep,*|cC*|Ce*|MIR|NIR|V*|V*?,281.937,0.046,0.0009409,2e-07,G2Ib,,0.0148,0.0134,1.917,-0.007,0.016,0.016,90.0,,,,,11.93,11.38,9.956,9.549,9.41,,,,,,0.105097,0.0
74.210815,-66.409729,04565059-6624350,12.18743108504399,0.023,12.292,0.025,12.154454545454543,0.026,AAA,222,111,000,2,0,12.268,12.189,4662153022361454080,74.21079452030015,-66.4097565504952,-0.0763874150653469,1.772426767987623,-0.084081447606987,1.7744200229644775,0.0194922666996717,0.020330723375082,0.0210446659475564,-3.6297757625579834,0.0259509310126304,0.0268127620220184,1.3839082717895508,1441.5447998046875,0.2022608071565628,43.90943145751953,1.057231068611145,31,0.0405297577381134,False,12.35574722290039,12.357758522033691,12.308993339538574,215103.70831934852,155708.8882024702,94528.07598563156,194.6151580810547,1105.2772216796875,405.2101135253906,384.26702880859375,278.1053466796875,339.9002380371094,1.1633317470550537,0,0.0487651824951171,0.0020112991333007,0.0467538833618164,11.691,12.356,12.438,10.895,0.024,0.1,0.027,0.178,74.210815,-66.409729,74.2107698,-66.4097542,12.387,0.02,12.347,0.03,12.291,0.08,12.439,0.06,12.608,0.03,0.1546456224515529,74.210815,-66.409729,BI  39,74.2107748362,-66.4097561768,0.0,0.0,90.0,s*b,17.0,04 56 50.58596,-66 24 35.1222,A,2020yCat.1350....0G,BlueSG,*|IR|MIR|NIR|s*b,287.0,,0.0009578,,B1Ia,,0.0219,0.029,1.772,-0.084,0.026,0.027,90.0,,,,12.356,12.438,,12.268,12.292,12.189,,,,,,0.113667,0.0
74.286767,-66.39032,04570882-6623251,11.023431085043988,0.023,11.075,0.026,10.938454545454546,0.026,AAA,222,111,000,0,0,11.104,10.973,4662153469001983104,74.2867891809125,-66.39033362096815,-0.1117871085073155,1.6972623575774293,0.006070354414514,1.6972732543945312,0.0165656916797161,0.0159624274820089,0.0179957561194896,-6.211859703063965,0.0235888697206974,0.0219823755323886,-3.720956802368164,1279.28564453125,0.1631045788526535,31.93439483642578,0.8519171476364136,31,0.0359731614589691,False,11.35128688812256,11.36569118499756,11.225140571594238,542540.3451286011,388275.904126316,256508.70189281655,313.1353454589844,1732.6065673828125,540.1972045898438,718.7669677734375,369.8599853515625,693.5292358398438,1.1884546279907229,0,0.1405506134033203,0.014404296875,0.1261463165283203,10.475,11.373,11.265,,0.186,0.114,0.027,,74.286767,-66.39032,74.2867603,-66.3903256,11.394,0.02,11.311,0.02,11.292,0.03,11.331,0.02,11.511,0.03,0.1800519632613038,74.286767,-66.39032,HD 268726,74.2867703462,-66.390333648,0.0,0.0,90.0,s*b,40.0,04 57 08.82488,-66 23 25.2011,A,2020yCat.1350....0G,BlueSG,*|IR|MIR|NIR|Pu*|s*b|Y*O,296.712,0.539,0.0009902,1.8e-06,B2Ia,,0.0394,0.0267,1.697,0.006,0.024,0.022,90.0,0.45,0.45,,11.39,11.265,,11.104,11.075,10.973,,,,,,0.049369,0.0
77.412202,-71.400597,05093892-7124021,10.225431085043988,0.024,10.218,0.026,10.120454545454544,0.02,AAA,222,111,000,0,0,10.306,10.155,4651629489160555392,77.4121777549824,-71.40062070767482,0.0098509476498697,2.2318240844061195,0.0649232059304545,2.2327682971954346,0.015898372977972,0.01482246350497,0.0155016975477337,0.6354754567146301,0.0218591075390577,0.0190033707767725,1.1383661031723022,1203.2381591796875,0.1433722972869873,22.37603759765625,1.045554757118225,31,0.030391376465559,False,10.545636177062988,10.599075317382812,10.413952827453612,1139442.1994542824,786659.1499838906,541473.1360330699,1374.37451171875,829.0623779296875,2777.069091796875,283.2695617675781,1918.47802734375,282.2409973144531,1.1655986309051514,0,0.1851224899291992,0.0534391403198242,0.131683349609375,9.929,10.648,10.42,11.864,0.181,0.035,0.103,0.429,77.412202,-71.400597,77.4121439,-71.4006187,10.665,0.05,10.559,0.03,10.608,0.08,10.626,0.04,10.795,0.12,0.4869903080476254,77.412202,-71.400597,HD 269172,77.4121466553,-71.4006209962,0.0,0.0,90.0,sg*,41.0,05 09 38.91520,-71 24 02.2356,A,2020yCat.1350....0G,Supergiant,*|MIR|NIR|sg*,254.1,5.11,0.0008479,1.7e-05,A0Ia0,,0.0099,0.0155,2.232,0.065,0.022,0.019,90.0,,,,10.648,10.56,,10.306,10.218,10.155,,,,,,0.107242,0.0
75.53078,-71.33699,05020738-7120131,10.590431085043988,0.023,10.644,0.027,10.512454545454544,0.026,AAA,222,111,000,0,0,10.671,10.547,4654621505126284288,75.53083472275716,-71.33697742533413,0.0329658623774501,1.8372826660251929,-0.1206939135368627,1.8412426710128784,0.0173545330762863,0.018337232992053,0.0170815698802471,1.929908275604248,0.0197072159498929,0.0258494541049003,0.4688324630260467,716.3131103515625,0.1351886391639709,11.36988353729248,1.0175156593322754,31,0.0376153402030468,False,8.736084938049316,9.021016120910645,8.244599342346191,6032716.948722307,3365195.108552034,3993176.053931571,14598.8017578125,413.2337036132813,26121.556640625,128.82827758789062,27933.505859375,142.95291137695312,1.219744086265564,0,0.7764167785644531,0.2849311828613281,0.491485595703125,9.356,11.432,10.359,10.457,0.154,0.188,0.13,0.237,75.53078,-71.33699,75.5307924,-71.3369723,9.828,0.24,9.399,0.29,10.143,0.26,9.316,0.36,8.737,0.12,0.5459880192672836,75.53078,-71.33699,HD 269006,75.5308092051,-71.3369768889,0.0,0.0,90.0,s*b,261.0,05 02 07.39421,-71 20 13.1168,A,2020yCat.1350....0G,BlueSG,*|AB?|Em*|EmO|Er*|IR|MIR|NIR|s*b|V*|Y*?,192.954,0.013,0.0006438,0.0,LBV,,0.033,0.0171,1.837,-0.121,0.02,0.026,90.0,,,,10.6,10.55,10.43,10.671,10.644,10.547,,10.14,9.32,8.74,,0.057964,0.0
75.626004,-70.634857,05023024-7038054,12.18843108504399,0.023,12.221,0.025,12.144454545454543,0.025,AAA,222,111,000,0,0,12.269,12.179,4655040964503717376,75.62600605055466,-70.63482403804868,-0.0530213536963984,2.1934228098902,0.0170505845279322,2.1934890747070312,0.0157931167632341,0.0135766305029392,0.0147428438067436,-3.596412897109986,0.0188516899943351,0.0187812354415655,1.4515821933746338,1033.146240234375,0.1505828648805618,22.125150680541992,1.053346872329712,31,0.0282514914870262,False,12.623461723327637,12.68788242340088,12.481023788452148,168097.8080759089,114885.1754083001,80676.80621428502,76.7099838256836,2191.342041015625,105.08308410644533,1093.2794189453125,86.18805694580078,936.0555419921876,1.163382053375244,0,0.2068586349487304,0.0644207000732421,0.1424379348754882,12.553,12.704,12.636,,0.01,0.01,0.01,,75.626004,-70.634857,75.6259365,-70.6348289,12.629,0.04,12.574,0.02,12.513,0.03,12.65,0.03,12.828,0.08,0.4843675995028473,75.626004,-70.634857,SOI 762,75.625976651,-70.6348241138,0.0,0.0,90.0,*,5.0,05 02 30.23440,-70 38 05.3668,A,2020yCat.1350....0G,Star,*|MIR|NIR,,,,,A1Ib,,0.0166,0.0206,2.193,0.017,0.019,0.019,90.0,,,,12.644,12.6,,12.269,12.221,12.179,,,,,,0.122809,0.0
76.037142,-70.262787,05040891-7015460,12.416431085043987,,12.61,0.054,12.295454545454543,0.045,UEE,22,11,000,0,0,12.497,12.33,4655075775245483264,76.03736422017629,-70.26280093344432,-0.0574948089420235,1.9101363955784223,0.5349607659768952,1.983634114265442,0.0501552857458591,0.0500520840287208,0.0523151010274887,-1.0990097522735596,0.0616207048296928,0.072979487478733,15.722648620605469,934.7269897460938,0.4606271982192993,18.883201599121097,1.7088185548782349,95,0.1021134331822395,False,15.998493194580078,16.459821701049805,14.92212200164795,7508.434265982109,3560.3150759087766,8517.449380582588,12.307247161865234,610.0823364257812,142.50579833984375,24.98365020751953,70.52072143554688,120.77938842773438,1.6085596084594729,0,1.5376996994018557,0.4613285064697265,1.076371192932129,,,,,,,,,,,,,,,,,,,,,,,,,,,,,,,,,,,,,,,,,,,,,,,,,,,,,,,,,,,,,,,,,,,,
79.96583,-69.885681,05195179-6953084,11.44443108504399,0.023,11.467,0.028,11.325454545454544,0.026,AAA,222,111,000,0,0,11.525,11.36,4658139079030870272,79.96590843181272,-69.88570018333856,-0.0043039057641385,2.0805851356616,0.2464758427478007,2.0951335430145264,0.0129432380199432,0.0137190837413072,0.0144191160798072,-0.2984861135482788,0.0173392221331596,0.0178042314946651,-5.0954766273498535,454.8363952636719,0.0780883803963661,4.320302486419678,0.7960202097892761,31,0.0255127511918544,False,12.070947647094728,12.205408096313477,11.80123805999756,279619.6053270341,179165.15418568964,150890.81628625115,377.4591674804687,740.7943115234375,741.1495361328125,241.7395477294922,602.6758422851562,250.3681182861328,1.1803749799728394,0,0.4041700363159179,0.13446044921875,0.2697095870971679,,,,,,,,,,,,,,,,,,,,,,,,79.96583,-69.885681,HD 269392,79.9658815426,-69.8857012788,0.0,0.0,90.0,*,40.0,05 19 51.81157,-69 53 08.5246,A,2020yCat.1350....0G,Star,*|MIR|NIR,276.549,0.339,0.0009229,1.1e-06,B3I,,0.24,0.43,2.081,0.246,0.017,0.018,90.0,,,,12.36,12.12,11.87,11.525,11.467,11.36,,,,,,0.09696,0.0
79.443194,-69.849213,05174636-6950571,10.63643108504399,0.023,10.664,0.028,10.553454545454544,0.026,AAA,222,111,000,0,0,10.717,10.588,4658137739001073280,79.44326286811238,-69.84923024066104,-0.0013756441502255,2.0063576181899427,0.2566447507467453,2.022705554962158,0.0193371009081602,0.0204762797802686,0.0213927179574966,-0.0643043220043182,0.024258678779006,0.029006129130721,-6.25093936920166,1218.1761474609375,0.2026892006397247,29.744152069091797,0.7591637969017029,31,0.0404054932296276,False,10.709033012390137,10.688641548156738,10.701309204101562,980242.5174036232,724369.8183772214,415560.584897008,1284.125732421875,763.35400390625,2866.464111328125,252.7050018310547,1506.0709228515625,275.92364501953125,1.162906527519226,0,-0.0126676559448242,-0.0203914642333984,0.0077238082885742,,,,,,,,,,,,,,,,,,,,,,,,79.443194,-69.849213,HD 269327,79.4432369832,-69.8492313813,0.0,0.0,90.0,Em*,31.0,05 17 46.37688,-69 50 57.2330,A,2020yCat.1350....0G,EmLine*,*|Em*|EmO|MIR|NIR,215.048,0.171,0.0007176,6e-07,OB,,0.13,0.24,2.006,0.257,0.024,0.029,90.0,,,,10.71,10.74,10.92,10.717,10.664,10.588,,10.64,10.85,11.03,,0.084973,0.0
79.182754,-69.77739,05164386-6946386,11.651431085043988,0.035,11.692,0.048,11.590454545454543,0.044,AAA,222,111,000,0,0,11.732,11.625,4658150108506884480,79.18275455509331,-69.777407288343,-0.0624374264822948,2.0321144263991986,0.3028731391723531,2.054561138153076,0.0167501140385866,0.0175784919410944,0.0174455475062131,-3.578989267349243,0.0214130468666553,0.0237050894647836,-5.261775493621826,1026.999755859375,0.1683678030967712,24.651885986328125,0.8005274534225464,31,0.0333929695188999,False,11.86244297027588,11.88243293762207,11.789302825927734,338820.35914694716,241236.8254872198,152558.6873354661,228.57864379882812,1482.292236328125,605.3028564453125,398.5390625,360.3605041503906,423.3501892089844,1.1622545719146729,0,0.0931301116943359,0.0199899673461914,0.0731401443481445,10.671,13.539,11.948,11.959,0.034,0.277,0.114,0.259,79.182754,-69.77739,79.1827071,-69.7774075,11.889,0.03,11.878,0.05,11.788,0.03,11.975,0.04,12.117,0.01,0.2216960405458274,79.182754,-69.77739,HD 269302,79.1827284271,-69.7774086344,0.0,0.0,90.0,*,14.0,05 16 43.85482,-69 46 38.6711,A,2020yCat.1350....0G,Star,*|MIR|NIR,357.0,,0.0011915,,B6I,,0.05,0.48,2.032,0.303,0.021,0.024,90.0,,,,11.9,11.86,,11.73,11.69,11.62,,,,,,0.074249,0.0
79.660998,-69.762985,05183863-6945467,10.198431085043987,0.021,10.037,0.026,9.921454545454544,0.025,AAA,222,111,000,0,0,10.279,9.956,4658145061924705536,79.66111088565371,-69.76297039868442,-0.0347325248807598,2.1000193256505435,0.3667310663197303,2.131800413131714,0.0143273714929819,0.0163031797856092,0.0172723792493343,-2.010870933532715,0.0190410166978836,0.0280412528663873,-5.403279781341553,452.4241333007813,0.0930119901895523,6.017802715301514,0.7566272616386414,31,0.0392014868557453,False,11.103056907653809,11.328478813171388,10.707318305969238,681905.2779352575,401814.3632634125,413267.28460475145,414.67626953125,1644.427978515625,854.0674438476562,470.4714660644531,553.2288818359375,747.0095825195312,1.1953003406524658,0,0.6211605072021484,0.2254219055175781,0.3957386016845703,,,,,,,,,,,,,,,,,,,,,,,,79.660998,-69.762985,HD 269355,79.661083903,-69.7629720286,0.0,0.0,90.0,s*y,44.0,05 18 38.66014,-69 45 46.6993,A,2020yCat.1350....0G,YellowSG,*|MIR|NIR|s*y,260.969,0.043,0.0008709,1e-07,F6Ia,,,,2.1,0.367,0.019,0.028,90.0,,,,11.69,11.24,,10.279,10.037,9.956,,,,,,0.11672,0.0
79.289897,-69.738876,05170957-6944199,11.80043108504399,0.023,11.549,0.026,11.452454545454543,0.025,AAA,222,111,000,0,0,11.881,11.487,4658156194595363968,79.28996615260134,-69.73887974729026,-0.0056781766912116,1.9079822310531056,0.2670675311127194,1.9265828132629397,0.0128981303423643,0.0128462919965386,0.0127380480989813,-0.4457650482654571,0.0170403756201267,0.017435573041439,0.0147454887628555,419.349609375,0.0570074692368507,1.9593781232833865,0.9995194673538208,95,0.0248890556395053,False,13.07274055480957,13.44094467163086,12.517434120178224,111134.91247262296,57416.79367204048,78016.17750800913,204.8669586181641,542.4735717773438,347.922607421875,165.02748107910156,391.1734924316406,199.44137573242188,1.2186356782913208,0,0.9235105514526368,0.368204116821289,0.5553064346313477,,,,,,,,,,,,,,,,,,,,,,,,79.289897,-69.738876,OGLE BRIGHT-LMC-ECL-74,79.2899416653,-69.7388809343,0.0,0.0,90.0,EB*,4.0,05 17 09.58600,-69 44 19.9714,A,2020yCat.1350....0G,EclBin,*|EB*|NIR,278.228,0.135,0.0009285,5e-07,,,,,1.908,0.267,0.017,0.017,90.0,,,,13.829,13.208,13.111,11.881,11.549,11.487,,13.465,12.97,12.8,,0.058448,0.0
78.742711,-69.647102,05145825-6938495,12.57943108504399,0.049,12.592,0.039,12.492454545454544,0.032,AAA,222,111,000,0,0,12.66,12.527,4658155438624206720,78.7427397436084,-69.64709084221082,-0.0147007758177012,2.0701727636497536,0.1453379411563545,2.075268268585205,0.0200336426496505,0.0197300016880035,0.0196332447230815,-0.7487695217132568,0.0262729823589324,0.0263952072709798,-0.7698552012443542,919.8350830078124,0.1899891048669815,23.182388305664062,0.9679646492004396,31,0.0377245098352432,False,12.9280424118042,12.971206665039062,12.825672149658203,126978.41182585266,88498.17370476491,58733.951818223235,86.90553283691406,1461.1085205078125,97.56090545654295,907.10693359375,57.61436080932617,1019.4324951171876,1.1595051288604736,0,0.1455345153808593,0.0431642532348632,0.1023702621459961,,,,,,,,,,,,,,,,,,,,,,,,78.742711,-69.647102,SOI 579,78.7427132895,-69.6470914882,0.0,0.0,90.0,*,4.0,05 14 58.25119,-69 38 49.5294,A,2020yCat.1350....0G,Star,*|MIR|NIR,,,,,A3Ib,,,,2.07,0.145,0.026,0.026,90.0,,,,12.973,12.9,,12.66,12.59,12.53,,,,,,0.037951,0.0
78.707893,-69.661682,05144989-6939420,11.96343108504399,,14.505,0.216,11.932454545454544,,UCU,20,10,0c0,0,0,12.044,11.967,4658155541703404544,78.70825855530761,-69.66163050485204,-0.0487165289697922,1.7348200573131354,0.4493541360815609,1.7920713424682615,0.0800468027591705,0.077062502503395,0.0772382169961929,-0.630730926990509,0.1093407347798347,0.1026468127965927,2.3950345516204834,331.0706481933594,0.3478989601135254,2.6459662914276123,1.10613751411438,95,0.1659134775400161,False,17.397510528564453,18.023340225219727,16.581443786621094,2069.8683190695665,843.4909996502493,1847.4846708610496,1.993045687675476,1038.5452880859375,14.635626792907717,57.632720947265625,14.54036808013916,127.05900573730467,1.3000710010528564,0,1.4418964385986328,0.6258296966552734,0.8160667419433594,,18.433,16.754,14.615,,0.084,0.231,0.254,78.707893,-69.661682,,,,,,,,,,,,,0.973396076099348,,,,,,,,,,,,,,,,,,,,,,,,,,,,,,,,,,,,,,,,,,,,,
79.81816,-69.655548,05191635-6939199,12.205431085043989,0.029,12.27,0.033,11.976454545454544,0.032,AAA,222,111,000,0,0,12.286,12.011,4658169143803787776,79.81815821930803,-69.65555683174841,-0.051403336580153,2.081341062990699,0.5168576385143329,2.1445565223693848,0.0318811200559139,0.0367414057254791,0.0358617641031742,-1.433374524116516,0.0432108640670776,0.0620522201061248,-4.307129859924316,2299.22021484375,0.3395828902721405,75.17601013183594,0.8156535625457764,31,0.0875027701258659,False,12.024622917175291,11.938889503479004,12.179491996765137,291808.2761092548,229013.40691284224,106502.91000268,163.36373901367188,1786.248779296875,401.7812805175781,569.9952392578125,140.10858154296875,760.1455078125,1.1497833728790283,0,-0.2406024932861328,-0.085733413696289,-0.1548690795898437,11.193,11.754,12.213,11.953,0.04,0.04,0.237,0.357,79.81816,-69.655548,79.818098,-69.6555575,11.759,0.99,11.583,0.99,,,,,,,0.2808583323981427,79.81816,-69.655548,HD  35517,79.8181316119,-69.6555591289,0.0,0.0,90.0,WR*,92.0,05 19 16.35159,-69 39 20.0129,A,2020yCat.1350....0G,WolfRayet*,*|**|Em*|MIR|NIR|V*|WR*,-793.66,0.049,-0.0026439,2e-07,WC4+O5/6III/V+O,,0.0801,0.0452,2.081,0.517,0.043,0.062,90.0,,,,11.754,11.58,12.36,12.286,12.27,12.011,,,,,,0.053549,0.0
77.2941,-69.603386,05091058-6936121,9.23943108504399,0.021,9.028,0.024,8.871454545454545,0.02,AAA,222,111,000,0,0,9.32,8.906,4652214880388720000,77.29422881554052,-69.60338900112812,0.0035219912298844,2.148276964666982,0.1937643000829438,2.1569976806640625,0.0103005049750208,0.0113317091017961,0.0108911339193582,0.3233814835548401,0.0128672057762742,0.0143777532503008,-6.502978801727295,341.9843444824219,0.0,0.0,0.7480207681655884,31,0.0204416774213314,False,10.580052375793455,11.023154258728027,9.995193481445312,1103889.966458405,532298.5872209918,796307.5625612661,3508.4482421875,314.6376647949219,6105.9462890625,87.17708587646484,6503.69580078125,122.43923950195312,1.2035675048828125,0,1.0279607772827148,0.4431018829345703,0.5848588943481445,,,,,,,,,,,,,,,,,,,,,,,,77.2941,-69.603386,HD 269110,77.2942014197,-69.6033898623,0.0,0.0,90.0,LP*,38.0,05 09 10.60834,-69 36 12.2035,A,2020yCat.1350....0G,LongPeriodV*,*|LP*|MIR|NIR,236.052,0.029,0.0007877,1e-07,G0I:,,0.0035,0.0109,2.148,0.194,0.013,0.014,90.0,,,,11.76,10.82,,9.32,9.028,8.906,,,,,,0.128005,0.0
75.326556,-69.54734,05011837-6932504,10.29643108504399,0.023,9.701,0.025,9.454454545454546,0.023,AAA,222,111,000,0,0,10.377,9.489,4655253483842614656,75.32661503866333,-69.54733190342697,0.0373370688297725,2.044069736145381,0.0230808644182937,2.0441999435424805,0.0114752734079957,0.0097393058240413,0.010470537468791,3.5659172534942627,0.0147400293499231,0.0131281893700361,-1.951532959938049,364.75433349609375,0.0150090046226978,0.193184345960617,0.9228450059890748,31,0.0208302550017833,False,12.481605529785156,13.31612491607666,11.59743881225586,191559.7907978264,64412.045962898854,182046.565416784,323.7253723144531,591.7354736328125,409.79205322265625,157.18226623535156,742.9801025390625,245.02212524414065,1.286588430404663,0,1.7186861038208008,0.8345193862915039,0.8841667175292969,,,,,,,,,,,,,,,,,,,,,,,,75.326556,-69.54734,SP77  31-39,75.3265890401,-69.547332006,0.0,0.0,90.0,LP*,10.0,05 01 18.38137,-69 32 50.3952,A,2020yCat.1350....0G,LongPeriodV*,*|LP*|MIR|NIR|V*,261.747,0.043,0.0008735,1e-07,K5-M3,,0.0373,0.0105,2.044,0.023,0.015,0.013,90.0,,,,14.8,13.124,,10.377,9.701,9.489,,,,,,0.050554,0.0
78.548279,-69.554939,05141158-6933177,12.59843108504399,0.025,12.7,0.03,12.552454545454545,0.037,AAA,222,111,000,0,0,12.679,12.587,4658208966740551168,78.54833626169162,-69.554947619827,-0.0156390877577626,2.000003988127823,0.1556534695472242,2.006051778793335,0.0114739369601011,0.0114950677379965,0.0112591460347175,-1.3890118598937988,0.0151499267667531,0.0157768577337265,-5.427426338195801,363.0934753417969,0.0,0.0,0.7971977591514587,31,0.0225913617759943,False,13.056867599487305,13.124822616577148,12.907136917114258,112771.5875602327,76822.39089256887,54488.30275276968,58.127174377441406,1940.083740234375,95.85811614990234,801.417724609375,72.00469970703125,756.7326049804688,1.1643952131271362,0,0.2176856994628906,0.0679550170898437,0.1497306823730468,,,,,,,,,,,,,,,,,,,,,,,,78.548279,-69.554939,[L72] LH  39-20,78.5483108146,-69.5549483116,0.0,0.0,90.0,*,3.0,05 14 11.59460,-69 33 17.8139,A,2020yCat.1350....0G,Star,*|MIR|NIR,,,,,A3I/II,,,,2.0,0.156,0.015,0.016,90.0,,,,13.2,13.08,,12.679,12.7,12.587,,,,,,0.052195,0.0
79.507622,-69.560493,05180182-6933377,9.394431085043989,0.021,9.323,0.024,9.169454545454546,0.021,AAA,222,111,000,0,0,9.475,9.204,4658170969235232640,79.50766034819068,-69.56048898111597,0.0349033274838613,1.9768598857446371,0.4488200777305441,2.0271689891815186,0.0129051450639963,0.0127444108948111,0.0123277232050895,2.831287384033203,0.0199043191969394,0.0188835430890321,-7.668944835662842,277.4832763671875,0.0,0.0,0.6654424071311951,31,0.0278036389499902,False,10.143986701965332,10.333298683166504,9.81832504272461,1649498.8316663671,1004841.04884958,937191.4067073156,3336.1611328125,494.4302062988281,5874.75244140625,171.04397583007812,6568.99462890625,142.66893005371094,1.17734694480896,0,0.5149736404418945,0.1893119812011718,0.3256616592407226,,,,,,,,,,,,,,,,,,,,,,,,79.507622,-69.560493,HD 269331,79.507635189,-69.5604909759,0.0,0.0,90.0,s?y,37.0,05 18 01.83245,-69 33 37.7675,A,2020yCat.1350....0G,YellowSG_Candidate,*|MIR|NIR|s?y|Y*?,254.635,0.092,0.0008497,3e-07,A5Ia0,,0.0349,0.0123,1.977,0.449,0.02,0.019,90.0,,,,10.56,10.31,9.72,9.475,9.323,9.204,,,,,,0.018112,0.0
76.286309,-69.403511,05050871-6924126,11.40843108504399,,11.868,0.097,10.748454545454544,,UEU,626,20,0c0,0,0,11.489,10.783,4655235548055779968,76.28670498632562,-69.40349605412179,-0.0675802577657936,2.2791917835419655,1.094364632741003,2.5283095836639404,0.1570775508880615,0.1629815697669983,0.1635642051696777,-0.4131726622581482,0.1949256211519241,0.201307475566864,85.05484771728516,12414.896484375,1.9516656398773191,441.3309326171875,5.697451591491699,95,0.2905983924865722,False,15.627965927124023,15.389491081237791,13.974536895751951,10562.3423939885,9541.582841316796,20386.53906624754,53.52793502807617,197.3239288330078,229.56166076660156,41.56435775756836,395.9894104003906,51.48253631591797,2.8334739208221436,0,1.4149541854858398,-0.2384748458862304,1.6534290313720703,,,,,,,,,,,,,,,,,,,,,,,,76.286309,-69.403511,OGLE LMC-LPV-16295,76.286309,-69.403511,0.11,0.11,17.0,LP*,1.0,05 05 08.71416,-69 24 12.6396,C,2003yCat.2246....0C,LongPeriodV*,*|LP*|NIR,,,,,,,,,,,,,,,,,,16.232,,,11.868,,,,,,,0.0,0.0
77.231651,-69.272652,05085559-6916215,11.67443108504399,0.023,11.664,0.025,11.570454545454544,0.026,AAA,222,111,000,0,0,11.755,11.605,4661228363108500096,77.23180155696954,-69.27263594127746,-0.0141162460820655,1.894221211676271,0.2139257924458347,1.9062628746032717,0.0143269365653395,0.0148357143625617,0.0151969976723194,-0.9288839101791382,0.0192062556743621,0.0200317595154047,-0.8546171188354492,552.0078125,0.0999294966459274,7.738593578338623,0.9637171626091005,31,0.0296223890036344,False,12.360651969909668,12.49319553375244,12.103696823120115,214134.0968899985,137448.0192712713,114203.55550351182,71.79074096679688,2982.753662109375,121.7457275390625,1128.97607421875,70.9226303100586,1610.2554931640625,1.1752055883407593,0,0.3894987106323242,0.1325435638427734,0.2569551467895508,,,,,,,,,,,,,,,,,,,,,,,,77.231651,-69.272652,HD 269096,77.2317777699,-69.2726368921,0.0,0.0,90.0,*,24.0,05 08 55.62666,-69 16 21.4928,A,2020yCat.1350....0G,Star,*|MIR|NIR,260.567,0.107,0.0008695,4e-07,A5Ib,,,,1.894,0.214,0.019,0.02,90.0,,,,12.66,12.43,12.26,11.755,11.664,11.605,,,,,,0.170431,0.0
77.410685,-69.310379,05093856-6918373,11.74943108504399,0.024,11.726,0.028,11.668454545454544,0.027,AAA,222,111,000,0,0,11.83,11.703,4658225631213225984,77.41078442015728,-69.31037634790638,-0.0149987928156523,1.9509691275097352,0.2465437068999154,1.9664852619171145,0.0164508260786533,0.0158680044114589,0.0166054852306842,-0.9032433032989502,0.0223133694380521,0.0234675649553537,0.5996410250663757,855.75390625,0.1378572285175323,15.296732902526855,1.0233485698699951,31,0.0348001420497894,False,12.228713035583496,12.304966926574709,12.04991054534912,241802.81321351323,163466.98090090475,120003.5287786283,140.71005249023438,1718.447265625,300.8751220703125,543.3050537109375,157.6296844482422,761.30029296875,1.1723209619522097,0,0.2550563812255859,0.0762538909912109,0.178802490234375,12.529,12.288,12.745,11.96,0.032,0.046,0.336,0.259,77.410685,-69.310379,77.4107524,-69.3103623,12.387,0.01,12.247,0.01,12.222,0.01,12.339,0.01,12.444,0.01,0.5553172035669428,77.410685,-69.310379,SK -69   67,77.4107598777,-69.3103774437,0.0,0.0,90.0,*,12.0,05 09 38.58237,-69 18 37.3588,A,2020yCat.1350....0G,Star,*|MIR|NIR,245.8,,0.0008202,,A2I,,,,1.951,0.247,0.022,0.023,90.0,,,,12.93,13.09,,11.83,11.726,11.703,,,,,,0.095402,0.0
79.483648,-69.267715,05175607-6916037,10.022431085043989,0.024,9.98,0.028,9.787454545454544,0.025,AAA,222,111,000,0,0,10.103,9.822,4658193577953457408,79.48366200552452,-69.26772308717355,-0.0525081107548354,1.8029430092929717,0.4118397126849333,1.849382400512695,0.0184155590832233,0.0166347026824951,0.0166984386742115,-3.1444921493530273,0.022400002926588,0.0223877485841512,-3.653867244720459,583.447998046875,0.1103576719760894,7.758735656738281,0.8401827812194824,31,0.0338276736438274,False,10.593045234680176,10.67238998413086,10.407560348510742,1090758.178097458,735293.7028209701,544670.9819214855,3491.59521484375,312.3953552246094,6753.38525390625,108.87779235839844,5308.3046875,102.60733032226562,1.1734633445739746,0,0.2648296356201172,0.0793447494506836,0.1854848861694336,,,,,,,,,,,,,,,,,,,,,,,,79.483648,-69.267715,HD 269321,79.4836393698,-69.2677249176,0.0,0.0,90.0,s*b,73.0,05 17 56.07345,-69 16 03.8097,A,2020yCat.1350....0G,BlueSG,*|**|Em*|MIR|NIR|s*b|V*,299.226,0.087,0.0009986,3e-07,B5Iae,,,,1.803,0.412,0.022,0.022,90.0,,,,10.93,10.84,10.53,10.103,9.98,9.822,,,,,,0.037359,0.0
79.559796,-69.250305,05181435-6915010,8.602431085043989,0.019,8.51,0.051,8.303454545454544,0.025,AAA,112,111,000,0,0,8.683,8.338,4658193814095915776,79.5598437037474,-69.25031764884463,-0.0094386593197381,1.8027696193925211,0.3775676021344364,1.841883659362793,0.0149701694026589,0.0163841471076011,0.0161262992769479,-0.5852960348129272,0.0178001392632722,0.0226677935570478,-5.965610980987549,428.73828125,0.1005260273814201,5.8286590576171875,0.7485253214836121,31,0.031918354332447,False,9.40093231201172,9.51084804534912,9.130101203918455,3270197.487384231,2143274.423728571,1766517.033351538,19302.669921875,169.41685485839844,34435.328125,62.240570068359375,32679.376953125,54.0560188293457,1.195582628250122,0,0.380746841430664,0.1099157333374023,0.2708311080932617,,,,,,,,,,,,,,,,,,,,,,,,79.559796,-69.250305,V* S Dor,79.5598210884,-69.2503193269,0.0,0.0,90.0,sg*,395.0,05 18 14.35706,-69 15 01.1496,A,2020yCat.1350....0G,Supergiant,*|**|Em*|EmO|IR|MIR|NIR|sg*|V*|Y*?,220.684,0.019,0.0007364,1e-07,Be3,,0.0073,0.0371,1.803,0.378,0.018,0.023,90.0,,,,10.39,10.25,9.74,8.683,8.51,8.338,,10.42,10.06,10.19,,0.060697,0.0
78.350803,-69.24942,05132419-6914579,12.198431085043987,0.023,12.035,0.022,11.925454545454546,0.023,AAA,222,111,000,0,0,12.279,11.96,4658239997974626560,78.35092278705095,-69.24941545553334,0.0043556767634262,1.8895363825227056,0.2537266417943563,1.906495451927185,0.0121911568567156,0.0119730457663536,0.0118169216439127,0.3685965538024902,0.0167769398540258,0.0153539441525936,-5.22535514831543,208.9906311035156,0.0,0.0,0.8000672459602356,31,0.0244681164622306,False,13.303401947021484,13.580780029296877,12.858123779296877,89864.07026701009,50478.29893412892,57004.4555166629,22.09636878967285,4066.915771484375,32.5972900390625,1548.5428466796875,29.043149948120117,1962.75048828125,1.196059226989746,0,0.72265625,0.2773780822753906,0.4452781677246094,,,,,,,,,,,,,,,,,,,,,,,,,,,,,,,,,,,,,,,,,,,,,,,,,,,,,,,,,,,,,,,,,,,,
75.860374,-69.148941,05032648-6908561,12.038431085043989,0.024,11.863,0.027,11.795454545454543,0.03,AAA,222,111,000,0,0,12.119,11.83,4655243377723531392,75.86044363476789,-69.14893015889035,0.0263097808861181,1.8058285000077037,0.1257627308111606,1.810202479362488,0.0146729312837123,0.014436257071793,0.0141446767374873,1.8600482940673828,0.0163668915629386,0.0192776061594486,5.500764846801758,464.1213073730469,0.081106811761856,3.824018716812134,1.2292354106903076,31,0.0277021490037441,False,13.524632453918455,13.971891403198242,12.909815788269045,73298.29822371017,35209.53215873485,54354.05110424269,1205.5596923828125,60.80022430419922,2239.17822265625,15.724309921264648,1843.3751220703125,29.48615837097168,1.2219053506851196,0,1.0620756149291992,0.4472589492797851,0.6148166656494141,16.922,13.731,14.203,13.087,0.05,0.031,0.031,0.056,75.860374,-69.148941,75.8603703,-69.1489345,14.232,0.53,13.616,0.47,13.879,0.51,13.45,0.41,13.038,0.01,0.4089068338978842,75.860374,-69.148941,SV* HV  2292,75.8604210863,-69.1489307178,0.0,0.0,90.0,cC*,26.0,05 03 26.50106,-69 08 56.1506,A,2020yCat.1350....0G,ClassicalCep,*|cC*|Ce*|MIR|NIR|V*|V*?,258.273,0.043,0.0008619,1e-07,,,0.0263,0.0141,1.806,0.126,0.016,0.019,90.0,,,,13.81,13.737,13.0,12.119,11.863,11.83,,,,,,0.070785,0.0
76.734175,-69.144493,05065620-6908401,10.728431085043988,0.022,10.515,0.025,10.352454545454544,0.021,AAA,222,111,000,0,0,10.809,10.387,4661233104752392832,76.73432184655093,-69.14448101785051,0.000471840812927,1.8990475250685588,0.176792916346662,1.9072591066360471,0.013165196403861,0.0122535983100533,0.0129285380244255,0.0364960692822933,0.0163626391440629,0.0179892294108867,-7.373291015625,223.93405151367188,0.0,0.0,0.685551643371582,31,0.0256126206368207,False,12.00827407836914,12.396195411682127,11.446757316589355,296235.51756746793,150292.94408682216,209148.8051958827,68.2698745727539,4339.18359375,142.03976440429688,1058.104736328125,141.1131134033203,1482.1358642578125,1.213364839553833,0,0.9494380950927734,0.3879213333129883,0.5615167617797852,13.543,12.954,12.206,,0.01,0.01,0.01,,76.734175,-69.144493,76.7343,-69.1444867,13.188,0.27,12.207,0.03,12.536,0.01,12.002,0.01,11.838,0.12,0.7421844315885292,76.734175,-69.144493,SOI 556,76.7342981389,-69.1444818036,0.0,0.0,90.0,*,7.0,05 06 56.23155,-69 08 40.1345,A,2020yCat.1350....0G,Star,*|MIR|NIR,254.301,0.058,0.0008486,2e-07,G0Ia,,0.0005,0.0129,1.899,0.177,0.016,0.018,90.0,,,,12.95,,10.23,10.809,10.515,10.387,,,,,,0.162886,0.0
77.614144,-69.153259,05102739-6909117,10.750431085043989,0.021,10.726,0.024,10.636454545454544,0.025,AAA,222,111,000,0,0,10.831,10.671,4658233400902503680,77.61419353658516,-69.1532505403296,-0.0225266338248079,1.9512316964967948,0.2360099750739586,1.965453028678894,0.017022592946887,0.0135229425504803,0.0146928485482931,-1.533169865608215,0.023210622370243,0.0176117736846208,-8.154630661010742,698.4229125976562,0.1155711337924003,11.839266777038574,0.695624589920044,31,0.0334562398493289,False,11.369308471679688,11.48615837097168,11.123251914978027,533609.2759172274,347498.8793967582,281745.7726856798,406.6857299804687,1312.0924072265625,830.42626953125,418.45843505859375,670.8477783203125,419.9846496582031,1.179223656654358,0,0.3629064559936523,0.1168498992919921,0.2460565567016601,,,,,,,,,,,,,,,,,,,,,,,,77.614144,-69.153259,HD 269139,77.6141691677,-69.1532515893,0.0,0.0,90.0,sg*,18.0,05 10 27.40060,-69 09 11.7057,A,2020yCat.1350....0G,Supergiant,*|MIR|NIR|sg*,241.325,0.141,0.0008053,5e-07,A0Ia,,,,1.951,0.236,0.023,0.018,90.0,,,,11.64,11.42,,10.831,10.726,10.671,,,,,,0.041849,0.0
76.077504,-68.926216,05041860-6855343,10.545431085043989,,9.918,,9.938454545454546,0.059,UUA,662,2,00c,0,0,10.626,9.973,4661250838699218048,76.07754913238998,-68.92616561446033,-0.0403040943368686,1.8330194016314885,0.1627664716969989,1.840231776237488,0.0217351838946342,0.0223178230226039,0.0225691366940736,-1.7858057022094729,0.0281400419771671,0.0306023452430963,-2.9890215396881104,1302.149658203125,0.2410813719034195,29.073820114135746,0.8934067487716675,95,0.0433318465948104,False,13.78963565826416,14.501267433166504,12.661834716796877,57423.87486860328,21622.708894328076,68300.58026503769,68.2681655883789,841.1515502929688,948.6729125976562,22.792585372924805,618.5394287109375,110.42235565185548,1.565956473350525,0,1.839432716369629,0.7116317749023438,1.1278009414672852,,16.027,14.449,12.538,,0.076,0.079,0.152,76.077504,-68.926216,,,,,,,,,,,,,0.5647478775158364,,,,,,,,,,,,,,,,,,,,,,,,,,,,,,,,,,,,,,,,,,,,,
79.857129,-68.859306,05192571-6851335,11.64543108504399,0.029,11.633,0.025,11.599454545454543,0.027,AAA,222,111,000,0,0,11.726,11.634,4658311191314080128,79.85718789134462,-68.85931046564167,-0.0183290144131517,1.6785287142990042,0.2868704619204215,1.7028661966323853,0.0160091463476419,0.0172225069254636,0.0171960368752479,-1.0658859014511108,0.0198546610772609,0.0224076751619577,-3.8044281005859375,834.4351196289062,0.1487230807542801,17.18192481994629,0.8487100601196289,31,0.0310562886297702,False,11.936020851135254,11.978979110717772,11.822224617004396,316619.91914315824,220711.61311363077,148002.2472940667,170.99014282226562,1851.6851806640625,337.2070617675781,654.5284423828125,233.83543395996097,632.933349609375,1.1645314693450928,0,0.1567544937133789,0.0429582595825195,0.1137962341308593,11.673,12.114,12.056,,0.01,0.01,0.01,,79.857129,-68.859306,79.8571898,-68.8593084,12.048,0.04,11.973,0.02,11.932,0.01,12.048,0.05,12.162,0.04,0.8754820094577004,79.857129,-68.859306,HD 269363,79.8571672067,-68.8593117406,0.0,0.0,90.0,*,15.0,05 19 25.72013,-68 51 33.5223,A,2020yCat.1350....0G,Star,*|MIR|NIR,272.526,0.295,0.0009095,1e-06,B8I,,0.0119,0.0265,1.679,0.287,0.02,0.022,90.0,,,,12.06,11.98,,11.726,11.633,11.634,,,,,,0.053739,0.0
77.189406,-68.761696,05084545-6845421,11.478431085043988,,12.081,0.176,10.966454545454544,,UCU,626,20,0c0,2,0,11.559,11.001,4661271076629203200,77.1894294475438,-68.76175814174573,-0.3536827695769766,1.6226530167185989,-0.3326613761100848,1.6564016342163086,0.0846604704856872,0.0911954790353775,0.0941894352436065,-3.755015373229981,0.106554664671421,0.1329768300056457,55.656795501708984,5179.939453125,0.8729988932609558,133.3773651123047,4.294720649719238,95,0.1905898153781891,False,15.05763339996338,14.405911445617676,13.690337181091309,17860.48464861056,23607.624943678788,26486.42761309192,64.27517700195312,277.87530517578125,1460.4393310546875,16.16474151611328,611.54736328125,43.310508728027344,2.8047420978546143,0,0.7155742645263672,-0.6517219543457031,1.3672962188720703,,,,,,,,,,,,,,,,,,,,,,,,,,,,,,,,,,,,,,,,,,,,,,,,,,,,,,,,,,,,,,,,,,,,
77.595029,-68.7733,05102280-6846238,10.16143108504399,0.022,10.144,0.022,10.052454545454545,0.021,AAA,222,111,000,0,0,10.242,10.087,4658269336800428672,77.59497922133514,-68.7732815571239,-0.0377991066675714,1.9269744409360416,0.1885183893111089,1.9361740350723269,0.0186278279870748,0.0181188583374023,0.0186847224831581,-2.0229952335357666,0.0223811324685812,0.0248024780303239,-7.13676118850708,663.3356323242188,0.1402497440576553,13.343966484069824,0.7012022733688354,31,0.0356863178312778,False,10.397771835327148,10.397876739501951,10.33470344543457,1305683.7607370762,946817.1865654648,582474.5644659881,9235.66796875,141.37405395507812,20345.55859375,46.53680038452149,12444.3388671875,46.80638885498047,1.1712573766708374,0,0.0631732940673828,0.0001049041748046,0.0630683898925781,,,,,,,,,,,,,,,,,,,,,,,,77.595029,-68.7733,HD 269128,77.5949555668,-68.773282395,0.0,0.0,90.0,s*b,112.0,05 10 22.78934,-68 46 23.8166,A,2020yCat.1350....0G,BlueSG,*|EB*|Em*|EmO|IR|MIR|NIR|s*b|V*,235.721,0.056,0.0007866,2e-07,B2.5Ieq,,,,1.927,0.189,0.022,0.025,90.0,,,,10.52,10.412,10.29,10.242,10.144,10.087,,10.58,10.46,10.58,,0.114795,0.0
79.877108,-68.68602,05193050-6841096,10.28743108504399,0.024,9.915,0.022,9.725454545454545,0.021,AAA,222,111,000,0,0,10.368,9.76,4658325789850642048,79.8771256856565,-68.6860324589278,0.027171507343883,1.802766606859132,0.3608481376420405,1.8385262489318848,0.0111236218363046,0.0112879713997244,0.0115931453183293,2.3437561988830566,0.0143996411934494,0.0156766306608915,-6.245489120483398,301.96026611328125,0.0,0.0,0.7420876622200012,31,0.0218549873679876,False,11.760953903198242,12.352746963500977,11.018024444580078,372019.2109781996,156429.30383372627,310419.0068027992,3030.17919921875,122.77135467529295,5152.7939453125,30.358152389526367,6346.0869140625,48.9150276184082,1.254903793334961,0,1.3347225189208984,0.5917930603027344,0.7429294586181641,,,,,,,,,,,,,,,,,,,,,,,,79.877108,-68.68602,SV* HV  2447,79.8771036423,-68.6860340627,0.0,0.0,90.0,cC*,69.0,05 19 30.50487,-68 41 09.7226,A,2020yCat.1350....0G,ClassicalCep,*|cC*|Ce*|NIR|V*,272.437,0.009,0.0009092,0.0,G1Ia?,,0.0272,0.0116,1.803,0.361,0.014,0.016,90.0,,,,13.37,,9.44,10.368,9.915,9.76,,,,,,0.050946,0.0
77.818942,-68.392647,05111654-6823335,11.90943108504399,0.023,11.862,0.026,11.831454545454545,0.028,AAA,222,111,000,0,0,11.99,11.866,4658374997367917568,77.8190318901647,-68.39262459481998,-0.0010167590256124,2.0724108174575333,0.1357587674075821,2.076852560043335,0.0133591759949922,0.0143078761175274,0.0132433781400322,-0.0767749026417732,0.0167480874806642,0.0192264318466186,0.2418273389339447,579.669189453125,0.1039757877588272,9.415583610534668,1.0087487697601318,31,0.0274598281830549,False,12.58590316772461,12.723555564880373,12.323718070983888,174014.50372392812,111171.76863294638,93254.74628725593,46.537567138671875,3739.2265625,84.76716613769531,1311.49560546875,48.233882904052734,1933.38671875,1.1747671365737915,0,0.3998374938964844,0.1376523971557617,0.2621850967407226,13.163,12.638,12.538,,0.145,0.147,0.092,,77.818942,-68.392647,77.8190145,-68.3926192,12.872,0.03,12.643,0.01,12.692,0.01,12.643,0.01,12.679,0.03,0.5586990494461671,77.818942,-68.392647,SOI 368,77.8190068777,-68.3926251982,0.0,0.0,90.0,*,28.0,05 11 16.56165,-68 23 33.4507,A,2020yCat.1350....0G,Star,*|MIR|NIR,266.0,,0.0008877,,F3Ib,,,,2.072,0.136,0.017,0.019,90.0,,,,12.877,12.649,,11.99,11.862,11.866,,,,,,0.116436,0.0
75.384327,-68.178627,05013223-6810430,11.262431085043987,0.023,11.265,0.024,11.216454545454544,0.026,AAA,222,111,000,0,0,11.343,11.251,4661359346788463616,75.38437622130537,-68.17859373412855,-0.0490913042714473,1.73592492816567,-0.0163333884494206,1.73600172996521,0.0184127073734998,0.0177016854286193,0.0176007710397243,-2.789156436920166,0.0230493526905775,0.0229726824909448,2.182159900665283,1849.4520263671875,0.1892665922641754,37.21763229370117,1.0827418565750122,31,0.0339471995830535,False,11.635278701782228,11.687576293945312,11.497283935546877,417672.0625122508,288659.7293471169,199638.7221845549,384.6799926757813,1085.7650146484375,869.8213500976562,331.8609313964844,536.5684814453125,372.0657043457031,1.1690952777862549,0,0.1902923583984375,0.0522975921630859,0.1379947662353515,10.822,11.728,11.443,,0.06,0.092,0.214,,75.384327,-68.178627,75.3843345,-68.178587,11.791,0.01,11.679,0.01,11.672,0.01,11.755,0.01,11.859,0.01,0.5689055211714092,75.384327,-68.178627,SK -68   26,75.3843554655,-68.1785936615,0.0,0.0,90.0,s*b,41.0,05 01 32.24531,-68 10 42.9372,A,2020yCat.1350....0G,BlueSG,*|MIR|NIR|s*b,344.0,,0.0011481,,BC2Ia,,0.08,0.42,1.736,-0.016,0.023,0.023,90.0,,,,11.728,11.85,,11.343,11.265,11.251,,,,,,0.125918,0.0
75.73228,-68.175018,05025574-6810300,12.00243108504399,0.023,11.77,0.027,11.670454545454543,0.026,AAA,222,111,000,0,0,12.083,11.705,4661348420388719616,75.73231261610476,-68.1750293728917,-0.0176863708072148,1.7336112618654091,-0.0797053263134194,1.7354426383972168,0.0114815086126327,0.0107506876811385,0.0113450344651937,-1.558952569961548,0.014047740958631,0.0144742671400308,-3.1445305347442627,250.45440673828125,0.0,0.0,0.874781608581543,31,0.0205547045916318,False,13.133551597595217,13.451515197753906,12.651490211486816,105081.4898684004,56860.51512279561,68954.41238126076,23.291845321655273,4511.51416015625,36.227577209472656,1569.5367431640625,23.67877197265625,2912.0771484375,1.1973081827163696,0,0.8000249862670898,0.3179636001586914,0.4820613861083984,,,,,,,,,,,,,,,,,,,,,,,,,,,,,,,,,,,,,,,,,,,,,,,,,,,,,,,,,,,,,,,,,,,,
76.481297,-67.886337,05055551-6753108,8.60443108504399,0.024,8.592,0.038,8.467454545454546,0.019,AAA,112,111,000,0,0,8.685,8.502,4661472149794844288,76.48131910208899,-67.88636962577563,0.0178358889061163,1.8042488124675835,0.1460048433334118,1.810146689414978,0.0125449746847152,0.0132757322862744,0.0137354396283626,1.2985306978225708,0.0152316512539982,0.0170481465756893,-4.460170745849609,648.2196044921875,0.0967140048742294,8.36063289642334,0.8280046582221985,31,0.0244281068444252,False,9.09461498260498,9.199331283569336,8.861462593078613,4336116.038335365,2855515.2451653196,2262420.333677419,5871.23681640625,738.5353393554688,12216.298828125,233.7463531494141,8506.462890625,265.9648742675781,1.1803040504455566,0,0.3378686904907226,0.1047163009643554,0.2331523895263672,,,,,,,,,,,,,,,,,,,,,,,,76.481297,-67.886337,HD  33579,76.4812978005,-67.8863702747,0.0,0.0,90.0,sg*,148.0,05 05 55.51147,-67 53 10.9330,A,2020yCat.1350....0G,Supergiant,*|EmO|IR|MIR|NIR|sg*|UV|V*,255.121,0.092,0.0008514,3e-07,A2Ia+,,0.0178,0.0137,1.804,0.146,0.015,0.017,90.0,,,,9.32,9.13,,8.685,8.592,8.502,,,,,,0.119794,0.0
76.049455,-67.547256,05041186-6732501,11.772431085043989,,14.21,0.105,11.207454545454546,,UAU,20,10,0c0,0,0,11.853,11.242,4661486615245230208,76.04968647727067,-67.54734712361919,-0.0740971935693419,1.6797022591170894,-0.0905587728189956,1.682141661643982,0.0741898715496063,0.0698547065258026,0.0764987841248512,-0.968606173992157,0.1057235598564148,0.0983490794897079,0.1323228031396865,235.00685119628903,0.0,0.0,1.0047746896743774,31,0.1566058099269867,False,17.233144760131836,17.84619903564453,16.37913703918457,2408.1793784907277,992.9723455161542,2225.8864810498717,2.1238296031951904,1133.8853759765625,14.835415840148926,66.93255615234375,24.79613494873047,89.7674789428711,1.3366358280181885,0,1.467061996459961,0.6130542755126953,0.8540077209472656,20.213,18.606,17.569,,0.333,0.085,0.195,,76.049455,-67.547256,,,,,,,,,,,,,0.5224249566985883,,,,,,,,,,,,,,,,,,,,,,,,,,,,,,,,,,,,,,,,,,,,,
76.06218,-67.251457,05041492-6715052,10.522431085043989,0.021,10.506,0.025,10.322454545454544,0.019,AAA,222,111,000,0,0,10.603,10.357,4661879003439588352,76.0621398442292,-67.25145968040574,-0.0063891086616253,1.6680201024339725,0.0045477550461118,1.668026328086853,0.0142191844061017,0.0152091914787888,0.0154294958338141,-0.4140840768814087,0.0184086970984935,0.0186363626271486,-4.143530368804932,926.0933837890624,0.1383722275495529,20.103994369506836,0.8390468955039978,31,0.0270061250776052,False,10.900046348571776,10.95793914794922,10.760892868041992,822106.8766243604,565250.714694261,393369.89089479094,2433.090576171875,337.8858642578125,4829.919921875,117.03107452392578,4284.646484375,91.8091812133789,1.1660535335540771,0,0.1970462799072265,0.0578927993774414,0.1391534805297851,,,,,,,,,,,,,,,,,,,,,,,,76.06218,-67.251457,HD 268939,76.0621206726,-67.2514597006,0.0,0.0,90.0,s?b,44.0,05 04 14.90896,-67 15 05.2549,A,2020yCat.1350....0G,BlueSG_Candidate,*|Em*|EmO|MIR|NIR|s?b,439.57,9.03,0.0014673,3.01e-05,B:Ie,,,,1.668,0.005,0.018,0.019,90.0,,,,11.07,11.03,11.12,10.603,10.506,10.357,,11.0,11.05,11.14,,0.083158,0.0
78.072328,-67.298462,05121735-6717544,9.773431085043988,0.024,9.286,0.023,9.041454545454544,0.021,AAA,222,111,000,0,0,9.854,9.076,4661833717300633856,78.07237049628529,-67.29845772422048,0.0236256639537773,1.7221569365867542,0.1637841402312385,1.729927659034729,0.0128388190641999,0.0126863494515419,0.0128098772838711,1.844331741333008,0.0155088976025581,0.0170387011021375,1.0403724908828735,627.3861694335938,0.0987006500363349,10.509635925292969,1.0412436723709106,31,0.0245051514357328,False,11.790942192077637,12.560100555419922,10.946857452392578,361884.3094161019,129233.9893168839,331447.8977672462,186.4396820068359,1941.0262451171875,266.9997863769531,484.0228271484375,535.6505126953125,618.7764282226562,1.2730087041854858,0,1.6132431030273438,0.7691583633422852,0.8440847396850586,,17.274,12.22,,,0.126,0.032,,78.072328,-67.298462,78.0723498,-67.2984612,14.008,0.02,12.281,0.02,13.089,0.04,11.78,0.01,11.34,0.02,0.4056437750796353,78.072328,-67.298462,SP77  37-19,78.0723506636,-67.2984584522,0.0,0.0,90.0,*,13.0,05 12 17.36416,-67 17 54.4504,A,2020yCat.1350....0G,Star,*|MIR|NIR,299.438,0.045,0.0009993,2e-07,K5-M3,,0.0236,0.0128,1.722,0.164,0.016,0.017,90.0,,,,14.0,12.301,10.65,9.854,9.286,9.076,,,,,,0.03398,0.0
78.184431,-67.266029,05124426-6715577,9.47643108504399,0.026,9.337,0.027,9.151454545454545,0.023,AAA,222,111,000,0,0,9.557,9.186,4661833472460992256,78.18447543670855,-67.26603892526842,0.0081766596880644,1.6352737400724988,0.1750823009380694,1.644619703292847,0.0118617005646228,0.0117810424417257,0.0109070902690291,0.7496646046638489,0.0143148247152566,0.0161407347768545,-3.434687376022339,512.1464233398438,0.0629535987973213,3.9217529296875,0.8659464120864868,31,0.024770051240921,False,10.552963256835938,10.851508140563965,10.050564765930176,1131778.1069045973,623467.4055792816,756714.8312239425,1497.82373046875,755.614990234375,3513.215576171875,177.46347045898438,2152.44384765625,351.560791015625,1.219481348991394,0,0.8009433746337891,0.2985448837280273,0.5023984909057617,,,,,,,,,,,,,,,,,,,,,,,,78.184431,-67.266029,HD 269154,78.1844566301,-67.2660397034,0.0,0.0,90.0,*,33.0,05 12 44.26959,-67 15 57.7429,A,2020yCat.1350....0G,Star,*|MIR|NIR|X,317.713,0.115,0.0010603,4e-07,G0I,,0.0082,0.0109,1.635,0.175,0.014,0.016,90.0,,,,11.0,10.5,,9.557,9.337,9.186,,,,,,0.052499,0.0
75.786776,-66.959686,05030882-6657348,10.39943108504399,0.023,10.445,0.027,10.368454545454544,0.025,AAA,222,111,000,0,0,10.48,10.403,4661891544744628352,75.78675345399405,-66.9596806827305,0.0130124334585944,1.6769390807504352,0.0421531839927983,1.6774687767028809,0.0193648133426904,0.0181979443877935,0.0194622967392206,0.6685969829559326,0.0238875709474086,0.0249972734600305,2.167523145675659,1971.7314453125,0.2024887204170227,44.98005676269531,1.0836249589920044,31,0.0364069268107414,False,10.558611869812012,10.563260078430176,10.507682800292969,1125905.2378482963,813041.8264441522,496689.7188852689,959.9641723632812,1172.8616943359375,2129.423095703125,381.8132019042969,1208.929443359375,410.8508605957031,1.1632697582244873,0,0.055577278137207,0.004648208618164,0.0509290695190429,10.023,10.511,10.658,,0.04,0.078,0.22,,75.786776,-66.959686,75.7867336,-66.9596798,10.579,0.01,10.571,0.01,10.531,0.01,10.657,0.01,10.838,0.01,0.5515876301873521,75.786776,-66.959686,HD 268907,75.7867344109,-66.9596808701,0.0,0.0,90.0,s*b,62.0,05 03 08.81626,-66 57 34.8511,A,2020yCat.1350....0G,BlueSG,*|MIR|NIR|s*b,310.339,0.19,0.0010357,6e-07,B5Ia,,0.013,0.0195,1.677,0.042,0.024,0.025,90.0,,,,10.511,10.6,,10.48,10.445,10.403,,,,,,0.061439,0.0
76.365399,-66.6866,05052769-6641117,12.801431085043989,0.023,12.859,0.032,12.723454545454544,0.032,AAA,222,111,000,0,0,12.882,12.758,4661923052627837824,76.36540656803217,-66.68658719854855,-0.0093308002242233,1.609068747709613,0.106381124640931,1.612581491470337,0.0108094187453389,0.0132749043405056,0.0115802884101867,-0.8057485222816467,0.0154537400230765,0.0170779395848512,-3.345458507537842,261.7491455078125,0.0,0.0,0.8596436977386475,31,0.0250322557985782,False,13.316912651062012,13.403945922851562,13.14564323425293,88752.6881499178,59407.112255027205,43742.21626401728,22.431053161621097,3956.6884765625,21.239526748657227,2797.00732421875,13.62682056427002,3210.009033203125,1.1622107028961182,0,0.2583026885986328,0.0870332717895507,0.171269416809082,13.561,13.509,13.318,,0.02,0.029,0.021,,76.365399,-66.6866,76.3653853,-66.6865945,13.475,0.05,13.337,0.01,13.349,0.03,13.4,0.01,13.513,0.03,0.2519234830118963,76.365399,-66.6866,SOI  28,76.365388498,-66.6865876714,0.0,0.0,90.0,*,9.0,05 05 27.69324,-66 41 11.7156,A,2020yCat.1350....0G,Star,*|MIR|NIR,363.0,,0.0012116,,A0Ib,,,,1.609,0.106,0.015,0.017,90.0,,,,13.493,13.403,,12.882,12.86,12.76,,,,,,0.046837,0.0
76.561725,-66.67942,05061481-6640459,11.05643108504399,0.021,10.942,0.028,10.823454545454544,0.023,AAA,222,111,000,0,0,11.137,10.858,4661911473394802560,76.56171823100475,-66.67941838693318,-0.013798228747894,1.619276989473248,0.0996209966754689,1.6223385334014893,0.0175801496952772,0.0202321615070104,0.0197518970817327,-0.698577344417572,0.0213810447603464,0.0244995038956403,17.816740036010742,1451.2965087890625,0.188818097114563,35.77790832519531,1.7882291078567505,31,0.0355800427496433,False,12.606134414672852,13.139077186584473,11.93623161315918,170801.94412317828,75820.4212134694,133249.495671813,1094.4951171875,156.0554656982422,1574.88720703125,48.14339828491211,2083.901123046875,63.94232940673828,1.2240488529205322,0,1.202845573425293,0.5329427719116211,0.6699028015136719,13.695,12.873,13.364,11.44,0.022,0.051,0.021,0.053,76.561725,-66.67942,76.5616992,-66.6794242,13.866,0.27,12.778,0.22,13.269,0.24,12.498,0.21,12.24,0.17,0.1539103806926023,76.561725,-66.67942,SV* HV  2294,76.5617000516,-66.6794188297,0.0,0.0,90.0,cC*,91.0,05 06 14.80801,-66 40 45.9078,A,2020yCat.1350....0G,ClassicalCep,*|cC*|Ce*|MIR|NIR|V*,321.071,0.048,0.0010716,2e-07,F7I,,,,1.619,0.1,0.021,0.024,90.0,,,,12.66,12.15,12.44,11.137,10.942,10.858,,,,,,0.035804,0.0
75.816335,-66.624954,05031592-6637298,11.75243108504399,0.023,11.682,0.027,11.568454545454545,0.023,AAA,222,111,000,0,0,11.833,11.603,4662114024055806336,75.81639980038142,-66.62490785954012,0.020725969416103,1.6974349324696592,0.1241477524154638,1.7019689083099363,0.0122532686218619,0.0119681768119335,0.0122833186760544,1.6873265504837036,0.0163042414933443,0.0161613970994949,2.629023313522339,781.6373901367188,0.1062391027808189,12.155107498168944,1.0990211963653564,31,0.0232444312423467,False,12.453587532043455,12.611884117126465,12.164480209350586,196567.5178776374,123214.86883008872,107985.69855403136,29.08152961730957,6759.1875,44.16391372680664,2789.944580078125,27.388547897338867,3942.731689453125,1.1761890649795532,0,0.4474039077758789,0.1582965850830078,0.2891073226928711,12.966,12.066,10.982,12.111,0.026,0.12,0.136,0.054,75.816335,-66.624954,75.8163915,-66.6249106,12.776,0.05,12.494,0.01,12.566,0.02,12.483,0.0,12.498,0.01,0.59636697402395,75.816335,-66.624954,SOI  23,75.8163807854,-66.6249084113,0.0,0.0,90.0,sg*,12.0,05 03 15.93139,-66 37 29.6703,A,2020yCat.1350....0G,Supergiant,*|MIR|NIR|sg*,306.0,,0.0010212,,A7Ia,,0.0207,0.0123,1.697,0.124,0.016,0.016,90.0,,,,12.81,12.6,,11.833,11.682,11.603,,,,,,0.176668,0.0
78.390618,-66.571976,05133374-6634191,11.52143108504399,0.022,11.347,0.025,10.906454545454546,0.026,AAA,222,111,000,0,0,11.602,10.941,4661968751086804352,78.390593389468,-66.57189538559454,-0.0045717937422653,1.6898404017023183,0.2397721649812787,1.7067663669586182,0.0137350400909781,0.0117234820500016,0.0127638522535562,-0.3581829071044922,0.0174854211509227,0.016524514183402,1.0491565465927124,549.9830322265625,0.09651830047369,8.64707088470459,1.0407636165618896,31,0.0243712775409221,False,12.84375,13.222657203674316,12.309377670288086,137229.2186492947,70202.74176590233,94494.67200407546,111.70941925048828,1228.447998046875,174.84535217285156,401.5133361816406,211.30941772460935,447.186279296875,1.2001628875732422,0,0.9132795333862304,0.3789072036743164,0.5343723297119141,12.984,13.612,11.39,11.961,0.011,0.093,0.177,0.036,78.390618,-66.571976,78.3906053,-66.5718923,13.575,0.14,12.773,0.17,13.154,0.15,12.569,0.16,12.485,0.14,0.8975538126203942,78.390618,-66.571976,MSX LMC  281,78.3905745,-66.5718964513,0.0,0.0,90.0,pA*,9.0,05 13 33.73788,-66 34 18.8272,A,2020yCat.1350....0G,post-AGB*,*|AB*|IR|MIR|NIR|pA*|pA?,246.726,0.13,0.0008233,4e-07,F8-G0Ipe,,,,1.69,0.24,0.017,0.017,90.0,,,,13.612,11.39,,11.602,11.347,10.941,,,,,,0.293066,0.0
76.061782,-66.539909,05041482-6632236,12.35743108504399,0.023,12.318,0.024,12.251454545454544,0.026,AAA,222,111,000,0,0,12.438,12.286,4661927622473278720,76.06177109411594,-66.53992369755515,0.0214674424633859,1.6798513884885893,0.0769414775903585,1.681612491607666,0.0138038843870162,0.0139658981934189,0.0147180203348398,1.4585821628570557,0.0184441208839416,0.018235694617033,1.2280951738357544,867.2820434570312,0.1348062753677368,15.754169464111328,1.044809103012085,31,0.0261651538312435,False,12.954554557800291,13.075716972351074,12.723761558532717,123915.26863138528,80376.67812039518,64513.91983966082,30.30213165283203,4089.3251953125,38.34754180908203,2096.006103515625,19.7593994140625,3264.9736328125,1.1692715883255005,0,0.3519554138183594,0.1211624145507812,0.2307929992675781,13.071,12.997,11.823,12.572,0.021,0.174,0.157,0.209,76.061782,-66.539909,76.0617583,-66.5399325,13.173,0.04,12.989,0.01,13.018,0.0,12.99,0.0,13.072,0.03,0.5582862848449557,76.061782,-66.539909,SOI  25,76.0617523405,-66.5399240395,0.0,0.0,90.0,*,6.0,05 04 14.82056,-66 32 23.7265,A,2020yCat.1350....0G,Star,*|MIR|NIR,286.0,,0.0009544,,A4Ib,,0.0215,0.0147,1.68,0.077,0.018,0.018,90.0,,,,13.211,13.1,,12.438,12.318,12.286,,,,,,0.068835,0.0
75.170337,-66.475151,05004088-6628305,9.62643108504399,0.023,9.465,0.024,9.366454545454545,0.021,AAA,222,111,000,0,0,9.707,9.401,4662125637637518592,75.17029171805265,-66.47514142913474,0.0224116317901834,1.665290771031644,0.10209831319696,1.6684176921844482,0.0133276227861642,0.014897515065968,0.0131627805531024,1.7026517391204834,0.0172752626240253,0.0204363763332366,2.921896457672119,760.9942016601562,0.0975314602255821,9.002201080322266,1.1217072010040283,31,0.0301994439214468,True,10.727869987487791,11.024850845336914,10.271366119384766,963382.0945307404,531467.4951645578,617463.955961339,1114.7119140625,864.2431030273438,2379.185546875,223.38211059570312,1697.1053466796875,363.8336181640625,1.192602038383484,0,0.7534847259521484,0.2969808578491211,0.4565038681030273,11.661,11.306,10.74,,0.026,0.066,0.03,,75.170337,-66.475151,75.1702809,-66.4751445,11.316,0.19,10.731,0.11,10.93,0.2,10.567,0.11,10.519,0.06,0.15715137650674,75.170337,-66.475151,HD 268822,75.1702731753,-66.4751418829,0.0,0.0,90.0,*,42.0,05 00 40.86556,-66 28 30.5108,A,2020yCat.1350....0G,Star,*|MIR|NIR,296.462,0.088,0.0009894,3e-07,G5I,,0.0224,0.0132,1.665,0.102,0.017,0.02,90.0,,,,11.23,10.67,10.6,9.707,9.465,9.401,,,,,,0.097408,0.0
75.787382,-66.448753,05030897-6626555,11.71643108504399,0.026,11.698,0.039,11.530454545454544,0.032,AEA,222,111,000,0,0,11.797,11.565,4662117116432435456,75.7873907485312,-66.44876306632135,0.0378318927957797,1.6223651491706748,0.0815773837432636,1.6244148015975952,0.0111152799800038,0.0102748395875096,0.0111091900616884,3.40545916557312,0.0136485509574413,0.0143715078011155,-1.2035889625549316,533.9319458007812,0.0769746303558349,6.158754825592041,0.9541162848472596,31,0.0204039774835109,False,12.579133987426758,12.76126480102539,12.257121086120604,175102.86588099273,107376.96408716025,99153.915297844,22.74994850158691,7696.8466796875,35.77846908569336,3001.16162109375,25.353445053100582,3910.865478515625,1.17948317527771,0,0.5041437149047852,0.1821308135986328,0.3220129013061523,13.143,12.323,11.222,,0.015,0.153,0.211,,75.787382,-66.448753,75.7873715,-66.4487753,12.937,0.04,12.602,0.01,12.71,0.01,12.553,0.01,12.517,0.03,0.7611776075074624,75.787382,-66.448753,SOI  22,75.7873727028,-66.4487634289,0.0,0.0,90.0,s*y,11.0,05 03 08.96945,-66 26 55.5483,A,2020yCat.1350....0G,YellowSG,*|MIR|NIR|s*y,374.0,,0.0012483,,F0Iab,,0.0378,0.0111,1.622,0.082,0.014,0.014,90.0,,,,12.97,12.63,,11.797,11.7,11.56,,,,,,0.039855,0.0
76.056509,-66.43293,05041356-6625585,11.03043108504399,0.038,10.53,0.041,10.300454545454546,0.039,AAA,222,111,000,0,0,11.111,10.335,4662023005117013760,76.05657361348631,-66.43271191121538,-0.2691817777830559,2.172387552532053,0.9109013866160376,2.355633497238159,0.0777909457683563,0.0730634033679962,0.0782366096973419,-3.4406116008758545,0.0990743711590766,0.0960542857646942,92.62313079833984,13076.5830078125,0.9029746651649476,407.9096984863281,6.297540664672852,31,0.1418908089399337,False,13.783354759216309,13.776238441467283,12.794271469116213,57757.01882448949,42162.02570336481,60457.42142906912,133.81427001953125,431.6207885742187,340.1282043457031,123.95921325683594,115.4184341430664,523.810791015625,1.7767441272735596,0,0.9819669723510742,-0.0071163177490234,0.9890832901000975,11.84,12.125,11.314,9.829,0.129,0.105,0.111,0.16,76.056509,-66.43293,,,,,,,,,,,,,0.9173479745307026,76.056509,-66.43293,TYC 8889-12-1,76.056509,-66.43293,0.07,0.06,5.0,mul,6.0,05 04 13.56216,-66 25 58.5480,C,2003yCat.2246....0C,Blend,*|Ev*|mul|NIR,293.412,0.026,0.0009792,1e-07,,,,,,,,,,,,,12.36,12.28,12.944,11.111,10.53,10.335,,,,,,0.0,0.0
76.062157,-66.431305,05041491-6625526,11.625431085043989,0.037,11.207,0.034,11.024454545454544,0.032,AAA,222,111,000,0,0,11.706,11.059,4662023005117036928,76.06217829956509,-66.43134113767765,-0.0313900787975616,1.5469756351455946,0.193187634693211,1.5589916706085205,0.0195033606141805,0.0190705433487892,0.0203615669161081,-1.5416337251663208,0.0238048247992992,0.0243036057800054,24.847421646118164,1547.278076171875,0.2038595229387283,37.979129791259766,2.111905336380005,31,0.0344336666166782,False,13.086824417114258,13.654139518737791,12.319891929626465,109702.5718157534,47180.3221054786,93583.98427506858,613.310791015625,178.8694610595703,666.5457763671875,70.78331756591797,1547.8023681640625,60.46249008178711,1.2831449508666992,0,1.334247589111328,0.5673151016235352,0.766932487487793,,12.68,10.862,,,0.102,0.139,,76.062157,-66.431305,76.0621327,-66.4313456,,,,,,,,,,,0.7660790594445117,76.062157,-66.431305,UCAC4 118-005872,76.0621611044,-66.4313419963,0.0,0.0,90.0,cC*,2.0,05 04 14.91867,-66 25 52.8312,A,2020yCat.1350....0G,ClassicalCep,*|cC*|NIR,,,,,,,,,1.547,0.193,0.024,0.024,90.0,,,,,,13.222,11.706,11.207,11.059,,,,,,0.133318,0.0
75.843004,-66.369789,05032232-6622112,11.32243108504399,0.023,11.12,0.025,11.003454545454543,0.025,AAA,222,111,000,0,0,11.403,11.038,4662211296471725824,75.84302920051084,-66.36982979831313,-0.0128608187122982,1.626800746698001,0.1744822714685326,1.6361310482025146,0.0101139098405838,0.0097207929939031,0.0106535563245415,-1.2071855068206787,0.0127268247306346,0.0136618120595812,-0.6540178060531616,462.4087829589844,0.05226331949234,2.764518976211548,0.973440647125244,31,0.0191298276185989,False,12.52960968017578,12.882448196411133,12.011882781982422,183274.907928019,96036.78211274608,124281.06500563447,20.362646102905273,9000.544921875,38.0604133605957,2523.272216796875,24.137786865234375,5148.81787109375,1.202116847038269,0,0.8705654144287109,0.3528385162353515,0.5177268981933594,,13.217,11.106,,,0.111,0.181,,75.843004,-66.369789,75.8430256,-66.3698328,13.381,0.05,12.672,0.02,12.974,0.03,12.487,0.01,12.321,0.02,0.8033572019266692,75.843004,-66.369789,2MASS J05032232-6622112,75.8430111624,-66.3698305738,0.0,0.0,90.0,*,5.0,05 03 22.32268,-66 22 11.3901,A,2020yCat.1350....0G,Star,*|NIR,302.245,0.051,0.0010087,2e-07,,,,,1.627,0.174,0.013,0.014,90.0,,,,,,,11.403,11.12,11.038,,,,,,0.150022,0.0
75.45873,-66.130112,05015009-6607484,11.13343108504399,0.023,11.067,0.025,10.969454545454544,0.026,AAA,222,111,000,0,0,11.214,11.004,4662218993053496832,75.45877063614448,-66.13010485466502,-0.0209409710663069,1.571193115471173,0.1664250046661981,1.5799826383590698,0.0128196915611624,0.0117453224956989,0.0127079272642731,-1.6478668451309204,0.0157111901789903,0.0168588869273662,-1.8883380889892576,567.6629638671875,0.0932642742991447,9.887463569641112,0.9192454814910888,31,0.0237935110926628,False,11.879376411437988,12.052844047546388,11.571184158325195,333577.1074029296,206195.6272930845,186502.4728017458,45.811561584472656,7281.5048828125,101.77777099609376,2025.939697265625,60.06121444702149,3105.20654296875,1.177233338356018,0,0.4816598892211914,0.1734676361083984,0.3081922531127929,12.488,12.236,11.933,,0.078,0.038,0.11,,75.45873,-66.130112,75.458758,-66.1301064,12.228,0.03,11.917,0.01,12.02,0.01,11.886,0.0,11.89,0.01,0.2205130249271945,75.45873,-66.130112,GV 513,75.4587533795,-66.1301055943,0.0,0.0,90.0,*,14.0,05 01 50.10081,-66 07 48.3801,A,2020yCat.1350....0G,Star,*|NIR,304.805,0.108,0.0010172,4e-07,F0I:,,0.0092,0.0291,1.571,0.166,0.016,0.017,90.0,,,,,,10.08,11.214,11.067,11.004,,,,,,0.041131,0.0
79.959579,-66.133827,05195029-6608017,11.544431085043987,0.022,11.077,0.026,10.860454545454544,0.026,AAA,222,111,000,0,0,11.625,10.895,4660497157856516480,79.95959007981027,-66.13384479697781,0.0080437885984769,1.5767776642849956,0.2073459278690372,1.590352177619934,0.0104083670303225,0.0121762659400701,0.0113085368648171,0.7113023400306702,0.013098020106554,0.016433322802186,-0.8301762342453003,262.1652526855469,0.0,0.0,0.963815450668335,31,0.0233348309993743,False,13.278084754943848,13.835366249084473,12.56770133972168,91984.13552994718,39927.33867511812,74486.51805992713,20.105390548706055,4575.09814453125,30.87796401977539,1293.0689697265625,43.274269104003906,1721.2657470703125,1.2438433170318604,0,1.267664909362793,0.557281494140625,0.710383415222168,14.654,14.655,13.648,,0.031,0.059,0.092,,79.959579,-66.133827,79.9595653,-66.1338475,14.662,0.02,13.623,0.02,14.127,0.01,13.283,0.01,12.928,0.02,0.0721842493017088,79.959579,-66.133827,AL 135,79.9595727593,-66.1338457185,0.0,0.0,90.0,Em*,5.0,05 19 50.29746,-66 08 01.8446,A,2020yCat.1350....0G,EmLine*,*|Em*|NIR,265.973,0.045,0.0008876,2e-07,,,0.008,0.0113,1.577,0.207,0.013,0.016,90.0,,,,14.66,13.62,13.45,11.625,11.077,10.895,,14.13,13.28,12.93,,0.067997,0.0
76.809029,-66.055138,05071416-6603184,10.250431085043989,0.022,10.046,0.024,9.955454545454543,0.019,AAA,222,111,000,0,0,10.331,9.99,4662061316228099584,76.80910183597398,-66.05511924783556,0.0263848970965627,1.6426396815010624,0.164042772552263,1.650810480117798,0.0113388588652014,0.0106643065810203,0.011185148730874,2.358922243118286,0.0138482516631484,0.0148105202242732,-7.110495090484619,653.6228637695312,0.0814046114683151,8.47506046295166,0.7283557057380676,31,0.0208139102905988,True,11.290447235107422,11.576770782470703,10.839552879333496,573809.6628290055,319674.79822002194,365878.74836941133,87.6215591430664,6548.72705078125,146.06472778320312,2188.5830078125,110.96785736083984,3297.15966796875,1.1947402954101562,0,0.737217903137207,0.2863235473632812,0.4508943557739258,,,,,,,,,,,,,,,,,,,,,,,,76.809029,-66.055138,HD 271018,76.8090838478,-66.0551199769,0.0,0.0,90.0,*,56.0,05 07 14.18012,-66 03 18.4319,A,2020yCat.1350....0G,Star,*|MIR|NIR,294.65,2.35,0.0009833,7.8e-06,,,0.0264,0.0112,1.643,0.164,0.014,0.015,90.0,,,,12.01,11.43,10.88,10.331,10.046,9.99,,,,,,0.103111,0.0
80.445623,-71.328827,05214694-7119437,8.795431085043989,0.029,8.297,0.02,8.019454545454545,0.023,AAA,111,111,000,0,0,8.876,8.054,4651769406346606976,80.44577186681413,-71.32886210775843,-0.0257978886643707,2.093496987267253,0.3568334882427935,2.123690128326416,0.0181764885783195,0.0190291218459606,0.0190239883959293,-1.3560715913772583,0.0223966296762228,0.0229794941842556,13.539874076843262,1643.8114013671875,0.2004751414060592,42.017730712890625,1.5598417520523071,31,0.0331262834370136,False,10.829751968383787,11.679481506347656,9.94134521484375,877093.488288999,290820.07220614445,836797.2394625345,3048.334228515625,287.7287902832031,3497.610595703125,83.1482162475586,7866.69140625,106.3721923828125,1.2856295108795166,0,1.7381362915039062,0.8497295379638672,0.8884067535400391,14.203,13.332,11.469,,0.032,0.028,0.076,,80.445623,-71.328827,80.4457389,-71.3288653,13.407,0.05,11.676,0.05,12.518,0.06,11.103,0.05,10.504,0.04,0.1482853149902092,80.445623,-71.328827,SP77  48-6,80.4457428028,-71.3288636937,0.0,0.0,90.0,LP*,16.0,05 21 46.97827,-71 19 43.9093,A,2020yCat.1350....0G,LongPeriodV*,*|IR|LP*|MIR|NIR,237.208,0.058,0.0007916,2e-07,M,,0.083,0.0126,2.093,0.357,0.022,0.023,90.0,,,,13.4,12.0,,8.876,8.297,8.054,,,,,,0.191085,0.0
81.230202,-70.270058,05245524-7016122,11.516431085043989,,14.73,0.176,11.183454545454545,,UCU,20,10,0c0,0,0,11.597,11.218,4657922651417422336,81.23013399307654,-70.27013189877053,0.1911724641765227,1.7776659583366403,0.0475373042968298,1.778301477432251,0.0782425478100776,0.0928216725587844,0.0845135450363159,2.262033462524414,0.1100340634584426,0.1303104162216186,-1.3057833909988403,233.69622802734375,0.0,0.0,0.9409881830215454,95,0.1924860030412674,False,17.60451316833496,17.39388656616211,16.391756057739258,1710.573664051126,1506.1284484299083,2200.1684059805298,6.087030410766602,281.0194091796875,142.74447631835938,10.551220893859863,113.09930419921876,19.45342063903809,2.166698217391968,0,1.0021305084228516,-0.2106266021728515,1.2127571105957031,,,,,,,,,,,,,,,,,,,,,,,,,,,,,,,,,,,,,,,,,,,,,,,,,,,,,,,,,,,,,,,,,,,,
80.906046,-70.118706,05233745-7007073,10.762431085043987,,13.455,0.204,10.368454545454544,,UCU,20,10,0c0,0,0,10.843,10.403,4657933470368174720,80.90639589315953,-70.1186765902281,-0.2496870224539516,1.70851831060393,0.5246085331524941,1.7872462272644043,0.0891440287232399,0.0788240134716034,0.0748918801546096,-3.3339664936065674,0.1151571199297905,0.1421302706003189,3.5238256454467773,303.4587097167969,0.298341155052185,2.6979434490203857,1.1772661209106443,95,0.2078876197338104,False,16.87012481689453,17.10409164428711,15.764431953430176,3364.3186044843474,1966.8891669992488,3920.8984071504888,7.106852054595947,473.3908081054687,154.39834594726562,12.739055633544922,168.25291442871094,23.303598403930664,1.750068426132202,0,1.3396596908569336,0.2339668273925781,1.1056928634643557,,,,,,,,,,,,,,,,,,,,,,,,,,,,,,,,,,,,,,,,,,,,,,,,,,,,,,,,,,,,,,,,,,,,
82.419476,-70.052818,05294067-7003101,11.46943108504399,,11.252,0.061,10.657454545454543,0.034,UEE,22,11,000,0,0,11.55,10.692,4657910488017347584,82.41973996696754,-70.05283905485531,-0.1031071810007624,1.749726377129611,1.0705199090730098,2.0512325763702393,0.0261836852878332,0.0269909482449293,0.0263982415199279,-3.9058351516723633,0.0397814624011516,0.0445982106029987,7.037023067474365,489.880615234375,0.1523234099149704,3.898287296295166,1.309203028678894,31,0.0658104419708252,False,15.206744194030762,16.350255966186523,14.063444137573242,15568.58754416349,3938.3508265015626,18783.67850280285,79.68358612060547,195.3801116943359,122.49026489257812,32.15235900878906,316.69036865234375,59.31243896484375,1.4594792127609253,0,2.2868118286132812,1.1435117721557615,1.1433000564575195,,,,,,,,,,,,,,,,,,,,,,,,,,,,,,,,,,,,,,,,,,,,,,,,,,,,,,,,,,,,,,,,,,,,
81.283955,-69.895432,05250814-6953435,10.587431085043988,0.023,10.615,0.028,10.492454545454544,0.023,AAA,222,111,000,0,0,10.668,10.527,4657960722020398592,81.2839893650677,-69.89541511564579,-0.0324737985832308,1.7166483643572674,0.3223179432645409,1.746645450592041,0.0141063202172517,0.0135856326669454,0.0142077524214982,-2.28563928604126,0.0191020891070365,0.0184703301638364,-7.523313999176025,753.2418823242188,0.1180601865053176,11.264649391174316,0.7264880537986755,31,0.0292302146553993,False,11.103689193725586,11.19893741607666,10.890303611755373,681508.0433434419,452732.67405236315,349169.824827564,595.6627197265625,1144.1173095703125,1249.1337890625,362.4372863769531,923.7233276367188,378.0025939941406,1.1766588687896729,0,0.308633804321289,0.0952482223510742,0.2133855819702148,,,,,,,,,,,,,,,,,,,,,,,,81.283955,-69.895432,HD 269510,81.283967169,-69.8954165482,0.0,0.0,90.0,s*b,16.0,05 25 08.15212,-69 53 43.4996,A,2020yCat.1350....0G,BlueSG,*|MIR|NIR|s*b,257.385,0.109,0.0008589,4e-07,B9I,,,,1.717,0.322,0.019,0.018,90.0,,,,11.349,11.162,11.301,10.668,10.615,10.527,,11.354,11.18,11.258,,0.057629,0.0
80.690377,-69.847679,05224569-6950516,10.186431085043989,0.021,9.957,0.025,9.738454545454545,0.021,AAA,222,111,000,0,0,10.267,9.773,4657972816653308800,80.69042548968713,-69.84768332840453,0.021079292132345,2.010295307358475,0.4748495740882912,2.0656158924102783,0.0111647471785545,0.0100907692685723,0.0101665332913398,2.0734000205993652,0.0151493288576602,0.0137874567881226,-10.303716659545898,336.7186279296875,0.0,0.0,0.6197715401649475,31,0.0225849766284227,False,11.60825252532959,12.062901496887209,10.978609085083008,428199.1960924881,204294.29587576288,321895.2617959224,172.7178955078125,2479.1826171875,286.3752136230469,713.3798217773438,258.5400085449219,1245.050048828125,1.2288429737091064,0,1.0842924118041992,0.4546489715576172,0.629643440246582,,,,,,,,,,,,,,,,,,,,,,,,80.690377,-69.847679,2MASS J05224569-6950516,80.6903995559,-69.8476854389,0.0,0.0,90.0,Y*?,9.0,05 22 45.69589,-69 50 51.6676,A,2020yCat.1350....0G,YSO_Candidate,*|MIR|NIR|Y*?,247.424,0.014,0.0008257,0.0,,,0.0211,0.0102,2.01,0.475,0.015,0.014,90.0,,,,12.77,11.82,11.34,10.267,9.957,9.773,,,,,,0.036331,0.0
83.923293,-69.854126,05354159-6951148,11.048431085043989,0.024,11.013,0.025,10.874454545454546,0.021,AAA,222,111,000,0,0,11.129,10.909,4657269296613822336,83.92335268537539,-69.85413063065019,-0.0488542784052424,1.8895313017404125,0.5623968343626439,1.971450924873352,0.0129130678251385,0.0128321722149848,0.0127393584698438,-3.8349087238311768,0.0159694254398345,0.0163768883794546,-5.685197830200195,579.8143920898438,0.087675079703331,6.080430030822754,0.7861462235450745,31,0.0239264145493507,False,11.744077682495115,11.89321994781494,11.461039543151855,377846.87189662433,238851.9851436816,206415.46440548965,173.99061584472656,2171.65087890625,336.9159851074219,708.9363403320312,240.0172576904297,860.0026245117188,1.1784336566925049,0,0.4321804046630859,0.1491422653198242,0.2830381393432617,,,,,,,,,,,,,,,,,,,,,,,,83.923293,-69.854126,HD 269809,83.923328302,-69.8541331302,0.0,0.0,90.0,sg*,29.0,05 35 41.59879,-69 51 14.8793,A,2020yCat.1350....0G,Supergiant,*|MIR|NIR|Pu*|sg*,280.843,0.098,0.0009372,3e-07,A4Iab,,,,1.89,0.562,0.016,0.016,90.0,,,,12.08,11.82,,11.129,11.013,10.909,,,,,,0.050742,0.0
84.104967,-69.692101,05362519-6941315,10.17143108504399,0.022,9.92,0.024,9.657454545454543,0.021,AAA,222,111,000,0,0,10.252,9.692,4657277066293133056,84.10498744125245,-69.6920919287375,0.0121320712802939,1.849089141553808,0.5112758112125169,1.9184716939926147,0.011027161963284,0.0113356057554483,0.0111051294952631,1.0924745798110962,0.0129934204742312,0.0153423752635717,-6.732260227203369,401.5225830078125,0.046842023730278,1.891768455505371,0.7396233081817627,31,0.0217906180769205,False,11.68767547607422,12.167216300964355,11.02113151550293,397993.9923570957,185579.68630827303,309531.9334523477,1041.2149658203125,382.239990234375,1830.5552978515625,101.37889862060548,1923.1495361328125,160.95053100585938,1.2440178394317627,0,1.1460847854614258,0.4795408248901367,0.6665439605712891,13.55,12.761,11.896,,0.027,0.085,0.121,,84.104967,-69.692101,84.1049518,-69.6920973,12.681,0.17,11.821,0.13,12.184,0.19,11.573,0.09,11.3,0.12,0.2356253551584455,84.104967,-69.692101,ASAS J053625-6941.5,84.1049637622,-69.6920942011,0.0,0.0,90.0,LP*,12.0,05 36 25.19130,-69 41 31.5391,A,2020yCat.1350....0G,LongPeriodV*,*|LP*|NIR|V*,284.714,0.091,0.0009502,3e-07,K2III,,0.0121,0.0111,1.849,0.511,0.013,0.015,90.0,,,,12.71,11.71,9.61,10.252,9.92,9.692,,,,,,0.024808,0.0
83.81932,-69.677345,05351663-6940384,9.805431085043988,0.022,9.72,0.025,9.346454545454543,0.02,AAA,222,111,000,0,0,9.886,9.381,4657280639705552768,83.8193261473545,-69.67734202437879,0.0270607387085341,1.7812274206698426,0.5053449020453264,1.8515249490737915,0.0144153079017996,0.0143948085606098,0.0138677824288606,1.951338529586792,0.0174689199775457,0.0182861220091581,-4.9806437492370605,738.25537109375,0.1184840351343154,11.641711235046388,0.814301073551178,31,0.0277365557849407,True,10.5316162109375,10.646490097045898,10.276548385620115,1154251.463906729,753044.7887956091,614523.9520328409,3995.083984375,288.9179382324219,8786.8125,85.70170593261719,5108.75537109375,120.28839111328124,1.1848100423812866,0,0.3699417114257812,0.1148738861083984,0.2550678253173828,,,,,,,,,,,,,,,,,,,,,,,,83.81932,-69.677345,HD  37836,83.8193033561,-69.6773442688,0.0,0.0,90.0,Em*,91.0,05 35 16.63281,-69 40 38.4394,A,2020yCat.1350....0G,EmLine*,*|**|Em*|EmO|HV*|MIR|NIR|Ro*|V*,-474.41,15.41,-0.0015812,5.14e-05,B0e(q),,0.0271,0.0139,1.781,0.505,0.017,0.018,90.0,,,,10.736,10.692,10.731,9.886,9.72,9.381,,10.67,10.616,10.679,,0.020976,0.0
80.140506,-69.543167,05203372-6932354,11.693431085043988,0.024,11.667,0.025,11.642454545454545,0.025,AAA,222,111,000,0,0,11.774,11.677,4658173851087935744,80.1405779412872,-69.54318296531763,-0.0411404638794646,1.946423251026838,0.3947370268180594,1.986046552658081,0.0222247596830129,0.02535598911345,0.0243718586862087,-1.6880314350128174,0.031408417969942,0.0380940809845924,-4.931323528289795,1511.12890625,0.2337890118360519,38.0098876953125,0.7965124249458313,31,0.0532620549201965,False,11.639788627624512,11.593162536621094,11.663536071777344,415940.689359497,314885.01162836177,171294.61540849594,522.0966796875,796.6737060546875,1224.4945068359375,257.15509033203125,639.62451171875,267.8049621582031,1.1688677072525024,0,-0.07037353515625,-0.0466260910034179,-0.023747444152832,,,,,,,,,,,,,,,,,,,,,,,,80.140506,-69.543167,HD 269399,80.1405531895,-69.5431847197,0.0,0.0,90.0,*,9.0,05 20 33.73277,-69 32 35.4650,A,2020yCat.1350....0G,Star,*|MIR|NIR,,,,,OB,,0.0059,0.0356,1.946,0.395,0.031,0.038,90.0,,,,11.57,11.65,10.69,11.774,11.667,11.677,,,,,,0.087147,0.0
82.708743,-69.524811,05305009-6931293,9.926431085043989,0.024,9.882,0.025,9.744454545454545,0.023,AAA,222,111,000,0,0,10.007,9.779,4658042120182156800,82.70869451214593,-69.52483171032894,0.0146728641416257,1.819271020710223,0.3290728337147006,1.8487931489944456,0.0203657913953065,0.0277452711015939,0.0231050550937652,0.6350499391555786,0.0240896735340356,0.0340646430850029,2.7067341804504395,1235.2669677734375,0.2243057489395141,30.105003356933594,1.1169949769973757,31,0.0471833385527133,False,10.40414333343506,10.39364242553711,10.139229774475098,1298043.7625704918,950517.45251041,697374.7541691505,2376.429443359375,546.2160034179688,4626.15673828125,205.4658966064453,3124.2509765625,223.2134246826172,1.2695198059082031,0,0.2544126510620117,-0.0105009078979492,0.2649135589599609,,,,,,,,,,,,,,,,,,,,,,,,82.708743,-69.524811,HD 269661,82.7086713972,-69.5248331729,0.0,0.0,90.0,sg*,61.0,05 30 50.08114,-69 31 29.3994,A,2020yCat.1350....0G,Supergiant,*|**|EmO|MIR|NIR|sg*|V*,266.698,0.114,0.00089,4e-07,A0Ia0e:,,0.0147,0.0231,1.819,0.329,0.024,0.034,90.0,0.0117,0.0,52.0,10.47,10.34,10.16,10.007,9.882,9.779,,,,,,0.120424,0.0
80.343293,-69.452255,05212239-6927081,10.35443108504399,0.023,10.369,0.027,10.301454545454543,0.026,AAA,222,111,000,0,0,10.435,10.336,4658176157540288768,80.34334727586656,-69.45224077172216,0.0063221603357821,1.826280116797777,0.3681557120693582,1.8630183935165403,0.0157673954963684,0.0142029430717229,0.0145943658426404,0.4331918358802795,0.0190141163766384,0.0208529084920883,-7.177340507507324,573.6206665039062,0.113393448293209,8.926560401916504,0.7229828834533691,31,0.0293661169707775,False,10.674631118774414,10.726758003234863,10.543106079101562,1011798.7585770031,699380.9360598931,480746.2020767466,1126.4014892578125,898.2576293945312,2329.702392578125,300.20184326171875,1529.5526123046875,314.30511474609375,1.1663655042648315,0,0.1836519241333007,0.0521268844604492,0.1315250396728515,,,,,,,,,,,,,,,,,,,,,,,,80.343293,-69.452255,HD 269414,80.3433241503,-69.452242408,0.0,0.0,90.0,sg*,22.0,05 21 22.39780,-69 27 08.0727,A,2020yCat.1350....0G,Supergiant,*|MIR|NIR|sg*,276.876,0.127,0.000924,4e-07,A1Ia,,0.0063,0.0146,1.826,0.368,0.019,0.021,90.0,,,,10.8,10.71,10.84,10.435,10.369,10.336,,,,,,0.060035,0.0
81.621463,-69.450912,05262915-6927032,9.51543108504399,0.023,9.474,0.023,9.362454545454543,0.019,AAA,222,111,000,0,0,9.596,9.397,4658069878525532288,81.6214410075312,-69.45092178275442,0.0104051893121676,1.6407081806019463,0.4676007617008044,1.706040382385254,0.0162973571568727,0.0175759959965944,0.0169598944485187,0.6135173439979553,0.0191545337438583,0.0230471398681402,2.656320095062256,1037.7342529296875,0.1603720784187317,20.02947235107422,1.1028674840927124,31,0.033046368509531,True,9.948314666748049,10.14155101776123,9.61518383026123,1975244.9812681512,1198936.904865832,1130016.501336095,4453.68408203125,443.5081176757813,6217.4208984375,192.8350830078125,9952.1796875,113.54462432861328,1.1790707111358645,0,0.5263671875,0.1932363510131836,0.3331308364868164,,,,,,,,,,,,,,,,,,,,,,,,81.621463,-69.450912,HD 269542,81.6214202331,-69.450923861,0.0,0.0,90.0,*,36.0,05 26 29.14086,-69 27 03.3259,A,2020yCat.1350....0G,Star,*|MIR|NIR,275.454,0.026,0.0009192,1e-07,G0I:,,0.0104,0.017,1.641,0.468,0.019,0.023,90.0,,,,10.32,9.9,,9.596,9.474,9.397,,,,,,0.068875,0.0
82.55616,-69.437645,05301347-6926155,11.98943108504399,0.026,11.695,0.028,11.551454545454543,0.027,AAA,222,111,000,0,0,12.07,11.586,4658044869001119104,82.5561398485831,-69.43763863633964,0.0030554732337427,1.6317656263293776,0.4335393710776716,1.688376545906067,0.0125810774043202,0.0155589384958148,0.0139005277305841,0.2198098748922348,0.0150391208007931,0.0212664194405078,2.3977251052856445,353.2131652832031,0.0,0.0,1.09983491897583,31,0.0298467855900526,False,13.70078182220459,14.200535774230955,13.033939361572266,62320.95027721169,28523.496070219186,48482.19885340433,1048.6256103515625,59.43107604980469,1826.6719970703125,15.615007400512695,1805.799560546875,26.848051071166992,1.235630989074707,0,1.1665964126586914,0.4997539520263672,0.6668424606323242,,,,,,,,,,,,,,,,,,,,,,,,82.55616,-69.437645,SV* HV   984,82.5561192001,-69.4376405632,0.0,0.0,90.0,cC*,23.0,05 30 13.46861,-69 26 15.5060,A,2020yCat.1350....0G,ClassicalCep,*|cC*|Ce*|MIR|NIR|V*|V*?,294.282,0.086,0.0009821,3e-07,,,0.0031,0.0139,1.632,0.434,0.015,0.021,90.0,,,,14.8,13.849,13.31,12.07,11.695,11.586,,,,,,0.054004,0.0
82.58725,-69.457428,05302094-6927267,11.63043108504399,0.024,11.17,0.024,10.970454545454546,0.023,AAA,222,111,000,0,0,11.711,11.005,4658044005640924544,82.58723945231081,-69.45742863769196,0.0116401625954127,1.624894627458248,0.5064794405083335,1.7020000219345093,0.0115846302360296,0.0146187730133533,0.0125495316460728,0.9275376200675964,0.0137739116325974,0.0209663324058055,-3.2397964000701904,223.52926635742188,0.0,1.1801472884868937e-15,0.8674411773681641,31,0.0297325272113084,False,13.242573738098145,13.778240203857422,12.547627449035645,95042.40923821607,42084.37255868757,75876.46858036738,39.38487243652344,2413.17041015625,52.1638298034668,806.7730712890625,92.53434753417967,819.981689453125,1.2411390542984009,0,1.2306127548217771,0.5356664657592773,0.6949462890625,,,,,,,,,,,,,,,,,,,,,,,,,,,,,,,,,,,,,,,,,,,,,,,,,,,,,,,,,,,,,,,,,,,,
84.182111,-69.496521,05364370-6929474,9.545431085043989,0.026,9.511,0.027,9.190454545454545,0.023,AAA,222,111,000,0,0,9.626,9.225,4657655435693883776,84.18207925527597,-69.4965118815195,0.000817817286058,1.7664679633407794,0.5234858422506152,1.8424023389816284,0.0135190729051828,0.014342232607305,0.0146437287330627,0.0558476112782955,0.0173428133130073,0.0184267573058605,-5.478351593017578,886.916015625,0.1274439394474029,13.719687461853027,0.8018205761909485,31,0.0273563880473375,False,10.704598426818848,10.73392105102539,10.499150276184082,984253.997581166,694782.0860389605,500608.2568438712,9140.162109375,107.6845245361328,19506.9921875,35.61708068847656,15047.8583984375,33.26774215698242,1.214514136314392,0,0.2347707748413086,0.0293226242065429,0.2054481506347656,,,,,,,,,,,,,,,,,,,,,,,,84.182111,-69.496521,HD 269858,84.1820568409,-69.4965142081,0.0,0.0,90.0,s*b,295.0,05 36 43.69364,-69 29 47.4511,A,2020yCat.1350....0G,BlueSG,*|**|Em*|EmO|IR|MIR|NIR|s*b|V*|WR*|Y*?,-732.164,0.829,-0.0024393,2.8e-06,LBV,,0.0008,0.0146,1.766,0.523,0.017,0.018,90.0,,,,10.24,10.15,9.95,9.626,9.511,9.225,,10.25,10.05,10.25,,0.072537,0.0
84.600885,-69.487045,05382421-6929133,11.618431085043987,0.024,11.378,0.025,10.972454545454545,0.024,AAA,222,111,000,0,0,11.699,11.007,4657644470597076864,84.60086242218324,-69.4870602714916,0.0061488915264235,1.8511452451753192,0.5331887734693119,1.9264031648635864,0.0165713969618082,0.01575911603868,0.0169179029762744,0.3634547293186188,0.0200768783688545,0.0197617951780557,4.203381061553955,736.6405029296875,0.140947937965393,14.777533531188965,1.1706658601760864,31,0.0307977199554443,False,12.851019859313965,13.063780784606934,12.443048477172852,136313.5193383513,81265.22391256812,83548.53700315744,431.7512512207031,315.72235107421875,801.020751953125,101.45207977294922,666.7767944335938,125.30210876464844,1.209078669548035,0,0.620732307434082,0.2127609252929687,0.4079713821411133,12.673,13.314,13.036,12.427,0.01,0.01,0.01,0.508,84.600885,-69.487045,84.6008636,-69.4870664,13.154,0.1,12.886,0.05,13.033,0.16,12.765,0.08,12.759,0.12,0.5229316443803531,84.600885,-69.487045,LHA 120-S 131,84.6008389437,-69.4870626412,0.0,0.0,90.0,WR*,27.0,05 38 24.20135,-69 29 13.4255,A,2020yCat.1350....0G,WolfRayet*,*|Be*|Em*|EmO|MIR|NIR|V*|WR*,945.341,5.436,0.0031583,1.81e-05,WN11,,0.0061,0.0169,1.851,0.533,0.02,0.02,90.0,,,,13.15,12.89,12.91,11.699,11.378,11.007,,13.03,12.77,12.76,,0.086075,0.0
84.742052,-69.488762,05385809-6929195,12.350431085043988,0.055,12.369,0.053,12.188454545454546,0.048,AAA,222,111,ccc,0,0,12.431,12.223,4657650041187538688,84.74209172622831,-69.48876334380033,-0.0324549161159777,1.848031627929665,0.6559124337869698,1.9609798192977903,0.0242402385920286,0.0234021935611963,0.0243551451712846,-1.332569241523743,0.0277022831141948,0.0309043396264314,-5.183404445648193,1777.673583984375,0.2594782412052154,54.095176696777344,0.7985446453094482,31,0.0434513948857784,False,12.5949068069458,12.529854774475098,12.539259910583496,172577.49778990095,132884.68121488683,76463.5126138615,153.62351989746094,1123.37939453125,335.5030822753906,396.0758972167969,172.0054168701172,444.5413208007813,1.2130677700042725,0,-0.0094051361083984,-0.0650520324707031,0.0556468963623046,,,,,,,,,,,,,,,,,,,,,,,,84.742052,-69.488762,W61  3-8,84.7420682854,-69.488766259,0.0,0.0,90.0,WR*,60.0,05 38 58.09639,-69 29 19.5585,A,2020yCat.1350....0G,WolfRayet*,*|**|MIR|NIR|WR*,835.122,,0.0027896,,WN9h,,0.0214,0.0349,1.848,0.656,0.028,0.031,90.0,,,,,,12.51,12.431,12.369,12.223,,,,,,0.025633,0.0
84.71284,-69.498001,05385108-6929528,9.794431085043987,0.023,9.761,0.024,9.608454545454546,0.023,AAA,222,111,000,0,0,9.875,9.643,4657650002514954752,84.71287792356463,-69.49802366355419,0.022792581763603,1.7769070012157413,0.6331819919976228,1.886350393295288,0.0145393572747707,0.014656925573945,0.0148050403222441,1.5395150184631348,0.0176291186362504,0.0194331910461187,-1.8037052154541016,943.3643798828124,0.131846010684967,15.843239784240724,0.9292017817497252,31,0.0276984218508005,False,10.362791061401367,10.46750545501709,10.137907028198242,1348435.7816839716,888003.5071636466,698225.2888482056,2802.063720703125,481.2295227050781,6084.93505859375,145.93475341796875,4035.07275390625,173.03907775878906,1.176347255706787,0,0.3295984268188476,0.1047143936157226,0.224884033203125,,,,,,,,,,,,,,,,,,,,,,,,84.71284,-69.498001,HD 269923,84.7128553751,-69.4980264777,0.0,0.0,90.0,*,37.0,05 38 51.08529,-69 29 52.8953,A,2020yCat.1350....0G,Star,*|IR|MIR|NIR,,,,,OB,,0.0228,0.0148,1.777,0.633,0.018,0.019,90.0,,,,10.5,10.3,,9.875,9.761,9.643,,,,,,0.093746,0.0
84.018773,-69.402321,05360450-6924083,9.920431085043989,0.024,9.925,0.025,9.828454545454544,0.021,AAA,222,111,000,0,0,10.001,9.863,4657658184472593152,84.01881357568325,-69.40230839457773,0.0134092465538113,1.73841287382075,0.5692038911874343,1.8292272090911863,0.0152635928243398,0.016857985407114,0.0154064483940601,0.8703658580780029,0.0188553109765052,0.0200662240386009,-4.944141864776611,797.2557373046875,0.1294527202844619,12.852435111999512,0.8065552115440369,31,0.0293925125151872,True,10.288657188415527,10.340398788452148,10.145147323608398,1443722.451059157,998291.519780514,693584.4362613141,1746.08447265625,826.834228515625,3260.0224609375,306.2222900390625,2429.42529296875,285.49322509765625,1.171884536743164,0,0.19525146484375,0.051741600036621,0.1435098648071289,,,,,,,,,,,,,,,,,,,,,,,,84.018773,-69.402321,HD 269832,84.0187916138,-69.4023109244,0.0,0.0,90.0,s*b,40.0,05 36 04.50999,-69 24 08.3193,A,2020yCat.1350....0G,BlueSG,*|MIR|NIR|s*b|sg*,261.895,0.099,0.000874,3e-07,B9Ia,,0.0134,0.0154,1.738,0.569,0.019,0.02,90.0,,,,10.45,10.36,,10.001,9.925,9.863,,,,,,0.04326,0.0
84.111621,-69.397614,05362678-6923514,8.401431085043988,0.023,8.039,0.027,7.776454545454546,0.017,AAA,111,111,000,0,0,8.482,7.811,4657658321911656192,84.11156930077428,-69.39756378499727,0.0066860439848997,1.7659776914346363,0.5526506279424196,1.8504323959350584,0.0117971235886216,0.0127053707838058,0.0121818147599697,0.5488545298576355,0.0140090072527527,0.0154131837189197,-2.5551211833953857,399.2259216308594,0.0522779338061809,2.094250440597534,0.8920796513557434,31,0.0225371047854423,False,10.43096160888672,11.23673152923584,9.576135635375977,1266374.0344720816,437244.34408652416,1171396.6045592749,9338.3740234375,135.6096954345703,10665.857421875,40.99476623535156,22048.005859375,53.12936782836914,1.270273208618164,0,1.6605958938598633,0.8057699203491211,0.8548259735107422,13.213,12.654,11.036,,0.01,,,,84.111621,-69.397614,84.1115439,-69.3975792,11.933,0.01,10.707,0.01,11.32,0.01,,,9.819,0.01,0.941987145535922,84.111621,-69.397614,[MG73]  59,84.1115469956,-69.3975662412,0.0,0.0,90.0,s*y,16.0,05 36 26.77128,-69 23 51.2385,A,2020yCat.1350....0G,YellowSG,*|LP*|LP?|MIR|NIR|s*y|V*,277.1,0.3,0.0009247,1e-06,G1Ia,,0.0067,0.0122,1.766,0.553,0.014,0.015,90.0,,,,12.2,10.68,10.17,8.482,8.039,7.811,,,,,,0.195829,0.0
84.350933,-69.432236,05372422-6925560,11.619431085043988,0.027,11.594,0.024,11.580454545454543,0.023,AAA,222,111,000,0,0,11.7,11.615,4657657286779484800,84.35091767892487,-69.4322564795049,-0.0469983468592907,1.8645389515975572,0.5054386031466255,1.93183171749115,0.0144231906160712,0.0140995532274246,0.0145125798881053,-3.2384557723999023,0.0179727002978324,0.0181998126208782,-0.972782015800476,1039.89306640625,0.132106065750122,15.757509231567385,0.9627878665924072,31,0.0265976209193468,False,12.031719207763672,12.102070808410645,11.865152359008787,289907.16268926923,197055.56509620996,142264.7750817388,192.0552520751953,1509.498779296875,406.0535583496094,485.2945251464844,252.0132598876953,564.5130615234375,1.1704448461532593,0,0.2369184494018554,0.0703516006469726,0.1665668487548828,,,,,,,,,,,,,,,,,,,,,,,,84.350933,-69.432236,CPD-69   437,84.3508940908,-69.4322587259,0.0,0.0,90.0,*,12.0,05 37 24.21458,-69 25 56.1314,A,2020yCat.1350....0G,Star,*|MIR|NIR,261.2,,0.0008716,,B3:I,,,,1.865,0.505,0.018,0.018,90.0,,,,12.21,12.09,,11.7,11.594,11.615,,,,,,0.095473,0.0
82.594033,-69.327492,05302256-6919389,10.164431085043988,0.022,10.243,0.025,10.088454545454544,0.025,AAA,222,111,000,0,0,10.245,10.123,4658051878390176256,82.59401124764238,-69.32747978213585,-0.0148221313428202,1.7423660070386822,0.4451159934976241,1.7983235120773315,0.0155295692384243,0.0178435835987329,0.0173125639557838,-0.8561488389968872,0.0197179690003395,0.0239984784275293,-3.973145008087158,911.257568359375,0.1534342467784881,17.120346069335938,0.8461478352546692,31,0.033453345298767,False,10.633365631103516,10.678424835205078,10.507817268371582,1050995.0094980896,731218.0362739792,496628.0306212576,2665.390625,394.3117980957031,6244.6630859375,117.0948715209961,3406.756591796875,145.77737426757812,1.1682701110839844,0,0.1706075668334961,0.0450592041015625,0.1255483627319336,,,,,,,,,,,,,,,,,,,,,,,,82.594033,-69.327492,HD 269649,82.593989312,-69.3274817604,0.0,0.0,90.0,Em*,17.0,05 30 22.55743,-69 19 38.9343,A,2020yCat.1350....0G,EmLine*,*|Em*|EmO|MIR|NIR|V*,289.871,0.207,0.0009674,7e-07,B2.5:,,,,1.742,0.445,0.02,0.024,90.0,,,,10.78,10.69,10.61,10.245,10.243,10.123,,,,10.79,,0.066645,0.0
84.962987,-69.277687,05395111-6916396,12.72343108504399,0.032,12.735,0.038,12.663454545454544,0.039,AAA,222,111,000,0,0,12.804,12.698,4657673882533106560,84.96303281480564,-69.2776806811605,-0.0073143930622374,1.8995116539371624,0.8057031286397378,2.0633230209350586,0.0210073255002498,0.0219423323869705,0.0223459992557764,-0.3273245096206665,0.0283221304416656,0.031497199088335,1.3619369268417358,1581.2222900390625,0.231001615524292,43.02471923828125,1.05301034450531,31,0.0456393249332904,False,12.781172752380373,12.782719612121582,12.743969917297363,145370.92303937708,105275.94475417332,63324.26618738925,93.48168182373048,1555.0738525390625,183.11297607421875,574.9234619140625,109.69794464111328,577.26025390625,1.159793257713318,0,0.0387496948242187,0.0015468597412109,0.0372028350830078,,,,,,,,,,,,,,,,,,,,,,,,84.962987,-69.277687,BI 262,84.9630089557,-69.2776842621,0.0,0.0,90.0,*,2.0,05 39 51.12215,-69 16 39.6633,A,2020yCat.1350....0G,Star,*|MIR|NIR,,,,,B1.5,,,,1.9,0.806,0.028,0.031,90.0,,,,12.78,12.73,,12.804,12.735,12.698,,,,,,0.029654,0.0
81.396657,-69.226074,05253519-6913338,11.62643108504399,0.035,11.603,0.05,11.511454545454544,0.035,AAA,222,111,000,0,0,11.707,11.546,4658100256915432448,81.39671675574051,-69.22607317327535,-0.0199526049982097,1.7335308110840508,0.450451963247311,1.7910990715026855,0.0122971758246421,0.0118155721575021,0.0120673906058073,-1.6534316539764404,0.0154028506949543,0.0154708214104175,-5.868412971496582,482.170654296875,0.0746233388781547,4.331045150756836,0.7759501934051514,31,0.0221566539257764,False,12.215649604797363,12.308176040649414,12.013456344604492,244729.92865405927,162984.56464858656,124101.14391456226,116.65682983398438,2097.862060546875,211.22036743164065,771.6328125,137.66110229492188,901.49755859375,1.1730715036392212,0,0.2947196960449219,0.0925264358520507,0.2021932601928711,,,,,,,,,,,,,,,,,,,,,,,,81.396657,-69.226074,HD 269518,81.3966950332,-69.2260751753,0.0,0.0,90.0,*,21.0,05 25 35.20681,-69 13 33.8706,A,2020yCat.1350....0G,Star,*|MIR|NIR,293.511,0.189,0.0009795,6e-07,F2I,,0.0049,0.0258,1.734,0.45,0.015,0.015,90.0,,,,12.36,12.14,,11.707,11.603,11.546,,,,,,0.048747,0.0
82.116361,-69.215927,05282792-6912573,8.89343108504399,0.026,8.666,0.063,8.349454545454545,0.029,AAA,211,111,000,0,0,8.974,8.384,4658056168985153152,82.11635551867201,-69.21594608521904,0.011338279968422,1.7328917677265854,0.4750668228933074,1.7968312501907349,0.0106357242912054,0.0113196810707449,0.0115861967206001,0.978602409362793,0.0138866221532225,0.0150930620729923,-2.8537209033966064,397.9333801269531,0.0,0.0,0.8847227692604065,31,0.0217383038252592,False,10.61196231842041,11.29204559326172,9.84310817718506,1071918.1914469055,415526.4663633895,916040.8211122795,5770.3525390625,185.76303100585935,7417.4287109375,56.02028274536133,13877.7685546875,66.0077896118164,1.2422285079956057,0,1.4489374160766602,0.6800832748413086,0.7688541412353516,14.093,12.594,10.986,,0.01,,,,82.116361,-69.215927,82.1163268,-69.2159556,12.546,0.01,10.887,0.01,11.626,0.01,10.436,0.01,10.24,0.01,0.4530778362633355,82.116361,-69.215927,SK -69  148,82.1163338143,-69.2159481966,0.0,0.0,90.0,s*y,26.0,05 28 27.92012,-69 12 57.4135,A,2020yCat.1350....0G,YellowSG,*|LP*|LP?|MIR|NIR|s?r|s*y|V*,272.1,0.3,0.000908,1e-06,G2Ia,,0.0113,0.0116,1.733,0.475,0.014,0.015,90.0,,,,12.54,10.93,10.23,8.974,8.666,8.384,,,,,,0.083839,0.0
83.923707,-69.198441,05354168-6911543,11.76743108504399,0.089,11.526,0.104,11.167454545454545,0.092,AAA,222,222,ccc,0,0,11.848,11.202,4657670107280903936,83.92368681473667,-69.19844182065742,-0.0055503373871279,1.6764282467297336,0.5707776107239054,1.770931601524353,0.0138303199782967,0.0144421821460127,0.0130220586434006,-0.4262257814407348,0.0201720278710126,0.0172327198088169,-2.279489755630493,217.04754638671875,0.0,0.0,0.9012367725372314,31,0.0288043804466724,False,13.35726547241211,13.669644355773926,12.768462181091309,85514.66514923757,46511.358946007655,61911.77521665457,87.49369049072266,977.3809204101562,138.59622192382812,335.58892822265625,193.91790771484375,319.2679748535156,1.267889380455017,0,0.9011821746826172,0.3123788833618164,0.5888032913208008,,,,,,,,,,,,,,,,,,,,,,,,83.923707,-69.198441,[ST92] 2-8,83.9236658344,-69.1984443574,0.0,0.0,90.0,s*b,5.0,05 35 41.67980,-69 11 54.3997,A,2020yCat.1350....0G,BlueSG,*|s*b,,,,,B0Ia,,,,1.676,0.571,0.02,0.017,90.0,,,,15.09,13.5,,,,,,,,,,0.053999,0.0
83.99922,-69.189514,05355981-6911222,12.09443108504399,0.021,11.983,0.03,11.705454545454543,0.027,AAA,222,111,000,0,0,12.175,11.74,4657669969864318208,83.99925798422049,-69.18950226446216,-0.0251512372048711,1.6761729052958547,0.5911643449297491,1.777366280555725,0.0130416564643383,0.0123627642169594,0.0116383293643593,-2.161069393157959,0.0171814784407615,0.0151251312345266,-2.93523907661438,235.1476287841797,0.0,0.0,0.8797342777252197,31,0.0249608699232339,False,13.195093154907228,13.431354522705078,12.770408630371094,99290.90001795438,57926.19761553866,61800.89940609896,57.30503845214844,1732.673095703125,112.58464813232422,514.5123901367188,94.93035125732422,651.0130615234375,1.2058213949203491,0,0.6609458923339844,0.2362613677978515,0.4246845245361328,13.143,13.784,13.486,12.06,0.01,0.01,0.01,0.129,83.99922,-69.189514,83.9992462,-69.1895214,13.733,0.02,13.383,0.03,13.5,0.03,13.249,0.03,13.117,0.03,0.6337070372720763,83.99922,-69.189514,Brey  57,83.9992370157,-69.1895048919,0.0,0.0,90.0,WR*,38.0,05 35 59.81688,-69 11 22.2176,A,2020yCat.1350....0G,WolfRayet*,*|MIR|NIR|WR*,,,,,WN7ha+OB,,,,1.676,0.591,0.017,0.015,90.0,,,,13.784,13.486,,12.175,11.983,11.74,,,,,,0.039354,0.0
84.229869,-69.193794,05365516-6911376,11.20443108504399,0.03,11.206,0.033,11.073454545454544,0.035,EEE,222,111,000,0,0,11.285,11.108,4657667216778066560,84.22996738813954,-69.19377000924956,0.0359981136157194,1.8784420271082685,0.6608321582402106,1.991291880607605,0.0179840885102748,0.0182024464011192,0.0178446099162101,2.01731014251709,0.0238530281931161,0.0227781906723976,0.5626747608184814,1000.1329956054688,0.1675871163606643,24.43397331237793,1.0221874713897705,31,0.0331538841128349,False,11.842646598815918,11.914766311645508,11.60861873626709,345054.91823415575,234158.82658689344,180181.6896918628,299.62445068359375,1151.624755859375,644.345703125,363.4055786132813,504.4325256347656,357.1968078613281,1.2007958889007568,0,0.3061475753784179,0.0721197128295898,0.2340278625488281,,,,,,,,,,,,,,,,,,,,,,,,84.229869,-69.193794,HD  38029,84.229869,-69.193794,0.07,0.07,45.0,**,64.0,05 36 55.16856,-69 11 37.6584,C,2003yCat.2246....0C,**,*|**|Em*|MIR|NIR|WR*,265.2,2.1,0.000885,7e-06,,,,,,,,,,,,,,,11.91,11.285,11.206,11.108,,,,,,0.0,0.0
84.908046,-69.196167,05393793-6911462,10.78443108504399,0.024,10.279,0.04,10.025454545454544,0.057,AAA,222,111,0d0,0,0,10.865,10.06,4657676154618590720,84.90804362682456,-69.19619080091235,0.0519761149301894,1.736684045262724,0.6764192124231082,1.863763451576233,0.0262941680848598,0.0265510808676481,0.0272692181169986,1.906036138534546,0.0338728129863739,0.0357522070407867,24.14850616455078,2001.0975341796875,0.2715013325214386,53.88771438598633,2.1559088230133057,31,0.0542031154036521,False,12.495585441589355,12.90626621246338,11.871414184570312,189109.15005985985,93952.94319703754,141446.65673396175,131.99032592773438,1432.7501220703125,254.1036376953125,369.74261474609375,305.1090393066406,463.5937805175781,1.2447816133499146,0,1.0348520278930664,0.4106807708740234,0.624171257019043,,,,,,,,,,,,,,,,,,,,,,,,84.908046,-69.196167,VFTS 820,84.9080218947,-69.1961938072,0.0,0.0,90.0,*,3.0,05 39 37.92525,-69 11 46.2977,A,2020yCat.1350....0G,Star,*|IR|NIR,,,,,,,0.052,0.0273,1.737,0.676,0.034,0.036,90.0,,,,13.28,12.73,,10.865,10.279,10.06,,,,,,0.101308,0.0
82.126885,-69.136475,05283045-6908113,11.461431085043989,0.027,11.454,0.028,11.359454545454543,0.029,AAA,222,111,000,0,0,11.542,11.394,4658058230569452928,82.12686929336023,-69.13648372139318,-0.109459568405446,1.8163244597408712,0.6391053584243909,1.9254844188690183,0.0206664856523275,0.0199837628751993,0.0212383829057216,-5.15385627746582,0.0278182718902826,0.0281853396445512,-1.194227933883667,972.3959350585938,0.1850635707378387,24.394575119018555,0.9469336867332458,31,0.0402624532580375,False,11.761682510375977,11.80445671081543,11.625350952148438,371769.5093320764,259199.51999369552,177426.25767115387,1144.83984375,324.7349548339844,2245.181640625,115.44701385498048,1558.6304931640625,113.834716796875,1.1744529008865356,0,0.1791057586669922,0.0427742004394531,0.136331558227539,,,,,,,,,,,,,,,,,,,,,,,,82.126885,-69.136475,SK -69  149,82.1268466268,-69.1364865619,0.0,0.0,90.0,*,7.0,05 28 30.44319,-69 08 11.3516,A,2020yCat.1350....0G,Star,*|NIR,277.659,0.232,0.0009266,8e-07,B6I,,,,1.816,0.639,0.028,0.028,90.0,,,,11.85,11.77,,11.542,11.454,11.394,,,,,,0.064444,0.0
82.635222,-69.153328,05303245-6909119,10.18843108504399,0.022,10.171,0.025,10.038454545454544,0.025,AAA,222,111,000,0,0,10.269,10.073,4658429698027802624,82.63516106438995,-69.15330086067814,-0.0204680347864087,1.700426884161692,0.5019325834653934,1.772960186004639,0.0135068548843264,0.0158514641225337,0.0153550971299409,-1.3329797983169556,0.0187320280820131,0.0206353291869163,-4.083789825439453,511.5209045410156,0.0879048481583595,5.301990509033203,0.827731192111969,31,0.0294360928237438,False,10.74156379699707,10.867986679077148,10.507859230041504,951308.581123514,614076.2731740292,496608.7621429436,2320.66552734375,409.92919921875,5086.7919921875,120.7197494506836,3283.169921875,151.25892639160156,1.1675338745117188,0,0.3601274490356445,0.1264228820800781,0.2337045669555664,,,,,,,,,,,,,,,,,,,,,,,,82.635222,-69.153328,HD 269651,82.6351398278,-69.1533030915,0.0,0.0,90.0,*,31.0,05 30 32.43356,-69 09 11.8911,A,2020yCat.1350....0G,Star,*|MIR|NIR,265.534,0.071,0.0008861,2e-07,F0I,,0.09,0.29,1.7,0.502,0.019,0.021,90.0,,,,10.92,10.73,,10.269,10.171,10.073,,,,,,0.138287,0.0
84.071263,-69.184341,05361710-6911036,11.60143108504399,0.023,11.648,0.029,11.565454545454545,0.029,AAA,222,111,000,0,0,11.682,11.6,4657667427243720576,84.07124000012952,-69.18435222188423,-0.0308658144938948,1.7824839658258578,0.6573377321652792,1.8998268842697144,0.0178429018706083,0.0174812767654657,0.0170027501881122,-1.8153424263000488,0.0238354727625846,0.0214831586927175,-1.5588264465332031,1091.9407958984375,0.1683207601308822,24.850040435791016,0.9368990063667296,31,0.0331253856420517,False,11.9204683303833,11.965256690979004,11.792500495910645,321188.04431537754,223518.97164465897,152110.06660827863,318.4504089355469,1008.5967407226562,599.3209838867188,372.95367431640625,452.31884765625,336.2894592285156,1.1694988012313845,0,0.1727561950683593,0.0447883605957031,0.1279678344726562,,,,,,,,,,,,,,,,,,,,,,,,84.071263,-69.184341,CPD-69   416,84.071217707,-69.1843551434,0.0,0.0,90.0,s*b,34.0,05 36 17.09225,-69 11 03.6785,A,2020yCat.1350....0G,BlueSG,*|MIR|NIR|s*b,266.1,,0.000888,,BC1Ia,,,,1.782,0.657,0.024,0.021,90.0,,,,12.15,12.16,,11.682,11.648,11.6,,,,,,0.077136,0.0
84.179477,-69.148239,05364307-6908536,10.35743108504399,0.023,10.203,0.026,10.080454545454543,0.023,AAA,222,111,000,0,0,10.438,10.115,4657690890613081344,84.17949761295192,-69.14824404268599,-0.0312125752378601,1.7970424212759482,0.5668395743873734,1.8843218088150024,0.0134650040417909,0.0125255109742283,0.0122963609173893,-2.5383589267730713,0.0185435898602008,0.0155995143577456,-8.588347434997559,505.4546203613281,0.07486492395401,4.952805519104004,0.6655800938606262,31,0.0268717259168624,False,11.423562049865724,11.680472373962402,10.980348587036133,507600.3902656023,290554.81275497825,321379.8239626053,310.5045471191406,1634.7598876953125,595.3010864257812,488.0804443359375,670.8925170898438,479.03326416015625,1.205544114112854,0,0.7001237869262695,0.2569103240966797,0.4432134628295898,,,,,,,,,,,,,,,,,,,,,,,,84.179477,-69.148239,HD 269860,84.1794751749,-69.148246562,0.0,0.0,90.0,sg*,28.0,05 36 43.07404,-69 08 53.6876,A,2020yCat.1350....0G,Supergiant,*|MIR|NIR|sg*,295.112,0.089,0.0009849,3e-07,A3Ia,,0.07,0.27,1.797,0.567,0.019,0.016,90.0,,,,12.09,11.69,,10.438,10.203,10.115,,,,,,0.027323,0.0
84.29194,-69.145271,05371006-6908429,12.57243108504399,0.021,12.467,0.023,12.436454545454543,0.03,AAA,222,111,000,0,0,12.653,12.471,4657690478296337024,84.29196669076632,-69.1452722244562,-0.0232721714521015,1.6010219173941092,0.6130777322922069,1.714390754699707,0.0122209042310714,0.0118164103478193,0.0122452024370431,-1.9005135297775269,0.0161620154976844,0.0152683341875672,-3.056565284729004,260.193115234375,0.0,1.1564629767322424e-15,0.8771880865097046,31,0.0227099191397428,False,13.326696395874023,13.467045783996582,13.030268669128418,87956.5616320236,56052.94841676187,48646.403113428234,84.6447525024414,1039.1259765625,153.47816467285156,365.2177429199219,118.6486358642578,410.00390625,1.1903529167175293,0,0.436777114868164,0.1403493881225586,0.2964277267456054,13.243,13.644,13.416,,0.01,0.01,0.01,,84.29194,-69.145271,84.2919509,-69.1452812,13.608,0.06,13.373,0.06,13.443,0.01,13.339,0.05,,,0.6284946873079722,84.29194,-69.145271,2MASS J05371006-6908429,84.291946703,-69.1452749492,0.0,0.0,90.0,s*b,2.0,05 37 10.06721,-69 08 42.9898,A,2020yCat.1350....0G,BlueSG,*|IR|NIR|s*b,,,,,B7I,,,,1.601,0.613,0.016,0.015,90.0,,,,13.64,13.42,,12.653,12.467,12.471,,,,,,0.016611,0.0
84.715095,-69.13533,05385162-6908071,10.417431085043988,0.023,10.254,0.024,10.018454545454546,0.026,AAA,222,111,000,2,0,10.498,10.053,4657679551902223616,84.71508924450855,-69.1353625091891,-0.0350159399602305,1.768428754768445,0.6045649728431549,1.8689138889312744,0.0136555796489119,0.0130224945023655,0.0138676986098289,-2.5250000953674316,0.0187968239188194,0.0184908714145421,-7.136691570281982,528.8670654296875,0.094254694879055,8.04035472869873,0.7065419554710388,31,0.026484441012144,False,11.375639915466309,11.674174308776855,10.861214637756348,530506.6408716864,292245.04509400023,358651.2041203294,1982.304931640625,267.62109375,3091.0390625,94.54589080810548,4418.763671875,81.16551208496094,1.226933240890503,0,0.8129596710205078,0.2985343933105469,0.5144252777099609,12.099,10.69,11.512,,0.027,0.128,0.207,,84.715095,-69.13533,84.7150865,-69.1353759,12.063,0.1,11.521,0.06,11.75,0.09,11.358,0.06,11.212,0.12,0.2168545580135211,84.715095,-69.13533,CPD-69   463,84.7150671768,-69.1353651961,0.0,0.0,90.0,s*y,97.0,05 38 51.61612,-69 08 07.3147,A,2020yCat.1350....0G,YellowSG,*|IR|MIR|NIR|s*y|Y*?,293.2,7.66,0.0009785,2.56e-05,F7Ia,,,,1.768,0.605,0.019,0.018,90.0,,,,12.45,12.014,,10.498,10.254,10.053,,,,,,0.131632,0.0
82.074104,-69.071808,05281778-6904185,10.47643108504399,0.022,10.406,0.022,10.197454545454544,0.019,AAA,222,111,000,0,0,10.557,10.232,4658105788836255360,82.07406871792074,-69.07181750768528,-0.0468395259156433,1.6837189663376717,0.5363051077131884,1.7670689821243286,0.0137868486344814,0.0140433013439178,0.0152962282299995,-3.062161922454834,0.0195680242031812,0.0202199630439281,-8.912357330322266,384.0446166992187,0.081981636583805,4.702427864074707,0.6217226982116699,31,0.0303643681108951,False,11.270330429077148,11.444987297058104,10.939570426940918,584540.2509007163,360929.0934366121,333679.79176469974,830.8500366210938,703.5448608398438,1748.92529296875,206.37193298339844,1312.3653564453125,254.25830078125,1.188299536705017,0,0.5054168701171875,0.174656867980957,0.3307600021362304,,,,,,,,,,,,,,,,,,,,,,,,82.074104,-69.071808,SK -69  145,82.0740477682,-69.0718198913,0.0,0.0,90.0,V*,14.0,05 28 17.77146,-69 04 18.5516,A,2020yCat.1350....0G,Variable*,*|MIR|NIR|V*,250.9,,0.0008373,,F0I,,0.0665,0.0435,1.684,0.536,0.02,0.02,90.0,,,,11.66,11.37,,10.557,10.406,10.232,,,,,,0.084031,0.0
82.471529,-69.122398,05295316-6907206,11.984431085043989,0.027,12.008,0.025,11.877454545454546,0.023,AAA,222,111,000,0,0,12.065,11.912,4658432893483411968,82.47150844390079,-69.12240501313292,-0.0628467046294315,1.6959394570906683,0.4641473362477011,1.7583069801330566,0.0189011506736278,0.0201924350112676,0.0206778142601251,-3.039330244064331,0.0244000572711229,0.0265468824654817,-5.296092510223389,933.640869140625,0.1824732571840286,24.765148162841797,0.784777820110321,31,0.0376071073114872,False,12.029812812805176,12.032575607299805,11.939324378967283,290416.6602586626,210080.9885141992,132870.42325775235,1247.2298583984375,232.8493499755859,2555.36181640625,82.21183776855469,1956.250244140625,67.92097473144531,1.180894374847412,0,0.0932512283325195,0.0027627944946289,0.0904884338378906,11.991,11.133,12.396,11.553,0.037,0.173,0.195,0.139,82.471529,-69.122398,82.4714742,-69.1224131,12.32,0.13,12.354,0.12,12.226,0.06,12.35,0.12,12.557,0.16,0.2757878704900196,82.471529,-69.122398,LHA 120-S 112,82.4714872933,-69.122407076,0.0,0.0,90.0,Em*,9.0,05 29 53.15695,-69 07 20.6655,A,2020yCat.1350....0G,EmLine*,*|Em*|EmO|MIR|NIR,,,,,OB,,,,1.696,0.464,0.024,0.027,90.0,,,,12.32,12.35,12.69,12.065,12.008,11.912,,12.23,12.35,12.56,,0.062694,0.0
82.856436,-69.094009,05312554-6905384,11.73943108504399,0.023,11.852,0.027,11.689454545454543,0.025,AAA,222,111,000,0,0,11.82,11.724,4658430831899380736,82.8563764796536,-69.09404172172445,-0.0582791335263347,1.866884941842103,0.3783445473541578,1.9048370122909544,0.0231867171823978,0.0242337007075548,0.0233285874128341,-2.498185396194458,0.0331896021962165,0.0329755395650863,-5.974720001220703,1306.4114990234375,0.2279354929924011,37.83968734741211,0.7513515949249268,31,0.0491778068244457,False,11.85915184020996,11.816471099853516,11.871188163757324,339849.03723694995,256347.04673212103,141475.99445375733,759.6993408203125,447.3467712402344,1663.6168212890625,154.09019470214844,961.6279907226562,147.121337890625,1.1705875396728516,0,-0.0547170639038085,-0.0426807403564453,-0.0120363235473632,,,,,,,,,,,,,,,,,,,,,,,,82.856436,-69.094009,HD 269687,82.8563532273,-69.0940434033,0.0,0.0,90.0,WR*,121.0,05 31 25.52477,-69 05 38.5563,A,2020yCat.1350....0G,WolfRayet*,*|Em*|EmO|IR|MIR|NIR|WR*|Y*?,49.2,,0.0001641,,WN11h,,0.0532,0.0272,1.867,0.378,0.033,0.033,90.0,,,,11.78,11.87,12.05,11.82,11.852,11.724,,11.75,11.92,12.2,,0.163234,0.0
83.418096,-69.116096,05334034-6906579,12.141431085043989,0.024,12.149,0.026,12.070454545454544,0.029,AAA,222,111,000,0,0,12.222,12.105,4658421344281608960,83.4181806385183,-69.11608418600845,-0.0425646488681598,1.7513488442533685,0.4971854982810658,1.8205537796020508,0.0142440991476178,0.0140069928020238,0.0138334324583411,-3.076940536499023,0.0213496051728725,0.0184464138001203,-1.807558536529541,562.6024169921875,0.0940189510583877,6.3621087074279785,0.925030529499054,31,0.0315926633775234,False,12.66254425048828,12.759785652160645,12.448992729187012,162154.517638624,107523.26542846314,83092.3991784171,155.4607391357422,1043.0577392578125,299.0192565917969,359.58642578125,213.83743286132812,388.5774230957031,1.1755186319351196,0,0.3107929229736328,0.0972414016723632,0.2135515213012695,12.223,12.894,12.726,,,,,,83.418096,-69.116096,83.4181577,-69.1160948,12.938,0.01,12.711,0.01,,,,,,,0.7642859269860274,83.418096,-69.116096,SK -69  185,83.4181588032,-69.1160863957,0.0,0.0,90.0,*,9.0,05 33 40.35811,-69 06 57.9110,A,2020yCat.1350....0G,Star,*|MIR|NIR,280.5,,0.0009361,,OB:,,0.011,0.0259,1.751,0.497,0.021,0.018,90.0,,,,12.84,12.67,12.53,12.222,12.149,12.105,,,,,,0.087699,0.0
84.089472,-69.113281,05362147-6906478,11.36443108504399,0.024,11.341,0.026,11.287454545454544,0.025,AAA,222,111,000,0,0,11.445,11.322,4657691199850726528,84.08956360266596,-69.11329481063045,-0.0407676100913073,1.6771390232976389,0.628468183896922,1.7910242080688477,0.0215217806398868,0.0213300697505474,0.0206627119332551,-1.97300386428833,0.0269538257271051,0.0261864233762025,-1.3964974880218506,1215.856689453125,0.1958348900079727,32.576419830322266,0.9406185746192932,31,0.0407013669610023,False,11.734237670898438,11.682629585266112,11.55258083343506,381286.7637685676,289977.8765802094,189725.55038612883,476.6693115234375,799.8978881835938,1307.5904541015625,221.7650604248047,850.849853515625,222.98358154296875,1.2581171989440918,0,0.1300487518310547,-0.0516080856323242,0.1816568374633789,,,,,,,,,,,,,,,,,,,,,,,,84.089472,-69.113281,HD 269846,84.0895426952,-69.1132976038,0.0,0.0,90.0,Em*,23.0,05 36 21.49025,-69 06 47.8714,A,2020yCat.1350....0G,EmLine*,*|Em*|MIR|NIR,285.4,,0.0009524,,OB,,,,1.677,0.628,0.027,0.026,90.0,,,,11.71,11.63,11.8,11.445,11.341,11.322,,11.59,11.7,11.81,,0.108655,0.0
84.454298,-69.085632,05374903-6905082,10.866431085043988,0.021,10.862,0.025,10.696454545454545,0.023,AAA,222,111,000,0,0,10.947,10.731,4657692338057418624,84.45433122146699,-69.08561327179754,-0.0231880876604024,1.7062951470119354,0.6565915076263071,1.82826566696167,0.0163153354078531,0.0168659072369337,0.0165774598717689,-1.3987720012664795,0.022459415718913,0.0218357220292091,-6.919989109039307,751.1617431640625,0.1405574828386306,16.357017517089844,0.7235922813415527,31,0.031708687543869,False,11.367316246032717,11.432212829589844,11.20896339416504,534589.1216079921,365200.9331731921,260359.06566480655,702.31298828125,761.18359375,1236.57763671875,295.3320007324219,857.7911987304688,303.52264404296875,1.170169711112976,0,0.2232494354248047,0.0648965835571289,0.1583528518676757,11.791,9.447,11.615,,0.104,0.083,0.15,,84.454298,-69.085632,84.4543174,-69.0856312,11.589,0.05,11.395,0.02,11.438,0.04,11.393,0.01,11.534,0.02,0.223214797792643,84.454298,-69.085632,HD 269891,84.4543099774,-69.08561619,0.0,0.0,90.0,WR*,74.0,05 37 49.03439,-69 05 08.2183,A,2020yCat.1350....0G,WolfRayet*,*|Em*|MIR|NIR|SB*|V*|WR*|X,253.736,0.237,0.0008467,8e-07,WN6+B1Ia,,0.24,0.5,1.706,0.657,0.022,0.022,90.0,,,,9.447,11.39,11.55,10.947,10.862,10.731,,11.44,11.39,11.53,,0.058961,0.0
84.539893,-69.105934,05380957-6906213,9.19743108504399,0.023,9.088,0.025,8.933454545454545,0.023,AAA,222,111,000,0,0,9.278,8.968,4657680513972093952,84.53995039064851,-69.10591865154424,0.0001965630742169,1.7124988194692126,0.5630513819157247,1.80268657207489,0.0123512437567114,0.0122675122693181,0.0122029511258006,0.0161078311502933,0.0168012361973524,0.0159011334180831,-5.629623889923096,463.7004089355469,0.0704508647322654,3.974987030029297,0.7760255932807922,31,0.0235164612531662,False,10.10445499420166,10.31351375579834,9.723722457885742,1710664.5841327766,1023320.2056417604,1022514.0130596776,3293.6416015625,519.3839721679688,6399.16357421875,159.91468811035156,6161.22265625,165.9595947265625,1.1959295272827148,0,0.5897912979125977,0.2090587615966797,0.3807325363159179,,,,,,,,,,,,,,,,,,,,,,,,84.539893,-69.105934,HD 269902,84.5399290496,-69.105921154,0.0,0.0,90.0,sg*,45.0,05 38 09.58297,-69 06 21.3162,A,2020yCat.1350....0G,Supergiant,*|IR|MIR|NIR|sg*,265.255,0.055,0.0008852,2e-07,A1Ia+,,0.0002,0.0122,1.712,0.563,0.017,0.016,90.0,,,,10.59,10.23,,9.278,9.088,8.968,,,,,,0.065429,0.0
84.564034,-69.067642,05381536-6904035,11.773431085043988,0.037,11.676,0.041,11.573454545454544,0.039,AAA,222,111,000,0,0,11.854,11.608,4657686561288886144,84.56406330156678,-69.06765624941892,0.0460533876706212,1.7242599096291271,0.6304874214905689,1.8359158039093015,0.0175581034272909,0.0171616729348897,0.0170169696211814,2.706321477890014,0.0239301584661006,0.0225454233586788,6.1509270668029785,804.6124267578125,0.1551364362239837,18.889328002929688,1.262412667274475,31,0.0336113162338733,False,12.750076293945312,12.887524604797363,12.388036727905272,149594.69501483557,95588.83894758522,87890.80598260686,57.6120491027832,2596.5869140625,191.41436767578125,499.3817443847656,143.315185546875,613.269287109375,1.2265117168426514,0,0.4994878768920898,0.1374483108520507,0.362039566040039,12.323,12.504,12.296,,0.01,0.01,0.01,,84.564034,-69.067642,84.5640656,-69.0676564,,,,,,,,,,,0.2233333635380989,84.564034,-69.067642,CPD-69   448,84.564034,-69.067642,0.07,0.06,7.0,*,10.0,  05 38 15.368,  -69 04 03.51,C,2003yCat.2246....0C,Star,*|IR|NIR,,,,,B3Ib,,,,,,,,,,,,13.06,12.84,,11.854,11.676,11.608,,,,,,0.0,0.0
84.654044,-69.085487,05383697-6905077,11.49843108504399,0.036,11.48,0.038,11.349454545454543,0.043,AAA,222,111,000,2,0,11.579,11.384,4657686286410997504,84.6540322087993,-69.08551742101358,-0.0133603390392108,1.7654307206740496,0.7615358860801996,1.922675848007202,0.0184684544801712,0.01734159886837,0.0173214618116617,-0.7713170647621155,0.0257983766496181,0.0235329400748014,1.702973484992981,1024.009033203125,0.1619943678379058,22.875864028930664,1.0708507299423218,31,0.0360008627176284,False,12.002825736999512,12.064948081970217,11.775306701660156,297725.8264152027,203909.52124704496,154538.05339347525,332.3887939453125,895.715576171875,798.6248779296875,255.3257751464844,570.7111206054688,270.78155517578125,1.2039519548416138,0,0.2896413803100586,0.0621223449707031,0.2275190353393554,,,,,,,,,,,,,,,,,,,,,,,,84.654044,-69.085487,RMC 137,84.6540102286,-69.0855208056,0.0,0.0,90.0,s*b,32.0,05 38 36.96245,-69 05 07.8749,A,2020yCat.1350....0G,BlueSG,*|IR|MIR|NIR|s*b,275.0,4.8,0.0009177,1.6e-05,B1Ia,,0.0471,0.0288,1.765,0.762,0.026,0.024,90.0,,,,12.12,12.02,,11.579,11.48,11.384,,,,,,0.129207,0.0
84.65058,-69.099403,05383613-6905578,10.666431085043987,0.023,10.567,0.021,10.407454545454543,0.02,AAA,222,111,000,2,0,10.747,10.442,4657680410895734784,84.65057192153854,-69.09943372834945,0.0073726193327996,1.7059772977552323,0.6219575140382283,1.8158165216445925,0.0153211597353219,0.0159848295152187,0.01477862149477,0.4988705813884735,0.0222367662936449,0.021205186843872,-0.695331335067749,826.1275634765625,0.1171582043170929,11.51312255859375,0.9700222611427308,31,0.0323824658989906,False,11.641526222229004,11.836270332336426,11.255587577819824,415275.3750131637,251714.8198601748,249415.42630031504,552.4070434570312,751.756103515625,1080.645751953125,232.9300079345703,986.0816040039062,252.93588256835935,1.2067420482635498,0,0.5806827545166016,0.1947441101074218,0.3859386444091797,,,,,,,,,,,,,,,,,,,,,,,,84.65058,-69.099403,RMC 138,84.6505506681,-69.0994364926,0.0,0.0,90.0,sg*,34.0,05 38 36.13216,-69 05 57.9714,A,2020yCat.1350....0G,Supergiant,*|IR|NIR|sg*,272.804,0.101,0.0009104,3e-07,A0Ia,,0.0074,0.0148,1.706,0.622,0.022,0.021,90.0,,,,12.07,11.74,,10.747,10.567,10.442,,,,,,0.126321,0.0
84.678093,-69.095123,05384274-6905424,11.06343108504399,0.049,11.05,0.062,10.942454545454543,0.03,AAA,222,111,000,2,0,11.144,10.977,4657685534828270976,84.67808923717901,-69.09516855397553,-0.0602158715671622,1.784178513277,0.6979724045646404,1.9158440828323364,0.0192467421293258,0.0180667098611593,0.018319321796298,-3.2870140075683594,0.0275404620915651,0.0242816358804702,0.4851762354373932,962.4073486328124,0.1687338352203369,24.839017868041992,1.019439458847046,31,0.0388081148266792,False,11.735342979431152,11.80608081817627,11.452937126159668,380898.7211692509,258812.15544894955,207961.6392171527,491.0213928222656,775.7273559570312,952.0833129882812,271.83770751953125,816.1292114257812,254.81460571289065,1.2254538536071775,0,0.3531436920166015,0.0707378387451171,0.2824058532714844,,,,,,,,,,,,,,,,,,,,,,,,84.678093,-69.095123,RMC 142,84.6780670138,-69.0951716561,0.0,0.0,90.0,s*b,38.0,05 38 42.73608,-69 05 42.6180,A,2020yCat.1350....0G,BlueSG,*|**|IR|NIR|s*b,270.2,1.3,0.0009017,4.3e-06,B0Ia,,0.0086,0.0293,1.784,0.698,0.028,0.024,90.0,,,,12.11,11.82,,11.144,11.05,10.977,,,,,,0.178314,0.0
84.668894,-69.099213,05384053-6905571,11.122431085043988,0.088,11.052,0.109,10.733454545454546,0.072,EEE,222,111,000,2,0,11.203,10.768,4657685534828221824,84.66894142648619,-69.09923379249246,-0.1073086243382734,1.698364015463461,0.4630434479432164,1.760354995727539,0.0515340380370616,0.0611388944089412,0.0539777018129825,-1.9880176782608032,0.0738478451967239,0.0829601883888244,44.24980163574219,7635.7646484375,0.5841690301895142,248.5426788330078,3.3409335613250732,31,0.1209921538829803,False,12.599479675292969,12.51669216156006,12.093843460083008,171852.03954140216,134505.43936269387,115244.68802861424,447.4378356933594,384.0802612304687,1521.619384765625,88.39624786376953,1090.8909912109375,105.64271545410156,1.453285813331604,0,0.4228487014770508,-0.0827875137329101,0.5056362152099609,,,,,,,,,,,,,,,,,,,,,,,,84.668894,-69.099213,Brey  75,84.668875,-69.0992222222,0.18,0.06,0.0,WR*,66.0,   05 38 40.53,   -69 05 57.2,C,2003yCat.2246....0C,WolfRayet*,*|**|IR|NIR|WR*|X,259.0,7.0,0.0008643,2.33e-05,WN6h,,,,,,,,,,,,12.84,12.75,,11.203,11.35,10.768,,,,,,0.041203,0.0
84.676472,-69.082802,05384235-6904580,11.427431085043988,0.024,11.409,0.021,11.310454545454546,0.019,AAA,222,111,000,2,0,11.508,11.345,4657685564856502528,84.67649675984077,-69.08282924649693,-0.0485758133684048,1.8315698101582008,0.7132765138784298,1.965556263923645,0.0261741299182176,0.0237680096179246,0.0250161867588758,-1.9417752027511597,0.0342412441968917,0.0322120115160942,6.927219867706299,1740.471923828125,0.2457669079303741,52.15763092041016,1.3135263919830322,31,0.0481173619627952,False,11.903244972229004,11.956039428710938,11.726478576660156,326323.8020121762,225424.5769960244,161646.62550025867,215.60952758789065,1513.494384765625,770.452392578125,292.5872802734375,586.9119262695312,275.41888427734375,1.1861568689346311,0,0.2295608520507812,0.0527944564819335,0.1767663955688476,,,,,,,,,,,,,,,,,,,,,,,,84.676472,-69.082802,RMC 139,84.676473959,-69.0828324166,0.0,0.0,90.0,WR*,99.0,05 38 42.35375,-69 04 58.1967,A,2020yCat.1350....0G,WolfRayet*,*|**|IR|NIR|s*b|SB*|WR*|X,,,,,O6.5Iafc+O6Iaf,,,,1.832,0.713,0.034,0.032,90.0,,,,12.04,11.94,,11.508,11.409,11.345,,,,,,0.109529,0.0
84.673399,-69.087212,05384161-6905139,11.22243108504399,0.049,11.104,0.059,10.747454545454543,0.031,AAA,222,111,000,2,0,11.303,10.782,4657685569167442432,84.6733401833933,-69.08706825782295,-0.0615332311475315,1.6394507324492458,0.7123436274602829,1.787521243095398,0.024049462750554,0.0234130062162876,0.0230659618973732,-2.6677069664001465,0.0324518270790576,0.0305024478584527,4.836002826690674,1424.2796630859375,0.2186473309993744,44.024471282958984,1.2163300514221191,31,0.0464268326759338,False,12.16339874267578,11.948790550231934,11.79098892211914,256795.50745721004,226934.51947416225,152322.0315356596,319.4302062988281,803.9174194335938,4463.0400390625,50.84751892089844,2783.4169921875,54.72483444213867,1.4768816232681274,0,0.1578016281127929,-0.2146081924438476,0.3724098205566406,,,,,,,,,,,,,,,,,,,,,,,,84.673399,-69.087212,RMC 140,84.673399,-69.087212,0.18,0.06,0.0,WR*,83.0,05 38 41.61576,-69 05 13.9632,C,2003yCat.2246....0C,WolfRayet*,*|IR|MIR|NIR|WR*|X,263.0,,0.0008777,,WN7+WC4/5pec,,,,,,,,,,,,11.213,11.149,11.792,11.303,11.104,10.782,,11.007,11.134,11.352,,0.0,0.0
84.671604,-69.086929,05384118-6905129,11.224431085043989,,14.029,0.286,10.935454545454546,,UDU,20,10,0c0,2,0,11.305,10.97,4657685564856500480,84.67138551324193,-69.08700700011669,0.1027803187171321,1.8351678064725785,0.0880225037341641,1.8372775316238403,0.0427152514457702,0.0396490357816219,0.0418387167155742,2.4565839767456055,0.0548121333122253,0.0587216205894947,5.39518404006958,1081.2354736328125,0.3731597363948822,31.59165382385254,1.2508569955825806,95,0.0834839716553688,False,14.645833015441896,14.355486869812012,14.27564525604248,26098.376563693266,24729.89313177356,15448.98975984806,35.34316635131836,738.427734375,1143.8121337890625,21.620590209960938,1185.49169921875,13.03171443939209,1.539516568183899,0,0.0798416137695312,-0.2903461456298828,0.370187759399414,,,,,,,,,,,,,,,,,,,,,,,,84.671604,-69.086929,Cl* NGC 2070    SMB      81,84.671375,-69.0869833333,,,172.0,*,10.0,  05 38 41.130,  -69 05 13.14,C,2011A&A...530A.108E,Star,*|IR,276.0,4.3,0.0009211,1.43e-05,O3.5V((f))z+OB,,,,,,,,,,,,14.6,14.66,,14.63,14.66,14.65,,,,,,0.353347,0.0
84.684357,-69.101624,05384424-6906058,11.975431085043988,0.024,11.789,0.05,11.504454545454545,0.038,AAA,222,111,c00,2,0,12.056,11.539,4657685534828257792,84.68440162408974,-69.10166575923037,0.0269458068960881,1.84776778427248,0.4899874073062466,1.9116311073303225,0.0200717151165008,0.0209212936460971,0.0204832814633846,1.315502405166626,0.027703633531928,0.0275686327368021,4.869524002075195,914.8501586914062,0.1872753947973251,23.19721221923828,1.2106391191482544,31,0.039737332612276,False,12.957327842712402,13.015949249267578,12.536032676696776,123599.15180017005,84925.32664289992,76691.15416114597,151.84564208984375,813.9789428710938,268.77154541015625,315.97589111328125,242.87046813964844,315.769775390625,1.3075857162475586,0,0.4799165725708008,0.0586214065551757,0.421295166015625,,,,,,,,,,,,,,,,,,,,,,,,84.684357,-69.101624,Brey  84,84.6843786018,-69.101667937,0.0,0.0,90.0,HXB,76.0,05 38 44.25086,-69 06 06.0046,A,2020yCat.1350....0G,HighMassXBin,*|EB*|HXB|IR|MIR|NIR|WR*|X,278.0,1.7,0.0009277,5.7e-06,WN5h:a,,0.0269,0.0205,1.848,0.49,0.028,0.028,90.0,,,,,13.1,,12.056,11.789,11.539,,,,,,0.160587,0.0
84.674554,-69.103889,05384189-6906140,11.060431085043987,,12.149,0.104,10.820454545454544,,UEU,20,10,0c0,2,0,11.141,10.855,4657679659312965632,84.6744593678116,-69.1040240132038,0.1846982017488635,1.9807327536908148,0.9008674376711427,2.1759743690490723,0.0514307990670204,0.1486539095640182,0.052166149020195,3.5405757427215576,0.0644873976707458,0.1742437779903412,1.16240394115448,223.10511779785156,0.1697299182415008,5.272002696990967,1.0769599676132202,95,0.2895358800888061,False,14.44821548461914,,,31308.365257709254,,,106.0818328857422,295.13409423828125,,,,,,2,,,,,,,,,,,,,,,,,,,,,,,,,,,84.674554,-69.103889,Brey  76,84.6745,-69.1038,0.3,0.3,90.0,WR*,34.0, 05 38 41.8800, -69 06 13.680,C,2009AJ....138.1003B,WolfRayet*,*|IR|MIR|WR*,,,,,O2If*/WN5,,,,,,,,,,,,,12.5,,,,,,,,,,0.327817,0.0
84.680012,-69.104057,05384320-6906146,12.301431085043989,0.087,12.549,0.129,12.071454545454545,0.079,EEE,222,111,ccc,2,0,12.382,12.106,4657679659312999296,84.68003390293559,-69.10402931146766,0.0436446257652533,1.62096434509605,0.5360998091083543,1.7073161602020264,0.0254546925425529,0.0255760848522186,0.0247588157653808,1.7627912759780884,0.0376356020569801,0.0348151437938213,11.41877269744873,1115.8092041015625,0.2282323837280273,28.85423469543457,1.5292881727218628,31,0.053059384226799,False,13.352337837219238,13.182303428649902,12.91319751739502,85903.62634520528,72861.08462450212,54185.00273216572,63.22016143798828,1358.8011474609375,638.4855346679688,114.115478515625,620.2897338867188,87.3543472290039,1.4789373874664309,0,0.2691059112548828,-0.1700344085693359,0.4391403198242187,,,,,,,,,,,,,,,,,,,,,,,,84.680012,-69.104057,BAT99 114,84.68,-69.1040555556,0.18,0.07,0.0,WR*,42.0,   05 38 43.20,   -69 06 14.6,C,2003yCat.2246....0C,WolfRayet*,*|IR|NIR|WR*|X,267.0,1.4,0.000891,4.7e-06,O2If*/WN5,,,,,,,,,,,,13.52,13.4,,12.382,12.83,12.106,,,,,,0.016262,0.0
84.663114,-69.105888,05383914-6906211,11.58543108504399,,11.82,0.07,11.423454545454543,0.051,UAA,622,33,0cc,2,0,11.666,11.458,4657679654981424640,84.66312184108436,-69.10591373045045,0.0288029121433413,1.6803151666777134,0.5118796206412802,1.7565534114837646,0.0169950518757104,0.0151560250669717,0.0159263629466295,1.808505296707153,0.0212773960083723,0.020691530779004,9.307622909545898,564.0034790039062,0.0971898213028907,5.6741042137146,1.4360034465789795,31,0.0301086641848087,False,13.224257469177246,13.413145065307615,12.771683692932127,96659.29988068838,58905.89988164106,61728.36678269117,98.82886505126952,978.0472412109376,489.0975646972656,120.43793487548828,401.6007080078125,153.70582580566406,1.2480357885360718,0,0.6414613723754883,0.1888875961303711,0.4525737762451172,11.883,12.554,12.416,11.512,0.1,0.1,0.1,0.146,84.663114,-69.105888,84.6630077,-69.105962,,,,,,,,,,,0.7459575375700644,84.663114,-69.105888,Brey  79,84.6631009011,-69.1059160055,0.0,0.0,90.0,WR*,39.0,05 38 39.14422,-69 06 21.2976,A,2020yCat.1350....0G,WolfRayet*,*|MIR|NIR|WR*,,,,,WN6,,0.0288,0.0159,1.68,0.512,0.021,0.021,90.0,,,,,13.5,13.33,,11.82,11.46,,,,,,0.102213,0.0
84.649854,-69.102509,05383596-6906090,12.06243108504399,0.047,12.036,0.074,11.983454545454546,0.057,AAA,222,222,ccc,2,0,12.143,12.018,4657680415225947008,84.64978160422172,-69.10256878718083,0.0026850210651128,1.5593312693604438,0.6565907635308954,1.6919294595718384,0.0153556400910019,0.0166534539312124,0.0147174801677465,0.1824375540018081,0.0240171179175376,0.0207041297107934,-2.239601373672486,468.7633056640625,0.0956232994794845,5.454947471618652,0.9021735191345216,31,0.0344468802213668,False,12.971636772155762,13.044207572937012,12.592540740966797,121980.94509894065,82743.51865566644,72801.7495384372,120.35591888427734,1013.5018310546876,1036.8101806640625,79.80584716796875,725.0836791992188,100.40461730957033,1.2751604318618774,0,0.4516668319702148,0.07257080078125,0.3790960311889648,,,,,,,,,,,,,,,,,,,,,,,,84.649854,-69.102509,Cl* NGC 2070    MEL      54,84.6497879167,-69.1025541667,0.3,0.3,90.0,s*b,16.0, 05 38 35.9491, -69 06 09.195,C,2009AJ....138.1003B,BlueSG,*|IR|s*b,238.0,1.8,0.0007942,6e-06,B0.5IaNwk,,,,,,,,,,,,13.27,13.02,,12.32,12.17,12.05,,,,,,0.183411,0.0
84.689769,-69.096565,05384554-6905476,11.686431085043989,0.052,11.709,0.075,11.541454545454544,0.044,AAA,222,111,000,2,0,11.767,11.576,4657685530496770944,84.68993593635095,-69.09662807443318,-0.0034871411782697,1.9014371667470171,0.8273547922251772,2.073639154434204,0.0190346930176019,0.0183934476226568,0.0190357789397239,-0.1831887811422348,0.0264233741909265,0.0263711363077163,4.781577110290527,1040.336181640625,0.175022467970848,26.570154190063477,1.2085981369018557,31,0.0374226868152618,False,12.469158172607422,12.452073097229004,12.15532684326172,193768.70555144225,142753.83904896613,108899.91524806133,214.66500854492188,902.65625,1354.45361328125,105.39588928222656,768.1973876953125,141.7603302001953,1.2987327575683594,0,0.2967462539672851,-0.0170850753784179,0.3138313293457031,,,,,,,,,,,,,,,,,,,,,,,,84.689769,-69.096565,RMC 141,84.68994125,-69.0966033333,0.3,0.3,90.0,s*b,32.0, 05 38 45.5859, -69 05 47.772,C,2009AJ....138.1003B,BlueSG,*|**|IR|s*b,252.0,1.4,0.0008409,4.7e-06,BN0.5Ia,,,,,,,,,,,,12.71,12.49,,12.03,11.92,11.84,,,,,,0.260758,0.0
84.737775,-69.10154,05385706-6906055,11.15843108504399,0.023,11.094,0.028,10.831454545454545,0.025,AAA,222,111,000,2,0,11.239,10.866,4657685500468567040,84.73780046062387,-69.10156891406808,-0.0572828805787451,1.786215492783925,0.7705304140208196,1.9453233480453491,0.0178552903234958,0.0178293175995349,0.0185516569763422,-3.08774995803833,0.025137135758996,0.0261462721973657,-0.6585258841514587,863.77001953125,0.1629767268896103,22.127731323242188,0.9710150957107544,31,0.0376235954463481,False,11.821151733398438,11.91231632232666,11.595440864562988,351953.9871802213,234687.7374742925,182381.94270882945,219.32135009765625,1604.7410888671875,392.53472900390625,597.8776245117188,383.89544677734375,475.0823364257813,1.1850119829177856,0,0.3168754577636719,0.0911645889282226,0.2257108688354492,,,,,,,,,,,,,,,,,,,,,,,,84.737775,-69.10154,HD 269928,84.7377782053,-69.1015723387,0.0,0.0,90.0,WR*,142.0,05 38 57.06677,-69 06 05.6604,A,2020yCat.1350....0G,WolfRayet*,*|Em*|IR|MIR|NIR|WR*|X,,,,,WN6/7,,0.0037,0.0283,1.786,0.771,0.025,0.026,90.0,,,,12.02,11.94,12.0,11.239,11.094,10.866,,11.9,11.91,11.91,,0.116492,0.0
84.692281,-69.104744,05384614-6906170,13.019431085043989,0.072,13.21,0.31,12.980454545454544,0.177,ADC,222,111,ccc,2,0,13.1,13.015,4657685534828283904,84.6924297107696,-69.1048520653886,0.0060028523953091,1.7129990314214063,0.9105182521267096,1.9399508237838743,0.0216678660362958,0.0223084185272455,0.0224891044199466,0.2669226825237274,0.0306934881955385,0.0296194963157176,9.876564025878906,890.0576171875,0.1833886504173278,15.837403297424316,1.4515554904937744,31,0.0440104119479656,False,13.761148452758787,13.629176139831545,13.444555282592772,58950.48620461011,48277.68617767047,33215.13981382417,40.50459671020508,1455.40234375,512.0620727539062,94.28092193603516,311.6833190917969,106.56694793701172,1.3823944330215454,0,0.1846208572387695,-0.1319723129272461,0.3165931701660156,,,,,,,,,,,,,,,,,,,,,,,,,,,,,,,,,,,,,,,,,,,,,,,,,,,,,,,,,,,,,,,,,,,,
84.690442,-69.106178,05384570-6906222,11.500431085043989,0.038,11.478,0.035,11.333454545454543,0.03,AAA,222,111,000,2,0,11.581,11.368,4657679659311713024,84.69038530003877,-69.10626644364724,-0.1463128227436566,1.6653767932459864,0.782212736314432,1.839928388595581,0.0283210128545761,0.0292868688702583,0.0294811483472585,-4.962928295135498,0.0400912724435329,0.0382721982896328,20.611713409423828,2352.449462890625,0.3085418343544006,79.27205657958984,1.9705432653427124,31,0.056470587849617,False,12.40804672241211,12.439766883850098,12.022953033447266,204987.8171545386,144381.05459047377,123020.4104440366,168.30052185058594,1217.98681640625,1474.913818359375,97.89118194580078,1019.9158935546876,120.61819458007812,1.304474949836731,0,0.416813850402832,0.0317201614379882,0.3850936889648437,11.233,12.094,11.996,10.066,0.04,0.04,0.04,0.071,84.690442,-69.106178,84.6904439,-69.1062445,,,,,,,,,,,0.6152198381559907,84.690442,-69.106178,CPD-69   457,84.6904439,-69.1062445,0.017,0.017,90.0,s*b,24.0,05 38 45.70654,-69 06 22.4802,B,2012yCat.1322....0Z,BlueSG,*|Be?|IR|MIR|NIR|s*b|X,293.1,1.5,0.0009782,5e-06,B0.5Ia,,,,1.8,-4.4,3.0,2.8,90.0,,,,12.094,11.996,12.419,11.581,11.478,11.368,,,,,,0.239412,0.0
84.769867,-69.069397,05390476-6904098,12.256431085043989,0.029,12.18,0.037,12.039454545454545,0.037,AAA,222,111,000,2,0,12.337,12.074,4657685805374694528,84.76990463242844,-69.06941851493883,-0.0030182153080458,1.7207319343460368,0.5601611157572861,1.8096128702163696,0.0370725616812706,0.0387650392949581,0.0377746932208538,-0.0799004584550857,0.0505712330341339,0.0575538165867328,30.76565742492676,3653.987060546875,0.3873168528079986,93.09059143066406,2.545687437057495,31,0.0822176039218902,False,12.995102882385254,13.094725608825684,12.674598693847656,119372.82009933631,78981.70709876645,67502.32370731863,219.3229217529297,544.27880859375,319.0096740722656,247.58404541015625,284.8045349121094,237.0128173828125,1.2271137237548828,0,0.4201269149780273,0.0996227264404296,0.3205041885375976,12.403,13.154,12.756,,0.03,0.02,0.02,,84.769867,-69.069397,84.7699027,-69.0694367,12.983,0.01,12.599,0.01,12.626,0.03,12.58,0.04,,,0.2373948694212767,84.769867,-69.069397,W61  7-29,84.7698832245,-69.0694210045,0.0,0.0,90.0,s*b,18.0,05 39 04.77197,-69 04 09.9156,A,2020yCat.1350....0G,BlueSG,*|IR|MIR|NIR|s*b,267.3,1.4,0.000892,4.7e-06,B1Ia,,,,1.721,0.56,0.051,0.058,90.0,,,,13.154,12.756,,12.337,12.18,12.074,,,,,,0.0889,0.0
81.973408,-69.032906,05275361-6901584,10.320431085043989,0.026,10.377,0.032,10.194454545454544,0.024,AAA,222,111,000,0,0,10.401,10.229,4658106166793166464,81.97339474205047,-69.03290557679532,0.0011262320026323,1.799635468719547,0.9438490453585334,2.0321266651153564,0.0138844484463334,0.0130139533430337,0.0148276463150978,0.0759548768401146,0.0199590977281332,0.0199908800423145,-7.594305992126465,494.6204833984375,0.0871435925364494,5.486677169799805,0.6948302388191223,31,0.0308522693812847,False,10.7462739944458,10.8030366897583,10.59286117553711,947190.3900795795,651932.0931337374,459212.6318630623,1835.9786376953125,515.9049072265625,3995.83544921875,163.15289306640625,2866.837158203125,160.18092346191406,1.173095464706421,0,0.2101755142211914,0.0567626953125,0.1534128189086914,,,,,,,,,,,,,,,,,,,,,,,,81.973408,-69.032906,CD-69   312,81.9733723897,-69.0329097717,0.0,0.0,90.0,*,15.0,05 27 53.60937,-69 01 58.4752,A,2020yCat.1350....0G,Star,*|MIR|NIR,239.14,0.093,0.000798,3e-07,B5:I,,0.0011,0.0148,1.8,0.944,0.02,0.02,90.0,,,,10.92,10.81,,10.401,10.377,10.229,,,,,,0.04784,0.0
81.963349,-69.015373,05275120-6900553,9.901431085043988,0.024,9.839,0.021,9.749454545454546,0.019,AAA,222,111,000,0,0,9.982,9.784,4658106269873047296,81.96337133881828,-69.01537656294357,-0.0095171801281184,1.7173154595014135,0.5637231392359732,1.807472348213196,0.0132231106981635,0.0126032689586281,0.0132280997931957,-0.7194669246673584,0.0193472132086753,0.0180461257696151,-3.877682685852051,452.7913513183594,0.0673221349716186,3.184506893157959,0.8352002501487732,31,0.0285990089178085,True,10.669148445129396,10.83335304260254,10.364505767822266,1016921.0141731435,633980.0987516084,566703.7035889372,773.84375,1314.11669921875,1240.275634765625,511.16064453125,1005.7403564453124,563.4691772460938,1.1807050704956057,0,0.4688472747802734,0.1642045974731445,0.3046426773071289,,,,,,,,,,,,,,,,,,,,,,,,81.963349,-69.015373,CD-69   310,81.9633500259,-69.0153790684,0.0,0.0,90.0,*,26.0,05 27 51.20401,-69 00 55.3646,A,2020yCat.1350....0G,Star,*|MIR|NIR,261.277,0.071,0.0008719,2e-07,F2I,,0.18,0.67,1.717,0.564,0.019,0.018,90.0,,,,10.96,10.7,,9.982,9.839,9.784,,,,,,0.021886,0.0
81.967294,-69.006363,05275215-6900229,9.42543108504399,0.022,9.303,0.021,9.101454545454544,0.021,AAA,222,111,000,0,0,9.506,9.136,4658481581241701504,81.96729576532088,-69.00638613516652,0.0127625781910879,1.7130371548737606,0.5159768098726163,1.789057970046997,0.0117228804156184,0.0114604998379945,0.0114603154361248,1.1136324405670166,0.017564445734024,0.0169785432517528,-7.127562046051025,275.09027099609375,0.0,0.0,0.7053250670433044,31,0.0267701782286167,False,10.579837799072266,10.90879726409912,10.089265823364258,1104108.2362510068,591422.6791397716,730217.0704480226,1967.7774658203125,561.0940551757812,3600.8291015625,164.24624633789062,3043.732421875,239.9084320068359,1.1970200538635254,0,0.8195314407348633,0.3289594650268554,0.4905719757080078,,,,,,,,,,,,,,,,,,,,,,,,81.967294,-69.006363,TYC 9162-543-1,81.9672745142,-69.0063884284,0.0,0.0,90.0,*,3.0,05 27 52.14588,-69 00 22.9983,A,2020yCat.1350....0G,Star,*|NIR,,,,,,,0.0128,0.0115,1.713,0.516,0.018,0.017,90.0,,,,11.32,10.68,,9.506,9.303,9.136,,,,,,0.094929,0.0
82.714471,-69.049652,05305147-6902587,9.70043108504399,0.023,9.665,0.025,9.469454545454544,0.025,AAA,222,111,000,0,0,9.781,9.504,4658431553453824256,82.71450031076706,-69.04960624192364,-0.0144576745497626,1.7200933230843236,0.511668396177928,1.7945822477340698,0.0157585144042968,0.0174961015582084,0.0166636072099208,-0.8676197528839111,0.0252610836178064,0.0273358561098575,-3.4424166679382324,524.0307006835938,0.1232735514640808,9.915934562683104,0.8476075530052185,31,0.0378672070801258,True,10.550195693969728,10.66643524169922,10.303777694702148,1134667.1395961745,739337.5818338279,599303.7311316835,3305.371826171875,343.27972412109375,6230.14892578125,118.67092895507812,6083.1669921875,98.51837921142578,1.179765701293945,0,0.3626575469970703,0.1162395477294921,0.2464179992675781,,,,,,,,,,,,,,,,,,,,,,,,82.714471,-69.049652,HD 269662,82.7144789301,-69.049608516,0.0,0.0,90.0,sg*,112.0,05 30 51.47494,-69 02 58.5907,A,2020yCat.1350....0G,Supergiant,*|**|Em*|EmO|MIR|NIR|sg*|V*,262.95,5.18,0.0008775,1.73e-05,A0Ia,,0.0318,0.0486,1.72,0.512,0.025,0.027,90.0,,,,10.52,10.28,10.4,9.781,9.665,9.504,,,,10.47,,0.156875,0.0
83.600928,-69.008636,05342422-6900310,11.77143108504399,0.026,11.765,0.028,11.646454545454544,0.023,AAA,222,111,000,0,0,11.852,11.681,4658446152012708224,83.60096420700955,-69.00863697894977,-0.0305524893402238,1.832156931608757,0.4966960654903632,1.8982902765274048,0.015148414298892,0.0143985962495207,0.0158557817339897,-1.926898956298828,0.0198354925960302,0.0200847741216421,-1.5300285816192627,791.8866577148438,0.1367315649986267,17.138765335083008,0.9392093420028688,31,0.0294109992682933,False,12.201343536376951,12.281286239624023,12.018548011779783,247975.77356097603,167071.4361515271,123520.45421227702,205.8897399902344,1204.4105224609375,458.2981872558594,364.5474548339844,254.6298370361328,485.0981140136719,1.171855926513672,0,0.2627382278442383,0.0799427032470703,0.1827955245971679,,,,,,,,,,,,,,,,,,,,,,,,83.600928,-69.008636,SK -69  190,83.6009414759,-69.0086391865,0.0,0.0,90.0,*,17.0,05 34 24.22595,-69 00 31.1011,A,2020yCat.1350....0G,Star,*|MIR|NIR,258.4,,0.0008623,,A3I,,,,1.832,0.497,0.02,0.02,90.0,,,,12.39,12.25,12.67,11.852,11.765,11.681,,,,,,0.020823,0.0
84.015786,-69.025024,05360378-6901300,11.70043108504399,0.023,11.669,0.026,11.574454545454545,0.026,AAA,222,111,000,0,0,11.781,11.609,4657696250732265856,84.01582218946673,-69.02502781358577,-0.0396868187448403,1.7510362847548877,0.6149347264213798,1.855875253677368,0.0119256498292088,0.0116513082757592,0.0121290124952793,-3.272056818008423,0.0163623355329036,0.0142293302342295,-2.979865074157715,398.6763610839844,0.0542684867978096,2.519115447998047,0.8779624104499817,31,0.0237840842455625,False,12.518449783325195,12.688844680786133,12.181042671203612,185168.44056439013,114783.39445990734,106350.85471861414,257.1380615234375,720.1129150390625,456.7388610839844,251.3107757568359,451.3763427734375,235.61459350585935,1.194232940673828,0,0.5078020095825195,0.1703948974609375,0.337407112121582,12.313,13.004,12.706,10.428,0.01,0.01,0.01,0.133,84.015786,-69.025024,84.015808,-69.0250387,12.924,0.04,12.572,0.03,12.703,0.02,12.524,0.03,12.51,0.02,0.3211903667065189,84.015786,-69.025024,W61 27-27,84.0158004485,-69.0250305466,0.0,0.0,90.0,*,17.0,05 36 03.79211,-69 01 30.1100,A,2020yCat.1350....0G,Star,*|MIR|NIR,288.5,,0.0009628,,B1.5I,,,,1.751,0.615,0.016,0.014,90.0,,,,13.004,12.706,12.42,11.781,11.669,11.609,,,,,,0.030035,0.0
84.551407,-69.01593,05381233-6900573,12.044431085043987,0.027,12.112,0.035,11.946454545454545,0.035,AAA,222,111,000,0,0,12.125,11.981,4657687115375913728,84.55141226230087,-69.01591952781557,0.0048768711206598,1.763048388615938,0.7162999056938977,1.9030042886734009,0.0217657256871461,0.021805390715599,0.0217750705778598,0.2239657938480377,0.0256627257913351,0.027500431984663,3.3088619709014893,1336.56201171875,0.2154011577367782,41.54141998291016,1.1392920017242432,31,0.0396072268486022,False,12.309921264648438,12.34835433959961,12.20095157623291,224376.858420672,157063.40740399002,104418.49749798334,176.81980895996094,1268.9576416015625,348.6862487792969,450.443359375,219.00575256347656,476.7842712402344,1.1653692722320557,0,0.1474027633666992,0.0384330749511718,0.1089696884155273,,,,,,,,,,,,,,,,,,,,,,,,84.551407,-69.01593,TYC 9163-958-1,84.5513903813,-69.0159227114,0.0,0.0,90.0,s*b,10.0,05 38 12.33369,-69 00 57.3218,A,2020yCat.1350....0G,BlueSG,*|IR|NIR|s*b,285.0,2.2,0.0009511,7.3e-06,B5Ia,,0.0049,0.0218,1.763,0.716,0.026,0.028,90.0,,,,12.32,12.52,,12.125,12.112,11.981,,,,,,0.033875,0.0
84.722448,-69.033546,05385338-6902007,10.794431085043987,0.024,10.78,0.021,10.550454545454546,0.023,AAA,222,111,000,0,0,10.875,10.585,4657686222022977920,84.72243225484945,-69.03357797972245,0.0107252335781068,1.8098888604633496,0.9261373365294618,2.033083438873291,0.0202097408473491,0.0210000555962324,0.0225999373942613,0.4745691418647766,0.0272673852741718,0.0315428003668785,-5.3774309158325195,1490.7449951171875,0.2100092768669128,42.35885238647461,0.7863021492958069,31,0.0456801950931549,False,10.989646911621094,10.965497016906738,10.956296920776367,756986.2027412511,561329.7185763372,328578.6884231721,815.6929321289062,928.0283813476562,1870.4464111328125,300.10467529296875,1177.3272705078125,279.0886535644531,1.1755939722061155,0,0.009200096130371,-0.0241498947143554,0.0333499908447265,,,,,,,,,,,,,,,,,,,,,,,,84.722448,-69.033546,HD  38282,84.7224097745,-69.0335820959,0.0,0.0,90.0,WR*,190.0,05 38 53.37835,-69 02 00.8955,A,2020yCat.1350....0G,WolfRayet*,*|Em*|EmO|MIR|NIR|SB*|WR*|X,834.883,,0.0027888,,WN5/6h+WN6/7h,,0.0107,0.0226,1.81,0.926,0.027,0.032,90.0,,,,10.98,11.11,11.26,10.875,10.78,10.585,,10.93,11.16,11.3,,0.138962,0.0
81.969442,-68.985672,05275266-6859084,11.96043108504399,0.026,11.926,0.032,11.604454545454544,0.026,AAA,222,111,000,0,0,12.041,11.639,4658481718680657792,81.96944673083614,-68.9856884410254,-0.008404810325396,1.6971001774295178,0.6557593696409035,1.8193870782852173,0.0164284165948629,0.0155040966346859,0.0170182231813669,-0.4938712120056152,0.0251648016273975,0.0235951989889144,-3.860230684280395,568.5427856445312,0.1257127821445465,11.21437168121338,0.8353058695793152,31,0.0378014780580997,False,10.567465782165527,10.64095401763916,10.307586669921877,1116761.550902384,756894.0792774634,597205.2785403051,5624.1845703125,198.56417846679688,12003.7294921875,63.054908752441406,10114.609375,59.04383087158203,1.2125232219696045,0,0.3333673477172851,0.0734882354736328,0.2598791122436523,12.206,11.199,12.597,11.234,0.026,0.162,0.039,0.158,81.969442,-68.985672,81.9693939,-68.985705,10.818,0.01,10.735,0.01,,,,,,,0.2092061041073819,81.969442,-68.985672,HD 269582,81.9694256973,-68.9856913555,0.0,0.0,90.0,WR*,116.0,05 27 52.66217,-68 59 08.4889,A,2020yCat.1350....0G,WolfRayet*,*|Em*|EmO|MIR|NIR|Ro*|V*|V*?|WR*,-728.952,1.707,-0.0024286,5.7e-06,WN10h,,0.0443,0.0338,1.697,0.656,0.025,0.024,90.0,,,,10.818,11.093,12.7,12.041,11.93,11.639,,,,,,0.072789,0.0
81.939353,-68.985687,05274544-6859084,9.61143108504399,0.035,9.068,0.035,8.762454545454545,0.026,AAA,222,111,d00,0,0,9.692,8.797,4658481615578531200,81.93957046811758,-68.98573760937303,0.0001977814747676,1.9171957251667575,0.8768628758569744,2.1082048416137695,0.0423822775483131,0.0388897098600864,0.0423215664923191,0.0046733021736145,0.0606887452304363,0.0577276535332202,12.434419631958008,2505.470947265625,0.3991056382656097,93.78497314453124,1.6222233772277832,95,0.0845091640949249,False,12.45592975616455,,,196143.93138444575,,,545.392822265625,359.6379089355469,,,,,,2,,,,,,,,,,,,,,,,,,,,,,,,,,,81.939353,-68.985687,HD 269578,81.939353,-68.985687,0.06,0.06,0.0,s*y,19.0,05 27 45.44472,-68 59 08.4732,C,2003yCat.2246....0C,YellowSG,*|**|IR|MIR|NIR|s*y,270.426,0.034,0.0009024,1e-07,F9Iab,,,,,,,,,,,,11.38,11.3,10.918,9.692,9.068,8.797,,,,,,0.0,0.0
82.091541,-68.996727,05282196-6859482,10.423431085043989,0.021,10.347,0.024,10.201454545454546,0.019,AAA,222,111,000,0,0,10.504,10.236,4658481409442931072,82.09154980708436,-68.99673989808521,-0.0082972879981536,1.7411112571176062,0.5028555582510112,1.8122726678848269,0.0140115525573492,0.0152547964826226,0.0143837062641978,-0.5768532752990723,0.0203967150300741,0.0216541513800621,-6.7465596199035645,525.1451416015625,0.0927116125822067,6.8333024978637695,0.7133589386940002,31,0.0332219153642654,False,11.340181350708008,11.546981811523438,10.97321891784668,548118.1108066221,328567.16551472736,323497.3744514449,313.6063537597656,1747.7901611328125,428.8719787597656,766.1194458007812,313.73345947265625,1031.1217041015625,1.1896424293518066,0,0.5737628936767578,0.2068004608154297,0.3669624328613281,,,,,,,,,,,,,,,,,,,,,,,,82.091541,-68.996727,W61 15-4,82.0915282172,-68.996742133,0.0,0.0,90.0,s*y,47.0,05 28 21.96677,-68 59 48.2717,A,2020yCat.1350....0G,YellowSG,*|MIR|NIR|s*y,272.539,0.093,0.0009095,3e-07,F5Ia,,0.0562,0.0361,1.741,0.503,0.02,0.022,90.0,,,,11.84,11.45,,10.504,10.347,10.236,,,,,,0.056921,0.0
82.218854,-68.991371,05285252-6859289,10.632431085043988,0.021,10.59,0.026,10.433454545454545,0.021,AAA,222,111,000,0,0,10.713,10.468,4658434920708422144,82.21887416076368,-68.99137413409333,-0.0600175824914592,1.713137202319429,0.4735978337641686,1.777395248413086,0.0136418053880333,0.0131010748445987,0.0138320242986083,-4.339030742645264,0.0206385664641857,0.0179425235837698,-7.809019565582275,467.18853759765625,0.0812884122133255,5.130692481994629,0.6756153106689453,31,0.0287684891372919,False,11.44926643371582,11.62244701385498,11.12705421447754,495724.1085765568,306505.489445623,280760.75814512087,606.9417724609375,816.7572631835938,1388.0621337890625,220.81539916992188,972.6343994140624,288.6601257324219,1.1846635341644287,0,0.4953927993774414,0.1731805801391601,0.3222122192382812,,,,,,,,,,,,,,,,,,,,,,,,82.218854,-68.991371,HD 269612,82.2188529229,-68.991376239,0.0,0.0,90.0,*,24.0,05 28 52.52470,-68 59 28.9545,A,2020yCat.1350....0G,Star,*|MIR|NIR,284.0,,0.0009478,,F8I:,,,,1.713,0.474,0.021,0.018,90.0,,,,11.4,11.2,,10.713,10.59,10.468,,,,,,0.018911,0.0
82.233151,-68.983459,05285595-6859004,11.516431085043989,0.022,11.456,0.021,11.421454545454544,0.026,AAA,222,111,000,0,0,11.597,11.456,4658434744579567872,82.23315739938852,-68.9834517679965,-0.0301475957507445,1.7082291954563449,0.4846162989955376,1.7756407260894775,0.0134395156055688,0.0126469023525714,0.0134679367765784,-2.238471746444702,0.0189339406788349,0.0161726865917444,-3.3895790576934814,484.97509765625,0.0839943140745163,5.601041793823242,0.8612812161445618,31,0.0267753042280673,False,12.200284004211426,12.322189331054688,11.952972412109377,248218.0098536855,160894.45176863082,131210.73627744097,74.55625915527344,3329.271240234375,174.39830017089844,922.5689086914062,99.3253936767578,1321.01904296875,1.1768089532852173,0,0.3692169189453125,0.1219053268432617,0.2473115921020507,,,,,,,,,,,,,,,,,,,,,,,,82.233151,-68.983459,SOI 623,82.23313623,-68.9834539219,0.0,0.0,90.0,*,10.0,05 28 55.95270,-68 59 00.4341,A,2020yCat.1350....0G,Star,*|MIR|NIR,290.878,0.092,0.0009707,3e-07,A3Ib,,,,1.708,0.485,0.019,0.016,90.0,,,,12.34,12.17,,11.597,11.456,11.456,,,,,,0.026417,0.0
82.036095,-68.92878,05280866-6855436,10.794431085043987,0.021,10.138,0.021,9.937454545454544,0.023,AAA,222,111,000,0,0,10.875,9.972,4658483707210890496,82.03611816688368,-68.92879135626158,-0.0312120875837513,1.6537137056418634,0.5355872910040507,1.7382816076278689,0.0120338229462504,0.012545364908874,0.0128827253356575,-2.422786235809326,0.0174512602388858,0.0180681534111499,1.9508121013641355,375.09619140625,0.0391954034566879,0.9548337459564208,1.081187129020691,31,0.0271344240754842,False,13.03351593017578,13.885435104370115,12.131102561950684,115223.30214124791,38127.88148856943,111356.95175462376,100.1798858642578,1150.1640625,145.33094787597656,262.35211181640625,249.5150146484375,446.2935791015625,1.297348976135254,0,1.7543325424194336,0.8519191741943359,0.9024133682250975,16.944,15.118,13.635,,0.055,0.147,0.034,,82.036095,-68.92878,82.0360783,-68.9288031,,,,,,,,,,,0.1891885824295441,82.036095,-68.92878,W61 17-46,82.0360977239,-68.9287937367,0.0,0.0,90.0,*,4.0,05 28 08.66345,-68 55 43.6575,A,2020yCat.1350....0G,Star,*|MIR|NIR,279.301,0.034,0.0009321,1e-07,,,,,1.654,0.536,0.017,0.018,90.0,,,,,,,10.875,10.138,9.972,,,,,,0.049577,0.0
82.130734,-68.898819,05283137-6853557,10.305431085043988,0.022,10.374,0.024,10.243454545454544,0.021,AAA,222,111,000,0,0,10.386,10.278,4658483986422695936,82.1307176093428,-68.89881687704455,-0.0104505699750649,1.6796848634708923,0.5611371280753672,1.7709364891052246,0.0137110343202948,0.013756806962192,0.0145287588238716,-0.7193022966384888,0.018005046993494,0.0181182771921157,-4.853482723236084,597.7169189453125,0.1000268533825874,7.417449474334717,0.8033417463302612,31,0.0258162077516317,False,10.739177703857422,10.816116333007812,10.565459251403809,953401.0042245846,644125.1833121604,470949.8396626062,878.4628295898438,1085.3060302734375,2058.641357421875,312.88848876953125,1275.408203125,369.2542114257813,1.1695760488510132,0,0.2506570816040039,0.0769386291503906,0.1737184524536132,,,,,,,,,,,,,,,,,,,,,,,,82.130734,-68.898819,HD 269604,82.1306968734,-68.898819371,0.0,0.0,90.0,sg*,44.0,05 28 31.36725,-68 53 55.7497,A,2020yCat.1350....0G,Supergiant,*|MIR|NIR|sg*,270.109,0.212,0.0009014,7e-07,A1Ia0,,,,1.68,0.561,0.018,0.018,90.0,,,,10.87,10.74,,10.386,10.374,10.278,,,,,,0.048137,0.0
84.041992,-68.928085,05361007-6855411,9.228431085043988,0.025,9.115,0.023,8.959454545454545,0.025,AAA,222,111,000,0,0,9.309,8.994,4657702886498144256,84.0420251508105,-68.92812594947797,0.0065518716933423,1.6680356078116452,0.6671119105307846,1.7964913845062256,0.0122799593955278,0.0122858621180057,0.0124537358060479,0.5260968804359436,0.0160106196999549,0.0155768739059567,-4.783160209655762,553.1904296875,0.0779318585991859,4.978120803833008,0.814918041229248,31,0.0228274650871753,False,10.242498397827148,10.489409446716309,9.82807159423828,1506424.8590118643,870268.1232004727,928815.827118646,1137.1676025390625,1324.7166748046875,1851.3721923828125,470.0665283203125,1710.8868408203125,542.8856201171875,1.1942739486694336,0,0.6613378524780273,0.2469110488891601,0.4144268035888672,,,,,,,,,,,,,,,,,,,,,,,,84.041992,-68.928085,HD 269840,84.0420045314,-68.9281289144,0.0,0.0,90.0,s*y,45.0,05 36 10.08109,-68 55 41.2641,A,2020yCat.1350....0G,YellowSG,*|MIR|NIR|s*y,293.066,0.068,0.000978,2e-07,F3Ia,,0.0066,0.0125,1.668,0.667,0.016,0.016,90.0,,,,10.74,10.334,,9.309,9.115,8.994,,,,,,0.158922,0.0
84.134891,-68.900429,05363237-6854015,9.385431085043988,0.023,9.311,0.022,9.182454545454544,0.023,AAA,222,111,000,0,0,9.466,9.217,4657700412597025408,84.13493458215278,-68.90046122347846,0.0109019286666383,1.8404170450974653,0.683795827389728,1.9633419513702393,0.0152694815769791,0.0164170693606138,0.0161188710480928,0.676345705986023,0.0194029379636049,0.0219146385788917,0.0604778826236724,806.3221435546875,0.1282560229301452,12.590087890625,1.0013635158538818,31,0.0314507186412811,False,10.249921798706056,10.450624465942385,9.901568412780762,1496159.80556156,901917.7804806049,868022.3299207281,1623.4493408203125,921.5931396484376,2201.517333984375,409.6800842285156,1779.9041748046875,487.67926025390625,1.1829886436462402,0,0.5490560531616211,0.2007026672363281,0.3483533859252929,,,,,,,,,,,,,,,,,,,,,,,,84.134891,-68.900429,HD 269857,84.1349118603,-68.9004642626,0.0,0.0,90.0,sg*,50.0,05 36 32.37885,-68 54 01.6713,A,2020yCat.1350....0G,Supergiant,*|MIR|NIR|sg*,263.459,0.058,0.0008792,2e-07,A9Ia,,0.0109,0.0161,1.84,0.684,0.019,0.022,90.0,,,,10.64,10.29,,9.466,9.311,9.217,,,,,,0.129792,0.0
80.220844,-68.8256,05205300-6849321,13.112431085043989,,13.391,0.053,13.068454545454545,0.044,UAA,22,12,0cc,0,0,13.193,13.103,4658312084667666816,80.2208346496899,-68.82558967536711,-0.1201675176216657,2.1204384362173427,0.3683873676257557,2.152200937271118,0.0568295568227767,0.0625097006559372,0.0649245381355285,-1.850879907608032,0.0767946317791938,0.0841027647256851,2.884552478790283,372.681640625,0.3116906881332397,3.0016555786132812,1.12265944480896,31,0.1177627593278884,False,17.0073184967041,18.101299285888672,15.971431732177734,2964.9653391693005,785.0502791929135,3240.301140402863,2.7167623043060303,1091.35986328125,9.537311553955078,82.31358337402344,10.295124053955078,314.7413330078125,1.357638597488403,0,2.1298675537109375,1.0939807891845703,1.0358867645263672,,19.521,17.801,17.878,,0.085,0.047,0.141,80.220844,-68.8256,,,,,,,,,,,,,0.567417065202989,80.220844,-68.8256,OGLE LMC-LPV-44015,80.220844,-68.8256,0.09,0.08,2.0,LP*,1.0,05 20 53.00256,-68 49 32.1600,C,2003yCat.2246....0C,LongPeriodV*,*|LP*|NIR,,,,,,,,,,,,,,,,,,17.831,,,13.391,13.103,,,,,,0.0,0.0
81.645346,-68.868721,05263488-6852073,9.900431085043987,0.024,9.837,0.022,9.752454545454546,0.019,AAA,222,111,00d,0,0,9.981,9.787,4658486455992620416,81.64537130775363,-68.86870201261213,0.0101920700451308,1.6421555619565888,0.5391359189840267,1.7283930778503418,0.0134971244260668,0.0136998165398836,0.0133939338847994,0.7609466910362244,0.0189358927309513,0.0192311145365238,-3.5477850437164307,709.8172607421875,0.1045359000563621,8.97922420501709,0.8601552248001099,31,0.0272474735975265,False,10.429818153381348,10.555411338806152,10.18334674835205,1267709.2299179293,818940.586322424,669606.1672206009,1796.3505859375,705.7136840820312,3083.356689453125,265.600341796875,2479.983154296875,270.00433349609375,1.1742020845413208,0,0.3720645904541015,0.1255931854248047,0.2464714050292968,,,,,,,,,,,,,,,,,,,,,,,,81.645346,-68.868721,HD 269541,81.6453510627,-68.8687044088,0.0,0.0,90.0,sg*,44.0,05 26 34.88426,-68 52 07.3359,A,2020yCat.1350....0G,Supergiant,*|MIR|NIR|sg*,276.0,,0.0009211,,A2Ia,,0.0102,0.0134,1.642,0.539,0.019,0.019,90.0,,,,10.53,10.43,,9.981,9.837,9.787,,,,,,0.060089,0.0
81.688791,-68.831322,05264530-6849527,9.808431085043988,0.027,9.852,0.026,9.759454545454544,0.021,AAA,222,111,000,0,0,9.889,9.794,4658488105260061184,81.6888539276862,-68.83132845887704,-0.1083270161904719,1.578597110887105,0.3367060446373692,1.61410653591156,0.043647427111864,0.0428996123373508,0.0434474274516105,-2.4932897090911865,0.057362787425518,0.0588744096457958,17.20286750793457,5953.2822265625,0.4983220398426056,195.8058624267578,1.7734593152999878,31,0.0841597542166709,False,9.938076972961426,9.902276992797852,9.873515129089355,1993957.279980929,1494535.006852445,890742.5218662998,3992.306884765625,499.4498901367187,8011.6240234375,186.5458221435547,4846.52392578125,183.78997802734375,1.1962530612945557,0,0.028761863708496,-0.0357999801635742,0.0645618438720703,,,,,,,,,,,,,,,,,,,,,,,,81.688791,-68.831322,HD 269546,81.688834499,-68.8313299554,0.0,0.0,90.0,WR*,111.0,05 26 45.32028,-68 49 52.7878,A,2020yCat.1350....0G,WolfRayet*,*|MIR|NIR|UV|WR*,283.205,0.329,0.0009451,1.1e-06,WN5b(h)+B3I,,0.6,0.39,1.579,0.337,0.057,0.059,90.0,,,,9.83,9.86,9.76,9.889,9.852,9.794,,,,,,0.063388,0.0
83.585317,-68.855721,05342047-6851205,11.730431085043987,0.023,11.552,0.026,11.438454545454546,0.024,AAA,222,111,000,0,0,11.811,11.473,4658449175674781952,83.58534037882822,-68.8556903222095,-0.0112541016870799,1.815573016263364,0.5480173229859252,1.8964779376983645,0.0126693323254585,0.0128339072689414,0.0131938587874174,-0.8529803156852722,0.0167697332799434,0.0163022112101316,-0.4461844265460968,490.6556701660156,0.0757890939712524,4.072813510894775,0.9810978770256042,31,0.0236746873706579,False,12.8417387008667,13.132460594177246,12.383689880371094,137483.77177828862,76283.83876990456,88243.37628570979,31.085620880126953,4422.7451171875,51.17026901245117,1490.784423828125,32.20317459106445,2740.207275390625,1.1967028379440308,0,0.7487707138061523,0.2907218933105469,0.4580488204956054,14.053,13.594,13.036,,0.01,0.01,0.01,,83.585317,-68.855721,83.5853012,-68.855695,13.502,0.07,12.941,0.01,13.174,0.03,12.828,0.02,12.722,0.03,0.310681229525537,,,,,,,,,,,,,,,,,,,,,,,,,,,,,,,,,,,,,,,,,,,,,
81.997478,-68.811134,05275939-6848400,11.46743108504399,0.023,11.336,0.023,11.214454545454544,0.021,AAA,222,111,000,0,0,11.548,11.249,4658491128910224000,81.99748763986926,-68.81114055978063,-0.0192109656032828,1.713164047076066,0.5753425798683052,1.8071939945220947,0.0101102776825428,0.0107354987412691,0.010793681256473,-1.7798343896865845,0.013011242263019,0.0138789042830467,-3.469756841659546,354.9087829589844,0.0,0.0,0.8597679734230042,31,0.0200206488370895,False,12.414552688598633,12.652850151062012,12.012636184692385,203763.19419159775,118652.46261064718,124194.90350322834,44.66497802734375,4562.03515625,93.65943908691406,1266.8499755859375,56.828125,2185.44775390625,1.1918116807937622,0,0.6402139663696289,0.2382974624633789,0.40191650390625,13.373,12.974,12.566,10.336,0.01,0.01,0.01,0.066,81.997478,-68.811134,81.9974548,-68.8111498,,,,,,,,,,,0.4065473733820361,81.997478,-68.811134,2MASS J05275939-6848400,81.9974665742,-68.8111431169,0.0,0.0,90.0,*,5.0,05 27 59.39198,-68 48 40.1152,A,2020yCat.1350....0G,Star,*|NIR,295.4,,0.0009858,,,,,,1.713,0.575,0.013,0.014,90.0,,,,12.92,12.51,12.22,11.548,11.336,11.249,,,,,,0.036031,0.0
82.01141,-68.811485,05280273-6848413,12.90943108504399,0.083,13.048,0.122,12.873454545454544,0.08,ABA,222,222,ccc,0,0,12.99,12.908,4658490372995980032,82.0114592138852,-68.81148934901158,0.0183394114215805,1.4714103575779285,0.4858929870953,1.5495613813400269,0.0188261456787586,0.0199048370122909,0.0212976913899183,0.8610985279083252,0.024892546236515,0.0264510437846183,2.6525473594665527,737.7478637695312,0.1714635640382766,17.219873428344727,1.111335277557373,31,0.0406852923333644,False,13.186238288879396,13.14964199066162,13.074593544006348,100103.95741243026,75086.16756918827,46700.42564184829,56.00008010864258,1787.568115234375,179.60272216796875,418.0680847167969,72.52157592773438,643.9521484375,1.2166011333465576,0,0.0750484466552734,-0.0365962982177734,0.1116447448730468,,,,,,,,,,,,,,,,,,,,,,,,82.01141,-68.811485,W61 14-5,82.0114411206,-68.8114915085,0.0,0.0,90.0,*,5.0,05 28 02.74587,-68 48 41.3694,A,2020yCat.1350....0G,Star,*|MIR|NIR,247.0,,0.0008242,,,,0.0183,0.0213,1.471,0.486,0.025,0.026,90.0,,,,12.42,12.174,,12.99,13.048,12.908,,,,,,0.046784,0.0
83.597591,-68.599701,05342342-6835589,12.153431085043987,,14.209,0.1,12.107454545454544,,UAU,20,10,0c0,0,0,12.234,12.142,4658552843317646720,83.59755693392486,-68.59968632357202,0.0761468638813406,1.9149045244414755,0.4673898874779332,1.9711196422576904,0.0588569603860378,0.0547873228788375,0.053816083818674,1.41494619846344,0.0726227760314941,0.0704353749752044,-0.0013779686996713,283.62335205078125,0.0,0.0,0.9986969828605652,95,0.1078836321830749,False,17.01280975341797,17.244977951049805,16.01816749572754,2950.0047456555226,1727.529249440841,3103.7812594190555,5.036949634552002,585.6729125976562,64.74835205078125,26.680667877197266,32.258785247802734,96.21507263183594,1.6377297639846802,0,1.2268104553222656,0.2321681976318359,0.9946422576904296,,,,,,,,,,,,,,,,,,,,,,,,,,,,,,,,,,,,,,,,,,,,,,,,,,,,,,,,,,,,,,,,,,,,
82.967797,-68.544136,05315227-6832388,10.38043108504399,0.024,10.368,0.021,10.285454545454543,0.023,AAA,222,111,000,0,0,10.461,10.32,4658474743652257664,82.96786073839368,-68.54412497645349,0.0545915743943863,1.634022905842637,0.5021113627462244,1.709428787231445,0.0194568261504173,0.0203122328966856,0.0208106078207492,2.6232569217681885,0.0221559964120388,0.0267362389713525,-4.05620813369751,1071.9620361328125,0.1877341270446777,29.291015625,0.8294694423675537,31,0.0377037450671196,False,10.483593940734863,10.487310409545898,10.441347122192385,1206449.2920925324,871952.3955130543,527982.1048229736,1825.497314453125,660.8880004882812,3842.973388671875,226.8952484130859,2453.837646484375,215.16586303710935,1.160375714302063,0,0.0459632873535156,0.0037164688110351,0.0422468185424804,,,,,,,,,,,,,,,,,,,,,,,,82.967797,-68.544136,HD 269700,82.9678408843,-68.5441272081,0.0,0.0,90.0,s*b,91.0,05 31 52.28181,-68 32 38.8579,A,2020yCat.1350....0G,BlueSG,*|Em*|EmO|MIR|NIR|s*b|V*,274.106,0.155,0.0009147,5e-07,B1.5Iaeq,,0.0546,0.0208,1.634,0.502,0.022,0.027,90.0,,,,10.56,10.54,10.38,10.461,10.368,10.32,,10.64,10.63,10.82,,0.065888,0.0
82.354256,-68.466972,05292502-6828010,10.82943108504399,0.023,10.84,0.022,10.772454545454544,0.021,AAA,222,111,000,0,0,10.91,10.807,4658478454503759104,82.35430690342247,-68.46697360334683,0.0310528996005203,1.7240382200586466,0.5285697711937476,1.8032453060150144,0.0165365897119045,0.0196475852280855,0.0177413132041692,1.7503156661987305,0.0198210887610912,0.0253590028733015,-2.1327714920043945,1199.17041015625,0.1702143847942352,27.12144660949707,0.9119492173194884,31,0.0365630462765693,False,11.264948844909668,11.332523345947266,11.087804794311523,587445.2470195264,400320.2644729265,291096.05426006566,716.8410034179688,819.49169921875,1658.7779541015625,241.33444213867188,1075.8924560546875,270.5624084472656,1.1769884824752808,0,0.2447185516357422,0.0675745010375976,0.1771440505981445,,,,,,,,,,,,,,,,,,,,,,,,82.354256,-68.466972,HD 269619,82.3542860271,-68.4669759525,0.0,0.0,90.0,sg*,33.0,05 29 25.02865,-68 28 01.1134,A,2020yCat.1350....0G,Supergiant,*|MIR|NIR|s*b|sg*|s*y,269.1,0.9,0.000898,3e-06,B9IaKn,,0.0311,0.0177,1.724,0.529,0.02,0.025,90.0,,,,11.47,11.34,,10.91,10.84,10.807,,,,,,0.04215,0.0
80.749096,-68.029625,05225978-6801466,10.455431085043989,0.023,10.323,0.025,9.977454545454544,0.025,AAA,222,111,000,0,0,10.536,10.012,4658737591314866688,80.74912654452277,-68.02961981714387,-0.0096701442331317,1.678580585386221,0.2879188725233518,1.703094244003296,0.0139149045571684,0.0139262732118368,0.0139277717098593,-0.6943066120147705,0.0172488577663898,0.0177342891693115,-5.102167129516602,894.9842529296875,0.1259261965751648,16.120391845703125,0.8060420155525208,31,0.0253646094352006,False,11.383639335632324,11.548653602600098,11.02549934387207,526612.5384862548,328061.6427590383,308289.25667882385,852.4830932617188,617.7395629882812,1718.1834716796875,190.93516540527344,1321.4334716796875,233.2991180419922,1.208385348320007,0,0.5231542587280273,0.1650142669677734,0.3581399917602539,,,,,,,,,,,,,,,,,,,,,,,,80.749096,-68.029625,HD 269445,80.7491066038,-68.0296210968,0.0,0.0,90.0,WR*,136.0,05 22 59.78558,-68 01 46.6359,A,2020yCat.1350....0G,WolfRayet*,*|Em*|EmO|MIR|NIR|V*|WR*,278.0,,0.0009277,,Ofpe/WN9,,0.0401,0.0258,1.679,0.288,0.017,0.018,90.0,,,,11.77,11.52,11.41,10.536,10.323,10.012,,11.67,11.44,11.36,,0.020035,0.0
80.596557,-67.899345,05222317-6753576,10.60443108504399,0.024,10.408,0.025,10.249454545454546,0.023,AAA,222,111,000,0,0,10.685,10.284,4658743058834995584,80.5966041059616,-67.89934057002843,0.0118476915012447,1.7948105501716207,0.3050517486682397,1.820549726486206,0.010656944476068,0.0103388391435146,0.0106644369661808,1.1109533309936523,0.0131023190915584,0.0135184898972511,-5.692999362945557,435.7994384765625,0.0532781668007373,2.8410348892211914,0.7796631455421448,31,0.019877815619111,False,11.837122917175291,12.142101287841797,11.328042984008787,346814.84311766556,189922.5487406348,233314.1768890503,145.17520141601562,2388.93994140625,279.9443054199219,678.4297485351562,217.3195037841797,1073.599853515625,1.220353603363037,0,0.8140583038330078,0.3049783706665039,0.5090799331665039,13.154,11.299,11.569,11.164,0.038,0.128,0.1,0.067,80.596557,-67.899345,80.5965609,-67.8993412,12.384,0.02,11.84,0.01,12.061,0.01,11.737,0.02,11.627,0.0,0.5156816652702855,80.596557,-67.899345,2MASS J05222317-6753576,80.596582904,-67.8993419258,0.0,0.0,90.0,*,5.0,05 22 23.17990,-67 53 57.6309,A,2020yCat.1350....0G,Star,*|MIR|NIR,301.44,0.091,0.001006,3e-07,FIe,,0.0118,0.0107,1.795,0.305,0.013,0.014,90.0,,,,11.299,11.569,,10.685,10.408,10.284,,,,,,0.03679,0.0
80.561819,-67.859047,05221483-6751325,12.39243108504399,0.023,12.351,0.026,12.295454545454543,0.023,AAA,222,111,0d0,0,0,12.473,12.33,4658743741708030208,80.56182511322963,-67.85907675998406,0.0407832158848311,1.621340845430295,0.29632519553843,1.6481974124908447,0.0251399837434291,0.0232587028294801,0.0238786879926919,1.7079336643218994,0.0313429273664951,0.0311840884387493,3.3109238147735596,2365.208740234375,0.2546700537204742,59.15990447998047,1.1323950290679932,31,0.0487894304096698,False,12.561182022094728,12.537091255187988,12.517053604125977,178022.18307327863,132001.94350144244,78043.5042561843,98.91490173339844,1799.7508544921875,222.0800018310547,594.38916015625,168.29673767089844,463.7255859375,1.179883599281311,0,0.0200376510620117,-0.0240907669067382,0.04412841796875,12.39,11.485,12.514,12.447,0.052,0.173,0.023,0.08,80.561819,-67.859047,80.5618036,-67.8590748,12.533,0.02,12.577,0.01,12.474,0.01,12.674,0.03,12.851,0.07,0.3587875042531194,80.561819,-67.859047,SK -67   86,80.5618059935,-67.859078077,0.0,0.0,90.0,*,6.0,05 22 14.83344,-67 51 32.6811,A,2020yCat.1350....0G,Star,*|MIR|NIR,,,,,OB,,0.0408,0.0239,1.621,0.296,0.031,0.031,90.0,,,,12.53,12.57,,12.473,12.351,12.33,,,,,,0.11326,0.0
81.292764,-67.85672,05251026-6751241,12.660431085043989,0.024,12.658,0.022,12.616454545454545,0.033,AAA,222,111,000,0,0,12.741,12.651,4658646989006699776,81.29281039792937,-67.85671793560796,-0.002524110111631,1.634909134399229,0.1942705630080551,1.6464109420776367,0.0113217243924736,0.0137860206887125,0.0128905335441231,-0.1958111524581909,0.0164464488625526,0.017154736444354,-4.177732467651367,382.2360229492187,0.0393875464797019,1.1268545389175415,0.8285346627235413,31,0.0261406600475311,False,13.033480644226074,13.09805965423584,12.915567398071287,115227.02424145768,78739.55457739845,54066.871929912864,69.1681900024414,1665.896240234375,95.90486145019533,821.017333984375,45.82570266723633,1179.8372802734375,1.152563214302063,0,0.1824922561645507,0.0645790100097656,0.1179132461547851,13.121,12.795,13.18,12.949,0.123,0.129,0.084,0.042,81.292764,-67.85672,81.2927692,-67.8567189,13.122,0.04,13.073,0.01,13.03,0.01,13.147,0.02,13.274,0.09,0.282342988109563,81.292764,-67.85672,SK -67   98,81.2927911201,-67.856718799,0.0,0.0,90.0,*,5.0,05 25 10.26987,-67 51 24.1877,A,2020yCat.1350....0G,Star,*|MIR|NIR,371.0,,0.0012383,,A0I:,,0.0072,0.0294,1.635,0.194,0.016,0.017,90.0,,,,13.18,13.09,,12.741,12.658,12.65,,,,,,0.037053,0.0
80.959342,-67.764236,05235024-6745512,12.084431085043988,,14.468,0.214,11.840454545454543,,UCU,20,10,0c0,0,0,12.165,11.875,4658836100688848512,80.95919111923047,-67.76425333895784,0.009433740375128,1.8560893165996517,0.0562133549729595,1.8569403886795044,0.0803347826004028,0.0726929381489753,0.0885020866990089,0.1065934225916862,0.1162188127636909,0.126283049583435,-0.030575705692172,268.84234619140625,0.0982463657855987,0.160991832613945,0.9973631501197816,95,0.1913150995969772,False,17.532751083374023,17.74812126159668,16.464065551757812,1827.4549853600697,1086.8467864813435,2058.409698805596,3.3683485984802246,542.537353515625,43.02701187133789,25.25963973999023,42.71344375610352,48.19114303588867,1.7211129665374756,0,1.2840557098388672,0.2153701782226562,1.068685531616211,,,,,,,,,,,,,,,,,,,,,,,,,,,,,,,,,,,,,,,,,,,,,,,,,,,,,,,,,,,,,,,,,,,,
83.104007,-67.698242,05322496-6741536,8.14543108504399,0.026,7.881,0.033,7.654454545454546,0.026,AAA,111,111,000,2,0,8.226,7.689,4658617199111762560,83.10403669186208,-67.69822381888848,0.0114315431489058,1.6172924897445655,0.5191207372649258,1.698564529418945,0.0101037379354238,0.010500643402338,0.0105099724605679,1.0876853466033936,0.0144905634224414,0.0144341234117746,-4.995743751525879,309.40753173828125,0.0,0.0,0.7921441197395325,31,0.0204369239509105,True,9.707143783569336,10.259927749633787,9.006072044372559,2466546.5096190167,1075092.1509216358,1980293.3302299376,4509.04541015625,547.0219116210938,7245.90185546875,148.3724365234375,8230.9814453125,240.59017944335935,1.2387300729751587,0,1.2538557052612305,0.5527839660644531,0.7010717391967773,,,,,,,,,,,,,,,,,,,,,,,,83.104007,-67.698242,HD 269723,83.1040177505,-67.6982261261,0.0,0.0,90.0,s*y,62.0,05 32 24.96426,-67 41 53.6141,A,2020yCat.1350....0G,YellowSG,*|LP?|NIR|s*y,305.047,0.094,0.001018,3e-07,G4_0,,0.0114,0.0105,1.617,0.519,0.014,0.014,90.0,,,,10.98,9.91,,8.226,7.881,7.689,,,,,,0.059003,0.0
83.898897,-67.656158,05353573-6739221,11.81543108504399,,14.112,0.12,11.568454545454545,,UBU,20,20,0c0,0,0,11.896,11.603,4660109408166700032,83.89884053357052,-67.65613303504566,-0.0884725007317613,1.662340291472687,1.4617157889697951,2.2135918140411377,0.1076807528734207,0.1012942194938659,0.103825606405735,-0.8521260619163513,0.1134663894772529,0.1222574636340141,17.779470443725586,952.1633911132812,0.8554319143295288,19.810060501098633,1.8832658529281616,95,0.1807921677827835,False,17.013385772705078,17.385250091552734,16.045448303222656,2948.4388802640437,1518.1567759689028,3026.766946965568,5.8735480308532715,501.9860229492187,43.76730728149414,34.68700408935547,16.821828842163086,179.930908203125,1.541467785835266,0,1.339801788330078,0.3718643188476562,0.967937469482422,18.299,18.079,16.882,,0.138,0.18,0.299,,83.898897,-67.656158,,,,,,,,,,,,,0.9208836028889588,,,,,,,,,,,,,,,,,,,,,,,,,,,,,,,,,,,,,,,,,,,,,
84.143504,-67.675377,05363444-6740313,11.201431085043987,0.022,11.021,0.022,10.921454545454544,0.024,AAA,222,111,000,0,0,11.282,10.956,4659358544827437952,84.14352875105438,-67.67536917648545,0.017065087687742,1.7096464482577185,0.6499051306949422,1.829007267951965,0.013108741492033,0.0129904597997665,0.0130364131182432,1.3090324401855469,0.0148376654833555,0.0157848317176103,-0.4058194160461426,450.58831787109375,0.0776245668530464,5.581765174865723,0.981360137462616,31,0.0228751171380281,False,12.23252296447754,12.496379852294922,11.800970077514648,240955.8773744034,137045.55786656376,150928.13113321413,61.5837516784668,3912.6533203125,102.22003173828124,1340.6917724609375,100.1977996826172,1506.3018798828125,1.1951303482055664,0,0.6954097747802734,0.2638568878173828,0.4315528869628906,13.343,12.874,12.416,9.677,0.01,0.01,0.01,0.13,84.143504,-67.675377,84.1434995,-67.6753737,12.823,0.04,12.347,0.01,12.536,0.02,12.243,0.01,12.161,0.0,0.1206087611367426,84.143504,-67.675377,HD 269868,84.1435087475,-67.675372065,0.0,0.0,90.0,*,36.0,05 36 34.44210,-67 40 31.3394,A,2020yCat.1350....0G,Star,*|MIR|NIR,270.575,0.121,0.0009029,4e-07,F8I:,,0.0171,0.013,1.71,0.65,0.015,0.016,90.0,,,,12.82,12.36,12.06,11.282,11.021,10.956,,,,,,0.018915,0.0
83.086306,-67.52153,05322071-6731175,11.23243108504399,0.033,11.346,0.04,11.192454545454543,0.038,AAA,222,111,0cc,0,0,11.313,11.227,4660121468476400896,83.08637585376648,-67.52152544228429,-0.0352408480276447,1.694260823830544,0.5766707355206371,1.7897119522094729,0.0201763827353715,0.0223760940134525,0.0210996158421039,-1.6702128648757937,0.0241925455629825,0.0291823484003543,-2.5624661445617676,1591.1842041015625,0.2102102637290954,44.7559700012207,0.8963332772254944,31,0.0424475371837616,False,11.442770957946776,11.44884204864502,11.37991428375244,498698.7691045497,359649.9068317637,222429.45753028768,425.0698547363281,1173.216064453125,817.4741821289062,439.9526062011719,541.11279296875,411.059326171875,1.167196273803711,0,0.0689277648925781,0.0060710906982421,0.0628566741943359,,,,,,,,,,,,,,,,,,,,,,,,,,,,,,,,,,,,,,,,,,,,,,,,,,,,,,,,,,,,,,,,,,,,
83.496123,-67.537704,05335906-6732157,11.936431085043989,0.022,11.929,0.021,11.813454545454546,0.023,AAA,222,111,000,0,0,12.017,11.848,4660114630887759360,83.49615048718297,-67.53770916062479,-0.0148805910380763,1.6025204605721282,0.6130196960005242,1.7157695293426514,0.0176331792026758,0.0201429519802331,0.0190214477479457,-0.782305896282196,0.0216136388480663,0.026262367144227,1.856311321258545,1527.3046875,0.1964394897222519,37.81526184082031,1.0717616081237793,31,0.0379079394042491,False,12.23332691192627,12.260040283203123,12.134657859802246,240777.60536975053,170373.06733304646,110992.89585001871,433.15032958984375,555.8753662109375,898.6900024414062,189.579345703125,574.2938842773438,193.2684631347656,1.168571949005127,0,0.1253824234008789,0.0267133712768554,0.0986690521240234,11.633,12.404,12.396,10.604,0.01,0.01,0.01,0.127,83.496123,-67.537704,83.4961371,-67.537715,12.253,0.07,12.228,0.01,12.163,0.03,12.312,0.04,12.435,0.06,0.4662659334475985,83.496123,-67.537704,SK -67  197,83.4961318461,-67.5377118852,0.0,0.0,90.0,sg*,20.0,05 33 59.07164,-67 32 15.7628,A,2020yCat.1350....0G,Supergiant,*|Em*|MIR|NIR|sg*,313.1,,0.0010449,,A0Ia,,,,1.603,0.613,0.022,0.026,90.0,,,,12.25,12.23,12.23,12.017,11.929,11.848,,12.16,12.31,12.44,,0.030884,0.0
81.516514,-67.499176,05260396-6729570,11.683431085043988,0.029,11.615,0.027,10.937454545454544,0.023,AAA,222,111,000,0,0,11.764,10.972,4658681898503248256,81.51653438437836,-67.49918919577007,-0.0030566425980486,1.6012126806831444,0.4224590559391524,1.6560053825378418,0.0266529377549886,0.0277732573449611,0.0274423733353614,-0.1113840490579605,0.0332627035677433,0.0350574105978012,-2.3590030670166016,3778.84765625,0.3238336741924286,112.75151824951172,0.9108721613883972,31,0.050082542002201,False,11.434441566467283,11.337976455688477,11.60044288635254,502539.5266128621,398314.80281158054,181543.57896739256,331.81170654296875,1514.5322265625,783.8174438476562,508.17291259765625,353.9205017089844,512.9501342773438,1.1538562774658203,0,-0.2624664306640625,-0.0964651107788086,-0.1660013198852539,,10.859,11.621,,,0.268,0.098,,81.516514,-67.499176,81.5165162,-67.4991895,11.246,0.03,11.423,0.01,11.271,0.01,11.564,0.01,11.937,0.01,0.4029765111324366,81.516514,-67.499176,HD  36402,81.5165157887,-67.4991910734,0.0,0.0,90.0,WR*,143.0,05 26 03.96379,-67 29 57.0879,A,2020yCat.1350....0G,WolfRayet*,*|Em*|LP*|MIR|NIR|SB*|V*|WR*,,,,,(WC),,,,1.601,0.422,0.033,0.035,90.0,,,,11.25,11.621,11.65,11.764,11.615,10.972,,11.27,11.56,11.94,,0.05432,0.0
81.69618,-67.479385,05264708-6728457,11.493431085043987,0.023,11.516,0.022,11.412454545454544,0.025,AAA,222,111,000,0,0,11.574,11.447,4658684784721986688,81.69621316849306,-67.47938381383727,-0.0154037090333401,1.6499835352427,0.4798952492764408,1.7183552980422974,0.0241937357932329,0.0238836985081434,0.0240027699619531,-0.6417471766471863,0.0297788828611373,0.0305849909782409,-3.3194243907928467,2222.017822265625,0.2624017298221588,66.65092468261719,0.8686699271202087,31,0.0448485575616359,False,11.53699779510498,11.494040489196776,11.576482772827148,457243.45958861255,344985.2896630438,185594.4224347734,706.2117309570312,647.45947265625,1595.7366943359375,216.19186401367188,889.9650268554688,208.541259765625,1.1603877544403076,0,-0.0824422836303711,-0.0429573059082031,-0.0394849777221679,,,,,,,,,,,,,,,,,,,,,,,,81.69618,-67.479385,HD 269540,81.6961940224,-67.4793859467,0.0,0.0,90.0,Em*,16.0,05 26 47.08657,-67 28 45.7894,A,2020yCat.1350....0G,EmLine*,*|Em*|EmO|MIR|NIR,,,,,OBe,,,,1.65,0.48,0.03,0.031,90.0,,,,11.5,11.59,11.74,11.574,11.516,11.447,,11.5,11.74,11.97,,0.019633,0.0
83.961629,-67.441521,05355079-6726294,11.34143108504399,0.02,11.41,0.026,11.299454545454545,0.021,AAA,222,111,000,0,0,11.422,11.334,4660135929586764416,83.96165038137418,-67.44151142059454,-0.0366213176631949,1.60619258041036,0.7027454256011043,1.753198742866516,0.0146471885964274,0.0161622520536184,0.0158618818968534,-2.308762311935425,0.0181528739631176,0.0224530156701803,-0.7603720426559448,1099.233642578125,0.1498747169971466,23.67248153686523,0.969211757183075,31,0.0319442637264728,False,11.767505645751951,11.828877449035645,11.617060661315918,369780.7622719224,253434.54941417897,178786.17287903122,238.98776245117188,1547.279052734375,481.603759765625,526.2304077148438,306.04144287109375,584.1893920898438,1.1688567399978638,0,0.2118167877197265,0.0613718032836914,0.1504449844360351,,,,,,,,,,,,,,,,,,,,,,,,83.961629,-67.441521,HD 269841,83.9616317731,-67.4415145439,0.0,0.0,90.0,sg*,27.0,05 35 50.79163,-67 26 29.4524,A,2020yCat.1350....0G,Supergiant,*|MIR|NIR|sg*,278.0,,0.0009277,,A0Ia,,0.0085,0.0213,1.606,0.703,0.018,0.022,90.0,,,,11.92,11.81,,11.422,11.41,11.334,,,,,,0.023555,0.0
82.08476,-67.405075,05282034-6724182,9.45443108504399,0.021,9.352,0.022,9.195454545454544,0.019,AAA,222,111,000,0,0,9.535,9.23,4660175585039447040,82.08474484157571,-67.40508563200113,0.0076049576823343,1.5727651727613936,0.4935001737464519,1.648372769355774,0.0103057352825999,0.0118942856788635,0.0117907002568244,0.6449962854385376,0.0131328552961349,0.0157039817422628,-4.7100372314453125,474.0630187988281,0.0614452734589576,3.343423128128052,0.8141756057739258,31,0.0221585147082805,True,10.448275566101074,10.732989311218262,10.006613731384276,1246339.800948108,695378.3735511067,787975.6949992493,2630.25927734375,473.84674072265625,5342.91259765625,130.14968872070312,3566.342041015625,220.9478759765625,1.1901682615280151,0,0.7263755798339844,0.2847137451171875,0.4416618347167969,,,,,,,,,,,,,,,,,,,,,,,,82.08476,-67.405075,HD 269594,82.0847266484,-67.4050878253,0.0,0.0,90.0,*,53.0,05 28 20.33440,-67 24 18.3162,A,2020yCat.1350....0G,Star,*|MIR|NIR,320.619,0.101,0.00107,3e-07,G5I,,0.0076,0.0118,1.573,0.494,0.013,0.016,90.0,,,,11.28,10.69,10.32,9.535,9.352,9.23,,,,,,0.065267,0.0
83.73109,-67.351929,05345546-6721069,10.22943108504399,0.026,10.203,0.022,10.164454545454545,0.026,AAA,222,111,000,0,0,10.31,10.199,4660141568938243840,83.73111903326793,-67.35191673825517,0.0377032541925589,1.6857413263125238,0.5443906389394805,1.7714641094207764,0.020391596481204,0.024138243868947,0.0221048332750797,1.70565664768219,0.0234186630696058,0.0315819047391414,-4.16849946975708,1856.3306884765625,0.2258952409029007,51.78767013549805,0.8314909934997559,95,0.0452615991234779,False,10.46139144897461,10.50047206878662,10.35241413116455,1231374.8787831515,861446.2320062084,573050.2166342413,1339.81494140625,919.0634155273438,2821.879150390625,305.2739562988281,1843.5936279296875,310.833251953125,1.1649551391601562,0,0.1480579376220703,0.0390806198120117,0.1089773178100586,10.545,9.459,10.348,,0.118,0.207,0.087,,83.73109,-67.351929,83.7310948,-67.3519223,10.529,0.01,10.418,0.01,11.049,0.01,10.484,0.01,10.638,0.01,0.2243522260212904,83.73109,-67.351929,HD 269801,83.7310995766,-67.3519191578,0.0,0.0,90.0,s*b,36.0,05 34 55.46390,-67 21 06.9090,A,2020yCat.1350....0G,BlueSG,*|MIR|NIR|s*b,317.6,0.8,0.00106,2.7e-06,B9Ia0,,0.0377,0.0221,1.686,0.544,0.023,0.032,90.0,,,,10.58,10.348,,10.31,10.203,10.199,,,,,,0.037837,0.0
80.696242,-67.206306,05224709-6712227,11.44143108504399,0.023,11.445,0.025,11.363454545454545,0.025,AAA,222,111,000,0,0,11.522,11.398,4658882593740767104,80.69630159872442,-67.20630387362675,-0.0538691704026581,1.6686088418090887,0.2833641105966952,1.6924983263015747,0.0152397220954298,0.0164206847548484,0.0154883041977882,-3.4780547618865967,0.0187681578099727,0.0227477271109819,-1.9529298543930056,802.665283203125,0.1388343870639801,18.377126693725582,0.9187572002410888,31,0.0319732353091239,False,11.854127883911133,11.924880027770996,11.69479751586914,341425.17905273865,231987.56929092816,166432.96241190712,134.6817169189453,2535.05224609375,299.50250244140625,774.576416015625,239.5008087158203,694.9160766601562,1.1669336557388306,0,0.2300825119018554,0.0707521438598632,0.1593303680419922,,,,,,,,,,,,,,,,,,,,,,,,80.696242,-67.206306,SK -67   89,80.6962824563,-67.206305133,0.0,0.0,90.0,*,17.0,05 22 47.10779,-67 12 22.6985,A,2020yCat.1350....0G,Star,*|MIR|NIR,321.0,10.0,0.0010713,3.34e-05,A3Ib,,0.22,0.44,1.669,0.283,0.019,0.023,90.0,,,,11.99,11.89,,11.522,11.445,11.398,,,,,,0.05651,0.0
82.505194,-67.243576,05300124-6714368,11.631431085043989,0.027,11.676,0.025,11.601454545454544,0.027,AAA,222,111,000,0,0,11.712,11.636,4660180670310935680,82.5051964352326,-67.2435815945746,-0.0334013361207018,1.616638167175438,0.4488743117716962,1.6777982711791992,0.013653676956892,0.0156496819108724,0.0146243590861558,-2.283951997756958,0.0161800943315029,0.0203450787812471,-0.7717525959014893,981.3809204101562,0.1352070569992065,18.91606330871582,0.9683119058609008,31,0.0287550818175077,False,12.003751754760742,12.057073593139648,11.873244285583496,297471.9293920353,205393.8560091153,141208.35657282357,94.20398712158205,3157.742431640625,203.3405609130859,1010.0978393554688,104.14148712158205,1355.927978515625,1.1651593446731567,0,0.1838293075561523,0.0533218383789062,0.1305074691772461,,,,,,,,,,,,,,,,,,,,,,,,82.505194,-67.243576,HD 269638,82.5051778603,-67.2435835896,0.0,0.0,90.0,sg*,25.0,05 30 01.24269,-67 14 36.9009,A,2020yCat.1350....0G,Supergiant,*|MIR|NIR|Pe*|sg*,307.027,0.875,0.0010247,2.9e-06,A2Iab,,0.52,0.32,1.617,0.449,0.016,0.02,90.0,,,,12.1,11.98,,11.712,11.676,11.636,,,,,,0.035379,0.0
82.705807,-67.153381,05304939-6709121,11.795431085043989,0.022,11.861,0.024,11.736454545454546,0.025,AAA,222,111,000,0,0,11.876,11.771,4660205478044365952,82.70583611119805,-67.15337310213489,0.0018446049705629,1.7431580021669826,0.5104280837717502,1.816352605819702,0.01555354334414,0.0164925009012222,0.015977531671524,0.1154499351978302,0.0203809831291437,0.0228168349713087,3.623046398162842,1190.8265380859375,0.164082333445549,28.746736526489254,1.1452590227127075,31,0.0318734049797058,False,12.242298126220703,12.30808925628662,12.091514587402344,238796.15150881407,162997.5527653455,115492.12436164368,72.6604995727539,3286.464599609375,121.37956237792967,1342.874755859375,84.85504150390625,1361.052001953125,1.1662235260009766,0,0.2165746688842773,0.0657911300659179,0.1507835388183593,13.065,10.946,12.31,10.517,0.099,0.101,0.056,0.101,82.705807,-67.153381,82.7058221,-67.1533817,12.319,0.05,12.259,0.03,12.207,0.01,12.327,0.01,12.457,0.03,0.3277460796099672,82.705807,-67.153381,SOI 227,82.7058161574,-67.1533753707,0.0,0.0,90.0,Pe*,14.0,05 30 49.39588,-67 09 12.1513,A,2020yCat.1350....0G,ChemPec*,*|MIR|NIR|Pe*,294.623,0.696,0.0009832,2.3e-06,A2Ib,,0.0018,0.016,1.743,0.51,0.02,0.023,90.0,,,,12.29,12.2,,11.876,11.861,11.771,,,,,,0.023969,0.0
83.620125,-67.125839,05342883-6707330,11.39643108504399,0.036,11.401,0.057,11.317454545454543,0.039,AAA,222,111,ccc,0,0,11.477,11.352,4660151464529858432,83.62011186708817,-67.12582390494804,-0.0812887061937416,1.7230085867147993,0.5147031977018675,1.7982430458068848,0.015071727335453,0.0155826704576611,0.0151903331279754,-5.351344585418701,0.0203270372003316,0.0203704871237278,-0.3422308266162872,888.5484008789062,0.1321906894445419,18.418380737304688,0.9846226572990416,31,0.0302887596189975,False,11.904844284057615,11.965957641601562,11.72754192352295,325843.5974944727,223374.6180912167,161488.43474711923,152.86532592773438,2131.572998046875,277.6707458496094,804.4586181640625,201.43814086914065,801.6775512695312,1.1811281442642212,0,0.2384157180786132,0.0611133575439453,0.1773023605346679,12.829,9.926,11.81,,0.046,0.086,0.031,,83.620125,-67.125839,83.6200589,-67.1258309,11.53,0.11,11.417,0.01,11.429,0.01,11.393,0.01,11.364,0.01,0.4028040661765069,83.620125,-67.125839,HD 269783,83.6200921664,-67.1258261925,0.0,0.0,90.0,*,5.0,05 34 28.82212,-67 07 32.9743,A,2020yCat.1350....0G,Star,*,,,,,A2I,,0.21,0.28,1.723,0.515,0.02,0.02,90.0,,,,11.75,11.53,,,,,,,,,,0.065091,0.0
83.680276,-67.06958,05344326-6704104,9.31243108504399,0.023,8.722,0.038,8.540454545454544,0.024,AAA,212,111,000,0,0,9.393,8.575,4660152083015933056,83.68031750130366,-67.06957058540677,0.0378408008445519,1.622323462994574,0.5424820857122101,1.7106198072433472,0.0170704443007707,0.0183184836059808,0.0178030412644147,2.125524520874023,0.0219522062689065,0.0232090819627046,0.7158495783805847,1138.287841796875,0.1699509471654892,31.031625747680664,1.0284745693206787,95,0.0335822738707065,False,11.325766563415527,12.116462707519531,10.47742748260498,555443.7410764088,194460.74834033125,510725.1720016068,354.6949462890625,1565.9759521484375,308.25531005859375,630.8431396484375,654.8515625,779.9098510742188,1.269590139389038,0,1.6390352249145508,0.7906961441040039,0.8483390808105469,15.333,13.704,11.976,,0.03,0.01,,,83.680276,-67.06958,83.6802871,-67.0695675,13.478,0.04,11.778,0.01,12.564,0.04,11.252,0.01,10.795,0.01,0.2440535703204361,83.680276,-67.06958,2MASS J05344326-6704104,83.6802989949,-67.0695729964,0.0,0.0,90.0,*,9.0,05 34 43.27176,-67 04 10.4628,A,2020yCat.1350....0G,Star,*|MIR|NIR,304.579,0.051,0.0010165,2e-07,,,0.0378,0.0178,1.622,0.542,0.022,0.023,90.0,,,,13.65,11.92,11.11,9.393,8.722,8.575,,,,,,0.040938,0.0
82.083504,-67.038734,05282004-6702194,11.625431085043989,0.022,11.651,0.024,11.554454545454544,0.023,AAA,222,111,000,0,0,11.706,11.589,4660187507898616448,82.08357788461059,-67.03873134491332,-0.019245169113666,1.6808774656029173,0.4715156640332655,1.7457594871520996,0.0140717756003141,0.0145454034209251,0.0151740219444036,-1.2682971954345703,0.0176211036741733,0.0186318475753068,1.1415709257125854,949.4813232421876,0.1361546963453292,20.836158752441406,1.0446113348007202,31,0.026403347030282,False,12.118356704711914,12.200005531311035,11.941238403320312,267672.57342669496,180058.97687970276,132636.4160080753,50.09041595458984,5343.7880859375,95.29469299316406,1889.496337890625,54.21304702758789,2446.577392578125,1.1682010889053345,0,0.2587671279907226,0.0816488265991211,0.1771183013916015,12.423,12.344,12.276,,0.01,0.01,0.01,,82.083504,-67.038734,82.0835674,-67.0387389,12.197,0.01,12.183,0.01,,,,,,,0.8257051807843006,82.083504,-67.038734,HD 269591,82.0835587347,-67.0387334405,0.0,0.0,90.0,*,16.0,05 28 20.05410,-67 02 19.4404,A,2020yCat.1350....0G,Star,*|MIR|NIR,306.805,0.845,0.0010239,2.8e-06,A4I,,0.0137,0.0246,1.681,0.472,0.018,0.019,90.0,,,,12.29,12.22,12.1,11.706,11.651,11.589,,,,,,0.076895,0.0
82.509449,-67.045898,05300226-6702452,8.67443108504399,0.034,8.162,0.024,7.939454545454546,0.02,AAA,111,111,000,0,0,8.755,7.974,4660207333449354112,82.50948317030479,-67.04585296249142,0.0120020079200724,1.6301889428201324,0.435922239355931,1.687466740608215,0.0102373082190752,0.0104898121207952,0.0107814129441976,1.1132129430770874,0.0128243211656808,0.0143039533868432,-1.9814534187316897,410.49700927734375,0.0439437851309776,1.8618760108947752,0.9167358875274658,31,0.0209934096783399,True,10.715849876403809,11.554499626159668,9.843997955322266,974107.6388479732,326299.90053992724,915291.029097919,747.7025756835938,1302.801025390625,642.3838500976562,507.95159912109375,1247.825927734375,733.5086059570312,1.2745931148529053,0,1.7105016708374023,0.8386497497558594,0.871851921081543,14.883,13.024,11.226,,0.02,,,,82.509449,-67.045898,82.5094715,-67.0458614,13.642,0.99,11.51,0.99,,,,,,,0.6010652938279049,82.509449,-67.045898,[W60] D17,82.5094645924,-67.0458548999,0.0,0.0,90.0,s*r,23.0,05 30 02.27150,-67 02 45.0776,A,2020yCat.1350....0G,RedSG,*|LP*|MIR|NIR|s*r|V*,317.322,0.079,0.001059,3e-07,K5I,,0.012,0.0108,1.63,0.436,0.013,0.014,90.0,,,,13.05,11.29,9.21,8.755,8.162,7.974,,,,,,0.156697,0.0
82.83041,-67.011963,05311929-6700430,11.746431085043987,0.024,11.686,0.03,11.579454545454546,0.027,AAA,222,111,000,0,0,11.827,11.614,4660161257055909760,82.83041883069772,-67.01196103462667,0.0250755153612656,1.6750371454149984,0.4429241613981479,1.732608199119568,0.0152130722999572,0.01473084744066,0.0152729758992791,1.6418224573135376,0.0191024560481309,0.0200090054422616,4.399487018585205,803.818603515625,0.1298498809337616,16.545467376708984,1.1889227628707886,31,0.0293048899620771,False,12.400593757629396,12.528706550598145,12.149478912353516,206399.73752123892,133025.2821605315,109488.07632322972,72.44013214111328,2849.245849609375,179.9252166748047,739.3364868164062,93.75418090820312,1167.8206787109375,1.1749693155288696,0,0.3792276382446289,0.12811279296875,0.2511148452758789,12.912,12.67,12.373,10.604,0.022,0.125,0.153,0.133,82.83041,-67.011963,82.830403,-67.0119656,12.639,0.04,12.422,0.02,12.445,0.01,12.441,0.01,12.474,0.03,0.4220627580433305,82.83041,-67.011963,SOI 232,82.8303997683,-67.0119630032,0.0,0.0,90.0,*,3.0,05 31 19.29594,-67 00 43.0668,A,2020yCat.1350....0G,Star,*|MIR|NIR,,,,,A3Ib,,0.0251,0.0153,1.675,0.443,0.019,0.02,90.0,,,,12.666,12.4,,11.827,11.69,11.614,,,,,,0.014385,0.0
83.593595,-67.023216,05342246-6701235,9.523431085043988,0.023,9.54,0.022,9.439454545454543,0.024,AAA,222,111,000,0,0,9.604,9.474,4660246228686276096,83.59363317078797,-67.02321188101148,0.0224746491379514,1.5700822738934042,0.4386599067953692,1.6302088499069214,0.011463469825685,0.0124613102525472,0.0119890291243791,1.8746012449264529,0.0167595986276865,0.0214495975524187,-8.657064437866211,459.58697509765625,0.0779677256941795,5.593483924865723,0.6570137143135071,31,0.0301081221550703,False,9.834392547607422,9.879191398620604,9.704523086547852,2193762.8863700465,1526652.6033288415,1040756.0887618536,1742.09765625,1259.26513671875,3688.073486328125,413.943115234375,2500.62353515625,416.1986389160156,1.1703218221664429,0,0.1746683120727539,0.0447988510131835,0.1298694610595703,,,,,,,,,,,,,,,,,,,,,,,,83.593595,-67.023216,HD 269781,83.5936152945,-67.0232138306,0.0,0.0,90.0,sg*,64.0,05 34 22.46767,-67 01 23.5698,A,2020yCat.1350....0G,Supergiant,*|Em*|MIR|NIR|sg*|V*|V*?,369.84,6.03,0.0012344,2.01e-05,A0Iae,,0.0225,0.012,1.57,0.439,0.017,0.021,90.0,,,,9.94,9.87,9.74,9.604,9.54,9.474,,,,,,0.02957,0.0
83.750996,-67.020187,05350023-6701126,10.31543108504399,0.024,10.31,0.024,10.255454545454544,0.023,AAA,222,111,000,0,0,10.396,10.29,4660245300973506944,83.75104388123106,-67.0201893811079,0.003322185439125,1.6584308631003144,0.4454899779111633,1.717222809791565,0.0631297454237937,0.0596869997680187,0.0632569566369056,0.052518893033266,0.0788997113704681,0.0850607827305793,67.58576202392578,11841.1201171875,0.6997086405754089,468.27398681640625,4.938091278076172,31,0.1204291507601738,True,10.818589210510254,10.902502059936523,10.624741554260254,886157.9214248001,594861.7056136795,445924.8188899703,354.031005859375,2503.0517578125,282.635986328125,2104.692138671875,189.8301239013672,2349.072998046875,1.1744933128356934,0,0.2777605056762695,0.0839128494262695,0.19384765625,11.081,10.894,10.926,9.063,0.099,0.054,0.06,0.071,83.750996,-67.020187,83.7510198,-67.0201956,11.026,0.01,10.87,0.01,,,,,11.002,0.02,0.3070731399177566,83.750996,-67.020187,HD 269807,83.7510250014,-67.0201913611,0.0,0.0,90.0,sg*,35.0,05 35 00.24600,-67 01 12.6889,A,2020yCat.1350....0G,Supergiant,*|MIR|NIR|sg*,313.472,0.108,0.0010462,4e-07,A5Ia,,0.0033,0.0633,1.658,0.445,0.079,0.085,90.0,,,,11.01,10.85,10.89,10.396,10.31,10.29,,,,,,0.04368,0.0
83.079759,-66.99791,05321914-6659524,11.26443108504399,0.024,11.284,0.024,11.230454545454544,0.023,AAA,222,111,000,0,0,11.345,11.265,4660166445377423232,83.07978605528058,-66.99791758925382,-0.0011861767925627,1.613903415433549,0.4443616345856844,1.6739598512649536,0.0171160977333784,0.0187594331800937,0.0162742380052804,-0.0728867799043655,0.0208916869014501,0.023679519072175,-5.190993785858154,933.5147705078124,0.1499545127153396,22.97814178466797,0.7899279594421387,31,0.0369927249848842,False,11.524664878845217,11.553874015808104,11.432588577270508,462466.9747197966,326488.0550616876,211895.92100971888,192.55088806152344,2401.791015625,380.9339904785156,857.072509765625,224.21945190429688,945.0380859375,1.1641565561294556,0,0.1212854385375976,0.0292091369628906,0.092076301574707,,11.526,12.445,14.171,,0.044,0.159,0.232,83.079759,-66.99791,83.0797598,-66.997927,11.542,0.01,11.498,0.03,,,,,11.741,0.0,0.8526032914461654,83.079759,-66.99791,HD 269721,83.0797676992,-66.9979195642,0.0,0.0,90.0,s*b,24.0,05 32 19.14425,-66 59 52.5104,A,2020yCat.1350....0G,BlueSG,*|MIR|NIR|s*b,296.9,1.27,0.0009908,4.2e-06,B7I,,0.16,0.43,1.614,0.444,0.021,0.024,90.0,,,,11.542,11.498,11.595,11.345,11.284,11.265,,,,,,0.036541,0.0
80.576873,-66.916389,05221844-6654590,11.04743108504399,0.023,10.878,0.025,10.763454545454543,0.026,AAA,222,111,000,0,0,11.128,10.798,4660399644912771456,80.57686928830054,-66.91640679222172,0.0313950534743155,1.7613729220397774,0.4304716534413246,1.813212752342224,0.0158612374216318,0.0160393789410591,0.0153609281405806,2.043825387954712,0.0207890029996633,0.0221478585153818,5.350373268127441,789.122314453125,0.1321331858634948,18.193754196166992,1.2348672151565552,31,0.0321075804531574,False,12.112207412719728,12.389267921447754,11.658865928649902,269192.93101973983,151255.01038929136,172032.97779120467,55.82921600341797,4821.7216796875,97.73454284667967,1547.610595703125,71.72125244140625,2398.63330078125,1.2009527683258057,0,0.7304019927978516,0.2770605087280273,0.4533414840698242,13.091,12.49,11.849,,0.021,0.071,0.217,,80.576873,-66.916389,80.5768518,-66.9164178,12.658,0.01,12.222,0.01,12.389,0.01,12.116,0.01,12.016,0.03,0.2177922273118816,80.576873,-66.916389,SOI  49,80.5768493218,-66.9164087054,0.0,0.0,90.0,*,35.0,05 22 18.44384,-66 54 59.0713,A,2020yCat.1350....0G,Star,*|MIR|NIR,290.35,0.74,0.000969,2.5e-06,F8Ib,,0.0314,0.0154,1.761,0.43,0.021,0.022,90.0,,,,12.75,12.26,,11.128,10.878,10.798,,,,,,0.078418,0.0
84.004767,-66.844955,05360114-6650418,10.53343108504399,0.023,10.127,0.027,9.922454545454546,0.023,AAA,222,111,000,0,0,10.614,9.957,4660251348288638848,84.00478008947209,-66.84492640929004,0.031597880285016,1.5917005890011724,0.7142047769397454,1.744591474533081,0.0107813803479075,0.0112386913970112,0.0106718363240361,2.9608664512634277,0.014352629892528,0.0148818558081984,2.59417986869812,583.2459716796875,0.0766705125570297,6.395437717437744,1.100850224494934,31,0.0218579489737749,False,12.30899429321289,12.91044807434082,11.571844100952148,224568.61714109936,93591.8025513089,186389.1519663677,561.311279296875,400.0785827636719,986.2971801757812,94.89208984375,1180.2469482421875,157.92385864257812,1.2467501163482666,0,1.338603973388672,0.6014537811279297,0.7371501922607422,15.229,14.014,12.713,9.81,0.025,0.031,0.073,0.078,84.004767,-66.844955,84.0047327,-66.8449309,13.586,0.02,12.385,0.01,12.94,0.01,12.027,0.01,11.746,0.02,0.5940151810352005,84.004767,-66.844955,UCAC2   2515786,84.004762099,-66.8449295835,0.0,0.0,90.0,cC*,11.0,05 36 01.14290,-66 50 41.7465,A,2020yCat.1350....0G,ClassicalCep,*|cC*|MIR|NIR,309.197,0.061,0.0010319,2e-07,K4III,,0.0316,0.0107,1.592,0.714,0.014,0.015,90.0,,,,14.21,12.78,,10.614,10.127,9.957,,,,,,0.091762,0.0
82.729433,-66.783691,05305506-6647012,11.81543108504399,0.022,11.872,0.026,11.763454545454543,0.024,AAA,222,111,000,0,0,11.896,11.798,4660217332155005952,82.72944954546114,-66.78371513188411,-0.0472989538015942,1.620789315807099,0.5973179297621658,1.727352499961853,0.0171830672770738,0.0168146025389432,0.0172292720526456,-2.745267152786255,0.0222164932638406,0.0240102112293243,2.428130865097046,1022.0259399414062,0.1599857062101364,27.328367233276367,1.1060030460357666,31,0.033395417034626,False,12.17563819885254,12.228985786437988,12.051342964172363,253916.79737671575,175316.37855900617,119845.28878230484,51.20003128051758,4959.3095703125,99.10197448730467,1769.05029296875,54.37882995605469,2203.89599609375,1.1624345779418943,0,0.177642822265625,0.0533475875854492,0.1242952346801757,12.252,12.209,12.218,10.426,0.021,0.032,0.079,0.123,82.729433,-66.783691,82.7294171,-66.7837212,12.264,0.03,12.165,0.04,12.147,0.01,12.261,0.0,12.407,0.02,0.2261140023946605,82.729433,-66.783691,SK -66  119a,82.7294312719,-66.7837177866,0.0,0.0,90.0,*,15.0,05 30 55.06351,-66 47 01.3840,A,2020yCat.1350....0G,Star,*|MIR|NIR,328.0,,0.0010947,,A0I,,0.65,0.31,1.621,0.597,0.022,0.024,90.0,,,,12.23,12.16,,11.896,11.872,11.798,,,,,,0.096463,0.0
83.257318,-66.801491,05330175-6648053,10.33143108504399,0.024,9.778,0.022,9.544454545454546,0.021,AAA,222,111,000,0,0,10.412,9.579,4660261828009989888,83.25738190889847,-66.80148198407925,0.0501841773396409,1.690251630707182,0.6010882615888569,1.7939503192901611,0.010665999725461,0.0107327383011579,0.0108993398025631,4.604331970214844,0.0126960482448339,0.0142347440123558,0.3246931135654449,413.8370056152344,0.057952344417572,3.238816499710083,1.0123003721237185,31,0.0203856602311134,False,12.285188674926758,13.020109176635742,11.465738296508787,229546.7370951922,84600.5269293672,205524.107096205,36.3828125,6309.2080078125,53.65239334106445,1576.82666015625,73.84380340576172,2783.2275390625,1.263902187347412,0,1.5543708801269531,0.7349205017089844,0.8194503784179688,15.772,14.206,12.707,,0.034,0.031,0.084,,83.257318,-66.801491,83.2573486,-66.8014817,14.294,0.04,12.757,0.04,13.469,0.01,12.275,0.03,11.854,0.01,0.2916137926934715,83.257318,-66.801491,RM 1-586,83.2573628384,-66.8014846556,0.0,0.0,90.0,LP*,11.0,05 33 01.76708,-66 48 05.3448,A,2020yCat.1350....0G,LongPeriodV*,*|LP*|MIR|NIR,305.476,0.044,0.0010195,1e-07,M:,,0.0502,0.0109,1.69,0.601,0.013,0.014,90.0,,,,14.23,,10.74,10.412,9.778,9.579,,,,,,0.067563,0.0
83.879608,-66.756744,05353110-6645242,11.07843108504399,0.023,10.986,0.026,10.912454545454544,0.026,AAA,222,111,000,0,0,11.159,10.947,4660256089890068992,83.8796593371256,-66.75670653886594,-0.0263330687383415,1.6197414580811529,0.5433247157030103,1.7084391117095947,0.0122735444456338,0.0125765716657042,0.0125822210684418,-2.092879295349121,0.0156324859708547,0.0161823686212301,-3.3600826263427734,556.9542846679688,0.0912560522556305,8.792606353759766,0.8645070791244507,31,0.0239127706736326,True,11.845664024353027,12.022031784057615,11.52967929840088,344097.31161394337,212130.997226627,193770.05032812175,36.40747833251953,9451.28125,69.74563598632812,3041.494873046875,45.33106231689453,4274.5537109375,1.1796112060546875,0,0.4923524856567383,0.1763677597045898,0.3159847259521484,12.497,12.167,11.897,,0.02,0.064,0.059,,83.879608,-66.756744,83.879623,-66.7567159,12.219,0.03,11.88,0.02,12.005,0.03,11.853,0.01,11.883,0.02,0.6723752111026406,83.879608,-66.756744,SK -66  161,83.8796410954,-66.7567089536,0.0,0.0,90.0,*,28.0,05 35 31.11386,-66 45 24.1522,A,2020yCat.1350....0G,Star,*|MIR|NIR,322.622,0.102,0.0010767,3e-07,F5I:,,0.14,0.26,1.62,0.543,0.016,0.016,90.0,,,,12.23,11.9,,11.159,10.986,10.947,,,,,,0.134643,0.0
84.196636,-66.762772,05364719-6645459,9.26743108504399,0.021,9.028,0.022,8.857454545454544,0.021,AAA,222,111,000,0,0,9.348,8.892,4660276052943084928,84.19667068640534,-66.7627767426883,0.0324273831049588,1.7202927645122732,0.6074139071457989,1.8243790864944456,0.0091182207688689,0.0095816673710942,0.009553019888699,3.3944642543792725,0.0122709805145859,0.0132490061223506,-3.8017818927764897,457.3749694824219,0.0403128154575824,1.7525978088378906,0.8551987409591675,31,0.01852304674685,False,10.617263793945312,11.102058410644531,9.984621047973633,1066697.2273700903,494986.48642570246,804099.2554273071,501.99798583984375,2124.9033203125,982.6340942382812,503.7342834472656,723.5480346679688,1111.328125,1.2178579568862915,0,1.1174373626708984,0.4847946166992187,0.6326427459716797,,,,,,,,,,,,,,,,,,,,,,,,84.196636,-66.762772,HD 269879,84.1966513075,-66.7627794423,0.0,0.0,90.0,s*y,39.0,05 36 47.19631,-66 45 46.0060,A,2020yCat.1350....0G,YellowSG,*|MIR|NIR|s*y,304.0,0.088,0.0010146,3e-07,G2Ia,,0.0324,0.0096,1.72,0.607,0.012,0.013,90.0,,,,12.02,10.94,,9.348,9.028,8.892,,,,,,0.034504,0.0
83.090473,-66.726135,05322171-6643340,11.78043108504399,0.022,11.866,0.026,11.745454545454544,0.023,AAA,222,111,000,0,0,11.861,11.78,4660265534519024128,83.09053578398417,-66.7261200508194,-0.0366779011091721,1.643970491711621,0.5319808525916607,1.7279012203216553,0.0174169857054948,0.0167562551796436,0.0174530260264873,-2.1015210151672363,0.0219776015728712,0.0216755382716655,1.6982240676879885,1106.5921630859375,0.1616968661546707,26.19168281555176,1.0701613426208496,31,0.0321531593799591,False,12.140009880065918,12.186903953552246,12.02570629119873,262387.3782330852,182244.93996860852,122708.79264004492,53.95210266113281,4863.33935546875,120.7220230102539,1509.6246337890625,75.10398864746094,1633.8519287109375,1.1622271537780762,0,0.1611976623535156,0.0468940734863281,0.1143035888671875,12.094,12.085,12.068,10.467,0.065,0.133,0.054,0.097,83.090473,-66.726135,83.0905021,-66.7261228,12.221,0.03,12.119,0.01,12.109,0.03,12.215,0.02,12.364,0.04,0.3484733314140738,83.090473,-66.726135,SK -66  129,83.0905172924,-66.7261224152,0.0,0.0,90.0,Pe*,12.0,05 32 21.72415,-66 43 34.0407,A,2020yCat.1350....0G,ChemPec*,*|MIR|NIR|Pe*,298.031,1.271,0.0009946,4.2e-06,A0I,,0.78,0.38,1.644,0.532,0.022,0.022,90.0,,,,12.22,12.16,,11.861,11.866,11.78,,,,,,0.077602,0.0
82.062731,-66.685516,05281505-6641078,11.209431085043988,0.023,11.235,0.022,11.178454545454544,0.023,AAA,222,111,000,0,0,11.29,11.213,4660234134068620288,82.06273727442696,-66.68552713903034,-0.0439564549193465,1.6291038613049835,0.5863124708700146,1.7313988208770752,0.0146329030394554,0.014477870427072,0.0148926703259348,-2.951549530029297,0.018750736489892,0.0188813619315624,-1.3849809169769287,801.8704833984375,0.1226185113191604,17.081281661987305,0.9396734833717346,31,0.0269432757049798,False,11.718754768371582,11.802114486694336,11.539283752441406,386762.76382039447,259759.35347508968,192063.39044646776,81.23638153076172,4760.955078125,172.01370239257812,1510.1085205078125,93.69503784179688,2049.8779296875,1.1682167053222656,0,0.2628307342529297,0.0833597183227539,0.1794710159301757,11.979,11.835,11.718,,0.033,0.076,0.086,,82.062731,-66.685516,82.0627092,-66.6855312,11.872,0.05,11.716,0.01,11.755,0.03,11.791,0.03,11.903,0.02,0.1677981252264702,82.062731,-66.685516,HD 269587,82.0627189802,-66.6855297449,0.0,0.0,90.0,*,20.0,05 28 15.05256,-66 41 07.9071,A,2020yCat.1350....0G,Star,*|MIR|NIR,307.502,0.087,0.0010262,3e-07,A7I,,0.53,0.32,1.629,0.586,0.019,0.019,90.0,,,,11.89,11.76,10.59,11.29,11.235,11.213,,,,,,0.052361,0.0
81.531756,-66.594673,05260762-6635408,10.573431085043987,0.024,10.034,0.025,9.873454545454544,0.027,AAA,222,111,000,0,0,10.654,9.908,4660237673121826560,81.53180619189352,-66.59465654120406,0.0314446984450344,1.6037926064355472,0.5053935233674188,1.6815389394760132,0.0131823904812335,0.0135280461981892,0.013887389563024,2.2642626762390137,0.0158714540302753,0.0158829558640718,5.3819780349731445,617.1397705078125,0.1008754968643188,10.002306938171388,1.223719835281372,31,0.0232153572142124,False,12.700173377990724,13.407079696655272,11.839143753051758,156630.8821381041,59235.92051198852,145713.82776328275,59.18326950073242,2646.539794921875,85.44938659667969,693.2281494140625,111.49526977539062,1306.9058837890625,1.3084887266159058,0,1.5679359436035156,0.7069063186645508,0.8610296249389648,16.074,14.159,12.734,,0.13,0.059,0.13,,81.531756,-66.594673,81.5317812,-66.5946664,,,,,,,,,,,0.3403799647349404,81.531756,-66.594673,2MASS J05260762-6635408,81.5317882479,-66.5946587874,0.0,0.0,90.0,*,3.0,05 26 07.62918,-66 35 40.7716,A,2020yCat.1350....0G,Star,*|NIR,307.812,0.042,0.0010273,1e-07,,,0.0314,0.0139,1.604,0.505,0.016,0.016,90.0,,,,,,10.15,10.654,10.034,9.908,,,,,,0.068881,0.0
82.075515,-66.481117,05281812-6628520,12.523431085043988,,14.182,0.096,12.458454545454543,,UAU,626,20,0c0,0,0,12.604,12.493,4660331715700517760,82.07543161729244,-66.48104191505617,0.0476349286061754,1.5011592575132755,0.4651904453445638,1.5715855360031128,0.0538336709141731,0.0535042211413383,0.0544618740677833,0.8746472597122192,0.0625374466180801,0.0711924955248832,-1.1884708404541016,262.9809875488281,0.0,0.0,0.9486572742462158,95,0.1059527397155761,False,16.87410545349121,17.007556915283203,15.947797775268556,3352.006129610725,2149.781512898371,3311.608604126933,2.430212020874023,1379.3060302734375,41.523643493652344,51.77246856689453,18.458404541015625,179.4092559814453,1.629289984703064,0,1.0597591400146484,0.1334514617919922,0.9263076782226562,,,,,,,,,,,,,,,,,,,,,,,,,,,,,,,,,,,,,,,,,,,,,,,,,,,,,,,,,,,,,,,,,,,,
81.057266,-66.424736,05241374-6625290,11.84143108504399,0.026,11.815,0.024,11.704454545454546,0.023,AAA,222,111,000,0,0,11.922,11.739,4660430499959567104,81.0572864018358,-66.42471771661064,-0.0122192638611174,1.5615518894102085,0.548817229369306,1.6551872491836548,0.0140521535649895,0.0135439317673444,0.0142203802242875,-0.8592783212661743,0.0176307465881109,0.017361706122756,4.808707237243652,963.7376098632812,0.1321386843919754,19.099000930786133,1.189494252204895,31,0.0245886333286762,False,12.46030616760254,12.580300331115724,12.219189643859863,195354.8812390507,126851.78300891577,102679.18678454786,41.60768508911133,4695.16357421875,80.45677185058594,1576.6451416015625,56.85199737548828,1806.0787353515625,1.1749435663223269,0,0.3611106872558594,0.1199941635131836,0.2411165237426757,,11.434,11.285,10.826,,0.146,0.204,0.136,81.057266,-66.424736,81.0572615,-66.4247245,12.683,0.02,12.514,0.03,12.564,0.01,12.508,0.02,12.574,0.01,0.9898303429097168,81.057266,-66.424736,SK -66   81,81.0572690493,-66.4247201558,0.0,0.0,90.0,*,9.0,05 24 13.74457,-66 25 28.9926,A,2020yCat.1350....0G,Star,*|MIR|NIR,306.6,,0.0010232,,B8I,,,,1.562,0.549,0.018,0.017,90.0,,,,12.7,12.5,,11.922,11.815,11.739,,,,,,0.057208,0.0
83.078431,-66.403351,05321882-6624120,11.362431085043989,0.033,11.356,0.034,11.167454545454545,0.029,AAA,222,111,000,0,0,11.443,11.202,4660299383207361280,83.07849405339847,-66.40334200504556,-0.0016516552776224,1.6398674759633562,0.6202292017687909,1.7532397508621216,0.0151694370433688,0.0161135103553533,0.0153157198801636,-0.1078405231237411,0.0188515484333038,0.0210188832134008,-0.8298216462135315,1316.037841796875,0.1628564000129699,32.53638458251953,0.9674264192581176,31,0.030298177152872,False,11.675207138061523,11.714375495910645,11.519715309143066,402590.6972335708,281622.1511668092,195556.43232533915,314.1268310546875,1281.6182861328125,718.0510864257812,392.2034912109375,382.3552856445313,511.4521484375,1.1852697134017944,0,0.1946601867675781,0.039168357849121,0.155491828918457,,,,,,,,,,,,,,,,,,,,,,,,83.078431,-66.403351,HD 269722,83.0784758461,-66.4033447616,0.0,0.0,90.0,Em*,17.0,05 32 18.83420,-66 24 12.0411,A,2020yCat.1350....0G,EmLine*,*|Cl*|Em*|EmO|MIR|NIR,,,,,OBe,,0.54,0.28,1.64,0.62,0.019,0.021,90.0,0.8,0.7,30.0,11.47,11.43,11.84,11.44,11.36,11.202,,11.41,11.49,11.64,,0.068417,0.0
80.587785,-66.260262,05222106-6615369,11.323431085043987,0.024,11.314,0.024,11.286454545454545,0.023,AAA,222,111,000,0,0,11.404,11.321,4660444931050856832,80.58781862075384,-66.26027663292787,-0.0317801984828925,1.6083902175536278,0.3597412585973056,1.6481300592422483,0.0164285507053136,0.0170379020273685,0.0170461125671863,-1.8643662929534912,0.0205583982169628,0.0241309236735105,0.2897640764713287,1815.69140625,0.1840064376592636,41.556182861328125,1.009876728057861,31,0.0345815420150756,False,11.55463409423828,11.58928680419922,11.457619667053224,449876.3540916941,316010.90567168506,207066.7972929491,127.50484466552734,3528.307861328125,268.4144592285156,1177.324462890625,104.9845199584961,1972.35546875,1.1627143621444702,0,0.1316671371459961,0.0346527099609375,0.0970144271850586,,,,,,,,,,,,,,,,,,,,,,,,80.587785,-66.260262,HD 269408,80.5878008644,-66.2602782318,0.0,0.0,90.0,*,29.0,05 22 21.07221,-66 15 37.0016,A,2020yCat.1350....0G,Star,*|MIR|NIR,305.0,10.0,0.0010179,3.34e-05,B6I,,0.31,0.25,1.608,0.36,0.021,0.024,90.0,,,,11.64,11.59,,11.404,11.314,11.321,,,,,,0.062795,0.0
81.806541,-66.273705,05271356-6616253,12.52743108504399,0.023,12.588,0.025,12.478454545454545,0.03,AAA,222,111,000,0,0,12.608,12.513,4660342092365715584,81.80658993360885,-66.27367579624854,0.004829634704963,1.5790096952169848,0.480356718301875,1.650458812713623,0.0156448818743228,0.0163919311016798,0.0161617025732994,0.2988320589065552,0.0196826998144388,0.023501107469201,1.742964744567871,880.3887329101562,0.1422005146741867,17.27164649963379,1.070391058921814,31,0.0335667766630649,False,12.965160369873049,13.036803245544434,12.824124336242676,122710.7355541022,83309.70155531183,58817.76651692205,29.790054321289062,4119.1845703125,36.34347152709961,2292.287841796875,21.844268798828125,2692.594970703125,1.1582317352294922,0,0.2126789093017578,0.0716428756713867,0.1410360336303711,13.02,12.916,13.221,12.567,0.116,0.11,0.108,0.388,81.806541,-66.273705,81.8065627,-66.2736795,13.054,0.01,12.981,0.01,,,,,,,0.2253721130857186,81.806541,-66.273705,SK -66   96,81.8065724923,-66.2736779312,0.0,0.0,90.0,*,1.0,05 27 13.57740,-66 16 25.2406,A,2020yCat.1350....0G,Star,*|MIR|NIR,,,,,A0I:,,0.0048,0.0162,1.579,0.48,0.02,0.024,90.0,,,,13.054,12.981,13.127,12.608,12.588,12.513,,,,,,0.107597,0.0
81.405049,-66.24147,05253721-6614292,12.13043108504399,0.024,12.138,0.022,11.987454545454543,0.023,AAA,222,111,000,0,0,12.211,12.022,4660525848223408000,81.40514473545764,-66.24146457151609,0.0154818765658948,1.7643894002581444,0.3971169087698118,1.8085274696350095,0.0145199336111545,0.0165645498782396,0.0160073153674602,0.9671750068664552,0.0176208447664976,0.0195593442767858,4.089296817779541,937.9342651367188,0.1472209393978119,22.214946746826172,1.1645653247833252,31,0.0278060492128133,False,12.64523696899414,12.736680030822754,12.414107322692873,164760.02993009967,109836.05085501412,85805.54861841915,104.94294738769533,1569.9962158203125,230.4894561767578,476.533935546875,184.9549102783203,463.9268493652344,1.1874336004257202,0,0.3225727081298828,0.0914430618286132,0.2311296463012695,12.511,12.151,12.625,11.073,0.032,0.121,0.249,0.246,81.405049,-66.24147,81.4051277,-66.2414742,12.44,0.99,12.708,0.99,,,,,,,0.2693965383280788,81.405049,-66.24147,SK -66   88,81.4051252714,-66.2414663365,0.0,0.0,90.0,*,11.0,05 25 37.23007,-66 14 29.2788,A,2020yCat.1350....0G,Star,*|MIR|NIR|UV,,,,,OB,,0.0155,0.016,1.764,0.397,0.018,0.02,90.0,,,,12.9,12.7,,12.211,12.138,12.022,,,,,,0.111406,0.0
81.608258,-66.203194,05262598-6612114,11.08543108504399,0.023,10.996,0.025,10.855454545454544,0.019,AAA,222,111,000,0,0,11.166,10.89,4660530899105311360,81.60834718448852,-66.20318792824139,0.0372153585220944,1.7105922890399456,0.4285139756805892,1.7634483575820925,0.0094135859981179,0.010614582337439,0.0098836552351713,3.76534366607666,0.01142721157521,0.0128337126225233,-4.616835117340088,490.6730041503906,0.0564654916524887,3.8845632076263423,0.826867401599884,31,0.0188724864274263,False,12.012476921081545,12.212241172790527,11.652050018310549,295090.99721207196,178041.16072954945,173116.41901701494,111.772216796875,2640.1103515625,190.21417236328125,936.003662109375,159.3482666015625,1086.4029541015625,1.1899975538253784,0,0.5601911544799805,0.1997642517089843,0.3604269027709961,,,,,,,,,,,,,,,,,,,,,,,,81.608258,-66.203194,SK -66   94,81.6083283425,-66.2031898328,0.0,0.0,90.0,*,17.0,05 26 25.99880,-66 12 11.4834,A,2020yCat.1350....0G,Star,*|MIR|NIR|UV,386.33,5.99,0.0012895,2e-05,A2I,,0.0372,0.0099,1.711,0.429,0.011,0.013,90.0,,,,12.43,12.11,,11.166,10.996,10.89,,,,,,0.103274,0.0
81.943503,-66.238586,05274644-6614189,9.03443108504399,0.024,8.486,0.034,8.224454545454545,0.023,AAA,211,111,000,0,0,9.115,8.259,4660343810359004544,81.94356241698641,-66.23857559158463,0.007027597966374,1.5220983764303808,0.5542050532934509,1.619853973388672,0.0130696529522538,0.0147922970354557,0.0139005212113261,0.5055636167526245,0.0165979415178298,0.0200340207666158,1.4961068630218506,1116.2183837890625,0.1333661675453186,20.002199172973633,1.0565088987350464,95,0.0282279830425977,False,10.465656280517578,10.764073371887209,9.95937442779541,1226546.862391651,675752.5929346886,823016.5779416487,509.0434265136719,2409.51318359375,630.5072631835938,1071.76025390625,348.4280700683594,2362.084716796875,1.2219420671463013,0,0.8046989440917969,0.2984170913696289,0.506281852722168,10.039,9.669,9.822,,0.156,0.058,0.483,,81.943503,-66.238586,81.943518,-66.2385789,10.974,0.02,10.622,0.02,10.821,0.01,10.475,0.01,10.298,0.01,0.966234115829872,81.943503,-66.238586,HD 269566,81.9435456277,-66.2385780547,0.0,0.0,90.0,sg*,31.0,05 27 46.45095,-66 14 18.8810,A,2020yCat.1350....0G,Supergiant,*|MIR|NIR|sg*,312.375,0.049,0.0010425,2e-07,A8:Ia0,,0.007,0.0139,1.522,0.554,0.017,0.02,90.0,,,,10.87,10.45,,9.115,8.486,8.259,,,,,,0.068129,0.0
82.073984,-66.144203,05281775-6608391,11.33843108504399,0.023,10.85,0.022,10.656454545454546,0.021,AAA,222,111,000,0,0,11.419,10.691,4660365147751880576,82.0740766716024,-66.14421581400336,-0.018057889006169,1.544474064141088,0.5502849282045252,1.6395772695541382,0.0100143104791641,0.0107459630817174,0.0105325439944863,-1.714484930038452,0.0130768064409494,0.0154804391786456,-1.490681767463684,277.2041931152344,0.0,0.0,0.9400689005851746,31,0.0217340104281902,False,13.211353302001951,13.889348983764648,12.428077697753906,97814.9792252121,37990.70707259338,84708.529917211,18.06375503540039,5414.98583984375,29.60340690612793,1283.3221435546875,47.336769104003906,1789.4869384765625,1.2544013261795044,0,1.4612712860107422,0.6779956817626953,0.7832756042480469,16.198,15.0,13.637,,0.042,0.015,0.059,,82.073984,-66.144203,82.0740168,-66.1442206,15.076,0.09,13.607,0.04,14.29,0.03,13.181,0.02,12.8,0.0,0.1675323083245854,82.073984,-66.144203,UCAC4 120-007289,82.074059699,-66.1442182597,0.0,0.0,90.0,*,1.0,05 28 17.77433,-66 08 39.1857,A,2020yCat.1350....0G,Star,*|NIR,291.997,0.192,0.0009745,6e-07,,,,,1.544,0.55,0.013,0.015,90.0,,,,15.076,13.607,13.237,11.419,10.85,10.691,,14.29,13.181,,,0.123147,0.0
82.166977,-66.158905,05284007-6609320,11.70043108504399,0.023,11.457,0.023,11.377454545454546,0.021,AAA,222,111,000,0,0,11.781,11.412,4660365250831083392,82.16739694783378,-66.15891908813336,0.0549948457344369,2.2161055614973235,0.6131524401074193,2.2993650436401367,0.3978599011898041,0.3893050849437713,0.1025357395410537,0.5363480448722839,0.4313430786132812,0.3607798814773559,4.785038948059082,347.7240905761719,0.60382080078125,8.582783699035645,1.2741832733154297,95,0.92622172832489,False,16.820192337036133,,,3522.6502855281983,,,12.926204681396484,272.52008056640625,,,,,,2,,,,13.88,13.742,13.218,10.866,0.029,0.07,0.101,0.214,82.166977,-66.158905,82.1670545,-66.158925,13.723,0.03,13.069,0.01,13.385,0.02,12.897,0.01,12.744,0.03,0.3436336757833453,82.166977,-66.158905,2MASS J05284007-6609320,82.166977,-66.158905,0.08,0.06,0.0,*,1.0,05 28 40.07448,-66 09 32.0580,C,2003yCat.2246....0C,Star,*|NIR,44.741,0.142,0.0001493,5e-07,,,,,,,,,,,,,,,,11.781,11.457,11.412,,,,,,0.0,0.0
82.295268,-66.183044,05291086-6610589,10.95043108504399,0.023,10.341,0.023,10.132454545454545,0.023,AAA,222,111,000,0,0,11.031,10.167,4660364254398661888,82.29529246026397,-66.1830311707986,-0.0096202592012711,1.5863590746212186,0.5994498494834954,1.69584059715271,0.01022619754076,0.0116868037730455,0.010869768448174,-0.8850472569465637,0.0140361348167061,0.0168220270425081,-0.4557202160358429,260.31884765625,0.0,0.0,0.9793875217437744,31,0.0236149951815605,False,13.103718757629396,13.91512680053711,12.234914779663086,108008.83758338426,37099.354432442415,101202.73149792738,24.609092712402344,4388.98095703125,33.861751556396484,1095.6124267578125,55.67727279663086,1817.6668701171875,1.2804701328277588,0,1.6802120208740234,0.8114080429077148,0.8688039779663086,17.159,15.24,13.677,,0.084,0.015,0.06,,82.295268,-66.183044,82.2952374,-66.1830356,15.342,0.07,13.653,0.02,14.476,0.03,13.112,0.01,12.627,0.01,0.2065442734997663,,,,,,,,,,,,,,,,,,,,,,,,,,,,,,,,,,,,,,,,,,,,,
82.092332,-66.064278,05282215-6603514,11.881431085043989,0.024,11.888,0.024,11.840454545454543,0.026,AAA,222,111,000,0,0,11.962,11.875,4660367209336321408,82.09238833864302,-66.06428189203739,0.0033759732523146,1.6570351197101645,0.494605532994516,1.72927725315094,0.0168209634721279,0.0174679849296808,0.0186075717210769,0.1814300715923309,0.0212034918367862,0.0256108995527029,1.680092453956604,1334.95166015625,0.1754584163427353,35.8504638671875,1.0677838325500488,31,0.0365417897701263,False,12.064191818237305,12.09079933166504,11.986066818237305,281365.01421253063,199111.95538365288,127271.62054858946,73.8680191040039,3809.0234375,188.51046752929688,1056.2381591796875,107.10575103759766,1188.280029296875,1.160000562667847,0,0.1047325134277343,0.0266075134277343,0.078125,,,,,,,,,,,,,,,,,,,,,,,,82.092332,-66.064278,HD 271291,82.0923701863,-66.0642840903,0.0,0.0,90.0,*,14.0,05 28 22.16884,-66 03 51.4227,A,2020yCat.1350....0G,Star,*|MIR|NIR,322.0,,0.0010747,,B8I,,0.0034,0.0186,1.657,0.495,0.021,0.026,90.0,,,,12.14,12.07,,11.962,11.888,11.875,,,,,,0.059928,0.0
82.16983,-66.106171,05284075-6606222,12.016431085043989,0.024,11.929,0.026,11.875454545454543,0.024,AAA,222,111,000,0,0,12.097,11.91,4660366900098607744,82.16989106930286,-66.10617781626621,0.0139099645925245,1.7185567197244147,0.6080933667585485,1.822968602180481,0.0118376826867461,0.0128599107265472,0.0123703526332974,1.1244598627090454,0.0152786308899521,0.016933461651206,0.1350914388895034,527.7295532226562,0.0875987559556961,7.055260181427002,1.0043799877166748,31,0.0238904245197772,False,12.82924461364746,13.01697826385498,12.50731086730957,139074.94016438664,84844.90238494953,78746.94712292269,19.458267211914062,7147.3447265625,30.639060974121097,2769.17431640625,16.577720642089844,4750.16748046875,1.1762856245040894,0,0.5096673965454102,0.1877336502075195,0.3219337463378906,13.458,13.312,12.914,10.933,0.028,0.207,0.111,0.178,82.16983,-66.106171,82.1698456,-66.1061823,13.212,0.02,12.876,0.01,13.005,0.0,12.852,0.01,12.861,0.04,0.1370785256150107,82.16983,-66.106171,[MR72] b,82.169872212,-66.1061805189,0.0,0.0,90.0,*,3.0,05 28 40.76933,-66 06 22.2499,A,2020yCat.1350....0G,Star,*,,,,,,,0.0139,0.0124,1.719,0.608,0.015,0.017,90.0,,,,,,,,,,,,,,,0.070448,0.0
81.803598,-66.050995,05271286-6603035,10.660431085043989,0.022,10.048,0.022,9.819454545454544,0.021,AAA,222,111,000,0,0,10.741,9.854,4660369717597210624,81.80367067363511,-66.05098940851937,0.0145280615958134,1.6797818960091897,0.5908221381172536,1.7806565761566162,0.0129546876996755,0.0132112288847565,0.0136134242638945,1.06718647480011,0.015741853043437,0.0169326364994049,3.945055484771729,619.2315673828125,0.09969462454319,8.327408790588379,1.16385817527771,31,0.0246482044458389,False,12.883187294006348,13.716938018798828,11.993258476257324,132334.0948208611,44528.86121069498,126431.37687665466,34.5948600769043,3825.253173828125,44.881126403808594,992.151123046875,85.04944610595703,1486.563232421875,1.2918835878372192,0,1.723679542541504,0.8337507247924805,0.8899288177490234,16.992,14.919,13.475,9.885,0.149,0.088,0.061,0.133,81.803598,-66.050995,81.8036459,-66.0509912,15.077,0.02,13.384,0.0,14.219,0.03,12.871,0.02,12.358,0.02,0.1738818854190477,,,,,,,,,,,,,,,,,,,,,,,,,,,,,,,,,,,,,,,,,,,,,
82.227691,-66.024529,05285464-6601283,11.84243108504399,0.024,11.792,0.024,11.710454545454544,0.026,AAA,222,111,000,0,0,11.923,11.745,4660366865739053696,82.22764257917181,-66.02454683416347,0.0180212497737568,1.6514707616542572,0.4876792914591075,1.7219717502593994,0.0130752464756369,0.0133638847619295,0.0140268187969923,1.284770965576172,0.0160880833864212,0.0172830168157815,2.6912574768066406,713.5386962890625,0.1125774458050727,13.901189804077148,1.1116480827331543,31,0.0245830006897449,False,12.46133041381836,12.587130546569824,12.221824645996094,195170.7009778636,126056.34853963458,102430.30946804283,22.142148971557617,8814.4423828125,42.17164611816406,2989.125732421875,24.18868064880371,4234.63818359375,1.1707016229629517,0,0.3653059005737304,0.1258001327514648,0.2395057678222656,,11.656,11.502,10.962,,0.129,0.196,0.205,82.227691,-66.024529,82.2275945,-66.0245495,12.698,0.02,12.493,0.02,12.55,0.01,12.517,0.0,12.578,0.01,0.7895405255634491,82.227691,-66.024529,TYC 8891-1219-1,82.227624516,-66.0245490016,0.0,0.0,90.0,*,21.0,05 28 54.62988,-66 01 28.3764,A,2020yCat.1350....0G,Star,*|MIR|NIR,320.847,0.1,0.0010708,3e-07,F0II:,,0.018,0.014,1.651,0.488,0.016,0.017,90.0,,,,12.72,12.51,,11.923,11.792,11.745,,,,,,0.12101,0.0
85.655485,-70.784775,05423731-7047051,13.23543108504399,,13.382,0.086,13.205454545454543,0.051,UAA,622,22,0cc,0,0,13.316,13.24,4657067300063797376,85.65552633110687,-70.78475069515163,0.0153888975821451,1.6974688306874663,0.8575787003856776,1.901799559593201,0.0378545112907886,0.0365890450775623,0.0365278720855712,0.4212919175624847,0.0469276942312717,0.049527782946825,-0.7428244352340698,275.972412109375,0.0,2.3893071494831418e-15,0.967774510383606,31,0.0720051974058151,False,16.308849334716797,17.115095138549805,15.39621639251709,5641.65694018679,1947.0568028602645,5503.91338335159,3.730551242828369,1512.2850341796875,13.293169021606444,146.47047424316406,18.359193801879883,299.79058837890625,1.3207060098648071,0,1.7188787460327148,0.8062458038330078,0.912632942199707,,18.533,16.806,15.263,,0.052,0.037,0.029,85.655485,-70.784775,,,,,,,,,,,,,0.2925223130996344,85.655485,-70.784775,OGLE LMC-LPV-81003,85.655485,-70.784775,0.23,0.1,0.0,LP*,1.0,05 42 37.31640,-70 47 05.1900,C,2003yCat.2246....0C,LongPeriodV*,*|LP*|NIR,,,,,,,,,,,,,,,,,,16.825,,,13.382,13.24,,,,,,0.0,0.0
87.196465,-70.560646,05484715-7033383,9.317431085043989,0.024,8.892,0.028,8.736454545454546,0.027,AAA,222,111,000,0,0,9.398,8.771,4656989234717406336,87.19654514819851,-70.56085608610432,0.232660707481579,1.451590470169218,0.918712568056097,1.7178905010223389,0.12165018171072,0.0628895238041877,0.0792878493666648,2.934380531311035,0.2696169912815094,0.094896987080574,1.2590184211730957,193.11582946777344,0.2383627891540527,1.4441038370132446,1.0708274841308594,95,0.3764262199401855,False,16.740699768066406,,,3790.241781744713,,,7.751717567443848,488.955078125,,,,,,0,,,,12.78,11.77,10.932,10.153,0.087,0.218,0.176,0.122,87.196465,-70.560646,87.1965918,-70.5606048,12.04,0.04,11.104,0.0,11.578,0.1,10.768,0.01,10.485,0.02,0.2436403116243845,87.196465,-70.560646,HD 270136,87.1965565115,-70.5605996814,0.0,0.0,90.0,PM*,14.0,05 48 47.17356,-70 33 38.1589,A,2020yCat.1350....0G,HighPM*,*|NIR|PM*,1.03,0.071,3.4e-06,2e-07,K2,,12.7839,0.011,36.666,80.333,0.013,0.014,90.0,,,,12.01,11.32,,9.398,8.892,8.771,,,,,,0.199564,0.0
85.497118,-69.729179,05415930-6943450,11.68743108504399,0.021,11.654,0.024,11.582454545454546,0.023,AAA,222,111,000,0,0,11.768,11.617,4657591217336848640,85.49714779960195,-69.72917605030558,0.0070531864529427,1.9389845273012625,0.8116843005069204,2.1020209789276123,0.0120595162734389,0.0130010247230529,0.0124993147328495,0.5642858743667603,0.0146134505048394,0.0171828307211399,-4.5320820808410645,415.8591003417969,0.0609186626970768,2.9346492290496826,0.8113176226615906,31,0.0239177569746971,False,12.26638412475586,12.372550010681152,12.051952362060549,233557.06453669447,153601.96094488067,119778.09130016928,60.01272964477539,3891.7919921875,88.67255401611328,1732.2379150390625,70.91736602783203,1688.9810791015625,1.170506477355957,0,0.3205976486206054,0.1061658859252929,0.2144317626953125,12.62,12.448,12.323,,0.03,0.032,0.041,,85.497118,-69.729179,85.4971303,-69.7291748,12.424,0.01,12.325,0.01,12.243,0.01,12.353,0.01,12.409,0.01,0.1459627600595681,85.497118,-69.729179,HD 270004,85.4971229259,-69.7291796578,0.0,0.0,90.0,*,19.0,05 41 59.30950,-69 43 45.0468,A,2020yCat.1350....0G,Star,*|MIR|NIR,239.441,0.453,0.000799,1.5e-06,A5I-II,,0.0071,0.0125,1.939,0.812,0.015,0.017,90.0,,,,12.44,12.3,,11.768,11.654,11.617,,,,,,0.006584,0.0
85.050738,-69.668045,05401217-6940049,8.507431085043988,0.027,8.328,0.047,7.986454545454547,0.024,AAA,111,111,000,0,0,8.588,8.021,4657639114815408896,85.05071839511405,-69.66801158241266,0.0401712193355297,1.88758039630626,0.7203960129561007,2.020378828048706,0.0124811390414834,0.0110828457400202,0.0118532618507742,3.38904333114624,0.0142485471442341,0.0155546339228749,-5.668642997741699,346.9269104003906,0.0400028266012668,1.2372092008590698,0.7711535096168518,31,0.0219598077237606,False,9.759827613830566,10.13027572631836,9.207088470458984,2349717.444860488,1211452.6984967396,1645594.0580972217,2003.5867919921875,1172.7554931640625,3261.2109375,371.4732666015625,3663.504638671875,449.1857299804687,1.215910792350769,0,0.923187255859375,0.3704481124877929,0.552739143371582,,,,,,,,,,,,,,,,,,,,,,,,85.050738,-69.668045,HD 269953,85.0506942506,-69.6680147842,0.0,0.0,90.0,s*y,92.0,05 40 12.16662,-69 40 04.8532,A,2020yCat.1350....0G,YellowSG,*|IR|MIR|NIR|s*y,243.088,0.049,0.0008112,2e-07,G0_0,,0.0402,0.0119,1.888,0.72,0.014,0.016,90.0,,,,10.83,9.95,,8.588,8.328,8.021,,,,,,0.121767,0.0
85.056237,-69.579239,05401349-6934452,12.600431085043988,0.024,12.668,0.028,12.561454545454543,0.029,AAA,222,111,000,0,0,12.681,12.596,4657645677526312064,85.05624367579658,-69.57924701896745,-0.0352952891999313,1.873248780131089,0.836538758312537,2.0515501499176025,0.0163226816803216,0.0162220485508441,0.0164620671421289,-2.1440374851226807,0.0214384347200393,0.0233504567295312,-4.496424198150635,781.6143798828125,0.1477557122707367,16.799604415893555,0.8255947828292847,31,0.0337471179664135,False,12.802345275878906,12.823590278625488,12.714037895202637,142563.60927555486,101386.63202020848,65094.329049851534,82.94071960449219,1718.8614501953125,158.26947021484375,640.5950317382812,98.48551940917967,660.9533081054688,1.1677662134170532,0,0.1095523834228515,0.021245002746582,0.0883073806762695,12.169,12.79,12.813,12.585,0.024,0.08,0.054,0.106,85.056237,-69.579239,85.0562456,-69.5792592,12.19,0.0,12.222,0.1,12.059,0.01,12.299,0.03,,,0.1824195535025698,85.056237,-69.579239,[FBM2009] 94,85.0559583333,-69.5792222222,,,172.0,*,1.0,   05 40 13.43,   -69 34 45.2,D,2009AJ....138..510F,Star,*,,,,,O9.7Ib,,,,,,,,,,,,,12.8,,,,,,,,,,0.355201,0.0
85.050053,-69.521866,05401201-6931187,11.92443108504399,0.022,11.725,0.021,11.576454545454546,0.024,AAA,222,111,000,0,0,12.005,11.611,4657646463465305728,85.05006423771165,-69.52187241942248,0.0023034347188217,1.7491730849271272,0.5846966301492584,1.8443092107772827,0.0118538821116089,0.0117432810366153,0.0114173768088221,0.2017481625080108,0.0139794005081057,0.0163518879562616,-2.1666390895843506,254.94537353515625,0.0,0.0,0.9116398692131042,31,0.0230181813240051,False,13.257180213928224,13.602621078491213,12.72790813446045,93772.3087463348,49473.03091940923,64268.03005061772,20.062679290771484,4673.96728515625,34.70036697387695,1425.720703125,36.83810806274414,1744.6072998046875,1.2129493951797483,0,0.8747129440307617,0.3454408645629883,0.5292720794677734,,,,,,,,,,,,,,,,,,,,,,,,,,,,,,,,,,,,,,,,,,,,,,,,,,,,,,,,,,,,,,,,,,,,
85.142888,-69.556831,05403429-6933245,11.11143108504399,0.022,11.097,0.024,10.973454545454544,0.019,AAA,222,111,000,0,0,11.192,11.008,4657646154224259584,85.1428570981836,-69.5568371248851,-0.0494224132493998,1.861360258068912,0.7674773523672036,2.013376235961914,0.0137353623285889,0.0142062837257981,0.0140679627656936,-3.513118028640747,0.0175751913338899,0.0190049242228269,-3.5895328521728516,944.3993530273438,0.1235473975539207,15.77802848815918,0.8640309572219849,31,0.0270932521671056,False,11.609105110168455,11.706117630004885,11.39388656616211,427863.0370591778,283772.1428139086,219585.5130928708,338.35626220703125,1264.5340576171875,660.3567504882812,429.72552490234375,559.4354248046875,392.5126953125,1.176445722579956,0,0.3122310638427734,0.0970125198364257,0.2152185440063476,,,,,,,,,,,,,,,,,,,,,,,,85.142888,-69.556831,CPD-69   490,85.142833413,-69.5568405359,0.0,0.0,90.0,*,24.0,05 40 34.28002,-69 33 24.6259,A,2020yCat.1350....0G,Star,*|MIR|NIR|s*y,253.921,0.289,0.0008473,1e-06,B7I,,0.06,0.29,1.861,0.767,0.018,0.019,90.0,,,,11.85,11.67,,11.192,11.097,11.008,,,,,,0.076744,0.0
85.153858,-69.320625,05403692-6919142,11.33843108504399,0.024,11.333,0.022,11.206454545454545,0.023,AAA,222,111,000,0,0,11.419,11.241,4657672714302003584,85.15383480040163,-69.32060661122907,-0.0452390180913917,1.8825179692826488,0.5915415127254438,1.9732701778411863,0.0149806085973978,0.0161795951426029,0.0165627319365739,-2.7313742637634277,0.0187606792896986,0.0195749774575233,0.1514213234186172,809.0931396484375,0.1373203098773956,18.51346015930176,1.0050228834152222,31,0.0294001456350088,False,11.963672637939451,12.094889640808104,11.695947647094728,308658.23724514456,198363.1316164883,166256.7523458185,312.68719482421875,987.1150512695312,576.2105102539062,344.2546081542969,496.12603759765625,335.10992431640625,1.1813061237335205,0,0.3989419937133789,0.1312170028686523,0.2677249908447265,,,,,,,,,,,,,,,,,,,,,,,,85.153858,-69.320625,CPD-69   488,85.1538111079,-69.3206092403,0.0,0.0,90.0,*,12.0,05 40 36.91467,-69 19 14.1933,A,2020yCat.1350....0G,Star,*|MIR|NIR,263.5,,0.0008793,,B6I,,0.0519,0.0282,1.883,0.592,0.019,0.02,90.0,,,,12.27,12.03,,11.419,11.333,11.241,,,,,,0.082296,0.0
85.246491,-69.343178,05405915-6920354,9.99943108504399,0.021,9.796,0.024,9.685454545454546,0.023,AAA,222,111,000,0,0,10.08,9.72,4657625783228777856,85.24644475728371,-69.34317409505249,0.03352689176626,1.8496722453840155,0.7327012246287814,1.989507079124451,0.0123802255839109,0.01430144906044,0.014472940005362,2.3165225982666016,0.0158250778913497,0.0190194193273782,-5.490823745727539,601.8981323242188,0.0985137224197387,9.24057674407959,0.7798442840576172,31,0.0274034067988395,False,11.134151458740234,11.46528148651123,10.632601737976074,662653.2629726566,354245.44160757354,442708.03812112473,323.6774597167969,2047.26416015625,556.217041015625,636.8834838867188,538.3635864257812,822.3216552734375,1.2026704549789429,0,0.8326797485351562,0.3311300277709961,0.5015497207641602,,,,,,,,,,,,,,,,,,,,,,,,85.246491,-69.343178,CPD-69   496,85.2464214538,-69.3431773515,0.0,0.0,90.0,s*y,28.0,05 40 59.14115,-69 20 35.4385,A,2020yCat.1350....0G,YellowSG,*|MIR|NIR|s*y,250.033,0.063,0.0008344,2e-07,F6Ia,,0.0335,0.0145,1.85,0.733,0.016,0.019,90.0,,,,11.94,11.3,,10.08,9.796,9.72,,,,,,0.088353,0.0
86.129225,-69.337624,05443101-6920154,12.154431085043989,0.026,12.084,0.025,11.808454545454545,0.029,AAA,222,111,000,0,0,12.235,11.843,4657618224085702912,86.12927795602322,-69.33762001154328,-0.0048686313058283,2.1157048316178515,0.5891094594632111,2.1961915493011475,0.0179302636533975,0.016849985346198,0.0179192833602428,-0.2716979086399078,0.0231071263551712,0.0230055432766675,2.4713525772094727,975.6638793945312,0.1681596934795379,23.33762550354004,1.0999280214309692,31,0.0330148562788963,False,12.683393478393556,12.753700256347656,12.490517616271973,159070.33992051284,108127.62090439611,79974.40604401488,274.6321105957031,579.2124633789062,545.8878173828125,198.07662963867188,421.5880126953125,189.6980133056641,1.1825084686279297,0,0.2631826400756836,0.0703067779541015,0.192875862121582,11.946,12.835,12.719,12.26,0.038,0.121,0.105,0.132,86.129225,-69.337624,86.1292712,-69.3376309,12.846,0.03,12.71,0.04,12.707,0.03,12.693,0.04,12.807,0.04,0.1409364342332976,86.129225,-69.337624,LHA 120-S 142,86.1292513077,-69.3376226298,0.0,0.0,90.0,WR*,37.0,05 44 31.02031,-69 20 15.4415,A,2020yCat.1350....0G,WolfRayet*,*|Em*|EmO|MIR|NIR|WR*,,,,,WN11h,,,,2.116,0.589,0.023,0.023,90.0,,,,12.85,12.71,12.8,12.235,12.084,11.843,,12.71,12.69,12.81,,0.033781,0.0
88.296034,-69.328865,05531104-6919439,11.282431085043989,0.024,10.681,0.024,10.494454545454545,0.021,AAA,222,111,000,0,0,11.363,10.529,4657532118558302976,88.29546282128008,-69.32869063879674,-0.0663189926177224,1.4214437736800034,0.924136295953418,1.6954439878463743,0.1849898099899292,0.2201686054468155,0.1948555409908294,-0.3403495550155639,0.2535862624645233,0.2788701355457306,1.0295345783233645,265.64495849609375,0.6350651383399963,1.298081874847412,1.046519160270691,95,0.4104810059070587,False,18.719097137451172,18.025524139404297,16.540271759033203,612.7844509484016,841.797030515001,1918.8858756438767,1.6422399282455444,373.139404296875,400.8505859375,2.100026845932007,1192.7371826171875,1.6088086366653442,4.505145072937012,0,1.4852523803710938,-0.693572998046875,2.1788253784179688,16.505,15.328,14.037,,0.162,0.114,0.021,,88.296034,-69.328865,88.2961127,-69.3288862,15.199,0.04,13.99,0.01,14.612,0.03,13.463,0.01,12.952,0.08,0.1824247845170493,88.296034,-69.328865,MACHO  31.11791.10,88.2960690594,-69.3288780214,0.0,0.0,90.0,PM*,3.0,05 53 11.05657,-69 19 43.9609,A,2020yCat.1350....0G,HighPM*,*|NIR|PM*,95.234,0.068,0.0003177,2e-07,,,8.3208,0.0123,25.992,-71.154,0.014,0.018,90.0,,,,,,12.99,11.363,10.681,10.529,,,,,,0.064672,0.0
85.104934,-69.311783,05402518-6918424,12.04343108504399,0.026,11.929,0.024,11.793454545454544,0.024,AAA,222,111,000,0,0,12.124,11.828,4657672787364372480,85.10497666948709,-69.31177123865957,0.0065475048539232,1.8225224193131289,0.6951019229897516,1.950577974319458,0.0111010307446122,0.0123375859111547,0.0124261882156133,0.5269117951393127,0.0143012907356023,0.0157883539795875,-1.5450140237808228,256.8090515136719,0.0,0.0,0.9339056015014648,31,0.0228683147579431,False,13.138680458068848,13.444818496704102,12.651992797851562,104586.21736435796,57212.300194225856,68922.48025505026,67.233642578125,1555.563720703125,144.14097595214844,396.9190673828125,126.13059997558594,546.4374389648438,1.2060363292694092,0,0.7928256988525391,0.3061380386352539,0.4866876602172851,14.115,13.813,14.507,,0.034,0.062,0.461,,85.104934,-69.311783,85.1049606,-69.311782,13.749,0.08,13.172,0.04,13.414,0.05,13.051,0.04,12.906,0.03,0.3437942145910402,,,,,,,,,,,,,,,,,,,,,,,,,,,,,,,,,,,,,,,,,,,,,
85.240855,-69.258659,05405780-6915311,9.901431085043988,0.023,9.829,0.021,9.719454545454544,0.023,AAA,222,111,000,0,0,9.982,9.754,4657627947893085184,85.24089790444575,-69.2586488583947,0.0313578721459873,1.8053724685878356,0.4851766081428559,1.869429349899292,0.0132292388007044,0.0143400812521576,0.0142275495454669,2.2040247917175293,0.0179014299064874,0.0194352846592664,-3.330352306365967,382.4030456542969,0.0793320313096046,4.484325408935547,0.8474404215812683,31,0.0289050228893756,False,10.721534729003906,10.914031982421877,10.372966766357422,969019.9475606804,588578.2319608779,562304.4537911449,939.1944580078124,1031.7564697265625,1814.59619140625,324.3576965332031,1536.2469482421875,366.0247802734375,1.187677025794983,0,0.5410652160644531,0.1924972534179687,0.3485679626464844,,,,,,,,,,,,,,,,,,,,,,,,85.240855,-69.258659,HD 269982,85.2408752477,-69.2586510147,0.0,0.0,90.0,sg*,44.0,05 40 57.81006,-69 15 31.1437,A,2020yCat.1350....0G,Supergiant,*|MIR|NIR|sg*,255.0,,0.000851,,A3Ia,,0.0314,0.0142,1.805,0.485,0.018,0.019,90.0,,,,11.15,10.79,,9.982,9.829,9.754,,,,,,0.038637,0.0
85.203354,-69.280922,05404880-6916513,11.58243108504399,0.029,11.61,0.035,11.524454545454544,0.029,AAA,222,111,000,0,0,11.663,11.559,4657674745869490304,85.20337773489915,-69.28088758672023,-0.0822801784933814,1.9011549324858743,0.6234706296462665,2.0007762908935547,0.019810801371932,0.0219297911971807,0.0218301881104707,-3.7691009044647217,0.0258347298949956,0.0293703638017177,0.2870474755764007,1056.2518310546875,0.191212385892868,33.72797393798828,1.0115054845809937,31,0.0409782938659191,False,11.91482639312744,11.95456886291504,11.792426109313965,322861.3402484794,225730.12337523908,152120.4378086931,402.8725280761719,801.3982543945312,854.8159790039062,264.06866455078125,574.2529907226562,264.90142822265625,1.170318365097046,0,0.1621427536010742,0.0397424697875976,0.1224002838134765,,,,,,,,,,,,,,,,,,,,,,,,85.203354,-69.280922,CPD-69   491,85.2033538517,-69.2808903577,0.0,0.0,90.0,*,18.0,05 40 48.80492,-69 16 51.2053,A,2020yCat.1350....0G,Star,*|MIR|NIR,265.7,,0.0008867,,B3I,,0.0224,0.0326,1.901,0.623,0.026,0.029,90.0,,,,12.0,11.88,,11.663,11.61,11.559,,,,,,0.113912,0.0
85.105657,-69.243408,05402535-6914362,10.53343108504399,0.023,10.456,0.023,10.311454545454543,0.021,AAA,222,111,000,0,0,10.614,10.346,4657675050764209664,85.10570206524514,-69.2433977959344,-0.0398485251845355,1.8533933900646855,0.7473296792643156,1.9983915090560913,0.0152031267061829,0.0163214709609746,0.0165013000369071,-2.41487193107605,0.0193799268454313,0.0213215090334415,-3.538435935974121,818.4423217773438,0.1395299583673477,17.154518127441406,0.8539009094238281,31,0.0309621896594762,False,11.419122695922852,11.636236190795898,11.031659126281738,509679.89228970895,302637.19574620354,306545.2693163654,376.1337890625,1355.0494384765625,690.7759399414062,438.1119384765625,610.186767578125,502.3794250488281,1.1952255964279177,0,0.6045770645141602,0.2171134948730468,0.3874635696411133,,,,,,,,,,,,,,,,,,,,,,,,85.105657,-69.243408,CPD-69   485,85.1056788222,-69.2434011174,0.0,0.0,90.0,sg*,23.0,05 40 25.36292,-69 14 36.2440,A,2020yCat.1350....0G,Supergiant,*|MIR|NIR|sg*,266.0,,0.0008877,,A5Ia,,0.07,0.32,1.853,0.747,0.019,0.021,90.0,,,,11.78,11.42,,10.614,10.456,10.346,,,,,,0.03727,0.0
85.535084,-69.211502,05420842-6912414,11.92843108504399,0.071,11.917,0.088,11.670454545454543,0.055,EEA,222,111,000,0,0,12.009,11.705,4657634682402325760,85.53519624907696,-69.21148607049068,0.0434787964824762,2.002404967699053,0.6561177790636215,2.1071584224700928,0.0530910938978195,0.0750919803977012,0.0682161599397659,0.6373679637908936,0.0693463087081909,0.0997898653149604,43.033599853515625,9255.869140625,0.6500419974327087,313.45513916015625,3.407803535461426,31,0.1398124545812606,False,12.787461280822754,12.550493240356444,12.27066707611084,144531.353343079,130382.55435123976,97924.49792120172,216.6127166748047,667.2339477539062,1579.7354736328125,82.534423828125,981.581298828125,99.7619857788086,1.579636812210083,0,0.2798261642456054,-0.2369680404663086,0.5167942047119141,10.713,11.414,11.336,,0.02,0.02,0.01,,85.535084,-69.211502,85.5350642,-69.2114895,11.394,0.01,11.099,0.01,11.267,0.01,,,,,0.1506672266345764,,,,,,,,,,,,,,,,,,,,,,,,,,,,,,,,,,,,,,,,,,,,,
85.854866,-69.248528,05432516-6914547,8.632431085043988,0.024,8.449,0.034,8.241454545454545,0.026,AAA,111,111,000,0,0,8.713,8.276,4657630731032546176,85.85496401949874,-69.24850462919655,0.0033819791165165,1.8457273442055695,0.7968064949855891,2.010375499725342,0.0102271046489477,0.0116694616153836,0.0110669452697038,0.3055928349494934,0.0130600640550255,0.0157807059586048,-3.089843988418579,518.873046875,0.063872180879116,4.012160301208496,0.8788242936134338,31,0.0221883226186037,False,10.070033073425291,10.52895450592041,9.457380294799805,1765767.4101076296,839141.5334201134,1306791.0305647969,4144.4814453125,426.05267333984375,6656.8388671875,126.05706024169922,7443.1396484375,175.5698699951172,1.2152974605560305,0,1.0715742111206057,0.4589214324951172,0.6126527786254883,,,,,,,,,,,,,,,,,,,,,,,,85.854866,-69.248528,HD 270046,85.8549408672,-69.2485081706,0.0,0.0,90.0,*,47.0,05 43 25.18581,-69 14 54.6294,A,2020yCat.1350....0G,Star,*|MIR|NIR,249.676,0.022,0.0008332,1e-07,G5I,,0.0034,0.0111,1.846,0.797,0.013,0.016,90.0,,,,11.33,10.38,9.52,8.713,8.449,8.276,,,,,,0.119228,0.0
85.334992,-69.085365,05412039-6905073,10.90243108504399,0.024,10.954,0.026,10.857454545454544,0.026,AAA,222,111,000,0,0,10.983,10.892,4657636675267019008,85.33499427857262,-69.08535020221734,-0.0361974253599568,1.757221217304221,0.7855176831734,1.9248024225234983,0.016703950241208,0.0180195830762386,0.018171239644289,-1.9920172691345217,0.021719254553318,0.022814106196165,-5.363372802734375,984.5418701171876,0.161747470498085,24.68895149230957,0.789225161075592,31,0.0331805013120174,False,11.249369621276855,11.30340576171875,11.10804843902588,595935.137460984,411201.3842666957,285718.8789090468,690.8448486328125,862.617919921875,1606.377197265625,255.9805908203125,1109.3878173828125,257.54644775390625,1.1694566011428833,0,0.1953573226928711,0.0540361404418945,0.1413211822509765,,,,,,,,,,,,,,,,,,,,,,,,85.334992,-69.085365,HD 269997,85.3349724008,-69.0853536934,0.0,0.0,90.0,s*b,62.0,05 41 20.39338,-69 05 07.2733,A,2020yCat.1350....0G,BlueSG,*|IR|MIR|NIR|s*b,252.396,0.225,0.0008423,8e-07,B2.5Ia,,0.27,0.82,1.757,0.786,0.022,0.023,90.0,,,,11.36,11.2,,10.983,10.954,10.892,,,,,,0.047866,0.0
85.560769,-68.51284,05421458-6830462,11.510431085043988,0.024,11.35,0.022,11.201454545454546,0.024,AAA,222,111,000,0,0,11.591,11.236,4657774389087913088,85.56084966283814,-68.51284157499514,-0.0373886823255062,1.8426670256287263,0.8217364621044221,2.0175907611846924,0.0108073018491268,0.0122403763234615,0.0117403268814086,-3.1846373081207275,0.0142140081152319,0.0157750602811574,-1.8073458671569824,340.4190368652344,0.045520182698965,1.717613697052002,0.9208559393882751,31,0.022231301292777,False,12.64677906036377,12.933589935302734,12.191167831420898,164526.28187057216,91618.00328601588,105363.73181647348,35.325687408447266,4657.412109375,72.91242218017578,1256.548583984375,44.91443634033203,2345.876708984375,1.1972661018371582,0,0.7424221038818359,0.2868108749389648,0.4556112289428711,13.823,13.364,12.866,10.825,0.01,0.01,0.01,0.097,85.560769,-68.51284,85.5608227,-68.5128353,13.282,0.04,12.75,0.02,12.961,0.03,12.625,0.01,12.47,0.07,0.8724204242752824,85.560769,-68.51284,2MASS J05421458-6830462,85.5608273047,-68.5128452272,0.0,0.0,90.0,*,5.0,05 42 14.59855,-68 30 46.2428,A,2020yCat.1350....0G,Star,*|NIR,267.094,0.084,0.0008913,3e-07,,,,,1.843,0.822,0.014,0.016,90.0,,,,13.31,12.81,12.48,11.591,11.35,11.236,,,,,,0.079153,0.0
85.000957,-68.477524,05400022-6828390,11.94143108504399,,14.781,0.418,11.471454545454543,,UDU,20,10,0c0,0,0,12.022,11.506,4657819361679061632,85.00111455945655,-68.47747398197453,-0.0532808409161295,1.474832486851917,0.3934990024575856,1.5264246463775637,0.097086064517498,0.1002535000443458,0.1013925075531005,-0.5254908800125122,0.1362786293029785,0.1526052802801132,0.1067035645246505,274.4915771484375,0.0,0.0,1.0034114122390747,95,0.2129888534545898,False,17.97182846069336,18.174654006958008,16.835309982299805,1219.5942165357692,733.7625008849174,1462.2933179824474,2.822601318359375,432.0816345214844,35.04552459716797,20.937410354614254,55.62315368652344,26.289291381835938,1.8006446361541748,0,1.3393440246582031,0.2028255462646484,1.136518478393555,,,,,,,,,,,,,,,,,,,,,,,,,,,,,,,,,,,,,,,,,,,,,,,,,,,,,,,,,,,,,,,,,,,,
85.538861,-68.458649,05420932-6827311,10.69143108504399,0.024,10.506,0.022,10.398454545454545,0.021,AAA,222,111,000,0,0,10.772,10.433,4657774934532828928,85.53890843240899,-68.45865162283299,-0.0474000430818833,1.7929039877060284,0.7511490631703569,1.94389545917511,0.0114903328940272,0.0122693106532096,0.0122137600556015,-3.880872249603271,0.0152604589238762,0.0172440782189369,-3.788649797439575,445.9448547363281,0.0666737854480743,4.537757396697998,0.8341897130012512,31,0.0239791721105575,False,11.743048667907717,12.024042129516602,11.297075271606444,378205.1130967252,211738.5132569324,240064.5971555497,132.20765686035156,2860.68994140625,213.58949279785156,991.3339233398438,252.37698364257812,951.2142944335938,1.1945980787277222,0,0.7269668579101562,0.2809934616088867,0.4459733963012695,12.963,12.484,11.946,,0.01,,,,85.538861,-68.458649,85.5388974,-68.4586473,12.385,0.04,11.839,0.0,12.06,0.03,11.717,0.02,11.612,0.04,0.7795349628911397,85.538861,-68.458649,HD 270025,85.5388867302,-68.4586549613,0.0,0.0,90.0,*,45.0,05 42 09.33282,-68 27 31.1579,A,2020yCat.1350....0G,Star,*|MIR|NIR,260.782,0.033,0.0008703,1e-07,F8I:,,,,1.793,0.751,0.015,0.017,90.0,,,,12.43,11.89,11.58,10.772,10.506,10.433,,,,,,0.040215,0.0
85.147967,-68.117111,05403551-6807015,9.44043108504399,0.022,8.868,0.034,8.629454545454545,0.019,AAA,212,111,000,0,0,9.521,8.664,4659329270328379392,85.14796711894844,-68.1170998239584,0.0415815323678171,1.6228142239670114,0.5986007926496185,1.7296961545944214,0.0126191871240735,0.0143040949478745,0.0154110193252563,2.6981687545776367,0.0162543300539255,0.0185113791376352,-1.9535822868347168,463.61676025390625,0.0845735818147659,7.099888801574707,0.9094946384429932,31,0.0266212038695812,False,11.573514938354492,12.455244064331056,10.66743278503418,442120.6718355755,142337.46562386406,428731.02367865,1846.1207275390625,239.486328125,2133.93115234375,66.70199584960938,4348.7412109375,98.58738708496094,1.291657567024231,0,1.787811279296875,0.8817291259765625,0.9060821533203124,16.12,13.897,12.104,,0.038,0.029,0.071,,85.147967,-68.117111,85.147945,-68.1170973,13.631,0.02,11.975,0.02,12.795,0.02,11.424,0.01,10.931,0.01,0.870964434905596,85.147967,-68.117111,RM 1-744,85.1479477675,-68.1171024844,0.0,0.0,90.0,LP?,6.0,05 40 35.50746,-68 07 01.5689,A,2020yCat.1350....0G,LongPeriodV*_Candidate,*|LP?|MIR|NIR,313.512,0.261,0.0010463,9e-07,M:,,0.0416,0.0154,1.623,0.599,0.016,0.019,90.0,,,,14.0,12.1,,9.521,8.868,8.664,,,,,,0.040071,0.0
85.44976,-67.424591,05414794-6725285,12.231431085043988,0.024,12.087,0.026,12.041454545454544,0.024,AAA,222,111,000,0,0,12.312,12.076,4659468942682975104,85.44978623382313,-67.42457639325671,0.0073152214057349,1.5245525051603717,0.6841335896348917,1.6710174083709717,0.0111138951033353,0.0103932218626141,0.0107459407299757,0.6807427406311035,0.0142756793648004,0.0146965244784951,-1.1591832637786863,278.5562744140625,0.0,0.0,0.9508665800094604,31,0.0205553825944662,False,13.11048984527588,13.335156440734863,12.739781379699709,107337.34952225209,63292.785662786555,63569.01830489282,38.90819549560547,2758.733642578125,85.74497985839844,738.1514892578125,87.41574096679688,727.2033081054688,1.18189799785614,0,0.5953750610351562,0.2246665954589843,0.3707084655761719,14.194,13.225,13.213,,0.194,0.088,0.086,,85.44976,-67.424591,85.4497527,-67.4245831,13.59,0.02,13.155,0.02,13.304,0.03,13.115,0.01,13.123,0.01,0.2996758899887777,85.44976,-67.424591,UCAC4 113-009965,85.4497685839,-67.4245794338,0.0,0.0,90.0,*,1.0,05 41 47.94446,-67 25 28.4860,A,2020yCat.1350....0G,Star,*|NIR,289.286,0.355,0.0009654,1.2e-06,,,0.0073,0.0107,1.525,0.684,0.014,0.015,90.0,,,,13.59,13.155,13.177,12.312,12.087,12.076,,13.304,13.115,13.123,,0.043295,0.0
85.498134,-67.343369,05415955-6720361,11.419431085043987,0.029,11.402,0.035,11.341454545454544,0.023,AAA,222,111,000,0,0,11.5,11.376,4659475466701114624,85.4981566073951,-67.3433761844552,-0.0008844679431951,1.5574340115155445,0.7365662385804346,1.722826361656189,0.017412431538105,0.0171740669757127,0.0170877929776906,-0.0517602227628231,0.0237025786191225,0.0236246734857559,1.6857560873031616,950.8522338867188,0.1595862209796905,24.683971405029297,1.073236346244812,31,0.0332744866609573,False,11.904463768005373,11.972968101501465,11.720379829406738,325957.69744703465,221937.06284712063,162557.2469271193,117.11591339111328,2783.205810546875,243.4380798339844,911.6776733398438,159.80348205566406,1017.232177734375,1.1795834302902222,0,0.2525882720947265,0.0685043334960937,0.1840839385986328,12.843,10.311,11.844,9.88,0.038,0.093,0.127,0.093,85.498134,-67.343369,85.4981009,-67.3433898,11.806,0.06,11.748,0.03,11.725,0.02,11.821,0.01,11.96,0.03,0.2594421787727171,85.498134,-67.343369,HD 270033,85.498138638,-67.3433794581,0.0,0.0,90.0,*,23.0,05 41 59.55327,-67 20 36.1660,A,2020yCat.1350....0G,Star,*|MIR|NIR,315.683,0.147,0.0010536,5e-07,A7I,,,,1.557,0.737,0.024,0.024,90.0,,,,11.8,11.7,,11.5,11.402,11.376,,,,,,0.038195,0.0
85.621564,-67.328308,05422917-6719419,9.88943108504399,0.023,9.822,0.023,9.689454545454543,0.021,AAA,222,111,000,0,0,9.97,9.724,4659428810505409408,85.62155414494222,-67.32831960732479,0.0304129031853808,1.566703082337597,0.69735593853566,1.7148946523666382,0.0107543356716632,0.0107988538220524,0.0106406286358833,2.858186721801758,0.0144795626401901,0.0142464991658926,-3.2780981063842773,454.3682556152344,0.0513885058462619,2.6359541416168213,0.8603639006614685,31,0.0203415881842374,False,10.753554344177246,10.9592924118042,10.39954662322998,940859.651132906,564546.549632639,548705.9876669667,378.9645690917969,2482.71142578125,644.8101196289062,875.5237426757812,578.643798828125,948.2620849609376,1.1832290887832642,0,0.5597457885742188,0.2057380676269531,0.3540077209472656,11.764,11.229,11.969,10.329,0.025,0.107,0.15,0.088,85.621564,-67.328308,85.6215268,-67.3283278,11.192,0.02,10.818,0.01,11.315,0.16,10.745,0.0,10.753,0.01,0.2498449194547489,85.621564,-67.328308,HD 270050,85.62153608,-67.3283227067,0.0,0.0,90.0,s*y,38.0,05 42 29.16866,-67 19 41.9617,A,2020yCat.1350....0G,YellowSG,*|MIR|NIR|s*y,307.911,0.076,0.0010276,3e-07,F6Ia,,0.0304,0.0106,1.567,0.697,0.014,0.014,90.0,,,,11.24,10.84,,9.97,9.822,9.724,,,,,,0.065605,0.0
86.46637,-67.240532,05455192-6714259,11.951431085043987,0.026,12.003,0.027,11.863454545454545,0.025,AAA,222,111,000,0,0,12.032,11.898,4659439560768356992,86.46643389080587,-67.24053501620024,-0.0572087945239142,1.9251000085095904,0.7003902244720569,2.0485498905181885,0.0232808161526918,0.0218980070203542,0.023653345182538,-2.4186344146728516,0.0294920559972524,0.0295711643993854,-2.9194514751434326,2436.2763671875,0.253151535987854,74.78502655029297,0.8874011039733887,31,0.0420379899442195,False,11.940192222595217,11.870363235473633,11.939348220825195,315405.95943920856,243933.61400563276,132867.52031505396,422.9947509765625,745.6498413085938,1102.6712646484375,221.2206115722656,550.2581176757812,241.4639892578125,1.1946544647216797,0,-0.0689849853515625,-0.069828987121582,0.0008440017700195,10.87,11.779,11.884,11.931,0.075,0.163,0.03,0.053,86.46637,-67.240532,86.466398,-67.2405362,11.856,0.03,11.949,0.01,11.847,0.04,11.991,0.02,12.302,0.0,0.2981421106044533,86.46637,-67.240532,LHA 120-S  61,86.4664117745,-67.240538129,0.0,0.0,90.0,WR*,99.0,05 45 51.93883,-67 14 25.9373,A,2020yCat.1350....0G,WolfRayet*,*|Em*|EmO|IR|MIR|NIR|WR*|Y*?,829.572,0.089,0.002771,3e-07,WN11h,,,,1.925,0.7,0.029,0.03,90.0,,,,11.86,11.95,12.09,12.032,12.003,11.898,,11.85,11.99,12.3,,0.062223,0.0
86.252525,-67.176193,05450060-6710342,8.99243108504399,0.022,8.846,0.025,8.701454545454546,0.023,AAA,222,111,000,0,0,9.073,8.736,4659451968980169984,86.25261004924936,-67.17618800523304,-0.0125745860000967,1.556177321680528,0.8178311843586589,1.757991909980774,0.0141091914847493,0.0137897608801722,0.0140292346477508,-0.8963130116462708,0.0176782142370939,0.0190493743866682,-4.624417304992676,534.3067626953125,0.0980953201651573,9.202729225158691,0.8030310273170471,95,0.0273688789457082,False,10.087153434753418,10.419553756713867,9.597332000732422,1738143.187321868,928101.1022818264,1148749.8342511496,1416.485595703125,1227.0814208984375,3154.26513671875,294.23687744140625,1858.03515625,618.2605590820312,1.1948676109313965,0,0.8222217559814453,0.3324003219604492,0.4898214340209961,,,,,,,,,,,,,,,,,,,,,,,,86.252525,-67.176193,HD 270111,86.252592219,-67.17619164,0.0,0.0,90.0,*,37.0,05 45 00.62213,-67 10 34.2899,A,2020yCat.1350....0G,Star,*|MIR|NIR,303.333,0.107,0.0010123,4e-07,G5I,,0.3,0.26,1.556,0.818,0.018,0.019,90.0,,,,10.88,10.2,,9.073,8.846,8.736,,,,,,0.093994,0.0
85.480018,-66.739258,05415520-6644213,11.03643108504399,0.026,10.797,0.028,10.366454545454545,0.023,AAA,222,111,000,0,0,11.117,10.401,4659889815112485888,85.48004178412359,-66.73926069802138,-0.0170531465486552,1.6895595397941925,0.73848201436226,1.8438999652862549,0.0126825701445341,0.014121226966381,0.0137430438771843,-1.2408565282821655,0.0155448094010353,0.0177477765828371,-0.8777632713317871,532.8374633789062,0.1003303155303001,10.116161346435549,0.9602545499801636,31,0.0250423122197389,False,11.9080228805542,12.141255378723145,11.5164794921875,324890.90709995653,190070.48998479976,196140.03974980352,186.1354217529297,1745.4544677734375,356.59136962890625,533.0204467773438,315.6530456542969,621.3786010742188,1.1887390613555908,0,0.6247758865356445,0.2332324981689453,0.3915433883666992,12.849,12.469,12.025,9.654,0.033,0.074,0.07,0.057,85.480018,-66.739258,85.480018,-66.7392698,12.437,0.03,11.956,0.0,12.142,0.01,11.87,0.0,11.847,0.02,0.4102111223173407,85.480018,-66.739258,SV* HV  2804,85.4800227696,-66.7392639802,0.0,0.0,90.0,V*,12.0,05 41 55.20546,-66 44 21.3503,A,2020yCat.1350....0G,Variable*,*|MIR|NIR|V*,307.586,0.112,0.0010265,4e-07,G0I:,,0.039,0.0303,1.69,0.738,0.016,0.018,90.0,,,,12.44,11.88,,11.117,10.797,10.401,,,,,,0.022571,0.0
85.947186,-66.585823,05434732-6635089,10.49243108504399,0.022,10.095,0.021,9.910454545454543,0.021,AAA,222,111,000,0,0,10.573,9.945,4659851572721436416,85.94713253676518,-66.58581443551101,0.027192669637031,1.5673737330438249,0.7143766360646051,1.722496509552002,0.0110132414847612,0.0130771156400442,0.0124589260667562,2.1825852394104004,0.0128198312595486,0.0172808822244405,2.6398391723632812,500.76910400390625,0.0878107771277427,8.843361854553223,1.1157468557357788,31,0.0239663030952215,False,12.156468391418455,12.786470413208008,11.412216186523438,258439.68518321365,104912.88838917292,215909.56282858952,599.0502319335938,431.4157104492187,909.7794799804688,115.31683349609376,1244.0540771484375,173.55319213867188,1.241382360458374,0,1.3742542266845703,0.6300020217895508,0.7442522048950195,,,,,,,,,,,,,,,,,,,,,,,,85.947186,-66.585823,SV* HV  2827,85.9471150065,-66.5858176105,0.0,0.0,90.0,cC*,67.0,05 43 47.30760,-66 35 08.9434,A,2020yCat.1350....0G,ClassicalCep,*|cC*|Ce*|MIR|NIR|V*|V*?,292.63,0.052,0.0009766,2e-07,M,,0.0272,0.0125,1.567,0.714,0.013,0.017,90.0,,,,13.37,12.02,,10.573,10.095,9.945,,,,,,0.103397,0.0
74.787743,-65.667702,04590905-6540037,8.609431085043989,0.027,8.437,0.046,8.246454545454545,0.023,AAA,112,111,000,0,0,8.69,8.281,4662293897281149824,74.78777004144848,-65.66770108189358,0.0129128581859356,1.650523152808969,-0.0157434467162457,1.6505982875823977,0.0109026776626706,0.0122840674594044,0.0118615487590432,1.0886317491531372,0.0141118383035063,0.0172494873404502,-0.1325258314609527,571.3785400390625,0.0806266292929649,7.004119873046875,0.993408203125,31,0.024978369474411,False,9.76962661743164,10.208386421203612,9.178099632263184,2328605.6119883414,1127359.4529508762,1690123.4844183088,1159.558349609375,2008.1832275390625,1210.0621337890625,931.6541748046876,1087.556884765625,1554.0552978515625,1.209944248199463,0,1.0302867889404297,0.4387598037719726,0.591526985168457,11.585,10.957,9.827,,0.024,0.034,0.136,,74.787743,-65.667702,74.7877727,-65.6676987,10.862,0.07,10.007,0.05,,,,,9.468,0.01,0.3070691347918944,74.787743,-65.667702,HD 270920,74.7877522377,-65.6677010119,0.0,0.0,90.0,*,44.0,04 59 09.06054,-65 40 03.7236,A,2020yCat.1350....0G,Star,*|MIR|NIR,311.339,0.1,0.0010391,3e-07,G5I:,,0.0129,0.0119,1.651,-0.016,0.014,0.017,90.0,,,,10.8,9.91,,8.69,8.437,8.281,,,,,,0.014156,0.0
77.812733,-65.96006,05111505-6557362,11.596431085043989,0.023,11.65,0.028,11.547454545454546,0.028,AAA,222,111,000,0,0,11.677,11.582,4663502569803085440,77.812692559299,-65.96006983355113,-0.0377867156840884,1.7444770354845534,0.1906119582704082,1.7548598051071167,0.0146213872358202,0.0159628503024578,0.0154802957549691,-2.440955638885498,0.018149197101593,0.0226030275225639,3.412161111831665,1589.2523193359375,0.1667559295892715,34.230220794677734,1.129039287567139,31,0.0318766087293624,False,11.90859031677246,11.961480140686035,11.783452033996582,324721.0575795939,224297.78282824488,153383.09934477744,125.32650756835938,2591.00048828125,255.21141052246097,878.8704833984375,159.42025756835938,962.1305541992188,1.163093328475952,0,0.1780281066894531,0.0528898239135742,0.1251382827758789,,,,,,,,,,,,,,,,,,,,,,,,77.812733,-65.96006,HD 271067,77.812673527,-65.9600706807,0.0,0.0,90.0,*,14.0,05 11 15.04165,-65 57 36.2545,A,2020yCat.1350....0G,Star,*|MIR|NIR,303.746,0.099,0.0010137,3e-07,A0I,,0.0017,0.0245,1.744,0.191,0.018,0.023,90.0,,,,11.99,11.93,,11.677,11.65,11.582,,,,,,0.095319,0.0
78.41177,-65.466476,05133882-6527593,11.910431085043989,,11.511,,11.772454545454544,0.06,UUA,662,2,00c,0,0,11.991,11.807,4663636057367012480,78.41177795719514,-65.46645691819447,-0.1154708844053334,1.8993493449987424,0.5016058175204421,1.964468479156494,0.040233451873064,0.0407151728868484,0.041847538203001,-2.7593231201171875,0.0469314157962799,0.0539699904620647,21.453289031982425,1781.292724609375,0.3889584541320801,37.7689323425293,2.0649430751800537,95,0.0761753767728805,False,14.7907133102417,15.033599853515623,13.816344261169434,22838.16996491964,13242.7164160356,23584.164966165492,30.305395126342773,753.600830078125,58.30775451660156,227.1175842285156,82.46630859375,285.9854431152344,1.6125144958496094,0,1.2172555923461914,0.2428865432739257,0.9743690490722656,,14.895,14.143,13.484,,0.16,0.126,0.088,78.41177,-65.466476,78.4118403,-65.4664653,,,,,,,,,,,0.3862560236561087,78.41177,-65.466476,2MASS J05133882-6527593,78.41177,-65.466476,0.12,0.11,147.0,*,4.0,05 13 38.82480,-65 27 59.3136,C,2003yCat.2246....0C,Star,*|NIR,300.435,0.011,0.0010026,0.0,,,,,,,,,,,,,,,,,,11.807,,,,,,0.0,0.0
79.788019,-65.155556,05190912-6509200,12.98643108504399,0.028,12.964,0.029,12.948454545454544,0.032,AAA,222,111,000,0,0,13.067,12.983,4660657205502677760,79.78798108880162,-65.15553325470029,-0.0100925493111831,1.518116547505762,0.2737972418580389,1.5426090955734253,0.0094254855066537,0.0117679638788104,0.0111795431002974,-0.9027693867683412,0.0117826052010059,0.0150478547438979,-2.1354117393493652,354.5489501953125,0.0,0.0,0.9180448651313782,31,0.0214302390813827,False,13.497718811035156,13.578718185424805,13.332260131835938,75137.95339248888,50574.28207026189,36834.44199171239,25.134422302246097,2989.4443359375,32.124412536621094,1574.3255615234375,19.68772315979004,1870.9345703125,1.163309931755066,0,0.2464580535888672,0.0809993743896484,0.1654586791992187,,,,,,,,,,,,,,,,,,,,,,,,,,,,,,,,,,,,,,,,,,,,,,,,,,,,,,,,,,,,,,,,,,,,
83.37404,-65.945999,05332976-6556455,10.962431085043988,0.027,10.81,0.033,10.713454545454544,0.026,AAA,222,111,ccc,0,0,11.043,10.748,4660693523744023168,83.37408191745688,-65.94597965349006,-0.0421730825477352,1.7034536137648926,0.656233689268003,1.825485348701477,0.0112615088000893,0.0116689866408705,0.0128413019701838,-3.284175157546997,0.0143277077004313,0.0147971706464886,-1.9703285694122312,551.60986328125,0.0833743289113044,8.056485176086426,0.9186146855354308,31,0.0212023723870515,False,11.909238815307615,12.155367851257324,11.508536338806152,324527.428283359,187616.02371223897,197580.36046771889,36.94782257080078,8783.3974609375,82.13780212402344,2284.16162109375,55.79371643066406,3541.265380859375,1.186945557594299,0,0.6468315124511719,0.246129035949707,0.4007024765014648,,,,,,,,,,,,,,,,,,,,,,,,83.37404,-65.945999,2MASS J05332976-6556455,83.374063343,-65.9459825701,0.0,0.0,90.0,*,0.0,05 33 29.77520,-65 56 45.5373,A,2020yCat.1350....0G,Star,*|MIR|NIR,,,,,,,,,1.703,0.656,0.014,0.015,90.0,,,,,,,11.043,10.81,10.748,,,,,,0.06835,0.0
80.420956,-65.868645,05214102-6552071,10.12043108504399,0.026,10.146,0.024,10.024454545454544,0.019,AAA,222,111,000,0,0,10.201,10.059,4660554298082052864,80.42100264282007,-65.86866532548564,-0.0018180841471448,1.6976896055808322,0.3590298135595199,1.7352384328842163,0.0156003655865788,0.0136553179472684,0.0143227372318506,-0.1269369274377823,0.0192392040044069,0.0209457427263259,0.4533325135707855,908.8939819335938,0.1210745945572853,15.02010440826416,1.0180805921554563,31,0.0292866639792919,False,10.5485258102417,10.62618637084961,10.377470016479492,1136413.950108297,767259.6610719764,559977.0331641232,717.824462890625,1583.13623046875,1381.8348388671875,555.2470092773438,1025.244384765625,546.1888427734375,1.1679165363311768,0,0.2487163543701172,0.0776605606079101,0.171055793762207,8.705,9.839,10.45,,0.16,0.24,0.176,,80.420956,-65.868645,80.4209865,-65.8686731,10.651,0.02,10.529,0.02,10.639,0.01,10.536,0.01,10.64,0.03,0.6526769608732003,80.420956,-65.868645,HD 271192,80.420984187,-65.8686669212,0.0,0.0,90.0,sg*,31.0,05 21 41.03620,-65 52 07.2009,A,2020yCat.1350....0G,Supergiant,*|MIR|NIR|SB*|sg*,308.0,,0.0010279,,A0Ia0,,0.61,0.4,1.698,0.359,0.019,0.021,90.0,,,,10.64,10.48,,10.201,10.146,10.059,,,,,,0.089156,0.0
80.257105,-65.800743,05210170-6548026,8.39543108504399,0.029,8.317,0.047,8.182454545454545,0.027,AAA,111,111,000,0,0,8.476,8.217,4660601611448785152,80.25714520472559,-65.80067073261095,-0.0034761884284583,1.5816662285030614,0.3817539298618633,1.627084493637085,0.0117619419470429,0.0110730826854705,0.0113092241808772,-0.3073763847351074,0.0131816584616899,0.0144727872684597,-3.1699655055999756,366.74261474609375,0.0489522814750671,2.338818073272705,0.8609169125556946,31,0.020798210054636,False,9.44212532043457,9.782779693603516,8.93155288696289,3148447.5990505023,1668419.068248602,2120981.5626512663,1751.8258056640625,1797.23779296875,2000.278564453125,834.0933837890625,2373.47802734375,893.6175537109375,1.2035775184631348,0,0.851226806640625,0.3406543731689453,0.5105724334716797,,,,,,,,,,,,,,,,,,,,,,,,80.257105,-65.800743,HD 271182,80.2571280556,-65.8006724293,0.0,0.0,90.0,s*y,110.0,05 21 01.71073,-65 48 02.4207,A,2020yCat.1350....0G,YellowSG,*|MIR|NIR|s*y,311.919,0.123,0.001041,4e-07,F8_0,,0.0157,0.0265,1.582,0.382,0.013,0.014,90.0,,,,10.36,9.62,,8.476,8.317,8.217,,,,,,0.256323,0.0
80.746689,-65.80143,05225920-6548051,13.12743108504399,,15.073,0.127,13.092454545454546,,UBU,20,10,0c0,0,0,13.208,13.127,4660555603752677888,80.74670149002978,-65.80142791726747,-0.0688054973712776,1.722393817438933,0.5041944657799742,1.7946733236312866,0.0722726806998252,0.0857243463397026,0.084477923810482,-0.8144789934158325,0.0974526107311248,0.1040884181857109,1.1494150161743164,332.849609375,0.0,0.0,1.046857833862305,31,0.1538536548614502,False,17.624603271484375,18.1270694732666,16.85494041442871,1679.2118340203222,766.6356970420472,1436.0910389444448,1.214031219482422,1383.170166015625,7.548866271972656,101.55640411376952,8.272049903869629,173.60763549804688,1.3117623329162598,0,1.2721290588378906,0.5024662017822266,0.7696628570556641,,,,,,,,,,,,,,,,,,,,,,,,,,,,,,,,,,,,,,,,,,,,,,,,,,,,,,,,,,,,,,,,,,,,
81.94343,-65.682083,05274642-6540554,10.87343108504399,0.026,10.917,0.023,10.826454545454546,0.023,AAA,222,111,000,0,0,10.954,10.861,4660756745664545152,81.94347965388124,-65.68212198121579,-0.024663393026983,1.6136476359674998,0.6011120060277034,1.7219740152359009,0.0203839913010597,0.0198639817535877,0.021170999854803,-1.1649612188339231,0.0248050112277269,0.0261985715478658,-1.0221458673477173,2068.629638671875,0.2265028804540634,57.37843704223633,0.9594815969467164,95,0.0370367839932441,False,11.259688377380373,11.306459426879885,11.11883544921875,590298.0300949347,410046.41208339983,282894.22890668974,367.0393371582031,1608.2691650390625,687.9854736328125,596.01025390625,393.58978271484375,718.7539672851562,1.1738827228546145,0,0.1876239776611328,0.0467710494995117,0.1408529281616211,,,,,,,,,,,,,,,,,,,,,,,,81.94343,-65.682083,HD 271279,81.9434622382,-65.6821246528,0.0,0.0,90.0,sg*,22.0,05 27 46.43094,-65 40 55.6488,A,2020yCat.1350....0G,Supergiant,*|MIR|NIR|sg*,306.0,,0.0010212,,A1Ia,,,,1.614,0.601,0.025,0.026,90.0,,,,11.2,11.3,,10.954,10.917,10.861,,,,,,0.157382,0.0
