star_idx,ra,dec,hr_zone,priority,cepheid_like,spikes_irregular,regular_spikes,long_trend,unknown,unclear_irregular,regular,lc_issues,two_dips,big_spike,selected,eclipsing_binary_cands,overall_median,overall_mean_mag,overall_median_mag,offset_flag,chi_squared_68,chi2_threshold_68,chi_flag_68,chi_squared_95,chi2_threshold_95,chi_flag_95,chi_squared_997,chi2_threshold_997,chi_flag_997,amplitude_5,lower_percentile_5,upper_percentile_5,mag_amplitude_5,amplitude_1,lower_percentile_1,upper_percentile_1,mag_amplitude_1,largest_amp,largest_amp_mag,best_period,alarm_level_flag,std_amplitude,logT,logT_std,logL,logL_std,binary,SIMBAD_maintype,SIMBAD_othertypes,teff,teff_std
0,7.521702,-73.913918,RSG,low,0,0,0,0,1,0,0,0,0,0,0,0,10.39732824928462,13.858572104319192,13.857643041038122,0.0,164328.7637296295,2731.830361003,0.0,164328.7637296295,2819.953086459194,0.0,164328.7637296295,2904.2138513342607,0.0,0.652342503495074,10.060031101651514,10.712373605146588,0.0686154309875703,0.9542217323552364,9.902972155615336,10.857193887970572,0.0998511912509609,1.0806419367635147,0.1135074361002299,2.2547343456324658,0.0,0.1805201935553953,3.795895651664008,0.0005209000540711,4.025972010650774,0.0069559645398469,False,Star,*|MIR|NIR|s?b,6250.225,7.496624240283091
1,7.746443,-73.741425,,,0,0,0,0,0,0,0,0,0,0,0,0,8.298339823357658,14.102184737562265,14.10265789344045,0.0,21582.824395855667,2285.882975266664,0.0,21582.824395855667,2366.5879559092814,0.0,21582.824395855667,2443.90039517506,0.0,0.5111451972721479,8.05238157357492,8.563526770847067,0.066342106559551,0.7425006215004686,7.929360013114332,8.6718606346148,0.097010320712771,0.8628906603237878,0.1129999999999995,228.60858792688788,1.0,0.039727036303202,3.778176583489546,0.0006765618968225,3.9625101528770807,0.0068122515008604,False,Star,*|MIR|NIR,6000.35,9.347593273137209
2,7.925977,-73.53167,,,0,0,0,0,0,0,0,0,0,0,0,0,3.683722296429041,14.985224502583916,14.984516691251724,0.0,15944.28945768519,2274.8062615304875,0.0,15944.28945768519,2355.318176530294,0.0,15944.28945768519,2432.449772142273,0.0,0.4486193843193873,3.453155183729218,3.9017745680486047,0.1318739523495047,0.638378794530932,3.3717536274281628,4.010132421959095,0.1878490319384216,0.7455890234940306,0.2203598330926031,201.14910185686884,0.0,0.0208183468929205,3.646506650641312,0.0109507549455972,3.9895348782229783,0.0063697662793183,True,RedSG_Candidate,*|MIR|NIR|s?r,4431.05,111.72912556715012
3,7.948884,-73.599243,RSG,low,0,0,0,0,1,0,0,0,0,0,0,0,4.445611447446913,14.780700986334152,14.78041929466148,0.0,12589.719677371537,2299.9803407410855,0.0,12589.719677371537,2380.930361413223,0.0,12589.719677371537,2458.4723288206196,0.0,0.4145033099799855,4.240434550037272,4.654937860017258,0.1012031000594397,0.6005824205782586,4.140339566016275,4.740921986594533,0.1470380595428473,0.7166413824172295,0.1760000000000019,485.2739108530634,0.0,0.0257019231129929,3.653219751956391,0.0004178304065061,4.001668983840928,0.0072704790683986,False,RedSG_Candidate,*|MIR|NIR|s?r,4500.075,4.329477451148117
4,7.980047,-73.578545,,,0,0,0,0,0,0,0,0,0,0,0,0,3.368827134829491,15.081476775116204,15.081124230230074,0.0,13266.781168414767,2291.924740242267,0.0,13266.781168414767,2372.734830930131,0.0,13266.781168414767,2450.145726363749,0.0,0.4185250432140028,3.167022142375459,3.585547185589462,0.1345703346064599,0.6153635600912071,3.064660375196994,3.680023935288201,0.1982187815575162,0.7257441864195808,0.2350000000000012,372.5107503822114,0.0,0.0220999125989674,3.6283557180259254,0.0009205720884436,3.996245289190244,0.0072876986884943,False,RedSG_Candidate,*|MIR|NIR|s?r,4249.675,9.00801726241685
5,7.981742,-73.585571,RSG,low,0,1,0,0,0,0,0,0,0,0,0,0,5.98226309710396,14.458030746252971,14.45792786962671,0.0,29300.441865574736,2342.270648055073,0.0,29300.441865574736,2423.951286863853,0.0,29300.441865574736,2502.177623900858,0.0,0.629950512509569,5.6797912649586255,6.3097417774681945,0.1141344999560107,0.8750267857399194,5.5644908628475065,6.439517648587426,0.1584313273740782,1.0848816662430174,0.1970000000000009,1002.2374879380268,0.0,0.0036032654969564,3.628388930050312,0.0,4.2731276448277535,0.0078833619101818,True,RedSG_Candidate,*|MIR|NIR|s?r,4250.0,0.0
6,8.228736,-73.821953,,,0,0,0,0,0,0,0,0,0,0,0,0,6.320977666746703,14.346638527590525,14.398225100223696,0.0,1045526.0400693248,2391.60602454486,0.0,1045526.0400693248,2474.130708638812,0.0,1045526.0400693248,2553.147666408268,0.0,5.626378551663284,4.807673397757161,10.434051949420445,0.8413486801967736,6.298228871748552,4.578446838849089,10.876675710597642,0.9391982151808822,8.611254748326482,1.5761370671348995,15.840122470532574,0.0,0.5447503345585994,3.79070728732768,0.0111043916955548,3.928721340723477,0.0261390064264666,False,ClassicalCep,*|cC*|Ce*|NIR|s?b|V*,6176.0,157.9129507038609
7,8.560188,-73.619049,,,0,0,0,0,0,0,0,0,0,0,0,0,4.1509934394328845,14.855739011513329,14.854674006204563,0.0,27390.498328038982,1975.6588547276028,0.0,27390.498328038982,2050.7664186324773,0.0,27390.498328038982,2122.835885331438,0.0,0.4458329262230438,3.924282940017673,4.370115866240717,0.1168618959670357,0.6581923444820443,3.8249341130086063,4.483126457490651,0.1723218864862428,0.7375433319316995,0.1945572052898789,6.9010166988337485,1.0,0.1360067955353958,3.6378398258490057,0.012095044257012,4.076020490028913,0.0083276961012646,True,RedSG_Candidate,*|MIR|NIR|s?r,4343.5,120.9659042871172
8,8.637665,-73.873337,,,0,0,0,0,0,0,0,0,0,0,0,0,25.134,12.899094786729858,12.899,0.0,18874.812143332132,648.0973513299974,0.0,18874.812143332132,691.5938784273117,0.0,18874.812143332132,734.0612797676672,0.0,0.9595999999999982,24.6626,25.6222,0.0413999999999994,1.333680000000001,24.46932,25.803,0.0576799999999995,1.586000000000002,0.0679999999999996,1.7561659802301668,1.0,0.1791869990745117,3.91493257225064,0.0076562290373416,4.196810851381923,0.0105426556046077,False,ChemPec*,*|NIR|Pe*|s?b,8221.15,144.93163043311145
9,8.763608,-73.549622,RSG,low,0,0,0,0,0,0,0,1,0,0,0,0,5.828555061554566,14.486468914733086,14.486,0.0,18453.459889396167,1714.648007885952,0.0,18453.459889396167,1784.694965354872,0.0,18453.459889396167,1852.0244838042372,0.0,0.5199866102235875,5.569372968003183,6.08935957822677,0.0969999999999977,0.7774456922417361,5.445490082931728,6.222935775173464,0.145011841899155,0.9207251210667264,0.1720000000000006,395.1742480512271,0.0,0.0597578556776377,3.641498898294518,0.0123826055903489,4.230730155542765,0.0077038519837581,True,ChemPec*,*|MIR|NIR|Pe*,4380.25,124.8897013368196
10,8.763859,-74.203384,RSG,high,0,1,0,0,0,0,0,0,0,0,0,0,8.281491554953298,14.10482262235299,14.105,0.0,64258.74579244948,2364.4216608289503,0.0,64258.74579244948,2446.482354791217,0.0,64258.74579244948,2525.0646905555236,0.0,0.9147092857959986,7.850569885020716,8.765279170816715,0.1197719086431554,1.332987954223813,7.635095878610765,8.968083832834578,0.1742730837577504,1.7500207965394583,0.2304635035184041,1355.3446084613795,0.0,0.052964559437532,3.62836593738087,0.0007660976264524,4.458575774715526,0.0068907867846603,True,RedSG_Candidate,*|MIR|NIR|s?r,4249.775,7.496624240283091
11,8.989162,-73.734062,RSG,low,0,0,0,0,1,0,0,0,0,0,0,0,4.5577817035488,14.754047765104277,14.753098797465675,0.0,10953.295206044251,1678.3566019108127,0.0,10953.295206044251,1747.6701974086996,0.0,10953.295206044251,1814.3128412769624,0.0,0.408544052535535,4.345807901021068,4.754351953556603,0.0979317536577877,0.5909979271580506,4.257557117906728,4.848555045064779,0.1409850535619874,0.6905791701318389,0.1649850535619865,1225.5267735799555,0.0,0.0162346244550017,3.628388930050312,0.0,4.122827140700638,0.0075675318188794,True,,,4250.0,0.0
12,9.124077,-73.918602,,,0,0,0,0,0,0,0,0,0,0,0,0,10.783840825791009,13.818286197786184,13.818,0.0,24881.774426618984,1687.4297487976212,0.0,24881.774426618984,1756.9274280263048,0.0,24881.774426618984,1823.7424861770728,0.0,0.6184633867959857,10.472989451752962,11.091452838548948,0.0621471518348464,0.8761883272051456,10.343811672794857,11.22,0.0881089634685885,0.9943475795347414,0.0997189634685913,409.83167752346264,1.0,0.0689957161554357,3.875232052301631,0.0020393426376136,3.9321249696806686,0.0063506012030707,False,Star,*|MIR|NIR|s?b|V*,7502.95,35.232052168444575
13,9.380191,-74.411057,RSG,low,0,0,0,0,1,0,0,0,0,0,0,0,3.7302808488492554,14.969681745790377,14.970944084284222,0.0,53374.88757715188,1940.3952913381395,0.0,53374.88757715188,2014.8395533673336,0.0,53374.88757715188,2086.28773527547,0.0,0.4209099465526806,3.542363995619789,3.96327394217247,0.1218723076028887,0.6100999596133305,3.4373800372759127,4.047479996889243,0.1777124103355625,0.7017491452124336,0.2048412585022898,404.45539920373074,0.0,0.0158545612487471,3.6489695471959407,0.0092576502946509,4.004694033707391,0.0078412702977577,False,RedSG_Candidate,*|MIR|NIR|s?r,4456.25,94.99177595981664
14,9.508638,-73.630348,instability_strip,high,1,0,0,0,0,0,0,0,0,0,0,0,10.057235307103106,13.893860711029578,13.893836499353256,0.0,28851.56098737701,1731.7845352575391,0.0,28851.56098737701,1802.175082622015,0.0,28851.56098737701,1869.826412763617,0.0,0.6864966238733459,9.73225,10.418746623873346,0.0744225722393352,0.989223428870039,9.591902130046655,10.581125558916694,0.1069800035497134,1.2554357805693002,0.136436570347552,216.3294385622902,0.0,0.0766871661848774,3.7366295244041985,0.0077842670853849,4.147166510607319,0.009035347519209,True,Star,*|MIR|NIR,5452.925,97.73788607801993
15,9.563685,-73.017746,RSG,low,0,0,0,0,1,0,0,0,0,0,0,0,4.724,14.714215613844656,14.714,0.0,16522.611538854868,1710.6157839751406,0.0,16522.611538854868,1780.5816455961028,0.0,16522.611538854868,1847.8352085630183,0.0,0.5333365954387608,4.467,5.00033659543876,0.1221479281660773,0.7711415731331499,4.340520000000001,5.1116615731331505,0.177444446966037,0.9380698692674504,0.2159765866832632,900.5464996288789,0.0,0.0030250094707238,3.628414476033196,0.0008074071445398,4.163638367992337,0.0074193172983087,True,RedSG_Candidate,*|MIR|NIR|Pe*|s?r,4250.25,7.901740314639554
16,9.57867,-73.525597,,,0,0,0,0,0,0,0,0,0,0,0,0,6.9757423367941875,14.270832590505073,14.291,0.0,476941.0090232499,1752.952250022822,0.0,476941.0090232499,1823.7648751333663,0.0,476941.0090232499,1891.8115314257736,0.0,3.4822297822637776,5.691370217736221,9.1736,0.5184138336195936,4.030103863332746,5.452176136667253,9.48228,0.6011455446547096,6.341438398980827,1.0899811614434416,36.975922795733894,0.0,0.4690101578574401,3.698893996150776,0.0013885850571928,4.009150087554691,0.0074156316170204,False,ClassicalCep,*|cC*|Ce*|NIR|V*,4999.125,15.9838785968863
17,9.818972,-72.032875,,,0,0,0,0,0,0,0,0,0,0,0,0,7.321312224942988,14.168448932748737,14.238578230209862,0.0,1614582.0962451163,2810.323510531799,0.0,1614582.0962451163,2899.687364240881,0.0,1614582.0962451163,2985.110742118677,0.0,7.923303635744108,5.4849706243759835,13.408274260120091,0.9704217697901392,8.97691576318185,5.253308409825111,14.23022417300696,1.0821478052880489,9.415355648194051,1.149827419465625,18.901204676925097,0.0,1.10978818047381,3.738889514690274,0.0052011712491005,3.9617417686374328,0.0071059753443746,True,ClassicalCep,*|cC*|Ce*|NIR|V*,5481.375,65.6457110175524
18,10.190774,-72.673569,RSG,low,0,1,0,0,0,0,0,0,0,0,0,0,5.394664726891028,14.569396994048828,14.57025550357906,0.0,18083.17285234367,1708.599657661933,0.0,18083.17285234367,1778.5249352331505,0.0,18083.17285234367,1845.740486646389,0.0,0.5699803229973481,5.126018309766095,5.695998632763443,0.114907021749989,0.8097176186094739,5.020593687126798,5.830311305736272,0.1621378479151918,1.0582349652336545,0.2139999999999986,345.588391348741,0.0,0.055747694393906,3.628335278594595,0.0011696130358897,4.248980747294931,0.0083762646043351,True,RedSG_Candidate,*|MIR|NIR|Pe*|s?r,4249.475,11.444403654188363
19,10.191936,-73.717102,,,0,0,0,0,0,0,0,0,0,0,0,0,7.619,14.162946898531796,14.195000000000002,0.0,1096167.1965422218,1752.952250022822,0.0,1096167.1965422218,1823.7648751333663,0.0,1096167.1965422218,1891.8115314257736,0.0,6.86953001147747,5.416625679298524,12.286155690775994,0.8887992815612265,7.72448205865351,5.201001693429583,12.925483752083093,0.988635105482306,9.08904526051825,1.1639999999999997,28.44771192261796,0.0,0.7036820144102817,3.6989700043360183,0.0,3.9551550146356313,0.0070317341575564,True,ClassicalCep,*|cC*|Ce*|MIR|NIR|V*|V*?,5000.0,0.0
20,10.512744,-73.888428,RSG,low,0,0,0,0,1,0,0,0,0,0,0,0,4.098139245585381,14.868797850784055,14.86847548910755,0.0,13301.724671361617,1701.5431398952364,0.0,13301.724671361617,1771.3261828974978,0.0,13301.724671361617,1838.408515670421,0.0,0.4467222057497331,3.880527794250267,4.32725,0.1185749593028617,0.6374209596072804,3.791099083682826,4.428520043290106,0.1692500000000016,0.7672707315321174,0.2029999999999994,255.2832567709104,0.0,0.0453726885621463,3.6283761564953494,0.000571116312502,4.090954281485321,0.0074001192187775,True,,,4249.875,5.588772226527039
21,10.598432,-73.412109,RSG,low,0,0,0,0,1,0,0,0,0,0,0,0,4.334509815158753,14.807133256655453,14.80750861028618,0.0,12124.963413508483,1689.445976717027,0.0,12124.963413508483,1758.9844956469517,0.0,12124.963413508483,1825.8378046304645,0.0,0.4772582625680046,4.102008459772767,4.579266722340772,0.1193397787399668,0.6976206407796881,3.996663122666876,4.694283763446564,0.17432406060618,0.847901837109986,0.213339778739968,253.77651940057223,0.0,0.0806489438288994,3.628388930050312,0.0,4.146962770644912,0.0067543901658595,False,YellowSG,*|Ev*|MIR|NIR|s*y,4250.0,0.0
22,10.721161,-73.596092,,,0,0,0,0,0,0,0,0,0,0,0,0,14.535451542466244,13.493854033614571,13.494000000000002,0.0,26452.07417955576,1712.6319007107988,0.0,26452.07417955576,1782.63832228337,0.0,26452.07417955576,1849.92987424896,0.0,0.701818359964907,14.196447829650385,14.898266189615292,0.0523531015966103,1.0133825025459906,14.043698392541144,15.057080895087136,0.0752800000000011,1.209081725421223,0.0903531015966088,394.8344204160753,1.0,0.0628946211529724,3.7908760218303152,0.0079444205410106,4.178472097011758,0.0061872214799472,True,Star,*|NIR|s?b,6178.4,113.01964431018176
23,10.745516,-73.29184,,,0,0,0,0,0,0,0,0,0,0,0,0,10.308,13.867521049020736,13.867228927433466,0.0,14581.736920304273,1712.6319007107988,0.0,14581.736920304273,1782.63832228337,0.0,14581.736920304273,1849.92987424896,0.0,0.5675735315578994,10.0214264684421,10.589,0.0599835078915855,0.8693485899300999,9.86309746887269,10.73244605880279,0.0919847724632276,1.019369530600324,0.1079450263052805,1145.7160310089134,0.0,0.0036985615609346,3.800928333148497,0.0123136742195983,3.996610762213909,0.0057779140864068,False,Star,*|MIR|NIR,6323.075,179.27993299585984
24,10.95191,-73.613548,,,0,0,0,0,0,0,0,0,0,0,0,0,6.882988351972616,14.278260658598096,14.305754142150349,0.0,1352996.591829806,1751.9442868285505,0.0,1352996.591829806,1822.7368714310203,0.0,1352996.591829806,1890.7647573602385,0.0,8.79542382134386,4.319326178656141,13.11475,1.205427978430988,9.877962204735258,4.040374521431712,13.91833672616697,1.3424004536779055,12.571821865602624,1.817,31.90214511013393,0.0,0.947415090565702,3.6989700043360183,0.0,4.075498366035257,0.0082143867362165,False,ClassicalCep,*|cC*|Ce*|NIR|V*|V*?,5000.0,0.0
25,11.004765,-72.995163,RSG,low,0,0,0,0,1,0,0,0,0,0,0,0,5.696808593669334,14.511218395496558,14.51114157175514,0.0,18328.493640995504,1713.6399554923753,0.0,18328.493640995504,1783.6666480173533,0.0,18328.493640995504,1850.977186036692,0.0,0.6177310682756794,5.392117414577619,6.0098484828532985,0.1179932956075262,0.8970990845863938,5.260557708487085,6.157656793073479,0.1710488390757856,1.0641123871887608,0.2029999999999994,567.7266518656924,0.0,0.0690961390884585,3.650166621754357,0.0080648810519471,4.243101635502449,0.0064250913907637,False,,,4468.55,82.9813081362303
26,11.045316,-73.212608,,,0,0,0,0,0,0,0,0,0,0,0,0,5.138392304667963,14.62417551158014,14.622878916019175,0.0,9910.49433613056,1700.5350562909443,0.0,9910.49433613056,1770.2977558198174,0.0,9910.49433613056,1837.3610346620649,0.0,0.4953920387292543,4.885830402915079,5.381222441644334,0.1050292012054168,0.7180072574143601,4.786372544406106,5.504379801820466,0.1522524076865909,0.848059163208501,0.1789707987945821,337.4009666329613,0.0,0.0219218350233956,3.702742788748585,0.008443644278317,3.969174617448316,0.0065904629479699,False,Star,*|MIR|NIR,5043.625,98.05921361605957
27,11.210925,-72.885483,,,0,0,0,0,0,0,0,0,0,0,0,0,4.278478474037957,14.82049332762362,14.821978597982062,0.0,9367.745127005368,1711.623843539097,0.0,9367.745127005368,1781.609988145448,0.0,9367.745127005368,1848.882548428567,0.0,0.4814828932550847,4.0556227141492345,4.537105607404319,0.1219814435301032,0.6691967033762141,3.969,4.638196703376214,0.169017554487322,0.7940450122678513,0.201925774120415,435.439519070024,0.0,0.0414492996849283,3.612073575471071,0.0128288006311561,3.969266555635036,0.0090197697772742,False,,,4093.3,120.91364687246846
28,11.399051,-73.293671,,low,0,0,0,0,0,0,0,0,0,0,0,0,3.433619182898896,15.062564332415334,15.061,0.0,13863.603650438532,1708.599657661933,0.0,13863.603650438532,1778.5249352331505,0.0,13863.603650438532,1845.740486646389,0.0,0.5895371521575936,3.1393160264420965,3.72885317859969,0.1865451288827291,0.7964161943476147,3.029099525214014,3.8255157195616287,0.2529407500734262,0.9588363863853568,0.3054208845665833,403.60728990597903,0.0,0.0464621939199623,3.635461126721576,0.0113633668609649,4.139122790639936,0.0071982280200868,False,RedSG,*|Ev*|MIR|NIR|s*r,4319.775,113.02742753420516
29,11.476636,-72.93116,RSG,,0,1,0,0,0,0,0,0,0,0,0,0,4.908192871402069,14.672791625829634,14.672703869810972,0.0,8156.451006322582,1695.4946019878437,0.0,8156.451006322582,1765.1554928614823,0.0,8156.451006322582,1832.1234166083304,0.0,0.4569862489734335,4.69121076140019,5.148197010373623,0.101029185663295,0.6704834751392905,4.585705923139804,5.256189398279094,0.1480600562743568,0.7770052650554193,0.173,948.5092376387832,0.0,0.0233710527435566,3.646550753640341,0.0109274079830454,3.956514391771476,0.0083191278169149,False,,,4431.5,111.5022421299231
30,11.510007,-73.350014,RSG,low,0,0,0,0,1,0,0,0,0,0,0,0,6.967546446145322,14.292502920456538,14.292130858922205,0.0,13692.541846007218,1689.445976717027,0.0,13692.541846007218,1758.9844956469517,0.0,13692.541846007218,1825.8378046304645,0.0,0.573833849765772,6.68115,7.254983849765772,0.0892847625671962,0.8034599137379566,6.559335319497521,7.362795233235477,0.1258691410777999,0.9558107779978782,0.1495341262928562,390.9104377762218,0.0,0.064766128800336,3.6721925607677415,0.0139824246643747,4.20541817045043,0.0066982394716934,False,YellowSG,*|MIR|NIR|s*y,4701.025,151.35289681733877
31,11.554412,-72.935364,hot_dim,low,0,0,0,1,0,0,0,0,0,0,0,0,22.81186823256232,13.00461498066422,13.004535658141926,0.0,39304.75341680265,1723.7203723173586,0.0,39304.75341680265,1793.949444779268,0.0,39304.75341680265,1861.4495348530693,0.0,1.0758173852498167,22.29267238576221,23.368489771012023,0.0508065914526447,1.5144456921487477,22.0598761680742,23.57432186022295,0.0722528721348556,1.841971367252956,0.0877631976094015,387.6435790554462,0.0,0.0740748060467497,3.940173944542606,0.0278276363064006,4.24852742395495,0.0243725489408249,False,,,8713.125,558.2978455761763
32,11.624906,-72.593178,,,0,0,0,0,0,0,0,0,0,0,0,0,,,,,,,,,,,,,,,,,,,,,,,,,,,3.60388020836629,0.0067674182284541,3.425841586208822,0.03430686009768,False,,,4016.8,62.59201226993745
33,11.642234,-72.821014,hot_dim,low,0,0,0,1,0,0,0,0,0,0,0,0,16.15743581229912,13.37905102353355,13.379071512108515,0.0,23116.182142283207,1725.7364272121538,0.0,23116.182142283207,1796.0059040272513,0.0,23116.182142283207,1863.543837464453,0.0,0.810724245897827,15.76488576099874,16.575610006896568,0.0550000000000014,1.1440854379427758,15.60496583492918,16.749051272871956,0.0769284878914824,1.38995548611239,0.0932213142761106,397.03935287901334,0.0,0.0479698109496673,3.927207343678566,0.0079834362290687,4.082980851165258,0.009681323084047,False,Star,*|NIR|s?b,8456.825,155.45793442278847
34,11.666625,-73.208763,hot_dim,low,0,0,0,0,1,0,0,0,0,0,0,0,13.637451867127918,13.56258472818766,13.563220360086197,0.0,21029.167417481025,1731.7845352575391,0.0,21029.167417481025,1802.175082622015,0.0,21029.167417481025,1869.826412763617,0.0,0.7861031106896537,13.264094382506888,14.05019749319654,0.0622022374051791,1.1149485351398507,13.097866720647133,14.212815255786982,0.0890514938983297,1.404905939480713,0.1118521306378763,659.7762077906278,0.0,0.0484103487011801,3.8848222587979304,0.0208901810496483,4.01400024461469,0.009630369817252,False,Star,*|NIR|s?b,7670.475,368.96073554648063
35,11.692539,-73.666313,,,0,0,0,0,0,0,0,0,0,0,0,0,3.5984044026053543,15.009321833505766,15.009857904019174,0.0,7342.879957207048,1689.445976717027,0.0,7342.879957207048,1758.9844956469517,0.0,7342.879957207048,1825.8378046304645,0.0,0.3801233871155958,3.4201424664459115,3.8002658535615073,0.1140922288366113,0.5492852220208158,3.330579578450933,3.879864800471749,0.1656818958329342,0.6566027838461026,0.1980000000000004,771.6106532291328,1.0,0.0092976504103385,3.632993501996027,0.0097364095046431,4.025073314391388,0.0103721726062677,True,,,4295.3,96.29595007060266
36,11.721182,-72.714394,,,0,0,0,0,0,0,0,0,0,0,0,0,29.638,12.753941485038183,12.720000000000002,0.0,5276008.775436914,1752.952250022822,0.0,5276008.775436914,1823.7648751333663,0.0,5276008.775436914,1891.8115314257736,0.0,28.005799277108068,16.970188106261674,44.97598738336974,1.0581591834534103,30.17233406793159,16.18137367891646,46.35370774684805,1.1424800000000008,31.88883871076819,1.215872921035091,65.90739822138504,0.0,4.115736326467317,3.7121507339372672,0.0104029524367212,4.62269461430351,0.0161324187157718,False,ClassicalCep,*|cC*|NIR|s*y|V*,5154.075,123.45907975924652
37,11.753848,-73.370476,instability_strip,low,0,0,0,1,0,0,0,0,0,0,0,0,18.66939438921803,13.22185309732561,13.222091541011745,0.0,31239.631197705407,1729.768508665598,0.0,31239.631197705407,1800.1187228901035,0.0,31239.631197705407,1867.7322763220384,0.0,0.9239542801686228,18.23084500680132,19.154799286969943,0.053866346292267,1.3245507462748485,18.051418854451853,19.3759696007267,0.0769959903887684,1.5979211316045865,0.0929999999999999,955.009064300603,0.0,0.0405295328488448,3.7857799152509526,0.0163544030485867,4.228455142426342,0.0067763509964476,True,Supergiant,*|NIR|sg*,6106.325,229.94835153790515
38,11.760545,-72.919182,instability_strip,low,0,0,0,0,1,0,0,0,0,0,0,0,16.624,13.34838284151808,13.34822237982765,0.0,24056.220586083073,1722.712341320636,0.0,24056.220586083073,1792.9212026754492,0.0,24056.220586083073,1860.4023627088493,0.0,0.7755591502384647,16.238865212462347,17.01442436270081,0.0503217125406951,1.0768498283773091,16.08068250975252,17.15753233812983,0.0702534846345397,1.3467506482300775,0.0880000000000009,67.9309548075428,0.0,0.1294402654361894,3.8010330637156744,0.0112355519845642,4.237866512417975,0.0062489028541211,False,Star,*|NIR,6324.6,163.6225534576453
39,11.782004,-73.745392,RSG,medium,0,0,0,1,0,0,0,0,0,0,0,0,8.699,14.051521277732766,14.051004617772955,0.0,23610.15382562027,1719.688234108023,0.0,23610.15382562027,1789.836426356286,0.0,23610.15382562027,1857.260762774515,0.0,0.6300830240422464,8.39065,9.020733024042247,0.0791086610614328,0.9055127313191828,8.247,9.152512731319185,0.1130223325227692,1.117745669164103,0.1393190360395806,405.5034625129955,0.0,0.0848891163353784,3.6501520431403343,0.008074248778617,4.341524608946142,0.008925681976194,True,YellowSG,*|MIR|NIR|s*y,4468.4,83.07490595841803
40,11.78622,-73.236649,RSG,medium,0,0,0,1,0,0,0,0,0,0,0,0,14.982373601661182,13.46054910031425,13.461,0.0,36074.548300231865,1736.824560643829,0.0,36074.548300231865,1807.31583746203,0.0,36074.548300231865,1875.061512601343,0.0,1.0602901096035957,14.466939826653936,15.52722993625753,0.0766029033848614,1.4427803098366336,14.272846705451585,15.715627015288216,0.1041852260927473,1.870727981949793,0.136000000000001,323.47767755134424,0.0,0.2027170617462075,3.6376673136392865,0.0127543568138277,4.5296058429600485,0.0090500006812477,True,YellowSG,*|Em*|EmO|MIR|NIR|s*y,4341.775,127.5092129024409
41,11.793363,-72.96051,,,0,0,0,0,0,0,0,0,0,0,0,0,4.784398273098676,14.631423513911423,14.700247807902882,0.0,753452.9997212566,1751.9442868285505,0.0,753452.9997212566,1822.7368714310203,0.0,753452.9997212566,1890.7647573602385,0.0,5.879395262441937,3.313,9.192395262441938,1.108398899436553,6.563464273241653,3.179,9.742464273241652,1.2164379299211865,7.849864076321342,1.6044219390307344,23.9708559709193,0.0,0.5207310885120132,3.7769062997422873,0.0196344449027235,3.943475580263229,0.0087614042958874,False,ClassicalCep,*|cC*|Ce*|NIR|V*,5982.825,270.48339944440215
42,11.805479,-72.704842,,,0,0,0,0,0,0,0,0,0,0,0,0,2.2720017388485356,15.511240662478682,15.509016524492347,0.0,7169.403777711428,1688.4378639783772,0.0,7169.403777711428,1757.9559661299695,0.0,7169.403777711428,1824.790152572624,0.0,0.455077830321215,2.041922169678785,2.497,0.2184475418650997,0.6664313030492157,1.9448742991503405,2.611305602199556,0.3200952414279125,0.7851959429638984,0.3790000000000013,214.40431305170512,0.0,0.0532220317753488,3.62812827515688,0.0025684425464996,3.992852471378352,0.0077714084237948,False,LongPeriodV*,*|LP*|MIR|NIR|s?r,4247.45,25.11966361239736
43,11.938212,-73.307259,,,0,0,0,0,0,0,0,0,0,0,0,0,11.96127324037234,13.70557681159316,13.70554727184711,0.0,16245.342203263432,1720.6962722180672,0.0,16245.342203263432,1790.8646934713383,0.0,16245.342203263432,1858.3079766818912,0.0,0.6891939196158035,11.62962327443616,12.318817194051965,0.0623142354741901,0.9757036425532865,11.492464948642928,12.468168591196214,0.0877563090935389,1.199745119794423,0.1095472718471111,657.4639130276138,0.0,0.0409486073382385,3.889983429782197,0.0311345108764359,3.9245298674207874,0.0202899443541349,False,Star,*|NIR,7762.175,556.4692438715728
44,11.955413,-73.095612,,,0,0,0,0,0,0,0,0,0,0,0,0,14.237752593013305,13.5167528007472,13.5165863924291,0.0,19639.36954765553,1722.712341320636,0.0,19639.36954765553,1792.9212026754492,0.0,19639.36954765553,1860.4023627088493,0.0,0.7578106597154601,13.86058934028454,14.6184,0.0576691139432803,1.071995247095165,13.723260806156896,14.79525605325206,0.0821321050089451,1.369405448982338,0.1043026252237009,2.585191106468809,0.0,0.2131645010053889,3.849774014484713,0.0259090344693986,3.988310756170636,0.0197194916235631,False,,,7075.775,422.1248623037976
45,11.992086,-72.815269,,,0,0,0,0,0,0,0,0,0,0,0,0,10.43744380614024,13.853429867365708,13.85369086199129,0.0,26570.11833082917,2161.0070425127183,0.0,26570.11833082917,2239.5075656951667,0.0,26570.11833082917,2314.755114428181,0.0,0.605682215224352,10.137272871401954,10.742955086626306,0.062947748457482,0.8603108456488737,10.017572805335485,10.87788365098436,0.0894506778521595,1.0053659966674484,0.1044506778521636,13.826997564351776,0.0,0.1430417944350877,3.828969076293444,0.0163874774456892,3.9832999461598617,0.0067521057849514,False,,,6744.8,254.50532410933957
46,12.00486,-73.387062,RSG,low,0,0,0,0,1,0,0,0,0,0,0,0,7.063978177540106,14.27831194771872,14.27752247404962,0.0,13162.871287263824,1721.7043079549046,0.0,13162.871287263824,1791.8929522419307,0.0,13162.871287263824,1859.3551766558933,0.0,0.6209546873100251,6.743120629925913,7.364075317235939,0.0955256325338247,0.8556008334683973,6.6018152972650865,7.457416130733484,0.1320373660631855,1.072534753857905,0.1654775259503811,712.974523710496,0.0,0.0468168513657739,3.6320395004431214,0.0089603902812758,4.112890729385728,0.0069687209029613,False,YellowSG,*|MIR|NIR|s*y,4285.875,88.42643482013736
47,12.009524,-73.403946,RSG,low,0,0,0,0,1,0,0,0,0,0,0,0,5.216914751441797,14.6063812346362,14.606517104272651,0.0,6957.948781062782,1698.518881832544,0.0,6957.948781062782,1768.2408761733625,0.0,6957.948781062782,1835.2660300811756,0.0,0.448262981243829,5.003137018756171,5.4514,0.0929999999999982,0.6356508531912715,4.901016404304634,5.536667257495905,0.1327552243158773,0.7730144036203228,0.1606324670015357,285.34316128509516,0.0,0.0507208499916872,3.619958968366304,0.0123004074297271,4.085413558587993,0.0072165237395875,False,YellowSG,*|MIR|NIR|s*y,4168.3,118.05765540616162
48,12.026228,-73.110535,hot_medium,low,0,0,0,0,1,0,0,0,0,0,0,0,37.71299466325479,12.458884859703598,12.459,0.0,598329.2846735079,2198.2710179205837,0.0,598329.2846735079,2277.4358861807837,0.0,598329.2846735079,2353.305716172226,0.0,1.8472667030719736,36.760686337026414,38.60795304009839,0.0529563518311384,2.5124633512069963,36.42601669390133,38.93848004510833,0.0722944364609432,3.2466313176088804,0.0933232139904642,305.15146526931386,0.0,0.2695555579374236,3.879894029466191,0.0347110258653114,4.481553730888809,0.0083522986168416,True,BlueSG,*|MIR|NIR|s*b|sg*,7583.925,606.145893638652
49,12.036872,-73.505272,hot_dim,low,0,0,0,0,1,0,0,0,0,0,0,0,21.402995800379124,13.073746757571914,13.073608774059576,0.0,46830.92632656621,1726.7444511144065,0.0,46830.92632656621,1797.0341211861107,0.0,46830.92632656621,1864.5909679561469,0.0,1.0921246664051765,20.875406190589096,21.967530856994273,0.0553912259404238,1.5390229742386872,20.63694390247612,22.175966876714806,0.0778151946602765,1.891192624472648,0.096,397.2085773858792,0.0,0.0859083701051414,3.9120013980250623,0.0241208990034102,4.242853367726468,0.0119522366067057,False,Star,*|MIR|NIR|s?b,8165.85,453.5347588663961
50,12.078882,-73.249702,,,0,0,0,0,0,0,0,0,0,0,0,0,19.786606316234572,13.1595947766292,13.159,0.0,194224.07900365323,2195.2496988732523,0.0,194224.07900365323,2274.3609135997353,0.0,194224.07900365323,2350.1804870882434,0.0,1.2765344155748437,19.14335697819486,20.419891393769703,0.0700000000000002,1.7269088850624463,18.94690155989036,20.673810444952807,0.094624733249196,2.148178147181344,0.1180000000000003,251.68436393912927,0.0,0.1360410342029967,4.01359657580991,0.025607756848517,4.322704297880158,0.0299745224164957,False,BlueSG,*|Be?|MIR|NIR|s*b,10318.025,608.3924304057374
51,12.115704,-73.446945,hot_dim,low,0,0,0,0,1,0,0,0,0,0,0,0,25.836966584852927,12.869031654970165,12.86924707165495,0.0,5434689.344096176,2159.9998763552644,0.0,5434689.344096176,2238.482364532282,0.0,5434689.344096176,2313.7130202092044,0.0,1.379872926773757,25.18914119316547,26.569014119939222,0.0582060966453088,1.969007561179268,24.899119639566507,26.868127200745775,0.0823855688799746,2.3587374207891294,0.0990409750096432,254.25309680302095,0.0,0.2194174983025811,3.923142947891911,0.0081967018674049,4.289945016147284,0.0119107347057073,False,Star,*|NIR,8378.05,158.12399406794657
52,12.132593,-72.986565,RSG,low,0,0,0,0,1,0,0,0,0,0,0,0,6.95132397523125,14.295268230435966,14.295,0.0,18527.851311313003,2190.2141342661084,0.0,18527.851311313003,2269.2358437474727,0.0,18527.851311313003,2344.971578986242,0.0,0.6690180695719281,6.616,7.285018069571928,0.1046448286536616,0.99637207329702,6.440339274214685,7.4367113475117055,0.1562049771744167,1.1844138778720827,0.1862119976784608,392.74908598342296,0.0,0.0818784435716314,3.629748440863553,0.0057206538798468,4.385172487506479,0.0069933927559518,False,YellowSG,*|Ev*|MIR|NIR|s*y,4263.325,56.15776326564298
53,12.138712,-73.209274,RSG,low,0,0,0,0,1,0,0,0,0,0,0,0,3.5254323890287935,15.03320858639067,15.032,0.0,12362.69492835962,2175.107192665374,0.0,12362.69492835962,2253.8597629301453,0.0,12362.69492835962,2329.343399732214,0.0,0.5394009884292288,3.2513177667426376,3.7907187551718664,0.1667345988989286,0.7748219338665057,3.140206419913032,3.9150283537795376,0.2388849168163673,0.9205588850116344,0.2850000000000001,672.4102790040542,0.0,0.0243730473683262,3.6304965227082326,0.0070206644957406,4.0620596248064516,0.0071523521749454,False,YellowSG,*|LP*|MIR|NIR|s*y,4270.675,69.03835437638995
54,12.144304,-73.154884,,,0,0,0,0,0,0,0,0,0,0,0,0,5.875997875658389,14.478299564113154,14.477000000000002,0.0,13274.53033370481,2170.07146239083,0.0,13274.53033370481,2248.734110545691,0.0,13274.53033370481,2324.133518840277,0.0,0.5812672007932047,5.575,6.156267200793205,0.1078582664803811,0.8327387001428601,5.456173289801136,6.288911989943996,0.1545104953534188,0.9968020814964412,0.1839999999999992,1.45450985957183,0.0,0.1682224676116858,3.6592528482011737,0.0121826775591528,3.9761991212304695,0.0064044961119392,True,LongPeriodV*,*|LP*|MIR|NIR|s?r,4563.025,128.00038818300513
55,12.146544,-72.369522,RSG,high,1,0,0,0,0,0,0,0,0,0,0,0,7.403344043574917,14.227127251408833,14.226230295798969,0.0,22814.23490045064,2195.2496988732523,0.0,22814.23490045064,2274.3609135997353,0.0,22814.23490045064,2350.1804870882434,0.0,0.7244231415463345,7.03621333278947,7.760636474335804,0.1063844888189713,1.0732204696902796,6.875129234828601,7.948349704518881,0.1578496922693268,1.3109392587360291,0.1927697042010336,1349.2657003408774,0.0,0.0257209147437595,3.628335278594595,0.0011696130358897,4.444614481018186,0.0075347392314263,True,YellowSG,*|Ev*|MIR|NIR|s*y,4249.475,11.444403654188369
56,12.158935,-73.246552,hot_dim,low,0,0,0,0,1,0,0,0,0,0,0,0,15.285163647696212,13.439965945192274,13.439338404780482,0.0,32242.05734655053,2189.2070164051725,0.0,32242.05734655053,2268.2108124083416,0.0,32242.05734655053,2343.929768361265,0.0,0.9546652424986704,14.79078441432396,15.74544965682263,0.06746095763725,1.3004016098677074,14.645411259758292,15.945812869626,0.0920154140299587,1.597506531489902,0.1143384047804829,1269.7231268666244,0.0,0.0228114676336321,3.918120805378458,0.0102660484440178,4.052258075275613,0.0128750823200815,True,BlueSG,*|Be?|EB*|NIR|s*b,8281.725,195.76714324676652
57,12.189284,-72.924294,RSG,low,0,0,0,0,1,0,0,0,0,0,0,0,3.606268217571016,15.008955749750918,15.007220294783425,0.0,12353.53182439298,2162.014206988379,0.0,12353.53182439298,2240.5327609444116,0.0,12353.53182439298,2315.79719877181,0.0,0.5480318553706494,3.3290534396379896,3.877085295008639,0.1650377126990427,0.8351349130184991,3.17351631905267,4.008651232071169,0.2539983145430202,0.9640096648696832,0.2923586387144823,324.03184567175106,0.0,0.0340684400371857,3.634973251414098,0.0113274122181485,4.218724977388524,0.0081063082940269,False,YellowSG,*|Ev*|MIR|NIR|s*y,4314.925,112.54330000048868
58,12.257829,-72.901375,RSG,low,0,0,0,0,1,0,0,0,0,0,0,0,5.148794840968551,14.620707422101496,14.621000000000002,0.0,9930.989136234177,2139.856198194545,0.0,9930.989136234177,2217.9770929588867,0.0,9930.989136234177,2292.869051235533,0.0,0.5030270859465666,4.901438191320315,5.4044652772668815,0.1060088654631528,0.7195790646023958,4.798521144893586,5.518100209495982,0.1510351111510406,0.8539790298938312,0.1801885648187475,400.77076510889447,0.0,0.021622101964488,3.6350386685773617,0.0111068302313977,4.050653769518894,0.0065012165746533,True,RedSG_Candidate,*|MIR|NIR|s?r,4315.575,110.36833501960604
59,12.299215,-72.692955,RSG,medium,0,0,1,0,0,0,0,0,0,0,0,0,7.970727384934158,14.14699017662786,14.14626633096319,0.0,43210.39673613023,2193.2354779653315,0.0,43210.39673613023,2272.31090301144,0.0,43210.39673613023,2348.096952825193,0.0,0.9705539074684832,7.503110128479689,8.473664035948172,0.1319786297603808,1.4115294838227337,7.2712222926267644,8.682751776449498,0.1927012007726887,1.7206856688685883,0.2345912007726909,93.65494562118678,0.0,0.2134969554548295,3.628388930050312,0.0,4.448471525909998,0.0067380950434511,False,YellowSG,*|Ev*|MIR|NIR|s?r|s*y,4250.0,0.0
60,12.302837,-73.392799,,,0,0,0,0,0,0,0,0,0,0,0,0,11.446900951622492,13.753020547882992,13.75311764501571,0.0,20761.529346706277,2175.107192665374,0.0,20761.529346706277,2253.8597629301453,0.0,20761.529346706277,2329.343399732214,0.0,0.7577056580158139,11.084294341984188,11.842,0.0721915576500595,1.0733923684388174,10.951158971228642,12.02455133966746,0.1012322221294077,1.290858243248369,0.1233255205743866,398.024518269497,0.0,0.0728170489837893,3.9585973259538183,0.026687963695211,3.9851448961434737,0.0221475601947263,False,BlueSG,*|NIR|s*b|s?b,9090.7,558.6353998808167
61,12.314714,-73.202988,hot_dim,low,0,0,0,0,1,0,0,0,0,0,0,0,18.00555896720276,13.261134509240955,13.261723307190527,0.0,35234.58977911226,2200.285222422361,0.0,35234.58977911226,2279.4858390804957,0.0,35234.58977911226,2355.389154098968,0.0,0.9643022563827656,17.561823067128465,18.52612532351123,0.0580779652895557,1.4055937797557867,17.350492627188757,18.756086406944544,0.0847680071823528,1.7181174379863575,0.1031559305791152,1349.4594899537435,0.0,0.0386721619345607,3.876831021723558,0.0087946687387291,4.1408064498625095,0.0060350094320002,False,Star,*|Be?|NIR,7530.625,152.49871925691704
62,12.319302,-73.147079,,,0,0,0,0,0,0,0,0,0,0,0,0,10.63946807489038,13.832406532034769,13.832674842246186,0.0,15839.49119112182,2179.1357469016853,0.0,15839.49119112182,2257.9601794081514,0.0,15839.49119112182,2333.511128385654,0.0,0.6433947069422103,10.326493672882403,10.969888379824615,0.0659464102910618,0.8915960642111358,10.19491216637855,11.086508230589686,0.0908997178506876,1.1202367549724084,0.1143897178506865,83.67219759235455,0.0,0.1447225997376715,3.907560489522481,0.0323850294904636,3.9445830753343727,0.0130422392575087,False,Star,*|NIR,8082.775,602.726761787628
63,12.385136,-72.487221,RSG,low,0,0,0,0,1,0,0,0,0,0,0,0,4.556950101379227,14.753451469223796,14.753226741410693,0.0,10478.75313129406,2169.064311327027,0.0,10478.75313129406,2247.708962456164,0.0,10478.75313129406,2323.091513250015,0.0,0.5416992559848364,4.2871229410560785,4.828822197040915,0.1293059831319745,0.753777260305383,4.194442739694617,4.94822,0.1794097737594029,0.9090557831730548,0.2172267414106894,1348.2487189008798,0.0,0.0175299858485997,3.655270528639416,0.0067147323079683,4.020748292753292,0.0072618763412486,True,RedSG_Candidate,*|MIR|NIR|s?r,4521.375,69.90607537975508
64,12.393755,-72.881355,RSG,low,0,0,0,0,1,0,0,0,0,0,0,0,6.385904162853731,14.387525535399966,14.387027046623617,0.0,12041.237929241028,2155.9711948837935,0.0,12041.237929241028,2234.3815006609684,0.0,12041.237929241028,2309.544544440595,0.0,0.5664055478901302,6.096037924337537,6.662443472227667,0.0962844755237881,0.8058417169068433,5.978235378556619,6.784077095463462,0.1370000000000004,0.9618194870932316,0.164171334749998,410.7415101854442,0.0,0.0214033704258178,3.6682227926372506,0.0181158993522443,4.127118260146016,0.0072421961793368,True,RedSG_Candidate,*|MIR|NIR|s?r,4658.25,194.311444593467
65,12.419711,-73.236916,instability_strip,high,1,0,0,0,0,0,0,0,0,0,0,0,5.69744962357853,14.488942164730156,14.510947883539464,0.0,274285.84333202994,2216.3986235168263,0.0,274285.84333202994,2295.8846362341906,0.0,274285.84333202994,2372.0552780695407,0.0,2.9764059149307203,4.747487726203411,7.723893641134131,0.5287090597078077,3.49401901397927,4.51312098602073,8.00714,0.6229614087660096,4.738131789544681,0.9108138691455884,15.662537251252488,0.0,0.3872626206485889,3.6720354813765943,0.0208451215366111,4.071875666863162,0.0127100623651913,False,,,4699.325,225.55663230106975
66,12.42137,-72.301399,RSG,high,1,0,0,0,0,0,0,0,0,0,0,0,5.597848636534045,14.524981392534691,14.530028645280437,0.0,25573.40630115669,2170.07146239083,0.0,25573.40630115669,2248.734110545691,0.0,25573.40630115669,2324.133518840277,0.0,0.8200570436281263,5.281950330001762,6.102007373629888,0.1560038229903124,1.1291449587514562,5.1195742393853525,6.248719198136809,0.2163863196347453,1.3216833046475278,0.2560286452804323,1.8665196770418024,0.0,0.2469137603689279,3.638326990199915,0.0121979009012717,4.212143398350234,0.0075120579860198,False,RedSG_Candidate,*|MIR|NIR|s?r,4348.375,122.13152490245916
67,12.449533,-73.411659,RSG,low,0,0,0,0,1,0,0,0,0,0,0,0,4.026647013880608,14.887847974217028,14.887502031757712,0.0,8261.728558992998,2166.042848096736,0.0,8261.728558992998,2244.633482888155,0.0,8261.728558992998,2319.9654375316713,0.0,0.4635145494164607,3.804512716501988,4.268027265918449,0.1249955239747659,0.6685160228085318,3.6886648762477807,4.357180899056313,0.180996049784186,0.80684922388616,0.2185662431860642,767.2612740975812,0.0,0.0399394682027132,3.635154382502305,0.0112444352688748,4.059544165128733,0.0072326019072558,False,RedSG_Candidate,*|MIR|NIR|s?r,4316.725,111.76548830027988
68,12.482258,-73.047455,RSG,high,1,0,0,0,0,0,0,0,0,0,0,0,9.151524092315338,13.994495823162367,13.996063101802296,0.0,36599.755133055,2199.2781209903605,0.0,36599.755133055,2278.4608655100797,0.0,36599.755133055,2354.3474399440825,0.0,0.9743788570906204,8.712621142909379,9.687,0.1150759646751247,1.3317946272017114,8.536604764401908,9.86839939160362,0.1570623816077692,1.7042102665194552,0.2029999999999994,3.2249717529979205,0.0,0.2627032166895161,3.646430684976057,0.0132682150319371,4.367857542781424,0.0072822954518507,False,,,4430.275,135.3501916326682
69,12.488276,-72.405502,,,0,0,0,0,0,0,0,0,0,0,0,0,12.05272995761366,13.696815892147354,13.697317238860563,0.0,17042.494928114058,2177.121473109575,0.0,17042.494928114058,2255.909982864435,0.0,17042.494928114058,2331.4272835892657,0.0,0.6644515292602549,11.729372639835637,12.393824169095891,0.0598603755006124,0.9678586038714894,11.577280392320295,12.545138996191785,0.0873011138220629,1.1507177905984616,0.1040000000000009,330.8139502238947,0.0,0.0793673089410294,4.00675369380285,0.0476448500566923,3.9815141759735058,0.0361576811956886,False,Star,*|NIR,10156.725,1114.2569382216116
70,12.498361,-73.07341,,,0,0,0,0,0,0,0,0,0,0,0,0,11.397681480166764,13.757924604931636,13.758037615908078,0.0,13827.744780420486,2176.114333719567,0.0,13827.744780420486,2254.8848758231557,0.0,13827.744780420486,2330.385346546735,0.0,0.6072260669445395,11.103711101496224,11.710937168440765,0.0577983968730997,0.8821284290991507,10.977333364790486,11.859461793889636,0.0837698723788644,1.0764194921954804,0.1026720104230047,83.88865121967433,1.0,0.1293131924299317,3.847705271441136,0.0247902405187861,4.01968975378585,0.0086746168216444,False,,,7042.15,401.9774589451503
71,12.501577,-72.983681,,,0,0,0,0,0,0,0,0,0,0,0,0,10.492385129032185,13.847656572306072,13.848000000000004,0.0,13256.477780453357,2175.107192665374,0.0,13256.477780453357,2253.8597629301453,0.0,13256.477780453357,2329.343399732214,0.0,0.6079172758725218,10.197881817423657,10.805799093296176,0.0632797170165773,0.8334989610966925,10.08162539413432,10.915124355231011,0.0862521797925452,1.016910407137301,0.10608555269161,83.20159236265349,0.0,0.0882030852270642,3.8523823884039694,0.0176277502490437,3.943227061863965,0.007229381055149,False,,,7118.4,288.931548986953
72,12.549769,-73.354309,,,0,0,0,0,0,0,0,0,0,0,0,0,12.481798765775416,13.659472005152848,13.659601695519674,0.0,19241.232207087334,2174.1000499458314,0.0,19241.232207087334,2252.8346441813105,0.0,19241.232207087334,2328.3014431388683,0.0,0.7344256122504014,12.116347695381378,12.85077330763178,0.064,1.0893830758283372,11.924015699761986,13.013398775590325,0.0950000000000006,1.2745918871197937,0.1106922726492154,397.89022160853585,0.0,0.058429150682451,3.919412841005734,0.0351621887934149,3.94373319784264,0.0189516899079379,False,Star,*|NIR|s?b,8306.4,672.5188027111212
73,12.554437,-73.286179,,,0,0,0,0,0,0,0,0,0,0,0,0,12.704606417471028,13.640506237762471,13.64,0.0,15435.171349003756,2178.1286108365607,0.0,15435.171349003756,2256.9350840580723,0.0,15435.171349003756,2332.4692108666327,0.0,0.6658353660703913,12.366714435540247,13.03254980161064,0.0569999999999986,0.9229480765147836,12.237291176144264,13.160239252659046,0.0788618334320911,1.1470493673258917,0.0980504389375429,4.081497552414693,1.0,0.19602789455552,3.820943265481824,0.0165102298607133,4.081761307691088,0.0062229816614693,False,Star,*|IR|NIR,6621.3,251.71672570570271
74,12.56634,-73.169647,,,0,0,0,0,0,0,0,0,0,0,0,0,15.58444106495875,13.41819567309487,13.418439227875288,0.0,19267.95082568094,2195.2496988732523,0.0,19267.95082568094,2274.3609135997353,0.0,19267.95082568094,2350.1804870882434,0.0,0.761494125776121,15.220056336862296,15.981550462638417,0.0530248884639217,1.0619129362291808,15.066563248822677,16.128476185051856,0.0739775781227045,1.3283931580296393,0.0930248884639244,386.391218614897,0.0,0.1133446874692572,3.877341105479695,0.0238189610711266,3.915934252860685,0.0112834174723783,False,Star,*|NIR|s?b,7539.475,413.5038988631183
75,12.569629,-73.138657,RSG,,0,0,0,0,1,0,0,0,0,0,0,0,10.182258803826803,13.88024886374408,13.880401089240095,0.0,11927.481962900529,2165.035690336428,0.0,11927.481962900529,2243.608311251902,0.0,11927.481962900529,2318.9233926200427,0.0,0.6239176834443061,9.88459108355664,10.508508767000944,0.0668466677297487,0.878377848224833,9.762896438984852,10.641274287209686,0.0934239279652242,1.0998285112272654,0.1172652396002877,389.44707124089047,0.0,0.0424366116429711,3.958846870740757,0.0543850270541708,3.9482892880783655,0.0297831057529748,False,,,9095.925,1139.047691879054
76,12.575341,-72.455956,,low,0,0,0,0,0,0,0,0,0,0,0,0,4.400365673795905,14.790242296211437,14.791199532414998,0.0,9466.298558163184,2152.9496660631594,0.0,9466.298558163184,2231.3057904596553,0.0,9466.298558163184,2306.418083581367,0.0,0.5189486712949636,4.148595394309799,4.667544065604763,0.128227471189577,0.72637933102415,4.051456826145485,4.777836157169635,0.1790289170772414,0.8778504584577642,0.2179999999999999,402.54983887682994,0.0,0.0568282202924193,3.628388930050312,0.0003612853802184,4.078898907041152,0.0073967679717361,False,RedSG_Candidate,*|MIR|NIR|s?r,4250.0,3.5355339059327378
77,12.588534,-73.102638,RSG,high,1,0,0,0,0,0,0,0,0,0,0,0,7.606351810934643,14.196894235503397,14.196891577110506,0.0,20871.45312751395,2188.199896895065,0.0,20871.45312751395,2267.185775270265,0.0,20871.45312751395,2342.887948052424,0.0,0.762588874295254,7.24270945202044,8.005298326315694,0.1089999999999982,1.1163945830522426,7.06075936423467,8.177153947286913,0.1592840207349368,1.338732584913144,0.1915791119335352,5.890249381933944,0.0,0.2101905795533926,3.628447683564626,0.0063957589219111,4.3321228718380835,0.0072828780538968,False,,,4250.575,62.59727929391182
78,12.619976,-72.752563,,,0,0,0,0,0,0,0,0,0,0,0,0,45.6229536058012,12.305250919983422,12.252081386567037,1.0,8216141.873107395,2218.412769423228,0.0,8216141.873107395,2297.934383096008,0.0,8216141.873107395,2374.138371925317,0.0,32.92641650356255,28.271051186088744,61.19746768965129,0.8387645898312961,35.92180400714642,27.06157270474124,62.98337671188766,0.9174937215466414,42.63473911678374,1.1641980855708134,83.47463632071346,0.0,2.666825879536475,3.745868839759086,0.0150417754689057,4.743821823028833,0.007667562612746,False,ClassicalCep,*|cC*|Ce*|NIR|V*,5570.175,192.9228326948368
79,12.620275,-73.120697,,,0,0,0,0,0,0,0,0,0,0,0,0,11.712717026363528,13.728246324513378,13.72826179620544,0.0,18906.218780300456,2193.2354779653315,0.0,18906.218780300456,2272.31090301144,0.0,18906.218780300456,2348.096952825193,0.0,0.7097586529261921,11.37313949195239,12.082898144878582,0.0654655377652666,1.0188541039114298,11.228928815310546,12.247782919221976,0.0942804527677108,1.3119999999999994,0.1219999999999998,5.954208965180442,0.0,0.1918764360252083,4.016140866452694,0.0269486002098349,4.012769471962073,0.0115016355114322,False,,,10378.65,644.0102308969944
80,12.629437,-72.872421,instability_strip,low,0,0,0,0,1,0,0,0,0,0,0,0,45.64683800926562,12.251348975955466,12.251610775653123,0.0,87883.44111474806,2192.228365045044,0.0,87883.44111474806,2271.285889045001,0.0,87883.44111474806,2347.055171211494,0.0,1.5933525786481295,44.88251728310518,46.47586986175331,0.0379818835769167,2.217279677504522,44.588987277216894,46.806266954721416,0.052477741064667,2.834853684819272,0.0680181164230848,83.81875241368346,0.0,0.2470735101878021,3.7691852486319153,0.0121741291851901,4.35291814337354,0.0071443752125489,True,BlueSG,*|MIR|NIR|s*b,5877.4,164.75509096838252
81,12.638301,-72.962532,hot_dim,high,1,0,0,0,0,0,0,0,0,0,0,0,21.423,13.07277358694905,13.073092528537902,0.0,34841.85980529849,2192.228365045044,0.0,34841.85980529849,2271.285889045001,0.0,34841.85980529849,2347.055171211494,0.0,0.9621122049782684,20.957374970151175,21.919487175129444,0.048380974566184,1.3404991651566365,20.76285582684927,22.103354992005904,0.0680351608444027,1.6801263464930931,0.0853809745661848,27.445392317824066,0.0,0.2147652906199451,3.867847402969049,0.016847681321592,4.175789921567863,0.008783390425569,False,Star,*|MIR|NIR|s?b,7376.45,286.156246655564
82,12.669093,-72.834183,hot_dim,low,0,0,0,0,1,0,0,0,0,0,0,0,10.776085530909214,13.81895802538854,13.819,0.0,16858.9191129272,2184.1714023399572,0.0,16858.9191129272,2263.0855686477844,0.0,16858.9191129272,2338.72056984367,0.0,0.6911661034438108,10.445977310396174,11.137143413839985,0.0696596548203025,0.9556907419273308,10.306614319632898,11.262305061560228,0.0963628056789147,1.1750836885813882,0.1190000000000015,67.98266436369377,0.0,0.1067112236528398,3.9274627562915585,0.054628034163055,4.00812889070388,0.0176963024325326,False,Star,*|NIR|s?b,8461.8,1064.3734119189562
83,12.694161,-72.241043,RSG,low,0,0,0,0,1,0,0,0,0,0,0,0,3.809,14.949527420216612,14.948107424187482,0.0,9144.499165996123,2153.956844026424,0.0,9144.499165996123,2232.3310331349317,0.0,9144.499165996123,2307.460247122981,0.0,0.5302234117204634,3.534769065940255,4.064992477660718,0.1513976946307504,0.7843771354390436,3.414151330752808,4.198528466191852,0.2244950202771285,0.9128882910243288,0.2615490016501969,1347.648852905122,0.0,0.0005584385866586,3.6284093669568303,0.0007222476861775,4.1591666511150045,0.0069922770402262,True,RedSG_Candidate,*|MIR|NIR|s?r,4250.2,7.068238818828918
84,12.708537,-73.394318,hot_dim,low,0,0,0,0,1,0,0,0,0,0,0,0,14.108819152677226,13.526181006472084,13.5264088533859,0.0,23491.378283226444,2169.064311327027,0.0,23491.378283226444,2247.708962456164,0.0,23491.378283226444,2323.091513250015,0.0,0.7724578553620844,13.748895608796612,14.521353464158697,0.0593709790910317,1.0619579121696567,13.616086168653746,14.678044080823405,0.0818060209241657,1.3002867625747463,0.1005911466141036,389.9791572718269,0.0,0.0675257918629289,3.884128121847521,0.0146634048900164,4.044995909174769,0.0115383197900836,False,,,7658.225,258.57029871004136
85,12.758097,-73.268562,RSG,low,0,0,0,0,1,0,0,0,0,0,0,0,4.537951265714113,14.75964289230675,14.75789066183171,0.0,9087.532718474997,2159.9998763552644,0.0,9087.532718474997,2238.482364532282,0.0,9087.532718474997,2313.7130202092044,0.0,0.5500762531752192,4.259401817299778,4.809478070474997,0.1320000000000014,0.8042752362945738,4.126642571957523,4.930917808252096,0.1933248878522295,0.9715758258174184,0.232890661831707,339.2619669710412,0.0,0.0358470262366511,3.629559944991712,0.0054640056683364,4.068967730159522,0.0066233801266265,False,RedSG_Candidate,*|IR|MIR|NIR|s?r,4261.475,53.61505735332194
86,12.779685,-72.998734,RSG,high,0,0,0,1,0,0,0,0,0,0,0,0,5.405416764352189,14.56967411722344,14.568,0.0,12813.947560216697,2185.1785284582347,0.0,12813.947560216697,2264.1106290220137,0.0,12813.947560216697,2339.7624289553623,0.0,0.6203004805082424,5.085488152088245,5.705788632596487,0.1245901352601244,0.8939084474523034,4.958609043828093,5.8525174912803966,0.1800945413596668,1.082365370606272,0.2180897975708422,312.52532173197517,0.0,0.0602736885556331,3.6300106706264863,0.0062319864138943,4.1091642862762825,0.0065493569078458,False,,,4265.9,61.21429571595184
87,12.788992,-72.809959,hot_dim,low,0,0,0,0,1,0,0,0,0,0,0,0,23.67039057121099,12.964048672393174,12.964738614290525,0.0,35843.177286686085,2188.199896895065,0.0,35843.177286686085,2267.185775270265,0.0,35843.177286686085,2342.887948052424,0.0,1.0497905043681008,23.182595448338784,24.232385952706885,0.0484332224097379,1.462046267686972,22.951072102067144,24.413118369754116,0.0671479771766971,1.791824650131037,0.0819414202838029,83.67263371460575,0.0,0.1599180982750866,3.912438618197781,0.0238536600724704,4.266237859295153,0.0116260126292215,False,Star,*|MIR|NIR,8174.075,448.9617404356411
88,12.799663,-72.471596,,,0,0,0,0,0,0,0,0,0,0,0,0,35.50209897644649,12.52417764531274,12.524291283950262,0.0,75968.13240742782,2191.2212504790173,0.0,75968.13240742782,2270.2608692916847,0.0,75968.13240742782,2346.0133799340792,0.0,1.533982154338517,34.76503721154256,36.29901936588108,0.0470000000000006,2.2044418739411924,34.44091270140484,36.64535457534603,0.0672119383861868,2.6680225429733255,0.0820000000000007,1.519702500751384,1.0,0.4400201200594383,3.919282110529709,0.0272409925571558,4.445233230191208,0.0138845985517722,False,Supergiant,*|NIR|s?b|sg*,8303.9,520.8596644010745
89,12.806897,-72.550446,RSG,medium,0,0,0,0,1,0,0,0,0,0,0,0,5.243666876722154,14.602422543096113,14.601000000000004,0.0,15865.826679184847,2192.228365045044,0.0,15865.826679184847,2271.285889045001,0.0,15865.826679184847,2347.055171211494,0.0,0.6582203890758569,4.912156194171294,5.570376583247151,0.1363106735314723,0.9679243517105808,4.738340195445154,5.706264547155735,0.2011107849070548,1.1800000000000006,0.2460000000000004,90.10435464345043,0.0,0.1554421270606801,3.640449136980621,0.0124122569993241,4.2242813379677395,0.007426016123519,False,YellowSG,*|MIR|NIR|s*y,4369.675,124.8865259946004
90,12.816462,-73.159111,,,0,0,0,0,0,0,0,0,0,0,0,0,36.07493756397696,12.507150493460628,12.507,0.0,58332.57509387101,2200.285222422361,0.0,58332.57509387101,2279.4858390804957,0.0,58332.57509387101,2355.389154098968,0.0,1.377654057350952,35.41384594264905,36.7915,0.0410881073394051,1.920119549669714,35.142641539759516,37.06276108942923,0.0575903587791106,2.475968099234848,0.0747614164229375,35.875662744516546,0.0,0.28257667271671,3.9241176881132622,0.0259345437392245,3.9830864023418,0.0196919565618277,False,,,8396.875,501.4319339401909
91,12.826005,-72.723526,RSG,high,1,0,0,0,0,0,0,0,0,0,0,0,7.848,14.164165992959186,14.163407784207386,0.0,35799.690975801444,2206.327796684384,0.0,35799.690975801444,2285.6355597891406,0.0,35799.690975801444,2361.639237443569,0.0,1.0431537212756847,7.324021149603828,8.367174870879513,0.1448410350793221,1.4601014510697032,7.140721153418011,8.600822604487714,0.2019714865860322,1.928242491373874,0.2679999999999989,6.38518694249239,0.0,0.2267262202741793,3.635375662401526,0.0113290215641403,4.266156293400146,0.006316328827999,True,,,4318.925,112.66363377328108
92,12.833997,-73.136757,,,0,0,0,0,0,0,0,0,0,0,0,0,8.08318376905336,14.132048465337002,14.131077216824032,0.0,14574.3018238645,2186.185652922745,0.0,14574.3018238645,2265.13568358114,0.0,14574.3018238645,2340.8042783562164,0.0,0.6373316867933552,7.753491640815976,8.390823327609331,0.0854094448931324,0.9429365225425084,7.610507754762315,8.553444277304823,0.1273744478954572,1.1497236472651269,0.1551489820557829,399.4994978869536,0.0,0.0650683399296555,3.628657087954774,0.0026273025405571,3.956806445130942,0.0074141247755848,False,RedSG_Candidate,*|MIR|NIR|s?r,4252.625,25.72662774247725
93,12.857086,-72.763344,,,0,0,0,0,0,0,0,0,0,0,0,0,5.011,14.650672776494988,14.65013659993672,0.0,10002.793041103096,2157.9855389902345,0.0,10002.793041103096,2236.4319444489306,0.0,10002.793041103096,2311.628802117379,0.0,0.5590381932923885,4.734582860679053,5.2936210539714414,0.1213334855277992,0.8482594440968532,4.579503191774984,5.427762635871837,0.1842522802662767,0.9545432677494112,0.2082081166117468,48.516188215869455,0.0,0.0786571418102538,3.677773430772585,0.0052720118017265,3.968032499157145,0.0060644598167871,True,,,4761.825,57.805011677189384
94,12.858666,-72.888458,,,0,0,0,0,0,0,0,0,0,0,0,0,14.661414067991942,13.47508238141333,13.484397009943017,0.0,741233.9998667849,2218.412769423228,0.0,741233.9998667849,2297.934383096008,0.0,741233.9998667849,2374.138371925317,0.0,5.121438308310868,12.496295854697951,17.61773416300882,0.3728331588272837,5.785092338341894,12.138399815661032,17.923492154002926,0.4237408571956145,6.998957886091423,0.5128992314632708,34.67619250190135,0.0,0.6605488872777522,3.776346995183755,0.0255416404985731,4.19162190520627,0.0075625038569243,False,ClassicalCep,*|cC*|Ce*|V*,5975.125,351.40786043428227
95,12.883954,-73.309235,RSG,medium,0,1,0,0,0,0,0,0,0,0,0,0,5.724493349361234,14.506039970082671,14.506,0.0,14760.979736614065,2190.2141342661084,0.0,14760.979736614065,2269.2358437474727,0.0,14760.979736614065,2344.971578986242,0.0,0.6256917041753196,5.415033927861131,6.040725632036451,0.118999999999998,0.914495077941682,5.272152198314861,6.186647276256543,0.1733711532321962,1.105913940993393,0.2100084648075331,115.5393358978392,0.0,0.0874293469577717,3.643134241658222,0.0129027478791352,4.012428154410455,0.0067998483719792,True,LongPeriodV*,*|IR|LP*|MIR|NIR|s?r,4396.775,130.62675596905865
96,12.90685,-72.433243,RSG,high,0,0,1,0,0,0,0,0,0,0,0,0,11.326243307284184,13.767998037751507,13.765,0.0,98108.62713327416,2217.405697278823,0.0,98108.62713327416,2296.9095125090557,0.0,98108.62713327416,2373.0968297466734,0.0,1.7136792589335172,10.459531424678842,12.17321068361236,0.1650773204468354,2.3684744917583256,10.084691041464344,12.45316553322267,0.2290772448675007,3.2535247571779102,0.31366883446276,180.50476693679252,0.0,0.525409348121261,3.6283608277334567,0.0008468779812228,4.643383819247639,0.0073193662949816,False,YellowSG,*|LP?|MIR|NIR|Pe*|s*y,4249.725,8.287000362012781
97,12.911544,-72.972351,RSG,low,0,0,0,0,1,0,0,0,0,0,0,0,6.826492683076745,14.314462480666725,14.31441694454736,0.0,8710.813242069822,2181.1500140509916,0.0,8710.813242069822,2260.010352593948,0.0,8710.813242069822,2335.594934175895,0.0,0.524911048214646,6.568319505819596,7.093230554034242,0.0830558509334764,0.7962763307460632,6.446351335138376,7.242627665884439,0.1263205129434101,0.9387925897371944,0.1500000000000021,224.25975560295345,0.0,0.1007181611787798,3.6373771385845672,0.0122466652282054,4.09658202844346,0.0076876439100891,False,YellowSG,*|Ev*|MIR|NIR|s*y,4338.875,122.3518875007656
98,12.9154,-73.232407,RSG,low,0,0,0,0,1,0,0,0,0,0,0,0,8.606409136420744,14.06381280063442,14.063,0.0,12289.217620603617,2179.1357469016853,0.0,12289.217620603617,2257.9601794081514,0.0,12289.217620603617,2333.511128385654,0.0,0.5576926403799458,8.312614271799456,8.870306912179402,0.0705197132390971,0.8242017997294067,8.164457384282052,8.988659184011459,0.1044542895928,1.0022800405277028,0.126645559368896,1348.6442675411488,0.0,0.0243461557658628,3.6299113983704734,0.0065961475458343,4.0042139644812025,0.0066519936323883,False,RedSG_Candidate,*|MIR|NIR|s?r,4264.925,64.77649554429446
99,12.921972,-72.933441,,,0,0,0,0,0,0,0,0,0,0,0,0,5.755,14.49976979683112,14.500000000000002,0.0,8652.102065732655,2162.014206988379,0.0,8652.102065732655,2240.5327609444116,0.0,8652.102065732655,2315.79719877181,0.0,0.5031965255974598,5.511953597278788,6.015150122876248,0.0951424498580113,0.7406693027975413,5.387521279640435,6.128190582437976,0.139394403547767,0.8940831235376949,0.1695770225956909,29.304785789399514,1.0,0.1137996636944528,3.6392996825489936,0.0126748689862,3.944357782529693,0.0081757579065345,False,RedSG_Candidate,*|MIR|NIR|s?r,4358.125,127.19172290286818
100,12.941341,-72.59816,,,0,0,0,0,0,0,0,0,0,0,0,0,12.261398389295556,13.678487567985536,13.67882840895602,0.0,15602.30802863076,2167.0500041811547,0.0,15602.30802863076,2245.658648631526,0.0,15602.30802863076,2321.007472602607,0.0,0.684872196792206,11.930925750124889,12.615797946917096,0.0609451024204599,1.0000968723109924,11.774634912291184,12.774731784602176,0.0885218976422894,1.1958382760162944,0.1060000000000016,108.05109552749434,1.0,0.0817128263157133,3.855367701618522,0.0250575423812404,4.030618563411371,0.0095325090286066,False,Supergiant,*|MIR|NIR|sg*,7167.5,413.5441330740892
101,12.999333,-72.766563,hot_dim,low,0,0,0,0,1,0,0,0,0,0,0,0,29.645660639678862,12.719690734652389,12.720326591463646,0.0,46929.22900238536,2199.2781209903605,0.0,46929.22900238536,2278.4608655100797,0.0,46929.22900238536,2354.3474399440825,0.0,1.249995844943502,29.051404155056495,30.301399999999997,0.0459999999999993,1.8592688881783488,28.74207930490264,30.601348193080987,0.067535348109919,2.186951337200597,0.0800000000000018,83.74987228528285,0.0,0.2128336821732264,3.895636601563437,0.0120428314298934,4.329132726911924,0.0068032648040639,False,Supergiant,*|NIR|s?b|sg*,7863.875,218.0624552163898
102,13.001509,-73.0895,,,0,0,0,0,0,0,0,0,0,0,0,0,9.039217719366398,13.98137801586405,14.01,0.0,618910.8221496904,2216.3986235168263,0.0,618910.8221496904,2295.8846362341906,0.0,618910.8221496904,2372.0552780695407,0.0,4.672389196489629,7.538222205261635,12.210611401751263,0.5237018065246328,5.220894104621783,7.337202946454658,12.55809705107644,0.5832707722122077,7.69753262352113,0.9612230032953786,41.24499279821664,0.0,0.5549363674419949,3.749912084256416,0.0174752212668067,4.134695212620395,0.0078812751385015,True,ClassicalCep,*|cC*|Ce*|NIR|V*,5622.275,226.2301358683233
103,13.033491,-72.280327,RSG,low,0,0,0,0,1,0,0,0,0,0,0,0,6.722137471508093,14.331635115077338,14.331128315105182,0.0,12563.254052239055,2183.16427456676,0.0,12563.254052239055,2262.0605024544016,0.0,12563.254052239055,2337.6787010143767,0.0,0.6096433639248016,6.4194765127646285,7.02911987668943,0.0982907501093066,0.8973195350599026,6.2895724865782405,7.186892021638143,0.144717745248144,1.063118603333728,0.1722907501093011,1269.3147648704128,0.0,0.0046593925604581,3.6288663914247663,0.0037807525834214,4.236685123405183,0.0074505844026363,False,RedSG,*|MIR|NIR|s*r,4254.675,37.03909252398066
104,13.038654,-72.99086,,,0,0,0,0,0,0,0,0,0,0,0,0,10.439407427198908,13.853238875565731,13.853200972684336,0.0,13810.027868465892,2181.1500140509916,0.0,13810.027868465892,2260.010352593948,0.0,13810.027868465892,2335.594934175895,0.0,0.6623440511982785,10.115788794586583,10.778132845784862,0.0685605349763829,0.992321358265814,9.946960465154683,10.9392818234205,0.1038498728396799,1.1453724686561737,0.1190669121527765,391.5721830145675,0.0,0.0842037094039717,3.9241836273381807,0.0248203592097347,3.9893076488718218,0.0135755504603117,False,Star,*|NIR|s?b,8398.15,479.96257927050937
105,13.048194,-73.329536,instability_strip,high,1,0,0,0,0,0,0,0,0,0,0,0,11.796478942411149,13.719749918132802,13.720474141665754,0.0,114146.96349110796,2217.405697278823,0.0,114146.96349110796,2296.9095125090557,0.0,114146.96349110796,2373.0968297466734,0.0,1.6754355055121906,11.011614481770186,12.687049987282377,0.1540620663434069,2.231851555426994,10.669948996876768,12.901800552303762,0.2061643013522882,3.0578092803896055,0.2812068878113614,77.52533577929822,0.0,0.3314170808375996,3.688871235779686,0.0126817508239638,4.354489305851039,0.0061800031648255,True,RedSG_Candidate,*|IR|MIR|NIR|s?r,4885.075,142.6481488663628
106,13.050167,-72.627411,RSG,medium,0,0,0,1,0,0,0,0,0,0,0,0,5.601616777964327,14.531074476318574,14.52901180577356,0.0,17456.212493441744,2187.1927757346384,0.0,17456.212493441744,2266.16073232921,0.0,17456.212493441744,2341.8461180529875,0.0,0.7064091572124802,5.229609210660647,5.936018367873127,0.1378749864013588,0.9821472861849284,5.088429516832068,6.070576803016997,0.1914955378539353,1.252957319064393,0.2441556299822043,399.63337968588615,0.0,0.1221130365018599,3.648920815768387,0.0093256546285894,4.1848487406684125,0.0067648894078398,False,YellowSG,*|Ev*|MIR|NIR|s*y,4455.75,95.67882472104264
107,13.051069,-72.727928,,,0,0,0,0,0,0,0,0,0,0,0,0,3.315206072781605,15.099262702792018,15.098570113151858,0.0,7832.422265139021,2150.9353050614995,0.0,7832.422265139021,2229.2552872635865,0.0,7832.422265139021,2304.3337266974613,0.0,0.5072159031444379,3.0756021642898395,3.5828180674342773,0.1659911702336209,0.7398810592656715,2.9592887021788803,3.699169761444552,0.2422199572253127,0.8660000000000001,0.2850000000000001,426.5362076420296,0.0,0.0313338639857901,3.6425733275515912,0.0129958356642042,3.975636095962597,0.0078360365131566,False,RedSG_Candidate,*|MIR|NIR|s?r,4391.1,131.39935311865125
108,13.068365,-73.705978,,,0,0,0,0,0,0,0,0,0,0,0,0,3.1210542861507493,15.164686193320067,15.164439031179938,0.0,9622.38872961482,2146.906562724112,0.0,9622.38872961482,2225.154209371457,0.0,9622.38872961482,2300.164893530064,0.0,0.4109095410208514,2.921567630324839,3.3324771713456904,0.1427872349114345,0.6093754618743978,2.82151,3.430885461874398,0.2123584151255872,0.7144064375992443,0.2495732175428617,401.7294862036705,0.0,0.0173824272844488,3.628388930050312,0.0,3.9929106995981103,0.0074765281105524,True,,,4250.0,0.0
109,13.079881,-71.911369,RSG,low,0,0,0,0,1,0,0,0,0,0,0,0,3.9896838837550543,14.898158180632404,14.897781284386326,0.0,18435.005124433213,3725.6318596023534,0.0,18435.005124433213,3828.355565775944,0.0,18435.005124433213,3926.2940264748054,0.0,0.5352570309273901,3.729274247241017,4.264531278168407,0.1458773607229915,0.7721481746446588,3.6026115254651896,4.374759700109848,0.2110369784360255,0.9162474834224752,0.2502331072281443,333.72922447291694,0.0,0.0231295807028872,3.652289864995333,0.0046345601472886,4.0118083865864875,0.0067433085849953,True,RedSG_Candidate,*|MIR|NIR|s?r,4490.45,47.91969845481084
110,13.089044,-72.665497,,,0,0,0,0,0,0,0,0,0,0,0,0,78.57782029587572,11.662073869732197,11.66179314020718,0.0,419881.9229138496,1744.8884796899938,0.0,419881.9229138496,1815.540617744811,0.0,419881.9229138496,1883.4369585742452,0.0,4.679598082515142,76.18281437405264,80.86241245656778,0.0644816293766226,6.874527767172339,75.08874770976993,81.96327547694227,0.0952067978779851,8.749158336238224,0.1204240326406935,1077.9573524373352,0.0,0.3069629709065449,3.64033482541598,0.013238583032207,3.985716437936581,0.0112440788995902,False,RedSG_Candidate,*|MIR|NIR|s?r,4368.525,133.16559005614025
111,13.104091,-72.684158,hot_medium,low,0,0,0,0,1,0,0,0,0,0,0,0,30.707518488865414,12.681541861498811,12.682000000000002,0.0,91565.38316068708,2201.292322217718,0.0,91565.38316068708,2280.510806896013,0.0,91565.38316068708,2356.4308586435286,0.0,1.7984151691528325,29.84751391912504,31.64592908827787,0.0631121466666417,2.5417616481800636,29.463825479111183,32.00558712729125,0.090548110807914,3.1590724381999564,0.1121121466666377,188.69804792899623,0.0,0.2812811057169562,3.9729406970389576,0.0502590284210425,4.416960181111353,0.0323743534173373,False,BlueSG,*|NIR|s*b|s?b,9395.95,1087.3527934851686
112,13.127266,-72.319092,RSG,low,0,0,0,0,1,0,0,0,0,0,0,0,4.548477174170535,14.756210331423611,14.755309402930346,0.0,10746.706893396207,2161.0070425127183,0.0,10746.706893396207,2239.5075656951667,0.0,10746.706893396207,2314.755114428181,0.0,0.569860815431678,4.261079864244227,4.830940679675905,0.1364078438003861,0.8002595926655065,4.150780374442913,4.95103996710842,0.1917889061689877,0.9680386513349308,0.2319407798258446,411.43154843903335,0.0,0.0316518403855041,3.6350361527148176,0.0110655711858572,4.124857592695745,0.0078519059943007,True,YellowSG,*|Ev*|MIR|NIR|s*y,4315.55,109.95770777894562
113,13.1284,-73.220673,,,0,0,0,0,0,0,0,0,0,0,0,0,36.247166035158486,12.501795677080636,12.502000000000002,0.0,94042.2187933579,2185.1785284582347,0.0,94042.2187933579,2264.1106290220137,0.0,94042.2187933579,2339.7624289553623,0.0,1.693880476256858,35.41421104214909,37.10809151840595,0.0508284528510998,2.3685310447236603,35.07938498581311,37.44791603053677,0.0711629382615974,2.834260835819535,0.084999999999999,1.5254295632780572,1.0,0.4565947289833053,3.8644057578092745,0.0240693086381616,4.4801473730301495,0.0079386046368055,False,Supergiant,*|IR|NIR|s?b|sg*,7318.225,405.5879674928733
114,13.1457,-72.433815,RSG,high,0,0,1,0,0,0,0,0,0,0,0,0,10.465,13.849138160864795,13.850642318262896,0.0,42372.26486454604,2207.3348866835836,0.0,42372.26486454604,2286.660493158615,0.0,42372.26486454604,2362.6808844653387,0.0,1.0946488123662022,9.962527642169334,11.057176454535536,0.1137261050000972,1.53081457853966,9.737396375594832,11.268210954134492,0.1584742565999874,1.9517233259121607,0.20267777058835,83.3971895412124,0.0,0.2161680070043234,3.6405336088029543,0.0124131565453977,4.502031430478323,0.0075487243174171,True,RedSG,*|Ev*|MIR|NIR|s*r|s?r,4370.525,124.91987181789774
115,13.14854,-72.851479,RSG,high,0,1,0,0,0,0,0,0,0,0,0,0,13.314152708044762,13.589451263927932,13.589091090151664,0.0,58119.27609795404,2208.3419750540293,0.0,58119.27609795404,2287.6854208009313,0.0,58119.27609795404,2363.722521923098,0.0,1.2237912090166283,12.703208790983371,13.927,0.1002956099479366,1.7418956668971006,12.410102359679614,14.151998026576717,0.1432715126124453,2.2082727291270103,0.1812921210718912,402.4221579761894,0.0,0.2132247967124792,3.6359584968228855,0.0116126380459028,4.597604399720208,0.0074355305348154,True,RedSG,*|NIR|s*r|s?r,4324.725,115.63919912815032
116,13.162501,-73.009697,hot_dim,low,0,0,0,0,1,0,0,0,0,0,0,0,13.55642833655543,13.569784044467502,13.56958617789867,0.0,16009.589082004866,2181.1500140509916,0.0,16009.589082004866,2260.010352593948,0.0,16009.589082004866,2335.594934175895,0.0,0.6886735170623997,13.2156764829376,13.90435,0.0551954235148066,0.9843467800703144,13.071348030350382,14.055694810420697,0.0787151732484705,1.1860581604791136,0.0945657255226493,83.42091096226129,0.0,0.1443510300867452,3.8663744846750903,0.0088705410470676,4.08597780281372,0.0059938520163971,False,Star,*|NIR|s?b,7351.475,150.15516765999095
117,13.163567,-72.740128,RSG,low,0,0,0,0,1,0,0,0,0,0,0,0,7.144274124405453,14.2659163220491,14.265057538424772,0.0,13990.223077261298,2181.1500140509916,0.0,13990.223077261298,2260.010352593948,0.0,13990.223077261298,2335.594934175895,0.0,0.6967228313080005,6.785699995288355,7.4824228265963555,0.1057801899261168,0.9737024328414012,6.64853,7.622232432841401,0.1480922003307263,1.1912165254290974,0.1815626224880677,331.28854911050485,0.0,0.1009879561510933,3.644999560017717,0.0137494724123091,4.295940426072068,0.0070701048383076,False,,,4415.7,139.79810442205573
118,13.1687,-72.745171,RSG,low,0,0,0,0,1,0,0,0,0,0,0,0,4.3463045414137635,14.805591079799722,14.804693830684853,0.0,9291.449522130695,2176.114333719567,0.0,9291.449522130695,2254.8848758231557,0.0,9291.449522130695,2330.385346546735,0.0,0.5691792637501178,4.0571633873509905,4.626342651101108,0.142933653269516,0.8097335586468288,3.946490722554601,4.75622428120143,0.2027815992740294,0.9593970300709684,0.2409149864531325,335.86880098232314,0.0,0.0400691671470462,3.6340462886559823,0.0105792187963096,4.093605734490779,0.0065240545238308,True,RedSG_Candidate,*|MIR|NIR|s?r,4305.725,104.88552986470536
119,13.169555,-72.756119,hot_medium,medium,0,0,0,0,0,1,0,0,0,0,0,0,35.312213103367455,12.529895168258143,12.530089528710675,0.0,96294.16142141052,2199.2781209903605,0.0,96294.16142141052,2278.4608655100797,0.0,96294.16142141052,2354.3474399440825,0.0,1.883468449366454,34.40883155063354,36.2923,0.0583140327886173,2.7188628613905195,33.99208728435639,36.71095014574691,0.0834870002990388,3.1974749674333864,0.0990000000000002,328.3605574584599,0.0,0.0897844196345115,3.994007932304815,0.0445677036143014,4.497759558360137,0.0327244854880143,False,BlueSG,*|NIR|s*b|s?b,9862.975,1012.1476667833604
120,13.173921,-73.065315,RSG,low,0,0,0,0,1,0,0,0,0,0,0,0,5.504733196659499,14.548685250089267,14.548270402347176,0.0,9478.75691143828,2167.0500041811547,0.0,9478.75691143828,2245.658648631526,0.0,9478.75691143828,2321.007472602607,0.0,0.5324280902478113,5.233814895807872,5.766242986055683,0.1053786185877019,0.776100556878645,5.113138300813379,5.889238857692024,0.1531328915527172,0.9369475382332172,0.1850000000000005,396.9491737821425,0.0,0.0170883246297399,3.6499624766108103,0.0107286622508659,4.051644489005171,0.007136217879313,False,RedSG_Candidate,*|IR|MIR|NIR|s?r,4466.45,110.3376522316838
121,13.189993,-73.073402,hot_dim,low,0,0,0,0,1,0,0,0,0,0,0,0,27.479,12.802617214855012,12.802599654575506,0.0,41331.23157952311,2174.1000499458314,0.0,41331.23157952311,2252.8346441813105,0.0,41331.23157952311,2328.3014431388683,0.0,1.1342642330322017,26.92740090567105,28.061665138703248,0.0449833719213295,1.6084656526755268,26.65521434732447,28.26368,0.0636162826541717,1.9348998282525507,0.0764003454244957,83.16503236250391,0.0,0.1651605637288757,3.916748642374079,0.0283551541762994,4.332862945102966,0.0132900120352899,False,Star,*|NIR|s?b,8255.6,539.0094062259026
122,13.201415,-72.968979,,,0,0,0,0,0,0,0,0,0,0,0,0,4.914358572444411,14.671202197653349,14.67146988639434,0.0,10498.291207542406,2178.1286108365607,0.0,10498.291207542406,2256.9350840580723,0.0,10498.291207542406,2332.4692108666327,0.0,0.5262490866842944,4.655644366702188,5.181893453386483,0.1165195941142478,0.7783238232307497,4.5282850103511585,5.306608833581908,0.1722832135077432,0.9377071894004344,0.2075301136056602,430.34343693345335,0.0,0.0346622146777121,3.654638516372621,0.0057963757016315,3.9983687132003825,0.0082995843212459,False,LongPeriodV*,*|LP*|MIR|NIR|s?r,4514.8,60.25744767246619
123,13.211746,-72.775291,hot_dim,low,0,0,0,0,1,0,0,0,0,0,0,0,13.086628243574474,13.607564390087306,13.608000000000002,0.0,18543.523487053073,2184.1714023399572,0.0,18543.523487053073,2263.0855686477844,0.0,18543.523487053073,2338.72056984367,0.0,0.7740274322352256,12.714548052384494,13.48857548461972,0.0644232666250559,1.1206688649150447,12.550502941973564,13.671171806888609,0.0926716861432517,1.3497464199153768,0.1119999999999983,326.6174787603006,0.0,0.0480720261654084,3.934754659898233,0.0552068988231824,4.043064725220022,0.0199549930540136,False,Star,*|NIR,8605.075,1093.8649342469116
124,13.233808,-72.232277,RSG,low,0,0,0,0,1,0,0,0,0,0,0,0,3.377859839444205,15.080068393969418,15.078484699649623,0.0,18659.53811702192,2164.0285308990524,0.0,18659.53811702192,2242.5831337186255,0.0,18659.53811702192,2317.881337860806,0.0,0.5662468814151844,3.0931469183844347,3.659393799799619,0.1826607102452637,0.8439115007223261,2.9539898218655676,3.7979013225878937,0.2731844728620451,0.982581343588346,0.3174846996496221,7.174018393148725,0.0,0.1774760399570261,3.63671852270707,0.0117769338997736,4.086898661094584,0.0073909810333193,True,RedSG_Candidate,*|MIR|NIR|s?r,4332.3,117.48067926259196
125,13.237359,-72.394661,RSG,low,0,0,0,0,1,0,0,0,0,0,0,0,6.46434823848399,14.3746941336616,14.37388107908376,0.0,13218.760247474756,2187.1927757346384,0.0,13218.760247474756,2266.16073232921,0.0,13218.760247474756,2341.8461180529875,0.0,0.5914774512887222,6.164724933372679,6.756202384661401,0.0996540063557223,0.8464457404733778,6.03656,6.8830057404733775,0.142153952995109,1.0181048763598248,0.172083468555515,326.9691361551217,0.0,0.055171620500175,3.63460068898901,0.0108297955697935,4.084771053664883,0.0073433554670897,False,RedSG_Candidate,*|MIR|NIR|s?r,4311.225,107.50697361101744
126,13.241423,-72.580956,,,0,0,0,0,0,0,0,0,0,0,0,0,15.308180406991086,13.439555004357286,13.43791837887775,0.0,109117.56983966424,2184.1714023399572,0.0,109117.56983966424,2263.0855686477844,0.0,109117.56983966424,2338.72056984367,0.0,2.0437518891279147,14.253248110872086,16.297,0.1452410669638499,2.881806182329445,13.861833042880312,16.74363922520976,0.2051610060482378,3.3880000000000017,0.2419999999999973,291.2959483569345,0.0,0.1288800575288984,3.8898421327921224,0.0279698436292698,3.940693133073328,0.0103185093700759,False,Supergiant,*|NIR|s?b|sg*,7759.65,499.7443121237099
127,13.245275,-73.139763,RSG,low,0,0,0,0,1,0,0,0,0,0,0,0,6.525441848233457,14.363240412313528,14.363936889439522,0.0,8226.735274239858,2151.9424864085836,0.0,8226.735274239858,2230.2805418372755,0.0,8226.735274239858,2305.375910108534,0.0,0.5156661486949474,6.276207058757395,6.791873207452342,0.0859616005186261,0.7581599161498369,6.169084487055968,6.927244403205805,0.1260639944536077,0.9017157094033044,0.1504471053741944,24.98209227690606,0.0,0.1235657341980126,3.62902202738276,0.0039671167281237,4.0071871136688,0.0071479230501064,False,,,4256.2,38.87878598927698
128,13.249078,-73.441971,RSG,low,0,0,0,0,1,0,0,0,0,0,0,0,4.636699439526651,14.735236534053485,14.734667000145404,0.0,12765.997523330208,2161.0070425127183,0.0,12765.997523330208,2239.5075656951667,0.0,12765.997523330208,2314.755114428181,0.0,0.5211578735954463,4.379805483283724,4.900963356879171,0.1219395203303435,0.7469371263365119,4.274869384920345,5.021806511256857,0.17469,0.8938849773052358,0.2096838615267362,977.20983398605,0.0,0.0419772945676953,3.635601854831329,0.0113775308199015,4.203121483772092,0.0066863795825697,True,YellowSG,*|Ev*|MIR|NIR|s*y,4321.175,113.20498829556936
129,13.256099,-72.399757,RSG,low,0,0,0,0,1,0,0,0,0,0,0,0,10.045350592886042,13.894613789340571,13.89531535510537,0.0,21748.631673970765,2182.15714513749,0.0,21748.631673970765,2261.0354304378093,0.0,21748.631673970765,2336.6368224607113,0.0,0.6899434337285939,9.724347363947976,10.41429079767657,0.07441775904066,0.9783937768858806,9.584147186416873,10.562540963302752,0.1056987586806244,1.194839104102467,0.128999999999996,1198.582142115607,0.0,0.0459277922575234,3.639302173833871,0.0123426970500738,4.312911831569953,0.0080071614241281,False,,,4358.15,123.85910341997474
130,13.256905,-72.508492,RSG,low,0,0,0,0,1,0,0,0,0,0,0,0,7.806,14.169594271898111,14.169022189181554,0.0,19713.98526105037,2191.2212504790173,0.0,19713.98526105037,2270.2608692916847,0.0,19713.98526105037,2346.0133799340792,0.0,0.7373714035084786,7.434490717951372,8.171862121459851,0.1027207315880076,1.0540118567408951,7.275282173566093,8.329294030306988,0.1468691151902224,1.2822352125891516,0.1782351698983255,981.567755794045,0.0,0.0373429455182876,3.646925448414699,0.0107199827367258,4.25278395970147,0.006863999280589,False,,,4435.325,109.48010949483016
131,13.259931,-72.498817,RSG,low,0,0,0,0,1,0,0,0,0,0,0,0,6.941157412211439,14.296852842265086,14.296479733911909,0.0,11710.676369618848,2180.1428813061093,0.0,11710.676369618848,2258.985268918752,0.0,11710.676369618848,2334.553036153141,0.0,0.5690327781576086,6.655193715610562,7.22422649376817,0.0889017756211494,0.8350097499227855,6.525221056532628,7.360230806455413,0.1302563273989019,1.0098627906346511,0.1579999999999977,538.4204798086325,0.0,0.0295404695426262,3.6766936096248664,0.0,4.082649552627914,0.0066635222274657,False,RedSG_Candidate,*|NIR|s?r,4750.0,0.0
132,13.268429,-72.562134,RSG,low,0,0,0,0,1,0,0,0,0,0,0,0,7.171,14.261537607997312,14.261,0.0,12239.089806867052,2184.1714023399572,0.0,12239.089806867052,2263.0855686477844,0.0,12239.089806867052,2338.72056984367,0.0,0.5870743438578243,6.87490135419481,7.461975698052634,0.0889682512211109,0.856600224085863,6.758600215950991,7.615200440036854,0.1292092149958161,1.0620298998091418,0.1611708785065797,422.726975372542,0.0,0.0445225817081389,3.6288842541220014,0.0235595943528078,4.1005648078279435,0.0381391243876974,False,RedSG_Candidate,*|MIR|NIR|s?r,4254.85,230.8169783616448
133,13.279305,-72.171394,,,0,0,0,0,0,0,0,0,0,0,0,0,2.701831729642965,15.3229698321998,15.321,0.0,23256.806612356027,2155.9711948837935,0.0,23256.806612356027,2234.3815006609684,0.0,23256.806612356027,2309.544544440595,0.0,0.5865298376143002,2.411344717934789,2.9978745555490893,0.2362615025212395,0.8474124571255932,2.2782380158374225,3.1256504729630157,0.3434734414309606,1.0003818142783911,0.4069999999999982,1.3314722127686194,1.0,0.1660420044894776,3.629748440863553,0.0057206538798468,3.9911922073132367,0.0075128959781514,False,RedSG_Candidate,*|MIR|NIR|s?r,4263.325,56.15776326564298
134,13.309965,-72.641273,RSG,low,0,0,0,0,1,0,0,0,0,0,0,0,3.4596280672236075,15.05527959628917,15.052597281044395,0.0,11538.164178661606,2165.035690336428,0.0,11538.164178661606,2243.608311251902,0.0,11538.164178661606,2318.9233926200427,0.0,0.6070495865122556,3.146221167524839,3.753270754037094,0.1916493373406744,0.8883661854491152,3.0151547978413733,3.903520983290489,0.2805641055321803,1.0531941747833695,0.3340000000000014,895.7805377296211,0.0,0.0191132691621795,3.630310894715683,0.0067347022370258,4.067297655127862,0.0065881246604686,True,RedSG_Candidate,*|MIR|NIR|s?r,4268.85,66.19801734191138
135,13.315513,-72.367493,,,0,0,0,0,0,0,0,0,0,0,0,0,25.731094484714465,12.874587964920474,12.874200067013476,0.0,60455.052058007976,2168.0571585908597,0.0,60455.052058007976,2246.6838084861515,0.0,60455.052058007976,2322.049497839755,0.0,1.2259096707612542,25.0928,26.318709670761255,0.0518089660184344,1.7090371924462318,24.866265100438252,26.575302292884484,0.0721657690202803,2.048085862859484,0.0869999999999997,3.972010469277695,1.0,0.3492755506332076,3.8552374088793817,0.0136537379967027,4.330818615402032,0.0088170785960149,False,Supergiant,*|NIR|s?b|sg*,7165.35,225.27067607658125
136,13.316536,-73.259033,hot_dim,low,0,0,0,0,1,0,0,0,0,0,0,0,25.18577434235874,12.897320406708817,12.8973705451217,0.0,60467.52626924368,2179.1357469016853,0.0,60467.52626924368,2257.9601794081514,0.0,60467.52626924368,2333.511128385654,0.0,1.2875217446254084,24.54057825537459,25.828100000000003,0.0553876712072032,1.8375280387908717,24.26463899754911,26.10216703633998,0.0793792794253054,2.2582388835810043,0.0980000000000007,336.22874491605114,0.0,0.0578447048464071,3.916352601346514,0.038233235514856,4.313468973439734,0.0123205364537125,True,Supergiant,*|MIR|NIR|Pe*|s?b|sg*,8248.075,726.1215768554189
137,13.327935,-72.551033,hot_dim,low,0,0,0,0,1,0,0,0,0,0,0,0,14.867012499926227,13.469560968935298,13.4693857702017,0.0,18559.454325430408,2168.0571585908597,0.0,18559.454325430408,2246.6838084861515,0.0,18559.454325430408,2322.049497839755,0.0,0.7947944401616276,14.473255533631685,15.26804997379331,0.0580051958263787,1.1184014549549968,14.305522195872507,15.423923650827504,0.0812211741917714,1.2837045619053755,0.0930519582637945,3.573804919464066,0.0,0.2280576350606537,3.847500167862844,0.0077614075371643,4.035545699207199,0.008064823733303,False,,,7038.825,125.79296234289104
138,13.329248,-71.703796,RSG,low,0,0,0,0,0,1,0,0,0,0,0,0,5.014207527307351,14.650433741583562,14.649624840738904,0.0,19455.014283107674,2382.544687752355,0.0,19455.014283107674,2464.915004840642,0.0,19455.014283107674,2543.7873660821942,0.0,0.5250271779185987,4.750074372583083,5.275101550501682,0.1139717080312738,0.7512553817021779,4.622026536272933,5.373281917975111,0.1634503069118817,0.8889136918198446,0.1937844376959123,865.176714060741,0.0,0.0104610644605985,3.628388930050312,0.0,4.149389489435379,0.0103204950217314,True,,,4250.0,0.0
139,13.33919,-72.287971,,,0,0,0,0,0,0,0,0,0,0,0,0,34.23321227174301,12.56398065988533,12.563961539360056,0.0,397757.4784181103,2139.856198194545,0.0,397757.4784181103,2217.9770929588867,0.0,397757.4784181103,2292.869051235533,0.0,1.403303481566553,33.526386457182596,34.92968993874915,0.0447377454322737,1.994349833717834,33.2236,35.21794983371783,0.0636064921355998,2.382876189530826,0.075136277372092,3.724373985417472,1.0,0.405677165584637,3.798636836180195,0.0124220056273675,4.54135331910782,0.0080235620608936,False,YellowSG,*|NIR|s*y|s?y,6289.8,179.9054195959644
140,13.339863,-71.844383,,,0,0,0,0,0,0,0,0,0,0,0,0,12.05276067511972,13.697625566213842,13.697234831152006,0.0,99580.94537023344,2698.6195764882564,0.0,99580.94537023344,2786.2118132268206,0.0,99580.94537023344,2869.9756509398017,0.0,0.7266125154467051,11.692668890468449,12.419281405915152,0.0657334588328044,1.0616089776562545,11.520791022343746,12.5824,0.0957031445979446,1.260905577433716,0.114008984565558,6.565493456881471,1.0,0.1947548710355813,3.8659563219325728,0.0081081183836247,4.026981642799309,0.011858416351164,True,Star,*|NIR,7344.4,137.11724909725982
141,13.345563,-72.413216,RSG,low,0,0,0,0,1,0,0,0,0,0,0,0,7.090609774113428,14.273725307351713,14.273305770474549,0.0,22615.68312595639,2165.035690336428,0.0,22615.68312595639,2243.608311251902,0.0,22615.68312595639,2318.9233926200427,0.0,0.5781240692605332,6.80074484066196,7.378868909922494,0.0883355295988224,0.8323962236792051,6.66869343765694,7.501089661336145,0.1279143883612352,1.00727597388489,0.1547553953178138,428.513907570393,0.0,0.0289037011586285,3.654835668322306,0.0102168339998078,4.170909105904509,0.0074302329232146,True,,,4516.85,106.25948192984944
142,13.348422,-72.783722,RSG,medium,0,0,0,0,0,1,0,0,0,0,0,0,8.250378568193518,14.110253008759852,14.108549227841024,0.0,29933.41698715711,2201.292322217718,0.0,29933.41698715711,2280.510806896013,0.0,29933.41698715711,2356.4308586435286,0.0,0.9033544974667268,7.790738095769426,8.694092593236153,0.1194346783878348,1.277640832084451,7.602877194297447,8.880518026381898,0.1686799517671264,1.5701825640807383,0.2075492278410262,940.4407086793263,0.0,0.0084664547053108,3.6413526298760894,0.0136300921636442,4.456306146716744,0.0075924662282992,True,YellowSG,*|Ev*|NIR|s*y,4378.775,137.42543205316838
143,13.350006,-73.11042,,,0,0,0,0,0,0,0,0,0,0,0,0,7.858252587110885,14.157379013866692,14.161996365973412,0.0,31131.402161976577,2181.1500140509916,0.0,31131.402161976577,2260.010352593948,0.0,31131.402161976577,2335.594934175895,0.0,0.9136823175451428,7.507107914913274,8.420790232458417,0.1241640351478441,1.2625913401752271,7.33653,8.599121340175227,0.1723907200369545,1.5657202482733412,0.2166354774492376,3.968102070770489,0.0,0.2599499572799136,3.6020599913279625,0.0,3.5343418701966787,0.0217671012667388,False,LongPeriodV*,*|LP*|NIR,4000.0,0.0
144,13.358685,-72.489899,,,0,0,0,0,0,0,0,0,0,0,0,0,10.537572586663456,13.843594971062547,13.843152270822896,0.0,22895.443211589292,2150.9353050614995,0.0,22895.443211589292,2229.2552872635865,0.0,22895.443211589292,2304.3337266974613,0.0,0.6135217811017384,10.238932990681931,10.852454771783671,0.0631215001516611,0.8870320627206816,10.115207442636292,11.002239505356972,0.0918213581254718,1.0574934222433292,0.1090000000000017,520.749029617488,0.0,0.0243039167900209,3.926485215477119,0.0552703982743814,3.873772465821239,0.0210993022293247,False,,,8442.775,1074.46803087621
145,13.378453,-73.231285,RSG,low,0,0,0,0,1,0,0,0,0,0,0,0,4.991,14.655000063213755,14.654736125431723,0.0,9066.385195028466,2159.9998763552644,0.0,9066.385195028466,2238.482364532282,0.0,9066.385195028466,2313.7130202092044,0.0,0.5122360595695934,4.7374001173756435,5.249636176945237,0.1112418989854724,0.7587796983645845,4.615460887299414,5.3742405856639985,0.1652165254081605,0.8913747281043323,0.1942889785719916,1.5410016657402958,0.0,0.1514781202181716,3.6377373268558544,0.0125978402664069,4.070400618620343,0.007337828686041,True,Star,*|IR|MIR|NIR,4342.475,125.96477434187702
146,13.378894,-72.532722,RSG,low,0,0,0,0,0,1,0,0,0,0,0,0,6.802213223510147,14.320126406029509,14.318496636615643,0.0,84137.93429556275,2183.16427456676,0.0,84137.93429556275,2262.0605024544016,0.0,84137.93429556275,2337.6787010143767,0.0,0.7926594867975023,6.388609666549036,7.1812691533465385,0.1269286020167204,1.1156722389737783,6.229010846154881,7.3446830851286595,0.1788652055051347,1.403855988616206,0.2248901569488044,1078.6208633877038,0.0,0.003945075624828,3.629883394400155,0.0073419925074249,4.390709160562348,0.0078167767522271,False,,,4264.65,72.09630711763259
147,13.405291,-72.398819,,,0,0,0,0,0,0,0,0,0,0,0,0,23.590922211543617,12.968070070994704,12.968007160190067,0.0,77046.75541005749,2138.848996443553,0.0,77046.75541005749,2216.9517666396564,0.0,77046.75541005749,2291.826748014922,0.0,1.0078538859297588,23.11005568916338,24.11790957509314,0.0462376079670399,1.4346244993699422,22.912765877986836,24.347390377356778,0.0659598531903711,1.70223519482931,0.0790000000000006,1.257236214606878,1.0,0.2776931052621248,3.869903183066215,0.0208668066340314,4.247075657039143,0.0088208371873818,True,Supergiant,*|NIR|sg*,7411.45,356.10236941081985
148,13.407487,-72.422089,,,0,0,0,0,0,0,0,0,0,0,0,0,9.103941696603185,14.001485831097348,14.001990100744145,0.0,41739.04382526945,2146.906562724112,0.0,41739.04382526945,2225.154209371457,0.0,41739.04382526945,2300.164893530064,0.0,0.5698666387624005,8.824433361237599,9.3943,0.0680108778115844,0.8365580147128586,8.68878744683965,9.525345461552508,0.0997217834166779,0.991754571425666,0.119209987290759,354.6401189091568,1.0,0.0254315922390706,3.6482331199001017,0.0113399317425546,3.99323974557836,0.0072558506046325,True,RedSG_Candidate,*|MIR|NIR|s?r,4448.7,116.16070764247264
149,13.407679,-72.54425,hot_medium,low,0,0,0,0,1,0,0,0,0,0,0,0,27.443,12.803838451816102,12.804000000000002,0.0,75273.47264214595,2179.1357469016853,0.0,75273.47264214595,2257.9601794081514,0.0,75273.47264214595,2333.511128385654,0.0,1.2559548111649512,26.828687823725925,28.084642634890876,0.0498690971878605,1.7452269751608576,26.573793024839144,28.31902,0.0686555856475799,2.128929918980372,0.0841309028121379,2.6971499642530223,0.0,0.3295940091226721,3.818507961403545,0.0115554064459221,4.38368718834567,0.0071824014531627,False,YellowSG,*|NIR|s*y|s?y,6584.275,175.18982383403437
150,13.412949,-72.393631,,,0,0,0,0,0,0,0,0,0,0,0,0,16.004740208988395,13.388488694595962,13.38917500198098,0.0,273842.83852621226,2134.82017234555,0.0,273842.83852621226,2212.850401255625,0.0,273842.83852621226,2287.6574347583537,0.0,0.7355620462438139,15.670023235233415,16.40558528147723,0.0493915252180645,1.0692914533511146,15.511582707501931,16.580874160853046,0.0727443029247663,1.2578376349102562,0.0857344459237712,854.8183325043301,1.0,0.0125100590450834,3.636758619139358,0.0117956672422011,4.105613287785201,0.0078609457570035,True,RedSG_Candidate,*|MIR|NIR|s?r,4332.7,117.67841773239476
151,13.415298,-72.535828,RSG,medium,0,1,0,0,0,0,0,0,0,0,0,0,19.56,13.17261552387538,13.171668422256356,0.0,77420.70756145788,2190.2141342661084,0.0,77420.70756145788,2269.2358437474727,0.0,77420.70756145788,2344.971578986242,0.0,1.3183994112582944,18.855763745385183,20.174163156643477,0.073285694582438,1.7707098638683725,18.63833714394208,20.409047007810457,0.0983859576108905,2.2323348976954733,0.1242964717708687,539.968175017672,0.0,0.1572600379991518,3.65462168218122,0.0056645062116106,4.635859164506275,0.0096568434125307,True,YellowSG,*|NIR|s*y,4514.625,58.88428801471578
152,13.417728,-72.409355,,,0,0,0,0,0,0,0,0,0,0,0,0,6.032,14.45111663754847,14.44890244117362,0.0,71209.91383314264,2102.5885862102787,0.0,71209.91383314264,2180.0359853033183,0.0,71209.91383314264,2254.2970958843966,0.0,0.5215756881874327,5.749744786115627,6.271320474303059,0.094025745031919,0.7409826699200748,5.647960150634628,6.3889428205547025,0.1337000284095815,0.8642118341032461,0.1555890800131258,3.056297042538523,1.0,0.1425959008858673,3.7008572503029336,0.0061576341379056,4.029773882430487,0.0068090905185327,False,RedSG_Candidate,*|NIR|s?r,5021.775,71.20111919766431
153,13.42474,-72.908089,,,0,0,0,0,0,0,0,0,0,0,0,0,5.128563575224844,14.624073154209658,14.625048027439885,0.0,71919.29057235253,2215.391548136128,0.0,71919.29057235253,2294.8597542675075,0.0,71919.29057235253,2371.0137168874007,0.0,1.3269334175330592,4.557816582466941,5.88475,0.2770480274398803,1.720345655619257,4.407641359145527,6.127987014764783,0.3581708883231709,2.643255525013745,0.5618607445122024,8.32942127997347,0.0,0.2835616008772864,3.651433091479493,0.0103689280164852,3.9578785299012336,0.0062371132078803,False,RedSG_Candidate,*|MIR|NIR|s?r,4481.6,106.99971962580088
154,13.427622,-72.287094,,,0,0,0,0,0,0,0,0,0,0,0,0,32.3773700575056,12.606605266819228,12.624305618928602,1.0,3728253.2385673504,1737.83255869297,0.0,3728253.2385673504,1808.3439637183465,0.0,3728253.2385673504,1876.108491305762,0.0,25.502718786382164,23.431368640480837,48.934087426863,0.7994500000000002,28.378947171232927,22.54920282876707,50.928149999999995,0.8845404638703904,31.236596266742545,0.9606112378572044,73.82057734643615,0.0,2.60687697512005,3.7757705941438737,0.0148953798570228,4.74739648679384,0.0161203292458777,False,ClassicalCep,*|cC*|Ce*|NIR|s*y|V*,5967.2,204.662307228273
155,13.433085,-72.089363,hot_dim,low,0,0,0,0,1,0,0,0,0,0,0,0,18.915514980023225,13.207780313059468,13.20815269373776,0.0,318341.33788206585,2837.492597888857,0.0,318341.33788206585,2927.282000737621,0.0,318341.33788206585,3013.1040086354997,0.0,0.9757037917334016,18.442618859693184,19.418322651426585,0.0560673520960186,1.4544591430075648,18.20115010644779,19.655609249455356,0.0837028812226545,1.6964421469753823,0.0973546179428552,1.9108255511135408,0.0,0.3052785635232994,3.906694559911861,0.0162953179551138,4.1949335553880855,0.0140389937815238,True,,,8066.675,302.672586097585
156,13.440647,-72.894165,RSG,high,0,1,0,0,0,0,0,0,0,0,0,0,15.98935822712768,13.387405573679764,13.390718964087544,0.0,507061.6779012256,2211.3632304040575,0.0,507061.6779012256,2290.760169404356,0.0,507061.6779012256,2366.8473769781376,0.0,3.572065669285541,14.481272475516173,18.05333814480171,0.2392487347525502,4.910980213408733,13.9605784922704,18.87155870567913,0.3273501535667407,5.965861658502266,0.3997759602019926,774.7069779394075,0.0,0.372216489527342,3.647079640585475,0.0106297732646294,4.6396815955134825,0.0071773218255861,True,RedSG,*|LP*|MIR|NIR|Pe*|s*r,4436.9,108.59737565889888
157,13.442446,-72.531502,,,0,0,0,0,0,0,0,0,0,0,0,0,5.943966242128453,14.464759953301655,14.46495324340556,0.0,95690.034835376,2144.8921813691677,0.0,95690.034835376,2223.1036346078326,0.0,95690.034835376,2298.080417133772,0.0,0.5368268874837367,5.678340094867095,6.215166982350832,0.0981490437051864,0.7759641797117807,5.558426158273279,6.3343903379850595,0.1424329030663464,0.9107667446043956,0.1665716763574831,2.323915119487994,1.0,0.1580120113348238,3.628312283084456,0.0018760599091379,4.096191037185014,0.0069512503190259,False,,,4249.25,18.355857375780623
158,13.446713,-73.248802,,,0,0,0,0,0,0,0,0,0,0,0,0,11.234,13.77387522925106,13.774,0.0,15972.778723831962,2166.042848096736,0.0,15972.778723831962,2244.633482888155,0.0,15972.778723831962,2319.9654375316713,0.0,0.6565626526793711,10.901083065580954,11.557645718260323,0.0632543097535283,0.92623055298081,10.768201481651223,11.694432034632037,0.0895854642642124,1.095317566993744,0.1059557998312694,5.414119978705529,1.0,0.1882905185979886,3.841093430549869,0.0181071872885927,3.9967785394378943,0.0099590143476569,False,Star,*|IR|NIR,6935.75,289.17457962276006
159,13.470145,-71.632614,RSG,low,0,0,0,0,1,0,0,0,0,0,0,0,6.6476952567361405,14.343653901686958,14.34364737555168,0.0,18233.4576202651,2388.585591967222,0.0,18233.4576202651,2471.0588531548688,0.0,18233.4576202651,2550.0276427549757,0.0,0.5812588264461915,6.357580191376465,6.938839017822657,0.0949486441081557,0.8247743668113419,6.239050769662083,7.063825136473425,0.1345035748178222,0.973295508783128,0.1588994447956864,865.9101887349375,0.0,0.0182858904848994,3.651052568289721,0.0069148879865105,4.2685637302815795,0.0075784753865159,True,,,4477.675,71.29406970428887
160,13.477901,-72.437256,,,0,0,0,0,0,0,0,0,0,0,0,0,2.633,15.350321668159472,15.348837470375358,0.0,5268.232148298261,1675.332175337651,0.0,5268.232148298261,1744.5842981854942,0.0,5268.232148298261,1811.169366355695,0.0,0.4904853790763117,2.390434588348665,2.8809199674249766,0.2028374703753588,0.680195281658865,2.286472773030127,2.966668054688992,0.282969895316933,0.8261467028874119,0.3429999999999999,388.5074525038909,1.0,0.0309622442100694,3.641377424600907,0.0124844902630248,3.968162801428403,0.008875052208896,False,RedSG_Candidate,*|MIR|NIR|RB?|s?r,4379.025,125.88208520278016
161,13.485679,-72.911011,RSG,low,0,0,0,0,1,0,0,0,0,0,0,0,12.56802712978905,13.65214275771384,13.651854453175712,0.0,27369.887146680685,2180.1428813061093,0.0,27369.887146680685,2258.985268918752,0.0,27369.887146680685,2334.553036153141,0.0,0.7474034049965148,12.189801288188448,12.937204693184963,0.064333421750204,1.0929243007719158,12.005086424046766,13.098010724818682,0.0944384212670481,1.329745441557712,0.1153334217502077,414.0452681933599,0.0,0.041654311412744,3.6295956126483127,0.0069424714758827,4.27413425956374,0.0068876115785503,False,,,4261.825,68.1279632383062
162,13.495741,-72.362373,,,0,0,0,0,0,0,0,0,0,0,0,0,5.516,14.546300121815689,14.546,0.0,6485.0356697359175,1686.4216311725518,0.0,6485.0356697359175,1755.8988813282,0.0,6485.0356697359175,1822.6948054308612,0.0,0.5219406175744874,5.253208044311604,5.775148661886091,0.1029999999999997,0.7869469833994449,5.109053016600555,5.896,0.1553806717952817,0.9303769696544366,0.1835666016716963,80.4115025359803,1.0,0.0818932828115781,3.6331173431459423,0.0098348035118209,4.066406874502937,0.0079000480319716,True,RedSG_Candidate,*|MIR|NIR|s?r,4296.525,97.29683640797371
163,13.495896,-72.262009,hot_dim,medium,1,0,0,0,0,0,0,0,0,0,0,0,11.271,13.770063265882223,13.769950772402392,0.0,10167.049585360606,1694.4865038556782,0.0,10167.049585360606,1764.1270147023326,0.0,10167.049585360606,1831.0758503058937,0.0,0.6864946368112008,10.93900090433053,11.625495541141731,0.0659999999999989,1.0078371674419877,10.783373230222734,11.791210397664722,0.096785911667844,1.2052578082766363,0.1156876752736906,3.168131328458121,0.0,0.2111769343429104,3.841776980894174,0.0140388366530387,4.004413050115415,0.0234416091040754,True,Supergiant,*|NIR|s?b|sg*,6946.675,224.5555485286436
164,13.507475,-72.317116,RSG,low,0,0,0,0,1,0,0,0,0,0,0,0,4.6685796172137,14.727240560192582,14.727,0.0,6303.723769332562,1690.4540870157732,0.0,6303.723769332562,1760.013016584997,0.0,6303.723769332562,1826.885442363525,0.0,0.5360270303703043,4.41056667266815,4.946593703038454,0.1248773684326405,0.7911684316546364,4.2777210134250465,5.068889445079683,0.1843972611368354,0.9065897342306632,0.2111035031578723,1142.6370051066267,0.0,0.0179535686918857,3.655006300793824,0.006436180500953,4.09876801843851,0.0079281227673478,True,RedSG_Candidate,*|MIR|NIR|s?r,4518.625,66.96535951520009
165,13.511337,-73.25885,,,0,0,0,0,0,0,0,0,0,0,0,0,22.33664954440927,13.027400909022855,13.027532810302434,0.0,52168.97678335775,2176.114333719567,0.0,52168.97678335775,2254.8848758231557,0.0,52168.97678335775,2330.385346546735,0.0,1.1264154230752157,21.7830633945829,22.909478817658115,0.0549829209968155,1.610469356906748,21.52410610363451,23.134575460541257,0.0782801965542532,1.930597922974929,0.0932820881011284,68.82786163227502,1.0,0.1818707398307264,3.868301980628058,0.0101428217992287,4.276675577918035,0.0057297432682628,False,Supergiant_Candidate,*|NIR|s?b|sg?,7384.175,172.45526775079963
166,13.525363,-73.061119,RSG,low,0,0,0,0,1,0,0,0,0,0,0,0,4.688718627791022,14.722115990442433,14.72239490567044,0.0,12053.470576342086,2169.064311327027,0.0,12053.470576342086,2247.708962456164,0.0,12053.470576342086,2323.091513250015,0.0,0.5091222678586931,4.44346316818926,4.952585436047953,0.1180604861224203,0.746013232799724,4.32134,5.067353232799724,0.1726348519117273,0.9415458021486344,0.2187432360446131,1.6558816749366212,0.0,0.1582813641857413,3.649276429515215,0.0091302164386285,4.101399853731209,0.0069290173938625,False,RedSG_Candidate,*|IR|MIR|NIR|s?r,4459.4,93.75041333242216
167,13.531955,-72.380341,,,0,0,0,0,0,0,0,0,0,0,0,0,15.64263493026322,13.413872016237876,13.414356579749246,0.0,12058.205990180446,1698.518881832544,0.0,12058.205990180446,1768.2408761733625,0.0,12058.205990180446,1835.2660300811756,0.0,0.7246218628887071,15.297634053606256,16.022255916494963,0.0504936351920619,1.0365197742917136,15.1336,16.170119774291713,0.0716434202507567,1.2191385918203537,0.0842924169583927,1.811886831389257,1.0,0.2045949834570873,3.822310313679278,0.0192487344318122,4.1061809108421,0.0078104203850135,True,Star,*|NIR|s?b,6642.175,294.3934771271266
168,13.540397,-72.374336,RSG,low,0,0,0,0,1,0,0,0,0,0,0,0,17.203799681717566,13.310430760975295,13.310936213515737,0.0,13471.423727619396,1709.6077220167977,0.0,13471.423727619396,1779.5532946278393,0.0,13471.423727619396,1846.787854639803,0.0,0.7583135294052319,16.84354855015092,17.601862079556152,0.048,1.0519165512735782,16.70766564854858,17.75958219982216,0.0660398160619255,1.2532736101693338,0.0789999999999988,325.68287875306606,0.0,0.0703931186687394,3.6309767529042194,0.007672365656788,4.11431022886941,0.0079520059810713,True,,,4275.4,75.53039123425748
169,13.567612,-72.239929,,,0,0,0,0,0,0,0,0,0,0,0,0,35.09313074349457,12.536307472850057,12.537000000000004,0.0,30622.322544657833,1700.5350562909443,0.0,30622.322544657833,1770.2977558198174,0.0,30622.322544657833,1837.3610346620649,0.0,1.1983201456056207,34.56448962829589,35.76280977390151,0.036999999999999,1.6827425607789337,34.31860996521403,36.001352525992964,0.0516295331640996,2.0460780517299426,0.064,1227.9205132994043,0.0,0.0171568595616982,3.929128873443736,0.0438979397047788,3.998478146534489,0.023495498255444,False,,,8494.325,858.5956815492377
170,13.59046,-72.508453,hot_dim,low,0,0,0,0,1,0,0,0,0,0,0,0,16.260946080724096,13.372100976068037,13.372233340206874,0.0,18077.883212598543,1712.6319007107988,0.0,18077.883212598543,1782.63832228337,0.0,18077.883212598543,1849.92987424896,0.0,0.8785443415497749,15.8313,16.709844341549775,0.0587689269098952,1.2568556836632825,15.619291731027538,16.87614741469082,0.0834787228574871,1.5066288862086328,0.1007666597931251,339.2498612207048,0.0,0.0654643022867704,3.927469171759813,0.0225819341126137,4.11468666180108,0.0165644030960883,False,Star,*|NIR|s?b,8461.925,439.9932321922691
171,13.610954,-72.679138,,,0,0,0,0,0,0,0,0,0,0,0,0,8.148328223396323,14.123899283421371,14.122451002487416,0.0,349560.938022183,2161.0070425127183,0.0,349560.938022183,2239.5075656951667,0.0,349560.938022183,2314.755114428181,0.0,0.4891006352538056,7.8815472483216915,8.370647883575497,0.0653347161867294,0.6906252339937238,7.794634365242355,8.485259599236079,0.0923347161867305,0.8004312765513095,0.1061162863006845,368.734115698031,1.0,0.0111510809556981,3.780097588545369,0.0172318669483464,3.933461059765895,0.006287507368853,False,Star,*|MIR,6026.95,239.13635754522983
172,13.611973,-72.883247,RSG,high,0,1,0,0,0,0,0,0,0,0,0,0,12.321168857215088,13.676632525435735,13.67336048508389,0.0,566316.0613769385,2714.7219370798316,0.0,566316.0613769385,2802.5717882236577,0.0,566316.0613769385,2886.5769421078144,0.0,1.8088181532572312,11.397181124431524,13.205999277688756,0.1597329427300895,2.644966439158308,10.96120846821956,13.606174907377868,0.2349658869978252,3.04961542689653,0.2707715186632526,354.56331236850974,0.0,0.2612448153920542,3.6361567836060824,0.0115724280960885,4.682656939287227,0.0072682366804576,False,YellowSG,*|LP*|MIR|NIR|Pe*|s*r|s*y,4326.7,115.29141338365145
173,13.620808,-72.742271,hot_dim,low,0,0,0,0,1,0,0,0,0,0,0,0,29.594017068081893,12.72242664575635,12.72205266108118,0.0,314470.06977051665,2324.1465565163085,0.0,314470.06977051665,2405.514893286192,0.0,314470.06977051665,2483.4486967713897,0.0,1.2179527897526263,29.000502700589863,30.21845549034249,0.044724237359885,1.720262824139006,28.750300000000003,30.47056282413901,0.0634482405951857,2.10866316350274,0.0764326234860579,353.2211363186526,1.0,0.073397061591618,3.8426622752096926,0.0217479694034292,4.2809488189259834,0.0089813373212699,False,,,6960.85,348.5753541201672
174,13.627097,-72.570183,,,0,0,0,0,0,0,0,0,0,0,0,0,8.758468692876393,14.044385943449685,14.044110381917273,0.0,82596.33433229756,2343.2775278304816,0.0,82596.33433229756,2424.9754810234476,0.0,82596.33433229756,2503.2180364740325,0.0,1.009985294958332,8.250172856624125,9.260158151582456,0.1259999999999994,1.4443497874038762,8.023182223229108,9.467532010632985,0.1798800000000024,1.6999737311566037,0.2121707720541668,212.039803997923,1.0,0.1629798775505634,3.642303732273698,0.0125508268293741,4.355742186927454,0.0071554107614501,True,RedSG_Candidate,*|MIR|NIR|s?r,4388.375,126.82117084698436
175,13.638384,-72.180771,,,0,0,0,0,0,0,0,0,0,0,0,0,4.1083197987223015,14.86779357489644,14.865819895505055,0.0,56723.241064191185,2316.0912483643715,0.0,56723.241064191185,2397.3203907850016,0.0,56723.241064191185,2475.1238110087293,0.0,0.5505987564516763,3.8255705164597273,4.376169272911404,0.145917898588797,0.7835265511576566,3.71453675920995,4.498063310367606,0.207137090402302,0.9104638988040064,0.2421801044949436,346.9431962142044,1.0,0.0398598325045568,3.628373601739273,0.0006255989569751,4.130880060384478,0.0073347341142119,True,,,4249.85,6.12188696400056
176,13.648799,-72.665016,,,0,0,0,0,0,0,0,0,0,0,0,0,14.582491149607607,13.490620132964606,13.490606428383924,0.0,191832.67096000112,2345.291282917796,0.0,191832.67096000112,2427.023853647542,0.0,191832.67096000112,2505.298835409983,0.0,0.7630257321478666,14.204773254405332,14.967798986553198,0.0569605093095937,1.0200718447555612,14.083170751990137,15.103242596745698,0.0766737553669898,1.2598868116677089,0.093393571616076,462.1523646065956,1.0,0.052878060192227,3.818022889408008,0.0103597841298706,4.125406189190758,0.0070694517883601,False,Star,*|NIR|s?b,6576.925,156.887840111973
177,13.653195,-72.309631,,,0,0,0,0,0,0,0,0,0,0,0,0,5.741218302325677,14.502461434373071,14.502613491962258,0.0,86752.22024703494,2335.222447877536,0.0,86752.22024703494,2416.7817809416074,0.0,86752.22024703494,2494.894490728094,0.0,0.5669372998583251,5.467647941675905,6.03458524153423,0.1072965550844777,0.8356316279157232,5.3278179754597375,6.163449603375461,0.1577566957449665,0.9510158438116844,0.1803706938555969,5.0016730637034,1.0,0.1642490242379224,3.63084721928252,0.0075007525067622,4.194492422447759,0.0076360406688755,True,,,4274.125,73.81892965222403
178,13.65933,-72.601669,,,0,0,0,0,0,0,0,0,0,0,0,0,6.097410388964715,14.437069217024224,14.437408816249883,0.0,150800.56634949526,2338.243114052534,0.0,150800.56634949526,2419.854457829174,0.0,150800.56634949526,2498.015886107734,0.0,0.5726418054471916,5.815743678203018,6.388385483650209,0.1020431818120712,0.8363862387361101,5.698401195665649,6.534787434401759,0.147987370849556,0.9618490041417278,0.1714660997547668,1.1155151589603425,1.0,0.1531655241486426,3.644207101019865,0.0124863687106778,4.058538913850867,0.0065526961091766,False,RedSG_Candidate,*|MIR|NIR|s?r,4407.65,126.72402100627964
179,13.672227,-73.240891,,,0,0,0,0,0,0,0,0,0,0,0,0,10.303025908303814,13.867970346302087,13.8679050582372,0.0,122724.93134002115,2796.2355117592124,0.0,122724.93134002115,2885.377895426423,0.0,122724.93134002115,2970.593813199454,0.0,0.6518705444930841,9.975922654601373,10.627793199094455,0.069063071868145,0.9188580998236696,9.846950885973596,10.765808985797264,0.0970147690161589,1.0832396730612412,0.1146895435699821,1.2606199934567723,0.0,0.1878075199151774,3.839729375206388,0.0166238899519401,3.992979595003779,0.0057757239849808,False,Star,*|MIR|NIR,6914.0,264.65354711395804
180,13.672755,-72.237221,hot_dim,low,0,0,0,0,1,0,0,0,0,0,0,0,23.76697862194733,12.959630719088176,12.960316240992,0.0,75321.61770193992,2358.380546421546,0.0,75321.61770193992,2440.33776737175,0.0,75321.61770193992,2518.823179591178,0.0,1.1407963091206206,23.20868919971906,24.34948550883968,0.0519999999999996,1.6805873653962389,22.94496691491908,24.625554280315317,0.0768057677169107,1.9990361688263183,0.0909999999999993,1.150997364373009,0.0,0.3298057217420053,3.974204169710188,0.0495022168364155,4.3096213575355105,0.0353138295934995,False,Supergiant,*|NIR|s*b|s?b|sg*,9423.325,1074.0994806697377
181,13.67278,-72.486137,RSG,low,0,0,0,0,1,0,0,0,0,0,0,0,7.575265576995452,14.20147193868909,14.201370815619034,0.0,66805.06029456464,2349.318775265404,0.0,66805.06029456464,2431.1205362102532,0.0,66805.06029456464,2509.460328598739,0.0,0.6211976155191641,7.2659,7.887097615519164,0.089048726840641,0.8735098613138854,7.150982390202848,8.024492251516733,0.1248708020400144,1.0267695858364227,0.1471373089040284,18.043448874005364,0.0,0.1406060763148098,3.6310199221939903,0.0082683138972993,4.178006725778877,0.0066063943311491,True,RedSG_Candidate,*|MIR|NIR|s?r,4275.825,81.40527854506733
182,13.673452,-73.128853,,,0,0,0,0,0,0,0,0,0,0,0,0,8.608,14.074604423378029,14.063,0.0,228487.2501115643,1736.824560643829,0.0,228487.2501115643,1807.31583746203,0.0,228487.2501115643,1875.061512601343,0.0,2.606181922821568,7.253011741959208,9.859193664780776,0.3338214649888655,3.0330641053936587,7.062052542661401,10.09511664805506,0.3879117889977781,3.724315039632171,0.4812391800444846,31.98557380594186,0.0,0.3175581178328492,3.739259761457563,0.0072144754724154,4.09109105157588,0.0077659934523346,True,ClassicalCep,*|cC*|Ce*|IR|MIR|NIR|Pe*|V*,5486.05,91.13395360676502
183,13.693553,-72.46489,,,0,0,0,0,0,0,0,0,0,0,0,0,28.8135626006268,12.7506583954473,12.75107103339833,0.0,120511.0783896308,2368.449041059209,0.0,120511.0783896308,2450.5786431133547,0.0,120511.0783896308,2529.2255253715966,0.0,1.2392551989256404,28.243154706199785,29.482409905125422,0.0469359518513954,1.8259897692790368,27.918803757711203,29.74479352699024,0.0687486450671617,2.1890945420549635,0.0827658753498123,1.5413510567062756,0.0,0.35807352553573,3.8586965700379823,0.0184759610613196,3.974659004531137,0.0145515195651813,False,,,7222.65,307.26938913598275
184,13.699284,-71.76387,,,0,0,0,0,0,0,0,0,0,0,0,0,8.716195132341545,14.049425342069428,14.049213545746142,0.0,326198.19976032036,3552.6836497292666,0.0,326198.19976032036,3653.020922048077,0.0,326198.19976032036,3748.723801760601,0.0,0.6674881143363756,8.384264177529737,9.051752291866112,0.0831247015394343,0.9634109304433044,8.239079265414837,9.20249019585814,0.1200335066304028,1.10814598731222,0.1387354973306642,1.1656087970529747,0.0,0.1958596089076276,3.692157050281709,0.0102134359925318,3.9747000165348254,0.0082538323547249,True,RedSG_Candidate,*|MIR|NIR|s?r,4922.175,115.75629302547657
185,13.699347,-71.414688,,,0,0,0,0,0,0,0,0,0,0,0,0,11.787606713055316,13.720980529389475,13.721713211695928,0.0,30977.821409442862,2389.5924042709375,0.0,30977.821409442862,2472.082810062197,0.0,30977.821409442862,2551.0676591218376,0.0,0.6511160532658256,11.483282918619352,12.134398971885178,0.0602579630518036,0.925974877474454,11.331083080157882,12.257057957632336,0.0851884146615891,1.1273353986855774,0.1038535264572466,391.6257040257833,0.0,0.0556662512353229,3.9007998417920695,0.0053397211580418,3.977939728429732,0.0078563200707476,False,ChemPec*,*|NIR|Pe*|s?b,7957.925,97.8439797585932
186,13.70945,-73.0466,RSG,low,0,0,0,0,1,0,0,0,0,0,0,0,5.4652318443669765,14.55519800196902,14.556,0.0,31643.208035695345,2356.3668298389107,0.0,31643.208035695345,2438.289530142406,0.0,31643.208035695345,2516.7426067611536,0.0,0.5266955471379697,5.21305445286203,5.73975,0.1040589557793971,0.7581383492483811,5.098050743399863,5.856189092648244,0.1503621493370506,0.9180711326660108,0.1825090683513597,33.69919706173171,0.0,0.1206854175986972,3.646778547814514,0.0108254443707309,4.105077293527871,0.0072164346223561,False,,,4433.825,110.51976915918706
187,13.712406,-73.099899,,,0,0,0,0,0,0,0,0,0,0,0,0,4.338691157841339,14.8077106904972,14.80692831532538,0.0,777050.9812701978,2745.919394995731,0.0,777050.9812701978,2834.2661955284466,0.0,777050.9812701978,2918.736859693231,0.0,0.4958514489481667,4.085863131915558,4.581714580863725,0.1242779635609689,0.7361811107125931,3.970451087955672,4.706632198668265,0.1852684801658668,0.8904328549381026,0.2229796268902912,352.99188111894983,0.0,0.0346894631202274,3.6476396561839257,0.010415452829228,3.982781660132696,0.0070850602045979,True,,,4442.625,106.54510488520812
188,13.726891,-73.15094,,,0,0,0,0,0,0,0,0,0,0,0,0,10.678051627795764,13.83008344860467,13.828965366388193,0.0,177674.98826711223,2782.147289618881,0.0,177674.98826711223,2871.067641159193,0.0,177674.98826711223,2956.075572524535,0.0,1.0990341924104925,10.121173277167353,11.220207469577844,0.1119425777358884,1.5766732900573055,9.87991274797308,11.456586038030386,0.1605200000000017,1.9361019235373271,0.1973448429626749,129.5967265218433,1.0,0.1719857439525703,3.657980374514744,0.0095222690973356,4.453597180897642,0.0066916376319264,False,YellowSG,*|IR|NIR|s*r|s*y,4549.675,99.75542278492934
189,13.761648,-72.768044,,,0,0,0,0,0,0,0,0,0,0,0,0,7.543609738300308,14.174234971236846,14.205871925626184,0.0,919948.78631589,2404.6944159623813,0.0,919948.78631589,2487.4415558242654,0.0,919948.78631589,2566.6668895276453,0.0,5.837567739242525,5.625791636290744,11.463359375533267,0.773073043175156,6.567034782802047,5.385184382668392,11.95221916547044,0.8654223471938973,7.775942976672302,1.0477913052138383,32.76523652074774,0.0,0.6531784679674765,3.741874164735567,0.012642535359742,3.9731200494792582,0.008441967402333,True,ClassicalCep,*|cC*|Ce*|NIR|V*|V*?,5519.175,160.66601810899527
190,13.767206,-72.472443,,,0,0,0,0,0,0,0,0,0,0,0,0,15.398745443960674,13.431151782322573,13.431561081263691,0.0,79401.49237679041,2825.417548978597,0.0,79401.49237679041,2915.0180731003375,0.0,79401.49237679041,3000.6631501420657,0.0,0.7933149642383412,15.005040985320926,15.798355949559268,0.0556317120063152,1.116432430365423,14.827554583628151,15.943987013993576,0.0783945146522846,1.309387909343064,0.0927555711599001,360.6895711233271,1.0,0.0580967023122792,3.818219293343712,0.014281115244375,4.149319533686074,0.0080650335654595,False,,,6579.9,216.37003027221675
191,13.784495,-72.567459,,,0,0,0,0,0,0,0,0,0,0,0,0,21.088987721289776,13.089416814122634,13.090000000000002,0.0,139137.6720686173,2810.323510531799,0.0,139137.6720686173,2899.687364240881,0.0,139137.6720686173,2985.110742118677,0.0,0.9542299237445704,20.63165420146904,21.58588412521361,0.0489098753001098,1.3422144597385923,20.440914018467563,21.783128478206155,0.0691995212396072,1.6319967522552226,0.0839999999999996,1.4606108891828633,1.0,0.2857283617080633,3.89899379079866,0.0312323893163983,4.113574304801287,0.0178703139551666,False,Star,*|NIR|s?b,7924.9,569.9210383904071
192,13.789353,-72.515457,RSG,low,0,0,0,0,1,0,0,0,0,0,0,0,9.08112340655148,14.005346439840348,14.004993215071158,0.0,71447.97218879845,2840.511334995208,0.0,71447.97218879845,2930.3478943102687,0.0,71447.97218879845,3016.214075730488,0.0,0.7152343368078995,8.709343369693892,9.424577706501791,0.0857887050260703,1.0047137827220336,8.568754974252705,9.57346875697474,0.1207920502247805,1.2217497402371027,0.145999999999999,392.5274873500411,0.0,0.0705812746404873,3.642803216975095,0.0123011009413608,4.282703138485964,0.0069570227909794,False,YellowSG,*|Ev*|MIR|NIR|s*y,4393.425,124.4408268013356
193,13.79491,-72.45266,,,0,0,0,0,0,0,0,0,0,0,0,0,28.391323892575176,12.76719067113556,12.767054423496903,0.0,194078.84274415328,2828.436326311241,0.0,194078.84274415328,2918.0841081254102,0.0,194078.84274415328,3003.773453472379,0.0,1.3155923778378489,27.723727039423995,29.039319417261844,0.0502529339014099,1.8903080684671068,27.414548477392657,29.304856545859764,0.0724631772999302,2.2745487911616458,0.0874294344938544,1.6707042648590786,1.0,0.4018128151701489,3.827784304150728,0.0202508574182059,4.43227134544742,0.009684860925887,False,YellowSG,*|NIR|s*y|s?y,6726.425,313.64864000183394
194,13.802364,-72.436417,hot_medium,low,0,0,0,0,1,0,0,0,0,0,0,0,30.910743276857573,12.674665322882207,12.674605296774594,0.0,404249.9404261552,2814.3486122482877,0.0,404249.9404261552,2903.775640467802,0.0,404249.9404261552,2989.258196550924,0.0,1.2894789253642926,30.278201438450505,31.5676803638148,0.0456969849130395,1.8137652034413951,30.036421761841197,31.850186965282592,0.063184233889876,2.139477268759059,0.0758022781578375,359.622785356394,0.0,0.0565985992118107,3.841138825358512,0.0143963874724847,4.408220741487697,0.0111645948981462,False,YellowSG,*|MIR|NIR|s*y|s?y,6936.475,229.93656598070697
195,13.803228,-72.51178,RSG,low,0,0,0,0,1,0,0,0,0,0,0,0,11.915385283064856,13.710071602524946,13.710000000000004,0.0,63171.43881107637,2824.411287624716,0.0,63171.43881107637,2913.996053537992,0.0,63171.43881107637,2999.6263691929316,0.0,0.6992258814800678,11.566720549856957,12.265946431337024,0.0636227903470256,1.0281746134193313,11.408016263912428,12.43619087733176,0.0939533248730342,1.2547315213003216,0.1140000000000007,365.31276094705856,0.0,0.0539660996440272,3.636923977803217,0.012147396654709,4.293317917199066,0.0068034408842412,True,,,4334.35,121.23356589657833
196,13.813378,-72.33728,hot_dim,low,0,0,0,0,1,0,0,0,0,0,0,0,13.894,13.54275854106007,13.543,0.0,101628.030236822,2837.492597888857,0.0,101628.030236822,2927.282000737621,0.0,101628.030236822,3013.1040086354997,0.0,0.7030061725296246,13.55239397825985,14.255400150789477,0.0545997919529472,1.0472886373064352,13.361614031921947,14.408902669228384,0.0819520062414138,1.2564891840331125,0.0985030861753077,352.746143083335,0.0,0.0640050503982012,3.916795985235871,0.0440029282789988,4.014210758138771,0.0328246304038718,False,,,8256.5,836.5525984658706
197,13.841566,-71.789406,hot_dim,low,0,0,0,0,1,0,0,0,0,0,0,0,19.03681799889138,13.201468017292225,13.201003926807838,0.0,1340153.1293911934,3955.860594907859,0.0,1340153.1293911934,4061.676763437196,0.0,1340153.1293911934,4162.512228800801,0.0,1.079817551687782,18.487110392844293,19.566927944532075,0.0620000000000011,1.5606884839423252,18.23975656046776,19.80044504441009,0.0890692372299177,1.882908270850507,0.1070678327357033,891.0786104695156,0.0,0.0089783974644301,3.922730646665752,0.0087538225609313,4.163590645963247,0.00954223426094,False,ChemPec*,*|MIR|NIR|Pe*|s?b,8370.1,168.7112622203983
198,13.863108,-71.555687,RSG,high,0,0,1,0,0,0,0,0,0,0,0,0,9.832443772535722,13.91946151581009,13.918171938394057,0.0,69217.39744124375,2409.7283481516447,0.0,69217.39744124375,2492.560885596268,0.0,69217.39744124375,2571.8662119111887,0.0,1.0630652011562454,9.285458035133162,10.348523236289408,0.1180000000000003,1.4593463821530523,9.086144757879769,10.54549114003282,0.1613526785441337,1.7944513335882402,0.2001493076828531,132.6216613002922,0.0,0.1994711143220743,3.6283480533519046,0.0010211476544432,4.51015639396986,0.0073844667294515,True,RedSG_Candidate,*|MIR|NIR|s?r,4249.6,9.991996797437434
199,13.865672,-72.729294,hot_dim,low,0,0,0,0,1,0,0,0,0,0,0,0,36.07634065845066,12.5068451214096,12.507,0.0,433221.7750538279,2870.6981577988845,0.0,433221.7750538279,2961.0049021248988,0.0,433221.7750538279,3047.311526929225,0.0,1.466349669819266,35.348375544665636,36.8147252144849,0.0436340515265385,2.133908109609507,35.011865414344655,37.14577352395416,0.0640652844074196,2.4841579778849123,0.0751020068865919,374.6740387692848,0.0,0.104507503197243,3.889220439807465,0.0265941285201606,4.426670979704837,0.010111669237844,False,Supergiant,*|MIR|NIR|s?b|sg*,7748.55,474.48434905695257
200,13.869121,-72.487114,,,0,0,0,0,0,0,0,0,0,0,0,0,16.81092668794421,13.335947043881486,13.336201860242438,0.0,48198.6164990439,2870.6981577988845,0.0,48198.6164990439,2961.0049021248988,0.0,48198.6164990439,3047.311526929225,0.0,0.8311647796909831,16.40423700895231,17.235401788643294,0.0532311524609134,1.162287699721901,16.21981465928002,17.38210235900192,0.0757759690080224,1.4267805798816615,0.0919999999999987,390.13187890573136,1.0,0.0232249221682569,3.989424230916348,0.0548155364787171,4.120836453361001,0.046026856745954,False,Star,*|NIR|s?b,9759.425,1231.8096116587983
201,13.875625,-72.480446,,,0,0,0,0,0,0,0,0,0,0,0,0,7.181619944793548,14.259237465043382,14.2594913861911,0.0,20421.02083564714,2898.871636023621,0.0,20421.02083564714,2989.6149807675115,0.0,20421.02083564714,3076.330589632841,0.0,0.6591991198484308,6.856454970946264,7.515654090794695,0.0992654178975058,0.926666564147344,6.718458501323591,7.645125065470935,0.1402311772084736,1.1018656886726106,0.167330345613399,392.9331539294748,1.0,0.0593703253544023,3.628544737177152,0.0079725821425617,4.2598806873300745,0.007389233019394,False,YellowSG,*|Ev*|MIR|NIR|s*y,4251.525,78.04757763697731
202,13.89679,-72.545395,hot_dim,low,0,0,0,0,1,0,0,0,0,0,0,0,14.823500628126666,13.472585053718026,13.472589805675035,0.0,111980.3768462976,2898.871636023621,0.0,111980.3768462976,2989.6149807675115,0.0,111980.3768462976,3076.330589632841,0.0,0.7767064227445264,14.435450951286889,15.212157374031412,0.0571666037542595,1.1169831090424491,14.271791572313967,15.388774681356416,0.0819762171413795,1.3157389526998902,0.0969999999999995,367.7160615247864,0.0,0.0568218476521034,3.8566503599416033,0.0177094827666219,4.070479130931087,0.0106950861391621,False,,,7188.7,293.13786858746175
203,13.924053,-72.303223,,,0,0,0,0,0,0,0,0,0,0,0,0,8.640629267480518,14.058227756851606,14.058469457738664,0.0,23942.380842968854,2911.951891099359,0.0,23942.380842968854,3002.897217478366,0.0,23942.380842968854,3089.8020322821394,0.0,0.6094624390431527,8.35035402623397,8.959816465277123,0.0764443192205561,0.8874145824436077,8.199052345648582,9.08646692809219,0.1118053021828231,1.0681007423387143,0.1340000000000021,1.6443504898906325,1.0,0.189889289334963,3.631446305772597,0.0083703587625251,4.177891971360647,0.007768256565315,True,,,4280.025,82.49090480168101
204,13.948352,-72.658638,,,0,0,0,0,0,0,0,0,0,0,0,0,19.413504891238343,13.179474792217553,13.179926510989771,0.0,61215.56744069364,2943.1425397767566,0.0,61215.56744069364,3034.5676806678293,0.0,61215.56744069364,3121.921961567109,0.0,0.9311535250633796,18.971760833896028,19.902914358959407,0.0520440934061383,1.3163989514307983,18.755447412769243,20.07184636420004,0.0731291991637874,1.5552008569339364,0.0872250855251053,349.5511655106917,1.0,0.0549518604835918,3.9623314457309022,0.0192902816351749,4.1913156481249905,0.0189644041325096,False,Star,*|NIR,9169.2,407.273077921927
205,13.952626,-73.043114,RSG,medium,0,0,0,0,1,0,0,0,0,0,0,0,6.920039274614058,14.302388999034283,14.299845581067732,0.0,204279.19573654403,2961.252772761547,0.0,204279.19573654403,3052.9553423467432,0.0,204279.19573654403,3140.569504935592,0.0,1.1763669970497883,6.327,7.503366997049788,0.1851263283371178,1.7070191902557577,6.060091210134929,7.767110400390687,0.2690765893327178,2.0324766835235595,0.3218736716628783,347.02363923836026,0.0,0.0418326340078619,3.635053763446568,0.0110746256569807,4.119486955225753,0.0066869894100317,False,RedSG_Candidate,*|MIR|NIR|s?r,4315.725,110.0521438909756
206,13.972648,-72.196625,hot_dim,low,0,0,0,0,1,0,0,0,0,0,0,0,15.91489100858642,13.395315590080816,13.395466135615765,0.0,50995.35819792232,2931.06886143905,0.0,50995.35819792232,3022.3085725469327,0.0,50995.35819792232,3109.4891520377037,0.0,0.8046166740735021,15.530704942973498,16.335321617047,0.0545848453504334,1.1186583656627764,15.363907470677114,16.48256583633989,0.0765309414597101,1.386118815495024,0.0945121546954332,344.3156941435026,0.0,0.0720855283367178,3.990235597659627,0.0354954460969215,4.1552655264603855,0.0352130229432499,False,Star,*|NIR,9777.675,799.1419425702796
207,13.995879,-71.522568,,,0,0,0,0,0,0,0,0,0,0,0,0,3.455635945477036,15.05370634640198,15.054,0.0,10139.210082724763,2352.3393789577503,0.0,10139.210082724763,2434.1929933889687,0.0,10139.210082724763,2512.581357070325,0.0,0.4114214206718856,3.254372718370067,3.6657941390419526,0.1291899973863479,0.5960917091314486,3.1631757274894317,3.75926743662088,0.1872233866164325,0.6928210942451987,0.2195241828566505,30.918206761214435,1.0,0.0903348804015864,3.6371218243645496,0.011904795931142,3.972232566788302,0.0080789683135691,True,RedSG_Candidate,*|MIR|NIR|s?r,4336.325,118.86649811868774
208,13.998293,-72.175369,RSG,low,0,0,0,0,1,0,0,0,0,0,0,0,5.277,14.594560505109538,14.594,0.0,15982.568703287814,2932.0750071253074,0.0,15982.568703287814,3023.3301853728008,0.0,15982.568703287814,3110.5252537059373,0.0,0.5968142041318032,4.972972719689111,5.569786923820915,0.1228218226884436,0.8719055574743013,4.844124713237898,5.716030270712199,0.1800060960805538,1.0478661360568982,0.215536927273197,1.3565089275176687,0.0,0.1802727925562187,3.650414383346564,0.0082505286226532,4.041493895214016,0.0096934722849568,True,RedSG_Candidate,*|MIR|NIR|s?r,4471.1,84.9399199434518
209,14.002332,-72.83284,,,0,0,0,0,0,0,0,0,0,0,0,0,4.4528228410204935,14.779192422718817,14.77854246759381,0.0,16199.037916065185,2930.0627146913653,0.0,16199.037916065185,3021.2869559886244,0.0,16199.037916065185,3108.453044135979,0.0,0.495560785230249,4.204727743666479,4.700288528896728,0.1205199959693423,0.7081731851938304,4.0990396603232835,4.807212845517114,0.1725033059181928,0.857075426083675,0.2099072024656649,380.3999703450781,1.0,0.0281020663774537,3.630214235036177,0.0065786520521615,4.0541494926064185,0.0065026073621542,False,,,4267.9,64.64974864606977
210,14.004046,-72.460983,,,0,0,0,0,0,0,0,0,0,0,0,0,7.764548055254355,14.175095676263297,14.175000000000002,0.0,19860.81105862763,2915.97654846488,0.0,19860.81105862763,3006.983931179717,0.0,19860.81105862763,3093.9468771813517,0.0,0.6961117213990367,7.424330480331742,8.120442201730778,0.097000000000003,0.9955875600898842,7.2759102716369295,8.271497831726814,0.1386073557852807,1.1450767208530657,0.1606073557852809,264.316763991874,1.0,0.0441664097977803,3.667737719330479,0.012174175657629,4.069459311446253,0.0067885493821199,False,RedSG_Candidate,*|IR|NIR|s?r,4653.05,130.4346483876121
211,14.007276,-72.499931,RSG,low,0,0,0,0,1,0,0,0,0,0,0,0,6.576549758363958,14.355591835711518,14.355117704902208,0.0,20293.548533790035,2943.1425397767566,0.0,20293.548533790035,3034.5676806678293,0.0,20293.548533790035,3121.921961567109,0.0,0.5759191790135514,6.288243038774898,6.86416221778845,0.0954724732495595,0.8427726234268977,6.165274791588515,7.008047415015413,0.1389942297303719,0.982059778932472,0.1626695876883559,17.00839447362218,0.0,0.1367710162897383,3.6554001816850312,0.0070415334577152,4.184714832347406,0.0090847346038892,True,,,4522.725,73.33024188559588
212,14.018476,-71.629814,RSG,low,0,0,0,0,1,0,0,0,0,0,0,0,3.751051548710614,14.965690959497117,14.964696969446578,0.0,11805.526419520424,2356.3668298389107,0.0,11805.526419520424,2438.289530142406,0.0,11805.526419520424,2516.7426067611536,0.0,0.4686140963361227,3.505225182378558,3.973839278714681,0.1363811448341838,0.6754833810708569,3.408506798501102,4.083990179571959,0.1965299834146314,0.8054131814863501,0.2343823963638183,447.23218835251095,0.0,0.0248717071721813,3.628388930050312,0.0,4.023028573273232,0.0074313882249479,False,RedSG_Candidate,*|MIR|NIR|s?r,4250.0,0.0
213,14.029873,-72.470512,hot_dim,high,0,0,0,0,0,0,1,0,0,0,0,0,27.307363002893375,12.809425041456487,12.809028453308915,0.0,58331.6480023409,2962.258886858449,0.0,58331.6480023409,3053.976844090676,0.0,58331.6480023409,3141.605421087359,0.0,1.2173107240165386,26.7001881284728,27.917498852489334,0.0488711350139805,1.7474133389184665,26.44542149716938,28.192834836087847,0.0689728888471812,2.122457517485447,0.0841602034106383,224.61626191208933,0.0,0.1012569745041374,3.936452162796164,0.0440075692796668,4.100732700009833,0.0291754010301128,False,EmLine*,*|Em*|IR|MIR|NIR|s?b,8638.775,875.3772040526301
214,14.037303,-72.277908,RSG,low,0,0,0,0,1,0,0,0,0,0,0,0,5.21948298152265,14.606481550495912,14.606171114423386,0.0,14188.145799921467,2935.0934378210054,0.0,14188.145799921467,3026.3950014750785,0.0,14188.145799921467,3113.6335213419516,0.0,0.5782655716575302,4.9310805463731775,5.509346118030708,0.120000000000001,0.8433355936026485,4.803144814224124,5.646480407826773,0.1757604136870529,0.979945446417334,0.205239586312949,1.1791295848002483,0.0,0.1746051373720039,3.633443205166375,0.0101758990554717,4.130622398509459,0.007501976989915,True,RedSG_Candidate,*|MIR|NIR|s?r,4299.75,100.74689821528004
215,14.045771,-72.44059,RSG,low,0,0,0,0,1,0,0,0,0,0,0,0,5.704,14.5097251055932,14.50950776302176,0.0,21996.912893722907,2935.0934378210054,0.0,21996.912893722907,3026.3950014750785,0.0,21996.912893722907,3113.6335213419516,0.0,0.6988679662932826,5.360793004187439,6.059660970480722,0.132948727881585,1.0128631091962852,5.19,6.202863109196286,0.1936198535658118,1.227144794969159,0.234671125684228,325.34830574566905,0.0,0.0631370384122279,3.6361994410795018,0.0117562710902908,4.076214161003241,0.0065765978085775,False,RedSG_Candidate,*|MIR|NIR|s?r,4327.125,117.13447133529908
216,14.057666,-72.04567,hot_dim,high,0,1,0,0,0,0,0,0,0,0,0,0,21.29995519205715,13.07904891738533,13.079,0.0,376540.4976880613,4220.228212508342,0.0,376540.4976880613,4329.486390283573,0.0,376540.4976880613,4433.546344871256,0.0,1.55949083984153,20.535606800185693,22.095097640027223,0.0797203221465618,2.3043686734297495,20.194176022273815,22.498544695703565,0.1171923410327142,2.6076255374936146,0.1330394659154397,736.2984403044492,0.0,0.0615612116625472,3.934512338345086,0.0268381932098631,4.16187395957668,0.0217995834802463,False,Star,*|NIR|s?b,8600.275,531.4731172646459
217,14.061519,-72.42244,,,0,0,0,0,0,0,0,0,0,0,0,0,3.6892105697369177,14.98342383283956,14.982851336846096,0.0,10891.672477365337,2918.995030254896,0.0,10891.672477365337,3010.0489269517084,0.0,10891.672477365337,3097.0554448808034,0.0,0.5108779578637215,3.435200210169385,3.9460781680331065,0.1506047774404137,0.7477896486051967,3.3213303513948023,4.069119999999999,0.2200197529745384,0.8619886290051362,0.2554536349423451,1.8556375745300624,0.0,0.1443873607386211,3.6343613756603856,0.0108023973878553,3.982804281019066,0.006564317946114,False,RedSG_Candidate,*|MIR|NIR|s?r,4308.85,107.17591847052208
218,14.087205,-72.84552,hot_dim,high,1,0,0,0,0,0,0,0,0,0,0,0,11.3517765967512,13.762016777984982,13.762524805772989,0.0,28821.935691083327,2979.362667116417,0.0,28821.935691083327,3071.3418132545567,0.0,28821.935691083327,3159.2150596104652,0.0,0.7002244466657732,11.012087618108495,11.71231206477427,0.0671840856321885,1.049905796166961,10.835379691267432,11.885285487434391,0.100103087954027,1.242900495922763,0.1188159143678113,4.8574782300360635,0.0,0.1900186651031684,3.952507903912972,0.0405372849637245,4.034243777266366,0.0157979689225047,True,,,8964.125,836.7163404493783
219,14.090327,-72.459961,RSG,low,0,0,0,0,1,0,0,0,0,0,0,0,118.91458990042436,11.212054236552794,11.212,0.0,58303.1887591097,1199.1637857562826,0.0,58303.1887591097,1257.9258202540295,0.0,58303.1887591097,1314.6864399673484,0.0,2.3878574170113893,117.72385,120.1117074170114,0.0220000000000002,3.415161427190668,117.25787,120.67303142719066,0.0312300000000007,3.9189473726991366,0.0359999999999978,333.24133028051284,0.0,0.2680610869852683,3.688889015878943,0.0127615046796199,4.098647449253326,0.0071046829422592,False,YellowSG,*|IR|NIR|s*r|s*y,4885.275,143.55112112066558
220,14.094011,-72.476639,hot_medium,low,0,0,0,0,1,0,0,0,0,0,0,0,56.81225523258364,12.01343643977123,12.013932653282748,0.0,138312.98706474746,2979.362667116417,0.0,138312.98706474746,3071.3418132545567,0.0,138312.98706474746,3159.2150596104652,0.0,2.211089680821047,55.790608111588135,58.00169779240918,0.0420128114238398,3.106839319338768,55.354563453381246,58.461402772720014,0.0597047358125379,3.831212432035123,0.0734125971942667,1034.517947281587,0.0,0.0281679423668468,3.9120346368996657,0.017451873234169,4.511395036068296,0.0142217456285205,False,Supergiant,*|IR|MIR|NIR|s?b|sg*,8166.475,328.16508707508785
221,14.099992,-72.487503,hot_dim,low,0,0,0,0,1,0,0,0,0,0,0,0,13.785117887770715,13.551691148552496,13.551732130285467,0.0,22651.10668373872,2931.06886143905,0.0,22651.10668373872,3022.3085725469327,0.0,22651.10668373872,3109.4891520377037,0.0,0.8132949873901527,13.376959350785963,14.190254338176118,0.0642232197645515,1.214255413500812,13.1825199372918,14.396775350792613,0.0950400000000009,1.4389397620128292,0.1133339223096694,24.96950990996191,0.0,0.1835583627418361,3.8413610349134273,0.0092415248487581,4.071052194839953,0.0074511846037252,False,Supergiant,*|NIR|s?b|sg*,6940.025,147.67954961672925
222,14.10552,-72.471741,RSG,low,0,0,0,0,1,0,0,0,0,0,0,0,27.26993350186342,12.810930351207316,12.811000000000002,0.0,107694.15671037666,2972.3199704623003,0.0,107694.15671037666,3064.191659808909,0.0,107694.15671037666,3151.9642457127447,0.0,1.397979018723749,26.57979954047735,27.9777785592011,0.0556741587863616,1.9837062516686892,26.28368099371285,28.267387245381535,0.0790705393839665,2.3586680137343663,0.0939069464212956,520.7335505667165,0.0,0.0775052008785113,3.634288295838262,0.010752858001758,4.469431492917438,0.0068534985051952,True,YellowSG,*|Ev*|IR|MIR|NIR|s*r|s*y,4308.125,106.6664632159518
223,14.113846,-72.468483,RSG,low,0,0,0,0,1,0,0,0,0,0,0,0,23.997891238522698,12.94943955693036,12.9497957760713,0.0,33753.15558445339,2944.148672768617,0.0,33753.15558445339,3035.589248854686,0.0,33753.15558445339,3122.957988684382,0.0,1.031242617341153,23.50464319893196,24.53588581627311,0.0463001388469965,1.4885000193822222,23.264672030378353,24.753172049760575,0.0670949698786458,1.765550973353541,0.0798850740993319,517.5531833856782,0.0,0.0482474670165125,3.6345074984230017,0.0108350062048583,4.1062227583776325,0.0067578315800145,False,YellowSG,*|IR|MIR|NIR|s*y,4310.3,107.5356220049896
224,14.115696,-73.507523,RSG,low,0,0,0,0,0,1,0,0,0,0,0,0,6.41456138873588,14.382305759172024,14.382,0.0,35304.51098579538,2962.258886858449,0.0,35304.51098579538,3053.976844090676,0.0,35304.51098579538,3141.605421087359,0.0,0.7280612814178804,6.04950232257742,6.777563603995301,0.1234670064653933,1.034668614256084,5.898304329561243,6.932972943817327,0.1752362737688688,1.259663760595549,0.2133201241704494,605.5778591884346,0.0,0.0453910120531419,3.628388930050312,0.0,4.329836658635203,0.0075379233451893,False,YellowSG,*|Ev*|MIR|NIR|s*y,4250.0,0.0
225,14.127534,-72.231476,RSG,high,1,0,0,0,0,0,0,0,0,0,0,0,4.603,14.73945690897587,14.742396427077608,0.0,18416.47937168471,2954.209944789207,0.0,18416.47937168471,3045.8047271286,0.0,18416.47937168471,3133.317919836369,0.0,0.6748439974807221,4.307571789868905,4.982415787349627,0.1580059734875192,0.9882224212088886,4.15057,5.138792421208889,0.2319618463129131,1.1934442846828412,0.2833426049038579,1.6638714645639114,0.0,0.2160124498292611,3.6530291062720086,0.0061322129883585,4.002995078834569,0.0073003395701682,True,RedSG_Candidate,*|MIR|NIR|s?r,4498.1,63.512912073058025
226,14.128729,-71.77256,RSG,low,0,0,0,0,1,0,0,0,0,0,0,0,5.5886842438595545,14.531807673220422,14.532,0.0,113160.47423462708,3584.861789507202,0.0,113160.47423462708,3685.647399676915,0.0,113160.47423462708,3781.770275252104,0.0,0.541217523753371,5.326253181949939,5.86747070570331,0.1050140333221687,0.7599630222113145,5.21980060984738,5.979763632058694,0.1478554113078569,0.9155984043453332,0.178355507993638,1.7221427414044077,0.0,0.1642748945388633,3.6521641171156007,0.005022057148574,4.051524381883882,0.0105512413550973,True,RedSG_Candidate,*|MIR|NIR|s?r,4489.15,51.911246373016326
227,14.129824,-72.152824,RSG,low,0,0,0,0,1,0,0,0,0,0,0,0,4.3816035964332825,14.796322798964688,14.79608807795594,0.0,11898.486148057042,2917.9888707270266,0.0,11898.486148057042,3009.027265452749,0.0,11898.486148057042,3096.0192619244417,0.0,0.5803978925119839,4.094812684273532,4.675210576785516,0.1438479415279943,0.8421721409189722,3.969850510883222,4.812022651802194,0.2084138153403074,0.9751619394982378,0.2424085698053293,394.814465586451,0.0,0.0174283699602885,3.645729212949333,0.0115642259028105,4.113769258707999,0.0071939144200282,True,RedSG_Candidate,*|MIR|NIR|s?r,4423.125,117.77726595145602
228,14.148048,-72.254349,RSG,low,0,0,0,0,1,0,0,0,0,0,0,0,4.430948679930829,14.784593959185804,14.78373527976782,0.0,12851.15091808769,2946.1609355899245,0.0,12851.15091808769,3037.6323741079764,0.0,12851.15091808769,3125.030024346861,0.0,0.5828051896018955,4.138403907250957,4.721209096852853,0.1428544038723007,0.8016491358820597,4.0236477105456725,4.825296846427732,0.1970278751454728,0.9701711606094996,0.2386099514124886,305.745508618026,0.0,0.0492031367143466,3.641538555816663,0.0127753482436006,4.019742407234591,0.0079690911015883,False,RedSG_Candidate,*|MIR|NIR|s?r,4380.65,128.86263034720346
229,14.159138,-72.310638,hot_dim,low,0,0,0,0,1,0,0,0,0,0,0,0,18.887265385881395,13.20985770928573,13.209664718548034,0.0,39913.239832680265,2961.252772761547,0.0,39913.239832680265,3052.9553423467432,0.0,39913.239832680265,3140.569504935592,0.0,0.8939364675128267,18.436116054844145,19.33005252235697,0.051419715249688,1.2797825027387972,18.235749387189745,19.515531889928543,0.0734436989782434,1.5133695789502752,0.0869439573549808,1.162803344268871,0.0,0.2598867103939496,3.9426243137449815,0.0492061083574906,4.195816818020293,0.0335122296581737,False,Star,*|MIR|NIR|s?b,8762.425,992.7937194478015
230,14.19015,-72.242996,RSG,low,0,0,0,0,1,0,0,0,0,0,0,0,5.485,14.552510924047157,14.551961268029046,0.0,12960.014989578229,2946.1609355899245,0.0,12960.014989578229,3037.6323741079764,0.0,12960.014989578229,3125.030024346861,0.0,0.5983540893144887,5.185634832690514,5.783988922005003,0.1183867989424367,0.877073943312511,5.065154674367268,5.942228617679779,0.1734841086005829,1.0515290661753065,0.2089999999999978,408.7534213028608,0.0,0.0225415836548064,3.630867540837046,0.0076640003334543,4.185261698195106,0.0081266802126559,True,RedSG_Candidate,*|MIR|NIR|s?r,4274.325,75.42906850147361
231,14.200639,-71.179138,RSG,low,0,0,0,0,1,0,0,0,0,0,0,0,4.646524000661444,14.733241197486937,14.732,0.0,14974.302974165672,2357.3736888675967,0.0,14974.302974165672,2439.313651349901,0.0,14974.302974165672,2517.7828975061216,0.0,0.4462893836835979,4.422590929142206,4.868880312825804,0.1043630900132033,0.6580831784663896,4.311393395623762,4.969476574090152,0.1546914172615938,0.7507068363272635,0.176027608678007,323.1157004950258,0.0,0.0232975124904993,3.628388930050312,0.0,4.16235653419054,0.0068031847484481,True,,,4250.0,0.0
232,14.242771,-72.521553,hot_dim,low,0,0,0,0,1,0,0,0,0,0,0,0,14.880841356577776,13.468109961905842,13.468371294992163,0.0,27465.794832729916,2956.2221865891806,0.0,27465.794832729916,3047.84777846171,0.0,27465.794832729916,3135.389832045696,0.0,0.8018178445512767,14.502205257805256,15.304023102356531,0.0582348042865223,1.1157223776883356,14.34257351082084,15.458295888509175,0.0810000000000013,1.382814956023429,0.100999999999999,9.378892424348331,0.0,0.193602442743798,3.8787113271263185,0.0103586345433267,4.099782941516,0.0060675492643452,False,Star,*|MIR|NIR,7563.3,180.39708977696952
233,14.255295,-72.14254,RSG,low,0,0,0,0,1,0,0,0,0,0,0,0,6.238664332871909,14.412867064900247,14.412174663885226,0.0,15430.208772914635,2952.197698793615,0.0,15430.208772914635,3043.761661041863,0.0,15430.208772914635,3131.2459829871887,0.0,0.6509718032770637,5.910530985337672,6.561502788614736,0.1136597693908783,0.9370598475205004,5.762486351434301,6.699546198954802,0.16361183856643,1.153935686974302,0.2014250648099231,1031.8324822841064,0.0,0.0078301135771004,3.6402179977325906,0.0124267583591066,4.106106338083497,0.0086155820423597,True,RedSG_Candidate,*|MIR|NIR|s?r,4367.35,124.96590535021944
234,14.264679,-72.334267,RSG,low,0,0,0,0,1,0,0,0,0,0,0,0,3.6810832767283537,14.985318590959835,14.985059971767829,0.0,10663.707955809146,2954.209944789207,0.0,10663.707955809146,3045.8047271286,0.0,10663.707955809146,3133.317919836369,0.0,0.5000469208160689,3.4319935138214546,3.932040434637523,0.1480355650671754,0.7717430538584371,3.2965803590040132,4.06832341286245,0.2286040198613967,0.9153454539827436,0.2717113013435028,963.893312338992,0.0,0.0201089887559801,3.646165926566859,0.0111400153598423,4.084320018187665,0.0078386355471152,True,RedSG_Candidate,*|MIR|NIR|s?r,4427.575,113.57098826284818
235,14.268831,-72.494507,RSG,low,0,0,0,0,1,0,0,0,0,0,0,0,6.612422357472006,14.348493077435064,14.349019410496512,0.0,14140.72582968353,2959.240541431782,0.0,14140.72582968353,3050.912327831464,0.0,14140.72582968353,3138.4976542152976,0.0,0.5866335337483912,6.336538959454191,6.923172493202582,0.0963155218538958,0.8252796288640125,6.221360738023648,7.046640366887661,0.1356393456530966,0.99640639507375,0.1639999999999997,1032.5321328893103,0.0,0.0025522704791849,3.6501690514757823,0.0132168326634416,4.201747736655555,0.0069102166906408,False,YellowSG,*|Ev*|MIR|NIR|s*y,4468.575,135.9916150907842
236,14.270352,-72.241432,,,0,0,0,0,0,0,0,0,0,0,0,0,4.172485276886498,14.850438871006135,14.849109543562715,0.0,10398.75671873758,2928.0504180095095,0.0,10398.75671873758,3019.243711666946,0.0,10398.75671873758,3106.380809619133,0.0,0.5537991450240045,3.8918926955051414,4.445691840529146,0.1444208109161824,0.8177063226050745,3.760883067162936,4.578589389768011,0.2140788508659223,0.9531936170202812,0.2494090108022479,18.88760081392744,1.0,0.1395242045021226,3.6394790185423713,0.0124304791697962,4.033159427519439,0.0079518836042874,True,RedSG_Candidate,*|MIR|NIR|RB?|s?r,4359.925,124.79080244553283
237,14.276385,-72.254517,,,0,0,0,0,0,0,0,0,0,0,0,0,12.911296330218718,13.622766792445416,13.622716893260485,0.0,17768.885022958704,2942.136405730033,0.0,17768.885022958704,3033.5461087716153,0.0,17768.885022958704,3120.8859282548888,0.0,0.7118204234583629,12.555504467411776,13.26732489087014,0.059972807526984,1.004027399982478,12.42233826932964,13.426365669312116,0.0848577457145509,1.1964174205266147,0.1002037560461204,2.7830617705083243,1.0,0.2080832694962006,3.8697112329390846,0.0311588813979804,3.9625219899155697,0.0311741297062059,False,Star,*|NIR|s?b,7408.175,531.5067444303976
238,14.299565,-72.369591,instability_strip,low,0,0,0,0,1,0,0,0,0,0,0,0,6.910982654210794,14.30134180342088,14.30126107740767,0.0,13940.13809491078,2943.1425397767566,0.0,13940.13809491078,3034.5676806678293,0.0,13940.13809491078,3121.921961567109,0.0,0.6073169368021016,6.610950994993237,7.218267931795339,0.0954689960099379,0.8489804120511169,6.487907278190073,7.336887690241189,0.1333268869099342,0.9880000000000004,0.1563836107337035,1252.9656846272417,0.0,0.0128166660621511,3.681424416723462,0.0100148211014593,4.077068478638676,0.0074631466793771,True,,,4802.025,110.73458978566724
239,14.311585,-71.504509,RSG,low,0,0,0,0,1,0,0,0,0,0,0,0,5.1159986058826785,14.628517095821085,14.627687294479678,0.0,14524.161061932527,2360.3942571090374,0.0,14524.161061932527,2442.3859838718754,0.0,14524.161061932527,2520.903717803876,0.0,0.4968376171298168,4.8644427868663875,5.361280403996204,0.1058501292914293,0.7349559386552826,4.74645,5.481405938655283,0.1569560770683438,0.866771214157863,0.1837123193347256,1292.071499632849,0.0,0.0153024674867214,3.6283965940029574,0.000442408231986,4.164721656611021,0.0068474039149908,True,RedSG_Candidate,*|MIR|NIR|s?r,4250.075,4.329477451148117
240,14.338515,-72.110527,,,0,0,0,0,0,0,0,0,0,0,0,0,4.793023715785527,14.698825068006444,14.698684555954378,0.0,120897.22994763128,3251.9782835479887,0.0,120897.22994763128,3348.023542926488,0.0,120897.22994763128,3439.705766172063,0.0,0.6074802650325388,4.4979156044191,5.105395869451639,0.1380310837103966,0.8885945626920098,4.351387696738801,5.2399822594308105,0.2019087841048144,1.0102934826812655,0.2291714815000158,1059.6120686713657,1.0,0.0073493378507012,3.6496633765535,0.008879215335567,4.135237807233096,0.0072199129436135,True,RedSG_Candidate,*|MIR|NIR|s?r,4463.375,91.25436633389111
241,14.347047,-72.02668,hot_dim,medium,0,1,0,0,0,0,0,0,0,0,0,0,18.023271891660432,13.260661479894392,13.260516188277077,0.0,197711.5337786991,4632.277039482706,0.0,197711.5337786991,4746.691706686177,0.0,197711.5337786991,4855.582337163191,0.0,1.8640399638032292,17.09847271589475,18.96251267969798,0.1120318181214745,2.584670559581941,16.7768535348811,19.36152409446304,0.156019076335399,3.2186321257164643,0.1942661167312351,1006.8527549326024,0.0,0.0226702543343266,3.900675668568509,0.0096802913869026,4.168691369786243,0.0083491377635223,True,EmLine*,*|Em*|EmO|NIR|s?b,7955.65,177.32900918913407
242,14.37155,-72.161362,,,0,0,0,0,0,0,0,0,0,0,0,0,13.722292818650375,13.55632120662977,13.556188908203284,0.0,18925.157167023855,2941.1302706279016,0.0,18925.157167023855,3032.524533164129,0.0,18925.157167023855,3119.849888744525,0.0,0.7615298440574989,13.360582193260727,14.122112037318226,0.0603509713731931,1.0609186179533945,13.191831213371287,14.252749831324682,0.0839995542967724,1.2343849468546075,0.0979925716128651,760.9140852817736,1.0,0.0182010649251332,3.8311047681962553,0.0076388052607961,4.074410127179334,0.0082619962014517,False,Star,*|NIR|s?b,6778.05,119.2191154974738
243,14.385288,-72.100685,,,0,0,0,0,0,0,0,0,0,0,0,0,5.025047059618861,14.64742988511841,14.64719627136417,0.0,54681.58840331665,3268.071499809256,0.0,54681.58840331665,3364.3513624521024,0.0,54681.58840331665,3456.25335484058,0.0,0.6414791167857707,4.708330627968097,5.349809744753868,0.1386670768333147,0.9052196160155316,4.5722801597460565,5.477499775761588,0.1957496906049609,1.0859252586286692,0.2359999999999988,1.2632987150663235,1.0,0.1879464690488742,3.6319052153421825,0.0087526731264554,4.264807490762762,0.0075026339059012,True,,,4284.55,86.34985524017976
244,14.391292,-72.070297,,,0,0,0,0,0,0,0,0,0,0,0,0,7.695989655471464,14.154655134205496,14.184339096340072,0.0,1858005.1120852465,4172.987038496657,0.0,1858005.1120852465,4281.638230685299,0.0,1858005.1120852465,4385.129556322231,0.0,6.131690146685747,5.655765755779445,11.787455902465192,0.7975288363188575,6.8311209654568525,5.400900452063386,12.232021417520238,0.8873640242997247,9.175938349348485,1.1519999999999992,39.36777543649288,0.0,0.5606486725361475,3.74358423122432,0.0074245694400441,4.194757137364358,0.0069685997225799,True,ClassicalCep,*|cC*|Ce*|NIR|V*,5540.95,94.72643506434729
245,14.408075,-72.058754,RSG,medium,0,0,0,0,1,0,0,0,0,0,0,0,5.4428234935065305,14.561322137764236,14.560408274210186,0.0,319427.9766524842,4500.632750759459,0.0,319427.9766524842,4613.42586941359,0.0,319427.9766524842,4720.797402554226,0.0,0.6172256787693255,5.127912326228971,5.745138004998297,0.1230119822907305,0.8817855497686988,4.997452028147836,5.879237577916535,0.1765116997979792,1.0441961539527105,0.2097317526411242,786.5676591062152,0.0,0.006665757211775,3.649923580939302,0.0121349634010492,4.257596264979152,0.0074915820488129,True,,,4466.05,124.78941261180772
246,14.44261,-72.705765,hot_dim,medium,0,0,0,0,1,0,0,0,0,0,0,0,26.0785464740442,12.859151626944172,12.859330898400096,0.0,60765.64802760753,2963.2649999107452,0.0,60765.64802760753,3054.9983421613165,0.0,60765.64802760753,3142.6413311044007,0.0,1.0893821086849549,25.5622,26.651582108684956,0.0453407946845807,1.5758251208557574,25.3170324671998,26.892857588055556,0.0652152276994453,1.932739134579176,0.0811921237886732,410.4604187343981,0.0,0.0570774284537895,3.893671621345944,0.011046898439333,4.291207184709209,0.0073430865728862,False,Star,*|NIR,7828.375,199.12586314941612
247,14.472133,-72.412888,,,0,0,0,0,0,0,0,0,0,0,0,0,8.342032422087925,14.055102657391828,14.096583315506743,0.0,2867134.0662363423,3019.605679971904,0.0,2867134.0662363423,3112.1964289391717,0.0,2867134.0662363423,3200.642596877972,0.0,12.297844031747536,4.784284582637041,17.08212861438458,1.381410335158698,13.489236233885144,4.46064919260965,17.949885426494795,1.511921433323268,14.875665731296628,1.7420000000000009,33.027723541418425,0.0,0.6182160208548342,3.702654519481246,0.0088189926292762,3.9379015236584984,0.0089250019968055,True,ClassicalCep,*|cC*|Ce*|NIR|s?b|V*|V*?,5042.6,102.39746090602053
248,14.472561,-72.083511,RSG,low,0,0,0,0,1,0,0,0,0,0,0,0,3.222774672528261,15.130462344931573,15.129558010630614,0.0,123360.63004248084,4004.113549566705,0.0,123360.63004248084,4110.566351627242,0.0,123360.63004248084,4211.998215704165,0.0,0.5639602372124957,2.936036235068545,3.499996472281041,0.1909509634842798,0.7994599517482244,2.825405788296385,3.62486574004461,0.2701205158778581,0.9248421734265712,0.3142189697669142,1.5266375267987211,0.0,0.1632005981369644,3.643630306079753,0.0137002137064893,4.078614258211304,0.0068589311833704,False,RedSG_Candidate,*|MIR|NIR|s?r,4401.8,138.8587771802705
249,14.481763,-72.422295,RSG,medium,0,0,0,0,0,0,1,0,0,0,0,0,3.853209278694168,14.936152049576936,14.935349876601345,0.0,11331.737468918942,2937.105719654395,0.0,11331.737468918942,3028.438193583116,0.0,11331.737468918942,3115.7056686575975,0.0,0.5254198173400835,3.592321584766449,4.117741402106533,0.1483215199031384,0.7457944890987602,3.4876888850146384,4.233483374113399,0.2103827489746734,0.8940576052520215,0.2519999999999989,33.054934184056854,0.0,0.0931879626035357,3.628682618169461,0.0045502465596265,4.082304050213792,0.0070512438919884,False,,,4252.875,44.55877438844116
250,14.487046,-73.562134,instability_strip,high,0,1,0,0,0,0,0,0,0,0,0,0,14.832682341737264,13.472830479654071,13.471924123323353,0.0,499135.3549878023,3019.605679971904,0.0,499135.3549878023,3112.1964289391717,0.0,499135.3549878023,3200.642596877972,0.0,3.1341033247340224,13.306425708207945,16.440529032941967,0.2300032254108508,4.0808427911227785,12.730358849722505,16.811201640845283,0.302131541520497,5.704787782293916,0.429000000000002,1075.861085924946,0.0,0.6493924002746425,3.6668758452253742,0.0115567785716115,4.665085778285667,0.0147137820404608,True,YellowSG,*|LP*|MIR|NIR|s*y,4643.825,123.57434756048684
251,14.506239,-72.594238,hot_dim,low,0,0,0,0,1,0,0,0,0,0,0,0,19.346871361445864,13.183396085721178,13.183276890502256,0.0,31717.536052124276,2961.252772761547,0.0,31717.536052124276,3052.9553423467432,0.0,31717.536052124276,3140.569504935592,0.0,0.8106352026631285,18.947526198108857,19.758161400771986,0.0452126942664676,1.1845600989603575,18.754107544272973,19.93866764323333,0.0663678116512329,1.4065739041900294,0.0792508153877271,331.31064062254245,0.0,0.0513659975544194,3.902719321377527,0.0022134809062402,4.091334135008271,0.0068717667760447,False,Star,*|NIR,7993.175,40.73903993714137
252,14.507126,-72.326561,,,0,0,0,0,0,0,0,0,0,0,0,0,15.10585503647214,13.452142525867972,13.451990427015524,0.0,21945.57053694565,2962.258886858449,0.0,21945.57053694565,3053.976844090676,0.0,21945.57053694565,3141.605421087359,0.0,0.7847960056788814,14.713866450009196,15.498662455688075,0.0566196666303344,1.135733549087396,14.561091289987456,15.696824839074852,0.0816117235964988,1.3591826592037377,0.0974102243193897,313.64707053434404,1.0,0.0783667256037988,3.823298128141233,0.016131095125183,4.156080163466508,0.0086908492812451,False,Star,*|NIR|s?b,6657.3,247.2735529732203
253,14.558781,-71.969238,RSG,low,0,0,0,0,1,0,0,0,0,0,0,0,3.9121727279898426,14.919392764521884,14.919041119465884,0.0,19399.95808939096,4504.652562786181,0.0,19399.95808939096,4617.495544403356,0.0,19399.95808939096,4724.913790023478,0.0,0.6424999175123083,3.5989174379675757,4.241417355479884,0.1787556200179008,0.9115078522403164,3.46805371742643,4.3795615696667465,0.2526472755625857,1.0338591949577332,0.2895522919385147,1323.9025483397354,0.0,0.0003020344385595,3.6457979385865222,0.0112966252842735,4.116247272822639,0.0073025544717895,True,RedSG_Candidate,*|MIR|NIR|s?r,4423.825,115.0700628964806
254,14.596641,-72.359787,hot_medium,medium,0,0,0,0,1,0,0,0,0,0,0,0,44.44650323166954,12.28026348191636,12.28052067901202,0.0,159690.09005318582,2996.466148091887,0.0,159690.09005318582,3088.7057300092706,0.0,159690.09005318582,3176.822940513892,0.0,2.08212803623276,43.42577567937789,45.50790371561065,0.0511485747613758,2.966409806182156,43.011000328860334,45.97741013504249,0.0722825563237599,3.840824944238591,0.0938910766722109,908.9881187545878,0.0,0.1868966597845747,3.9651817032572914,0.0678448615045554,4.558292329466144,0.0312891481988815,False,Supergiant,*|MIR|NIR|s?b|sg*,9229.575,1441.8309780882778
255,14.689378,-72.276627,RSG,low,0,0,0,0,1,0,0,0,0,0,0,0,3.9131558866017175,14.91992712355763,14.919000000000002,0.0,10525.828326612096,2947.167065420458,0.0,10525.828326612096,3038.6539311782303,0.0,10525.828326612096,3126.066032898447,0.0,0.5591638820133071,3.631236117986693,4.1904,0.1558438575232195,0.8143578365076847,3.5055729665871063,4.319930803094791,0.2264504727289651,0.9398847122104086,0.2620000000000004,387.1189100630183,0.0,0.0197058794615729,3.633541673476944,0.0103145886186455,4.0863578361805235,0.0071671000021087,False,RedSG_Candidate,*|MIR|NIR|s?r,4300.725,102.14315628078074
256,14.71651,-72.348312,RSG,low,0,0,0,0,1,0,0,0,0,0,0,0,3.3753776524961183,15.079334931041656,15.079131149654074,0.0,10101.809502944452,2946.1609355899245,0.0,10101.809502944452,3037.6323741079764,0.0,10101.809502944452,3125.030024346861,0.0,0.5377875895861752,3.114756336903923,3.652543926490098,0.1725486167006842,0.770657879225296,3.002017839284542,3.7726757185098374,0.2477997233401385,0.9376579785701632,0.303386678915043,408.7534213028608,0.0,0.0299370849736109,3.629452924442702,0.0052821306920977,4.093671255822409,0.0066599633091729,False,,,4260.425,51.81765505115028
257,14.722887,-72.360008,hot_dim,low,0,0,0,0,1,0,0,0,0,0,0,0,15.829045959396872,13.401346855595808,13.40130760768129,0.0,24994.847884295712,2959.240541431782,0.0,24994.847884295712,3050.912327831464,0.0,24994.847884295712,3138.4976542152976,0.0,0.8026644892980901,15.449590784050416,16.252255273348506,0.0552296730404631,1.1403325602047245,15.287500940950473,16.427833501155195,0.0781123838263866,1.3944769628208604,0.0955946989818663,327.4291825736379,0.0,0.0344889669226053,3.901599975287317,0.0338475142003376,4.118268675960511,0.0141223353130972,False,Star,*|NIR,7972.6,621.358785244081
258,14.727953,-72.849892,RSG,medium,0,0,1,0,0,0,0,0,0,0,0,0,6.0804420123027745,14.44067206014058,14.44028868800366,0.0,22787.188850631057,2971.3138667874277,0.0,22787.188850631057,3063.1701947134056,0.0,22787.188850631057,3150.9283907671434,0.0,0.6290613940357721,5.773137045167903,6.4021984392036755,0.1124469932165439,0.8612378045157545,5.653105993201715,6.514343797717469,0.15411721957744,1.1003385493879485,0.1970000000000009,263.604822402067,0.0,0.0290062336070991,3.645957438328824,0.0112769783262355,4.256907658436627,0.006737706815737,False,YellowSG,*|MIR|NIR|s*y,4425.45,114.91212947291508
259,14.729435,-72.552078,,,0,0,0,0,0,0,0,0,0,0,0,0,15.116393884192972,13.441742217735069,13.451535263567871,0.0,508462.3701262302,3019.605679971904,0.0,508462.3701262302,3112.1964289391717,0.0,508462.3701262302,3200.642596877972,0.0,3.328634919014645,13.810264881732602,17.138899800747247,0.2343708019812229,3.838023535802602,13.6144564641974,17.45248,0.2696408164639532,4.71179047010698,0.330931804672181,38.08463909978358,0.0,0.2374827907300403,3.759930230337536,0.0077095866155256,4.180457364526475,0.008213853961606,True,ClassicalCep,*|cC*|Ce*|NIR|V*,5753.475,102.13556860859003
260,14.733524,-71.976097,,,0,0,0,0,0,0,0,0,0,0,0,0,4.224650799959697,14.836724358136191,14.835426529704222,0.0,19301.82925197937,4509.677315330928,0.0,19301.82925197937,4622.582594223005,0.0,19301.82925197937,4730.059201007206,0.0,0.6439553758091385,3.902265207537248,4.546220583346386,0.1658885915348644,0.941902604564662,3.749897198219797,4.691799802784459,0.2433374132668717,1.093834226015237,0.283000000000003,7.052487066246055,0.0,0.1801844536793596,3.642251772666174,0.0126354700100436,3.9947444804128343,0.007581235167003,False,,,4387.85,127.66118243224916
261,14.739664,-72.288078,,,0,0,0,0,0,0,0,0,0,0,0,0,5.564647109933596,14.536730887780582,14.536602721340318,0.0,10926.473147708584,2925.0319650122474,0.0,10926.473147708584,3016.178817142709,0.0,10926.473147708584,3103.272411011839,0.0,0.5886334861710472,5.276314328827529,5.864947814998576,0.1150787310085856,0.8405588928362437,5.1498853131105236,5.990444205946767,0.1643544541717307,0.9742299024056223,0.1906814399808585,823.817623674326,1.0,0.0156888513675544,3.633137558756194,0.0098958861569254,3.947696060645002,0.0069655065947838,False,RedSG_Candidate,*|MIR|NIR|RB?|s?r,4296.725,97.90569122885556
262,14.775518,-71.783722,RSG,low,0,0,0,0,1,0,0,0,0,0,0,0,4.49875643000292,14.76768777765272,14.767118959381069,0.0,229845.4919007563,4620.218406705815,0.0,229845.4919007563,4734.485506613298,0.0,229845.4919007563,4843.2378930193545,0.0,0.6578729169644859,4.176,4.833872916964486,0.1585318254419991,0.9295295679549048,4.034955205126927,4.964484773081832,0.2242123356280156,1.0997936786158546,0.2671545522098935,248.07560130127212,0.0,0.0527408283686433,3.645331372417631,0.0114956621311074,4.166797978278938,0.0070098925556696,False,RedSG_Candidate,*|MIR|NIR|s?r,4419.075,116.97176742701632
263,14.804474,-72.377014,,,0,0,0,0,0,0,0,0,0,0,0,0,6.926552831054098,14.298772875374503,14.29894091325735,0.0,13164.705547552116,2947.167065420458,0.0,13164.705547552116,3038.6539311782303,0.0,13164.705547552116,3126.066032898447,0.0,0.5811082642692051,6.637874370396145,7.21898263466535,0.0909546122460955,0.864044401432662,6.501564739236567,7.365609140669229,0.1354198001254047,1.026672196534232,0.1610453877539015,28.94732532581629,1.0,0.1372768142374692,3.653212513775343,0.0,4.016659267104306,0.0072559810791206,False,RedSG_Candidate,*|MIR|NIR|s?r,4500.0,0.0
264,14.821316,-71.810242,RSG,low,0,0,0,0,1,0,0,0,0,0,0,0,4.096118780762001,14.869680893328606,14.869039774154327,0.0,26996.753602747525,4637.301447169726,0.0,26996.753602747525,4751.777543778947,0.0,26996.753602747525,4860.725722597656,0.0,0.5340079595987737,3.827437113001338,4.3614450726001115,0.1420754101205581,0.7853375639204025,3.703635521333801,4.488973085254203,0.2090345865456768,0.8822207109877134,0.2347609710213198,1.3007974506304554,0.0,0.1600182603129371,3.634197558947681,0.0105902206520589,4.025639110431154,0.0071974282154764,True,RedSG_Candidate,*|MIR|NIR|RB?|s?r,4307.225,105.0311828696602
265,14.872271,-72.330978,RSG,medium,0,0,0,0,1,0,0,0,0,0,0,0,6.885785375934021,14.305767005938703,14.305,0.0,12790.518868102356,2954.209944789207,0.0,12790.518868102356,3045.8047271286,0.0,12790.518868102356,3133.317919836369,0.0,0.611897479100068,6.571106277410883,7.183003756510951,0.0961695259117902,0.8856300314508267,6.439237820049022,7.324867851499849,0.1398549819955068,1.0476955143433466,0.1653363434536103,29.277389899211084,0.0,0.1535407303675758,3.6387213178566262,0.0125767418094751,4.142227912679197,0.0064960126637279,True,RedSG_Candidate,*|MIR|NIR|s?r,4352.325,126.0390589261916
266,14.916991,-72.226891,hot_dim,low,0,0,0,0,1,0,0,0,0,0,0,0,27.21073503264268,12.813147007237594,12.813232816605884,0.0,166293.16147344687,2968.2955495218516,0.0,166293.16147344687,3060.105777480942,0.0,166293.16147344687,3147.8207892786154,0.0,1.2820846738698926,26.569160625447516,27.85124529931741,0.0510479492175282,1.81122558617324,26.273738527517818,28.084964113691058,0.0725557341987279,2.167700943833502,0.0866399036882175,22.11885469720574,0.0,0.2414681401138545,3.879039939686189,0.0256387766927626,4.362089962135661,0.0098466368560672,False,Supergiant,*|MIR|NIR|s?b|sg*|sg?,7569.025,446.8409105878736
267,14.925954,-72.163506,RSG,low,0,0,0,0,1,0,0,0,0,0,0,0,3.032,15.200569781301828,15.196000000000002,0.0,61097.376639467795,2935.0934378210054,0.0,61097.376639467795,3026.3950014750785,0.0,61097.376639467795,3113.6335213419516,0.0,0.7284077279961485,2.655,3.3834077279961483,0.2637745244827805,1.08446228907369,2.48053771092631,3.565,0.3940427603947309,1.268136180692495,0.4620768594765891,4.186359746084148,0.0,0.2015721392298204,3.6355742154084902,0.0114811457941966,4.185986798813904,0.0070223819095511,False,,,4320.9,114.22867415846162
268,15.005334,-72.48336,hot_dim,low,0,0,0,0,1,0,0,0,0,0,0,0,29.53329558404851,12.72354881350867,12.724187310593422,0.0,1096900.0961220504,2926.0381170753344,0.0,1096900.0961220504,3017.2004523922706,0.0,1096900.0961220504,3104.308550129526,0.0,1.2515911279677816,28.96576964574177,30.21736077370955,0.0457425911384596,1.8120300046314135,28.689757961416948,30.50178796604836,0.0661182145231045,2.1572803505950056,0.0799999999999983,217.26909268293275,0.0,0.0782014652375011,3.9062447789198584,0.0160230753872489,4.24740307311626,0.0110749687222838,False,Supergiant,*|NIR|sg*,8058.325,297.3078276382914
269,15.007992,-72.017464,,,0,0,0,0,0,0,0,0,0,0,0,0,16.781206126258795,13.338185931446988,13.337861353756423,0.0,79581.64914293864,3803.0491681861063,0.0,79581.64914293864,3906.8231492577142,0.0,79581.64914293864,4005.745499627288,0.0,0.8876135159823093,16.331783945993898,17.219397461976207,0.057570280603997,1.290067722257053,16.117598735525252,17.407666457782305,0.0840126285832969,1.5171061996472837,0.0980000000000007,336.3624297125519,1.0,0.0335170750350068,3.8006449189325897,0.0123369614889214,4.162257847520067,0.0088510179887728,True,Star,*|NIR|s?b,6318.95,179.50180361210855
270,15.026778,-72.428185,RSG,low,0,0,0,0,1,0,0,0,0,0,0,0,4.372642078543864,14.7992465798864,14.798122741347257,0.0,10103.78107708893,2307.028910799231,0.0,10103.78107708893,2388.101167951105,0.0,10103.78107708893,2465.757633980577,0.0,0.5315210811628521,4.1044083615164295,4.635929442679282,0.1325246702446438,0.7303068943614157,3.996810275385749,4.727117169747165,0.1822400000000001,0.8790535124632757,0.2192830964585521,415.3083473112184,0.0,0.0399568540983407,3.62817684037716,0.0033355615317447,4.16649089785794,0.0067093544486444,True,,,4247.925,32.62582374438997
271,15.054616,-72.334679,,,0,0,0,0,0,0,0,0,0,0,0,0,13.8679804462093,13.545197754998386,13.545079919290924,0.0,17271.43587577965,2327.1672721856025,0.0,17271.43587577965,2408.5877442112724,0.0,17271.43587577965,2486.570382788624,0.0,0.7418388073646192,13.506231454537732,14.24807026190235,0.0580851088319818,1.033776995624045,13.368161295204796,14.40193829082884,0.0809072263470565,1.243489520516338,0.0978991590728846,88.01582954948331,1.0,0.1031804999199289,3.8308612200052496,0.0143621162875896,4.111098652949108,0.0068442467487293,True,Star,*|NIR|s?b,6774.25,224.02441273218415
272,15.056647,-72.352814,,,0,0,0,0,0,0,0,0,0,0,0,0,2.1417594455317515,15.575749372012316,15.573082122570032,0.0,7004.666177701769,2278.834179150595,0.0,7004.666177701769,2359.416354482811,0.0,7004.666177701769,2436.6137625815827,0.0,0.4797656296656489,1.8942458344437616,2.3740114641094103,0.245171537791947,0.6902703418711316,1.787490303060148,2.4777606449312795,0.3547847504273846,0.8164351676999164,0.4195677876396395,106.26375926396634,0.0,0.0642346470844082,3.649161982895361,0.0106483134880661,3.978939610152079,0.007388410728015,False,RedSG_Candidate,*|MIR|NIR|s?r,4458.225,109.30964904801408
273,15.098814,-72.631149,RSG,low,0,0,0,0,1,0,0,0,0,0,0,0,3.552080369152971,15.024006439199312,15.02393103974924,0.0,9129.550040824071,2315.0843280400145,0.0,9129.550040824071,2396.296054042571,0.0,9129.550040824071,2474.0831603264287,0.0,0.4710614646994915,3.320281176385928,3.791342641085419,0.1439999999999983,0.7135680877888615,3.202660992050951,3.916229079839813,0.2181599999999992,0.8447519461256445,0.2596619946338663,416.3461496863469,0.0,0.0427684348957048,3.6531907985083625,0.0007235345190497,4.022854279496644,0.0071648775966615,False,RedSG_Candidate,*|MIR|NIR|s?r,4499.775,7.496624240283091
274,15.138538,-72.563477,RSG,low,0,0,0,0,1,0,0,0,0,0,0,0,3.654,14.993651367945075,14.993,0.0,7680.133680743445,2296.95950206198,0.0,7680.133680743445,2377.8570779475385,0.0,7680.133680743445,2455.3499204751215,0.0,0.4747017245440106,3.417998275455989,3.8927,0.1411671825472833,0.6610024266986363,3.319040697677689,3.9800431243763255,0.1974466680433124,0.7627961622565671,0.2275398838004481,373.12115236256193,0.0,0.0228428806274559,3.6402428573186225,0.0124076378058865,4.054042582262259,0.0080153979533619,True,RedSG_Candidate,*|MIR|NIR|s?r,4367.6,124.78076774888028
275,15.145673,-72.366623,RSG,low,0,0,0,0,1,0,0,0,0,0,0,0,26.493709537886687,12.842476384497296,12.842298832710684,0.0,31237.075319145555,2336.2293380971537,0.0,31237.075319145555,2417.806011826346,0.0,31237.075319145555,2495.9349646312626,0.0,0.9068273352438608,26.04992266475614,26.95675,0.0373805546888927,1.3604753260453748,25.818865305693805,27.17934063173918,0.0558239498443597,1.622793283600739,0.0665786602666393,338.96318874538036,0.0,0.055193881187944,3.633930279072772,0.0104193581072119,4.086478628023453,0.006829348055769,False,RedSG_Candidate,*|MIR|NIR|s?r,4304.575,103.27303314515362
276,15.154256,-72.690392,RSG,low,0,0,0,0,1,0,0,0,0,0,0,0,4.6573833198086865,14.730503170030216,14.729745569890577,0.0,13168.666932917547,2307.028910799231,0.0,13168.666932917547,2388.101167951105,0.0,13168.666932917547,2465.757633980577,0.0,0.5643472049337444,4.381919325530079,4.946266530463824,0.1311491139781146,0.8338162880091549,4.248183711990845,5.082,0.194729756088515,0.9838099654407566,0.2299999999999986,586.4654775688646,0.0,0.0347503715146592,3.652782832299032,0.0045236692076571,4.139001072425127,0.0071710793716839,False,RedSG_Candidate,*|MIR|NIR|s?r,4495.55,46.82624798123378
277,15.201425,-73.687996,hot_dim,low,0,0,0,0,1,0,0,0,0,0,0,0,22.832668903436677,13.00316546217496,13.0039545556404,0.0,72352.75934680438,2319.1120002537036,0.0,72352.75934680438,2400.3933690710433,0.0,72352.75934680438,2478.245709714781,0.0,1.1057864121841623,22.32611767059331,23.43190408277747,0.0521385669647536,1.5448666858232123,22.140951807603436,23.68581849342665,0.0731273179764446,1.8445641057837,0.0880000000000009,432.6226265083068,0.0,0.0623517585976326,3.904170306907799,0.005404147559903,4.261479129179607,0.0111876467590056,False,ChemPec*,*|MIR|NIR|Pe*|s?b,8019.925,99.79601382319838
278,15.210984,-72.48114,hot_dim,low,0,0,0,0,1,0,0,0,0,0,0,0,24.610713331039054,12.922140081497426,12.922219039088883,0.0,80739.33001169811,2343.2775278304816,0.0,80739.33001169811,2424.9754810234476,0.0,80739.33001169811,2503.2180364740325,0.0,0.9890634228434898,24.12740363804185,25.11646706088534,0.0438685765466715,1.460105986150431,23.919618255317584,25.379724241468015,0.0643406811228093,1.7730189225579132,0.0784764421653552,27.174935377809433,0.0,0.246069770744016,3.893630011629327,0.0144792391477687,4.198821020357003,0.0089574168265477,False,Supergiant_Candidate,*|NIR|sg?,7827.625,260.9705143785405
279,15.267479,-72.440582,,,0,0,0,0,0,0,0,0,0,0,0,0,10.892206530773864,13.807296244832006,13.807242853437725,0.0,61903.59119839525,2317.098167174109,0.0,61903.59119839525,2398.3447222015607,0.0,61903.59119839525,2476.1644527969984,0.0,0.5917194535471353,10.607269567144622,11.198989020691757,0.0589771524865128,0.8668885313910639,10.46389156196856,11.330780093359625,0.0865923018569745,1.0090222435127476,0.1010000000000026,327.1962199368846,1.0,0.0513342397670415,3.9511310098010095,0.0464967334876379,3.910837792742425,0.0305821543043235,False,Star,*|NIR|PM*|s?b,8935.75,956.6853910769204
280,15.302052,-72.268593,hot_dim,low,0,0,0,0,1,0,0,0,0,0,0,0,31.72111713374722,12.646656953719734,12.64665628084702,0.0,1142920.25886354,2285.882975266664,0.0,1142920.25886354,2366.5879559092814,0.0,1142920.25886354,2443.90039517506,0.0,1.292669736237258,31.09750513835683,32.39017487459409,0.0440629812230479,1.9271917542421448,30.788436609168677,32.71562836341082,0.0655407805295222,2.220432429338107,0.0761650555082198,354.26202724682355,0.0,0.0773876514238766,3.908565436336875,0.0199696738660312,4.377056733796369,0.0121791176251602,False,Supergiant,*|MIR|NIR|s?b|sg*,8101.5,372.52214699263186
281,15.340866,-71.954842,,,0,0,0,0,0,0,0,0,0,0,0,0,19.83300436936228,13.156738683935028,13.156676658285289,0.0,41217.27813026808,3360.60307046762,0.0,41217.27813026808,3458.2207718633244,0.0,41217.27813026808,3551.3760143370955,0.0,0.9179526782733696,19.374366481041218,20.292319159314584,0.0500273902692658,1.275655786158886,19.188654213841115,20.46431,0.069122390031195,1.576546140065826,0.0865542682540887,680.121445451297,1.0,0.0515966500726581,3.880669279679271,0.0153961067901726,4.215793686394393,0.0071280309088137,True,Star,*|NIR|s?b,7597.475,269.33691610137663
282,15.444264,-72.437416,,,0,0,0,0,0,0,0,0,0,0,0,0,2.843390219987691,15.26633538198036,15.265560950759786,0.0,6410.333050346045,1706.583521754081,0.0,6410.333050346045,1776.4681911344137,0.0,6410.333050346045,1843.645708398749,0.0,0.4541736779702856,2.621866755677017,3.076040433647303,0.1735609507597857,0.6465302679365164,2.524795601044419,3.171325868980935,0.2475354580200104,0.7583747571597796,0.2914127469532737,403.26178261019464,1.0,0.036399518093778,3.6301455427145304,0.0064444602836702,4.000821710658033,0.0062886600000769,False,RedSG_Candidate,*|MIR|NIR|s?r,4267.225,63.32100263735564
283,15.444664,-72.562927,hot_medium,medium,0,0,0,0,0,0,1,0,0,0,0,0,63.41576087316367,11.89430720762172,11.894679357077472,0.0,112375.4876383858,1743.880497963303,0.0,112375.4876383858,1814.5125488801916,0.0,112375.4876383858,1882.3900757015724,0.0,1.90885705229784,62.53596201791672,64.44481907021456,0.0329999999999994,2.774673148232651,62.10883071893382,64.88350386716647,0.0477291377167894,3.5367169102355973,0.0599297682024566,337.2444117533063,0.0,0.2512416993560031,3.972080125907985,0.0288508709610302,4.524716883990037,0.0348407160118541,False,,,9377.35,622.9522273015805
284,15.456195,-72.095955,,,0,0,0,0,0,0,0,0,0,0,0,0,16.771505987213438,13.33866733341268,13.338596570010084,0.0,1621346.586843642,2213.3773925141754,0.0,1621346.586843642,2292.8099732430487,0.0,1621346.586843642,2368.930565981988,0.0,8.372660180442988,13.061597879187357,21.434258059630345,0.537418279150959,9.2384925639696,12.70666,21.9451525639696,0.5933259620498355,10.854088130136288,0.6997133924844352,49.73395259070819,0.0,0.6475830604787567,3.7225496052879903,0.0077248085081521,4.425968865413838,0.0074492689249565,True,ClassicalCep,*|cC*|Ce*|NIR|s*y|V*|V*?,5278.975,93.89728097767262
285,15.554542,-72.939476,,,0,0,0,0,0,0,0,0,0,0,0,0,4.689260561749724,14.722393450128312,14.72224480378918,0.0,7509.702126726702,1701.5431398952364,0.0,7509.702126726702,1771.3261828974978,0.0,7509.702126726702,1838.408515670421,0.0,0.4251049923721393,4.4769063996144975,4.902011391986637,0.0988510958264559,0.5841289650410308,4.399328859402304,4.9834578244433345,0.1356172056837703,0.7360796131491201,0.1703614882480923,140.06654734520043,0.0,0.0609684905343994,3.628388930050312,0.0,3.976323261830598,0.0065182667068239,False,LongPeriodV*,*|Ev*|IR|LP*|MIR|NIR|s?r,4250.0,0.0
286,15.61304,-72.279282,,,0,0,0,0,0,0,0,0,0,0,0,0,29.850496537110633,12.712476076965276,12.712404507930328,0.0,38538.48040624232,1720.6962722180672,0.0,38538.48040624232,1790.8646934713383,0.0,38538.48040624232,1858.3079766818912,0.0,1.1014109021834813,29.32506804034917,30.426478942532647,0.0398663934076584,1.6592876526123668,29.048909308099052,30.70819696071142,0.0602136413698399,1.9284227060219656,0.070190866560484,327.32772730159354,1.0,0.0777668818581307,3.8623863331591375,0.0134634824583344,4.353465991392077,0.0064022567243865,False,Supergiant,*|NIR|sg*,7284.275,225.8184544606574
287,15.645905,-72.505547,RSG,medium,0,0,1,0,0,0,0,0,0,0,0,0,5.694705712161867,14.51203695628354,14.511191799087396,0.0,8513.410781739785,1710.6157839751406,0.0,8513.410781739785,1780.5816455961028,0.0,8513.410781739785,1847.8352085630183,0.0,0.4953320749753818,5.440470851145554,5.935802926120936,0.0949218851529831,0.7240878019858785,5.332069492644748,6.056157294630626,0.1382429963863938,0.8442753118018285,0.1609218851529856,208.75627103892668,0.0,0.0380907889777681,3.655347364746128,0.0068260497669028,4.050141547224789,0.0065863021179208,True,RedSG_Candidate,*|MIR|NIR|s?r,4522.175,71.0775588705746
288,15.646989,-72.192581,RSG,medium,0,0,0,0,1,0,0,0,0,0,0,0,6.541826107825762,14.36109588904934,14.361,0.0,7713.694188940166,1728.7604918390475,0.0,7713.694188940166,1799.0905306102218,0.0,7713.694188940166,1866.6851873727285,0.0,0.5443424537189703,6.274207889014056,6.818550342733026,0.089953292620585,0.8047887498454305,6.132134033203155,6.936922783048585,0.1339816199931913,0.9328577493394504,0.1554519265462595,379.8128738307691,0.0,0.026596666981524,3.6531956242170818,0.0006381542405329,4.076357976308429,0.0069808922492896,False,RedSG_Candidate,*|MIR|NIR|s?r,4499.825,6.612062839991767
289,15.658785,-72.135178,hot_dim,low,0,0,0,0,1,0,0,0,0,0,0,0,29.370217678556457,12.729888135905336,12.73023426400835,0.0,112657.28651752624,2151.9424864085836,0.0,112657.28651752624,2230.2805418372755,0.0,112657.28651752624,2305.375910108534,0.0,1.0817345033449186,28.85615865031963,29.93789315366455,0.0399449106589813,1.5419733443323196,28.64278756672357,30.18476091105589,0.0570284196284944,1.8138799576533025,0.0679999999999996,53.78705839645461,0.0,0.2115172175591873,3.9312671257264618,0.0142657036996648,4.374139728915645,0.013112329603247,False,Supergiant,*|NIR|sg*,8536.25,280.3987116589518
290,15.664665,-71.832069,RSG,low,0,0,0,0,1,0,0,0,0,0,0,0,7.014056126453316,14.285185113971105,14.285136423546245,0.0,27751.832519307045,4091.5681551970824,0.0,27751.832519307045,4199.1651046496,0.0,27751.832519307045,4301.668809478477,0.0,0.5655384081643122,6.740936384024811,7.306474792189123,0.0877650248710359,0.8230170845648423,6.606004000443732,7.429021085008574,0.1274596240582468,0.9901425781457336,0.1537748133794814,159.56222053159414,0.0,0.0454765693449781,3.63275077202148,0.0097872786165425,4.243286448065539,0.0120585813881634,False,RedSG_Candidate,*|MIR|NIR|s?r,4292.9,96.74497402966216
291,15.664685,-72.301323,RSG,medium,0,0,0,0,1,0,0,0,0,0,0,0,2.8981477453225035,15.244963464917864,15.244411943570048,0.0,5788.323961616425,1708.599657661933,0.0,5788.323961616425,1778.5249352331505,0.0,5788.323961616425,1845.740486646389,0.0,0.4380764664572445,2.683723533542755,3.1217999999999995,0.1640653097839077,0.6312667558266938,2.5944771847240427,3.2257439405507364,0.236870132243613,0.7455412003308477,0.2820000000000018,268.41780545790647,0.0,0.0411307660427834,3.634089153921667,0.0105221124875667,4.012273921033056,0.0073821002328657,False,RedSG_Candidate,*|MIR|NIR|s?r,4306.15,104.3296578159825
292,15.666333,-72.190926,RSG,medium,0,0,0,0,1,0,0,0,0,0,0,0,14.993037113922842,13.460847228542104,13.460348483774125,0.0,17645.08315411932,1741.864527530903,0.0,17645.08315411932,1812.4563866118767,0.0,17645.08315411932,1880.296268981238,0.0,0.7728712577168046,14.58257972999159,15.355450987708394,0.056158134886914,1.0972655676188925,14.448687329779952,15.545952897398845,0.0797674990319023,1.3767804985828107,0.0999999999999978,409.2750457260344,0.0,0.0886271946634955,3.6373245861606582,0.0119632962259671,4.466557364500695,0.0065238028292459,True,YellowSG,*|MIR|NIR|s*r|s*y,4338.35,119.50639104248776
293,15.705051,-72.156441,hot_dim,low,0,0,0,0,1,0,0,0,0,0,0,0,13.979,13.53637408288743,13.536203261981328,0.0,12548.054983823697,1720.6962722180672,0.0,12548.054983823697,1790.8646934713383,0.0,12548.054983823697,1858.3079766818912,0.0,0.7107878339284426,13.624594463068718,14.33538229699716,0.0548577166130694,1.0100760018305517,13.482135807420727,14.49221180925128,0.0787583708064403,1.256567007893345,0.0974732884839202,333.7738742190031,0.0,0.0459062343227042,3.870760793147045,0.0184544662507043,4.074574129827053,0.007023588540343,False,Supergiant,*|NIR|s?b|sg*,7426.1,315.55711052042545
294,15.727274,-72.545883,,,0,0,0,0,0,0,0,0,0,0,0,0,44.798,12.275420621931262,12.272,0.0,217493.4699469127,625.80520346288,0.0,217493.4699469127,668.5666290644959,0.0,217493.4699469127,710.3459253403047,0.0,6.259999999999998,41.3125,47.5725,0.1529999999999987,9.3119,39.6452,48.9571,0.2294999999999962,11.595,0.2829999999999995,362.2358319833607,1.0,0.9457985456157576,3.939647774782616,0.0230280479401703,4.18873057103701,0.0174892490246146,False,EmLine*,*|Em*|NIR,8702.575,461.44568410052335
295,15.739019,-73.128609,,,0,0,0,0,0,0,0,0,0,0,0,0,2.3843739880178254,15.458747615524404,15.456203376153043,0.0,8302.653962739427,1699.5269702707694,0.0,8302.653962739427,1769.2693202476455,0.0,8302.653962739427,1836.3135394698893,0.0,0.4377528377246995,2.1625971622753006,2.60035,0.2003499999999984,0.6269871872689916,2.0622828127310084,2.68927,0.2881767280850393,0.7314842526113927,0.336166871950299,337.24661085821225,0.0,0.0403910393198609,3.6283838206734105,0.000361253499915,3.98223813595552,0.0077479024579955,True,,,4249.95,3.5351803348627073
296,15.752757,-72.503365,hot_dim,medium,0,0,0,0,1,0,0,0,0,0,0,0,17.80153093515734,13.273777716055612,13.273653178768734,0.0,23497.311796207483,1722.712341320636,0.0,23497.311796207483,1792.9212026754492,0.0,23497.311796207483,1860.4023627088493,0.0,0.8052494069181826,17.418980792185796,18.224230199103975,0.0490228732085764,1.1363145056912956,17.250115188121146,18.38642969381244,0.0699999999999985,1.440289618229933,0.0880000000000009,857.16312974675,0.0,0.012038666646518,3.839925623924991,0.0106528133204122,4.204667554684639,0.0064173307556251,False,Star,*|NIR|s?b,6917.125,169.6702224168991
297,15.771704,-72.154785,RSG,medium,0,0,0,0,0,0,1,0,0,0,0,0,6.04438094213148,14.44624802312951,14.446744933062512,0.0,7219.878876256387,1722.712341320636,0.0,7219.878876256387,1792.9212026754492,0.0,7219.878876256387,1860.4023627088493,0.0,0.5272409573378045,5.789465438332818,6.316706395670622,0.0944964507885313,0.7697113937438118,5.661,6.430711393743811,0.1382802443980626,0.9201351777258476,0.1660000000000021,304.1374540060184,0.0,0.0555921031221224,3.6515881136056807,0.0072445145532924,4.028176854914901,0.006457903565882,True,RedSG_Candidate,*|MIR|NIR|s?r,4483.2,74.78475780531753
298,15.781884,-72.210083,,,0,0,0,0,0,0,0,0,0,0,0,0,23.310995157934272,12.980970873638649,12.98122028716788,0.0,28170.916213181114,1721.7043079549046,0.0,28170.916213181114,1791.8929522419307,0.0,28170.916213181114,1859.3551766558933,0.0,0.9693765084040038,22.84634316145841,23.815719669862418,0.0452202871678775,1.421927627773954,22.603092717105675,24.02502034487963,0.0663941970082255,1.6625177305048418,0.0780000000000011,1.2674829886251282,1.0,0.2422098924107844,3.928214004590099,0.0457265838891596,4.27296160066067,0.0184536347621713,False,Supergiant,*|NIR|s?b|sg*|s*y,8476.45,892.479914339813
299,15.787205,-71.930763,,,0,0,0,0,0,0,0,0,0,0,0,0,10.351250409544429,13.863505608004782,13.862645356352337,0.0,601885.0853097348,3747.751531874662,0.0,601885.0853097348,3850.7764270078264,0.0,601885.0853097348,3948.997038939508,0.0,2.659714115738698,9.031870573818024,11.691584689556722,0.2804892627522051,3.516606935561727,8.570043505036722,12.086650440598447,0.3735137278441467,4.690195797091382,0.4910000000000032,218.7836163597698,1.0,0.3740834307321121,3.6281921756342905,0.006168015759786,4.635508384105457,0.0072407855700862,False,YellowSG,*|LP*|MIR|NIR|s*r|s*y,4248.075,60.332780269104134
300,15.841267,-72.84407,RSG,low,0,0,0,0,1,0,0,0,0,0,0,0,4.332490241747907,14.808731343251385,14.808615139204171,0.0,9214.547526675962,1717.6721507598947,0.0,9214.547526675962,1787.779867063206,0.0,9214.547526675962,1855.1662931102323,0.0,0.4445183744283412,4.1057226766968435,4.550241051125185,0.1115946013894433,0.6573805689994359,4.008317996236688,4.665698565236124,0.1644259144953181,0.7973464864672302,0.2005892437055489,815.0427630921006,0.0,0.019808251805076,3.636116631567971,0.0115565940475515,4.07567533807438,0.0063879494588782,False,,,4326.3,115.1230211556316
301,15.856523,-72.042595,hot_dim,medium,0,0,0,0,1,0,0,0,0,0,0,0,35.02527465659092,12.538457303928183,12.539236802475491,0.0,1299383.1408256418,2581.868078737111,0.0,1299383.1408256418,2667.568998615975,0.0,1299383.1408256418,2749.5611855196807,0.0,1.4441210460756082,34.37688219561165,35.82100324168726,0.0446232869908449,2.0704930849754746,34.06403763680195,36.13453072177742,0.0643979727595027,2.6187863250627785,0.0820212597503431,6.567320551643885,0.0,0.3828160806499153,3.911859106890168,0.0548946079778165,4.172864293300523,0.0182550306528931,False,Star,*|MIR|NIR,8163.175,1031.821287517853
302,15.898766,-72.283546,,,0,0,0,0,0,0,0,0,0,0,0,0,17.03731886796351,13.32083213537844,13.321547690706916,0.0,18748.69652892747,1727.75247265601,0.0,18748.69652892747,1798.0623300446607,0.0,18748.69652892747,1865.6380845881652,0.0,0.7419090717115608,16.700389228734775,17.442298300446335,0.0473672631987955,1.0570923012503712,16.52012970870561,17.57722200995598,0.0676056621089085,1.2492830595087303,0.0803865928408402,1326.73484363588,1.0,0.0171419122063269,3.8495238284885978,0.0086462929549415,4.120659884302229,0.0075085546047033,False,Supergiant,*|MIR|NIR|s?b|sg*,7071.7,140.78923964564905
303,15.940762,-72.818794,RSG,medium,0,0,0,0,1,0,0,0,0,0,0,0,6.894435454372593,14.304013765862692,14.303775812262858,0.0,10778.1819607089,1723.7203723173586,0.0,10778.1819607089,1793.949444779268,0.0,10778.1819607089,1861.4495348530693,0.0,0.4901255923807666,6.646511449651198,7.136637042031965,0.0773857775155093,0.7651708513888753,6.5123629941838095,7.277533845572685,0.1200300000000016,0.901669705881072,0.1413900347473475,334.227792570395,0.0,0.0423070628320315,3.628388930050312,0.0,4.2080836800319785,0.0076199054792146,False,RedSG_Candidate,*|MIR|NIR|s?r,4250.0,0.0
304,15.947997,-72.071434,,,0,0,0,0,0,0,0,0,0,0,0,0,34.57730855861111,12.553282189053872,12.553011086812498,0.0,144791.89511570436,2435.9042231314434,0.0,144791.89511570436,2519.179387645147,0.0,144791.89511570436,2598.899327006206,0.0,1.1183524815010273,33.9856473341032,35.103999815604226,0.0350000000000001,1.6640773827836313,33.74022818691674,35.40430556970037,0.0528058066989061,1.9924886814469855,0.0631939588421648,12.044577906644395,1.0,0.2599094871051813,3.868381372565904,0.0131392167044526,4.3518426200603395,0.0067047885099483,False,Supergiant,*|NIR|s?b|sg*,7385.525,223.44288839656548
305,15.954565,-73.712296,RSG,medium,0,0,1,0,0,0,0,0,0,0,0,0,7.28354991560168,14.244283088593544,14.243829811614663,0.0,22157.071452372005,1728.7604918390475,0.0,22157.071452372005,1799.0905306102218,0.0,22157.071452372005,1866.6851873727285,0.0,0.6419344538190268,6.957605554624264,7.599540008443291,0.0958692818424591,0.930015580589738,6.816264522634444,7.746280103224182,0.1389807894045578,1.112385692478493,0.1659999999999968,230.63356923915833,0.0,0.1156057951185801,3.654508635708053,0.0054699619754175,4.280573935010644,0.0066600083983442,False,YellowSG,*|Ev*|MIR|NIR|s*y,4513.45,56.847141528840304
306,15.977364,-72.827797,hot_medium,medium,0,0,1,0,0,0,0,0,0,0,0,0,99.88030529838528,11.401249273684549,11.401559236842967,0.0,178199.23390498257,1747.9124109363936,0.0,178199.23390498257,1818.6247753461732,0.0,178199.23390498257,1886.5775253852744,0.0,2.418235454979012,98.7215960904894,101.13983154546844,0.0259874031562912,3.491257944905655,98.2485612869451,101.73981923185076,0.038284703849527,4.253604485858318,0.0459999999999993,337.84575962915824,0.0,0.2032542019873646,3.812605900973897,0.0030116348196132,4.60269605829161,0.0081922028979176,False,Star,*|NIR,6495.4,45.042646458661814
307,15.993419,-71.90551,hot_dim,high,0,0,1,0,0,0,0,0,0,0,0,0,24.465162516585103,12.930825938371695,12.92866647826538,0.0,779444.4685195568,4129.765185055816,0.0,779444.4685195568,4237.858017846047,0.0,779444.4685195568,4340.826268753816,0.0,2.784354195091776,22.99687541600375,25.78122961109553,0.1239396303410469,3.712829843769569,22.514157471833187,26.226987315602756,0.1652756493750118,4.884884537991226,0.2178674671894143,89.44383508942478,0.0,0.6601186715758478,3.854679435233728,0.0189041506684944,4.366231982111301,0.0107474007038544,False,EmLine*,*|Em*|EmO|MIR|NIR|s?b,7156.15,311.4958707591482
308,15.995159,-72.385849,RSG,high,0,0,1,0,0,0,0,0,0,0,0,0,9.48581746487801,13.956825907163887,13.95717516511305,0.0,26860.193004102857,1743.880497963303,0.0,26860.193004102857,1814.5125488801916,0.0,26860.193004102857,1882.3900757015724,0.0,0.8409539044755086,9.091196095524491,9.93215,0.0966048017825773,1.150520532764963,8.946403818749927,10.09692435151489,0.1309098111735913,1.3898389364698502,0.158000000000003,91.40646936959952,0.0,0.151576310263034,3.6611853915603265,0.0111682962215829,4.338597277245266,0.0063257620141972,True,YellowSG,*|NIR|s*y,4583.375,117.86585330366044
309,16.024857,-73.818291,,,0,0,0,0,0,0,0,0,0,0,0,0,19.69,13.16470578990694,13.164508272811853,0.0,45211.36489288963,1732.7925450270736,0.0,45211.36489288963,1803.2032500886105,0.0,45211.36489288963,1870.8734602802017,0.0,0.934494959550154,19.221406786325133,20.155901745875287,0.0508845045909751,1.3417639830861745,19.0351790042887,20.376942987374875,0.0739695036312895,1.6631442392001397,0.0918767118848986,26.427825863893663,1.0,0.2266949984282608,3.845902290719487,0.0203148765190612,4.261081018529166,0.0084780057634142,False,Star,*|MIR|NIR|s?b,7012.975,328.04405096724435
310,16.029622,-72.642746,hot_dim,medium,0,0,0,1,0,0,0,0,0,0,0,0,24.79071280653896,12.913817313332853,12.914760064772777,0.0,53127.30199160838,1737.83255869297,0.0,53127.30199160838,1808.3439637183465,0.0,53127.30199160838,1876.108491305762,0.0,1.120429543136332,24.2921,25.412529543136333,0.0482399352272242,1.587718337291637,24.09124061540315,25.67895895269479,0.0696764576477697,2.0912547721848753,0.0920469497218459,399.06642449768873,0.0,0.1440875923350069,3.935738962084891,0.0213283065849015,4.177553724952571,0.0214549355013406,False,ChemPec*,*|MIR|NIR|Pe*,8624.6,423.5561828140394
311,16.050177,-72.978088,,,0,0,0,0,0,0,0,0,0,0,0,0,5.219579809067512,14.60781683245186,14.606110650792232,0.0,47986.55805949784,1755.97612576873,0.0,47986.55805949784,1826.8488375880988,0.0,47986.55805949784,1894.951772383269,0.0,0.9094743946162868,4.770865952177413,5.6803403467937,0.1895500000000005,1.253171103873342,4.580373607219799,5.833544711093141,0.262585348858023,1.8904194786607933,0.4000000000000021,7.616749482723678,0.0,0.20548650256194,3.6450856098005664,0.0115918224402614,3.955209180737754,0.0075617824938734,True,,,4416.575,117.8834991633689
312,16.101214,-72.178276,,,0,0,0,0,0,0,0,0,0,0,0,0,6.331297778821804,14.396106405739536,14.396344771485612,0.0,6693.559989611292,1707.591590908408,0.0,6693.559989611292,1777.496567404518,0.0,6693.559989611292,1844.6931045702272,0.0,0.4783665056577808,6.103718990457385,6.582085496115166,0.0818168555838863,0.7199851618314952,5.973675826937971,6.693660988769466,0.1238864768662573,0.8356880847053061,0.1439999999999983,22.798979357850016,1.0,0.1207593857257437,3.6387836786784624,0.012391716925706,3.987316035217126,0.0064720118014181,False,RedSG_Candidate,*|MIR|NIR|s?r,4352.95,124.20264691221358
313,16.113623,-72.547836,,,0,0,0,0,0,0,0,0,0,0,0,0,28.330013336865196,12.769653488647288,12.769618733748551,0.0,45911.005141575035,1725.7364272121538,0.0,45911.005141575035,1796.0059040272513,0.0,45911.005141575035,1863.543837464453,0.0,1.160552418999952,27.74482778756356,28.90538020656351,0.0446413054058911,1.6291545814680504,27.505787916717697,29.134942498185744,0.062006014504508,2.018962750588713,0.0769999999999999,4.253058435214314,1.0,0.3417246636887663,3.908888296518037,0.0165565838328682,4.3317551918949775,0.0104934770843868,False,Star,*|MIR|NIR|s?b,8107.525,309.08271445520853
314,16.180614,-71.649818,RSG,low,0,0,0,0,1,0,0,0,0,0,0,0,4.661768904630652,14.727478529112066,14.728499275377311,0.0,13533.813112262726,2349.318775265404,0.0,13533.813112262726,2431.1205362102532,0.0,13533.813112262726,2509.460328598739,0.0,0.5444895026638052,4.410337729117218,4.954827231781024,0.1264691792129451,0.7850994222574705,4.278319778163564,5.063419200421034,0.1831220208328261,0.9020775437056034,0.2111949074123789,1291.398370580639,0.0,0.0098166770366884,3.6283914847162206,0.0002554530659444,4.141155398897743,0.0071954266046005,False,RedSG_Candidate,*|MIR|NIR|s?r,4250.025,2.4998749968748437
315,16.197788,-72.044441,,,0,0,0,0,0,0,0,0,0,0,0,0,5.473004699692755,14.555082655234798,14.55441964072563,0.0,79181.54343504406,2446.9783452598267,0.0,79181.54343504406,2530.440054098515,0.0,79181.54343504406,2610.3347316592526,0.0,0.5988552690233311,5.177688588685577,5.776543857708908,0.1189824548053053,0.860152784681115,5.03694455262807,5.897097337309185,0.1712077152446145,1.022757035104929,0.2038210993891347,2.359764202965155,1.0,0.1774097712952313,3.651624438913455,0.0068400054922845,3.9754141132122385,0.0064268386984032,False,RedSG_Candidate,*|MIR|NIR|s?r,4483.575,70.61493733623219
316,16.230061,-72.513527,,,0,0,0,0,0,0,0,0,0,0,0,0,2.5034656743813173,15.402969197719136,15.404,0.0,5592.190904480311,1693.478403294577,0.0,5592.190904480311,1763.0985280028033,0.0,5592.190904480311,1830.0282697430384,0.0,0.3840374240754771,2.3215078538991185,2.7055452779745957,0.1665875215178349,0.5691773642077229,2.2177667072033618,2.7869440714110847,0.2473199999999984,0.6623443246240872,0.2893606097050938,289.60124484497294,1.0,0.0476860158224892,3.628399148623785,0.0005108204681292,3.9972514302082423,0.0066548903449813,False,RedSG_Candidate,*|MIR|NIR|s?r,4250.1,4.998999899979996
317,16.24057,-72.385185,,,0,0,0,0,0,0,0,0,0,0,0,0,21.61101337295689,13.063249376883856,13.063252574314006,0.0,34318.90867500896,1728.7604918390475,0.0,34318.90867500896,1799.0905306102218,0.0,34318.90867500896,1866.6851873727285,0.0,0.9565887622662288,21.154530059037658,22.111118821303883,0.048,1.414241796021141,20.927449087825792,22.341690883846933,0.0711055582433921,1.6697753965249902,0.0838514711802158,1.516380634294587,1.0,0.2637507394813141,3.8829853399712992,0.0108317288753606,4.227647946027299,0.0059787063083909,False,Supergiant,*|MIR|NIR|s?b|sg*,7638.1,190.5016797826203
318,16.264754,-72.108932,instability_strip,medium,0,0,0,0,1,0,0,0,0,0,0,0,17.761,13.27640739365436,13.276536660797104,0.0,24829.669108565467,2176.114333719567,0.0,24829.669108565467,2254.8848758231557,0.0,24829.669108565467,2330.385346546735,0.0,0.8101316314180096,17.354918495426936,18.165050126844942,0.0491964829736684,1.1524409597576195,17.19085938476967,18.34330034452729,0.0703930252308904,1.3834714018326224,0.0850000000000008,448.77120933855355,0.0,0.0202998483828834,3.7604205984604326,0.0041856448041709,4.316380858319135,0.0067534292217938,True,,,5759.975,55.513506239472925
319,16.297483,-72.724457,hot_dim,low,0,0,0,0,1,0,0,0,0,0,0,0,15.596,13.416955123639298,13.4175932547592,0.0,26363.496926536423,1724.7284009471673,0.0,26363.496926536423,1794.9776785607512,0.0,26363.496926536423,1862.496693100846,0.0,0.748591317895583,15.252859580023854,16.001450897919437,0.0523087140450613,1.0070742327378657,15.123266777107906,16.130341009845772,0.0699999999999985,1.339209058427059,0.0927021783100272,396.8700726228675,0.0,0.0949987269239811,3.924777921335163,0.0117974201409453,4.121277909007132,0.0112337844391875,False,BlueSG_Candidate,*|MIR|NIR|s?b,8409.65,228.44447355976905
320,16.299472,-71.72628,,,0,0,0,0,0,0,0,0,0,0,0,0,,,,,,,,,,,,,,,,,,,,,,,,,,,3.628422139535051,0.0009204313058311,4.264333019509185,0.0093519514181998,False,,,4250.325,9.00801726241685
321,16.382862,-72.763603,RSG,medium,0,0,0,0,1,0,0,0,0,0,0,0,3.3770040364262868,15.077837465666402,15.078522145210773,0.0,7815.669373574612,1712.6319007107988,0.0,7815.669373574612,1782.63832228337,0.0,7815.669373574612,1849.92987424896,0.0,0.4096207504471167,3.187787318246548,3.5974080686936647,0.1313655016475401,0.6192873645095025,3.079392059904982,3.6986794244144847,0.1986621452107719,0.7331404462987838,0.2361900807430323,326.1319560116924,0.0,0.0422320714431986,3.6283965940029574,0.000442408231986,4.0587705676498445,0.0063238160401414,True,RedSG_Candidate,*|MIR|NIR|s?r,4250.075,4.329477451148116
322,16.445653,-71.772797,hot_dim,high,0,0,1,0,0,0,0,0,0,0,0,0,21.043602936390407,13.100603492697628,13.092214336693576,0.0,1102727.0988208442,4158.914934482247,0.0,1102727.0988208442,4267.38465569495,0.0,1102727.0988208442,4370.705978050269,0.0,3.6512280319367423,18.91553419536727,22.566762227304014,0.1915542566193444,4.8191464994712625,18.21876562712786,23.03791212659912,0.2550011237712084,6.514209828107283,0.3403862945372005,27.55617166709258,0.0,0.8898363068716701,3.89287201741098,0.0064669091011721,4.266838425272068,0.0069168179933123,False,BlueSG,*|Em*|EmO|MIR|NIR|s*b,7813.975,116.35484250773578
323,16.457567,-72.369637,,,0,0,0,0,0,0,0,0,0,0,0,0,12.4639217062211,13.661023076375708,13.661,0.0,12782.599822221977,1716.6641055175935,0.0,12782.599822221977,1786.7515748703524,0.0,12782.599822221977,1854.1190373285783,0.0,0.6068988483124311,12.148745710646873,12.755644558959304,0.053222905794799,0.8711963134832246,12.02837058867484,12.899566902158064,0.0760000000000005,1.0262212642495374,0.0890874452633472,1.762461025214833,1.0,0.1682520238019784,3.909543995052471,0.0125689538659304,3.979662011304818,0.0102536921968103,False,Supergiant,*|MIR|NIR|s?b|sg*,8119.775,234.99510500221064
324,16.537387,-72.402466,,,0,0,0,0,0,0,0,0,0,0,0,0,44.46251523142307,12.279918638959034,12.28,0.0,116721.57444735985,1735.8165602547251,0.0,116721.57444735985,1806.287702978128,0.0,116721.57444735985,1874.0145201586467,0.0,1.8407765775556513,43.59425,45.435026577555654,0.0449817492735356,2.6017353821137235,43.23409310410404,45.83582848621776,0.063911165161878,3.2014748533729858,0.0779817492735368,389.6429704954634,0.0,0.1806877082991002,4.003577922241088,0.0202031016818132,4.619365328430443,0.0240380390406112,False,Supergiant,*|NIR|s*b|s?b|sg*,10082.725,469.04192176712735
325,16.553088,-72.631592,hot_dim,medium,0,0,0,0,1,0,0,0,0,0,0,0,24.058508731085887,12.946766962640703,12.946752870193176,0.0,43262.36832398729,1719.688234108023,0.0,43262.36832398729,1789.836426356286,0.0,43262.36832398729,1857.260762774515,0.0,0.9988448761762498,23.576547508287376,24.575392384463623,0.0448393656255632,1.4260675633602524,23.35730405098812,24.783371614348372,0.0649999999999995,1.7021326090982676,0.0772748485597265,217.79901573752463,0.0,0.0907258957318399,3.922862936873443,0.0240881325051246,4.295871006378441,0.0162840625345115,False,Star,*|MIR|NIR,8372.65,464.3888214632217
326,16.562863,-72.560211,RSG,medium,0,1,0,0,0,0,0,0,0,0,0,0,6.671244643016801,14.33961318200229,14.339725778218336,0.0,19073.447651438968,1746.9044361745125,0.0,19073.447651438968,1817.5967309706768,0.0,19073.447651438968,1885.5306834042024,0.0,0.6497044790581423,6.359215724466965,7.008920203525108,0.1057257782183374,0.8835491492197205,6.227314556875601,7.110863706095322,0.143907617661199,1.1133585009753697,0.1825380883059963,324.94254958880003,0.0,0.0620311431046389,3.628388930050312,0.0,4.352168898892511,0.0064578778049534,True,RedSG_Candidate,*|MIR|NIR|s?r,4250.0,0.0
327,16.563437,-72.591248,,,0,0,0,0,0,0,0,0,0,0,0,0,18.39108196105119,13.238536930114874,13.238715272444937,0.0,27107.686360798136,1726.7444511144065,0.0,27107.686360798136,1797.0341211861107,0.0,27107.686360798136,1864.5909679561469,0.0,0.8189598138526009,17.987472270446496,18.806432084299097,0.048,1.1313655265305265,17.812443005890632,18.94380853242116,0.0669999999999984,1.372757500936558,0.0817152724449332,1.3600618553682702,1.0,0.2148360320890774,3.864010939219333,0.0082229030676552,4.196914913606476,0.0064247820668606,False,Star,*|MIR|NIR,7311.575,138.4368786667772
328,16.571746,-72.462975,,,0,0,0,0,0,0,0,0,0,0,0,0,20.315107481746267,13.129539639366325,13.130115561098505,0.0,136818.6222285362,1752.952250022822,0.0,136818.6222285362,1823.7648751333663,0.0,136818.6222285362,1891.8115314257736,0.0,1.9790813090069503,19.40961869099305,21.3887,0.1050808927689495,2.6280482308229907,19.1136,21.741648230822992,0.1401265025573437,3.312040562278444,0.1764720177702354,205.5584450845915,0.0,0.2536874479197489,4.146128035678238,0.0,4.475759239497163,0.0063499808339287,False,BlueSG,*|Be?|Em*|EmO|MIR|NIR|s*b|s?b|SB*,14000.0,0.0
329,16.671322,-72.896004,RSG,medium,0,0,0,0,1,0,0,0,0,0,0,0,5.329941417862481,14.58301694037926,14.583092598767363,0.0,8407.277544978515,1686.4216311725518,0.0,8407.277544978515,1755.8988813282,0.0,8407.277544978515,1822.6948054308612,0.0,0.3941741615914882,5.141825838408511,5.536,0.080092598767365,0.5692099707809088,5.059725733155501,5.62893570393641,0.1153629604930532,0.672836675718961,0.1370000000000004,316.09514234848007,0.0,0.0393554101147321,3.6379897807846855,0.0121289214160734,4.020784948571816,0.0082413116583236,True,,,4345.0,121.34661099511597
330,16.791081,-73.498528,,,0,0,0,0,0,0,0,0,0,0,0,0,3.334580177032306,15.0925287653486,15.092161770609897,0.0,6705.912162021092,1682.3891361848905,0.0,6705.912162021092,1751.78460843581,0.0,6705.912162021092,1818.5039386797316,0.0,0.333288858871045,3.1694392191779164,3.502728078048962,0.1083999999999996,0.5115808793094874,3.076868977593125,3.588449856902612,0.166970591541542,0.5806119823070053,0.1896902996482055,561.3625499666146,1.0,0.015641621880099,3.63582290691173,0.0114356682765206,3.978020879776949,0.0074933513319565,True,,,4323.375,113.84137813203073
331,16.823183,-73.22393,,,0,0,0,0,0,0,0,0,0,0,0,0,7.53967178284556,14.202626168091202,14.206240149213574,0.0,1164127.2622134225,1761.0158726754898,0.0,1164127.2622134225,1831.9886132599545,0.0,1164127.2622134225,1900.1852372192673,0.0,6.9457841201941175,4.8812736202744365,11.827057740468554,0.9606685565340438,7.706048744029276,4.616532102667803,12.32258084669708,1.066051130211358,11.905002031096688,2.2460000000000004,32.97715842049325,0.0,0.4998662921996121,3.7007945461335536,0.0060046284440568,4.015585163108517,0.0078807462701759,True,ClassicalCep,*|cC*|Ce*|NIR|V*,5021.05,69.42188055649314
332,16.834747,-72.852707,RSG,medium,0,0,0,0,1,0,0,0,0,0,0,0,5.141967287641783,14.621887943757184,14.622282942279304,0.0,9911.06796266169,1707.591590908408,0.0,9911.06796266169,1777.496567404518,0.0,9911.06796266169,1844.6931045702272,0.0,0.4284455067236061,4.9355070602446895,5.363952566968296,0.090402239539717,0.6484648021848765,4.812916968971597,5.461381771156473,0.1372691134641996,0.7671567780994986,0.16241638665368,319.20767663038293,0.0,0.0363428962297996,3.6247202954866,0.0090190844651266,4.066860990533696,0.0076283987627145,True,RedSG_Candidate,*|MIR|NIR|s?r,4214.25,87.51821239033622
333,16.846935,-72.442535,,,0,0,0,0,0,0,0,0,0,0,0,0,17.48109696859266,13.293350262598295,13.293912362978803,0.0,21689.299418490355,1724.7284009471673,0.0,21689.299418490355,1794.9776785607512,0.0,21689.299418490355,1862.496693100846,0.0,0.7861298043094394,17.098,17.88412980430944,0.0489999999999977,1.1558678426854136,16.917625177844638,18.07349302053005,0.0716956533770734,1.388881659553899,0.0860000000000003,1.814097684876893,1.0,0.2115854686439735,3.918274165588253,0.0085796820037883,4.125445136190663,0.0087985345316003,False,Supergiant,*|NIR|sg*,8284.65,163.66697131675653
334,16.875432,-72.409515,,,0,0,0,0,0,0,0,0,0,0,0,0,3.9486595926391743,14.90883589997718,14.908876447670526,0.0,5939.005748666335,1699.5269702707694,0.0,5939.005748666335,1769.2693202476455,0.0,5939.005748666335,1836.3135394698893,0.0,0.4243744279195716,3.743860082632603,4.168234510552175,0.1165967092559903,0.5944095729886478,3.6582252270462736,4.2526348000349214,0.1636424625165133,0.7271492034798297,0.2000000000000028,6.83026894316726,1.0,0.1152730446808796,3.647602996032643,0.0103012632031964,4.069602734068495,0.0084949322814223,False,RedSG_Candidate,*|MIR|NIR|s?r,4442.25,105.3681047566103
335,16.897636,-72.276939,RSG,medium,0,0,0,0,1,0,0,0,0,0,0,0,4.760060822652366,14.706774191422037,14.706078152740838,0.0,6907.787972762004,1694.4865038556782,0.0,6907.787972762004,1764.1270147023326,0.0,6907.787972762004,1831.0758503058937,0.0,0.4161566071471663,4.5522689903217355,4.968425597468902,0.0953052180272351,0.6105223514180729,4.448454241210196,5.058976592628269,0.1398231308163442,0.7190207886476587,0.164921847259162,374.1972093768351,0.0,0.0398866164401655,3.642711770167333,0.012237260507793,4.052914789869548,0.0066409649313489,False,RedSG_Candidate,*|MIR|NIR|s?r,4392.5,123.76893794486564
336,16.956915,-72.214272,,,0,0,0,0,0,0,0,0,0,0,0,0,18.231593944517268,13.247970311618175,13.248,0.0,25881.07475902642,1732.7925450270736,0.0,25881.07475902642,1803.2032500886105,0.0,25881.07475902642,1870.8734602802017,0.0,0.8266665440556444,17.830733455944355,18.6574,0.0489999999999994,1.1913989855607952,17.653263960672028,18.844662946232823,0.0705548422374047,1.4167733894628365,0.0850000000000008,3.5950360099298018,1.0,0.2403913403233764,3.845177136448825,0.0025983595932891,4.202090823234451,0.0062389933602571,True,Supergiant,*|Em*|EmO|NIR|s?b|sg*,7001.275,41.888236713903346
337,16.976536,-72.683044,,,0,0,0,0,0,0,0,0,0,0,0,0,36.15966668851219,12.50443274332691,12.504513661345475,0.0,102935.585180372,1728.7604918390475,0.0,102935.585180372,1799.0905306102218,0.0,102935.585180372,1866.6851873727285,0.0,1.59636306460159,35.39606097958541,36.992424044187,0.0479509448887078,2.2109152991322603,35.14744337583511,37.35835867496737,0.0660041282092294,2.8130000000000024,0.0850000000000026,407.0497171371507,1.0,0.1455380211725068,3.980690649894472,0.029472900827356,4.504496347627203,0.0278304354107019,False,BlueSG,*|MIR|NIR|Pe*|s*b|s?b,9565.125,649.1263238962043
338,16.982439,-72.673393,RSG,medium,0,0,0,0,1,0,0,0,0,0,0,0,5.353,14.577739879272764,14.578590064164844,0.0,12057.408881167878,1721.7043079549046,0.0,12057.408881167878,1791.8929522419307,0.0,12057.408881167878,1859.3551766558933,0.0,0.4892099212027734,5.125040078797227,5.61425,0.0988575569099392,0.7137208128935741,5.0215328851129515,5.735253698006526,0.1445260644061434,0.8626612910365274,0.1750000000000007,1146.957258532898,0.0,0.0138183373296816,3.635930880088905,0.0114811713649087,4.146845810855004,0.0084680951586998,False,RedSG_Candidate,*|MIR|NIR|s?r,4324.45,114.32277769543563
339,17.022895,-72.14518,,,0,0,0,0,0,0,0,0,0,0,0,0,23.71569532425436,12.96262861821871,12.962160544159772,0.0,48273.362737175376,2175.107192665374,0.0,48273.362737175376,2253.8597629301453,0.0,48273.362737175376,2329.343399732214,0.0,0.9969135960825212,23.22001789847499,24.21693149455751,0.0451478220737442,1.43561595528665,23.00036925146379,24.43598520675044,0.065604047515416,1.7014500154311598,0.0781156588774099,265.47299742322895,1.0,0.0908104205170916,3.8947105707152394,0.0106148040163133,4.274468624913314,0.0070543880079242,True,Supergiant,*|MIR|NIR|sg*,7847.125,191.79542323788647
340,17.030683,-71.81395,RSG,medium,0,0,0,0,1,0,0,0,0,0,0,0,13.591612711919453,13.568244468127276,13.566828345147464,0.0,95317.15517036992,4105.640852269379,0.0,95317.15517036992,4213.420765168721,0.0,95317.15517036992,4316.095871028292,0.0,1.211909029445657,12.960885168457771,14.172794197903428,0.0969999999999995,1.7524220923610103,12.696132668564095,14.448554760925107,0.1406430563819256,2.087345544152557,0.1673478057320547,390.9644509458354,0.0,0.0487579162128353,3.628314838201267,0.0013739718622745,4.3317565439708225,0.007528001877779,False,RedSG_Candidate,*|MIR|NIR|s?r,4249.275,13.443376621965184
341,17.048329,-72.521729,,,0,0,0,0,0,0,0,0,0,0,0,0,8.763477335595002,13.993834687270615,14.043239808219214,0.0,1499025.3526349291,1762.0238151743044,0.0,1499025.3526349291,1833.0165441944407,0.0,1499025.3526349291,1901.2318897776931,0.0,8.489935889029976,6.197117038598696,14.687052927628672,0.9371533911072358,9.451505693628178,5.92035,15.371855693628175,1.035952502694336,10.016422795162196,1.1019999999999983,33.635120372068336,0.0,0.8521498293629645,3.6989700043360183,0.0004342944819032,4.0534814771170495,0.0072465738076553,True,ClassicalCep,*|cC*|Ce*|NIR|V*,5000.0,5.0
342,17.051814,-71.691063,hot_medium,low,0,0,0,0,1,0,0,0,0,0,0,0,26.383971515846035,12.846696783266172,12.846822829914228,0.0,85937.46001169356,2858.623547852327,0.0,85937.46001169356,2948.742518068232,0.0,85937.46001169356,3034.8732463258148,0.0,1.2997031641549128,25.754519120950597,27.05422228510551,0.0536431317287355,1.8718584144127457,25.43251724664226,27.304375661055005,0.0773541308486525,2.1732162894692237,0.0893568682712615,1.1584070974606848,0.0,0.376422399336155,3.81256243859456,0.002396971523982,4.425005185086869,0.007310174318738,False,Star,*|NIR|s?b,6494.75,35.84602488421833
343,17.061598,-72.624634,,,0,0,0,0,0,0,0,0,0,0,0,0,15.468416607558437,13.426101547227482,13.42618022984573,0.0,26290.00994070586,1729.768508665598,0.0,26290.00994070586,1800.1187228901035,0.0,26290.00994070586,1867.7322763220384,0.0,0.7443600989368022,15.1004899010632,15.84485,0.0524807398980335,1.0798765905566476,14.93619786767114,16.016074458227788,0.0759700000000016,1.263458788083259,0.0895192601019641,251.15503203360055,1.0,0.0639460451535519,3.8062919260992953,0.0082851576130247,4.217750248116061,0.0071070561876267,True,Star,*|NIR|s?b,6401.65,122.12607215496617
344,17.063286,-72.503166,,,0,0,0,0,0,0,0,0,0,0,0,0,7.60865175993567,14.160179944748696,14.196581123317564,0.0,544198.204009769,1762.0238151743044,0.0,544198.204009769,1833.0165441944407,0.0,544198.204009769,1901.2318897776931,0.0,3.9545012405710858,6.428331005699405,10.38283224627049,0.5204013190862433,4.476488379829885,6.266111620170115,10.7426,0.5850904616801884,5.747446416224563,0.7817817828606852,30.02759537029119,0.0,0.3588554512032311,3.7208143869589234,0.0036177997969323,4.043235253910335,0.0074933723270703,True,ClassicalCep,*|cC*|Ce*|NIR|V*|V*?,5257.925,43.8000499428939
345,17.121713,-72.45359,RSG,medium,0,0,0,0,1,0,0,0,0,0,0,0,9.130237183334714,13.99940422014864,13.998677058856464,0.0,14085.634120969764,1726.7444511144065,0.0,14085.634120969764,1797.0341211861107,0.0,14085.634120969764,1864.5909679561469,0.0,0.5684826353866406,8.842950422951823,9.411433058338464,0.0680000000000013,0.8204161739874483,8.724,9.544416173987448,0.097525886834374,1.012397188513262,0.1206770588564634,449.72084605929854,0.0,0.0629570507462955,3.628388930050312,0.0,4.171180204070135,0.0069022038901531,True,RedSG_Candidate,*|MIR|NIR|s?r,4250.0,0.0
346,17.226705,-73.999603,,,0,0,0,0,0,0,0,0,0,0,0,0,2.791849257298214,15.2852169499666,15.285222618453073,0.0,6431.21645101101,1669.2832554119234,0.0,6431.21645101101,1738.412264936694,0.0,6431.21645101101,1804.8820244507087,0.0,0.3346997080144591,2.625267861371773,2.959967569386232,0.1302421566202642,0.4788815948172815,2.556066394454204,3.0349479892714855,0.1857323873806464,0.5430475723243862,0.2117773815469288,108.55767314042993,1.0,0.0438731284059734,3.632930304128357,0.0097509361196236,3.953361620088343,0.0070058021255147,False,RedSG_Candidate,*|MIR|NIR|RB?|s?r,4294.675,96.4255898348566
347,17.22848,-72.414505,instability_strip,high,0,0,0,0,0,0,0,0,0,0,0,1,13.628,13.566932861259245,13.564276623078612,0.0,43075.3166899356,1640.0455392313972,0.0,43075.3166899356,1708.576305921514,0.0,43075.3166899356,1774.4857498483304,0.0,1.064193903875296,13.004674679795416,14.068868583670712,0.0855672111626688,1.5027923367260725,12.76878849926072,14.271580835986793,0.1210830939410279,1.8214710529345035,0.1457233769213886,2.20594551134918,0.0,0.3124883917589218,3.743979865241843,0.0090212029189934,4.11964557562267,0.0173632701370341,True,Star,*|NIR,5546.0,115.2019965104772
348,17.314073,-72.275597,RSG,medium,0,0,0,0,1,0,0,0,0,0,0,0,5.213850953039026,14.60779470382728,14.607,0.0,10126.8524941264,1713.6399554923753,0.0,10126.8524941264,1783.6666480173533,0.0,10126.8524941264,1850.977186036692,0.0,0.4715502766620885,4.978751445077448,5.450301721739536,0.098263075726793,0.6439067081543,4.8893534458380845,5.5332601539923845,0.1346950894317338,0.7936768889432608,0.1650000000000009,447.350367599309,0.0,0.0429359075049034,3.628388930050312,0.0,4.207430460937869,0.0076736448325293,True,RedSG_Candidate,*|MIR|NIR|s?r,4250.0,0.0
349,17.321614,-71.556213,,,0,0,0,0,0,0,0,0,0,0,0,0,5.013975362670321,14.650642934422931,14.649572166753089,0.0,49015.85691938262,2327.1672721856025,0.0,49015.85691938262,2408.5877442112724,0.0,49015.85691938262,2486.570382788624,0.0,0.5410021370456803,4.73701656542887,5.27801870247455,0.1174311729446717,0.8022444359824874,4.61943893117652,5.421683367159007,0.1740286350078559,0.9639302128996174,0.2089970566180969,1.490329800256737,1.0,0.1613817129144224,3.653212513775343,0.0,4.0080565732445,0.0081225335921275,True,RedSG_Candidate,*|MIR|NIR|s?r,4500.0,0.0
350,17.334506,-71.411934,,,0,0,0,0,0,0,0,0,0,0,0,0,4.523275245615615,14.76185418477285,14.76134128250319,0.0,29355.298202314076,1935.3574430624017,0.0,29355.298202314076,2009.706453591856,0.0,29355.298202314076,2081.065418021544,0.0,0.4859919332689584,4.283257418704823,4.769249351973781,0.1169460654344902,0.6960550065792566,4.1760445641600255,4.872099570739282,0.1674805619634032,0.8226525501834443,0.1973228486574143,1.8060862517595584,1.0,0.1412325614083434,3.628388930050312,0.0,4.09906552500141,0.0080133497183167,True,RedSG_Candidate,*|MIR|NIR|s?r,4250.0,0.0
351,17.354747,-72.260063,RSG,medium,0,0,1,0,0,0,0,0,0,0,0,0,4.966807394153946,14.659230451899417,14.6595254051414,0.0,17865.77494531979,1738.8405544042005,0.0,17865.77494531979,1809.372081754291,0.0,17865.77494531979,1877.155456283945,0.0,0.5850084415875454,4.683770001452336,5.268778443039881,0.1280610566650235,0.8253575757793108,4.580162424220688,5.405519999999999,0.1798800000000007,1.0799296137769565,0.2370000000000001,93.13979718081217,0.0,0.116966533633842,3.628414476033196,0.0008074071445398,4.219391243223924,0.0071697714259611,True,RedSG_Candidate,*|MIR|NIR|s?r,4250.25,7.901740314639554
352,17.629456,-73.466484,RSG,medium,0,0,0,0,1,0,0,0,0,0,0,0,3.5394436171079624,15.028270649877252,15.027551226149916,0.0,8143.629219486563,1684.4053885806295,0.0,8143.629219486563,1753.841762117579,0.0,8143.629219486563,1820.59940083456,0.0,0.3634111727184095,3.363677924814034,3.7270890975324433,0.1118792824556038,0.5426288779054231,3.277383990846347,3.8200128687517703,0.1666189936225546,0.6202687973125789,0.1905694913944842,625.3050477791179,0.0,0.0187395923188759,3.628388930050312,0.0,4.013389131153324,0.0071734363620953,False,,,4250.0,0.0
353,17.689535,-73.286728,RSG,medium,0,0,0,0,1,0,0,0,0,0,0,0,4.497762044646006,14.76748994613068,14.767124360023914,0.0,9976.846499703835,1676.340319996765,0.0,9976.846499703835,1745.61293993782,0.0,9976.846499703835,1812.2172058194667,0.0,0.3993490245600677,4.3006509754399325,4.7,0.096044685005987,0.6042383939883322,4.1965,4.800738393988333,0.1464106299880221,0.6896366820304571,0.1669999999999998,674.5573151825936,0.0,0.0145906339782073,3.628386375369375,0.0002554560712923,4.102121169817467,0.0073854023213299,True,RedSG_Candidate,*|MIR|NIR|s?r,4249.975,2.4998749968748437
354,17.793628,-73.086525,hot_dim,medium,0,0,0,0,1,0,0,0,0,0,0,0,11.921411046699696,13.710533875032278,13.70949778811551,0.0,32084.60417115908,1720.6962722180672,0.0,32084.60417115908,1790.8646934713383,0.0,32084.60417115908,1858.3079766818912,0.0,0.7083639110503164,11.547,12.255363911050315,0.0645022118844913,1.0255573637619442,11.40176,12.427317363761944,0.0941866036642196,1.2249999999999996,0.1110000000000006,253.80267869979104,0.0,0.0767645459482542,3.82828762268854,0.0045177520354589,4.049892524795258,0.0081583097751801,True,Star,*|MIR|NIR|s?b,6734.225,70.05283274072507
355,18.18153,-73.294205,hot_dim,medium,0,0,0,0,1,0,0,0,0,0,0,0,26.045727417050568,12.860974639392156,12.860827006785392,0.0,65602.89732267418,1723.7203723173586,0.0,65602.89732267418,1793.949444779268,0.0,65602.89732267418,1861.4495348530693,0.0,1.0923625623161757,25.51099035002841,26.603352912344587,0.0450279886639375,1.5645142407049413,25.247767497459648,26.81228173816459,0.0658434089070656,1.87149092948502,0.0771865910929339,221.06704657709227,0.0,0.0848264362193321,3.917815234324464,0.0280238624428201,4.291684856734914,0.0149386077821446,True,Supergiant,*|MIR|NIR|s?b|sg*|sg?,8275.9,534.0217130417077
356,18.234879,-73.533585,RSG,low,0,0,0,0,1,0,0,0,0,0,0,0,3.5089306399461826,15.0379294434405,15.037162847739577,0.0,8171.928238649255,1675.332175337651,0.0,8171.928238649255,1744.5842981854942,0.0,8171.928238649255,1811.169366355695,0.0,0.3468953729730448,3.3299889944605594,3.676884367433604,0.1076794976691548,0.5132211879860247,3.246288812013975,3.75951,0.1600000519314832,0.6228248915658101,0.1933205023308435,326.9200572217526,0.0,0.041291963108551,3.628909770986497,0.0036070654357686,4.011318195105181,0.0071974427595006,False,,,4255.1,35.341052615902655
357,18.263969,-73.205635,RSG,medium,0,0,0,0,1,0,0,0,0,0,0,0,5.106,14.629537639088404,14.63,0.0,15447.981763450578,1704.5673762344388,0.0,15447.981763450578,1774.411413239614,0.0,15447.981763450578,1841.550873719479,0.0,0.4558502950429162,4.89,5.345850295042916,0.096927585285238,0.6801779050637995,4.772032078779916,5.452209983843716,0.1445972405805413,0.8245835035590341,0.1756606204585349,709.3479577286801,0.0,0.0287121991837247,3.658013782883974,0.0113905468345264,4.179142603497862,0.0073635612420631,True,,,4550.025,119.33670589973563
358,18.325872,-73.363472,,,0,0,0,0,0,0,0,0,0,0,0,0,10.923071683565066,13.80249123979276,13.804111205461377,0.0,475317.3318755029,1762.0238151743044,0.0,475317.3318755029,1833.0165441944407,0.0,475317.3318755029,1901.2318897776931,0.0,3.3025535414106866,9.460931201376482,12.763484742787169,0.3248714794962488,3.8600278813918862,9.21526272993204,13.075290611323926,0.3802485917984999,4.643515160256435,0.4576062284055773,54.063647775206114,0.0,0.3176895928955896,3.717728737821343,0.0104990490801942,4.345327550739756,0.0100472857122488,True,ClassicalCep,*|cC*|MIR|NIR,5220.7,126.21018183965982
359,18.409569,-73.278755,hot_dim,medium,0,0,0,0,1,0,0,0,0,0,0,0,24.146092881214592,12.943001858389074,12.942839386235638,0.0,53459.51383728722,1726.7444511144065,0.0,53459.51383728722,1797.0341211861107,0.0,53459.51383728722,1864.5909679561469,0.0,0.9667558817196422,23.67,24.636755881719644,0.0440000000000022,1.3781300653755792,23.47018676233585,24.848316827711425,0.0619999999999993,1.6224256104769488,0.0732179924912905,254.54279616201816,0.0,0.0813649322361745,3.916663149133293,0.0194166614017861,4.1621719629711205,0.0146388402396603,True,Star,*|NIR|s?b,8253.975,369.0229659181119
360,18.6571,-71.876244,RSG,medium,0,0,0,0,1,0,0,0,0,0,0,0,5.049050601570464,14.64252858856005,14.642087507190356,0.0,22687.45225275982,2920.0011887147043,0.0,22687.45225275982,3011.070584694904,0.0,22687.45225275982,3098.091621564728,0.0,0.5731364963487842,4.765102826511467,5.338239322860251,0.1235800735921159,0.8299210998645865,4.640923713733283,5.47084481359787,0.1788200635252543,1.0025002452030591,0.2163813325100836,91.6310866024717,0.0,0.1116963157395367,3.648864767865966,0.0093484995959122,4.1439564603868995,0.0077312455470936,True,RedSG_Candidate,*|MIR|NIR|s?r,4455.175,95.90083094009144
361,18.69335,-73.35096,RSG,medium,0,1,0,0,0,0,0,0,0,0,0,0,8.312,14.10109276173153,14.100982767347125,0.0,27198.579369654537,1726.7444511144065,0.0,27198.579369654537,1797.0341211861107,0.0,27198.579369654537,1864.5909679561469,0.0,0.6918197251733353,7.968180274826665,8.66,0.090896335910191,0.9582858310694108,7.843830447485427,8.802116278554838,0.125086431436932,1.187844437715747,0.1550172326528756,816.9183784529239,0.0,0.0301635822809719,3.6430354547343433,0.0130205327726132,4.288381127117754,0.0140613121278842,True,RedSG_Candidate,*|MIR|NIR|Pe*|s?r,4395.775,131.7892232885527
362,18.752301,-73.799683,RSG,low,0,0,0,0,1,0,0,0,0,0,0,0,3.323504364768771,15.096549222365368,15.096136239918076,0.0,8041.952779832065,1674.324028207482,0.0,8041.952779832065,1743.555647744715,0.0,8041.952779832065,1810.121512384332,0.0,0.3614392022980168,3.1475630805043604,3.5090022828023772,0.1179455040327681,0.5257899611822943,3.0610558697062125,3.5868458308885067,0.1721053951606777,0.6042627212142566,0.198388006420128,1225.085693286279,0.0,0.0011691281996437,3.6283940393671026,0.0003612449999326,4.004290500604959,0.0062209544757631,False,,,4250.05,3.5351803348627073
363,18.756336,-73.666168,instability_strip,medium,0,0,0,0,1,0,0,0,0,0,0,0,6.561755478720831,14.35754917272214,14.357564922124824,0.0,14774.668944775947,1691.4621948768165,0.0,14774.668944775947,1761.0415289518412,0.0,14774.668944775947,1827.9330657847163,0.0,0.4293894017370565,6.345541379899107,6.774930781636163,0.0710000000000015,0.6121883307213851,6.258468733767281,6.870657064488666,0.101269730829312,0.7370041246282089,0.1219999999999998,270.52935573844013,0.0,0.0568239736602495,3.6989700043360183,0.0,4.056942685001085,0.0065306174170809,False,RedSG_Candidate,*|MIR|NIR|s?r,5000.0,0.0
364,18.861405,-73.337494,RSG,low,0,0,0,0,1,0,0,0,0,0,0,0,13.465715056192098,13.576789248775622,13.577000000000002,0.0,53981.69947010824,1718.6801936226675,0.0,53981.69947010824,1788.8081508893777,0.0,53981.69947010824,1856.2135349214168,0.0,1.1203320097550886,12.9176,14.037932009755089,0.0900000000000016,1.5880005034161258,12.673946562271995,14.261947065688124,0.1284218406783353,1.9133251150263015,0.1545094502433563,169.6851917288897,0.0,0.1161887167570672,3.639145194969605,0.0123650306459679,4.209388813795776,0.0080716360769048,True,,,4356.575,124.03837863742014
365,18.869048,-73.260292,hot_dim,medium,0,0,0,0,1,0,0,0,0,0,0,0,26.100289289609393,12.857757784053415,12.85837728251545,0.0,94682.24252728724,1733.800552448407,0.0,94682.24252728724,1804.2314092986587,0.0,94682.24252728724,1871.920494010162,0.0,1.3184691267817072,25.4796456258647,26.79811475264641,0.0549999999999997,1.9156956115648036,25.157460082439812,27.073155694004615,0.0799843200143577,2.3675664968239047,0.0980000000000025,285.2674430323953,0.0,0.1597493624714485,3.92334636117711,0.0540707170395702,4.336005653208532,0.0217079688444553,True,Supergiant,*|HV*|MIR|NIR|Pe*|s?b|sg*,8381.975,1043.5762307445489
366,19.104533,-73.146667,,,0,0,0,0,0,0,0,0,0,0,0,0,5.143465502053855,14.622329170425852,14.621746315316106,0.0,12303.264597903051,1699.5269702707694,0.0,12303.264597903051,1769.2693202476455,0.0,12303.264597903051,1836.3135394698893,0.0,0.4437804879450722,4.921301598382458,5.36508208632753,0.0939139826286048,0.6330868943962829,4.835844990917389,5.468931885313672,0.1331657748426167,0.7549999999999999,0.1590000000000007,51.56128029821242,1.0,0.0822420489920089,3.633061745365233,0.0097909566600403,4.175050184568161,0.0100804110982797,True,,,4295.975,96.850655005529
367,19.219859,-73.216873,RSG,low,0,0,0,0,1,0,0,0,0,0,0,0,6.347458472089699,14.39342662840044,14.3935870181922,0.0,12621.5139659646,1697.5107909740975,0.0,12621.5139659646,1767.2124235893375,0.0,12621.5139659646,1834.2185064831856,0.0,0.4297486860178603,6.1501,6.57984868601786,0.07318584181351,0.6146543250321708,6.048057900021766,6.662712225053936,0.1049853442344979,0.7551875795088083,0.1287996271559315,1005.9939961083528,0.0,0.037474513716979,3.628388930050312,0.0,4.065520626957905,0.0079097107202835,True,,,4250.0,0.0
368,19.275741,-73.647217,RSG,medium,0,0,0,0,1,0,0,0,0,0,0,0,4.508,14.76571675698137,14.765,0.0,11933.282735300549,1696.5026976932566,0.0,11933.282735300549,1766.183962487929,0.0,11933.282735300549,1833.1709686631627,0.0,0.4007128336194787,4.309552212423911,4.71026504604339,0.0961353937419406,0.6050178289370995,4.2088,4.8138178289371,0.1453812362451643,0.692208319026065,0.1672707874838845,1143.4831283804972,0.0,0.0145383763951798,3.6283378335761185,0.001141475921594,4.183787775665749,0.0073169706333772,False,,,4249.5,11.169153951844338
369,19.3377,-73.595901,,,0,0,0,0,0,0,0,0,0,0,0,0,13.889212890234305,13.54382975000433,13.54336481870173,0.0,28157.298964298378,1715.6560578936517,0.0,28157.298964298378,1785.7232743033878,0.0,28157.298964298378,1853.0717675640533,0.0,0.6035788393143644,13.580971160685635,14.18455,0.0473482498005672,0.8914606762375676,13.420148440986006,14.311609117223574,0.0699999999999985,1.0840895972199842,0.0850019998426958,353.94162785507876,1.0,0.072231371875339,3.796813614878096,0.0039110495195501,4.15456816188898,0.007358041246934,False,Star,*|NIR|s?b,6263.45,56.405651312612285
370,19.345612,-73.35466,RSG,medium,0,1,0,0,0,0,0,0,0,0,0,0,6.067054767617115,14.443564417536262,14.443,0.0,21407.826022934463,1707.591590908408,0.0,21407.826022934463,1777.496567404518,0.0,21407.826022934463,1844.6931045702272,0.0,0.5549596712528153,5.773241737912732,6.328201409165548,0.0994544396323036,0.7898880088385347,5.660161693613254,6.450049702451789,0.1420833475246787,0.9416441932978225,0.1685447304492893,98.53359915336743,0.0,0.113758642221923,3.628452792190255,0.001275551460325,4.297881395126105,0.0074074857438085,True,,,4250.625,12.48436522214886
371,19.363246,-72.677254,,,0,0,0,0,0,0,0,0,0,0,0,0,6.244263756766412,14.41120172104912,14.411014954004814,0.0,12882.44065623261,1706.583521754081,0.0,12882.44065623261,1776.4681911344137,0.0,12882.44065623261,1843.645708398749,0.0,0.4336722852608581,6.032327714739142,6.466,0.0759850459951874,0.6220379668037639,5.939311340738286,6.5613493075420495,0.1078978633256202,0.7260354362210597,0.1266073751522096,13.987513057441118,1.0,0.1133232514053226,3.6766936096248664,0.0,4.097444852878612,0.0077699142180512,True,RedSG_Candidate,*|MIR|NIR|s?r,4750.0,0.0
372,19.417553,-73.202896,hot_dim,medium,0,0,0,0,1,0,0,0,0,0,0,0,11.63471586319386,13.735894851375232,13.73572072695078,0.0,30814.57367120845,1733.800552448407,0.0,30814.57367120845,1804.2314092986587,0.0,30814.57367120845,1871.920494010162,0.0,0.6549673947764614,11.307941382453988,11.96290877723045,0.0608464086895548,0.9629225292878214,11.160104243916397,12.123026773204218,0.0900000000000016,1.158818425591564,0.1080000000000023,234.375228263215,0.0,0.0755141344622566,3.8503659053412886,0.007270860564033,4.018685701553184,0.0090039133909074,True,Supergiant,*|MIR|NIR|s?b|sg*,7085.425,118.62259217788154
373,19.435629,-73.481575,RSG,medium,0,0,0,0,1,0,0,0,0,0,0,0,5.266496339277824,14.596025807262611,14.596,0.0,10714.800489800904,1675.332175337651,0.0,10714.800489800904,1744.5842981854942,0.0,10714.800489800904,1811.169366355695,0.0,0.373203567259206,5.086697350321402,5.459900917580608,0.0770596219486368,0.5322373250116161,5.000712972826561,5.532950297838177,0.1097435475106518,0.623503332008446,0.1290000000000013,1225.1961324065064,0.0,0.0138223885010502,3.644391809198129,0.0118323545516485,4.154369914809229,0.0097496587701731,False,,,4409.525,120.13752276037658
374,19.470878,-73.62368,,,0,0,0,0,0,0,0,0,0,0,0,0,10.061134617578,13.825479281760009,13.893572370460085,0.0,1590458.1609130865,1756.98407974507,0.0,1590458.1609130865,1827.8768088790337,0.0,1590458.1609130865,1895.998492328558,0.0,8.449374472434364,8.125572548313663,16.574947020748027,0.7738729534944913,9.268729175484172,7.9466,17.21532917548417,0.838827629539912,9.86474537935878,0.8987459069889798,22.653357787995382,0.0,0.787081266523418,3.7964355588101744,0.0044631246620443,4.231722837611886,0.0106906367710993,False,ClassicalCep,*|cC*|Ce*|MIR|NIR|s?b|V*|V*?,6258.0,64.31174076325411
375,19.917681,-73.335297,,,0,0,0,0,0,0,0,0,0,0,0,0,6.614569448215474,14.34901020432483,14.348988268290253,0.0,15830.203307039275,1703.5592998648242,0.0,15830.203307039275,1773.383011599805,0.0,15830.203307039275,1840.5034351864565,0.0,0.4351813272966698,6.3970626315146415,6.832243958811311,0.0711870190493186,0.6290225865452124,6.296185169628433,6.925207756173646,0.1030520477978473,0.7535786015974573,0.1239999999999987,1325.2559025881635,0.0,0.0061458767470692,3.628925080385592,0.003658476189503,3.95567685853668,0.0076564499668424,True,,,4255.25,35.84602488421833
376,19.928189,-73.5327,RSG,low,0,0,0,0,1,0,0,0,0,0,0,0,3.2679980512819986,15.116081223301723,15.114708431386878,0.0,8498.500285382568,1674.324028207482,0.0,8498.500285382568,1743.555647744715,0.0,8498.500285382568,1810.121512384332,0.0,0.3411733025974008,3.086817386687184,3.427990689284585,0.1137626283341095,0.4716908482374271,3.015829151762573,3.48752,0.1574235853878072,0.5569361760179841,0.1854065708352763,29.31465407582088,0.0,0.0795242212378646,3.628388930050312,0.0,4.012479248514523,0.0066199431937034,False,RedSG_Candidate,*|MIR|NIR|s?r,4250.0,0.0
377,68.923506,-72.361092,hot_dim,medium,0,0,0,0,1,0,0,0,0,0,0,0,27.696,12.794070533463367,12.794,0.0,78856.24984665393,1385.882574862013,0.0,78856.24984665393,1448.9700260657703,0.0,78856.24984665393,1509.7814275310063,0.0,1.4201739261374442,26.999,28.419173926137443,0.0557807044292246,1.967223490694426,26.77428907948419,28.741512570178617,0.0770822718358328,2.4009920642475713,0.0937834951688625,395.2872461483366,0.0,0.1001371071144971,3.881873747256835,0.010450487407223,4.196261535514174,0.0062311538565025,False,Star,*|HV*|MIR|NIR,7618.575,183.32681030062133
378,69.807742,-71.735428,hot_dim,medium,0,0,0,0,1,0,0,0,0,0,0,0,18.63624010770458,13.22450520545788,13.22422697301984,0.0,71976.87279114728,4027.2342139488505,0.0,71976.87279114728,4133.990702938463,0.0,71976.87279114728,4235.707061515462,0.0,0.9178775869461298,18.1645403693158,19.082417956261928,0.053863781089241,1.336059189476302,17.962396339058646,19.298455528534948,0.0781906500615452,1.5670000000000002,0.0911321806157516,465.5350669275924,0.0,0.0268757941522664,3.8136510304168887,0.003912349032673,4.092860716864579,0.008252882765709,False,Star,*|MIR|NIR,6511.05,58.65490175594875
379,70.332642,-70.115997,,,0,0,0,0,0,0,0,0,0,0,0,0,3.8121887521449263,14.94708610917264,14.947,0.0,12567.81811987612,2613.070556190792,0.0,12567.81811987612,2699.2810565560167,0.0,12567.81811987612,2781.7505803695676,0.0,0.4255892818307938,3.599,4.024589281830794,0.1220182144316446,0.6164260366549508,3.5055007594203103,4.121926796075261,0.1752520415049137,0.7083357287165475,0.2029999999999994,1366.065321091132,0.0,0.002567537897451,3.628388930050312,0.0,3.9650648691652415,0.0071852190702192,False,,,4250.0,0.0
380,70.510723,-70.524918,RSG,medium,0,1,0,0,0,0,0,0,0,0,0,0,27.994684314571355,12.782635169695466,12.782169895363667,0.0,210189.7348926569,2674.465457560375,0.0,210189.7348926569,2761.6698181140073,0.0,210189.7348926569,2845.0703196231943,0.0,2.0976814961234105,26.930338449440903,29.028019945564314,0.0810797924953519,3.075037706774122,26.472127272335527,29.54716497910965,0.1190199706383321,3.692622193745681,0.1438173315964288,341.6936853553001,0.0,0.1347909186565725,3.65321010102152,0.0004178954166395,4.095017822616781,0.0076448963680972,True,,,4499.975,4.330054849537128
381,70.779561,-70.458649,hot_dim,medium,0,0,0,0,1,0,0,0,0,0,0,0,19.72603482474824,13.162765682061467,13.162653674011516,0.0,103157.86023667268,2680.5040527387614,0.0,103157.86023667268,2767.805547027382,0.0,103157.86023667268,2851.297036788175,0.0,1.1977108956597924,19.132875437030197,20.33058633268999,0.0657835912486106,1.8469802598268252,18.84000652503216,20.686986784858984,0.1012022953193199,2.1783944198710437,0.1202290647873027,393.1028283984607,0.0,0.0707593161743407,3.904666866954974,0.0051109208612144,4.02951590276652,0.007812068239637,False,Star,*|MIR|NIR,8029.1,94.48909990046472
382,70.956826,-69.304626,,,0,0,0,0,0,0,0,0,0,0,0,0,13.355,13.584193501198431,13.586,0.0,34647.12582344804,1240.5557511121133,0.0,34647.12582344804,1300.304177756021,0.0,34647.12582344804,1357.9885360823612,0.0,0.8047953761344271,13.024404623865571,13.8292,0.0649999999999995,1.1524490620040382,12.84605005267306,13.9984991146771,0.0936929093235026,1.4297957971528137,0.1159999999999996,325.2000015776476,0.0,0.1024390477283552,3.8919261417133706,0.0056734056532594,3.8558836685012543,0.0062614903075383,False,Star,*|MIR|NIR,7796.975,101.8557773275527
383,71.327625,-69.27739,,,0,0,0,0,0,0,0,0,0,0,0,0,12.078241736447383,13.682823439021137,13.69556807685239,0.0,384605.55081864336,1270.8383884796883,0.0,384605.55081864336,1331.298083214285,0.0,384605.55081864336,1389.6485406717318,0.0,3.747196261962962,10.601264409990986,14.348460671953948,0.3288272307409574,4.3118396646025285,10.399284922062316,14.711124586664845,0.3765372769259034,7.485082680711318,0.7435680768523873,21.071012417749795,0.0,0.5013166939483343,3.7745260894663657,0.0072920619345649,3.920937314708432,0.0079710772258639,False,ClassicalCep,*|cC*|Ce*|NIR|V*,5950.125,99.90612781506448
384,71.40502,-70.251076,,,0,0,0,0,0,0,0,0,0,0,0,0,7.459,14.150079583460606,14.218,0.0,1022576.5271189312,1189.0671526945005,0.0,1022576.5271189312,1247.5860080633754,0.0,1022576.5271189312,1304.11889724358,0.0,10.638242013005652,4.90394254394194,15.542184556947593,1.2524161970512484,12.461801307334529,4.588179846289171,17.0499811536237,1.4251467000768887,13.956141665878349,1.770474848717848,28.404826977396652,0.0,2.5136505125846864,3.753316809160845,0.0117398050806909,4.016654987148372,0.021916362826981,True,ClassicalCep,*|cC*|Ce*|NIR|V*|V*?,5666.525,153.17693813038568
385,71.533928,-68.915482,,,0,0,0,0,0,0,0,0,0,0,0,0,3.7680397438205304,14.961240546610767,14.960000000000004,0.0,9741.935694726197,1231.470282379101,0.0,9741.935694726197,1291.0036240695777,0.0,9741.935694726197,1348.4865578870072,0.0,0.4543500588044691,3.5322871995871687,3.986637258391638,0.1315499999999989,0.6396256324760685,3.4453414920333945,4.084967124509463,0.1845500000000015,0.7879999999999998,0.2269999999999985,736.9441446098195,0.0,0.0235980703304146,3.6375597713612073,0.0120264118220784,3.9693457212222465,0.0071683051077301,False,Star,*|NIR,4340.7,120.2019550589756
386,71.888462,-69.242455,hot_dim,medium,0,1,0,0,0,0,0,0,0,0,0,0,34.325,12.560122818668274,12.561,0.0,99649.38414773696,1251.6597849501518,0.0,99649.38414773696,1311.6700165684597,0.0,99649.38414773696,1369.59955310342,0.0,1.7339007485966178,33.545088148594246,35.278988897190864,0.0550000000000014,2.4580286935235236,33.17070993166058,35.628738625184106,0.0770000000000017,3.0149386538463148,0.0961040322174948,402.4868845123177,0.0,0.2162202387309671,3.912429320222425,0.0222049712212801,4.264632759271761,0.0082841030577799,False,Star,*|MIR|NIR,8173.9,417.92199032833867
387,71.975142,-69.179344,hot_dim,low,0,0,0,0,1,0,0,0,0,0,0,0,37.7583343471565,12.456905600800797,12.45768851058937,0.0,143485.4568399866,1256.706919026041,0.0,143485.4568399866,1316.8357653873793,0.0,143485.4568399866,1374.8763839964822,0.0,2.165719758796584,36.8204135630146,38.98613332181118,0.0619999999999993,2.858706847926129,36.52553315207387,39.384240000000005,0.0816885105893714,3.5047834685787933,0.100688510589368,908.5858861705748,0.0,0.1925271421855892,3.930164250434478,0.0327823996638787,4.266258627332317,0.0185150019921417,False,Star,*|MIR|NIR,8514.6,642.7183208840402
388,72.030049,-69.468002,,,0,0,0,0,0,0,0,0,0,0,0,0,17.054730126683857,13.319511771109296,13.320067815963112,0.0,25227.496241605084,1233.4893028658928,0.0,25227.496241605084,1293.0705102339912,0.0,25227.496241605084,1350.5982696294325,0.0,0.7266660967374996,16.716621013334063,17.443287110071562,0.0460305171834019,1.0720248095137137,16.55966341833029,17.631688227844005,0.0688296437928297,1.3421484369122574,0.0860678159631138,902.280824101402,0.0,0.0149532661169039,3.9137436710806814,0.0198790286522532,3.9441803331148537,0.0097539872289842,False,ChemPec*,*|MIR|NIR|Pe*,8198.675,375.27922188018886
389,72.255617,-68.976868,,,0,0,0,0,0,0,0,0,0,0,0,0,10.906397171663563,13.806069032252733,13.80585046340816,0.0,10081.834977724771,1221.3749429314807,0.0,10081.834977724771,1280.6683599535725,0.0,10081.834977724771,1337.9266080078105,0.0,0.4949630973026817,10.659056132300028,11.154019229602708,0.0490425231704083,0.7023877279438651,10.554624340934552,11.257012068878415,0.0700085046340799,0.8265272661067851,0.0828504634081603,382.75141094239456,0.0,0.0633425977594599,3.7669999375100782,0.0119525387690864,3.924154483655199,0.0077814836610905,False,,,5847.9,160.94436927087568
390,72.268664,-68.907272,,,0,0,0,0,0,0,0,0,0,0,0,0,15.93367065052052,13.393376947983912,13.394000000000002,0.0,22959.01833650062,1238.5367854388478,0.0,22959.01833650062,1298.2374843056466,0.0,22959.01833650062,1355.877146073219,0.0,0.7434492090329083,15.594593465009906,16.338042674042814,0.0506496822650355,1.1206384981395363,15.397072890633156,16.517711388772693,0.0758960508375938,1.3395520206654703,0.091000000000001,333.6933126783496,0.0,0.1585001302176239,3.874380335170227,0.0190342555213911,3.9801846455653154,0.0060564410706111,False,Star,*|MIR|NIR,7488.25,328.1949687304789
391,72.30168,-69.456535,,,0,0,0,0,0,0,0,0,0,0,0,0,,,,,,,,,,,,,,,,,,,,,,,,,,,4.013647081897578,0.0669813496395977,5.140207033117717,0.0479344434455679,False,,,10319.225,1591.5367257386806
392,72.306186,-69.787003,RSG,medium,0,1,0,0,0,0,0,0,0,0,0,0,9.3848626439275,13.969821614192549,13.968866888285952,0.0,21449.59439254397,1246.61255483995,0.0,21449.59439254397,1306.5039301097129,0.0,21449.59439254397,1364.3221585212534,0.0,0.7149412459792277,9.004009541477066,9.718950787456292,0.0830798670284274,1.0603974757749466,8.84724,9.907637475774946,0.1231331117140452,1.2936121573654908,0.150133111714048,596.8634713328977,0.0,0.0809241669288655,3.6284808885570983,0.0015297185784522,4.181097537028158,0.0089192342704751,False,Star,*|NIR,4250.9,14.972975656161337
393,72.329389,-69.431839,,,0,0,0,0,0,0,0,0,0,0,0,0,87.43977860126185,11.547039461739727,11.546,0.0,577344.0052790225,1264.7821352501387,0.0,577344.0052790225,1325.100266317982,0.0,577344.0052790225,1383.31814948174,0.0,6.956675056104231,83.79902494389577,90.7557,0.0873850088075798,9.94035953027371,82.30141000428412,92.24176953455785,0.1240915539897642,12.689959763872892,0.1584277875639799,392.7285977026556,0.0,1.179095509941808,4.060980983566012,0.0612108141561576,4.769945835391747,0.0552143300056192,False,Star,*|MIR|NIR,11507.5,1621.9028176805168
394,72.47404,-69.754547,,,0,0,0,0,0,0,0,0,0,0,0,0,38.47853256264377,12.39478157853348,12.437052919871467,0.0,1436669.4851257757,1195.1251820124878,0.0,1436669.4851257757,1253.7900693415477,0.0,1436669.4851257757,1310.4597133016389,0.0,14.16183279374733,35.56795,49.72978279374733,0.3633312041670944,16.553288362897433,35.27257,51.825858362897435,0.4175886862817481,17.534,0.4450000000000003,27.09806187231363,0.0,2.5252402175492277,3.7599849526858464,0.0056264391202427,4.073179550635474,0.0090469265083485,False,ClassicalCep,*|cC*|Ce*|NIR|V*,5754.2,74.54770284857878
395,72.485769,-69.755859,instability_strip,high,1,0,0,0,0,0,0,0,0,0,0,0,41.408,12.337536712132833,12.357,0.0,794932.988483694,1234.4988072158003,0.0,794932.988483694,1294.103932595816,0.0,794932.988483694,1351.654090908318,0.0,8.346017716305582,39.33642219834374,47.68243991464932,0.2090400420233429,9.917862249922656,38.77738324004787,48.695245489970524,0.2477599999999977,11.060000000000002,0.2779999999999987,27.106042433807,0.0,1.3835310690476976,3.6708300871150175,0.0100955589206763,4.413686825436931,0.0075470696725232,False,Star,*|NIR,4686.3,108.93718373448066
396,72.513294,-68.259689,,,0,0,0,0,0,0,0,0,0,0,0,0,9.773,13.82525737294805,13.925,0.0,1004031.7808096574,1211.2792048241554,0.0,1004031.7808096574,1270.3316942301424,0.0,1004031.7808096574,1327.3643181826617,0.0,9.80495,7.887449999999999,17.6924,0.8774493267111847,11.102839502765296,7.69967,18.802509502765297,0.9691210740617696,14.425136907925548,1.541000000000002,22.2694867246587,0.0,1.671015012691505,3.7377311996882847,0.0089799412758024,3.885766164575488,0.0096607248851917,False,ClassicalCep,*|cC*|Ce*|MIR|NIR|V*,5466.775,113.03693809989724
397,72.569551,-69.969131,,,0,0,0,0,0,0,0,0,0,0,0,0,21.12077226560909,13.087494993858542,13.088,0.0,26896.063109888,1234.4988072158003,0.0,26896.063109888,1294.103932595816,0.0,26896.063109888,1351.654090908318,0.0,0.906108390235186,20.722430123715444,21.62853851395063,0.0464000000000002,1.300141770928711,20.513257305495053,21.813399076423764,0.0673020534233401,1.546335399013646,0.078999999999997,323.9589681429342,0.0,0.1474573411719783,3.845386439855033,0.0021619357462401,3.92831807087247,0.0069712102484585,False,Star,*|MIR|NIR,7004.65,34.86943503987411
398,72.572915,-69.397163,hot_dim,medium,0,0,0,0,1,0,0,0,0,0,0,0,26.655210669952417,12.83539621663018,12.835432369228592,0.0,99641.55026381405,1255.697499865518,0.0,99641.55026381405,1315.802642536041,0.0,99641.55026381405,1373.821062748217,0.0,1.87499000116145,25.741545255324677,27.616535256486127,0.076151329230008,2.645978798841501,25.32699238632334,27.97297118516484,0.1074826818454326,3.4459329283512794,0.141,346.74216541645103,0.0,0.3296980573214582,3.969637197040949,0.0472486144735196,4.160748792145423,0.0322033320587074,False,Star,*|MIR|NIR,9324.75,1014.4764351624932
399,72.593866,-69.332047,hot_dim,medium,0,0,0,0,1,0,0,0,0,0,0,0,31.36315458406665,12.658117381136645,12.659000000000002,0.0,75676.17676956876,1246.61255483995,0.0,75676.17676956876,1306.5039301097129,0.0,75676.17676956876,1364.3221585212534,0.0,1.5668469595072416,30.61275304049276,32.1796,0.0545006669444809,2.290168251600967,30.26223174839903,32.5524,0.079235633597257,2.8782200233045394,0.0996258336805997,344.8181820305801,0.0,0.3426857282163733,3.989302951464522,0.0485352465081754,4.200529437909651,0.0382373908387796,False,Star,*|MIR|NIR,9756.7,1090.374985956666
400,72.654389,-69.99234,,,0,0,0,0,0,0,0,0,0,0,0,0,56.92569395637844,12.011945753295016,12.011860180025014,0.0,105294.50194500368,1251.6597849501518,0.0,105294.50194500368,1311.6700165684597,0.0,105294.50194500368,1369.59955310342,0.0,2.29602267272584,55.80004221627548,58.09606488900132,0.0440000000000022,3.415359286290943,55.21241707899829,58.62777636528923,0.0649085443644814,4.020494417225933,0.076720360050027,327.4680589778476,1.0,0.3525046027537321,3.9295772865907,0.007189659733209,3.965867883416578,0.0122913144397134,False,Star,*|NIR,8503.1,140.767148156095
401,72.662716,-69.983589,,,0,0,0,0,0,0,0,0,0,0,0,0,173.826,10.797143074581433,10.8,0.0,247962.4825461379,672.4103099171411,0.0,247962.4825461379,716.6943099407163,0.0,247962.4825461379,759.8988634870607,0.0,6.554399999999987,171.4122,177.9666,0.0410000000000003,8.883160000000004,170.10407999999998,178.98724,0.055439999999999,11.633999999999986,0.0730000000000021,318.01076442714793,1.0,1.6834794729376583,3.69831807354274,0.0037980105441436,4.175295139750686,0.01462158351942,False,Star,*|NIR,4992.5,43.660622991432454
402,72.667214,-69.712425,,,0,0,0,0,0,0,0,0,0,0,0,0,18.715019714246164,13.219453206544566,13.219599968574215,0.0,22567.807981719496,1231.470282379101,0.0,22567.807981719496,1291.0036240695777,0.0,22567.807981719496,1348.4865578870072,0.0,0.7803442284300992,18.3284401854409,19.108784413871,0.0455500000000004,1.188639536772058,18.13018046322794,19.31882,0.0694559714025331,1.352999999999998,0.0779999999999994,1284.7551514691136,0.0,0.0911638191277379,3.903209401555717,0.0138121852557519,3.965724525983743,0.0063879189158053,False,Star,*|MIR|NIR,8002.2,254.49982318264975
403,72.732719,-69.431274,hot_bright,high,0,1,0,0,0,0,0,0,0,0,0,0,173.62650000000002,10.805025449101796,10.801,0.0,1005555.5265018728,683.5518321571049,0.0,1005555.5265018728,728.1919358564525,0.0,1005555.5265018728,771.729845288967,0.0,21.849899999999963,161.45600000000002,183.3059,0.1379999999999999,26.479600000000033,159.57902,186.05862,0.1669900000000002,33.024,0.2069999999999989,210.4620826934043,0.0,6.140445266111879,3.842563998245669,0.0168115217358107,5.004093462964242,0.0069601717168767,False,YellowSG,*|Em*|MIR|NIR|s*y,6959.275,269.39325228186397
404,72.782142,-70.277702,hot_dim,medium,0,0,0,0,1,0,0,0,0,0,0,0,44.04,12.289368055555558,12.29,0.0,55712.40522654801,590.3293290442592,0.0,55712.40522654801,631.8933765526929,0.0,55712.40522654801,672.5518945880037,0.0,1.8627500000000057,43.24175,45.1045,0.0452500000000011,2.2929999999999993,42.983,45.276,0.0562500000000003,2.989999999999995,0.0730000000000004,338.5030716007962,0.0,0.2702452589778405,3.89879509079385,0.0066351474650582,4.341248102711135,0.0060204910170945,False,ChemPec*,*|MIR|NIR|Pe*,7921.275,121.02117325079938
405,72.806542,-69.194733,hot_dim,low,0,0,0,0,0,0,0,1,0,0,0,0,28.008448025691735,12.782681743251844,12.782,0.0,72814.66516410194,1236.5178041529502,0.0,72814.66516410194,1296.1707359641634,0.0,72814.66516410194,1353.7656644240546,0.0,1.6883325565535117,27.148867443446488,28.8372,0.0650964761701775,2.429229026452166,26.761409954997937,29.1906389814501,0.0942765650211772,3.0397450615926047,0.1183215872339271,143.84905021124607,0.0,0.4564532524523935,3.954688638435354,0.0504469993855894,4.175055932784059,0.0231872059901351,False,Star,*|MIR|NIR,9009.25,1046.5010451499795
406,72.810664,-68.962128,,,0,0,0,0,0,0,0,0,0,0,0,0,15.51,13.422489817172623,13.4239054667232,0.0,24615.64224319556,1246.61255483995,0.0,24615.64224319556,1306.5039301097129,0.0,24615.64224319556,1364.3221585212534,0.0,0.795911319343249,15.1592,15.95511131934325,0.0550945332768009,1.1579200000000007,14.9706,16.12852,0.0807599999999997,1.3791200725033192,0.096,335.3765933962466,0.0,0.1154497250213601,3.920880853623266,0.0300598276902775,3.9170689400941097,0.0159594266446431,False,Star,*|MIR|NIR,8334.525,576.8767410591278
407,72.937831,-69.504936,hot_dim,low,0,0,0,0,0,0,0,1,0,0,0,0,42.1905,12.33744089984376,12.337,0.0,104085.43569576758,1233.4893028658928,0.0,104085.43569576758,1293.0705102339912,0.0,104085.43569576758,1350.5982696294325,0.0,2.122999742384934,41.09290025761507,43.215900000000005,0.0544792660825148,3.087758129626714,40.53503187037329,43.62279,0.0798367889408844,3.708494619242586,0.0949999999999988,1161.4636297914765,0.0,0.4076516402087821,3.898649776696187,0.0206240338115211,4.331189094057293,0.0073820829376638,False,Star,*|MIR|NIR,7918.625,376.04435825444847
408,72.937915,-69.77256,,,0,0,0,0,0,0,0,0,0,0,0,0,30.264002466479475,12.697639733140823,12.69790978626553,0.0,101619.93503602225,1264.7821352501387,0.0,101619.93503602225,1325.100266317982,0.0,101619.93503602225,1383.31814948174,0.0,1.957771636554007,29.3184266870889,31.276198323642905,0.0700902137344723,2.801212549937148,28.871223190081928,31.672435740019075,0.1001978897684772,3.3677176387958667,0.1210000000000022,313.48259495333616,0.0,0.3280899513329616,4.0587571236805875,0.0356558658138416,4.331307832916707,0.0489007650335953,False,Star,*|MIR|NIR,11448.725,939.9479370555584
409,72.941734,-68.886284,,,0,0,0,0,0,0,0,0,0,0,0,0,15.94130941951186,13.3937406520223,13.393319420684076,0.0,19503.614646541224,1235.5083076432018,0.0,19503.614646541224,1295.1373411668544,0.0,19503.614646541224,1352.7098891637038,0.0,0.7315347527735998,15.576066888694184,16.307601641467784,0.0500000000000024,1.0752836829378332,15.418593223840208,16.49387690677804,0.0737815246889272,1.25962936589646,0.0859999999999985,292.87933099369235,1.0,0.1522321406201059,3.824527712150142,0.0177055885277092,4.049842427018559,0.0066565760614952,False,Star,*|MIR|NIR,6676.175,272.1784697124297
410,72.976371,-69.024078,hot_dim,medium,0,0,0,0,1,0,0,0,0,0,0,0,28.42505390826676,12.765690541666686,12.766000000000002,0.0,66496.29390454448,1248.6314584457352,0.0,66496.29390454448,1308.5704053421143,0.0,66496.29390454448,1366.433184217304,0.0,1.5000999999999998,27.686,29.1861,0.0573727924121065,2.192222814132311,27.339932099081604,29.532154913213915,0.0837399999999988,2.6363100608960828,0.1005325605887215,789.7181116499733,0.0,0.3338197550162955,3.8913757518335994,0.0174867787459116,4.183604649885903,0.0070111788619379,False,Star,*|MIR|NIR,7787.1,313.5459934363697
411,73.033181,-66.818192,instability_strip,medium,0,0,0,0,1,0,0,0,0,0,0,0,19.76578999443807,13.160091960233098,13.160325380972251,0.0,60922.07579144229,3363.620279564753,0.0,60922.07579144229,3461.281292258835,0.0,60922.07579144229,3554.477107656206,0.0,0.8637063446013578,19.34676587426257,20.210472218863927,0.0478129284550732,1.220874455356416,19.169563821984177,20.390438277340593,0.0670000000000001,1.4770343293634696,0.0818245491088447,369.3799585632279,0.0,0.0618839589075094,3.709693869727792,0.0203685643131115,4.153678761555018,0.009101187568613,True,Star,*|MIR|NIR,5125.0,240.36430683443828
412,73.039665,-70.505318,hot_dim,high,0,0,0,0,0,0,0,1,0,0,0,0,34.411500000000004,12.55886658198092,12.558081609401126,0.0,109037.67589188815,1241.5652281060345,0.0,109037.67589188815,1301.337503939314,0.0,109037.67589188815,1359.044196792467,0.0,2.2845532232346883,33.19283893342884,35.47739215666353,0.0720999999999989,3.199398063059867,32.79266123957802,35.992059302637884,0.1016355057862146,3.7783274647844607,0.1190000000000015,387.41556409429455,0.0,0.3837808688770625,3.916427626874599,0.0096355712566766,4.240484771039616,0.0071693913382103,False,Star,*|MIR|NIR,8249.5,183.02936922800123
413,73.073257,-66.912819,,,0,0,0,0,0,0,0,0,0,0,0,0,18.01805714741672,13.26085589954181,13.260864668099128,0.0,45077.99712367536,3364.6260142052456,0.0,45077.99712367536,3462.3014596572852,0.0,45077.99712367536,3555.510795296964,0.0,0.8065601821106867,17.61793016065506,18.424490342765747,0.0488133598700954,1.1351869379418638,17.465682100490245,18.60086903843211,0.0684745014641983,1.3661967160402746,0.0826500020057476,365.40574959438175,0.0,0.0310878126632949,3.8853173925306113,0.0187343577370686,3.9338748000997046,0.0063546826854964,False,Star,*|MIR|NIR,7679.225,331.26220637887445
414,73.080188,-69.078506,hot_bright,high,0,0,0,1,0,0,0,0,0,0,0,0,74.88550000000001,11.71416869388892,11.714123732102024,0.0,388173.6677768015,1255.697499865518,0.0,388173.6677768015,1315.802642536041,0.0,388173.6677768015,1373.821062748217,0.0,4.45849928791678,72.63620071208322,77.0947,0.0644304258663126,6.104403849598668,71.75768060810357,77.86208445770224,0.0880829005083558,7.754357884238772,0.1119999999999983,1165.776976272012,0.0,0.7104295996962249,3.867987210516306,0.0250486166146562,4.658260786236157,0.0076713600415825,False,Star,*|MIR|NIR,7378.825,425.5853256105055
415,73.222376,-67.095154,hot_dim,medium,0,0,0,0,1,0,0,0,0,0,0,0,32.90640016401609,12.60710139162274,12.607,0.0,140670.11563957197,3379.7119305943615,0.0,140670.11563957197,3477.60360766766,0.0,140670.11563957197,3571.0155037029426,0.0,1.4683757135207287,32.14836035026437,33.6167360637851,0.0488445852843995,2.1615244743669138,31.825972211575404,33.98749668594232,0.0716740596582212,2.54697105134208,0.0841251756574159,374.85792773463993,0.0,0.0815321097465342,3.901906280016003,0.016137202275528,4.228076633651247,0.0067649320111707,False,Star,*|MIR|NIR,7978.225,296.44915141555055
416,73.245894,-69.880737,,,0,0,0,0,0,0,0,0,0,0,0,0,7.497364325146213,14.211786790742906,14.213,0.0,15290.291893613185,1231.470282379101,0.0,15290.291893613185,1291.0036240695777,0.0,15290.291893613185,1348.4865578870072,0.0,0.658713085550418,7.205474748066976,7.864187833617394,0.0949984012595681,0.8877696054494395,7.080916118119669,7.968685723569108,0.1289084012595651,1.0756596464703607,0.1559984012595681,457.9758196033628,0.0,0.1301440546743295,3.683269984913083,0.0102149959565898,3.9883912218765474,0.0078284934443961,False,Star,*|NIR,4822.475,113.42893975965744
417,73.291444,-66.960022,,,0,0,0,0,0,0,0,0,0,0,0,0,21.559059340445614,13.065856132159448,13.066000000000004,0.0,121511.13378713193,3415.917346418913,0.0,121511.13378713193,3514.3260076853703,0.0,121511.13378713193,3608.2222022846577,0.0,1.3726709239440211,20.882980130351942,22.255651054295967,0.0695259170320845,1.947776935893554,20.596363715860388,22.544140651753946,0.0985480319674607,2.450128615761404,0.1231665102124779,60.18303553172888,0.0,0.209290337518774,3.9131208118583096,0.047415164827359,3.974006793020448,0.029154519035056,False,,,8186.925,893.8276088681755
418,73.297462,-68.648354,,,0,0,0,0,0,0,0,0,0,0,0,0,33.812,12.576768695652175,12.577,0.0,19676.84222363485,589.3155225194611,0.0,19676.84222363485,630.8448308478015,0.0,19676.84222363485,671.470833025793,0.0,1.1366000000000014,33.2948,34.431400000000004,0.0363000000000006,1.6002399999999923,33.117380000000004,34.71762,0.0515199999999982,1.814,0.0580000000000016,319.2751867222022,0.0,0.2355065462642871,4.146128035678238,0.0,4.413067670228865,0.0142624001681443,False,,,14000.0,0.0
419,73.355576,-68.916763,instability_strip,medium,0,0,0,0,1,0,0,0,0,0,0,0,9.332,13.977726490547068,13.975,0.0,26567.89520245963,1243.584170432419,0.0,26567.89520245963,1303.40411530635,0.0,26567.89520245963,1361.1554497643274,0.0,0.9664340507207996,8.827573240004465,9.794007290725265,0.1129559774420663,1.3650177552430112,8.649563386385758,10.014581141628767,0.1586744435846334,1.6153238944138977,0.189,325.8194814352469,0.0,0.1648519360082265,3.69553639764971,0.0083714523301676,4.250583111638768,0.0065790983955429,False,Star,*|MIR|NIR,4960.625,95.62091494542396
420,73.394164,-67.078598,hot_bright,high,0,0,0,1,0,0,0,0,0,0,0,0,53.64269905100359,12.076212930447682,12.076122134402766,0.0,519282.2542495031,3411.8945766805473,0.0,519282.2542495031,3510.245931759091,0.0,519282.2542495031,3604.0884432319986,0.0,3.1508635708954955,52.12426514037586,55.27512871127136,0.0634247821602116,4.44309010376692,51.4800976522087,55.92318775597562,0.0900016209804999,5.609997803618171,0.1140086893874983,1110.2459433387005,0.0,0.0498381890266524,3.955149960019076,0.0507288049492496,4.475628718110285,0.043207372294952,False,Supergiant,*|MIR|NIR|sg*,9018.825,1053.4654096718127
421,73.404957,-69.718651,hot_dim,medium,0,0,0,0,1,0,0,0,0,0,0,0,31.81787965512896,12.64266912016044,12.643000000000002,0.0,57632.33667036811,1220.365387142821,0.0,57632.33667036811,1279.6347567431576,0.0,57632.33667036811,1336.8704848061343,0.0,1.612501387763917,31.07286835862267,32.68536974638659,0.0550144951417834,2.213833920118077,30.78329317457746,32.997127094695536,0.075000000000001,2.5824527962272974,0.0880000000000027,1283.107273766439,0.0,0.0143689814064789,3.892217078734438,0.0292357131670975,4.223498103975926,0.0124094834326721,False,Star,*|MIR|NIR,7802.2,525.2262940866536
422,73.422152,-69.073898,hot_dim,medium,0,0,0,0,1,0,0,0,0,0,0,0,25.290386214222945,12.89365284371135,12.893,0.0,65914.27950571191,1238.5367854388478,0.0,65914.27950571191,1298.2374843056466,0.0,65914.27950571191,1355.877146073219,0.0,1.7014731081543069,24.387481556656244,26.08895466481055,0.0729999999999986,2.372112844895444,24.107369124709972,26.479481969605416,0.1016622947056102,2.82685103069948,0.1211106580899326,324.76131664179195,0.0,0.2750798082666978,3.8407896328304303,0.020099089626612,4.210754667120999,0.0065507422102925,False,Star,*|MIR|NIR,6930.9,320.7611104856697
423,73.512351,-69.834541,hot_dim,medium,0,0,0,1,0,0,0,0,0,0,0,0,30.388,12.692346815126427,12.693,0.0,55410.9195322592,1210.2696088938962,0.0,55410.9195322592,1269.2979498901248,0.0,55410.9195322592,1326.3079593695704,0.0,1.548497561225755,29.74814418291173,31.296641744137485,0.0550134352853994,2.218407571848232,29.377871785382,31.59627935723023,0.0790223921423312,2.5607654776818123,0.0920000000000023,533.6119237966802,0.0,0.2274111368529428,3.932368476091725,0.0545841144903112,4.209846712702309,0.0350097202054028,False,Star,*|MIR|NIR,8557.925,1075.5991095082777
424,73.523972,-69.765968,,,0,0,0,0,0,0,0,0,0,0,0,0,15.868,13.39634363665602,13.399,0.0,25219.143397497217,1216.327124023002,0.0,25219.143397497217,1275.5002033920275,0.0,25219.143397497217,1332.645757422881,0.0,0.9265254638840634,15.512053806789242,16.438579270673305,0.062999999999997,1.2887696267597306,15.314284162050363,16.603053788810094,0.0879999999999991,1.5416055377433082,0.1047000875542174,329.0116813677895,0.0,0.2134244013466765,3.989688925279139,0.0444129783334959,3.9289695951012784,0.0349649545659306,False,ChemPec*,*|NIR|Pe*,9765.375,998.6527721760953
425,73.566326,-66.301208,,,0,0,0,0,0,0,0,0,0,0,0,0,14.693632301358692,13.481945482684193,13.482060206653852,0.0,53879.47146057325,3367.6432129565096,0.0,53879.47146057325,3465.361943671619,0.0,53879.47146057325,3558.611827854366,0.0,0.7698335865352117,14.332200806146346,15.102034392681558,0.0564808105580159,1.1077330950671076,14.165230623014464,15.272963718081572,0.0816879936993135,1.355172796010404,0.0999999999999996,1006.5301299363967,0.0,0.0467658466034491,3.9395092687226674,0.0485494646820252,3.897681092122281,0.0270195481658741,False,,,8699.8,972.5443228974194
426,73.573663,-67.093658,,,0,0,0,0,0,0,0,0,0,0,0,0,60.04910956008284,11.95380004518511,11.954,0.0,190608.07441213808,3384.740526518305,0.0,190608.07441213808,3482.7041729104603,0.0,190608.07441213808,3576.1834880464444,0.0,1.8001395294490052,59.1799213046892,60.98006083413821,0.0325960586400686,2.5829256917850003,58.769724308215,61.35265,0.0469759396160878,3.156943017585128,0.0579999999999998,367.04427212121584,0.0,0.2028571468061643,4.025238257559775,0.0465839713496619,4.191580063179854,0.049201081961807,False,Star,*|Em*|EmO|MIR|NIR,10598.35,1136.816729952546
427,73.59903,-70.901611,,,0,0,0,0,0,0,0,0,0,0,0,0,13.515833672325476,13.466476160914445,13.57263263104694,0.0,1719494.9219005727,1181.9992628381942,0.0,1719494.9219005727,1240.3472721432795,0.0,1719494.9219005727,1296.7201692818824,0.0,18.362541083315666,9.58745891668434,27.95,1.16163263104694,21.25854839074084,9.126064254147234,30.384612644888072,1.3062530524187768,22.14445081316379,1.3640000000000008,34.43696737402262,0.0,2.935404490968925,3.7652306874292374,0.0151125712821901,4.2384096163195455,0.0108371867917101,False,ClassicalCep,*|cC*|Ce*|MIR|NIR|V*,5824.125,202.66779313694616
428,73.645546,-66.646965,hot_dim,medium,0,0,0,0,1,0,0,0,0,0,0,0,39.44,12.410424501579072,12.410163475977471,0.0,133946.23989180388,3375.689038446567,0.0,133946.23989180388,3473.523101289016,0.0,133946.23989180388,3566.8810257324276,0.0,1.4476171990125195,38.70491913211417,40.15253633112669,0.0400000000000009,2.102445949206725,38.38268798735551,40.485133936562235,0.0579582891165255,2.4554693188968457,0.0681637790217983,378.7744452385727,0.0,0.183731429951422,3.91559635780636,0.0514343679562964,4.2459437498005475,0.0338875245646734,False,,,8233.725,975.1365926756106
429,73.672778,-69.4366,hot_dim,medium,0,0,0,0,1,0,0,0,0,0,0,0,37.202,12.474010489510489,12.474,0.0,52050.70158835125,586.2740305360834,0.0,52050.70158835125,627.6989392382183,0.0,52050.70158835125,668.227223746093,0.0,2.071300000000001,36.1581,38.2294,0.0609999999999999,2.94979,35.74104,38.69083,0.0862899999999999,3.526999999999994,0.1030000000000015,211.9476794097705,0.0,0.6039408000789485,3.922563280732365,0.0304371037535035,4.262520869845032,0.0150691207215599,False,BlueSG,*|MIR|NIR|s*b,8366.875,586.3842463564314
430,73.678207,-69.285744,,,0,0,0,0,0,0,0,0,0,0,0,0,18.653,13.222790739773618,13.223000000000004,0.0,23299.633272391617,1227.4321941208232,0.0,23299.633272391617,1286.869685496879,0.0,23299.633272391617,1344.262856861153,0.0,0.9346311551502424,18.207368844849757,19.142,0.054677144023671,1.3281782656621282,18.021671734337872,19.34985,0.0769838572011831,1.5686670535773963,0.0909999999999975,298.5524363281227,0.0,0.1329229068830197,3.984854598525712,0.0478419595866015,3.956681727838452,0.0359592030078286,False,Star,*|MIR|NIR,9657.275,1063.8471809310772
431,73.691707,-68.962776,,,0,0,0,0,0,0,0,0,0,0,0,0,45.353,12.258475575956163,12.258298679366764,0.0,166962.5418284173,1256.706919026041,0.0,166962.5418284173,1316.8357653873793,0.0,166962.5418284173,1374.8763839964822,0.0,3.087986595856435,43.86737929822979,46.95536589408623,0.0735090755567355,4.202094633022213,43.25476008588653,47.456854718908744,0.1006599999999995,5.252643632090347,0.1259999999999994,664.2218644142604,0.0,0.3927238636899622,4.015067262726395,0.045673960313361,4.460447786459059,0.0447043133318254,True,Star,*|MIR|NIR,10353.025,1088.808798354881
432,73.708893,-66.939491,hot_dim,medium,0,0,0,0,1,0,0,0,0,0,0,0,35.829,12.514254333546974,12.514532081650731,0.0,137939.23761307157,3373.6775872279923,0.0,137939.23761307157,3471.482830008465,0.0,137939.23761307157,3564.813756532235,0.0,1.4754332374338333,35.12609061362904,36.60152385106287,0.0444746240652556,2.0677663383448603,34.83656161117872,36.904327949523584,0.0623050077833173,2.529632621798676,0.0769999999999999,831.4250331273702,0.0,0.0307444822131377,3.9092015495224057,0.0336010492728245,4.2464701441584936,0.0205540220086682,False,Star,*|MIR|NIR,8113.375,627.7259428882958
433,73.738997,-66.752464,,,0,0,0,0,0,0,0,0,0,0,0,0,,,,,,,,,,,,,,,,,,,,,,,,,,,4.023814003516829,0.0690408787123016,5.051768535282604,0.0661568727414099,False,,,10563.65,1679.3298298726193
434,73.764138,-68.222588,,,0,0,0,0,0,0,0,0,0,0,0,0,19.365935359341293,13.181967587985408,13.182843920918842,0.0,28065.439273921533,1243.584170432419,0.0,28065.439273921533,1303.40411530635,0.0,28065.439273921533,1361.1554497643274,0.0,1.0890475353987448,18.85626610213882,19.945313637537566,0.0601560790811621,1.617024452555416,18.586765547444585,20.20379,0.0907572233929574,1.984709130461351,0.1120000000000001,375.9450673118853,0.0,0.1991407203645006,3.877163940897159,0.0201269564604659,3.9988028117410135,0.0058770876768048,False,Star,*|MIR|NIR,7536.4,349.2671470379085
435,73.770646,-69.798615,,,0,0,0,0,0,0,0,0,0,0,0,0,16.1547155357196,13.377641587839271,13.379245682180308,0.0,20163.696981448265,1209.2600089215955,0.0,20163.696981448265,1268.264191339141,0.0,20163.696981448265,1325.2515768317874,0.0,0.8237438011012781,15.81631157904697,16.640055380148247,0.0549999999999997,1.1742880898210064,15.63483204347571,16.809120133296716,0.0781961226331198,1.393935535051039,0.0940000000000012,379.9329758867035,0.0,0.0910428142031376,3.878892166550336,0.0081469721782374,3.941359870856186,0.0058746047096184,False,Star,*|MIR|NIR,7566.45,141.93976715494497
436,73.7762,-67.475845,,,0,0,0,0,0,0,0,0,0,0,0,0,8.832832481343527,13.983310612367298,14.035000000000002,0.0,2203807.592062146,3429.996934503608,0.0,2203807.592062146,3528.605900679859,0.0,2203807.592062146,3622.689736425637,0.0,7.528782037517077,6.798350421495281,14.327132459012358,0.8091259481567175,8.372280985742442,6.556851923769499,14.92913290951194,0.8931864576153146,13.60022504115517,2.209872723111866,29.826552040305764,0.0,0.7222422777897843,3.69884621276754,0.0016352127124282,3.8752895553484623,0.0084375306214292,False,ClassicalCep,*|cC*|Ce*|MIR|NIR|V*,4998.575,18.820716644166342
437,73.790355,-69.486183,hot_dim,low,0,0,0,0,1,0,0,0,0,0,0,0,19.10180774269624,13.19958400231122,13.197,0.0,34518.21553475646,1245.6030972420308,0.0,34518.21553475646,1305.470672119236,0.0,34518.21553475646,1363.2666116584876,0.0,1.0761870586307474,18.466115622181455,19.5423026808122,0.0609701441371743,1.477118604660383,18.269041395339617,19.74616,0.084340960914492,1.8304090334592935,0.1038009609144889,788.8461251894115,0.0,0.0701490158056372,3.89544740951557,0.0321802444860067,4.009189336007934,0.0085795670171741,False,,,7860.45,582.4416687531893
438,73.83998,-67.436485,,,0,0,0,0,0,0,0,0,0,0,0,0,,,,,,,,,,,,,,,,,,,,,,,,,,,3.9104923358122385,0.0102004779894712,4.78616744054887,0.0092674488914349,False,,,8137.525,191.12986259347335
439,73.887955,-67.338417,hot_dim,low,0,0,0,0,1,0,0,0,0,0,0,0,30.056689884765134,12.705178681171583,12.70517231482315,0.0,126311.49743413804,3380.7176514899406,0.0,126311.49743413804,3478.623726732206,0.0,126311.49743413804,3572.049110619202,0.0,1.3923919952003558,29.363625416302263,30.756017411502626,0.0504822201909025,1.997992381038568,29.094586072324297,31.092578453362865,0.0720000000000009,2.4191792193029116,0.0872140001671404,724.0481734933005,0.0,0.042286706692962,3.917160089729486,0.0146547113071546,4.170904256084692,0.0103304370332496,False,Star,*|MIR|NIR,8263.425,278.8386977716687
440,73.919471,-69.87233,,,0,0,0,0,0,0,0,0,0,0,0,0,31.381544534084068,12.657752400169691,12.65855049211284,0.0,106688.92136379944,1260.7445575343131,0.0,106688.92136379944,1320.968122720708,0.0,106688.92136379944,1379.097445155877,0.0,2.2396328159439527,30.361809861783815,32.60144267772777,0.0775504921128362,3.1129622696020363,29.86304,32.976002269602034,0.1074495078871606,3.754910849404663,0.129999999999999,600.7502820771135,0.0,0.4148338601595543,4.008253023247588,0.040748880479519,4.275578430291714,0.0390739763693414,False,Star,*|MIR|NIR,10191.85,956.2785041503336
441,73.970039,-69.706245,,,0,0,0,0,0,0,0,0,0,0,0,0,47.35810353601258,12.211593662342736,12.211856705630604,0.0,72329.28523964812,1242.5747012112088,0.0,72329.28523964812,1302.370816450486,0.0,72329.28523964812,1360.099834677103,0.0,1.8840000000000003,46.41,48.294,0.0438567056306027,2.711337079022904,46.040720223581786,48.75205730260469,0.0616853645044823,3.2072907214749193,0.0738567056305985,1163.4340935285163,0.0,0.2325644362139769,4.036189588754199,0.0362172459925074,4.4050132637650545,0.047418061477702,False,Star,*|MIR|NIR,10869.0,906.4016769622616
442,73.974836,-66.416481,hot_dim,medium,0,0,0,0,1,0,0,0,0,0,0,0,27.23858198047227,12.812575301088808,12.81217668176556,0.0,149435.4175230586,3389.7691010861104,0.0,149435.4175230586,3487.804663054495,0.0,149435.4175230586,3581.351346964214,0.0,1.4549708920537192,26.497935886691753,27.952906778745472,0.0580328954000357,2.1652951271491148,26.17928794545704,28.344583072606152,0.0864191430396061,2.629345547305121,0.1049999999999986,73.0069816173997,0.0,0.2097392572952942,3.9738572251307422,0.0771395382641368,4.192841856165882,0.0631979724485841,True,Star,*|NIR|X,9415.8,1672.4376998860075
443,73.978905,-69.725128,hot_dim,medium,0,0,0,0,1,0,0,0,0,0,0,0,23.798996962408957,12.95834578918608,12.958685570589266,0.0,28096.644477575992,1235.5083076432018,0.0,28096.644477575992,1295.1373411668544,0.0,28096.644477575992,1352.7098891637038,0.0,1.0745322475538792,23.277562342694452,24.35209459024833,0.0488113423535594,1.482713216810282,23.09079315025919,24.573506367069474,0.0671928928253198,1.736278219311064,0.0796288588214704,398.6619229238934,0.0,0.1549889061691048,3.866274044151662,0.0096577794697656,4.0710883975429955,0.0060729285188034,False,Star,*|MIR|NIR,7349.775,163.4432604147384
444,74.058839,-67.413483,hot_dim,high,1,0,0,0,0,0,0,0,0,0,0,0,28.4253689569547,12.764767582408608,12.765762411907104,0.0,211206.48768371885,3407.871793438028,0.0,211206.48768371885,3506.165808345471,0.0,211206.48768371885,3599.954604868509,0.0,1.800132604433763,27.61943580296383,29.419568407397595,0.0689127832328058,2.487159048961665,27.285835261330288,29.772994310291953,0.0948845307185131,3.10826343357321,0.1187878850811365,3.60578267682431,0.0,0.4174687536292691,3.895504037675872,0.00736356684821,4.134634804746475,0.0063678132885468,False,Star,*|MIR|NIR,7861.475,133.29318952969803
445,74.063274,-66.20369,hot_dim,medium,0,0,0,0,1,0,0,0,0,0,0,0,22.329298867861553,13.027503523665647,13.027928262700698,0.0,108762.38754241265,3368.6489441514877,0.0,108762.38754241265,3466.3820989539417,0.0,108762.38754241265,3559.645495259475,0.0,1.1141498219839612,21.797648984218863,22.911798806202825,0.0542037591843573,1.5777449357254485,21.55756798517236,23.135312920897807,0.076921661015648,1.8643929360990512,0.0912271943619043,200.5908691780519,0.0,0.0855376806047094,3.9138138523837167,0.0626621645318546,4.098948525842355,0.0263319019859156,False,,,8200.0,1183.136720755467
446,74.073144,-66.305267,,,0,0,0,0,0,0,0,0,0,0,0,0,22.79910237124771,13.004872630844602,13.005352727718089,0.0,128891.58976985468,3399.8261863442317,0.0,128891.58976985468,3498.005418717616,0.0,128891.58976985468,3591.6866896436277,0.0,1.2639016948392765,22.189007014531015,23.45290870937029,0.0604630618032793,1.7765176864225758,21.950016983855473,23.72653467027805,0.0842824232155088,2.252692462685083,0.1081431091211868,277.19949687821327,0.0,0.2045968716832471,4.047189168538258,0.0645907137726725,4.156105605541028,0.0630067655205404,False,Star,*|MIR|NIR,11147.8,1657.9634073163377
447,74.108788,-69.673508,hot_dim,medium,0,0,0,0,1,0,0,0,0,0,0,0,29.815476221856933,12.714051173121591,12.714,0.0,67874.70430643854,1257.7163343685477,0.0,67874.70430643854,1317.8688748152244,0.0,67874.70430643854,1375.9316828341944,0.0,1.6276550360710047,29.0385,30.666155036071004,0.0598868140574957,2.4161363206234263,28.70366631541949,31.119802636042913,0.0876500000000017,2.9031390296845743,0.1059999999999998,120.45524541905915,0.0,0.4854405225862934,3.876170192639154,0.0095804870132146,4.08089610127844,0.0075550704746642,False,Star,*|MIR|NIR,7519.175,165.8721476770588
448,74.114236,-67.933502,hot_dim,medium,0,0,0,0,1,0,0,0,0,0,0,0,37.258744466280525,12.471851316049,12.471882291742045,0.0,136098.585356908,3212.75009220486,0.0,136098.585356908,3308.2210482665996,0.0,136098.585356908,3399.36528263042,0.0,1.5769753391128989,36.49061299280489,38.06758833191779,0.0459999999999993,2.2522133753848763,36.142266624615125,38.39448,0.0660150948372404,2.728965170382331,0.0791166944880252,440.7469668977363,0.0,0.1695047883253735,3.866904366856874,0.0178578664933595,4.2809037489687585,0.0074227998104462,False,Supergiant,*|MIR|NIR|sg*,7360.45,302.65623651264815
449,74.114566,-69.379623,,,0,0,0,0,0,0,0,0,0,0,0,0,20.45191944595471,13.086591787414402,13.122977758204472,0.0,1122794.2108556365,1270.8383884796883,0.0,1122794.2108556365,1331.298083214285,0.0,1122794.2108556365,1389.6485406717318,0.0,11.606950382524715,16.831049617475283,28.438,0.5695777582044741,12.880937011389609,16.278452157198483,29.159389168588092,0.6330293239381461,15.451636915106857,0.7879777582044714,30.334946407031257,0.0,1.382558554783881,3.7704543397641426,0.0141102532182405,4.157144512144052,0.006458417694588,False,ClassicalCep,*|cC*|Ce*|MIR|NIR|s*y|V*,5894.6,191.51590012320125
450,74.118794,-69.711594,hot_dim,medium,0,0,0,0,1,0,0,0,0,0,0,0,21.583,13.063327091905354,13.065,0.0,23160.75575147234,1237.527296749888,0.0,23160.75575147234,1297.2041170047653,0.0,23160.75575147234,1354.821416717777,0.0,0.9245023720583738,21.194976265638036,22.11947863769641,0.0460371252965945,1.3266305498641948,20.986551299907383,22.313181849771578,0.0668500000000005,1.6357922733073489,0.0820000000000025,333.4825409550505,0.0,0.200138160499499,3.924436947698829,0.0101245447586977,4.038847631344271,0.0079062856364073,False,Star,*|NIR,8403.05,195.89716052051392
451,74.127341,-66.302498,,,0,0,0,0,0,0,0,0,0,0,0,0,18.375,13.239190546199133,13.239516593788302,0.0,59151.25435363302,3365.6317479837767,0.0,59151.25435363302,3463.321624024655,0.0,59151.25435363302,3556.544477875389,0.0,0.8508593527292341,17.973764125860182,18.824623478589416,0.0499999999999971,1.240327541079676,17.772538564547187,19.012866105626863,0.0730336599761276,1.4760973900514252,0.087395504044494,322.93887628032655,1.0,0.0730493385393407,3.9130054185947984,0.0564251524015457,3.997564763915971,0.0225927822940383,False,Star,*|MIR|NIR,8184.75,1063.3931246251311
452,74.145976,-66.875214,hot_dim,low,0,0,0,0,1,0,0,0,0,0,0,0,18.756,13.217486222931,13.21704190903241,0.0,50328.95199063369,3359.597332375392,0.0,50328.95199063369,3457.20059232687,0.0,50328.95199063369,3550.342306424157,0.0,0.8416398307773143,18.33078638271081,19.172426213488123,0.0485873948916228,1.217475664976039,18.151225272588157,19.368700937564196,0.0703522833065211,1.4682202655413903,0.0853748999111037,721.7745999737117,0.0,0.0201601222561553,3.859024152348741,0.0119672232790654,4.021851917951497,0.0079630735508162,False,Star,*|MIR|NIR,7228.1,199.17427042667936
453,74.147677,-68.25647,,,0,0,0,0,0,0,0,0,0,0,0,0,5.823,14.486534596006305,14.487075111931611,0.0,5991.94224797372,1240.5557511121133,0.0,5991.94224797372,1300.304177756021,0.0,5991.94224797372,1357.9885360823612,0.0,0.5084979519278967,5.57534974965777,6.0838477015856665,0.0942600895452923,0.7184384885294062,5.477964001209679,6.196402489739085,0.1344119283637681,0.8418636787205056,0.1570751119316114,1163.0700579182603,0.0,0.0429569719012214,3.680136000399677,0.0086690345016705,3.945343442054257,0.0068902998964182,False,Star,*|NIR,4787.8,95.57018363485548
454,74.163857,-67.330376,hot_dim,low,0,0,0,0,1,0,0,0,0,0,0,0,41.199976472757974,12.36262966311172,12.362672361944693,0.0,245912.2422248202,3400.831890196852,0.0,245912.2422248202,3499.0254778506633,0.0,245912.2422248202,3592.720196465633,0.0,1.9351405375354176,40.26228792121871,42.197428458754125,0.0510000000000019,2.7190269318100206,39.91082383550376,42.629850767313776,0.0713657646212038,3.486203837025762,0.0920000000000023,1073.988924773127,0.0,0.1426140609258688,3.932685533068667,0.0240327773493401,4.31657369313104,0.0189942785645098,False,Star,*|MIR|NIR,8564.175,473.9201613932456
455,74.166683,-69.698967,instability_strip,medium,0,0,0,0,1,0,0,0,0,0,0,0,50.935500000000005,12.131606225463582,12.132342110262686,0.0,109161.25267620868,1255.697499865518,0.0,109161.25267620868,1315.802642536041,0.0,109161.25267620868,1373.821062748217,0.0,2.4736723680959045,49.83967542943298,52.31334779752888,0.0529999999999972,3.496478044167638,49.268505466982,52.76498351114964,0.0740000000000016,4.323040564692015,0.0920000000000005,390.65600076717055,0.0,0.610788528484414,3.7613714650317465,0.0054909007770185,4.628215103150411,0.0093602377537175,True,Star,*|NIR,5772.6,72.98451890640918
456,74.182526,-67.488174,,,0,0,0,0,0,0,0,0,0,0,0,0,16.651296506722122,13.345745923024152,13.3463497880268,0.0,50004.08476373501,3375.689038446567,0.0,50004.08476373501,3473.523101289016,0.0,50004.08476373501,3566.8810257324276,0.0,0.92108025489922,16.241978071038474,17.163058325937694,0.0599999999999987,1.3202446328131678,16.02149205127958,17.341736684092748,0.0858683297837838,1.6119671944367742,0.1050000000000022,708.1624495674349,0.0,0.0358960566227906,3.9474802859548017,0.0177412989613558,3.90809437134908,0.0181122520892286,False,,,8860.95,361.9773439042836
457,74.213229,-66.530151,,,0,0,0,0,0,0,0,0,0,0,0,0,29.1168215198107,12.739707230767964,12.739695099499937,0.0,168076.8197291158,3401.8375932013178,0.0,168076.8197291158,3500.045534001177,0.0,168076.8197291158,3593.7536983063733,0.0,1.6990925498238203,28.287527106851307,29.986619656675128,0.0632823818739058,2.419198169270224,27.905461091630677,30.3246592609009,0.0901290471931179,3.1077774066271964,0.1163066122859337,316.45701849758126,0.0,0.1727920686069308,4.06302545252849,0.0678533206605911,4.269095384088822,0.0630131279306934,True,Star,*|MIR|NIR,11561.8,1806.3930247872415
458,74.227917,-67.086021,hot_dim,low,0,0,0,0,1,0,0,0,0,0,0,0,27.77461432217225,12.791300650689465,12.790950351376122,0.0,85703.88490035434,3387.757673818663,0.0,85703.88490035434,3485.764475997968,0.0,85703.88490035434,3579.2842184302167,0.0,1.0810546458812134,27.22709455355055,28.308149199431764,0.0424983994703538,1.593994724389436,26.9726678066831,28.566662531072534,0.0622309090400037,1.9483986205480155,0.0759999999999969,694.7470893702475,0.0,0.0772980992591522,3.8178693354010096,0.0168018919887872,4.204644097590579,0.0087191813518374,False,Star,*|MIR|NIR,6574.6,254.3567180162537
459,74.231543,-67.486946,,,0,0,0,0,0,0,0,0,0,0,0,0,4.839007833878814,14.687881859711409,14.688,0.0,16905.761892558447,3338.476632272537,0.0,16905.761892558447,3435.776118179027,0.0,16905.761892558447,3528.633264670412,0.0,0.5869574646895188,4.55205085486064,5.139008319550159,0.1319042310717684,0.828573261277354,4.431042767847827,5.259616029125181,0.1862819764633556,0.9839258569293624,0.2223165077108202,393.58966312858735,0.0,0.0235609095405616,3.628294396845851,0.001551407370283,3.921290038310632,0.0081063719970741,False,,,4249.075,15.17874747797064
460,74.257486,-67.995209,,,0,0,0,0,0,0,0,0,0,0,0,0,9.904247717616569,13.866996473254712,13.91016503018328,0.0,1751735.2691986407,3244.9374284895466,0.0,1751735.2691986407,3340.8798653774725,0.0,1751735.2691986407,3432.465767730687,0.0,7.200208740648501,7.746071712751835,14.946280453400336,0.713707648630761,7.926498281964808,7.506600928482432,15.43309921044724,0.7830106736661921,9.021127324198774,0.8978958303521214,45.175441528324825,0.0,0.7701871962450181,3.72815485394905,0.0136463228983881,4.1154521090420735,0.0163444895614841,False,ClassicalCep,*|cC*|Ce*|NIR|V*,5347.55,168.0297518298471
461,74.284954,-67.046066,,,0,0,0,0,0,0,0,0,0,0,0,0,24.465,12.928820669723404,12.928775653798422,0.0,67821.08438928815,3359.597332375392,0.0,67821.08438928815,3457.20059232687,0.0,67821.08438928815,3550.342306424157,0.0,0.9809454179542988,23.973492479543474,24.954437897497773,0.0436661915622913,1.411701816736283,23.785824967019835,25.19752678375612,0.0620235387939125,1.6846164782488238,0.0747525926772301,15.440175608375888,1.0,0.2200950182684737,3.871194806360232,0.016744021799026,4.117036217063563,0.0061883739831284,False,Star,*|MIR|NIR,7433.525,286.59609972049515
462,74.286438,-66.866669,,,0,0,0,0,0,0,0,0,0,0,0,0,4.848403399654386,14.685661016903538,14.686000000000002,0.0,20444.856451722917,3363.620279564753,0.0,20444.856451722917,3461.281292258835,0.0,20444.856451722917,3554.477107656206,0.0,0.5143727957257322,4.599255366522037,5.113628162247769,0.1152295394003726,0.7422263528443596,4.48155561692933,5.22378196977369,0.166214322351502,0.8641333272088954,0.193573503428702,382.107830594786,0.0,0.0179364777529144,3.643879358551041,0.0119818073094215,3.9529546263027138,0.0072760454898718,False,,,4404.325,121.5114989414582
463,74.290445,-67.022011,,,0,0,0,0,0,0,0,0,0,0,0,0,12.585,13.649999767870892,13.650353866607524,0.0,29168.09051854517,3362.614544061911,0.0,29168.09051854517,3460.261121827937,0.0,29168.09051854517,3553.4434149508324,0.0,0.6416232356528102,12.281554910858912,12.923178146511724,0.0554287580086807,0.9291928908813832,12.138494708979726,13.06768759986111,0.0798928104978298,1.096839960949655,0.0950000000000006,395.65775056732525,0.0,0.0263895309096724,3.912962967381715,0.0239983378968771,3.8047007662078656,0.0128913596847312,False,,,8183.95,452.23046945114174
464,74.295525,-67.340118,hot_dim,low,0,0,0,0,1,0,0,0,0,0,0,0,21.267693544921276,13.080743824066325,13.080830757028345,0.0,79341.208377801,3382.729090714146,0.0,79341.208377801,3480.663955834621,0.0,79341.208377801,3574.116309375877,0.0,1.0296749534368992,20.774651602303333,21.804326555740232,0.0525230413716375,1.4834213236598508,20.556348183121862,22.039769506781713,0.0756492836281825,1.8269119411682908,0.0935285505228673,383.710830901174,0.0,0.0820563059745066,3.8946455361675567,0.0151772506249632,4.01470530123326,0.0069798297837421,False,Star,*|MIR|NIR,7845.95,274.19171668743024
465,74.320065,-68.410988,,,0,0,0,0,0,0,0,0,0,0,0,0,,,,,,,,,,,,,,,,,,,,,,,,,,,4.066332449049892,0.0315222639469653,4.948518815770358,0.0316520114731001,False,,,11650.175,845.6010994405104
466,74.353067,-68.844727,,,0,0,0,0,0,0,0,0,0,0,0,0,,,,,,,,,,,,,,,,,,,,,,,,,,,3.635888196227309,0.0122657442010926,3.766199825231312,0.0179901073993973,False,,,4324.025,122.1230910802703
467,74.420186,-66.786026,RSG,low,0,0,0,0,1,0,0,0,0,0,0,0,6.9156592628591875,14.300873023710746,14.300495413868026,0.0,31234.344361492236,3367.6432129565096,0.0,31234.344361492236,3465.361943671619,0.0,31234.344361492236,3558.611827854366,0.0,0.6122145269017123,6.611118364664103,7.223332891565815,0.0962411187517346,0.8616437036342219,6.490356296365778,7.352,0.1351534493561317,1.0946255627807115,0.1727585906273585,1229.445693992899,0.0,0.0105059658308279,3.658290496265927,0.0097418180970242,4.055336190138671,0.0066186858620216,False,Star,*|NIR,4552.925,102.12832307934954
468,74.432613,-66.857719,,,0,0,0,0,0,0,0,0,0,0,0,0,17.465885187913475,13.294125233347073,13.294888751097654,0.0,43440.524707483346,3356.580112913696,0.0,43440.524707483346,3454.140035484453,0.0,43440.524707483346,3547.2411522335774,0.0,0.7600383311188033,17.112994215512728,17.87303254663153,0.0470051888564313,1.1093682668775529,16.937648244351347,18.0470165112289,0.06910982926534,1.3072955564445756,0.081802866774618,316.1229118872689,1.0,0.0485502932568197,3.8821173739464423,0.0079930261192679,3.924053149931413,0.0072180809177847,False,Star,*|MIR|NIR,7622.85,140.29567883580734
469,74.434938,-69.521049,,,0,0,0,0,0,0,0,0,0,0,0,0,22.378,13.02599325888228,13.02539779181368,0.0,22713.653320966405,1242.5747012112088,0.0,22713.653320966405,1302.370816450486,0.0,22713.653320966405,1360.099834677103,0.0,0.9659722721084308,21.901352753583307,22.867325025691738,0.0463977918136766,1.3868535742810906,21.71194642571891,23.0988,0.0673182334509441,1.610616131654858,0.0783977918136784,29.45361084181702,1.0,0.24154057889313,3.961460250000436,0.0658209296230235,4.005698121128108,0.0311977520146023,False,Star,*|MIR|NIR,9150.825,1386.883401506774
470,74.437683,-65.708374,,,0,0,0,0,0,0,0,0,0,0,0,0,16.935,13.26894529907582,13.328,0.0,3439074.8383632693,1988.7561453958103,0.0,3439074.8383632693,2064.1085580113618,0.0,3439074.8383632693,2136.407364252774,0.0,13.729778221736384,13.437,27.166778221736383,0.7642807146770068,14.824772899947163,13.160397041366982,27.985169941314147,0.8193787305191886,16.454323215366017,0.8979468262979697,24.249094989726952,0.0,1.6098787287883238,3.74334314869686,0.0110515301606918,4.115492601459084,0.0272725635427505,False,ClassicalCep,*|cC*|Ce*|MIR|NIR|V*,5537.875,140.92279579613796
471,74.445788,-69.215889,instability_strip,medium,0,0,0,0,1,0,0,0,0,0,0,0,8.470461804865552,14.082957759867243,14.080000000000002,0.0,16497.630205315207,1238.5367854388478,0.0,16497.630205315207,1298.2374843056466,0.0,16497.630205315207,1355.877146073219,0.0,0.8103062646992516,8.032822132696888,8.84312839739614,0.1041211892659657,1.1316659498216506,7.884320000000001,9.015985949821651,0.1457430485872244,1.3210445559161998,0.1699999999999999,1285.5410894090655,0.0,0.0505222779581004,3.679402910332167,0.0073803479893677,4.099989242466091,0.0068240617183374,False,Star,*|NIR,4779.725,81.22606955282275
472,74.447295,-69.391327,,,0,0,0,0,0,0,0,0,0,0,0,0,46.738,12.226147113566372,12.225893355222958,0.0,56026.44814877718,1246.61255483995,0.0,56026.44814877718,1306.5039301097129,0.0,56026.44814877718,1364.3221585212534,0.0,1.658508131863286,45.87126702132105,47.52977515318434,0.0380000000000002,2.3641133076091307,45.534751741281994,47.898865048891125,0.0548933552229584,2.83713851084957,0.0658933552229541,445.0516414209066,0.0,0.2459019344743189,4.0893521816641645,0.0688004007113795,4.134264258153952,0.0552464154000335,False,Star,*|NIR,12284.35,1946.0717041003395
473,74.467946,-69.392502,,,0,0,0,0,0,0,0,0,0,0,0,0,130.81706735128017,11.108413258320478,11.108333861172092,0.0,196947.92276236555,1239.546270224652,0.0,196947.92276236555,1299.2708378837594,0.0,196947.92276236555,1356.9328525186695,0.0,3.8547489778222825,128.9273941678628,132.78214314568507,0.0326677223441809,5.606435335445269,128.11835918017283,133.7247945156181,0.0459999999999993,6.494942853840044,0.0536677223441834,375.0347261095766,0.0,0.6946171536671375,4.146128035678238,0.0,4.729333232338307,0.0250512222094907,False,,,14000.0,0.0
474,74.489212,-69.538612,,,0,0,0,0,0,0,0,0,0,0,0,0,33.43,12.589033153310249,12.589587701279628,0.0,91624.88665683856,1256.706919026041,0.0,91624.88665683856,1316.8357653873793,0.0,91624.88665683856,1374.8763839964822,0.0,2.1868480828736665,32.42549315227092,34.612341235144584,0.0705877012796243,3.0848758649539967,31.931143267225966,35.01601913217996,0.1007078828445529,3.973508618291597,0.1289999999999977,203.80038887920017,0.0,0.4219995190725605,4.030037770865027,0.0685664108065413,4.322763596366141,0.0634918489314176,False,Supergiant,*|MIR|NIR|sg*,10716.125,1691.8617657406294
475,74.512659,-68.906418,hot_dim,medium,0,0,0,0,1,0,0,0,0,0,0,0,24.314892162927965,12.936519640719402,12.935040088932688,0.0,35327.98361852036,1207.2407968304108,0.0,35327.98361852036,1266.1966315323589,0.0,35327.98361852036,1323.1387404621353,0.0,1.3049654137143492,23.577034586285652,24.882,0.0590000000000028,1.872705468095699,23.318338406564777,25.191043874660473,0.084150000000001,2.1225830391285534,0.0940000000000012,294.61248126439943,0.0,0.2254595609436434,3.9100277740202154,0.0280767634722783,4.099238158334664,0.0099481232783656,False,Star,*|MIR|NIR,8128.825,525.5215213242936
476,74.523225,-69.454338,,,0,0,0,0,0,0,0,0,0,0,0,0,9.859,13.86841288080107,13.915,0.0,1273350.4269037377,1270.8383884796883,0.0,1273350.4269037377,1331.298083214285,0.0,1273350.4269037377,1389.6485406717318,0.0,13.6483624208713,6.082493042865617,19.73085546373692,1.2776372191255874,14.996807164940796,5.619337238439108,20.616144403379906,1.4109106740985862,16.802797121405746,1.669813904372056,36.87326225397722,0.0,2.056573060703932,3.7042277560249985,0.0101640107219414,4.036045715559022,0.007632352054497,True,ClassicalCep,*|cC*|Ce*|MIR|NIR|V*,5060.9,118.44277099088823
477,74.527298,-67.241653,,,0,0,0,0,0,0,0,0,0,0,0,0,140.0528401482108,11.03407666058441,11.034000000000002,1.0,681666.3673552234,2811.329787655909,0.0,681666.3673552234,2900.7094392578892,0.0,681666.3673552234,2986.147615680795,0.0,4.110880366613486,138.1174,142.2282803666135,0.0312458197415406,5.836473340150945,137.31608975962823,143.15256309977917,0.0450143196317966,7.219757373379139,0.0562062093656265,395.07340126204906,1.0,0.4270256590888716,3.906048021657268,0.0244722855759451,3.863785633615663,0.0170402527472787,False,,,8054.675,453.8770696730558
478,74.537554,-67.306412,,,0,0,0,0,0,0,0,0,0,0,0,0,18.04859704568125,13.258330851543986,13.259,0.0,54045.12396023576,3371.666132575519,0.0,54045.12396023576,3469.4425466526304,0.0,54045.12396023576,3562.746467164598,0.0,0.897923572487386,17.630333000161762,18.52825657264915,0.0540303074820922,1.2370331294779433,17.45621022683159,18.693243356309537,0.0746696609066006,1.5525141232999786,0.0930753145189893,378.436814963074,0.0,0.1041706846874246,3.9156570112504903,0.0206255514039715,3.9363455213152143,0.0121343760064208,False,Star,*|MIR|NIR,8234.875,391.0914015610673
479,74.565514,-70.532059,,,0,0,0,0,0,0,0,0,0,0,0,0,72.005,11.75683449477352,11.757,0.0,37930.17440762605,588.3017039475822,0.0,37930.17440762605,629.7962428011638,0.0,37930.17440762605,670.3897008215487,0.0,1.751950000000008,71.1279,72.87985,0.0263499999999972,2.4350900000000024,70.72896,73.16405,0.0372699999999994,2.879000000000005,0.0429999999999974,3.065649536459557,1.0,0.4837544602103814,3.866942717630186,0.0137978871359881,4.113532098869268,0.0320934792537348,False,,,7361.1,233.86810385343273
480,74.636575,-70.346024,,,0,0,0,0,0,0,0,0,0,0,0,0,14.584,13.445493644755611,13.490000000000002,1.0,2241497.975906196,1270.8383884796883,0.0,2241497.975906196,1331.298083214285,0.0,2241497.975906196,1389.6485406717318,0.0,20.960838531068692,8.422217998355109,29.3830565294238,1.3566000000000005,23.660330769770727,7.9258,31.58613076977073,1.501357601347669,26.909735995815367,1.9030000000000025,35.71335532183346,0.0,1.7659219604562983,3.7050143837604024,0.009618276028306,3.9275469271417993,0.0081913506137983,True,ClassicalCep,*|cC*|Ce*|MIR|NIR|V*,5070.075,112.28643896303774
481,74.668893,-70.527405,,,0,0,0,0,0,0,0,0,0,0,0,0,22.80862307846103,13.005260774819376,13.005000000000004,0.0,32073.93665232239,1246.61255483995,0.0,32073.93665232239,1306.5039301097129,0.0,32073.93665232239,1364.3221585212534,0.0,1.1504966743745229,22.23590332562548,23.3864,0.0546883833134366,1.6200028403439113,22.01655715965609,23.636560000000003,0.0774483833134382,1.921778624698515,0.0913116166865641,401.3064819520712,0.0,0.2243256013786657,4.029963802436367,0.0139423750330577,4.163041389505595,0.0233263654542974,False,Star,*|MIR|NIR,10714.3,343.9665826791899
482,74.676973,-69.690598,RSG,medium,0,1,0,0,0,0,0,0,0,0,0,0,7.539,14.206592691501532,14.20683897653891,0.0,20427.28326766549,1255.697499865518,0.0,20427.28326766549,1315.802642536041,0.0,20427.28326766549,1373.821062748217,0.0,0.8282039679455169,7.1415002826426015,7.969704250588118,0.1191127164227641,1.159587422328026,6.951555487619085,8.11114290994711,0.1676699999999957,1.4249000554279947,0.2053220469221823,177.31734877361657,0.0,0.1567806850557551,3.628388930050312,0.0,4.268370821185186,0.0069243277088363,False,LongPeriodV*,*|Ev*|LP*|MIR|NIR|V*,4250.0,0.0
483,74.714423,-67.052444,,,0,0,0,0,0,0,0,0,0,0,0,0,21.15270774134983,13.08644510299218,13.086758316104,0.0,195107.81606970463,3365.6317479837767,0.0,195107.81606970463,3463.321624024655,0.0,195107.81606970463,3556.544477875389,0.0,1.1014403334612517,20.632374914889184,21.733815248350435,0.0566521117073808,1.51755929330562,20.40503118786702,21.92259048117264,0.0780696301898373,1.8796253844236972,0.0969032914030005,664.7215211254344,1.0,0.0239410581170342,3.9487673971248767,0.0307848407909438,4.043574294814691,0.026359647139557,False,Star,*|MIR|NIR,8887.25,629.970187786692
484,74.717101,-69.425728,,,0,0,0,0,0,0,0,0,0,0,0,0,26.13239294231373,12.85712310087997,12.857,0.0,27569.488821755833,1227.4321941208232,0.0,27569.488821755833,1286.869685496879,0.0,27569.488821755833,1344.262856861153,0.0,0.9992398554173008,25.641081573287636,26.640321428704937,0.0418618476174348,1.542544838676534,25.37328483497693,26.915829673653462,0.0644749790537453,1.7678474875417152,0.0740000000000016,166.5753573911513,1.0,0.1986647613005788,3.913454881493924,0.0324492601172618,4.163441861989573,0.0105275928527329,False,Star,*|MIR|NIR,8193.225,612.1746886102038
485,74.834295,-68.843079,,,0,0,0,0,0,0,0,0,0,0,0,0,21.95,13.046304089856388,13.046173556075516,0.0,19411.34787658674,1234.4988072158003,0.0,19411.34787658674,1294.103932595816,0.0,19411.34787658674,1351.654090908318,0.0,0.9137456650518204,21.50370292594182,22.41744859099364,0.0453305775697963,1.325550486703044,21.276745837247805,22.60229632395085,0.0656400000000001,1.5140226119662366,0.075173556075514,299.9250100389133,1.0,0.1681049788527724,3.8073252713643417,0.0089741188986941,4.106054946992675,0.0062478658511742,False,,,6416.9,132.59671941643202
486,74.921413,-69.4561,,,0,0,0,0,0,0,0,0,0,0,0,0,11.143229887241093,13.721199573760158,13.782641781188415,0.0,1613052.0490392635,1269.8290223526296,0.0,1613052.0490392635,1330.2651468198271,0.0,1613052.0490392635,1388.593530714636,0.0,16.079124822249,6.760175177751001,22.8393,1.3220671577724712,18.16604575758902,6.20741494085735,24.373460698446372,1.4850000000000012,19.14237669898435,1.5719999999999992,31.77776375942193,0.0,2.3512780807149403,3.7327012761817926,0.0179472901790828,4.0243638241632205,0.0231379614908855,False,ClassicalCep,*|cC*|Ce*|MIR|NIR|V*,5403.825,223.31394800817972
487,74.931386,-68.523003,instability_strip,medium,0,0,0,0,1,0,0,0,0,0,0,0,74.185,11.72388665167898,11.724,1.0,302683.1269360556,1264.7821352501387,0.0,302683.1269360556,1325.100266317982,0.0,302683.1269360556,1383.31814948174,0.0,4.160262242289619,72.16290000000001,76.32316224228963,0.0603230996420336,5.753457510163614,71.55514,77.30859751016361,0.0840630996420337,7.400838914483771,0.1083230996420336,1167.3756361800315,0.0,0.5737896826587743,3.777937669753833,0.0025770005798961,4.728320876783296,0.0066547957536722,False,Star,*|NIR,5997.05,35.585074118231084
488,74.952992,-67.818863,hot_dim,low,0,0,0,0,1,0,0,0,0,0,0,0,33.396560659788435,12.59078675423903,12.591011529682136,0.0,4924011.7043122575,3086.0031164338893,0.0,4924011.7043122575,3179.5941150555423,0.0,4924011.7043122575,3268.977274439721,0.0,1.777830965324,32.55460430763131,34.33243527295531,0.0576209060589487,2.5226782430063324,32.21655845402341,34.73923669702974,0.0816209060589496,3.1417239728034865,0.1016209060589492,103.3462680022299,0.0,0.245245467925162,3.914224119786018,0.0292819482324683,4.2543893552438155,0.0209629009617272,False,Star,*|MIR|NIR,8207.75,553.4007928255976
489,74.964046,-70.222679,hot_dim,low,0,0,0,0,1,0,0,0,0,0,0,0,32.814,12.609565001403231,12.61,0.0,41878.85791591331,1241.5652281060345,0.0,41878.85791591331,1301.337503939314,0.0,41878.85791591331,1359.044196792467,0.0,1.4258236222611558,32.16231981345762,33.58814343571878,0.0469999999999988,2.0262923521312786,31.830018712722502,33.856311064853784,0.067619999999998,2.3326640093139943,0.0769999999999999,400.1233836203487,0.0,0.1232644296602609,3.9122127539194023,0.0103714285116981,4.201630139999981,0.0080444916091649,True,Star,*|MIR|NIR,8169.825,195.10438071709208
490,74.998596,-67.085793,hot_dim,low,0,0,0,0,1,0,0,0,0,0,0,0,18.445,13.235234890323945,13.235064134776296,0.0,117922.3922969302,2751.957482039556,0.0,117922.3922969302,2840.400137639477,0.0,117922.3922969302,2924.960592810955,0.0,0.9718747196127352,17.961638580449787,18.93351330006252,0.0570003479566221,1.4234525448651103,17.721008901874686,19.144461446739797,0.083992825657102,1.680839583640342,0.0990395501108079,880.0364209844637,0.0,0.0404269425195351,3.8498200452870184,0.0088457895906229,4.022910574282712,0.0064182112383151,False,,,7076.525,144.13595795289945
491,75.031533,-68.449997,,,0,0,0,0,0,0,0,0,0,0,0,0,30.569807441572767,12.691634426456536,12.686542512940438,1.0,4972055.029948887,1270.8383884796883,0.0,4972055.029948887,1331.298083214285,0.0,4972055.029948887,1389.6485406717318,0.0,43.70252917472408,16.51847082527591,60.22099999999998,1.404542512940436,50.65251621019492,14.996483789805088,65.649,1.6029004062114112,54.51238433754118,1.731542512940436,133.2988471422112,0.0,4.140701660127917,3.732164488338888,0.0158827546616674,4.680753790831874,0.0285266785459489,False,ClassicalCep,*|cC*|Ce*|Em*|EmO|MIR|NIR|SB*|V*|V*?,5397.15,197.38129977280016
492,75.04305,-67.152191,,,0,0,0,0,0,0,0,0,0,0,0,0,13.453337159845676,13.577820195497534,13.578,0.0,182159.89839164595,2723.77938067339,0.0,182159.89839164595,2811.7738021211903,0.0,182159.89839164595,2895.914380063012,0.0,0.7982609305471371,13.060681098759783,13.85894202930692,0.0643195669021423,1.1492190628153036,12.875976898978887,14.025195961794193,0.0926686690295177,1.374962906672998,0.1109999999999971,876.4912027240705,0.0,0.0542252729287125,3.916584217355152,0.0142394456194232,3.843190518906427,0.0093865676134716,False,Star,*|MIR|NIR,8252.475,270.57831467987234
493,75.133394,-67.940735,,,0,0,0,0,0,0,0,0,0,0,0,0,17.352084516026366,13.30141491557802,13.301851186973114,0.0,50989.201172869725,3173.5204951292544,0.0,50989.201172869725,3268.4136103851656,0.0,50989.201172869725,3359.0165432999174,0.0,0.9459609417511352,16.893283997730784,17.83924493948192,0.0589986898005125,1.382440472302239,16.664663418396653,18.047103890698892,0.0866768692142265,1.6463843891071228,0.103583117007286,41.79327067171586,1.0,0.1577759513584312,3.935298129387029,0.0440279211741126,3.9450471365311057,0.025937485118541,False,Star,*|MIR|NIR,8615.85,873.4579426051376
494,75.136946,-70.496994,,,0,0,0,0,0,0,0,0,0,0,0,0,33.69840043817069,12.579844603966285,12.580993902411278,0.0,65251.16051573085,1250.6503466296308,0.0,65251.16051573085,1310.636826353891,0.0,65251.16051573085,1368.5441193922486,0.0,1.7299140616086175,32.916774077145845,34.64668813875446,0.0556024390354892,2.4940422218235696,32.55975777817643,35.0538,0.0801556097361189,3.114688107932885,0.1000000000000014,132.77702359197178,0.0,0.3653784805885337,4.02229637179785,0.0113309170433721,4.326610907200869,0.0201351483047503,False,Star,*|MIR|NIR,10526.8,274.6484298152822
495,75.158007,-67.764633,hot_dim,high,1,0,0,0,0,0,0,0,0,0,0,0,21.116368580480632,13.088168685995624,13.088469679576292,0.0,76673.67886920048,2626.155103786987,0.0,76673.67886920048,2712.578387502539,0.0,76673.67886920048,2795.2472312439386,0.0,1.1873485892625837,20.56465,21.751998589262584,0.060627625506763,1.6383219267568876,20.351822388562983,21.99014431531987,0.0838350346686791,2.1149130946446313,0.1082780145230106,3.5241461688189446,0.0,0.3356172286199279,3.901153063689667,0.0186585332509029,4.0028340606044805,0.0069228818830379,False,Star,*|MIR|NIR,7964.4,342.17340633076674
496,75.206093,-68.119324,,,0,0,0,0,0,0,0,0,0,0,0,0,34.84720634646102,12.545279376284713,12.544784806196168,0.0,507501.3309519278,3079.967164729889,0.0,507501.3309519278,3173.4676817165823,0.0,507501.3309519278,3262.7660815788568,0.0,1.891479755382825,33.86975836525725,35.76123812064007,0.0589017642041387,2.7618799779256307,33.47752210084257,36.2394020787682,0.0861205085301435,3.2536658285370237,0.1017063727831271,4.117281493969939,1.0,0.4888134664460568,3.9653393077561776,0.0597363829360128,4.148366312664705,0.0380281375627219,True,Star,*|MIR|NIR,9232.925,1269.971336044637
497,75.206554,-68.434021,,,0,0,0,0,0,0,0,0,0,0,0,0,19.143,13.19424962089246,13.195,0.0,20826.398142346945,1243.584170432419,0.0,20826.398142346945,1303.40411530635,0.0,20826.398142346945,1361.1554497643274,0.0,0.9921128108585436,18.69704585777199,19.689158668630533,0.0559999999999991,1.3732352421508338,18.495912061375368,19.8691473035262,0.0780373658648621,1.7756298376967443,0.1003131213479271,325.8194814352469,0.0,0.1776163556674445,3.929059845693381,0.0289061379309427,3.965099839378035,0.0182752808083506,False,Star,*|MIR|NIR,8492.975,565.2825836473294
498,75.209047,-69.642174,hot_dim,medium,0,0,0,0,1,0,0,0,0,0,0,0,22.4645,13.019023713692995,13.021000000000004,0.0,33804.19361650602,1211.2792048241554,0.0,33804.19361650602,1270.3316942301424,0.0,33804.19361650602,1327.3643181826617,0.0,1.1920220764498062,22.00785688280937,23.199878959259177,0.0569999999999968,1.5811470963837309,21.80874177102442,23.38988886740815,0.0760628963026182,1.945974915396608,0.0939999999999994,380.369016934723,0.0,0.2692245411135639,3.9111855838638543,0.011701134620952,4.041755747570449,0.0075176955920802,False,Star,*|MIR|NIR,8150.525,219.5984389174932
499,75.229871,-66.637321,,,0,0,0,0,0,0,0,0,0,0,0,0,11.724028512797595,13.632748665847965,13.727540684001417,0.0,4230632.871272418,1834.589778214884,0.0,4230632.871272418,1907.006837247122,0.0,4230632.871272418,1976.5562519142356,0.0,16.24179358676548,8.559404296457288,24.80119788322277,1.1550000000000011,18.946666765042337,8.263475184659281,27.21014194970162,1.293681239798664,20.130175500241123,1.4007755356669058,27.874522255119036,0.0,2.389829977505952,3.699330319245987,0.0027890569097375,3.9637498287323862,0.0087818154972122,True,ClassicalCep,*|cC*|Ce*|MIR|NIR|s*y|V*,5004.15,32.13685578895359
500,75.24744,-66.644096,,,0,0,0,0,0,0,0,0,0,0,0,0,14.634992644254448,13.486088321395078,13.486499818028788,0.0,66508.85385201951,1955.508540090307,0.0,66508.85385201951,2030.237811634696,0.0,66508.85385201951,2101.9529486133247,0.0,0.960709094461368,14.182042306963217,15.142751401424585,0.0715001819712153,1.3992350872332242,13.976293694896846,15.37552878213007,0.1040951328389852,1.7507439555554374,0.129999999999999,382.5229354909053,0.0,0.1330743282765438,3.9265816543547944,0.0148708347014494,3.87628010529643,0.0122244731283937,False,Star,*|MIR|NIR,8444.65,289.1563201799331
501,75.255055,-66.10524,hot_dim,medium,0,0,0,0,1,0,0,0,0,0,0,0,24.249617723822247,12.937933332450278,12.93824411577068,0.0,98739.80949475303,1965.583794448665,0.0,98739.80949475303,2040.5024563453544,0.0,98739.80949475303,2112.394986751102,0.0,1.1237733966136254,23.711586061410333,24.83535945802396,0.0500881009480114,1.5678104643611803,23.48374803895047,25.05155850331165,0.0703502988535067,1.9791199493148213,0.0891685445759176,902.697406619707,0.0,0.1004173580993506,3.958305809836992,0.0713425915276845,4.112200378053235,0.0520457293731569,False,Star,*|NIR,9084.6,1492.348933728302
502,75.343363,-70.258026,,,0,0,0,0,0,0,0,0,0,0,0,0,25.87752261205912,12.867347483936472,12.868000000000002,0.0,38772.70995332314,1247.62200857294,0.0,38772.70995332314,1307.5371745117914,0.0,38772.70995332314,1365.377682698268,0.0,1.3568119214043115,25.240938078595686,26.59775,0.0569999999999986,1.906063548803953,24.95432907524296,26.860392624046913,0.0797538520408132,2.2680140329307967,0.0950154081632508,445.3026246690589,0.0,0.1714172736633659,4.088409873801683,0.0202997680929592,4.306111880783938,0.0338873103844783,False,Star,*|MIR|NIR,12257.725,572.9498881883126
503,75.380222,-66.954361,RSG,medium,0,1,0,0,0,0,0,0,0,0,0,0,5.628,14.52504957213326,14.524,0.0,27846.006787092265,1956.5160743026915,0.0,27846.006787092265,2031.2643069659105,0.0,27846.006787092265,2102.9972039594218,0.0,0.6026764452572664,5.323949465864677,5.926625911121944,0.1166238439733007,0.8732558874057483,5.183904112594251,6.05716,0.1687239328078842,1.063560029107009,0.2060039328078815,1048.016519310558,0.0,0.0640175847842792,3.6529904842944463,0.0025450457999653,4.0055696413647155,0.0089994427304283,False,,,4497.7,26.35735191554721
504,75.386393,-68.220688,hot_dim,medium,0,0,0,0,1,0,0,0,0,0,0,0,34.335,12.560015022086043,12.561,0.0,79235.66249178817,1254.6880768823305,0.0,79235.66249178817,1314.76950624487,0.0,79235.66249178817,1372.7657190621303,0.0,2.244544218407981,33.23321498880139,35.477759207209374,0.0709650846853389,3.17264201534001,32.77899967027949,35.9516416856195,0.1004158645034589,4.006999999999998,0.1259999999999994,125.0639695005892,0.0,0.4041825617206936,3.934517388090089,0.0735692812255822,4.2600030969399985,0.0424486948833224,True,Star,*|MIR|NIR,8600.375,1456.8994849937314
505,75.461606,-69.414696,,,0,0,0,0,0,0,0,0,0,0,0,0,14.576850713781097,13.489734499617702,13.491,0.0,15760.9529396068,1237.527296749888,0.0,15760.9529396068,1297.2041170047653,0.0,15760.9529396068,1354.821416717777,0.0,0.8381731122798595,14.20632688772014,15.0445,0.0620000000000011,1.170620645239815,14.053176879442118,15.223797524681933,0.0869020571232788,1.4293207945844344,0.1059999999999998,386.48603672685493,0.0,0.0871668596216775,3.929164661291712,0.0212934598686129,3.8544703667161624,0.0136143272816529,False,Star,*|MIR|NIR,8495.025,416.511103543471
506,75.480705,-70.525101,instability_strip,high,0,0,0,0,1,0,0,0,0,0,0,0,15.666,13.414747257148196,13.412669768389826,0.0,28717.72262764226,1254.6880768823305,0.0,28717.72262764226,1314.76950624487,0.0,28717.72262764226,1372.7657190621303,0.0,1.0734139600589927,15.082586039941006,16.156,0.0745981389661043,1.434864445980054,14.872462871025249,16.307327317005303,0.1000102316101738,1.93837341875677,0.1343302316101748,346.52872417228036,0.0,0.1894145372486747,3.693522501077555,0.0096035883122741,4.082382332576645,0.0133221202674038,False,Star,*|MIR|NIR,4937.675,109.18719876890331
507,75.508911,-70.1511,hot_dim,medium,0,0,0,0,1,0,0,0,0,0,0,0,27.016,12.82012481950298,12.821,0.0,36959.53432300888,1242.5747012112088,0.0,36959.53432300888,1302.370816450486,0.0,36959.53432300888,1360.099834677103,0.0,1.3263204439207996,26.421,27.7473204439208,0.0533925045036838,1.8660438495084224,26.161703207194744,28.027747056703166,0.074921499099263,2.2744187838681853,0.0909999999999975,387.6476890668356,0.0,0.2370941187416367,3.915373449569812,0.0117979866783783,4.117128893430087,0.0120668516273062,False,Star,*|MIR|NIR,8229.5,223.56151278786783
508,75.57528,-66.10759,instability_strip,medium,0,0,0,0,1,0,0,0,0,0,0,0,35.884,12.512804915514597,12.513000000000002,0.0,27768.642728768777,666.3326150920437,0.0,27768.642728768777,710.4211170671646,0.0,27768.642728768777,753.442662950013,0.0,1.1580000000000013,35.3,36.458,0.0350000000000001,1.6624999999999943,34.991,36.653499999999994,0.0504999999999977,1.985999999999997,0.0600000000000005,560.5568500860805,0.0,0.1292077397062569,3.7899929551999807,0.0107414140220624,4.023755773848446,0.0093594113335498,False,,,6165.85,152.50009016390777
509,75.744805,-65.93792,hot_dim,medium,0,0,0,0,1,0,0,0,0,0,0,0,35.48977302525347,12.524429672244096,12.524872217742448,0.0,183018.95763207684,1967.598821982725,0.0,183018.95763207684,2042.555303227619,0.0,183018.95763207684,2114.4832573495587,0.0,1.5901684038746993,34.76094451439439,36.35111291826909,0.0483476417370951,2.268731136502481,34.45129,36.72002113650248,0.0692409524063677,2.834525436503611,0.0858144751658738,546.7237689471692,0.0,0.1102051847186873,3.8749845312550257,0.0371569308452203,4.26244494196709,0.0147259954075477,True,Star,*|NIR,7498.675,641.5640999736503
510,75.767477,-70.950439,,,0,0,0,0,0,0,0,0,0,0,0,0,16.54881233724573,13.35291002618334,13.353000000000002,0.0,16365.292169322916,1243.584170432419,0.0,16365.292169322916,1303.40411530635,0.0,16365.292169322916,1361.1554497643274,0.0,0.8427000000000007,16.145,16.9877,0.0549811389567498,1.225074610654179,15.963216438923862,17.18829104957804,0.0807107836183593,1.4972455921268717,0.0980000000000007,444.2979291634616,0.0,0.0836588034816077,3.8926899573746514,0.0076925637959487,3.914702029850767,0.0062545442044271,False,Star,*|MIR|NIR,7810.7,138.34923201810702
511,75.783619,-66.230949,,,0,0,0,0,0,0,0,0,0,0,0,0,9.98171375875128,13.814724549174992,13.90190689952616,0.0,2980697.191040463,1839.6286586654835,0.0,2980697.191040463,1912.143566334298,0.0,2980697.191040463,1981.7846295413256,0.0,14.151096906729713,7.184552518342287,21.335649425072,1.1816931004738418,16.351479459628553,6.9422028520217,23.293682311650254,1.3143714595783835,19.968028462309697,1.9949999999999992,23.99216336865969,0.0,1.856056884509498,3.758372472491216,0.0149293252663829,4.103184737870927,0.0334853991859457,True,ClassicalCep,*|cC*|Ce*|NIR|V*|V*?,5732.875,197.07355067334632
512,75.792006,-70.16497,RSG,medium,0,0,0,0,1,0,0,0,0,0,0,0,5.9425,14.465624418233846,14.465000000000002,0.0,6789.104199309414,1231.470282379101,0.0,6789.104199309414,1291.0036240695777,0.0,6789.104199309414,1348.4865578870072,0.0,0.518980164535094,5.6918999999999995,6.2108801645350935,0.0950000000000006,0.746051430748806,5.558423692970473,6.304475123719279,0.1368200000000001,0.905889420144688,0.1652457552008623,1284.7551514691136,0.0,0.012805971667654,3.628204954601601,0.0021608095859382,4.054797253162181,0.0075119621907679,False,,,4248.2,21.13669794457024
513,75.849929,-68.925583,hot_dim,medium,0,0,0,0,1,0,0,0,0,0,0,0,35.635,12.520070685419396,12.520626300580416,0.0,45563.84381412286,1230.4607662324613,0.0,45563.84381412286,1289.9701602326984,0.0,45563.84381412286,1347.4306673662431,0.0,1.6611767948624632,34.890310061504536,36.551486856367,0.0499999999999989,2.579590420333716,34.43524,37.01483042033371,0.0788698959535665,2.9661374964424425,0.0906263005804159,164.66134119064614,0.0,0.2706074745454064,3.921704679062412,0.0289862815698646,4.266469848815394,0.0159525777334173,False,Star,*|MIR|NIR,8350.35,557.3305818811668
514,75.936254,-69.100464,hot_dim,medium,0,1,0,0,0,0,0,0,0,0,0,0,40.580998884601264,12.379200126756388,12.379,0.0,85445.45216455118,1259.7351536180588,0.0,85445.45216455118,1319.9350534656312,0.0,85445.45216455118,1378.0422133867607,0.0,2.477111567823023,39.38806029774657,41.86517186556959,0.0658654968014289,3.572890396313767,38.93720618843617,42.51009658474994,0.0955200000000005,4.547778632257447,0.1219999999999998,1287.8510814623364,0.0,0.3528866813348337,3.976808337338066,0.0509797472774674,4.2904771573230445,0.0405004082983369,False,Star,*|MIR|NIR,9480.0,1112.8117540716398
515,75.951584,-66.133018,RSG,medium,0,1,0,0,0,0,0,0,0,0,0,0,6.002717037772284,14.45408903858379,14.454090091044788,0.0,49148.403734330146,1968.606332842342,0.0,49148.403734330146,2043.5817164456823,0.0,49148.403734330146,2115.527375577602,0.0,0.7526678081320517,5.642332191867948,6.395,0.1359999999999992,1.0378259693295018,5.509745243456843,6.547571212786345,0.1876136327191488,1.3053276676642094,0.2354007031795379,408.6997504228539,0.0,0.0726803242197881,3.628378711236398,0.0005108445073051,4.1665061988091585,0.0074133142390684,False,,,4249.9,4.998999899979996
516,75.956276,-68.934052,,,0,0,0,0,0,0,0,0,0,0,0,0,7.758880275592542,14.10353819240137,14.175500000000005,0.0,664831.1839604409,1249.6409044630605,0.0,664831.1839604409,1309.6036226172894,0.0,664831.1839604409,1367.4886631060776,0.0,8.722735832626121,5.806214167373876,14.528949999999996,0.9959606663003182,9.68619090642141,5.604269093578589,15.29046,1.0900222468549536,11.292003339416905,1.4110000000000014,25.819754623794804,0.0,1.5987251382238552,3.6793461179854976,0.0072858889200255,3.867302467901181,0.0105360449054189,False,ClassicalCep,*|cC*|Ce*|MIR|NIR|V*|V*?,4779.1,80.17599391339031
517,76.021395,-69.018661,,,0,0,0,0,0,0,0,0,0,0,0,0,20.623,13.114695702627367,13.114,0.0,12143.886033096398,1222.3844947336297,0.0,12143.886033096398,1281.701949148215,0.0,12143.886033096398,1338.9827078105304,0.0,0.8393994415155674,20.198477576352428,21.037877017867995,0.0444696349992561,1.2110105269138067,20.03098947308619,21.242,0.0629999999999988,1.4290359220200877,0.0755303650007448,1159.7496755769184,0.0,0.1418638303920034,3.955153571570549,0.0641902386093594,3.9647232217582657,0.0270913724845847,False,,,9018.9,1333.024864734338
518,76.04151,-67.330482,,,0,0,0,0,0,0,0,0,0,0,0,0,76.212,11.695973129838404,11.695,1.0,841979.6179897129,1977.673843625659,0.0,841979.6179897129,2052.819129662451,0.0,841979.6179897129,2124.923929074185,0.0,5.592184309256453,73.29235,78.88453430925645,0.0792129663982734,7.533017882458552,72.36499570492322,79.89801358738177,0.1075404554648749,9.298929038990636,0.1327257956575884,1178.1105018099224,0.0,0.2634839204927427,4.0633314821348945,0.061433362776199,4.720194108330378,0.0670572391097686,False,Star,*|MIR|NIR,11569.95,1636.6335868177705
519,76.051742,-67.416496,hot_dim,low,0,0,0,0,1,0,0,0,0,0,0,0,18.328231248782217,13.242328020120706,13.24241507525043,0.0,43066.72791190444,1945.4330901392384,0.0,43066.72791190444,2019.9724791801464,0.0,43066.72791190444,2091.509762036127,0.0,0.8385263267386378,17.918115235382963,18.7566415621216,0.0499126221539203,1.171667729712624,17.76665416346349,18.938321893176113,0.068999999999999,1.4675778998826168,0.0869999999999997,992.2464726208784,0.0,0.0467330321068772,3.960715682902289,0.0413421706959385,4.0333712706141185,0.019754848422519,False,Star,*|MIR|NIR,9135.15,869.6102445923691
520,76.059927,-66.431381,,,0,0,0,0,0,0,0,0,0,0,0,0,,,,,,,,,,,,,,,,,,,,,,,,,,,3.7625116395586504,0.0119038286079902,3.980951062418858,0.024667002241588,False,,,5787.775,158.6404720586774
521,76.064453,-69.026779,,,0,0,0,0,0,0,0,0,0,0,0,0,8.218,14.034896683142804,14.113,0.0,472317.1356508774,1190.0768345957083,0.0,472317.1356508774,1248.6200546583557,0.0,472317.1356508774,1305.175760657667,0.0,7.355329406208141,6.479757976203504,13.835087382411643,0.8231570200058496,8.795448530178184,6.254311469821812,15.049759999999996,0.95306204399337,10.989259321075483,1.3007382999902504,17.2101087319855,0.0,1.7239496989201435,3.793563403027874,0.0254056399715584,3.891375876640765,0.0124384534376924,False,ClassicalCep,*|cC*|Ce*|MIR|NIR|V*|V*?,6216.75,363.6714691861323
522,76.149149,-68.748634,hot_bright,medium,0,1,0,0,0,0,0,0,0,0,0,0,50.30041848592147,12.14610806710298,12.146226188522515,0.0,163426.18571971837,1269.8290223526296,0.0,163426.18571971837,1330.2651468198271,0.0,163426.18571971837,1388.593530714636,0.0,3.43737192130893,48.592399722132015,52.029771643440945,0.074502977460364,4.791272748583083,47.95580624815175,52.747078996734835,0.1035299999999974,6.126364745680341,0.1319999999999996,192.92326084807263,0.0,0.5444411418281192,3.9282255324067625,0.0373323618346447,4.427696741475063,0.0196052370226124,True,EmLine*,*|Em*|EmO|MIR|NIR|PN|Rad,8476.675,728.6629497751344
523,76.167037,-68.949463,hot_dim,low,0,1,0,0,0,0,0,0,0,0,0,0,23.52579091662792,12.972302856496118,12.971000000000002,0.0,55310.15957346609,1258.725745897677,0.0,55310.15957346609,1318.901970835884,0.0,55310.15957346609,1376.9869592885675,0.0,1.9555061027858365,22.54577569304992,24.50128179583576,0.0908748229265903,2.918244519924709,22.00147091717337,24.91971543709808,0.135035049580555,3.558759403232802,0.1650000000000009,66.28153655062033,0.0,0.4619046635644563,3.9885199399646702,0.0231753900839165,4.005960987538424,0.0368242537061499,False,HighPM*,*|NIR|PM*,9739.125,519.7119244110145
524,76.209054,-68.13121,,,0,0,0,0,0,0,0,0,0,0,0,0,58.13597552000917,11.989134529836717,11.988873759804909,0.0,2152329.6980380593,3210.738352412711,0.0,2152329.6980380593,3306.179762221672,0.0,2152329.6980380593,3397.2963186388843,0.0,7.706963311575976,54.30839387769287,62.01535718926885,0.1437152951814617,10.677688327947486,52.76886447732536,63.446552805272844,0.2000641768861939,14.125495196839225,0.265422393652134,18.24522480737748,0.0,2.0581965720043955,4.085272735033534,0.0388485103624839,4.670692019238927,0.045773417283384,False,BlueSG,*|MIR|NIR|s*b,12169.5,1088.586124291505
525,76.217287,-69.062897,,,0,0,0,0,0,0,0,0,0,0,0,0,25.76927002594747,12.872663795132588,12.872432239751454,0.0,149838.49987763228,1828.5430505714385,0.0,149838.49987763228,1900.8425123340176,0.0,149838.49987763228,1970.281781292144,0.0,1.1198996493444184,25.1891,26.30899964934442,0.0469999999999988,1.6680168725926556,24.924349336014632,26.592366208607288,0.0699956776024883,1.9088704434140311,0.0808394091707374,110.18919671704798,1.0,0.2260619995354953,3.78425879827942,0.0148425501180728,4.2193280592925175,0.0060487198034458,False,Star,*|NIR,6084.975,207.9615334022136
526,76.229829,-68.551895,,,0,0,0,0,0,0,0,0,0,0,0,0,15.881741822368443,13.39792489569913,13.398,0.0,81849.18670421964,1812.4180614515071,0.0,81849.18670421964,1884.402969145618,0.0,81849.18670421964,1953.5476163659712,0.0,0.8837166036977013,15.458918550552331,16.342635154250033,0.0604347426887379,1.2758881051556248,15.242592624477846,16.51848072963347,0.0875212607176418,1.5269331093936742,0.1040517606983755,25.35201923706052,1.0,0.2244578209186014,3.869338812935158,0.0205195744081579,3.931864234828564,0.0069394442783006,False,,,7401.825,349.7219172070861
527,76.229918,-68.967377,,,0,0,0,0,0,0,0,0,0,0,0,0,15.839320896203654,13.40068269893385,13.401,0.0,87961.11604076544,1819.472812859433,0.0,87961.11604076544,1891.595510737611,0.0,87961.11604076544,1960.8692166933936,0.0,0.7807640221779941,15.456885250132316,16.23764927231031,0.053008127907054,1.0893033266627707,15.3061780344603,16.39548136112307,0.074992522325509,1.344421431533796,0.0920081279070537,588.5961402169098,1.0,0.0398676711518656,3.8244821737878265,0.0196352733076295,3.9577899297852257,0.0065545088217901,False,,,6675.475,301.8108254768208
528,76.304923,-68.553238,hot_dim,medium,0,1,0,0,0,0,0,0,0,0,0,0,40.04663901717552,12.393685763574194,12.39362488565729,0.0,78837.77303373249,1856.7604523816349,0.0,78837.77303373249,1929.607039412963,0.0,78837.77303373249,1999.558766003615,0.0,1.861591347179569,39.13728673594232,40.99887808312189,0.0506051909385867,2.6874928686856094,38.79920828673584,41.48670115542145,0.0726863311833252,3.346318393349108,0.091000000000001,771.5468310564981,0.0,0.0319029001566482,3.9967075420715696,0.0553124620709702,4.277431456359783,0.0497706763748543,True,Star,*|MIR|NIR,9924.475,1263.9975175509642
529,76.336289,-70.741852,,,0,0,0,0,0,0,0,0,0,0,0,0,114.9495961845245,11.249461668083228,11.2487456552746,0.0,3260108.2671896173,2672.452582757453,0.0,3260108.2671896173,2759.624540881086,0.0,3260108.2671896173,2842.994690016219,0.0,14.948427472557654,107.6668147565792,122.61524222913684,0.141382460389714,21.0346613484202,104.41826551288491,125.45292686130512,0.1987111085988466,26.191105620181855,0.2483046008619993,423.2834462809897,0.0,1.5082095211320106,4.033154248452626,0.0679829254599442,4.843364043247578,0.0681204307718207,False,EmLine*,*|Em*|MIR|NIR,10793.3,1689.545089661711
530,76.341489,-67.120789,hot_dim,medium,0,0,0,0,1,0,0,0,0,0,0,0,35.32345457180499,12.529470382163993,12.529781239057964,0.0,116424.16784609572,1938.3801579756805,0.0,116424.16784609572,2012.7863343709107,0.0,116424.16784609572,2084.198843296944,0.0,1.4253954868094354,34.64710451319057,36.072500000000005,0.0437161436006299,2.0610228665804087,34.300460953206844,36.36148381978725,0.0629934904542715,2.3667655935755363,0.0732838563993709,327.8708272781869,0.0,0.0803000254293201,3.891556969823279,0.0178400967216362,4.271086265028363,0.0062844130795155,False,Supergiant,*|MIR|NIR|sg*,7790.35,320.0146520083104
531,76.371157,-68.965065,,,0,0,0,0,0,0,0,0,0,0,0,0,12.906344845844664,13.623622299991345,13.62314814427599,0.0,40469.06125339912,3131.271634459605,0.0,40469.06125339912,3225.5384275284277,0.0,40469.06125339912,3315.5546447287197,0.0,0.6672431045991871,12.564411108164888,13.231654212764075,0.0560370360689983,0.9664657200235548,12.428435745163943,13.3949014651875,0.0816157943861171,1.115340114463363,0.0933958521258837,375.2190752091783,1.0,0.0526735277888726,3.951066607500576,0.0195621440180294,3.825779944640076,0.0134968667624078,False,Star,*|MIR|NIR,8934.425,402.4377832348747
532,76.424819,-67.751686,hot_dim,low,0,0,0,0,1,0,0,0,0,0,0,0,40.71406116251234,12.37535030300663,12.375907400751684,0.0,124427.48656159652,1959.5386652195923,0.0,124427.48656159652,2034.343751748743,0.0,124427.48656159652,2106.1299011812,0.0,1.6554112659989784,39.95529219047601,41.61070345647499,0.0440709753006363,2.32647261876663,39.598353286975446,41.924825905742075,0.0619511059040078,2.821989301762315,0.0760000000000005,731.0493346165491,0.0,0.1971228676720971,3.882703796841469,0.018820493540864,4.322297088821458,0.0083689313933792,False,Star,*|MIR|NIR,7633.15,330.7885691797708
533,76.474828,-68.180702,,,0,0,0,0,0,0,0,0,0,0,0,0,71.43799212394109,11.782470831051349,11.76498838106739,1.0,19554237.67031617,4388.074358681961,0.0,19554237.67031617,4499.462115393272,0.0,19554237.67031617,4605.517083679252,0.0,37.74121840655293,52.224724381711354,89.96594278826429,0.5908957776091022,47.57414511823722,47.34282332397379,94.91696844221102,0.7550684264621257,63.051578586228594,1.0100491073817892,2.0428519743498126,0.0,5.8505723885157535,4.117487560235137,0.0384057971860204,4.660794344624399,0.0361248964298779,False,EmLine*,*|EB*|Em*|EmO|MIR|NIR|V*,13106.525,1159.0442935345482
534,76.492217,-70.534889,instability_strip,high,0,1,0,0,0,0,0,0,0,0,0,0,106.45861778354634,11.332406574973175,11.332060894489423,0.0,940056.2062497776,2668.4268185031656,0.0,940056.2062497776,2755.5339349056267,0.0,940056.2062497776,2838.843344779067,0.0,6.456138971201625,103.27860501340098,109.7347439846026,0.0659999999999971,9.68131918554701,101.71774069420565,111.39905987975264,0.0987175455038897,12.080418713099562,0.1232576677014041,422.87294342176347,0.0,0.7759807070364606,3.742177009064248,0.0056845505662988,4.934765204285806,0.0066636006889845,False,Star,*|MIR|NIR,5523.025,72.29176560992268
535,76.536993,-71.25724,,,0,0,0,0,0,0,0,0,0,0,0,0,18.498811103270757,13.189490889449392,13.232,1.0,8962021.985155828,3279.1354521350568,0.0,8962021.985155828,3375.576267681564,0.0,8962021.985155828,3467.629035929428,0.0,27.411691820597035,10.802945081090067,38.2146369016871,1.3714019381374936,30.463520738421614,10.06,40.52352073842162,1.5129464297389532,32.73586489959624,1.6214581750824806,42.194976952769146,0.0,1.6472469355584654,3.6976520944124873,0.0069263935127254,4.194802984254522,0.013594566626135,False,ClassicalCep,*|cC*|Ce*|MIR|NIR|s*y|V*,4984.85,79.50143080473458
536,76.568824,-68.368561,RSG,medium,0,1,0,0,0,0,0,0,0,0,0,0,8.043835566733852,14.136827201068092,14.136503976672902,0.0,60765.5098156006,3228.8438777536726,0.0,60765.5098156006,3324.5508696790703,0.0,60765.5098156006,3415.916214703494,0.0,0.8319994378860471,7.631167555973645,8.463166993859693,0.1123790814597853,1.204045669650326,7.424706097239958,8.628751766890284,0.1629254145377618,1.4651356928987322,0.1991248952131208,374.8251110840537,0.0,0.0843403250843911,3.670389666107885,0.0118081066183449,4.190950104934232,0.0067706709826165,False,Star,*|NIR,4681.55,127.28746010507083
537,76.580081,-71.470123,hot_dim,high,0,0,1,0,0,0,0,0,0,0,1,0,21.82047716211512,13.054555874628823,13.053,0.0,356902.86575807974,3274.106396370647,0.0,356902.86575807974,3370.474085414962,0.0,356902.86575807974,3462.4583509341933,0.0,2.879255437025641,20.350811698312175,23.230067135337816,0.1437002011257995,3.943911896255411,19.79242724803094,23.73633914428635,0.1972921756756473,5.108469502733136,0.2543233730247838,130.82072139334838,0.0,0.4653498636335312,3.8853400137285266,0.0135344474540763,4.063898327982454,0.0087887074812464,False,Supergiant,*|Em*|EmO|MIR|NIR|sg*,7679.625,239.3294995920896
538,76.595263,-69.819595,,,0,0,0,0,0,0,0,0,0,0,0,0,14.75036337637189,13.477701677488104,13.478017673489209,0.0,37109.76847985946,3211.74422277109,0.0,37109.76847985946,3307.2004068698175,0.0,37109.76847985946,3398.330803349741,0.0,0.7266089472896091,14.402717753360822,15.12932670065043,0.0538074513227613,1.046179603187067,14.240177243196753,15.28635684638382,0.0769125624059849,1.2619319304881298,0.0930000000000017,382.3006351566993,0.0,0.0528988795053122,3.893714613865355,0.008145108438524,3.8921221210398302,0.0067717352786769,False,Star,*|MIR|NIR,7829.15,146.83418369031102
539,76.614421,-68.511215,hot_bright,high,0,0,1,0,0,0,0,0,1,0,0,0,59.503486235420795,11.963856487506671,11.963712500500796,1.0,2163697.559207773,3276.118021367999,0.0,2163697.559207773,3372.514967786525,0.0,2163697.559207773,3464.526640739949,0.0,10.232788385940587,54.39455266725664,64.62734105319723,0.1870164977412578,13.408667727966211,52.86375397711269,66.2724217050789,0.2452012724433583,19.23571534901277,0.3496883844991121,101.08441867711518,0.0,2.251013144522815,3.920887367060223,0.0234711638906741,4.546874695166707,0.0095294514433859,True,SB*,*|Em*|EmO|MIR|NIR|SB*,8334.65,450.4407591459725
540,76.614966,-68.364449,,,0,0,0,0,0,0,0,0,0,0,0,0,11.671000657894734,13.732553320240084,13.73200462553319,0.0,21683.161368860223,3220.797014441427,0.0,21683.161368860223,3316.386062575786,0.0,21683.161368860223,3407.640921696754,0.0,0.6938148843831193,11.32409836749658,12.0179132518797,0.0646188576862094,0.9681391293478168,11.183312784186011,12.15145191353383,0.0901334908872382,1.227053787205591,0.1140000000000007,392.5398871174885,0.0,0.0536393656176603,3.655678564824641,0.0176849189841352,3.9926534743708455,0.0075676275155521,False,,,4525.625,184.2881151214044
541,76.63928,-68.363991,instability_strip,medium,0,0,0,0,1,0,0,0,0,0,0,0,77.6347425869804,11.674546173393557,11.674935468522657,0.0,231693.6647671635,3241.91990553165,0.0,231693.6647671635,3337.818241295179,0.0,231693.6647671635,3429.362831106636,0.0,2.5882485258089076,76.4294191989938,79.0176677248027,0.0360532124921153,3.63852660154852,75.88423305917752,79.52275966072604,0.0509917027999602,4.552043855027108,0.0633014254676389,319.68888065205385,0.0,0.2079816900539487,3.719378940729317,0.0195570530119139,4.53884853528206,0.0319340526345714,False,LongPeriodV*,*|LP*|NIR,5240.575,235.99241380815613
542,76.68745,-68.346352,hot_dim,low,0,0,0,0,1,0,0,0,0,0,0,0,25.789558129953587,12.871589753019752,12.87132594570748,0.0,49367.43550378828,3234.8789867020287,0.0,49367.43550378828,3330.6743394962205,0.0,49367.43550378828,3422.1224581393703,0.0,1.134929143787577,25.220087704739903,26.35501684852748,0.0476292039161698,1.6510555142820706,24.980082235755493,26.631137750037563,0.0698513590858347,1.9091384044383268,0.0809999999999995,442.9080762430264,0.0,0.0285411569184839,3.932143859716962,0.0651688437067242,4.10453247145037,0.0328797210361331,False,Star,*|MIR|NIR,8553.5,1283.5109076279796
543,76.690052,-68.986404,hot_dim,medium,0,0,0,0,1,0,0,0,0,0,0,0,23.731838440190742,12.962031902801264,12.961878861062065,0.0,65778.48559777332,3239.908219002156,0.0,65778.48559777332,3335.7771425470833,0.0,65778.48559777332,3427.2941799242017,0.0,1.1091454501109863,23.166,24.275145450110987,0.0506007883847754,1.6084356979052572,22.91394396182022,24.522379659725477,0.0738524952302004,1.927001458218488,0.0881211389379359,758.0264650195826,0.0,0.0507921223844214,3.849800099205024,0.0292626464748172,4.117633775978309,0.0072915018759933,False,Star,*|MIR|NIR,7076.2,476.7924705781332
544,76.693142,-69.049408,hot_dim,low,0,0,0,0,1,0,0,0,0,0,0,0,25.410295554120506,12.887773328620373,12.88738002055056,0.0,52833.41312235365,3228.8438777536726,0.0,52833.41312235365,3324.5508696790703,0.0,52833.41312235365,3415.916214703494,0.0,1.024781909539172,24.8916,25.916381909539172,0.0436485005912778,1.481738761166998,24.6609064712852,26.1426452324522,0.0636281991146816,1.8102370266199408,0.0777512464068017,882.2662848723875,0.0,0.0632520333611285,3.85281077319285,0.010486198356645,4.198082291639068,0.0059689883454908,False,Star,*|NIR,7125.425,172.04598040930802
545,76.69987,-70.037064,,,0,0,0,0,0,0,0,0,0,0,0,0,17.999069964387267,13.264260890310368,13.261694127567672,0.0,6409244.560856771,3280.1412605980113,0.0,6409244.560856771,3376.596694675802,0.0,6409244.560856771,3468.663157130567,0.0,20.21425855591781,10.416582071286266,30.630840627204076,1.1712305905887082,22.271151045077595,9.677497236626245,31.948648281703836,1.2967283013213944,24.517479747845563,1.4876378752288524,47.387416575573866,0.0,1.570387663158939,3.741858426791004,0.0052765330772362,4.343172795293672,0.0065876896565212,False,ClassicalCep,*|cC*|Ce*|NIR|s*y|V*,5518.975,67.05370515489804
546,76.782532,-68.888756,,,0,0,0,0,0,0,0,0,0,0,0,0,9.676019412071858,13.876600871158455,13.936134162635105,0.0,4246444.00932468,3278.129642776013,0.0,4246444.00932468,3374.555837536244,0.0,4246444.00932468,3466.59490946557,0.0,14.90288038655695,5.851209162911699,20.75408954946865,1.374389421132847,16.383763212743677,5.5711903629839155,21.954953575727593,1.4887604004379824,18.43072700620517,1.7159999999999993,31.066078292914437,0.0,1.5612693559158128,3.721445803003355,0.0206567927144592,3.946334802863065,0.0219438552350845,False,ClassicalCep,*|cC*|Ce*|MIR|NIR|V*|V*?,5265.575,250.4519302680656
547,76.814063,-70.200775,,,0,0,0,0,0,0,0,0,0,0,0,0,12.822,13.630223767843304,13.630000000000004,0.0,30237.284198283713,3210.738352412711,0.0,30237.284198283713,3306.179762221672,0.0,30237.284198283713,3397.2963186388843,0.0,0.635014278851477,12.500510816012584,13.13552509486406,0.0540000000000002,0.9440192148989368,12.342450164750126,13.286469379649064,0.0806600610560686,1.1545141680196451,0.0979999999999972,19.645174754071196,0.0,0.1535868710022833,3.761783174731222,0.008843352613392,3.987629766777173,0.0066797974226097,False,,,5778.075,117.6564676292808
548,76.816581,-68.883507,,,0,0,0,0,0,0,0,0,0,0,0,0,33.5145,12.585894342080143,12.587000000000002,1.0,4914408.164219199,3280.1412605980113,0.0,4914408.164219199,3376.596694675802,0.0,4914408.164219199,3468.663157130567,0.0,13.707600091732434,27.50023966123045,41.20783975296288,0.4391892489020588,15.139286312915043,26.910851147030893,42.05013745994594,0.4840810210891746,17.47221802087706,0.5598037055728557,53.131011084345936,0.0,1.34472435644082,3.748360547239447,0.0098077464923455,4.495162801935127,0.006536929941973,False,ClassicalCep,*|cC*|Ce*|MIR|NIR|RR*|s*y|V*,5602.225,126.51600442236548
549,76.828802,-68.427116,hot_dim,low,0,0,0,0,1,0,0,0,0,0,0,0,26.480814024271588,12.84265781249822,12.843,0.0,50536.205147919296,3235.8848349896393,0.0,50536.205147919296,3331.6949065330555,0.0,50536.205147919296,3423.1568132296743,0.0,1.1084219851088832,25.94342804443588,27.051850029544763,0.0451479586862184,1.5879190986278608,25.71042966138671,27.29834876001457,0.0649411007313371,1.9347065985706244,0.0791649457160925,375.43302263400034,0.0,0.1258931352521226,3.900994899440057,0.0571153290116484,4.164899574543687,0.0214428937736425,False,Star,*|NIR|X,7961.5,1047.0399944605745
550,76.833749,-70.454239,,,0,0,0,0,0,0,0,0,0,0,0,0,11.11836876072815,13.68034401506103,13.784808287318764,0.0,4242078.910847419,2997.47222594308,0.0,4242078.910847419,3089.7271042973166,0.0,4242078.910847419,3177.8586438026578,0.0,15.815031657117515,8.041388824559599,23.856420481677116,1.1807310617502988,17.97685817431055,7.553297334873508,25.53015550918406,1.3227055788130464,19.604846565606913,1.496488365297486,26.322409481379225,0.0,1.4245817204066031,3.707778757664347,0.0156577855226178,3.9367340013738032,0.0160310883219229,True,ClassicalCep,*|cC*|Ce*|MIR|NIR|s*y|V*,5102.45,183.96058681141457
551,76.871172,-68.311821,hot_dim,medium,0,0,0,0,1,0,0,0,0,0,0,0,26.692115823036957,12.834473023888023,12.834298737595375,0.0,55040.71469579612,3229.8497315356303,0.0,55040.71469579612,3325.571456036647,0.0,55040.71469579612,3416.9506020618637,0.0,1.203912406795439,26.08178759320456,27.2857,0.0494812013669818,1.727431283242293,25.84789782468393,27.575329107926223,0.0700355447313594,2.051000000000002,0.0834812013669843,267.96320550650245,0.0,0.0859373769281067,3.9155000860362064,0.0353808735275801,4.146362099536733,0.0228560063215164,False,Star,*|MIR|NIR,8231.9,670.632082441632
552,76.878954,-65.3396,hot_dim,medium,0,0,0,0,1,0,0,0,0,0,0,0,24.78766143955373,12.914198267588691,12.914244830871723,0.0,157390.0295360243,1961.5537160791575,0.0,157390.0295360243,2036.396680648313,0.0,157390.0295360243,2108.218308737701,0.0,1.3832461593498948,24.144247937874496,25.52749409722439,0.0608489146820794,1.9942656670596683,23.84631,25.840575667059667,0.0872771904789537,2.4158923715912195,0.1059999999999998,383.3969328534895,0.0,0.289097861235719,3.881701273836139,0.0071137331106317,4.106015305786532,0.0089804536870719,False,Star,*|MIR|NIR,7615.55,124.7425248261394
553,76.938948,-69.162407,RSG,medium,0,1,0,0,0,0,0,0,0,0,0,0,9.630062482723034,13.941842261032887,13.940905032481549,0.0,46699.37747813423,3260.0249206075196,0.0,46699.37747813423,3356.1875544171853,0.0,46699.37747813423,3447.9797304050267,0.0,0.9309109099894196,9.165183055557383,10.096093965546803,0.1054140323656209,1.2698091161878668,9.016186817982426,10.285995934170291,0.1432411897971501,1.6166652164936297,0.1818782393261759,839.612753458,0.0,0.1111234759629593,3.653123232955443,0.0014652003516023,4.246861841466933,0.0070693288266074,True,Star,*|MIR|NIR,4499.075,15.17874747797064
554,76.976827,-69.458702,hot_dim,low,0,0,0,0,1,0,0,0,0,0,0,0,22.046017319038786,13.041949236267742,13.041788018961476,0.0,47835.893685517345,3211.74422277109,0.0,47835.893685517345,3307.2004068698175,0.0,47835.893685517345,3398.330803349741,0.0,0.9196433455930304,21.580834836417708,22.50047818201074,0.0449999999999999,1.319301817605815,21.383081957248834,22.70238377485465,0.0650529952596343,1.538841217045146,0.0760643474349613,127.50939271827104,0.0,0.0944953329449833,3.9136575841848105,0.0330370872046698,4.014985393045005,0.0121503434494193,False,Star,*|MIR|NIR,8197.05,623.5553684317055
555,76.977897,-68.676727,hot_dim,medium,0,0,0,0,1,0,0,0,0,0,0,0,27.30221081473114,12.809418296859002,12.809411449587154,0.0,44577.150346746705,3230.8555844007883,0.0,44577.150346746705,3326.5920391703185,0.0,44577.150346746705,3417.9849840359084,0.0,1.0033905626541468,26.80731353066789,27.81070409332204,0.0399833658974486,1.3970577403503768,26.621653052145053,28.01871079249543,0.0556088407722636,1.714404415672842,0.0680609376144065,424.86911890938336,0.0,0.0839824667350629,3.9744794533501326,0.0892611912133471,4.0652536165336155,0.0506729265261971,False,Star,*|MIR|NIR,9429.3,1938.0180623513288
556,76.998653,-66.655083,hot_dim,medium,0,0,0,0,1,0,0,0,0,0,0,0,21.26085879814608,13.080749737934054,13.081247559189404,0.0,95313.43717266317,1950.47083965921,0.0,95313.43717266317,2025.1052317106296,0.0,95313.43717266317,2096.731499439283,0.0,1.1414024997369197,20.72303190617435,21.86443440591127,0.0579841987044265,1.6254899277475907,20.472078098862607,22.097568026610197,0.0829455369783307,2.038584983152198,0.1042475591894032,323.90972558879304,0.0,0.1661963774697367,3.902419026854796,0.0139002058381261,4.028175097440137,0.0072702009218836,False,Star,*|MIR|NIR,7987.65,255.6559748959527
557,77.004271,-67.097099,,,0,0,0,0,0,0,0,0,0,0,0,0,30.663,12.683014418878916,12.683769218630772,0.0,84951.39262919742,1954.5010039220117,0.0,84951.39262919742,2029.2113094260997,0.0,84951.39262919742,2100.9086817829293,0.0,1.0938660465862071,30.161834198009476,31.255700244595683,0.0382903439790229,1.5634943953903218,29.93626,31.499754395390323,0.0557046933607825,1.9825939330470028,0.0702307813692275,319.05979972098334,0.0,0.1186391822293697,4.097348429071917,0.0289152111457655,4.456806078087022,0.0450665170214403,False,Star,*|MIR|NIR,12512.625,833.0872459562684
558,77.02987,-66.98938,hot_dim,medium,0,0,0,0,1,0,0,0,0,0,0,0,24.3493802579164,12.933756979329845,12.934,0.0,90133.86987282164,1963.568759151491,0.0,90133.86987282164,2038.449582166366,0.0,90133.86987282164,2110.306670570712,0.0,1.0996262461168629,23.826052342729778,24.925678588846637,0.0491616287852227,1.5932504463505417,23.59105717609866,25.1843076224492,0.0709916220366793,1.9849608299214552,0.0883534848591001,320.2193438789336,0.0,0.1662919786667296,3.9433225942593846,0.0145380210437135,4.056443112301122,0.0158064448887163,False,Star,*|MIR|NIR,8776.525,293.7944423827653
559,77.076109,-68.779739,,,0,0,0,0,0,0,0,0,0,0,0,0,16.060906515007165,13.33713290728872,13.385889885164527,0.0,3281660.89020847,3280.1412605980113,0.0,3281660.89020847,3376.596694675802,0.0,3281660.89020847,3468.663157130567,0.0,12.384980258612137,12.503719741387863,24.8887,0.7474700454100809,13.549639127996508,12.150429432696727,25.700068560693236,0.8135209683689482,15.440575205340735,0.9203060303046318,30.41471223581849,0.0,0.5108425144947704,3.791243144337036,0.026280009456904,4.113466207827747,0.0088392267188503,False,ClassicalCep,*|cC*|Ce*|MIR|NIR|V*|V*?,6183.625,374.1832564065367
560,77.160077,-67.785843,hot_dim,low,0,0,0,0,1,0,0,0,0,0,0,0,27.743317540679204,12.79184767104336,12.792279430528538,0.0,112371.98916626026,3337.4708750837076,0.0,112371.98916626026,3434.7558714895436,0.0,112371.98916626026,3527.599444602537,0.0,1.329187676722242,27.107562708784585,28.436750385506823,0.052042634990304,1.9335009208385756,26.818446212317173,28.75194713315575,0.0753504465239593,2.299574923150505,0.0901834505420318,458.88989216132705,0.0,0.0269227133904219,3.9150778208009775,0.025726017052973,4.1553471849293455,0.0179837913498771,False,Star,*|MIR|NIR,8223.9,487.1537642264504
561,77.242485,-68.48764,instability_strip,low,0,0,0,0,1,0,0,0,0,0,0,0,21.077650280150262,13.091056063126214,13.090369567291605,0.0,45367.86185964116,3243.931588414525,0.0,45367.86185964116,3339.859327220022,0.0,45367.86185964116,3431.431460872611,0.0,0.9350156842464834,20.58118129508859,21.51619697933508,0.0484238633685905,1.3776296776989234,20.375720658412895,21.75335033611182,0.0713744182381344,1.705634889046685,0.087574002794831,340.22374305969646,0.0,0.0947784937657926,3.7998882422329343,0.0188414011525573,4.176401443037648,0.0068834388002088,False,,,6307.95,273.6636576164252
562,77.286327,-68.985405,instability_strip,medium,0,0,0,0,1,0,0,0,0,0,0,0,32.815261415377094,12.610200341589117,12.609833771526365,0.0,149342.07287793502,3237.8965288226264,0.0,149342.07287793502,3333.7360309637197,0.0,149342.07287793502,3425.2255073052456,0.0,1.5074801768435933,32.05932176674978,33.566801943593376,0.050229001098339,2.149180376262972,31.73177962373703,33.88096,0.0709983377152632,2.67075194064412,0.088017004795029,125.44115277800177,0.0,0.1835176029131645,3.79375372645514,0.0251198948059172,4.34869712418398,0.0099819584078237,False,Star,*|NIR,6219.475,359.7387585109505
563,77.333966,-70.457497,,,0,0,0,0,0,0,0,0,0,0,0,0,19.796149479075886,13.102578162364662,13.158517026813424,1.0,7260080.071239912,2607.031462366691,0.0,7260080.071239912,2693.14357421337,0.0,7260080.071239912,2775.5209349139373,0.0,24.865099875999736,12.626458173406252,37.49155804940599,1.1814738815343926,27.094029269734072,12.130813662585348,39.22484293231942,1.2744622564180084,29.279059748018568,1.3635706167810984,37.59557458666028,0.0,1.6368613173936897,3.74359990675448,0.0168384330408104,4.235057059720433,0.0254590199200838,False,ClassicalCep,*|cC*|Ce*|MIR|NIR|s*y|V*,5541.15,214.8410517103284
564,77.357488,-70.553963,,,0,0,0,0,0,0,0,0,0,0,0,0,23.263440513277978,12.983325996726794,12.983030994976987,0.0,68584.4612225744,2541.6049888233933,0.0,68584.4612225744,2626.643783850482,0.0,68584.4612225744,2708.015743687045,0.0,0.963531845901862,22.790173379564592,23.753705225466454,0.0450000000000017,1.3785829547374142,22.602338022628416,23.98092097736583,0.0647457577308898,1.627179553336525,0.0760309949769872,5.762514016788366,1.0,0.2684625569371313,3.940004442852904,0.0359947382036209,4.07081721677847,0.0256829938586203,False,Star,*|MIR|NIR,8709.725,721.8702614563091
565,77.366182,-68.85215,RSG,medium,0,0,0,0,1,0,0,0,0,0,0,0,17.86,13.27066007906741,13.270518461235095,0.0,46356.07405344696,2643.2653467907944,0.0,46356.07405344696,2729.966082334303,0.0,46356.07405344696,2812.8948230595342,0.0,0.7251708255790099,17.474757437415647,18.199928262994657,0.0442019228485133,1.039962976640922,17.299342872047795,18.339305848688717,0.0632049912993171,1.278149453470867,0.0779999999999976,372.2381961689581,0.0,0.0951039428206354,3.664804100698344,0.0156222480472477,4.075693471767224,0.0071536419656644,False,Star,*|NIR,4621.725,166.25063721682392
566,77.418324,-71.04985,RSG,medium,0,1,0,0,0,0,0,0,0,0,0,0,6.7877862440783625,14.320834299180186,14.32060228194398,0.0,121460.72505612216,2561.736793932549,0.0,121460.72505612216,2647.1073060240765,0.0,121460.72505612216,2728.7899923230775,0.0,0.5935095992814494,6.494326114949117,7.087835714230566,0.09482102687479,0.8413350535409494,6.37329,7.214625053540949,0.1343977180560234,1.0590620852331627,0.16921431530778,321.96393049453314,0.0,0.0692464501814317,3.653157017045845,0.0011559291266278,4.12102959756079,0.0068186165599234,False,Star,*|NIR,4499.425,11.975782855412838
567,77.472865,-68.612206,,,0,0,0,0,0,0,0,0,0,0,0,0,15.777,13.404523033961176,13.405,0.0,17786.824050398493,2015.957184642697,0.0,17786.824050398493,2091.815547589578,0.0,17786.824050398493,2164.58825777382,0.0,0.6808521282201383,15.457,16.13785212822014,0.0466947356848379,1.0104075280770282,15.29109,16.30149752807703,0.0695750411355486,1.2151465736028315,0.0841593789102557,7.613988394224876,1.0,0.1998256941473842,3.910356222622757,0.037378858757994,3.8992524217013633,0.0164850853226718,False,Star,*|MIR|NIR,8134.975,700.1610524550762
568,77.504119,-68.902481,hot_dim,medium,0,0,0,0,1,0,0,0,0,0,0,0,62.692256288164415,11.907115871111564,11.907,0.0,50081.38400078342,1986.7411986550744,0.0,50081.38400078342,2062.055995215518,0.0,50081.38400078342,2134.319568042317,0.0,1.3632611643227506,61.965541929814904,63.328803094137655,0.0238514404097625,1.97939546366932,61.65295638556955,63.63235184923887,0.0340000000000006,2.3534367065053488,0.0404322189837316,402.9842160054845,0.0,0.1710408363986555,3.8744412275333633,0.022704468637261,4.316049603087031,0.0065000747873835,False,Star,*|MIR|NIR,7489.3,391.5328977238056
569,77.527956,-67.315636,,,0,0,0,0,0,0,0,0,0,0,0,0,12.597847185377775,13.64869907331074,13.6494743027931,0.0,33719.342758114086,1948.4557457526248,0.0,33719.342758114086,2023.0521514489587,0.0,33719.342758114086,2094.642839128539,0.0,0.6604677180785785,12.305083128801344,12.96555084687992,0.0569999999999986,0.9663192176086906,12.1448,13.11111921760869,0.0829051394413795,1.1188147798230403,0.0964743027930978,389.2321439255576,0.0,0.0357612747558403,3.980399967339657,0.0437081689177893,3.846406609794436,0.0328560542199673,False,Star,*|NIR|X,9558.725,962.0070812499252
570,77.544668,-68.243187,hot_dim,medium,0,0,0,0,1,0,0,0,0,0,0,0,36.81056111762822,12.48482052788928,12.485,0.0,314082.3049573201,2603.0053744917886,0.0,314082.3049573201,2689.0518302642886,0.0,314082.3049573201,2771.3676892207227,0.0,1.4922005410568673,36.086464741734254,37.57866528279112,0.0440591798224154,2.1316627043991616,35.78616328952421,37.91782599392337,0.063042396693115,2.5032477071439487,0.074059179822413,185.1408997742996,0.0,0.2507942607523898,3.861976246436981,0.0405008166416316,4.317707530371817,0.0126343036992305,False,Star,*|MIR|NIR,7277.4,678.665410935315
571,77.579111,-65.274826,,,0,0,0,0,0,0,0,0,0,0,0,0,17.138803503460355,13.31548366162034,13.315,0.0,67056.89358847748,1949.46329368846,0.0,67056.89358847748,2024.078695034612,0.0,67056.89358847748,2095.6871750529835,0.0,0.9154394742710464,16.6641,17.579539474271048,0.0583622145841591,1.2650518817723366,16.48318734736715,17.748239229139486,0.080290276183577,1.5850910216516994,0.1003622145841607,757.9392602041968,0.0,0.1301089090279272,3.919305644919775,0.0062310731138009,3.922063329366449,0.0105330199236193,False,,,8304.35,119.14729329699436
572,77.660807,-69.715027,,,0,0,0,0,0,0,0,0,0,0,0,0,1.136,16.262510803641998,16.261473463699257,0.0,7683.444864025158,1970.6213487542432,0.0,7683.444864025158,2045.6345224620152,0.0,7683.444864025158,2117.6155779353,0.0,0.3848596556248715,0.9570591403190224,1.3419187959438938,0.3667342445071959,0.574668528512927,0.8519427075271834,1.4266112360401104,0.5596077600441305,0.6749999999999999,0.6660000000000004,996.4652558818648,0.0,0.0041678686601479,3.6020599913279625,0.0,3.553866106614657,0.0120120390925392,False,LongPeriodV*,*|LP*|NIR,4000.0,0.0
573,77.770308,-70.243507,instability_strip,low,0,0,0,0,1,0,0,0,0,0,0,0,18.565030670432016,13.22845127276559,13.228392672887928,0.0,29770.811267057208,1982.711282246344,0.0,29770.811267057208,2057.95078900667,0.0,29770.811267057208,2130.143841000816,0.0,0.7326654624969677,18.20379548036619,18.936460942863157,0.0425576109779921,1.02920267844544,18.03954,19.06874267844544,0.060459999999999,1.225287366461128,0.0723926728879238,307.45854448318363,0.0,0.1038331029182739,3.7504216044226815,0.010546517469933,4.1765747334796295,0.0060289208988877,False,Star,*|NIR,5628.875,136.69302972353785
574,77.773078,-68.018791,,,0,0,0,0,0,0,0,0,0,0,0,0,6.989747400586038,14.289275659137564,14.289,0.0,23906.11772510285,3916.6539250025385,0.0,23906.11772510285,4021.9499492333066,0.0,23906.11772510285,4122.298143894076,0.0,0.5535821160571643,6.714333023993562,7.267915140050726,0.0858932747620162,0.792131452062395,6.609919558307606,7.402051010370001,0.1229999999999993,0.9620738732386034,0.1501334065474786,343.2889792372073,0.0,0.0279279032166012,3.628314838201267,0.0014206936152681,3.2683478581799665,0.0087207747839051,True,LongPeriodV*,*|LP*|LP?|NIR|V*,4249.275,13.90051707671337
575,77.904951,-69.304825,RSG,medium,0,0,0,0,1,0,0,0,0,0,0,0,4.607037883224097,14.742946318002778,14.741415811085382,0.0,10571.637423731176,1981.7037983590933,0.0,10571.637423731176,2056.9244706291347,0.0,10571.637423731176,2129.099881144266,0.0,0.4877146264072678,4.357087524184378,4.844802150591645,0.1151683778292351,0.6883642250037951,4.266925774996205,4.95529,0.1623848385254369,0.8326910577071116,0.1970000000000009,905.657881912003,0.0,0.0217934333289836,3.650991944640947,0.0139433107747357,4.060083680451746,0.0084215778006635,False,Star,*|NIR,4477.05,143.73864302963207
576,77.946825,-69.4328,,,0,0,0,0,0,0,0,0,0,0,0,0,0.9000003598926868,16.520838089100238,16.51414453890236,0.0,5353.709685296573,1934.3498674531793,0.0,5353.709685296573,2008.6798127010577,0.0,5353.709685296573,2080.020919611095,0.0,0.3369380258462703,0.7360621572840099,1.0730001831302802,0.4091739822218407,0.5095216111140992,0.6445678282657537,1.1540894393798529,0.6333079679344777,0.575,0.7170000000000023,321.84020179444605,0.0,0.021548541416824,3.602070848554295,0.0005427459492503,3.235718321842582,0.0099943595793492,True,LongPeriodV*,*|LP*|NIR,4000.1,4.998999899979995
577,77.960234,-69.351288,,,0,0,0,0,0,0,0,0,0,0,0,0,17.26460602120354,13.306972149280735,13.30706398350632,0.0,23942.179102223876,1970.6213487542432,0.0,23942.179102223876,2045.6345224620152,0.0,23942.179102223876,2117.6155779353,0.0,0.7319538054407033,16.917026600007688,17.64898040544839,0.0459360164936839,0.9769931870119776,16.79794,17.774933187011978,0.0616255535182705,1.1930955804772303,0.0750000000000028,32.246338615199235,1.0,0.1348932660501789,3.909832723585173,0.0440986673740203,3.935768543547426,0.0204126469610952,False,Star,*|MIR|NIR,8125.175,825.0378593585873
578,77.964982,-70.576408,,,0,0,0,0,0,0,0,0,0,0,0,0,18.89339077046492,13.208670901157353,13.209340002192109,0.0,35988.65998010281,1984.7262442758265,0.0,35988.65998010281,2060.003405561026,0.0,35988.65998010281,2132.2317269812665,0.0,0.8342402789148409,18.500823265477745,19.335063544392582,0.0477279982463123,1.1734841407282983,18.328311451021264,19.501795591749563,0.0675828668004463,1.3394996567820776,0.0773400021921073,386.7694303722917,0.0,0.052630221270078,3.8951890361768338,0.0261199260621491,3.9977915693099937,0.0090916072766116,False,Star,*|MIR|NIR,7855.775,472.47264404936715
579,77.966916,-67.166054,instability_strip,medium,0,0,0,0,1,0,0,0,0,0,0,0,39.56,12.407028495529552,12.407000000000002,0.0,216670.37586862757,1960.546191623535,0.0,216670.37586862757,2035.370219623875,0.0,216670.37586862757,2107.1741106793233,0.0,2.071001770081118,38.5773769418897,40.64837871197082,0.0570000000000003,3.012227706565824,38.086723159636634,41.09895086620246,0.0824108505823577,3.6718477275857566,0.1010000000000026,319.8330960555657,0.0,0.2611359346645523,3.734295659482198,0.0209615629972006,4.480136475902886,0.0088440975575958,True,Star,*|MIR|NIR,5423.7,261.7791244541856
580,78.028352,-67.198875,,,0,0,0,0,0,0,0,0,0,0,0,0,19.2283682938754,13.190429641099042,13.19049354699941,0.0,55550.728643442984,1957.523606560688,0.0,55550.728643442984,2032.2907954250948,0.0,55550.728643442984,2104.0414478301536,0.0,0.8950000000000031,18.807,19.702,0.0500855708941134,1.2942338402256794,18.604299742101087,19.898533582326767,0.0735060018134188,1.615536270970722,0.0915064530005924,324.82343248782297,0.0,0.1585713173497686,4.023705042622037,0.0637095411399849,4.007562339493429,0.0511884537007974,False,Star,*|MIR|NIR,10561.0,1549.2632119817472
581,78.141871,-65.826668,,,0,0,0,0,0,0,0,0,0,0,0,0,19.44073159138987,13.179003106771876,13.178252739285536,0.0,89462.56258267598,1931.327128689222,0.0,89462.56258267598,2005.5998480583216,0.0,89462.56258267598,2076.8873542952592,0.0,1.0393177454709177,18.888726254840204,19.92804400031112,0.0585480533779936,1.4650435420126584,18.66387914250252,20.128922684515175,0.0819969252389665,1.812711322121551,0.1010000000000026,819.5228230404111,0.0,0.2000347938642592,3.901256657319518,0.005250818236279,3.997740639842057,0.0098036127998087,False,Supergiant_Candidate,*|MIR|NIR|sg?,7966.3,96.3161980146642
582,78.197533,-69.23555,,,0,0,0,0,0,0,0,0,0,0,0,0,13.62031733285773,13.564599490545444,13.564595117574369,0.0,18280.911115287643,1976.666350138809,0.0,18280.911115287643,2051.792777530686,0.0,18280.911115287643,2123.879912852359,0.0,0.6701059817206652,13.288228972291874,13.95833495401254,0.0534112289243768,0.9539439295052752,13.168812267272612,14.122756196777887,0.0754048824256337,1.13829055059494,0.0903146184593683,864.6527452593173,1.0,0.0065012808747354,3.927935963448891,0.0213628764689823,3.839271875117287,0.0156769445480587,False,,,8471.025,416.68837201798664
583,78.22591,-69.236984,,,0,0,0,0,0,0,0,0,0,0,0,0,19.039,13.201240302535007,13.201,0.0,27204.36476953028,1988.7561453958103,0.0,27204.36476953028,2064.1085580113618,0.0,27204.36476953028,2136.407364252774,0.0,0.8219999999999992,18.631,19.453,0.0463604931568895,1.180486179348602,18.45129785742683,19.631784036775436,0.0671792290221962,1.3980290293072812,0.0803604931568866,950.8337922918856,0.0,0.0281683056893886,3.9200893957088945,0.0200890143481838,3.966991184122782,0.0137313250078614,False,,,8319.35,384.8253857270853
584,78.285377,-70.139542,RSG,high,0,1,0,0,0,0,0,0,0,0,0,0,11.920199996088812,13.714475476224534,13.709065933471589,0.0,284144.38527016295,2015.957184642697,0.0,284144.38527016295,2091.815547589578,0.0,284144.38527016295,2164.58825777382,0.0,2.5836310631323496,10.566944272158418,13.150575335290767,0.2370112593629425,3.596165296264438,9.85324385190349,13.449409148167929,0.3384526028112287,4.381295278506974,0.4089228071654673,174.6653024752452,0.0,0.5497203983118524,3.628388930050312,0.0,4.442830608123722,0.0070558623337237,False,LongPeriodV*,*|Ev*|LP*|MIR|NIR,4250.0,0.0
585,78.316665,-67.296463,hot_dim,high,0,0,0,1,0,0,0,0,0,0,0,0,73.81285342679574,11.72815125693229,11.729756884646218,0.0,575699.704863034,1966.5913091853329,0.0,575699.704863034,2041.528883195935,0.0,575699.704863034,2113.439127743661,0.0,4.778276522783997,71.67930794084924,76.45758446363324,0.0700000000000002,6.445277010225439,70.88480298977456,77.33008,0.0944597727432192,8.008505594169065,0.1175783493242601,325.99600044965797,0.0,0.7119223658231089,3.91884649411835,0.044253517722301,4.5788974389332955,0.0229953575291607,False,Star,*|MIR|NIR,8295.575,845.2982724310988
586,78.319998,-69.556137,,,0,0,0,0,0,0,0,0,0,0,0,0,11.306798533829172,13.766813230607074,13.767,0.0,14314.367048927415,1985.7337224209964,0.0,14314.367048927415,2061.0297037481764,0.0,14314.367048927415,2133.275653122412,0.0,0.5338000217765035,11.04593204521204,11.579732066988544,0.0509999999999983,0.7349806955134675,10.940821613626571,11.67580230914004,0.0704842230917162,0.9314153465219626,0.0895371406591127,1340.8483475275557,0.0,0.0244092465793333,3.740457434318509,0.0168694091449549,3.9146376598694186,0.008141769812087,True,,,5501.2,213.684487036378
587,78.37822,-69.539902,,,0,0,0,0,0,0,0,0,0,0,0,0,,,,,,,,,,,,,,,,,,,,,,,,,,,4.097513263176096,0.0600318669311097,5.156342545255651,0.0547216390020576,False,,,12517.375,1730.257743625209
588,78.42998,-68.964081,RSG,medium,0,0,0,0,1,0,0,0,0,0,0,0,4.728792387539455,14.71274965357276,14.713000200215848,0.0,9442.673119668763,1974.651357390557,0.0,9442.673119668763,2049.7400529626098,0.0,9442.673119668763,2121.7918465027155,0.0,0.4536241598924597,4.512154016549294,4.965778176441754,0.1039999999999992,0.639691504756553,4.417,5.056691504756553,0.1466608595748173,0.7518245915386554,0.1729997997841525,321.65786726251855,0.0,0.0341860826012871,3.636410157704843,0.0116685643210977,4.05852991108096,0.007462457834534,False,Star,*|NIR,4329.225,116.31702100294692
589,78.454106,-67.446625,,,0,0,0,0,0,0,0,0,0,0,0,0,26.95713924005516,12.818673414751792,12.823109261033174,0.0,407638.9958361979,1950.47083965921,0.0,407638.9958361979,2025.1052317106296,0.0,407638.9958361979,2096.731499439283,0.0,3.5781421603244077,25.44884298510132,29.026985145425726,0.1428016650701433,4.935501001546264,24.77385077739855,29.709351778944814,0.1968842754695394,5.923592909900716,0.2390865993802826,329.3791455471455,0.0,0.603568878872841,3.940976931580292,0.0738306076699624,3.949488565113534,0.0426693713250252,False,Star,*|NIR,8729.25,1483.9834694160174
590,78.471043,-67.376289,hot_bright,high,0,0,0,1,0,0,0,0,0,0,0,0,97.726,11.424535927251563,11.425,0.0,312103.7163052476,1367.7206936905982,0.0,312103.7163052476,1430.400759413325,0.0,312103.7163052476,1490.8306304461069,0.0,3.9772490125653945,95.9489933996745,99.9262424122399,0.0439574182290751,5.708578981894874,95.1888181761542,100.89739715804906,0.0630000000000006,6.792135570971823,0.0752129088546187,295.3928591181725,0.0,0.5892994900358173,3.8473026834331097,0.0274844973005725,4.708026569851517,0.0111301320894525,False,Star,*|MIR|NIR,7035.625,445.252298562287
591,78.473614,-67.063515,,,0,0,0,0,0,0,0,0,0,0,0,0,20.007504626517157,13.11362554901942,13.14684816165978,1.0,6650718.4589209035,1988.7561453958103,0.0,6650718.4589209035,2064.1085580113618,0.0,6650718.4589209035,2136.407364252774,0.0,27.44819985635964,11.721800143640362,39.17,1.309999999999997,29.838469352732425,11.180054635097102,41.018523987829525,1.41164862896081,31.956269932725256,1.5151575259566776,48.341139425632704,0.0,1.7098398792106573,3.695475109487696,0.0132141954035809,4.274370793835588,0.0148757809846994,False,ClassicalCep,*|cC*|Ce*|MIR|NIR|V*,4959.925,150.91469237618983
592,78.507998,-67.451942,,,0,0,0,0,0,0,0,0,0,0,0,0,,,,,,,,,,,,,,,,,,,,,,,,,,,4.02139709028306,0.0695716636444995,4.823337113537407,0.0601747060506208,False,,,10505.025,1682.8490720724187
593,78.518418,-67.264061,hot_bright,medium,0,0,0,0,0,0,1,0,0,0,0,0,89.938,11.514245022970904,11.515000000000002,0.0,221287.53468599444,668.3585531024004,0.0,221287.53468599444,712.5123210256094,0.0,221287.53468599444,755.5949628483104,0.0,5.375,87.3716,92.7466,0.0644000000000009,6.924159999999986,86.72496000000001,93.64912,0.0839199999999991,8.679999999999993,0.1049999999999986,332.6630736593963,0.0,0.8177086507430394,3.9330162937694473,0.063337492800466,4.6924419476997485,0.0260827933693082,False,Supergiant,*|MIR|NIR|sg*,8570.7,1249.9506030239756
594,78.546107,-69.543488,hot_bright,,0,0,0,0,0,0,0,1,0,0,0,0,114.427,11.255586013986017,11.254,0.0,1144264.584014192,731.143751014563,0.0,1144264.584014192,777.2732792817321,0.0,1144264.584014192,822.2055187934981,0.0,17.286299999999997,105.7983,123.0846,0.1640000000000014,22.10686,103.05306,125.15992,0.2115799999999978,29.393,0.2799999999999976,738.8056078303957,0.0,2.185553076454561,3.9583524177667737,0.0172037209463881,4.824626667251966,0.0074082137071946,False,Star,*|MIR|NIR,9085.575,359.9071677182882
595,78.56421,-68.978951,instability_strip,,0,1,0,0,0,0,0,0,0,0,0,0,4.785204089551244,14.700128083880276,14.70037795715207,0.0,7391.955890004507,1949.46329368846,0.0,7391.955890004507,2024.078695034612,0.0,7391.955890004507,2095.6871750529835,0.0,0.4018412336282182,4.592546339024247,4.994387572652466,0.0909703299993101,0.5672909454034354,4.5091214192180855,5.076412364621521,0.1287845571382959,0.6629978778043375,0.1507845571382944,128.67765618869456,1.0,0.0261692846743674,3.8128498781950393,0.0177681154761182,3.560042410879818,0.0067317198663274,False,,,6499.05,265.8930189004593
596,78.578573,-67.263702,,high,0,0,0,0,0,0,0,0,0,0,0,0,24.706,12.920048914785095,12.917971303695133,0.0,305208.2475107496,1984.7262442758265,0.0,305208.2475107496,2060.003405561026,0.0,305208.2475107496,2132.2317269812665,0.0,2.909504475696483,23.23663770779711,26.146142183493595,0.1280287864083238,3.7608927707498054,22.786232343677156,26.54712511442696,0.1660126263741403,5.080880988682349,0.2269999999999985,204.6924482520018,0.0,0.4342063493765228,3.665029565480917,0.0155639105763966,4.733187489255633,0.0071709393480408,False,Star,*|MIR|NIR,4624.125,165.71582415388096
597,78.870786,-66.810394,hot_bright,high,0,0,1,0,0,0,0,0,0,0,0,0,25.461585582173413,12.884499021137806,12.885503453856073,0.0,454267.4198056636,1975.6588547276028,0.0,454267.4198056636,2050.7664186324773,0.0,454267.4198056636,2122.835885331438,0.0,3.4063687423156495,23.78463858622145,27.1910073285371,0.1456499999999998,4.796141225290452,23.10119437588654,27.89733560117699,0.2045544185257757,6.2684301577394415,0.269450473453789,64.59703653664899,0.0,0.8620931055040569,3.854591428301797,0.0107528153925724,4.253836546459765,0.0106561485288313,False,ChemPec*,*|MIR|NIR|Pe*,7154.7,177.1451664596017
598,78.901303,-69.431702,RSG,medium,0,0,0,0,1,0,0,0,0,0,0,0,6.792753430014216,14.320084708818309,14.320004612286318,0.0,9595.500732062575,1985.7337224209964,0.0,9595.500732062575,2061.0297037481764,0.0,9595.500732062575,2133.275653122412,0.0,0.4738812443309346,6.558118755669065,7.032,0.0759960795566279,0.6917075657689811,6.44914,7.140847565768981,0.1105273471404242,0.8332742763910561,0.1332325026595899,1179.3153058536705,0.0,0.014196872491311,3.6488355226104128,0.0110434345277442,4.029656615011915,0.009567504654607,False,LongPeriodV*,*|LP*|NIR,4454.875,113.28055603235713
599,78.933622,-68.991867,,,0,0,0,0,0,0,0,0,0,0,0,0,22.346,13.026854523849044,13.027,0.0,32872.09016354031,1978.6813351896335,0.0,32872.09016354031,2053.8454750329797,0.0,32872.09016354031,2125.9679340056105,0.0,0.8702820215118088,21.927449123760493,22.7977311452723,0.0425299133417027,1.268204343231762,21.730323082422892,22.998527425654657,0.0612141137035049,1.500238324505485,0.0730000000000004,865.0071276573227,1.0,0.0391856852578222,3.908171248433193,0.00954526745848,4.048556506847085,0.0059966009140194,False,Star,*|MIR|NIR,8094.15,177.89962759938535
600,79.075968,-67.240059,,,0,0,0,0,0,0,0,0,0,0,0,0,41.69569749383064,12.349315311083137,12.349545056252676,0.0,195104.97986536412,1965.583794448665,0.0,195104.97986536412,2040.5024563453544,0.0,195104.97986536412,2112.394986751102,0.0,2.1177701677862686,40.69246743603008,42.81023760381635,0.0550083917388413,3.086809616250264,40.15832321484542,43.24513283109568,0.080055944925613,3.713346526706864,0.0970559449256107,503.76285355744466,1.0,0.5144654712943026,3.974077411466543,0.0437791710548375,4.35580389498773,0.027064393914141,False,Star,*|MIR|NIR,9420.575,949.6435749137672
601,79.170383,-69.656197,,,0,0,0,0,0,0,0,0,0,0,0,0,35.737245107984634,12.51724164879869,12.517457596446029,0.0,26828.06823554178,1965.583794448665,0.0,26828.06823554178,2040.5024563453544,0.0,26828.06823554178,2112.394986751102,0.0,0.7964963929766071,35.33570003078764,36.13219642376425,0.0248755986412518,1.152710861035672,35.15463012982652,36.307340990862194,0.0348755986412534,1.3309219209194652,0.0409999999999985,384.0138186304613,0.0,0.0584795886069415,3.678550244342485,0.016755728628301,3.3495807514466054,0.0277753410151967,True,LongPeriodV*,*|LP*|NIR,4770.35,184.0472154095247
602,79.386792,-69.752083,hot_bright,high,0,0,0,1,0,0,0,0,0,0,0,0,67.47155207296129,11.826560566518664,11.82736946866177,0.0,527924.107435428,2009.9126279222112,0.0,527924.107435428,2085.6588560563087,0.0,527924.107435428,2158.326533769115,0.0,3.927084891630315,65.65945,69.58653489163032,0.0635966956475044,5.274317169374058,64.9970249296856,70.27134209905965,0.0850004618247641,6.817749794440786,0.1096305313382313,320.85390188375726,0.0,0.5499133882939017,3.951133439889512,0.0738791337600092,4.536563699455673,0.0388240109478968,False,Supergiant,*|MIR|NIR|sg*,8935.8,1520.0956746205156
603,79.434664,-69.342567,,,0,0,0,0,0,0,0,0,0,0,0,0,21.410280425496666,13.07412524203612,13.0735291900049,0.0,85122.2305044191,2009.9126279222112,0.0,85122.2305044191,2085.6588560563087,0.0,85122.2305044191,2158.326533769115,0.0,1.4657989350968812,20.65415106490312,22.11995,0.0745291900049025,2.032080403720613,20.4391,22.471180403720613,0.1025713560960319,2.662535896569022,0.1354708099951,28.001577360349273,0.0,0.3089369620881526,4.030466134620126,0.0420433160642393,4.128027937372558,0.0417832665035658,False,Be*_Candidate,*|Be?|El*|NIR,10726.7,1038.4337292287844
604,79.554313,-69.874611,hot_dim,medium,0,0,0,0,1,0,0,0,0,0,0,0,24.193408487718965,12.941639660784473,12.941093765345723,0.0,73223.19899336966,2006.8903242489632,0.0,73223.19899336966,2082.5804212835037,0.0,73223.19899336966,2155.195523136867,0.0,1.1398653385571862,23.61070000318037,24.750565341737552,0.0510093765345711,1.6462199999999996,23.36,25.00622,0.0740000000000016,2.0890076434478644,0.0940000000000012,397.7806381165771,0.0,0.2671599495772551,3.898934875451367,0.0244400750680977,4.077416186709212,0.0122198668787368,False,Star,*|MIR|NIR,7923.825,445.9160452091851
605,79.557173,-68.49041,,,0,0,0,0,0,0,0,0,0,0,0,0,22.374183908999665,13.02584456848872,13.025635650531482,0.0,34252.072838618136,1985.7337224209964,0.0,34252.072838618136,2061.0297037481764,0.0,34252.072838618136,2133.275653122412,0.0,0.8967616131548901,21.92425,22.82101161315489,0.0438681867905383,1.3139632003136938,21.71372652766905,23.027689727982743,0.0632884834809246,1.5288418594765467,0.0744961626779812,795.6715011162798,1.0,0.0353350794007996,3.913088982296157,0.0601687485424354,4.098036587270128,0.0246298566978436,False,Star,*|MIR|NIR,8186.325,1134.1634557571497
606,79.579719,-68.718452,,,0,0,0,0,0,0,0,0,0,0,0,0,18.674522305919524,13.222061470625372,13.22190927682986,0.0,29582.582962814497,1979.688824832213,0.0,29582.582962814497,2054.8718136474745,0.0,29582.582962814497,2127.011927655319,0.0,0.736451011850022,18.309998988149975,19.04645,0.042711562564234,1.0531946040339122,18.14976539596609,19.20296,0.060933731183228,1.21949469888008,0.0713848451284668,119.33492995885744,1.0,0.1057371076808187,3.870305856036909,0.017952471496717,4.028147560717891,0.0053190894130251,False,,,7418.325,306.65199228930504
607,79.593344,-69.545151,,,0,0,0,0,0,0,0,0,0,0,0,0,52.28689016373696,12.104002135785816,12.104,0.0,97682.26776488304,2011.927487653062,0.0,97682.26776488304,2087.7111129063346,0.0,97682.26776488304,2160.413819086974,0.0,1.6243008777851529,51.497563121626925,53.12186399941208,0.0339999999999971,2.345524378489124,51.11598,53.46150437848912,0.0489999999999977,3.002118832214549,0.0623082672907173,301.5803038135589,0.0,0.1837323015220644,4.047383914190474,0.0808953603332846,4.260614076340173,0.0633433234405677,False,,,11152.8,2077.4147780354315
608,79.594847,-69.488861,hot_dim,medium,0,0,0,0,1,0,0,0,0,0,0,0,32.603824207023536,12.61659636493046,12.616794962360798,0.0,36653.55715173011,1964.576277771219,0.0,36653.55715173011,2039.4760226705944,0.0,36653.55715173011,2111.3508343630624,0.0,0.9267104071862136,32.16562880968114,33.09233921686735,0.0309999999999988,1.3104370810304609,31.995649147080716,33.30608622811118,0.0438152891120875,1.654207261082863,0.0549999999999979,320.34804107870417,0.0,0.1278626944097639,3.931950876057952,0.0159811107990657,4.116304482118489,0.0082928489088266,False,,,8549.7,314.61072772554974
609,79.604903,-69.686317,hot_dim,medium,0,0,0,0,1,0,0,0,0,0,0,0,23.44565760726125,12.974836266101692,12.975,0.0,37841.83159770337,1985.7337224209964,0.0,37841.83159770337,2061.0297037481764,0.0,37841.83159770337,2133.275653122412,0.0,0.932116122836934,22.978454554804728,23.91057067764166,0.0430622814347714,1.328574393216016,22.785532509517584,24.1141069027336,0.0611785401130138,1.6551990427499348,0.0764152095651482,459.571361461822,0.0,0.1590455089816818,3.990369938147345,0.0627649239342998,4.128909349447126,0.0500559722611612,False,,,9780.7,1413.5222000379051
610,79.712597,-72.120125,RSG,low,0,0,0,0,1,0,0,0,0,0,0,0,8.769751012457316,14.042279029051311,14.04255770191289,0.0,43476.17357042805,3392.786235595729,0.0,43476.17357042805,3490.8649211634206,0.0,43476.17357042805,3584.4520022272673,0.0,0.6917140361639085,8.439883977666739,9.131598013830647,0.0858283692224013,0.9721297082132648,8.310171918541437,9.282301626754702,0.1207466283034044,1.1690349260962185,0.1451874426998642,151.63162802040787,0.0,0.0625410622334383,3.672321877620419,0.0090632488820438,4.115468014811033,0.0085414316167472,False,Star,*|NIR,4702.425,98.1344454052704
611,79.815808,-68.934425,RSG,medium,0,1,0,0,0,0,0,0,0,0,0,0,8.987731750748797,14.016689296967895,14.016000000000002,0.0,28337.943782030776,1976.666350138809,0.0,28337.943782030776,2051.792777530686,0.0,28337.943782030776,2123.879912852359,0.0,0.7152566367806283,8.625597557434842,9.34085419421547,0.0863544242576779,1.0346521143793694,8.469927598581362,9.504579712960732,0.1248630300303084,1.2737571756065886,0.1535256178534343,617.9143031856048,0.0,0.0824520375180563,3.65020792517,0.0088834320118263,4.308345010300648,0.006852420766338,True,Star,*|MIR|NIR,4468.975,91.41224958942864
612,79.846065,-65.858719,,,0,0,0,0,0,0,0,0,0,0,0,0,2.723,15.312527257597756,15.312637832037424,0.0,7806.053514404269,1858.7759171688713,0.0,7806.053514404269,1931.6614237596843,0.0,7806.053514404269,2001.6496039365384,0.0,0.3074907168924845,2.5707824971370368,2.8782732140295213,0.1219999999999998,0.4299821136847828,2.5101991632109377,2.9401812768957205,0.1716001032579601,0.5147644889813225,0.2060000000000013,1334.13860823157,1.0,0.0149960893079546,3.6020599913279625,0.0,3.053085299771977,0.0179122703882537,False,,,4000.0,0.0
613,80.009071,-68.063393,instability_strip,high,0,1,0,0,0,0,0,0,0,0,0,0,43.92663299976013,12.29242459628342,12.293156998144124,1.0,3173696.356746696,3973.9556336911023,0.0,3173696.356746696,4080.0109947531337,0.0,3173696.356746696,4181.070535710985,0.0,10.70127959354511,38.75197857963402,49.45325817317913,0.2645756895961888,14.387127808755174,36.95216239059096,51.33929019934613,0.357227194552836,16.880538798874923,0.4210023253644035,335.2806729508559,0.0,2.802182528515496,3.778903375831701,0.0209924595293355,4.609722294957701,0.0081746545706248,False,LongPeriodV*,*|LP*|NIR,6010.4,290.5242502786988
614,80.035374,-68.918663,hot_dim,medium,0,0,0,0,1,0,0,0,0,0,0,0,26.026,12.86172652107419,12.861341901981316,0.0,55413.0417889373,1992.786016008489,0.0,55413.0417889373,2068.2136031914383,0.0,55413.0417889373,2140.582822396258,0.0,1.038852442798408,25.49711534549037,26.53596778828878,0.0436580980186835,1.4872985037155324,25.2879277640015,26.77522626771703,0.0620570553174495,1.8004039772016007,0.0751584869929189,387.925387812785,0.0,0.2302201718392822,3.873858050111506,0.0169684062087287,4.116623843739138,0.0052476934794871,False,Star,*|MIR|NIR,7479.25,292.22326652749604
615,80.095831,-69.038193,,,0,0,0,0,0,0,0,0,0,0,0,0,,,,,,,,,,,,,,,,,,,,,,,,,,,3.723133320705467,0.0072233118638666,4.068568133407148,0.0088618549611522,False,,,5286.075,87.91953352355777
616,80.105058,-69.498871,,,0,0,0,0,0,0,0,0,0,0,0,0,19.02059653827304,13.201883527467626,13.202,0.0,23198.7855601151,1989.7636159053916,0.0,23198.7855601151,2065.1348293501414,0.0,23198.7855601151,2137.4512455604845,0.0,0.854903169742169,18.605096830257832,19.46,0.0488707012006983,1.2018869541693995,18.43380635289639,19.63569330706579,0.0683113277674696,1.4738896546389348,0.0840724248738524,334.61872114960823,0.0,0.0844433002167027,3.941711390632695,0.0449442271808641,3.9460598980278023,0.0303451467165472,False,EmLine*,*|Em*|NIR,8744.025,904.900850577012
617,80.180023,-69.487755,,,0,0,0,0,0,0,0,0,0,0,0,0,20.242490342725784,13.134096364683153,13.134728013153795,0.0,21946.20957051095,1978.6813351896335,0.0,21946.20957051095,2053.8454750329797,0.0,21946.20957051095,2125.9679340056105,0.0,0.8496209128883443,19.855379087111658,20.705,0.0457280131537967,1.1484352393710573,19.704284463108134,20.85271970247919,0.0618752679323026,1.3811297253616033,0.0740225227108144,1340.5186723576508,0.0,0.0003705016487192,3.9231999650464218,0.0095158898336638,3.995296833326827,0.0068002913732686,False,,,8379.15,183.59677965585345
618,80.265148,-68.048332,,,0,0,0,0,0,0,0,0,0,0,0,0,37.08624704820989,12.477974678209414,12.477165904593404,0.0,420341.4385361446,3959.881733490751,0.0,420341.4385361446,4065.751103361552,0.0,420341.4385361446,4166.636407734963,0.0,2.4777229311133055,35.781118457724375,38.25884138883768,0.0728106672242443,3.517000769190908,35.25036169341061,38.76736246260152,0.1031343827206558,4.368783077047432,0.1280000000000001,343.1451192371315,0.0,0.1682629386120287,4.037323888729113,0.0770645566297961,4.333217183230701,0.0494142374801214,False,Supergiant,*|MIR|NIR|sg*,10897.425,1933.7229944785263
619,80.313532,-69.444946,,,0,0,0,0,0,0,0,0,0,0,0,0,,,,,,,,,,,,,,,,,,,,,,,,,,,4.068019721612079,0.0506241447358832,4.915853786485548,0.055264693799641,False,,,11695.525,1363.305257224148
620,80.325135,-69.513069,,,0,0,0,0,0,0,0,0,0,0,0,0,17.947821892954597,13.265300679479108,13.265000000000002,0.0,18661.593985824267,1970.6213487542432,0.0,18661.593985824267,2045.6345224620152,0.0,18661.593985824267,2117.6155779353,0.0,0.7325878498521128,17.56110181564288,18.29368966549499,0.0445116739486,1.0658873837105425,17.401202574133585,18.467089957844127,0.0645812508946637,1.2278515877850111,0.0744883260513997,996.4652558818648,1.0,0.0138214561847057,3.846313912018584,0.0226821356384497,4.0133948314234384,0.008976202393166,False,,,7019.625,366.61779740623615
621,80.325806,-66.908684,hot_dim,low,0,0,0,0,1,0,0,0,0,0,0,0,24.77,12.91513123019462,12.915,0.0,74779.28119908739,1954.5010039220117,0.0,74779.28119908739,2029.2113094260997,0.0,74779.28119908739,2100.9086817829293,0.0,1.1528966017580125,24.210617783321226,25.363514385079235,0.0503081356579357,1.587411932303791,24.00764808020151,25.5950600125053,0.069147905115809,1.847624838987219,0.0809999999999995,1338.9445770750735,0.0,0.0483878231482499,3.9117207605343984,0.0208478045149013,4.1269427077214305,0.007487551446624,False,Star,*|MIR|NIR,8160.575,391.73896841519354
622,80.54487,-69.096001,,,0,0,0,0,0,0,0,0,0,0,0,0,31.95513542244081,12.638571011604514,12.638601445805646,0.0,94496.19590815576,1976.666350138809,0.0,94496.19590815576,2051.792777530686,0.0,94496.19590815576,2123.879912852359,0.0,1.3696306109568326,31.28230873145003,32.65193934240686,0.0463320406327305,1.8808002032598417,31.010879894810973,32.891680098070815,0.0645534010545532,2.3094145924449485,0.0784465989454474,707.6655829258176,1.0,0.1637432073904935,3.961840946374396,0.0777639777412503,4.238543604690207,0.0488054486799078,False,Star,*|MIR|NIR,9158.85,1639.966974515036
623,80.574008,-69.353386,,,0,0,0,0,0,0,0,0,0,0,0,0,17.059,13.320084357606612,13.32,0.0,35168.651744795745,1978.6813351896335,0.0,35168.651744795745,2053.8454750329797,0.0,35168.651744795745,2125.9679340056105,0.0,0.8051438379645148,16.670642202335358,17.475786040299873,0.0511741040918281,1.1118638019032543,16.5174767557925,17.629340557695755,0.0707452631145972,1.3651525115560368,0.0875094737708046,997.725320465085,0.0,0.0523697640268121,3.926012998870882,0.032348325235539,3.942449823826753,0.0202513402333419,False,Star,*|MIR|NIR,8433.6,628.1747686750878
624,80.590077,-69.404907,,,0,0,0,0,0,0,0,0,0,0,0,0,34.409845361622004,12.5583310157939,12.558,0.0,68929.10897536491,1955.508540090307,0.0,68929.10897536491,2030.237811634696,0.0,68929.10897536491,2101.9529486133247,0.0,1.286372887678759,33.78234501400493,35.06871790168369,0.040615363900109,1.8901400515465951,33.48649797896035,35.376638030506946,0.0589999999999992,2.159884362226002,0.068568501382602,945.3367636141124,1.0,0.0270031926756278,3.907645107388819,0.0169163878036828,4.22371989137906,0.0109965252545827,False,Star,*|MIR|NIR,8084.35,314.8969315506266
625,80.629679,-65.371346,,,0,0,0,0,0,0,0,0,0,0,0,0,19.301605672188305,13.186279885930508,13.186,0.0,53881.18114167583,1936.3650166848515,0.0,53881.18114167583,2010.7330874967704,0.0,53881.18114167583,2082.109904766557,0.0,0.9167894054453712,18.831862489105667,19.74865189455104,0.0514081139278399,1.2816979542461269,18.6464,19.928097954246127,0.0726817430352415,1.5271642934576342,0.0863329111104693,897.6114067936471,1.0,0.0351909504088324,3.755928186807898,0.0075779767830382,4.218502659031926,0.006642827087772,False,,,5700.7,99.47115159683234
626,80.637892,-68.277718,hot_dim,medium,0,0,0,0,1,0,0,0,0,0,0,0,24.516964141888757,12.926233065702496,12.926477958735685,0.0,400654.843555326,2618.103099656192,0.0,400654.843555326,2704.395503081531,0.0,400654.843555326,2786.9417476829453,0.0,1.0841896862007123,23.9829658263567,25.067155512557413,0.0483584690517613,1.5994640304549108,23.7159336792079,25.31539770966281,0.0709999999999997,1.8953115234531843,0.0844779587356843,2.1576069611792623,0.0,0.3017253098310752,3.953162670119811,0.0482106330187739,4.115960495314115,0.031412106068588,False,Star,*|MIR|NIR,8977.65,996.6007111677172
627,80.648671,-68.899925,hot_dim,low,0,0,0,0,1,0,0,0,0,0,0,0,16.929855620170493,13.328538385752262,13.32874308106266,0.0,29962.200715040504,1992.786016008489,0.0,29962.200715040504,2068.2136031914383,0.0,29962.200715040504,2140.582822396258,0.0,0.6903046462444244,16.579521706088013,17.269826352332437,0.0441368013560357,0.9824125298766582,16.44396512998893,17.426377659865587,0.063201931902272,1.207678550152675,0.0768289983049577,205.4203681836848,0.0,0.112493804606723,3.808126537329146,0.0098792032526621,4.095547436821612,0.0070832892585245,True,Star,*|MIR|NIR,6428.75,146.23931584905614
628,80.743821,-65.801697,hot_dim,low,0,0,0,0,1,0,0,0,0,0,0,0,21.548,13.066555523904803,13.066384723188252,0.0,73707.04143170342,1950.47083965921,0.0,73707.04143170342,2025.1052317106296,0.0,73707.04143170342,2096.731499439283,0.0,1.049560296077317,21.03727440782459,22.086834703901907,0.052938472318825,1.5025948168513494,20.84743218480511,22.35002700165646,0.0758646391014128,1.8649999999999984,0.0940000000000012,313.35252004745394,0.0,0.1129754099203468,3.8894921899170902,0.0116759360995669,4.059734353750154,0.0108167479095313,False,PulsV*,*|Pu*,7753.4,208.4488906183
629,80.802722,-68.781891,hot_dim,low,0,0,0,0,1,0,0,0,0,0,0,0,22.971013610638213,12.997303289678172,12.997410056883002,0.0,51569.04438481213,1969.6138417656823,0.0,51569.04438481213,2044.608122855394,0.0,51569.04438481213,2116.571482436588,0.0,0.923815463229772,22.515184536770228,23.439,0.0434250195828784,1.3714697593635314,22.290142648350624,23.661612407714156,0.0642507615539003,1.6020000000000003,0.0760000000000005,947.6838710113552,0.0,0.0271478758955274,3.913518484680374,0.0205591645394808,4.065675247733183,0.0112770735347441,False,,,8194.425,387.9177353189719
630,80.84795,-69.656616,,,0,0,0,0,0,0,0,0,0,0,0,0,30.769782037326657,12.67993030406951,12.68,0.0,56117.69025345979,1982.711282246344,0.0,56117.69025345979,2057.95078900667,0.0,56117.69025345979,2130.143841000816,0.0,1.1061613099847527,30.211277536689643,31.317438846674396,0.0386013605555159,1.540439085638198,30.00012066931878,31.540559754956977,0.0542404640770062,1.8130509540053232,0.0640785687787488,7.902884730482184,1.0,0.3030125827911195,3.9703677999783857,0.0811510951350665,4.239575243887025,0.0429537023588313,False,Star,*|MIR|NIR,9340.45,1745.3312858881548
631,80.906945,-68.777267,,,0,0,0,0,0,0,0,0,0,0,0,0,3.676062489238076,14.987632974859174,14.986316250261664,0.0,10667.107632550167,1967.598821982725,0.0,10667.107632550167,2042.555303227619,0.0,10667.107632550167,2114.4832573495587,0.0,0.3966787072968909,3.474345349064946,3.8710240563618368,0.1173495829301227,0.5794317559017932,3.3909048982218843,3.9703366541236775,0.1716329126596161,0.7010000000000001,0.2069999999999989,760.9924498915134,0.0,0.0122554991127632,3.6419720737182737,0.0123600231849256,3.97901345375336,0.0072777078191261,True,,,4385.025,124.7978340156591
632,80.984144,-65.937645,RSG,low,0,0,0,0,1,0,0,0,0,0,0,0,4.45,14.779098002826808,14.779109572230505,0.0,14256.580053532063,1948.4557457526248,0.0,14256.580053532063,2023.0521514489587,0.0,14256.580053532063,2094.642839128539,0.0,0.4492808398861392,4.226719160113861,4.676,0.1100000000000012,0.6616922248485473,4.130731525159905,4.792423750008452,0.1615999999999999,0.8183279367850833,0.200000000000001,414.42577864712155,0.0,0.0602915745456193,3.6020898480472803,0.0008996877786533,4.0867259945311165,0.010029780064389,False,,,4000.275,8.287000362012781
633,80.987903,-69.777115,,,0,0,0,0,0,0,0,0,0,0,0,0,3.27295221177342,15.113547744333186,15.112473325899357,0.0,8083.646735228529,1971.6288538095191,0.0,8083.646735228529,2046.660915270803,0.0,8083.646735228529,2118.659662082512,0.0,0.4030087054754752,3.0731357302110616,3.4761444356865367,0.1339332820146701,0.5509845055029428,3.006839117778331,3.5578236232812737,0.1828112564321422,0.7055676748011188,0.2349714606695059,948.0173529655642,0.0,0.0193075748594424,3.6020599913279625,0.0,3.761180717136393,0.0259839587322598,True,C*,*|AB*|C*|LP*|MIR|NIR,4000.0,0.0
634,80.988021,-69.776245,,,0,0,0,0,0,0,0,0,0,0,0,0,3.194166756395565,15.139604474506852,15.139227044418234,0.0,8553.686670164265,1973.6438581261864,0.0,8553.686670164265,2048.713680515861,0.0,8553.686670164265,2120.7477963574747,0.0,0.409728911142079,2.989271088857921,3.399,0.1392771089614193,0.5785453798794404,2.9093857135271,3.4879310934065404,0.1970999999999989,0.7262626655981697,0.2477228910385811,948.3503829179532,0.0,0.0044293985403871,3.6069856243620055,0.0133485181843552,3.763245941056782,0.0104250663562128,False,LongPeriodV*,*|LP*|NIR,4045.625,124.34673045560947
635,81.00443,-71.160744,RSG,medium,0,0,0,0,1,0,0,0,0,0,0,0,14.363761220692076,13.507260925459164,13.50707787806734,0.0,130377.11923317565,1979.688824832213,0.0,130377.11923317565,2054.8718136474745,0.0,130377.11923317565,2127.011927655319,0.0,1.493724096350897,13.630855675658973,15.124579772009868,0.1136694125557902,2.200982012149769,13.243414018684286,15.444396030834056,0.1668550899992311,2.6627658149853684,0.2017550784298656,481.2249967286859,0.0,0.3397136304798473,3.6020599913279625,0.0,4.136823802604784,0.0401386510496205,False,Star,*|MIR|NIR,4000.0,0.0
636,81.007614,-69.85527,,,0,0,0,0,0,0,0,0,0,0,0,0,7.102,14.271802759225483,14.27176332411364,0.0,11750.944067772216,1974.651357390557,0.0,11750.944067772216,2049.7400529626098,0.0,11750.944067772216,2121.7918465027155,0.0,0.4989487504969698,6.8613,7.36024875049697,0.0760588513970255,0.7047297232232337,6.774932260126531,7.479661983349764,0.1074872517022118,0.8543236794152609,0.1312366758863579,827.5584659188521,0.0,0.0376539574709628,3.6366082384264313,0.0117446005554653,3.9905039077028865,0.0073650078280359,False,,,4331.2,117.1283910928516
637,81.067416,-69.658638,RSG,medium,0,0,0,0,1,0,0,0,0,0,0,0,7.502077349905328,14.212662195407397,14.212,0.0,15604.31005306967,1993.7934789058231,0.0,15604.31005306967,2069.2398477639094,0.0,15604.31005306967,2141.626659007532,0.0,0.5530371416781161,7.222462317963264,7.77549945964138,0.08,0.8032262115400082,7.102635384500039,7.905861596040047,0.1161078876961774,0.9773262740313786,0.1412783662839363,797.2739067995171,0.0,0.0399323142172959,3.656124565667922,0.0153090538649261,4.160246299677125,0.0076568423819219,False,Star,*|NIR,4530.275,159.69400231380013
638,81.086366,-67.662697,,,0,0,0,0,0,0,0,0,0,0,0,0,4.197230001289659,14.842205697639091,14.843000000000002,0.0,9440.015077325734,1947.4481958501683,0.0,9440.015077325734,2022.0256009482696,0.0,9440.015077325734,2093.598491656935,0.0,0.4714913802617837,3.970766956707216,4.442258336969,0.1213933402320748,0.666146748682285,3.874314906807045,4.54046165548933,0.1722940664088064,0.8283156961665878,0.214772155973252,943.7734947248788,0.0,0.0216571451148759,3.658540817652671,0.0137579490948355,3.947072485086061,0.0074694975864465,True,,,4555.55,144.3145782656763
639,81.107683,-69.514938,RSG,low,0,0,0,0,1,0,0,0,0,0,0,0,5.075233612820369,14.63642010989964,14.636563250493037,0.0,9469.758826953966,1974.651357390557,0.0,9469.758826953966,2049.7400529626098,0.0,9469.758826953966,2121.7918465027155,0.0,0.4080456338186513,4.87873804235115,5.286783676169802,0.0870000000000015,0.6003502871118016,4.78467222004628,5.385022507158082,0.1285399999999992,0.7218613793312203,0.1545632504930356,762.7156392763351,0.0,0.0368322534073571,3.637784829396976,0.0128880789372072,4.035178485050087,0.0074852478562292,False,,,4342.95,128.88094312193715
640,81.121322,-72.285049,,,0,0,0,0,0,0,0,0,0,0,0,0,5.9344598837374285,14.392224783352733,14.4665,0.0,825550.7045607725,1451.4584130082917,0.0,825550.7045607725,1515.9950074045385,0.0,825550.7045607725,1578.163598193962,0.0,6.362242880582456,4.231213077035815,10.593455957618271,0.9958838718874076,7.515623142779691,4.0292968572203085,11.54492,1.1432904405191184,8.262091735592627,1.2578922351265192,21.250462048438763,0.0,1.2228869647194678,3.764544117637778,0.0169598455191549,3.959127838983788,0.0378860979945107,True,ClassicalCep,*|cC*|Ce*|IR|MIR|NIR|V*|V*?,5814.925,227.08147078746873
641,81.135044,-68.498512,instability_strip,high,0,0,1,0,0,0,0,0,0,0,0,0,11.38517657370824,13.757726516808985,13.759,0.0,67723.20289570096,2013.942339889448,0.0,67723.20289570096,2089.763343404149,0.0,67723.20289570096,2162.5010603997125,0.0,1.1133714479274277,10.8865240070487,11.999895454976128,0.1060038354952084,1.5448585948253868,10.723871876984486,12.268730471809873,0.1461500000000004,2.033128196297003,0.1940000000000026,104.08310846860148,0.0,0.3065115429431125,3.6683276651330887,0.0134486873312704,4.382348880922584,0.0065952113191779,False,LongPeriodV*,*|LP*|MIR|NIR,4659.375,144.28568666018123
642,81.156232,-69.532639,,,0,0,0,0,0,0,0,0,0,0,0,0,17.800931054376775,13.274056432362563,13.274,0.0,37793.737002400296,1996.81585620705,0.0,37793.737002400296,2072.31854142888,0.0,37793.737002400296,2144.758101958669,0.0,0.8328295215324495,17.382473335654474,18.215302857186924,0.0501538553083342,1.1704318506133615,17.200586512133206,18.371018362746568,0.0714379012566315,1.474534187243293,0.0902457866989685,290.914726050901,0.0,0.1485128069755974,3.9709021762138623,0.0807654334075474,3.9809654933915866,0.0433871547874982,False,,,9351.95,1739.175436090333
643,81.184848,-69.630096,hot_dim,low,0,0,0,0,1,0,0,0,0,0,0,0,46.185228388314,12.238415078692698,12.238878364770532,0.0,115038.1958118219,1987.7486729795248,0.0,115038.1958118219,2063.082279968199,0.0,115038.1958118219,2135.363471749576,0.0,1.6279103555485008,45.43162869542535,47.059539050973854,0.038244077894685,2.29983,45.08724,47.38707,0.0540000000000002,2.7830000000000013,0.0659999999999989,950.6690133623756,0.0,0.0141916340103911,3.918540123678925,0.0640125993349291,4.409634462040976,0.0269329169195935,False,Star,*|MIR|NIR,8289.725,1221.8595149913922
644,81.271244,-72.03624,,,0,0,0,0,0,0,0,0,0,0,0,0,8.428047579650336,14.085836677834177,14.08569967698661,0.0,22055.82248140173,3381.7233715297407,0.0,22055.82248140173,3479.6438427874095,0.0,22055.82248140173,3573.082712509429,0.0,0.5443253456339789,8.158732057431289,8.703057403065268,0.070000000000002,0.7899234960202453,8.03573523967221,8.825658735692455,0.1019482728966014,0.940777419605415,0.1216343870427234,1228.0171206868831,1.0,0.0010209905444429,3.8619717706277648,0.0066379526896089,3.657370159854333,0.0066942514365331,False,Star,*|NIR,7277.325,111.22991672657136
645,81.279504,-66.04464,,,0,0,0,0,0,0,0,0,0,0,0,0,17.48879341781656,13.292942631843864,13.293121017166325,0.0,47230.6275877091,2514.426215528217,0.0,47230.6275877091,2599.0150878386976,0.0,47230.6275877091,2679.9655963811547,0.0,0.8051756401834176,17.108824359816584,17.914,0.0497665587392823,1.1337745204104976,16.951674051331874,18.085448571742372,0.0700638025168682,1.3839110491759854,0.0859999999999985,1360.1094551858205,0.0,0.0292929765430081,3.948741741119051,0.0547082430291215,3.9871291689020176,0.0378770656465955,False,,,8886.725,1119.464168419427
646,81.284448,-67.644135,,,0,0,0,0,0,0,0,0,0,0,0,0,30.13745088675334,12.64162993314006,12.702176362798305,1.0,9514418.942969956,1988.7561453958103,0.0,9514418.942969956,2064.1085580113618,0.0,9514418.942969956,2136.407364252774,0.0,37.83861011973025,19.36138988026975,57.2,1.1766315178746396,42.87634352690482,18.592494815665116,61.46883834256994,1.2977609727553148,46.91825413283181,1.403631517874638,48.10395625726892,0.0,3.194483061394719,3.715248937299541,0.0184030517048031,4.395367583013622,0.0116184668456951,True,ClassicalCep,*|cC*|Ce*|NIR|V*,5190.975,219.9654504121045
647,81.294778,-66.265808,hot_dim,low,0,0,0,0,1,0,0,0,0,0,0,0,23.35067248428767,12.979021998009276,12.979237773477012,0.0,59383.57234278692,2521.472657174005,0.0,59383.57234278692,2606.1784101706003,0.0,59383.57234278692,2687.2384030044564,0.0,0.94113533186718,22.91115397105394,23.85228930292112,0.0438930019353431,1.3271428163665355,22.71183352843824,24.038976344804773,0.0615243884405547,1.6109552198470176,0.075000000000001,879.694356952165,0.0,0.0465330716134347,3.936004505193379,0.0791590560768297,4.101430890433449,0.0416622090659068,True,,,8629.875,1572.971307549823
648,81.320819,-69.582993,,,0,0,0,0,0,0,0,0,0,0,0,0,27.438112021565203,12.804591318849075,12.804160640187543,0.0,41604.309518869915,1974.651357390557,0.0,41604.309518869915,2049.7400529626098,0.0,41604.309518869915,2121.7918465027155,0.0,0.922740176561657,26.959312344789396,27.882052521351053,0.0361606401875445,1.2585373230524262,26.790588230898432,28.04912555395086,0.0500000000000007,1.5168795880007444,0.0600000000000005,15.286987129691523,1.0,0.2236428228410242,3.969876988903956,0.1048626144386759,4.0241481229495575,0.0590989675797729,False,,,9329.9,2252.751870490845
649,81.351781,-66.568855,,,0,0,0,0,0,0,0,0,0,0,0,0,9.76012278308957,13.926574667417183,13.92660220332421,0.0,20024.39665264292,2513.419575662376,0.0,20024.39665264292,2597.9917372820178,0.0,20024.39665264292,2678.9265926185617,0.0,0.5566646640027191,9.485613565108617,10.042278229111336,0.0619949852571988,0.7660875371365474,9.386111808329415,10.152199345465965,0.0851733664751837,0.9597081990286432,0.106602203324206,1067.5577955270332,1.0,0.039800110714592,3.781044128867602,0.0181157741174937,3.893428393308299,0.0071269539042023,False,,,6040.1,251.95136435431343
650,81.353718,-69.862534,,,0,0,0,0,0,0,0,0,0,0,0,0,9.242654036769792,13.984714802764474,13.985183970805524,0.0,11353.4946385671,1978.6813351896335,0.0,11353.4946385671,2053.8454750329797,0.0,11353.4946385671,2125.9679340056105,0.0,0.5079999999999991,9.0105,9.5185,0.0589999999999975,0.7365000792088185,8.885822179653754,9.622322258862573,0.0860000000000003,0.904604204662375,0.1059999999999998,333.1493393709185,0.0,0.0411296727684332,3.677958078335955,0.0072262985020733,3.9238196819052753,0.0082429781436531,False,YellowSG,*|NIR|s*y,4763.85,79.26649670573312
651,81.401093,-69.037949,,,0,0,0,0,0,0,0,0,0,0,0,0,8.390596828441424,14.090205304945496,14.090507294837783,0.0,10446.316795382303,1964.576277771219,0.0,10446.316795382303,2039.4760226705944,0.0,10446.316795382303,2111.3508343630624,0.0,0.410659880103605,8.189740119896394,8.600399999999999,0.053098541032444,0.6013114691061769,8.104292507597398,8.705603976703575,0.0773153313038168,0.7109999999999985,0.0920000000000005,2.6143484076794485,1.0,0.117387244409498,3.6521883022280086,0.0098238322464755,3.9976113569039895,0.0091315971207112,True,,,4489.4,101.55116936795952
652,81.40648,-65.975014,,,0,0,0,0,0,0,0,0,0,0,0,0,17.233870675587543,13.308912804805052,13.309220360361508,0.0,43737.02840183205,2502.346448606801,0.0,43737.02840183205,2586.734569850915,0.0,43737.02840183205,2667.497031343068,0.0,0.7637446558985168,16.86750491818023,17.631249574078748,0.0481016280274477,1.0804854768631564,16.713776630270434,17.79426210713359,0.0680325951470042,1.2866692459241342,0.0811086504900213,847.0045325531994,0.0,0.0403763332949002,4.040345167980713,0.0689139528717814,4.045665893136052,0.0533861756327764,False,,,10973.5,1741.2776200250205
653,81.421781,-69.241486,,,0,0,0,0,0,0,0,0,0,0,0,0,28.47693776429421,12.764030891892244,12.763965475033608,0.0,70690.6025145859,1970.6213487542432,0.0,70690.6025145859,2045.6345224620152,0.0,70690.6025145859,2117.6155779353,0.0,1.1935390485660236,27.87045883720855,29.063997885774572,0.0451122650577549,1.6933318402328794,27.63098,29.32431184023288,0.0646000244805087,2.052168971958384,0.0780777400913574,193.3220128008708,1.0,0.1246469474912451,3.7726535364292553,0.0223109364361624,4.314248268328483,0.0076692613999683,False,Star,*|NIR,5924.525,304.35961357414027
654,81.460458,-66.405823,RSG,medium,0,0,0,0,1,0,0,0,0,0,0,0,5.0809257724071095,14.636084825835646,14.635095502131342,0.0,16655.83504303924,2507.3797083267227,0.0,16655.83504303924,2591.8515349895447,0.0,16655.83504303924,2672.692404791443,0.0,0.5132624838645237,4.817890276877254,5.3311527607417775,0.1099283734014946,0.7328620960854462,4.713973623287651,5.446835719373097,0.156571626598506,0.8790421048749648,0.1885514063169981,324.88360691308344,0.0,0.0796231383197736,3.642857581625699,0.0122615486406408,4.0617365873291895,0.0075751802518477,False,,,4393.975,124.05623472844884
655,81.495743,-66.038406,,,0,0,0,0,0,0,0,0,0,0,0,0,19.68210860716428,13.164644634702077,13.165,0.0,43130.00449127251,2520.4660266562946,0.0,43130.00449127251,2605.155092485289,0.0,43130.00449127251,2686.1994541374397,0.0,0.8103188908710308,19.297067583103697,20.107386473974724,0.0443624208672979,1.1649043743368672,19.117040632109894,20.281945006446765,0.0647324174913546,1.381894642827298,0.0761557423665522,879.2238640558916,0.0,0.0257619212724155,4.062770889438694,0.0796178376071497,4.084229548564676,0.0575534949911675,False,Star,*|NIR,11555.025,2118.3462888241384
656,81.505768,-66.761322,,,0,0,0,0,0,0,0,0,0,0,0,0,29.229213953578338,12.735238476929789,12.735650433339336,0.0,144259.7028752891,2535.5653449022766,0.0,144259.7028752891,2620.5043671636854,0.0,144259.7028752891,2701.782867831876,0.0,1.5898548670446786,28.460026486896044,30.049881353940723,0.058646673444743,2.262362112598968,28.16222384778867,30.42458596038764,0.0839910613865164,2.775128618018329,0.1036466734447412,332.06966698546574,0.0,0.1953203081411052,4.001871030239291,0.0491852689022884,4.2680248967666,0.0538452815821816,False,Star,*|MIR|NIR,10043.175,1137.4223794945306
657,81.574316,-66.050484,,,0,0,0,0,0,0,0,0,0,0,0,0,23.198538569503075,12.986325162402814,12.986254437907643,0.0,35366.198104639145,2518.4527616209784,0.0,35366.198104639145,2603.108443049603,0.0,35366.198104639145,2684.1215329145766,0.0,0.7391163467697908,22.840005120138773,23.579121466908564,0.034377898623644,1.0279049298844356,22.700684127706584,23.72858905759102,0.047823627548567,1.2473292887519705,0.0582544379076406,29.48927990258894,0.0,0.1491446077925635,3.8340660652590217,0.0245093763372751,3.957832371383028,0.0134578973754815,False,Star,*|NIR,6824.425,385.13591026415594
658,81.600296,-68.04702,instability_strip,medium,0,0,0,0,1,0,0,0,0,0,0,0,12.164068440089268,13.687374426602636,13.687433892518431,0.0,37769.5455083588,4145.847870880917,0.0,37769.5455083588,4254.148806825393,0.0,37769.5455083588,4357.312010033829,0.0,0.6778002181172003,11.82816265775369,12.50596287587089,0.0601900253821696,0.9850217364417252,11.676206486738144,12.661228223179869,0.0874666661055272,1.1697511405256795,0.1044685166809582,828.9731357071176,0.0,0.0119314142437296,3.696611909396761,0.0075053002006423,4.1895468281740555,0.0064475033878964,True,LongPeriodV*_Candidate,*|LP?|NIR,4972.925,85.94006268906254
659,81.662074,-69.423714,instability_strip,low,0,0,0,0,1,0,0,0,0,0,0,0,12.845,13.628533483324055,13.62830212976768,0.0,20319.686706739572,1980.6963125548743,0.0,20319.686706739572,2055.89814551113,0.0,20319.686706739572,2128.055910031984,0.0,0.5843706084023683,12.550088806497955,13.134459414900324,0.0494000000000003,0.8723136289898861,12.393684985876725,13.265998614866607,0.0741661846219976,1.0220864742803233,0.0866537820375032,794.9113607832052,0.0,0.0661513686045121,3.7202482212681143,0.0013529276731819,4.25270752269131,0.007156794319428,True,Star,*|MIR|NIR|V*,5251.075,16.358312107304958
660,81.681947,-65.962448,hot_dim,low,0,0,0,0,1,0,0,0,0,0,0,0,24.18333478666736,12.94098581335594,12.941195948753244,0.0,134010.82471164566,3193.638414430178,0.0,134010.82471164566,3288.828304250532,0.0,134010.82471164566,3379.70924524237,0.0,1.065476359092525,23.673975733115604,24.73945209220813,0.0477469280928382,1.5104100342606728,23.45268574199474,24.96309577625541,0.0671095518018916,1.808832254044944,0.0812981634048615,903.647543215288,0.0,0.0251599888954232,3.997515255488476,0.0706434614174381,4.16636028132758,0.0381770915175559,False,,,9942.95,1617.345911516766
661,81.721598,-69.044411,hot_dim,low,0,0,0,0,1,0,0,0,0,0,0,0,20.352,13.12822561576754,13.128531353203334,0.0,31327.951419452656,1966.5913091853329,0.0,31327.951419452656,2041.528883195935,0.0,31327.951419452656,2113.439127743661,0.0,0.7837760698208811,19.9818,20.76557606982088,0.0420468646796656,1.1609909661337063,19.77914,20.940130966133705,0.0620000000000029,1.324102061753912,0.0702677382113368,467.53224558604376,0.0,0.0861634933428461,3.957101832421232,0.0433935000245457,4.025283041774278,0.0342134370848981,False,Star,*|MIR|NIR,9059.45,905.1951157071054
662,81.732915,-69.980225,,,0,0,0,0,0,0,0,0,0,0,0,0,10.352,13.79353795751388,13.862000000000002,0.0,2329540.930860202,2023.009082512246,0.0,2329540.930860202,2098.9980556011988,0.0,2329540.930860202,2171.8931035224955,0.0,11.092616636458583,7.63969201050951,18.732308646968093,0.9733639868011236,12.234653410603606,7.3989657487317375,19.633619159335343,1.059175260974181,13.121551171311754,1.128206670690071,28.10239515188795,0.0,1.0552834334123633,3.7486976361501463,0.0152725238688946,3.946649714095411,0.0119445251053971,False,ClassicalCep,*|cC*|Ce*|MIR|NIR|V*|V*?,5606.575,197.16241876939935
663,81.74923,-69.082756,,,0,0,0,0,0,0,0,0,0,0,0,0,15.443244943587498,13.428210388577355,13.428023118708325,0.0,19795.26164270168,1963.568759151491,0.0,19795.26164270168,2038.449582166366,0.0,19795.26164270168,2110.306670570712,0.0,0.6343941066420555,15.125215058482752,15.759609165124807,0.0449768812916797,0.9168606450646006,14.991912433737816,15.908773078802415,0.0646499999999985,1.040036205137989,0.0730000000000004,407.98430976498344,0.0,0.0520473248675186,3.8661809682263577,0.0193356900849431,3.937205796927102,0.0053565682939379,False,,,7348.2,327.1570876505658
664,81.76531,-66.011261,,,0,0,0,0,0,0,0,0,0,0,0,0,21.13757581771242,13.08735790931362,13.0872810174426,0.0,57327.62454442538,3196.6560700660384,0.0,57327.62454442538,3291.890394891536,0.0,57327.62454442538,3382.8129610773217,0.0,0.8653863909284318,20.724613609071568,21.59,0.0449669949639535,1.2369031707990814,20.55091087917227,21.787814049971352,0.0629999999999988,1.4890736035776977,0.076624556708893,385.6298299329982,0.0,0.0904202989576437,4.0185247069448735,0.0808276972954936,4.077072196650601,0.0992881744141176,False,Star,*|NIR,10435.775,1942.229749379563
665,81.775145,-66.746681,RSG,high,0,1,0,0,0,0,0,0,0,0,0,0,11.39120615851156,13.759362599317532,13.758810109436672,0.0,72547.22903048765,3232.867287382426,0.0,72547.22903048765,3328.633195772002,0.0,72547.22903048765,3420.0537318411325,0.0,1.0291104179994743,10.854302610037372,11.883413028036848,0.0978207860061779,1.4697374003127237,10.633938646062322,12.103676046375046,0.1400502495067286,1.8688889512813915,0.1794447185372796,815.1690474889301,0.0,0.0709193423763885,3.628388930050312,0.0,4.320657114612349,0.007220729177081,False,Star,*|MIR|NIR,4250.0,0.0
666,81.879173,-66.582611,,,0,0,0,0,0,0,0,0,0,0,0,0,16.664146768790943,13.345682323064835,13.345463589226645,0.0,61141.921688059374,3208.7266089203767,0.0,61141.921688059374,3304.1384631651395,0.0,61141.921688059374,3395.2273329163695,0.0,0.9078670213008948,16.22001609506297,17.127883116363865,0.059435300927161,1.323789982981122,16.018858520003636,17.34264850298476,0.0860317699060519,1.64551709529478,0.1071734328164311,960.0091970444688,0.0,0.0583315135612733,3.958821803341536,0.0150199283718774,3.913910872034141,0.0179873397006724,False,ChemPec*,*|NIR|Pe*,9095.4,314.56134536843524
667,81.953638,-66.03801,,,0,0,0,0,0,0,0,0,0,0,0,0,16.037479625358756,13.386826668343003,13.38735682154854,0.0,39206.29340167448,3183.5795016288303,0.0,39206.29340167448,3278.621122061355,0.0,39206.29340167448,3369.363169412486,0.0,0.7333482355115173,15.6831063595028,16.41645459501432,0.0495306081890323,1.0765271135771357,15.52083793908933,16.597365052666465,0.0722899740828602,1.2996851452492295,0.0880727145779509,384.46668670580704,0.0,0.0675187412198519,3.903159197159958,0.0621687460295203,3.958165917462289,0.0224496362585272,False,,,8001.275,1145.3731376171695
668,81.97569,-68.328835,,,0,0,0,0,0,0,0,0,0,0,0,0,1.321,16.087856568323794,16.097898877886983,0.0,21210.708996480487,1993.7934789058231,0.0,21210.708996480487,2069.2398477639094,0.0,21210.708996480487,2141.626659007532,0.0,0.581684411972816,1.0781791643091403,1.6598635762819565,0.4675471952739638,0.8113986025300673,0.964351397469932,1.7757499999999995,0.6623292145208897,1.053,0.9140000000000016,203.38388327428035,0.0,0.1261460380572307,3.6020599913279625,0.0,3.642550144035199,0.0248457829962014,True,LongPeriodV*,*|LP*|MIR|NIR|V*?,4000.0,0.0
669,81.978051,-68.328995,,,0,0,0,0,0,0,0,0,0,0,0,0,1.2592437176405211,16.14152584198195,16.149843738635777,0.0,19902.53920092257,1996.81585620705,0.0,19902.53920092257,2072.31854142888,0.0,19902.53920092257,2144.758101958669,0.0,0.5549457953763945,1.0259105975681186,1.5808563929445132,0.4697548897572083,0.7977285272600269,0.9124846010123494,1.7102131282723765,0.6820955417248378,0.9930593613126578,0.8909999999999982,203.6505525442969,0.0,0.1195716339159121,3.6020599913279625,0.0,3.584910073461578,0.0119863595629166,False,LongPeriodV*,*|LP*|LP?|NIR,4000.0,0.0
670,82.070179,-69.104988,hot_dim,low,0,0,0,0,1,0,0,0,0,0,0,0,12.244992400344504,13.679884866628448,13.680227068059963,0.0,12655.176651306538,1974.651357390557,0.0,12655.176651306538,2049.7400529626098,0.0,12655.176651306538,2121.7918465027155,0.0,0.6119583088923353,11.953,12.564958308892336,0.0537729319400366,0.8739989888624411,11.824775904338937,12.698774893201378,0.0779999999999994,1.0210000000000008,0.0900000000000034,1340.3292946457789,0.0,0.0056657464119878,3.8250851699150266,0.0071479320790232,4.019534718198692,0.0062732732258044,True,,,6684.75,110.02244089275604
671,82.091548,-67.296677,,,0,0,0,0,0,0,0,0,0,0,0,0,21.555,13.066177258846048,13.066340497328651,0.0,56047.58962407372,3210.738352412711,0.0,56047.58962407372,3306.179762221672,0.0,56047.58962407372,3397.2963186388843,0.0,1.0723319495055923,21.023449757514843,22.095781707020436,0.0537414869127026,1.5152527954324562,20.812655374184555,22.32790816961701,0.0764169135520429,1.8694242961273029,0.0942732808045168,660.5407779852179,0.0,0.1117669048669081,4.054040128095568,0.0199840302461184,4.183601288986221,0.0349032133241181,False,Star,*|NIR,11325.05,521.121384612069
672,82.110799,-66.517159,hot_dim,low,0,0,0,0,1,0,0,0,0,0,0,0,24.686337867655904,12.918730105007691,12.919,0.0,77050.59183451199,3187.6030779681605,0.0,77050.59183451199,3282.7040343875765,0.0,77050.59183451199,3373.5016656315975,0.0,1.1303921126230314,24.14931512727284,25.27970723989587,0.0493174545525167,1.6427977263370117,23.872742220335695,25.515539946672707,0.0720379223847071,1.959009751385253,0.0860044569292064,957.894604067176,0.0,0.0044707517033096,3.878945255891102,0.0063724921797401,4.115512275577959,0.0083998451079941,False,Star,*|MIR|NIR,7567.375,111.037648457629
673,82.133568,-69.200859,hot_dim,medium,0,1,0,0,0,0,0,0,0,0,0,0,43.90769051579317,12.29396863668881,12.29363913806629,0.0,207690.2338867187,2001.8531138265964,0.0,207690.2338867187,2077.4495643340233,0.0,207690.2338867187,2149.976951110803,0.0,2.4699855832819892,42.71044972161558,45.18043530489757,0.0605308794861763,3.5256458693284785,42.15780413067152,45.68345,0.0874381715981869,4.481999999999999,0.1109999999999988,1001.0699512818838,0.0,0.2707363976515795,3.972753459789464,0.0621136367488022,4.409111192129369,0.0490134710066837,True,Supergiant,*|MIR|NIR|sg*,9391.9,1343.2477023989284
674,82.140347,-69.147591,,,0,0,0,0,0,0,0,0,0,0,0,0,22.905,13.00020518854049,13.000058854025296,0.0,24155.281703938348,1992.786016008489,0.0,24155.281703938348,2068.2136031914383,0.0,24155.281703938348,2140.582822396258,0.0,0.81424020417154,22.50055979582846,23.3148,0.0388816365050228,1.224915895265564,22.300890593432666,23.525806488698223,0.0580211874491052,1.4429897816798736,0.0681772175202706,387.925387812785,1.0,0.0771449100821783,3.928073084322643,0.0079123120693401,4.011720556123811,0.0085328484376558,False,Star,*|MIR|NIR,8473.7,154.38040678790813
675,82.148558,-69.028488,hot_dim,medium,0,1,0,0,0,0,0,0,0,0,0,0,21.917,13.048561309165834,13.048000000000002,0.0,69403.67169958555,1994.8009399037285,0.0,69403.67169958555,2070.266085657577,0.0,69403.67169958555,2142.6704844660217,0.0,1.238467356629947,21.300047509313963,22.53851486594391,0.0610326359781598,1.8296040254515944,20.976395974548407,22.806,0.0908232736742835,2.269601455656435,0.1121551865801269,353.34285959117705,0.0,0.1807577569647381,3.9186488182718113,0.044576201508937,4.014220199080871,0.0234768414971064,True,,,8291.8,851.0744738270558
676,82.166598,-69.050812,hot_dim,medium,0,1,0,0,0,0,0,0,0,0,0,0,24.516891282331528,12.926760123871215,12.926307499512165,0.0,84932.40376899464,1994.8009399037285,0.0,84932.40376899464,2070.266085657577,0.0,84932.40376899464,2142.6704844660217,0.0,1.36139202300566,23.83609819435359,25.19749021735925,0.0609077501463506,1.9603078135296172,23.55166,25.511967813529616,0.0870000000000033,2.3277135966029014,0.1032347186186051,97.53106644672306,0.0,0.2268971399892695,3.999547011841491,0.0620581994195766,4.175480778369424,0.0500710793288516,True,,,9989.575,1427.453175895798
677,82.185051,-69.228806,,,0,0,0,0,0,0,0,0,0,0,0,0,37.74534993935662,12.45721479178669,12.458,0.0,144718.92018261462,1990.7710845097272,0.0,144718.92018261462,2066.161093989667,0.0,144718.92018261462,2138.4951156812695,0.0,1.8096000000000032,36.916,38.7256,0.051962014942001,2.647778448289955,36.46282048274764,39.11059893103759,0.0760889250450684,3.1689788646600476,0.0913861361435408,91.4499776318669,0.0,0.3465687669775543,4.033253824636175,0.0481653558556005,4.402539125653486,0.0527383812887539,False,Star,*|MIR|NIR,10795.775,1197.3035953236756
678,82.187213,-71.970413,hot_dim,low,0,0,0,0,1,0,0,0,0,0,0,0,26.319273195014908,12.84943706273963,12.849409544394174,0.0,93864.15632886314,3414.911655249023,0.0,93864.15632886314,3513.3059931511225,0.0,93864.15632886314,3607.1887699491745,0.0,1.1840601306863263,25.744855790931577,26.9289159216179,0.0490000000000012,1.6487632629008466,25.534577426053943,27.183340688954793,0.068229999999998,1.9873017341925987,0.0819999999999989,323.3410764704823,0.0,0.1230591236855587,3.913143356386828,0.010688182269107,4.144880292004068,0.0103190619478216,False,Star,*|MIR|NIR,8187.35,201.49436096327855
679,82.194611,-69.431656,instability_strip,low,0,0,0,0,1,0,0,0,0,0,0,0,25.56780106885435,12.881415408961322,12.88056769089786,0.0,47826.480516751224,1973.6438581261864,0.0,47826.480516751224,2048.713680515861,0.0,47826.480516751224,2120.7477963574747,0.0,0.938183193911911,25.04710090927675,25.98528410318866,0.0404257681733941,1.30923046681853,24.87791816423953,26.18714863105806,0.0560000000000009,1.5246714292189552,0.0645676908978583,1253.9129295987404,0.0,0.0461681557243718,3.8022536284691624,0.0084420663745633,4.190220600393519,0.0065846411532245,False,Star,*|NIR,6342.4,123.28722561563302
680,82.256902,-66.649391,RSG,low,0,0,0,0,1,0,0,0,0,0,0,0,7.042787605221862,14.281717283933416,14.28089619526903,0.0,41847.27895858939,3183.5795016288303,0.0,41847.27895858939,3278.621122061355,0.0,41847.27895858939,3369.363169412486,0.0,0.9063866341644528,6.575296166059135,7.481682800223588,0.1399449385506379,1.2794855209324352,6.387535390520972,7.667020911453407,0.1985129730018897,1.5472382417359185,0.2393924331630366,1318.4039771726414,0.0,0.0400177697289445,3.6020599913279625,0.0,4.134943408593806,0.0068447867025338,False,,,4000.0,0.0
681,82.258115,-66.221855,,,0,0,0,0,0,0,0,0,0,0,0,0,15.693077548141892,13.410993341553676,13.411,0.0,101162.67927878504,3179.555910297823,0.0,101162.67927878504,3274.538157017352,0.0,101162.67927878504,3365.2245851483785,0.0,0.7104060212030827,15.334268703470093,16.044674724673175,0.0490746879664545,1.022040407556739,15.184948956259316,16.206989363816056,0.0700494175725463,1.226978186711019,0.0853933024330029,508.317513041298,0.0,0.0968353941926196,3.8158333357551206,0.0063099721723753,3.962139597928303,0.0081107407571513,True,Star,*|NIR,6543.85,95.07721861729024
682,82.267326,-69.355209,RSG,medium,0,1,0,0,0,0,0,0,0,0,0,0,7.197682290388905,14.2565323113081,14.25720810223102,0.0,37176.05115557638,2012.934914707355,0.0,37176.05115557638,2088.7372314467766,0.0,37176.05115557638,2161.457445239824,0.0,0.7294347698703172,6.841882614822306,7.571317384692623,0.109958379553797,1.0555089907908766,6.6847782925995185,7.740287283390395,0.1594366036390209,1.4219574774866546,0.214999999999998,96.92234413543385,0.0,0.1838614235903414,3.627997889021729,0.0031385143256833,4.130008398247617,0.0077535181455755,False,RedSG,*|NIR|s*r,4246.175,30.685817163634407
683,82.282834,-66.600044,RSG,low,0,0,0,0,1,0,0,0,0,0,0,0,8.011,14.141036145543934,14.141000000000002,0.0,29946.083914221344,3162.45547922288,0.0,29946.083914221344,3257.1849651013395,0.0,29946.083914221344,3347.634615856073,0.0,0.6892565602635896,7.6796009134020204,8.36885747366561,0.0930329278232804,0.987503367553523,7.553797094215491,8.541300461769014,0.1327828669757824,1.2124006427473066,0.164399167110961,875.12676303505,0.0,0.0186804587379697,3.628388930050312,0.0,4.04400015263562,0.0073477552080503,True,,,4250.0,0.0
684,82.339233,-66.535522,RSG,low,0,0,0,0,1,0,0,0,0,0,0,0,6.232583215149325,14.411947559551184,14.413197404718396,0.0,293727.70905733097,3160.4436458629607,0.0,293727.70905733097,3255.143350028115,0.0,293727.70905733097,3345.5651023478435,0.0,0.6187671877808967,5.9526186622971515,6.571385850078048,0.1072986966090372,0.9014635180879926,5.805933453613604,6.707396971701597,0.1563816433906542,1.0805552556779512,0.1890000000000018,340.70851617243704,0.0,0.0279693367529726,3.6283812659624184,0.0004424238466698,4.1383744295399945,0.0072748019872665,True,ChemPec*,*|NIR|Pe*,4249.925,4.329477451148117
685,82.349941,-69.471077,,,0,0,0,0,0,0,0,0,0,0,0,0,15.797541669538768,13.40345816912982,13.403792088410476,0.0,30168.411483362248,1985.7337224209964,0.0,30168.411483362248,2061.0297037481764,0.0,30168.411483362248,2133.275653122412,0.0,0.7552008930530327,15.423949106946967,16.17915,0.0519999999999978,1.0354251936438814,15.28642,16.32184519364388,0.0714299999999994,1.269520328825852,0.0878395929090753,4.686527898947962,0.0,0.2055564736915342,3.909126603554993,0.0066584428251634,3.8722539001436505,0.0079577629986301,False,,,8111.975,124.36980893689592
686,82.49221,-69.386147,,,0,0,0,0,0,0,0,0,0,0,0,0,15.401547926461104,13.43123422891328,13.43135136851782,0.0,25074.30097359089,1970.6213487542432,0.0,25074.30097359089,2045.6345224620152,0.0,25074.30097359089,2117.6155779353,0.0,0.6318662668067674,15.087470620462245,15.71933688726901,0.0445094797675746,0.9530919891898152,14.93057979859982,15.883671787789634,0.0670000000000001,1.1098367154587263,0.078472952315785,947.6370136098868,0.0,0.0177082567717955,3.8899232792574145,0.0094863479349474,3.880982191634301,0.0053833875374406,False,Star,*|MIR|NIR,7761.1,169.52666456932374
687,82.510236,-65.933891,,,0,0,0,0,0,0,0,0,0,0,0,0,8.080945388708939,14.056376397066176,14.13136470305684,0.0,2270633.3317832416,2588.9139066317357,0.0,2270633.3317832416,2674.7301627751062,0.0,2270633.3317832416,2756.8303879540586,0.0,11.56340878054727,5.452210302776382,17.015619083323653,1.2359691541207098,12.78955642171039,5.18612254253437,17.97567896424476,1.3500081463725593,15.992637579732602,2.2758609165661845,26.14996908055177,0.0,1.2329483551098992,3.782737706547561,0.0091208647126121,4.153799190362053,0.0115559730668315,True,ClassicalCep,*|cC*|Ce*|MIR|NIR|V*,6063.7,127.34720256055884
688,82.555391,-69.353394,,,0,0,0,0,0,0,0,0,0,0,0,0,33.67295396284818,12.58161672886786,12.582000000000004,0.0,100900.61544140882,1979.688824832213,0.0,100900.61544140882,2054.8718136474745,0.0,100900.61544140882,2127.011927655319,0.0,1.3996720676974874,32.9895634928799,34.38923556057739,0.0447101150874775,2.0507187260201505,32.67196479154665,34.7226835175668,0.0660000000000007,2.4461234355207324,0.0787101150874782,192.1862364451272,1.0,0.1797323060699762,3.812911686276251,0.0001670286295855,4.198658786078183,0.0095994935149562,False,Star,*|NIR,6499.975,2.499874996874844
689,82.580741,-65.90361,RSG,high,0,1,0,0,0,0,0,0,0,0,0,0,17.09321068690675,13.318145999028822,13.318046024826524,0.0,70110.20930749012,2612.064043713601,0.0,70110.20930749012,2698.258153944551,0.0,70110.20930749012,2780.712324684854,0.0,1.0740513089464088,16.547342930601797,17.621394239548206,0.0681070147458076,1.5135540681805717,16.319263045734584,17.832817113915155,0.0963254248410336,1.9247304391085187,0.122147062818307,760.3744088490581,0.0,0.0612806766628747,3.6344571168169426,0.0107468959168868,4.247405880748644,0.0113175185002413,True,Star,*|MIR|NIR,4309.8,106.64876933185866
690,82.606141,-66.959465,hot_dim,medium,0,0,0,0,1,0,0,0,0,0,0,0,45.3003230124738,12.260581845203417,12.26,0.0,134506.43694213312,2617.0965934834107,0.0,134506.43694213312,2703.37262263875,0.0,134506.43694213312,2785.9035290206234,0.0,2.014024471185934,44.226839176819354,46.24086364800529,0.0485024190093881,2.8706654148242094,43.84033260098602,46.710998015810226,0.0685823629924602,3.5663782186997395,0.0860924828625631,319.26402612793055,0.0,0.1772517074822961,3.966212153161623,0.0316974075129324,4.386891129546453,0.025752871317057,True,Star,*|MIR|NIR,9251.5,675.2297757060185
691,82.612863,-67.102829,RSG,medium,0,0,0,0,1,0,0,0,0,0,0,0,6.51,14.366965493895153,14.366,0.0,17571.4751824134,2593.9466024218477,0.0,17571.4751824134,2679.8451449314416,0.0,17571.4751824134,2762.0224497863683,0.0,0.6740219947467256,6.180039771072076,6.854061765818802,0.1125204813293994,0.95930722920827,6.045793662779348,7.005100891987618,0.1596833656377132,1.1760023508857411,0.1965478750835796,329.2723297587021,0.0,0.0802244945355214,3.625024197845955,0.0086921446653076,4.137978354614986,0.0072509395056827,True,Star,*|NIR,4217.2,84.40473920343574
692,82.623667,-66.622704,hot_dim,low,0,0,0,0,1,0,0,0,0,0,0,0,35.32793389954593,12.529163996650745,12.52960470719289,0.0,134344.46989084955,2614.0770674056353,0.0,134344.46989084955,2700.3039547285907,0.0,134344.46989084955,2782.7888286411953,0.0,1.7068516518627632,34.553892460612765,36.26074411247553,0.0519999999999996,2.502157578109319,34.15253184639072,36.65468942450004,0.0766672240330503,3.102446345464159,0.0958019487513279,1232.8142271110137,0.0,0.0812584170718544,3.81525389892361,0.0060214568380774,4.316840876018849,0.0099809271533146,False,Star,*|MIR|NIR,6535.125,90.608964098482
693,82.656436,-69.722893,instability_strip,low,0,0,0,0,1,0,0,0,0,0,0,0,14.540208749050512,13.494099087238537,13.493761887153893,0.0,41443.598238989536,2984.393133648838,0.0,41443.598238989536,3076.4489564329783,0.0,41443.598238989536,3164.3940298823527,0.0,0.7396807002011343,14.161748730420658,14.901429430621793,0.0550000000000014,1.0557400918275146,13.992964019683996,15.048704111511512,0.0790005959901805,1.2562540107301832,0.0932277293524617,880.7291100469421,0.0,0.0021850856944588,3.7770968072353512,0.0169759132358348,4.082635124183713,0.0073291029320009,True,Star,*|MIR|NIR,5985.45,233.96217108754996
694,82.657663,-68.410896,,,0,0,0,0,0,0,0,0,0,0,0,0,47.19182961842333,12.21608198922357,12.21521942672644,0.0,513559.858707711,2009.9126279222112,0.0,513559.858707711,2085.6588560563087,0.0,513559.858707711,2158.326533769115,0.0,3.878873480498875,45.20613114788518,49.085004628384056,0.0892138223875758,5.451510572376733,44.45272,49.90423057237673,0.1252845816832479,6.815116521842988,0.157,110.86205258125578,0.0,0.5271388063680629,4.059466855211569,0.0453940640113934,4.538558914364276,0.0487796915448959,False,BlueSG,*|MIR|NIR|s*b,11467.45,1198.6202474094955
695,82.66349,-69.119286,instability_strip,high,0,1,0,0,0,0,0,0,0,0,0,0,8.475146921487195,14.080035197592732,14.079350130416827,0.0,29542.85336654789,1990.7710845097272,0.0,29542.85336654789,2066.161093989667,0.0,29542.85336654789,2138.4951156812695,0.0,0.7375829056534133,8.105269299901712,8.842852205555126,0.0948010327404755,1.0936983014743502,7.936352868282527,9.030051169756875,0.1394291217947607,1.3100456859190863,0.167182171353156,483.0283534088236,0.0,0.154553809462268,3.738368258583776,0.005977135403626,4.036456521265658,0.0128437720259359,True,Variable*,*|MIR|NIR|V*,5474.8,75.34892169102356
696,82.67394,-69.192993,,,0,0,0,0,0,0,0,0,0,0,0,0,25.07917128509897,12.891037607208688,12.902,0.0,1095774.8246440263,2023.009082512246,0.0,1095774.8246440263,2098.9980556011988,0.0,1095774.8246440263,2171.8931035224955,0.0,5.645944552032898,22.829751787699458,28.475696339732355,0.2400226747909961,7.288540516290588,22.25083015317847,29.539370669469054,0.3080095065147592,10.0448543759457,0.4320522691465722,416.8249035793174,0.0,1.2137202335142567,4.078239253809666,0.0724960368589859,4.271502660348102,0.0669729881916408,True,EmLine*,*|Em*|EmO|IR|LP*|MIR|NIR|PN|Rad,11974.0,1998.799389633687
697,82.684413,-68.60955,hot_dim,high,0,0,0,1,0,0,0,0,0,0,0,0,19.077573347912697,13.199147354047389,13.198973572127226,0.0,77405.1901316971,1996.81585620705,0.0,77405.1901316971,2072.31854142888,0.0,77405.1901316971,2144.758101958669,0.0,1.13532577884639,18.48627422115361,19.6216,0.0647880408559302,1.6452471667256816,18.184688977705324,19.82993614443101,0.0942606299931867,2.0284358953273056,0.1160264278727751,663.4045867869262,0.0,0.083148483544227,3.8376405125766935,0.0083235183726418,4.105670201211635,0.0060580803601198,True,Star,*|MIR|NIR,6880.825,131.87520379131172
698,82.71537,-67.028183,instability_strip,low,0,0,0,0,1,0,0,0,0,0,0,0,32.49144388805901,12.620676861464752,12.620534634010792,0.0,70413.97201443996,2600.992322938948,0.0,70413.97201443996,2687.0059315111807,0.0,70413.97201443996,2769.291021653134,0.0,1.496432217430602,31.740397134378767,33.23682935180937,0.049906985222293,2.0754633061855934,31.432127623267487,33.50759092945308,0.0693752897758752,2.4891381792838274,0.0830000000000001,422.1468287304615,0.0,0.0927873603834226,3.8191917510420126,0.0090695294516648,4.31691460108364,0.0075796113395793,True,Star,*|MIR|NIR,6594.65,137.71847189102849
699,82.717271,-68.693733,hot_dim,medium,0,0,0,0,1,0,0,0,0,0,0,0,36.51648393279037,12.49392872461331,12.494,0.0,124202.60313604538,1983.7187642180984,0.0,124202.60313604538,2058.977100648911,0.0,124202.60313604538,2131.1877896102733,0.0,1.609664131476329,35.73233586852367,37.342,0.0473621010627436,2.242108058368025,35.42328923637469,37.66539729474272,0.0669999999999966,2.802977301002755,0.0824540621587388,117.40625960835304,0.0,0.289797439846032,3.9761114413516823,0.0768298186652444,4.305102344768473,0.0490647271822689,True,Star,*|IR|MIR|NIR,9464.8,1674.39122071277
700,82.751967,-69.18647,,,0,0,0,0,0,0,0,0,0,0,0,0,61.34076692641487,11.930839367178825,11.930873468296614,0.0,803117.2026558749,2434.8974763524475,0.0,803117.2026558749,2518.1556611446135,0.0,803117.2026558749,2597.8596954162736,0.0,4.152381858216472,59.256897551327015,63.40927940954349,0.0731970199907099,6.03298526043524,58.01792865077378,64.05091391120902,0.1070113329084954,7.802117914967773,0.1381208652491388,590.626981649036,0.0,0.1367881308381513,3.924479584046389,0.0647424846905308,3.986049938763685,0.0292862150415006,True,,,8403.875,1252.8083390427284
701,82.791314,-67.030815,RSG,medium,0,0,0,0,1,0,0,0,0,0,0,0,10.75,13.822194040193942,13.821722320830128,0.0,162801.70772702864,2600.992322938948,0.0,162801.70772702864,2687.0059315111807,0.0,162801.70772702864,2769.291021653134,0.0,0.8438861629926784,10.318989605486705,11.16287576847938,0.0852776791698737,1.168357682201263,10.153962317798737,11.32232,0.1185879731761883,1.472216032645198,0.1485247507508074,373.0974762703819,0.0,0.093527234734283,3.6530653112568623,0.0018792963554334,4.151543549751833,0.0078546839065209,True,,,4498.475,19.46597993937115
702,82.840846,-70.957069,,,0,0,0,0,0,0,0,0,0,0,0,0,17.162706992446633,13.296125280587106,13.31380248483677,0.0,6225163.28665752,3043.750706186715,0.0,6225163.28665752,3136.7064502527373,0.0,6225163.28665752,3225.494529650706,0.0,16.984792439104968,11.064885304180232,28.0496777432852,1.0104847301155395,18.58371673951231,10.656067265705184,29.239784005217498,1.0960482971425345,20.855020620712235,1.228862380736638,52.51982784397879,0.0,0.9805862879276523,3.7179013165964743,0.0171052891788962,4.35071781896908,0.0173210456746082,False,ClassicalCep,*|cC*|Ce*|NIR|s*y|V*,5222.775,205.70622104107596
703,82.869474,-71.389946,,,0,0,0,0,0,0,0,0,0,0,0,0,14.281,13.51298673360474,13.513213719306092,0.0,31792.339430070515,2975.338275253395,0.0,31792.339430070515,3067.2560331756113,0.0,31792.339430070515,3155.071773941483,0.0,0.6711756502209116,13.953,14.624175650220913,0.0512421518482142,0.9465362709261296,13.820136543578348,14.766672814504478,0.0717934973293399,1.121181267307252,0.0852700240172605,321.64601179866816,1.0,0.0306147127411613,3.822040519335362,0.0218457032372056,3.957176829342316,0.0065721458180855,False,,,6638.05,333.90447361483496
704,82.910079,-67.469894,,,0,0,0,0,0,0,0,0,0,0,0,0,,,,,,,,,,,,,,,,,,,,,,,,,,,3.8691862338053578,0.0282429044259329,5.13551701875658,0.0173967885083652,False,,,7399.225,481.184111723361
705,82.956683,-71.060585,,,0,0,0,0,0,0,0,0,0,0,0,0,20.78269623478677,13.105770288245264,13.105908041129291,0.0,55548.29674003079,2801.266965445865,0.0,55548.29674003079,2890.4885098599507,0.0,55548.29674003079,2975.778580737453,0.0,0.9076866053414924,20.34435,21.25203660534149,0.0469754976671428,1.3235490546753894,20.132664807800445,21.456213862475835,0.0691793146809534,1.4978236937183702,0.0790919588707073,320.9848029935456,0.0,0.0527222030989241,4.025424665429406,0.0676557386705742,4.105642039835448,0.0621962801642792,False,BlueSG,*|EB*|MIR|NIR|s*b,10602.9,1651.752581351093
706,82.982888,-69.023308,hot_dim,low,0,0,0,0,1,0,0,0,0,0,0,0,19.0224713967497,13.201626538927336,13.202,0.0,122027.39378089564,2970.30776207275,0.0,122027.39378089564,3062.1487259614896,0.0,122027.39378089564,3149.892529715002,0.0,0.8377770172514012,18.62880828610986,19.46658530336126,0.0475172009604509,1.2317664945888254,18.41515591855266,19.646922413141485,0.0700056022642261,1.4550052826799025,0.0830000000000001,1071.6344615741025,0.0,0.0011448004048109,3.9692644420514345,0.0801820703910189,4.0198401448892485,0.0532885701787024,False,Star,*|MIR|NIR,9316.75,1720.1146582422928
707,83.015543,-66.657982,hot_dim,medium,0,0,0,0,1,0,0,0,0,0,0,0,33.581,12.584091925940015,12.585,0.0,48187.98372147702,1260.7445575343131,0.0,48187.98372147702,1320.968122720708,0.0,48187.98372147702,1379.097445155877,0.0,1.5909000000000049,32.850699999999996,34.4416,0.0520000000000013,2.399178764003139,32.42005665010971,34.819235414112846,0.0776199999999995,2.8843804499651142,0.0930000000000017,391.92244365129807,0.0,0.2348302676415866,3.8860463330767314,0.0067236121234065,4.245439964913408,0.0088977386769543,False,Star,*|MIR|NIR,7692.125,119.0870873562705
708,83.069673,-66.395912,RSG,medium,0,0,0,0,1,0,0,0,0,0,0,0,11.96,13.706294460952291,13.706,0.0,17454.790120340676,1260.7445575343131,0.0,17454.790120340676,1320.968122720708,0.0,17454.790120340676,1379.097445155877,0.0,0.9119617456755869,11.512260832516068,12.424222578191657,0.0830358922682421,1.2866214194987489,11.340303232822531,12.62692465232128,0.1166374679369131,1.5654365074545602,0.1419999999999994,745.8676249144818,0.0,0.0630631702259978,3.6298095570943594,0.005861955208055,4.037627143766106,0.0072465244905491,True,,,4263.925,57.552970166621286
709,83.086202,-68.846603,,,0,0,0,0,0,0,0,0,0,0,0,0,16.578,13.351049197246637,13.351301951703563,0.0,49241.36347018192,2983.3870424103293,0.0,49241.36347018192,3075.4275350692083,0.0,49241.36347018192,3163.358247972741,0.0,0.7223900725669452,16.22277232829382,16.945162400860767,0.0471879803365133,1.0364090692020724,16.077055883045922,17.113464952247995,0.0678143364051138,1.2350000000000012,0.0809999999999977,855.0778201949703,0.0,0.0126727058380835,3.8212891177053856,0.0186133418920428,3.994478098072957,0.0063290117405484,True,,,6626.575,284.0070762762787
710,83.117512,-69.606491,instability_strip,low,0,0,0,0,1,0,0,0,0,0,0,0,15.288704852104436,13.439523654009726,13.439,0.0,39011.12092168923,2977.350473258157,0.0,39011.12092168923,3069.2989305055467,0.0,39011.12092168923,3157.1434289517124,0.0,0.6838949234289711,14.93575045620899,15.61964537963796,0.0484433920166189,0.9532124369359174,14.797306919683184,15.7505193566191,0.0678023019189755,1.1610466388187852,0.0830273177001057,149.04586100293568,0.0,0.089904963412398,3.772549064918772,0.0154736493867944,4.052963679364678,0.0071684889793511,False,Star,*|NIR,5923.1,211.03646604319357
711,83.150667,-69.017799,hot_dim,medium,0,0,0,0,1,0,0,0,0,0,0,0,24.69212848990148,12.918621424290173,12.918883466175828,0.0,65283.93975297165,2970.30776207275,0.0,65283.93975297165,3062.1487259614896,0.0,65283.93975297165,3149.892529715002,0.0,0.9126546720951794,24.252027535499742,25.16468220759492,0.0401692911510895,1.3221473484871282,24.071693975162937,25.393841323650065,0.0579999999999998,1.5803793670553148,0.0696790923078545,332.1225432606347,0.0,0.1002887458426713,3.93830202304078,0.0085040787390967,4.037001123587122,0.0095005213967689,False,Star,*|MIR|NIR,8675.65,169.8810686921883
712,83.15235,-70.806839,hot_bright,medium,0,0,0,1,0,0,0,0,0,0,0,0,48.97977848622063,12.174638068097709,12.175000000000002,0.0,262894.1937741847,2993.447908376258,0.0,262894.1937741847,3085.641585476637,0.0,262894.1937741847,3173.7157944591713,0.0,2.0757563112464936,48.02139266167332,50.09714897291981,0.0455302805465667,3.002134489118625,47.54682406002371,50.548958549142334,0.066353520553811,3.614154467643296,0.080216444064094,881.7709489959262,0.0,0.0619366440641815,3.857371701802335,0.0133579961013603,4.444408613166123,0.0083569335969974,False,Star,*|MIR|NIR,7200.65,221.47703605565977
713,83.187091,-66.874779,hot_dim,high,0,0,1,0,0,0,0,0,0,0,0,0,40.439,12.3834396730924,12.3831246412931,0.0,71132.40319181449,1262.763353972875,0.0,71132.40319181449,1323.034221171649,0.0,71132.40319181449,1381.2078418150215,0.0,2.10550184995558,39.38231820588974,41.48782005584532,0.0568753587069021,2.825905857873309,39.067800000000005,41.893705857873314,0.0756498565172361,3.708999999999996,0.0990000000000002,329.8075637588441,0.0,0.5169297813743228,3.935635721411262,0.0198939001210348,4.317593598709051,0.0182583521064759,True,Star,*|MIR|NIR,8622.55,394.9765784195311
714,83.242337,-67.555969,hot_dim,high,0,1,0,0,0,0,0,0,0,0,0,0,40.857,12.37230593118978,12.372,0.0,76064.39240480808,1262.763353972875,0.0,76064.39240480808,1323.034221171649,0.0,76064.39240480808,1381.2078418150215,0.0,2.3213376497954386,39.681,42.00233764979544,0.0618534017733782,3.29231286497798,39.158293990360605,42.450606855338584,0.0875999999999983,4.078000000000003,0.1090000000000017,278.07114859305955,0.0,0.4433764465567605,3.983611630002166,0.0733600557159518,4.32140021595628,0.0509279950479166,True,BlueSG,*|MIR|NIR|s*b,9629.675,1626.6232336884286
715,83.25456,-69.374802,hot_bright,high,0,0,1,0,0,0,0,0,0,0,0,0,74.63814374532318,11.71791948156308,11.717718639809844,0.0,460485.9218496298,2438.924455050774,0.0,460485.9218496298,2522.250537547406,0.0,460485.9218496298,2602.018172345253,0.0,3.4128417314200163,72.94175826857999,76.3546,0.0497186398098445,4.794041437638256,72.26923236407175,77.06327380171001,0.0695888649281126,6.102957543494043,0.0887798443632643,313.81667399154964,0.0,0.4784098110262658,3.923739960848981,0.0429080269132208,4.594242319784255,0.0199309508698502,False,Supergiant,*|MIR|NIR|sg*,8389.575,828.8848348081897
716,83.291798,-67.733246,instability_strip,high,0,1,0,0,0,0,0,0,0,0,0,0,30.168461254405567,12.703229734485966,12.701277750467945,0.0,945352.8309019834,1864.8222609027164,0.0,945352.8309019834,1937.8243987837104,0.0,945352.8309019834,2007.9218204783892,0.0,4.74810279953801,27.76726910348424,32.51537190302225,0.1714315396235139,6.311202378762982,27.026851777240783,33.338054156003764,0.2278049827948027,7.6814296982133,0.2772777504679435,807.0582394664475,0.0,0.5459476299450053,3.7196958087174568,0.0031052944271365,4.576901930338945,0.0073540287797921,True,LongPeriodV*_Candidate,*|Em*|LP?|MIR|NIR,5244.4,37.49853330465073
717,83.371852,-67.338905,RSG,medium,0,0,0,0,1,0,0,0,0,0,0,0,7.695488550996562,14.186052758014776,14.1848122520989,0.0,13812.21437100874,1257.7163343685477,0.0,13812.21437100874,1317.8688748152244,0.0,13812.21437100874,1375.9316828341944,0.0,0.8149952536466429,7.279,8.093995253646643,0.1151877479010998,1.104122738145187,7.121527261854813,8.22565,0.156649999999999,1.4239999999999997,0.2019999999999999,464.8020663657229,0.0,0.188251235461804,3.6437289578035728,0.0120818169074617,4.267197859508975,0.0066697494246086,False,,,4402.8,122.4833049848019
718,83.400133,-67.500008,hot_dim,low,0,0,0,0,1,0,0,0,0,0,0,0,23.742182648644928,12.961212342837545,12.961287531028038,0.0,13589.458528540166,1243.584170432419,0.0,13589.458528540166,1303.40411530635,0.0,13589.458528540166,1361.1554497643274,0.0,0.9448997625335096,23.282,24.22689976253351,0.0436768455233647,1.3976333257184803,23.07045552895249,24.468088854670967,0.063939618484115,1.7636071791210597,0.081000000000003,414.3037526540975,0.0,0.156978720414599,3.8395534609966906,0.0220320342348025,4.06559840198577,0.0076361460073111,True,Star,*|NIR,6911.2,350.609554918288
719,83.401523,-69.386848,,,0,0,0,0,0,0,0,0,0,0,0,0,9.31796097178513,13.988777324792778,13.977000000000002,0.0,464465.25618161744,2990.4296594066127,0.0,464465.25618161744,3082.5774084027817,0.0,464465.25618161744,3170.608594057564,0.0,3.009593109139101,7.66825,10.6778431091391,0.3592499999999994,4.410194835294437,7.0626394094365175,11.472834244730954,0.5268321266422369,5.190824657944673,0.6220000000000017,87.05550321835797,0.0,0.933136351972506,3.7320980976818903,0.0157748876580125,3.992860971468374,0.0145692598784883,True,AGB*,*|AB*|Em*|IR|LP*|MIR|NIR|V*?|Y*?,5396.325,196.01082718819384
720,83.437062,-67.000183,hot_dim,high,0,0,0,0,1,0,0,0,0,0,0,0,43.001,12.315795717687186,12.316678632718776,0.0,50930.003580983,1264.7821352501387,0.0,50930.003580983,1325.100266317982,0.0,50930.003580983,1383.31814948174,0.0,1.8893999999999949,42.1371,44.0265,0.0470000000000006,2.778606105181723,41.73478,44.51338610518172,0.0703213672812239,3.33628742629233,0.0840000000000014,291.49343718694087,0.0,0.4540257325405054,3.893476021004853,0.0106720430125744,4.243089217200396,0.0078999008353798,True,Star,*|MIR|NIR,7824.85,192.28228597559368
721,83.475324,-68.799622,,,0,0,0,0,0,0,0,0,0,0,0,0,17.927251163944785,13.266221342923398,13.266473142481525,0.0,39835.11468128278,2983.3870424103293,0.0,39835.11468128278,3075.4275350692083,0.0,39835.11468128278,3163.358247972741,0.0,0.702322060009724,17.585927337822508,18.28824939783223,0.042493859271822,1.0438588612839084,17.406206282629018,18.450065143912926,0.0634415024758272,1.2373752679073071,0.0753759007412142,395.89009568465536,0.0,0.0470127612347037,3.896830612948729,0.0232541795423216,3.913865684012979,0.0066559404898327,False,Star,*|MIR|NIR,7885.525,422.2282846695611
722,83.492801,-68.694839,hot_dim,high,0,0,0,0,1,0,0,0,0,0,0,0,27.31839054264515,12.809082270587746,12.809,0.0,133529.05165611155,3010.551144818431,0.0,133529.05165611155,3103.004642343924,0.0,133529.05165611155,3191.322239269906,0.0,1.3912905080590612,26.62856060675478,28.019851114813843,0.0550578259207235,1.985498500773755,26.317945724701893,28.303444225475648,0.0788754437176368,2.4450000000000003,0.0974871167802895,328.19307215092584,0.0,0.1750097246494124,3.9309973965584577,0.0375843391470368,4.113237165817598,0.0288821964262377,True,Star,*|MIR|NIR,8530.95,738.2781301785933
723,83.504781,-70.712234,hot_dim,medium,0,0,0,0,1,0,0,0,0,0,0,0,40.76521878629835,12.374380793314382,12.374405998094804,0.0,303428.9546703205,2986.405313027574,0.0,303428.9546703205,3078.4917882655923,0.0,303428.9546703205,3166.4655755060435,0.0,2.1616416785651253,39.69133364085993,41.852975319425056,0.057596167999069,3.0852005142166448,39.222046663318814,42.30724717753546,0.0822106877445261,3.655930137461404,0.097430489449227,380.8475217849803,0.0,0.2613346429751372,3.94857432901705,0.0530369553235038,4.350757980980581,0.0417210376032365,False,Star,*|MIR|NIR,8883.3,1084.8472749654672
724,83.535131,-68.717476,,,0,0,0,0,0,0,0,0,0,0,0,0,17.32168103429759,13.303558855067807,13.303764008946708,0.0,40177.7865758987,2966.283332805347,0.0,40177.7865758987,3058.0628143522936,0.0,40177.7865758987,3145.749024378582,0.0,0.7200835146986897,16.96654124159986,17.68662475629855,0.0452351790837166,1.0016048403811944,16.827069618192027,17.82867445857322,0.0622964894431028,1.2156175368663789,0.0767640089467107,853.0681971065029,1.0,0.0253340771935444,3.907624961773148,0.0589678614723486,3.942184340332741,0.0194949835594746,False,Star,*|MIR|NIR,8083.975,1097.6301514512984
725,83.546271,-69.42907,hot_bright,high,0,0,0,1,0,0,0,0,0,0,0,0,60.358429188014696,11.948447857131503,11.948,0.0,424603.0877861817,3020.611734352529,0.0,424603.0877861817,3113.217720694251,0.0,424603.0877861817,3201.678162328777,0.0,2.520281421435172,59.06108218379448,61.581363605229654,0.0455296845402646,3.664117976162082,58.47396239967793,62.13808037584001,0.0664278852009925,4.6394431796712325,0.0833422841539697,1003.8743742012668,0.0,0.0070896080349562,3.931125920499324,0.0264661263308176,4.530022607943201,0.0108686252595779,False,Supergiant,*|MIR|NIR|sg*,8533.475,520.0343011523375
726,83.578245,-69.438858,hot_dim,high,0,0,0,0,1,0,0,0,0,0,0,0,29.994456006526864,12.707876444827573,12.707546554380954,0.0,89431.96354330482,2993.447908376258,0.0,89431.96354330482,3085.641585476637,0.0,89431.96354330482,3173.7157944591713,0.0,1.1529459736944467,29.393989518451995,30.54693549214644,0.0419224343088178,1.6739951855295878,29.138085093704294,30.81208027923388,0.060432946560077,1.99527045184276,0.0720000000000009,3.800421768652793,0.0,0.3134651581069868,3.9732664361085286,0.0860010249289012,4.187330577226681,0.0594972408617372,False,Star,*|MIR|NIR,9403.0,1862.0260470788264
727,83.579468,-67.108109,,,0,0,0,0,0,0,0,0,0,0,0,0,40.251,12.387872402252398,12.388000000000002,0.0,92294.97129177852,1270.8383884796883,0.0,92294.97129177852,1331.298083214285,0.0,92294.97129177852,1389.6485406717318,0.0,2.659760596976625,38.9154,41.57516059697662,0.0717823022536006,3.709910882786645,38.37867033089873,42.08858121368537,0.1002587627043194,4.656293611291723,0.1254557556340039,468.1033770688631,0.0,0.1583190041973846,4.146128035678238,0.0,4.546826441644242,0.0113031445013626,True,Star,*|MIR|NIR,14000.0,0.0
728,83.666828,-67.502647,hot_dim,high,0,0,0,0,1,0,0,0,0,0,0,0,54.717356795376816,12.055991019581755,12.055,0.0,107220.83506034444,1265.7915202147358,0.0,107220.83506034444,1326.133268942176,0.0,107220.83506034444,1384.3732700101202,0.0,2.5188932829831856,53.37872922536916,55.89762250835235,0.0499980410444447,3.424587485858652,52.90547767446322,56.33006516032187,0.0685774440311099,4.457999999999998,0.0880000000000027,321.8719478657228,0.0,0.473010923897148,3.928842464443374,0.0650024132974397,4.304128998150655,0.0297055496131013,True,Supergiant,*|MIR|NIR|sg*,8488.725,1270.5379271690397
729,83.724042,-69.133911,RSG,high,0,1,0,0,0,0,0,0,0,0,0,0,6.2316314731654305,14.438962078364732,14.413250502148143,0.0,398936.3369764749,3042.744675006837,0.0,398936.3369764749,3135.6852400818907,0.0,398936.3369764749,3224.4591004536524,0.0,2.2923077089315074,4.972877593682109,7.265185302613617,0.4113538024337444,3.1656877882709757,4.66795162963041,7.833639417901386,0.5622283928983922,3.95155106410529,0.718691199023608,316.9645847119645,0.0,0.5900144057373106,3.623812473870067,0.0098798139066018,4.341285354580164,0.0086244495997749,False,YellowSG,*|LP?|MIR|NIR|pA?|s?r|s*y|Y*?|Y*O,4205.45,95.67025399778136
730,83.728128,-67.71991,,,0,0,0,0,0,0,0,0,0,0,0,0,14.23814831067926,13.51665427642659,13.516451300865644,0.0,114821.8814306912,2850.573719766902,0.0,114821.8814306912,2940.5672854930003,0.0,114821.8814306912,3026.5805417499087,0.0,0.8125483762597216,13.83761747554596,14.65016585180568,0.0620000000000011,1.2160023440038188,13.633788151854716,14.849790495858532,0.0929704753146172,1.5136121554723676,0.1149999999999984,10.907101706903047,0.0,0.1992495565759006,3.8740307638447025,0.020224039181257,3.9271445826382334,0.0071326904059624,False,Star,*|NIR,7482.225,348.42904496468145
731,83.805197,-69.24292,hot_dim,low,0,0,0,0,1,0,0,0,0,0,0,0,33.3927431220671,12.591356193212818,12.59072789978986,0.0,167399.2565352275,3022.623840071384,0.0,167399.2565352275,3115.260293505992,0.0,167399.2565352275,3203.7492753629867,0.0,1.5664677700971623,32.59150957599696,34.15797734609412,0.0513121462213668,2.2605160404313835,32.20452072492146,34.46503676535284,0.073410186838382,2.7860676213960183,0.0906686092843962,940.8433837666096,0.0,0.0413398065141326,3.903956354059725,0.0199286802785576,4.16958583136699,0.0074730035103013,False,Star,*|NIR,8015.975,367.8329095866763
732,83.863142,-69.231224,,,0,0,0,0,0,0,0,0,0,0,0,0,45.03302347451056,12.267116124627524,12.26610067003983,0.0,544430.8668966882,3028.660132925438,0.0,544430.8668966882,3121.3879264827056,0.0,544430.8668966882,3209.9624717415295,0.0,3.478381877205379,43.23097911643566,46.70936099364104,0.0836892528702293,4.878335796338739,42.501706822632784,47.38004261897152,0.1178632615676633,6.146477156219426,0.1485219274926628,752.2469174664147,0.0,0.197608605579071,4.0738209563298025,0.0614677298378733,4.513700299990084,0.0636775572689162,False,BlueSG,*|MIR|NIR|s*b,11852.8,1677.5822364343276
733,83.899876,-69.118477,hot_dim,low,0,0,0,0,1,0,0,0,0,0,0,0,25.70071066326773,12.875314862794571,12.87526056502298,0.0,210289.01003824087,3013.569332359239,0.0,210289.01003824087,3106.068603406701,0.0,210289.01003824087,3194.429078912523,0.0,1.6094241977788322,24.906725544504553,26.516149742283385,0.0680843772781276,2.237716946935518,24.596052265235375,26.833769212170893,0.0946125588483646,2.813233691337672,0.1182605650229806,1038.1203101353765,0.0,0.0179211168270629,3.9088293689981137,0.0507872213851908,4.114632789458302,0.0253552357775624,True,Star,*|NIR,8106.425,947.9807325969238
734,83.900594,-68.534393,,,0,0,0,0,0,0,0,0,0,0,0,0,11.23556085716871,13.668947009084183,13.773437056746388,1.0,4704083.085447645,2818.373695907662,0.0,4704083.085447645,2907.8638531984325,0.0,4704083.085447645,2993.4055449401685,0.0,14.873063111042352,8.416317863654221,23.289380974696577,1.105185245164046,17.3716525940878,8.139847336301756,25.51149993038955,1.2407487926522016,19.483994441162793,1.493157805193988,24.33542528163399,0.0,1.735184077965265,3.7366613809621976,0.0159878465372831,3.9031504184243895,0.0092573935061719,True,ClassicalCep,*|cC*|Ce*|MIR|NIR|V*|V*?|X,5453.325,200.7553097056215
735,83.935222,-66.882256,,,0,0,0,0,0,0,0,0,0,0,0,0,49.808,12.15480493807297,12.157,0.0,180663.5720951872,1240.5557511121133,0.0,180663.5720951872,1300.304177756021,0.0,180663.5720951872,1357.9885360823612,0.0,4.462849711288072,47.915099999999995,52.37794971128807,0.0965090398194945,6.257308170671962,46.96712129428092,53.22442946495288,0.1361926807244291,7.517743372694149,0.1639999999999997,48.46813985071175,0.0,1.0705630775837631,4.116697382680379,0.0308430924880299,4.615944211260677,0.0437848928093582,True,EmLine*,*|Em*|NIR,13082.7,929.1182432823068
736,83.955935,-66.700485,,,0,0,0,0,0,0,0,0,0,0,0,0,14.213534422281906,13.420451677125818,13.518280851396986,1.0,1795429.95997904,1187.047776431628,0.0,1795429.95997904,1245.5178710653192,0.0,1795429.95997904,1302.005097280212,0.0,24.00134338973132,8.657250000000001,32.65859338973132,1.4417191486030152,27.763466153707995,7.84395,35.607416153707995,1.6427691486030138,30.521,1.997,30.509912640000938,0.0,4.844585400499188,3.746978462647184,0.009194725433474,4.212524319247937,0.0071046850395094,True,ClassicalCep,*|cC*|Ce*|IR|MIR|NIR|s*y|V*|V*?,5584.425,118.2314229593808
737,84.059698,-69.191147,,,0,0,0,0,0,0,0,0,0,0,0,0,28.19738320989772,12.7743207222544,12.774727916904748,0.0,150998.04371614446,3029.6661781956623,0.0,150998.04371614446,3122.40918620154,0.0,150998.04371614446,3210.9979836886628,0.0,1.841126252711689,27.29487374728831,29.136,0.0710368860829913,2.7012959525984783,26.89482404740152,29.59612,0.1038486125465265,3.2527436470309183,0.1251229536099707,389.9265252784239,0.0,0.1127533971379847,3.858082815446372,0.0259789352643284,3.979935902491928,0.007996211999582,True,Star,*|MIR|NIR,7212.45,431.43944824274007
738,84.073025,-68.963707,,,0,0,0,0,0,0,0,0,0,0,0,0,41.98129046230707,12.34258415098444,12.342602087032535,0.0,181425.76305751756,3016.5875107391203,0.0,181425.76305751756,3109.132532255576,0.0,181425.76305751756,3197.535864754814,0.0,1.7445551473147844,41.109059130592776,42.85361427790756,0.0456020870325328,2.556498389811587,40.656881610188414,43.21338,0.0666020870325336,3.074472102901275,0.0796020870325335,388.6900412890016,0.0,0.1592558671439263,4.121252807984237,0.0311070176872442,4.521096191797293,0.045643854393469,True,,,13220.65,946.9496171919604
739,84.080953,-68.224899,RSG,medium,0,0,0,0,1,0,0,0,0,0,0,0,5.184454666478463,14.613737902636158,14.613166409058593,0.0,20122.71833573617,2983.3870424103293,0.0,20122.71833573617,3075.4275350692083,0.0,20122.71833573617,3163.358247972741,0.0,0.5360039692598804,4.919605371464754,5.455609340724634,0.1121374947239139,0.7681445564860461,4.80248,5.570624556486046,0.1615868027657541,0.9764236466388664,0.2059342819573757,401.2773727054795,0.0,0.0354222732733231,3.6554841953973063,0.0164422082803479,4.01559571692718,0.0068682286812201,False,Star,*|NIR,4523.6,171.26161274494643
740,84.223679,-70.35643,,,0,0,0,0,0,0,0,0,0,0,0,0,16.401902128999065,13.362912400940765,13.36265624219331,0.0,46969.88052399737,2979.362667116417,0.0,46969.88052399737,3071.3418132545567,0.0,46969.88052399737,3159.2150596104652,0.0,0.7490979904901813,16.038130336649495,16.787228327139676,0.049362410722491,1.0810930738097717,15.868298552970035,16.949391626779807,0.0715750703468263,1.284867939056669,0.0855750703468256,765.7197049266878,0.0,0.0143616852798718,3.9004258500408744,0.0203238082743771,3.959078830988423,0.0072047037809367,False,Be*_Candidate,*|Be?|MIR|NIR,7951.075,372.0888259206396
741,84.236771,-69.271767,hot_bright,high,0,0,0,1,0,0,0,0,0,0,0,0,46.837669710598135,12.225255766597028,12.223735678367197,0.0,597674.4698290799,3016.5875107391203,0.0,597674.4698290799,3109.132532255576,0.0,597674.4698290799,3197.535864754814,0.0,3.434848532612932,44.956582906764424,48.39143143937736,0.0799729874565162,4.6120585975386135,44.375674547313295,48.98773314485191,0.1070404271593723,6.005711865053762,0.1398044610741777,1108.335498589548,0.0,0.0296263135995999,3.9783254859021473,0.0646269905415348,4.437306463643728,0.0359252114856754,False,Star,*|MIR|NIR,9513.175,1415.6474382327683
742,84.26094,-69.643074,,,0,0,0,0,0,0,0,0,0,0,0,0,47.685038550492735,12.204653755376452,12.20427877038973,0.0,610302.6925872974,3022.623840071384,0.0,610302.6925872974,3115.260293505992,0.0,610302.6925872974,3203.7492753629867,0.0,3.377986782963262,45.940226441084974,49.31821322404824,0.0771636752385394,4.847085692455131,45.2157267811413,50.06281247359643,0.110516426196277,6.146923442084969,0.1401562841865917,86.9177807423259,1.0,0.6002674507032002,3.9576288336608574,0.0558940337531124,4.388450598529008,0.0470151990649204,True,Star,*|NIR,9070.45,1167.3738893345185
743,84.266308,-69.167656,hot_dim,high,0,1,0,0,0,0,0,0,0,0,0,0,20.07804532133643,13.144769489335632,13.143292634693838,0.0,312504.1507302192,3035.7024286303667,0.0,312504.1507302192,3128.5366700128084,0.0,312504.1507302192,3217.2109309461857,0.0,2.506195401368739,18.762939317994277,21.269134719363016,0.1361629233409313,3.4799307402912234,18.298069259708775,21.778,0.1886234218517,4.592710168329866,0.2496692128421358,313.0876756859945,0.0,0.2123053391083656,3.916168273090051,0.0509397840803592,4.080632516863323,0.0165586614325548,True,Star,*|MIR|NIR,8244.575,967.032481034117
744,84.289308,-69.324539,hot_bright,high,0,0,0,1,0,0,0,0,0,0,0,0,43.03274631775704,12.31631155229399,12.315682923676942,0.0,344610.48913916317,3009.545080266672,0.0,344610.48913916317,3101.983314822598,0.0,344610.48913916317,3190.2866140860087,0.0,2.695243566257787,41.63823023887458,44.33347380513237,0.0679999999999996,3.818129359054467,41.0827905310797,44.90091989013417,0.0968413556352505,4.6360925823031565,0.1161833834476517,1159.0231776530352,0.0,0.3240714563972133,3.9707825795224014,0.0640424232964062,4.419385376468112,0.0341779031405818,False,Star,*|NIR,9349.375,1378.688093578457
745,84.311686,-70.506462,RSG,medium,0,1,0,0,0,0,0,0,0,0,0,0,5.792,14.493178054052656,14.493015546048218,0.0,27049.868457005872,2995.4600692140325,0.0,27049.868457005872,3087.6843521110286,0.0,27049.868457005872,3175.78723119576,0.0,0.579950510632762,5.502371148891001,6.082321659523763,0.1089844539517841,0.8029664089596231,5.38742764288995,6.190394051849573,0.150516148922394,0.9820958149141914,0.1841832175051738,1157.9557534381167,0.0,0.0105095779328658,3.63275077202148,0.0102532830647711,4.175495464415383,0.0071572565524401,False,,,4292.9,101.35131967567072
746,84.382455,-70.299202,RSG,high,1,0,0,0,0,0,0,0,0,0,0,0,5.0058348951968785,14.652138235754368,14.651710132773928,0.0,37338.73184051126,3003.5086715194448,0.0,37338.73184051126,3095.8552743137648,0.0,37338.73184051126,3184.072737089348,0.0,0.6343942919326997,4.693382689285587,5.327776981218287,0.1377762704075387,0.895484771886915,4.556331353587363,5.451816125474278,0.1951337619181536,1.1395582960646191,0.2489550018707937,84.67296328110834,0.0,0.1194541277477408,3.658907694893854,0.011284167359418,4.084037697784697,0.0072182613588345,False,Star,*|NIR,4559.4,118.46577564849687
747,84.392608,-69.45929,,,0,0,0,0,0,0,0,0,0,0,0,0,87.43,11.5459163619346,11.546,0.0,298368.36150358006,2408.721564570627,0.0,298368.36150358006,2491.5370296874503,0.0,298368.36150358006,2570.826364210488,0.0,3.0338904453409157,85.90250335278245,88.93639379812336,0.0380000000000002,4.453137010385603,85.1653918675118,89.6185288778974,0.0550000000000032,5.372403208755216,0.0674906568173412,1158.811046641641,1.0,0.1239057158084833,3.906080371439764,0.0331299258799003,3.956316598603934,0.007727554521298,False,,,8055.275,614.4924119751196
748,84.43914,-69.309685,hot_dim,medium,0,0,0,0,1,0,0,0,0,0,0,0,29.672,12.71991013270995,12.7190189525966,0.0,154486.7385007131,3011.5572083507695,0.0,154486.7385007131,3104.025966280512,0.0,154486.7385007131,3192.357858466946,0.0,1.6198374685913528,28.8301900372061,30.450027505797458,0.0594848457194476,2.2971417582130904,28.441568889738672,30.738710647951763,0.084999999999999,2.850494185635398,0.1049831864618138,246.671680712812,0.0,0.1521494083502869,3.899511354156286,0.0663170611123332,4.108173729538669,0.0292546898923819,True,,,7934.35,1211.5806112265084
749,84.521252,-69.296501,hot_dim,medium,0,0,0,0,1,0,0,0,0,0,0,0,23.597,12.968522527819228,12.968000000000002,0.0,168307.20497191418,3031.678265707427,0.0,168307.20497191418,3124.4516949889967,0.0,168307.20497191418,3213.0689897960237,0.0,1.6712050556922122,22.732194944307786,24.4034,0.0775166382372258,2.3461899951379124,22.41006619339713,24.756256188535044,0.1083749616888738,2.9733982396300043,0.1366302126841567,509.4996204026626,0.0,0.0831721494151271,3.907289063860527,0.0402283377030823,4.053082551854409,0.0211656138044805,False,,,8077.725,748.2329679818979
750,84.576233,-69.067322,,,0,0,0,0,0,0,0,0,0,0,0,0,90.43863482341168,11.509407282241622,11.509277922897123,0.0,439977.421318619,3009.545080266672,0.0,439977.421318619,3101.983314822598,0.0,439977.421318619,3190.2866140860087,0.0,4.514752368244061,88.17362486380006,92.68837723204412,0.0543512652080231,6.270864757919682,87.43184207913049,93.70270683705016,0.0751164947217031,8.111021185170358,0.0973747143110408,331.76704617999815,0.0,0.2507433211549988,4.018147919377922,0.0148603301745377,4.442715353114008,0.0187581504846583,False,Star,*|IR,10426.725,356.7730712581879
751,84.611746,-69.764206,,,0,0,0,0,0,0,0,0,0,0,0,0,,,,,,,,,,,,,,,,,,,,,,,,,,,3.931668864169553,0.0452014559027432,4.891609871490037,0.0225456619424362,False,,,8544.15,889.2768283836031
752,84.661939,-69.13736,hot_dim,high,0,1,0,0,0,0,0,0,0,0,0,0,25.54376426089047,12.882650148896037,12.881890380385354,0.0,185290.22375657357,3020.611734352529,0.0,185290.22375657357,3113.217720694251,0.0,185290.22375657357,3201.678162328777,0.0,2.6214539342608845,24.209476714229872,26.830930648490757,0.1116145958759933,3.801856541766899,23.606417423980105,27.408273965747004,0.1619192367785036,4.574955803509713,0.1950000000000002,99.94733627039722,0.0,0.4884047280528348,3.8112917508355086,0.0196193005792265,4.326432107155672,0.007992097824988,True,BlueSG,*|IR|MIR|NIR|s*b,6475.775,292.5438417998232
753,84.677308,-69.017288,hot_dim,low,0,0,0,0,1,0,0,0,0,0,0,0,34.68792571774421,12.54959606049782,12.549611691400722,0.0,98728.34517401872,3012.563270864201,0.0,98728.34517401872,3105.0472866341693,0.0,98728.34517401872,3193.393471680147,0.0,1.594664833217358,33.90337753312152,35.49804236633888,0.0499833663921656,2.2259203118551696,33.57742454278374,35.80334485463891,0.0692000465900655,2.8037425981952424,0.0879999999999991,332.02464300184,0.0,0.0607911266495452,3.975022597698362,0.0732097777972523,4.0362592377370365,0.0500310190720326,True,Star,*|MIR|NIR,9441.1,1591.5026830011943
754,84.679486,-69.025673,,,0,0,0,0,0,0,0,0,0,0,0,0,20.496632272652793,13.121151901933075,13.120873342652317,0.0,71845.38755876382,3016.5875107391203,0.0,71845.38755876382,3109.132532255576,0.0,71845.38755876382,3197.535864754814,0.0,1.413511408240396,19.794034080701135,21.20754548894153,0.0746547667321149,2.0315031771004257,19.5058956989967,21.537398876097125,0.1071659351039393,2.5660146122169607,0.1360797770267847,1373.1433859480676,0.0,0.0186425135426553,3.915600313723979,0.0280258447655075,3.9988298410333503,0.0164640817084393,True,BlueSG,*|IR|MIR|NIR|s*b,8233.8,531.3426954424046
755,84.690958,-66.614372,RSG,medium,0,1,0,0,0,0,0,0,0,0,0,0,8.797057872636547,14.038787227578064,14.039,0.0,22825.888877373312,1258.725745897677,0.0,22825.888877373312,1318.901970835884,0.0,22825.888877373312,1376.9869592885675,0.0,0.8785583495957638,8.359865325043279,9.238423674639042,0.1088179499382491,1.2013702789790006,8.216988631211331,9.418358910190332,0.1486399999999985,1.4916927751592226,0.1839999999999992,1167.324480960419,0.0,0.0383512368939623,3.6527900776448616,0.0149734680821262,4.202762156206403,0.0072268862935919,True,Star,*|MIR|NIR,4495.625,154.99873991423286
756,84.721164,-70.717834,hot_dim,low,0,0,0,0,1,0,0,0,0,0,0,0,40.299541433742704,12.387245568130828,12.386849469631205,0.0,213289.5866351981,2966.283332805347,0.0,213289.5866351981,3058.0628143522936,0.0,213289.5866351981,3145.749024378582,0.0,1.7852649679911892,39.3809895690254,41.16625453701659,0.0480000000000018,2.481199020451143,39.06899963120942,41.550198651660565,0.0671697420645927,2.983330780854125,0.0804220409034712,258.6109408594848,0.0,0.2156961163910465,3.842122257348406,0.0222501651946478,4.366498018916729,0.0083551266184064,False,Star,*|NIR,6952.2,356.1813582993922
757,84.738261,-68.948074,hot_dim,medium,0,0,0,0,1,0,0,0,0,0,0,0,31.23,12.66396467090576,12.663838142179504,0.0,245712.09124123864,3021.6177877188525,0.0,245712.09124123864,3114.2390088825937,0.0,245712.09124123864,3202.7137218227845,0.0,2.002688386330277,30.225366665664744,32.22805505199502,0.0696716134779951,2.902576057742575,29.789943038214073,32.69251909595665,0.1009151716898362,3.5861670304749182,0.1246002335993168,76.04987187175334,0.0,0.2502225874224689,3.93624599582787,0.0260175424447174,4.1735793989082195,0.0208244300900153,True,BlueSG,*|Em*|IR|MIR|NIR|s*b,8634.675,517.2827025669812
758,84.76943,-67.879074,hot_dim,medium,0,0,0,0,1,0,0,0,0,0,0,0,21.121942633625466,13.089166561270046,13.088085322144686,0.0,125253.60325334336,4245.355943866229,0.0,125253.60325334336,4354.93559542711,0.0,125253.60325334336,4459.296709598466,0.0,1.248864113186542,20.452929262938557,21.7017933761251,0.0640532214496349,1.8273554207433769,20.17320983250735,22.000565253250727,0.0938490728669858,2.1564863935663254,0.1109999999999971,499.2362102803404,0.0,0.1068520076275321,3.92540105601889,0.0343952318090702,4.037585625105132,0.0211706336261385,False,Star,*|MIR|NIR,8421.725,666.9833389036041
759,84.77477,-69.274086,hot_dim,medium,0,1,0,0,0,0,0,0,0,0,0,0,42.363931166484235,12.332889742884657,12.33245191043611,0.0,359654.06239457877,3027.6540866449773,0.0,359654.06239457877,3120.3666632114287,0.0,359654.06239457877,3208.9269538614653,0.0,2.5875896014700004,41.07562593573767,43.66321553720767,0.0661515068621323,3.5976829922527145,40.58300531884422,44.18068831109694,0.0920799999999992,4.458524406037071,0.1146212328446676,683.4269741941257,0.0,0.0993519685655054,3.8597835529363302,0.0205425026238329,4.425648277989963,0.0083180567443249,True,Star,*|IR|MIR|NIR,7240.75,342.4937043216999
760,84.783639,-70.337944,,,0,0,0,0,0,0,0,0,0,0,0,0,3.655,14.98895153353913,14.992923387594209,0.0,264952.9723423396,3038.7205402504387,0.0,264952.9723423396,3131.600364104299,0.0,264952.9723423396,3220.317324720569,0.0,1.7486858536566148,2.9173,4.665985853656615,0.5097284887847415,2.126692007723484,2.738008022456881,4.864700030180365,0.6246789073463024,3.652112697552104,1.0708707292945814,7.961778336231901,0.0,0.3007361517414177,3.8329302293915744,0.0077020319897106,3.403975495596799,0.0118913828078241,False,ClassicalCep,*|cC*|Ce*|V*|V*?,6806.6,120.71221976254104
761,84.834334,-69.107307,hot_dim,medium,0,1,0,0,0,0,0,0,0,0,0,0,24.587327391872556,12.923807413423589,12.923204314977005,0.0,99015.27281793195,3009.545080266672,0.0,99015.27281793195,3101.983314822598,0.0,99015.27281793195,3190.2866140860087,0.0,1.5496053138771622,23.79364224937176,25.343247563248923,0.0687986634763166,2.1755361457945774,23.45127091680293,25.626807062597504,0.0963588146072353,2.7046272197856247,0.120396950049729,564.8429129930583,0.0,0.0636197485712959,3.859052691397862,0.0236314526554446,4.136000500080369,0.0071761204013035,True,BlueSG,*|MIR|NIR|s*b,7228.575,393.3315641732811
762,84.916091,-69.20118,hot_dim,high,0,0,0,1,0,0,0,0,0,0,0,0,38.72302129228959,12.4318738869428,12.430021024878648,0.0,346502.66228569695,3034.696389410944,0.0,346502.66228569695,3127.515431571307,0.0,346502.66228569695,3216.175454534308,0.0,2.362107727052198,37.392715439412974,39.75482316646517,0.0668216946160917,3.351115599916618,36.8758885081693,40.227004108085914,0.0942430836325556,4.322721097523761,0.1216834422150174,395.5489705597427,0.0,0.5361902802643472,3.9190676273227134,0.0555217582317378,4.102248641543404,0.0185029065591364,True,BlueSG,*|IR|MIR|s*b,8299.8,1061.07608586755
763,84.916984,-69.742706,hot_bright,high,0,0,0,1,0,0,0,0,0,0,0,0,71.28039990905161,11.767498541730763,11.767488843675247,0.0,540051.4512177827,3020.611734352529,0.0,540051.4512177827,3113.217720694251,0.0,540051.4512177827,3201.678162328777,0.0,3.3218795070106353,69.64263418963827,72.96451369664891,0.0505956325888536,4.888031965098776,68.86607594143294,73.75410790653171,0.0747098419404306,5.861697506174309,0.0894888436752463,253.59053805228675,0.0,0.363820347062509,3.8972035851797857,0.0231770630894566,4.482642474947649,0.006438709789165,True,BlueSG,*|IR|MIR|NIR|s*b,7892.3,421.1896366246444
764,84.949506,-69.267471,,,0,0,0,0,0,0,0,0,0,0,0,0,16.95208368671613,13.327019241817892,13.326914372178727,0.0,39598.953309643,2979.362667116417,0.0,39598.953309643,3071.3418132545567,0.0,39598.953309643,3159.2150596104652,0.0,0.7000555659600707,16.603437855994514,17.303493421954585,0.0447640155132376,0.9917414773285528,16.45702568360513,17.448767160933684,0.0630856278212732,1.1927551943633965,0.0767938571524879,620.5085267048664,0.0,0.0518039530841924,3.987258363847328,0.071160777866772,3.9467011932469265,0.0444331004519392,False,,,9710.875,1591.1632488135842
765,84.979328,-67.15332,hot_dim,medium,0,0,0,0,1,0,0,0,0,0,0,0,20.669,13.112781334547831,13.111923420619402,0.0,42947.04885542707,1254.6880768823305,0.0,42947.04885542707,1314.76950624487,0.0,42947.04885542707,1372.7657190621303,0.0,1.2590145126766004,19.9986,21.2576145126766,0.0670000000000019,1.8966140794126576,19.748008576157567,21.644622655570224,0.1000399999999999,2.3242515960888994,0.1220765793805984,328.16489149017065,0.0,0.2547677008924086,3.8213153322355025,0.0135750409491735,4.085762081802114,0.0076699352806319,True,,,6626.975,207.14390981875377
766,85.004564,-69.581306,hot_dim,high,0,0,0,1,0,0,0,0,0,0,0,0,26.36730204330592,12.847496853514745,12.847246270021689,0.0,135861.1701589175,2993.447908376258,0.0,135861.1701589175,3085.641585476637,0.0,135861.1701589175,3173.7157944591713,0.0,1.3746820286550907,25.671654705077888,27.04633673373298,0.0564756153765149,1.909701079081884,25.419663756900636,27.32936483598252,0.0791433405638191,2.3548110885189395,0.0977537299783115,712.0186286305546,0.0,0.0914382336429493,3.826144478688618,0.0220412539008291,4.182071803379747,0.0095932863544039,False,Star,*|NIR,6701.075,340.09203809410184
767,85.03308,-67.099304,,,0,0,0,0,0,0,0,0,0,0,0,0,20.6485,13.113054731372864,13.113,0.0,34098.20258374886,1247.62200857294,0.0,34098.20258374886,1307.5371745117914,0.0,34098.20258374886,1365.377682698268,0.0,1.116660672291253,20.09675,21.213410672291253,0.058563377185159,1.6236781410949064,19.85883328600231,21.482511427097215,0.0848908442962894,1.959903336538833,0.1029999999999997,326.7235566382002,0.0,0.1999450786628126,3.966734081872019,0.0630582807511343,3.9846809737384543,0.0464242981110084,False,Star,*|MIR|NIR,9262.625,1344.905892386155
768,85.053551,-69.581863,,,0,0,0,0,0,0,0,0,0,0,0,0,59.45273725464596,11.965297490968052,11.964741917129173,0.0,986852.7951957312,3039.726575446073,0.0,986852.7951957312,3132.621588396352,0.0,986852.7951957312,3221.3527775014554,0.0,4.744002959041012,57.06647748963428,61.81048044867529,0.0863372806253277,6.615149844493892,56.04058048707076,62.655730331564655,0.1209882698744895,9.18975241227033,0.1690791977545007,436.2765503282272,0.0,0.7348414338376027,4.13272784101004,0.0366781845554342,4.4870670190539,0.0638724405189637,False,Star,*|NIR,13574.625,1146.4400810225538
769,85.067588,-66.67672,hot_dim,high,0,0,0,0,1,0,0,0,0,0,0,0,20.250848184467337,13.132860699349957,13.134,0.0,44203.93243257492,1256.706919026041,0.0,44203.93243257492,1316.8357653873793,0.0,44203.93243257492,1374.8763839964822,0.0,1.2522137283587185,19.68278627164128,20.935,0.0671026623648174,1.7807725947369413,19.437826231092508,21.21859882582945,0.0952258572026014,2.2666775294215036,0.1213422078827264,337.55800915057875,0.0,0.2487546776093027,3.883199929550476,0.0119787490046514,4.035627197741735,0.0069686268269713,False,PulsV*,*|Pu*,7641.875,210.77887554259323
770,85.072987,-69.515961,hot_bright,high,0,0,1,0,0,0,0,0,1,0,0,0,129.586,11.120312154696132,11.119000000000002,0.0,751670.2506641598,740.2548488092879,0.0,751670.2506641598,786.6639312381326,0.0,751670.2506641598,831.8578848581998,0.0,11.811799999999993,123.2402,135.052,0.0990000000000002,15.647349999999989,120.90723,136.55458,0.1320800000000019,21.97,0.1850000000000022,137.23179067920353,0.0,2.7023301811886857,3.882756422305003,0.0160747913730467,4.9251912395618485,0.0071831495080954,False,LongPeriodV*,*|LP*|MIR|NIR|SB*,7634.075,282.5644074808432
771,85.074858,-69.468552,hot_bright,high,0,1,0,0,0,0,0,0,0,0,1,0,72.43501751617438,11.749179470050484,11.750008778756795,0.0,1017546.8732965467,3036.7084668430884,0.0,1017546.8732965467,3129.5579049142943,0.0,1017546.8732965467,3218.2464014458856,0.0,4.737189300014904,70.34848470408568,75.08567400410058,0.0709993348999624,6.317307554696612,69.49932893024659,75.8166364849432,0.0941554658469456,8.307200893730126,0.1241569542529088,417.7703871013696,0.0,0.7496131609670098,3.940479130016315,0.0475325295804917,4.4928336360524685,0.0350337620275358,False,Star,*|MIR|NIR,8719.25,954.3018062961004
772,85.080661,-69.689636,hot_bright,high,0,0,0,0,1,0,0,0,0,0,0,0,30.181000889183213,12.701112785928666,12.700794713466978,0.0,114227.38764066064,2995.4600692140325,0.0,114227.38764066064,3087.6843521110286,0.0,114227.38764066064,3175.78723119576,0.0,1.2915143866362868,29.506,30.797514386636287,0.0465101639667597,1.8797264551270452,29.224558975814137,31.104285430941182,0.0681827650519117,2.2664685736551213,0.0821006504387042,123.07630074892413,0.0,0.1238966003809506,3.8061816704433937,0.0083140199202292,4.3823970552554234,0.0062751268607098,False,Star,*|NIR,6400.025,122.52040391298095
773,85.088533,-69.3116,hot_dim,high,0,0,0,1,0,0,0,0,0,0,0,0,33.19413986757756,12.597750621099474,12.59723641569443,0.0,216589.4063984322,3001.496527091635,0.0,216589.4063984322,3093.812565384088,0.0,216589.4063984322,3182.0013967250784,0.0,1.8354495365215513,32.262,34.09744953652155,0.0599290752916701,2.5557719417094695,31.86532,34.42109194170947,0.0841035843055681,3.3025608574615504,0.1080417900811987,1312.1093824954194,0.0,0.0651152402341121,3.8386728195277313,0.0221131015636878,4.2820705530586,0.0062622338829249,True,Star,*|NIR,6897.2,351.186787906379
774,85.137987,-67.211502,,,0,0,0,0,0,0,0,0,0,0,0,0,12.67973865116065,13.642145194059967,13.64247954888452,0.0,46903.57739927547,1636.0125836572415,0.0,46903.57739927547,1704.4604135685347,0.0,46903.57739927547,1770.2921790048165,0.0,0.7585761335166019,12.31969815455946,13.078274288076065,0.0651762657898,1.074535136931722,12.155161897795177,13.2296970347269,0.0915204511154819,1.2842970652256491,0.1099999999999994,137.44681257879432,1.0,0.128545731967308,3.953078005488499,0.0606189826555484,3.809055594642623,0.0366969369867132,False,,,8975.9,1252.8594055200288
775,85.145193,-69.66127,hot_dim,medium,0,0,0,0,1,0,0,0,0,0,0,0,27.07890059772958,12.8188692867154,12.81882964407445,0.0,159221.16851482796,3015.5814522961864,0.0,159221.16851482796,3108.1112262156025,0.0,159221.16851482796,3196.5002754468483,0.0,1.6312261488712103,26.25377385112879,27.885,0.0651703559255523,2.3636116373827214,25.862613189349545,28.226224826732267,0.0948841061482301,2.9153828141895275,0.1176120019181024,113.89982852084768,0.0,0.2288950276591517,3.960867787573676,0.0915448708161136,4.084436167026649,0.0503649007936253,False,Star,*,9138.35,1926.271470354062
776,85.241643,-69.23159,instability_strip,medium,0,0,0,1,0,0,0,0,0,0,0,0,36.40265119889772,12.497314441945353,12.497039496742524,0.0,173195.19861283206,3016.5875107391203,0.0,173195.19861283206,3109.132532255576,0.0,173195.19861283206,3197.535864754814,0.0,1.6786984577788644,35.551098978954826,37.22979743673369,0.0499999999999989,2.4710585977541726,35.1475402838015,37.61859888155567,0.073592725085934,3.1069999999999993,0.0929999999999999,1257.3423181216226,0.0,0.1039779848538344,3.699525545802118,0.0034389153466884,4.57470396076037,0.0071092504777443,False,Star,*|NIR,5006.4,39.64265379613226
777,85.244159,-69.25267,,,0,0,0,0,0,0,0,0,0,0,0,0,46.9705,12.221682464454975,12.221000000000002,0.0,236141.89709197907,434.0385088912891,0.0,236141.89709197907,469.8388035865137,0.0,236141.89709197907,505.1033318347442,0.0,6.739449999999998,43.4511,50.19055,0.1569000000000002,9.26012,42.26859,51.52871,0.2143700000000024,11.704,0.2699999999999978,9.676531610850136,1.0,1.952432387847438,3.848973833811405,0.016962998650477,4.0996682691412065,0.0062986878205545,False,,,7062.75,275.8621712014897
778,85.249355,-69.644539,,,0,0,0,0,0,0,0,0,0,0,0,0,35.0783899859848,12.537859928249688,12.537347213079642,0.0,305650.28611958434,3021.6177877188525,0.0,305650.28611958434,3114.2390088825937,0.0,305650.28611958434,3202.7137218227845,0.0,2.390816049668828,33.86297310141189,36.25378915108072,0.074232514825919,3.3532509109323314,33.34308714683427,36.6963380577666,0.1040913901688505,4.205518710650793,0.1300000000000007,62.51929146822518,0.0,0.3802798964530312,4.0628263236310875,0.0364443760027779,4.415750254328336,0.0488236494471641,False,BlueSG,*|MIR|NIR|s*b|Y*?,11556.5,969.778454081137
779,85.279678,-71.507668,,,0,0,0,0,0,0,0,0,0,0,0,0,19.142608421755575,13.19505928467368,13.195015218079927,0.0,52167.113988762525,2983.3870424103293,0.0,52167.113988762525,3075.4275350692083,0.0,52167.113988762525,3163.358247972741,0.0,0.8238718201103836,18.739887581224743,19.56375940133513,0.0469673686688683,1.183932172184555,18.572476499539597,19.756408671724152,0.0674226399871482,1.4572796264250734,0.0830000000000001,967.2702235343892,0.0,0.0420773216589718,4.00975674896186,0.0609947129663354,4.065181857971268,0.0489710523245405,False,Star,*|MIR|NIR,10227.2,1436.3643897006082
780,85.284794,-67.3564,hot_dim,high,0,0,1,0,0,0,0,0,0,0,1,0,15.173,13.45068628944222,13.447210020667876,0.0,147618.7181675931,1710.6157839751406,0.0,147618.7181675931,1780.5816455961028,0.0,147618.7181675931,1847.8352085630183,0.0,2.6573346737881813,13.805492975024954,16.462827648813136,0.1910177781867492,3.419859650308938,13.42742530496148,16.847284955270418,0.2464628140541567,4.637491071987592,0.3298122020655611,48.73625919542325,0.0,0.5221110729398828,3.817059389569548,0.0104743864195458,4.0394717260030815,0.0106908743434253,True,EmLine*,*|Em*|EmO|NIR,6562.35,158.2718468332255
781,85.288253,-69.180138,,,0,0,0,0,1,0,0,0,0,0,0,0,12.443092954349352,13.662745525039574,13.662909843421478,0.0,38637.92950075281,2997.47222594308,0.0,38637.92950075281,3089.7271042973166,0.0,38637.92950075281,3177.8586438026578,0.0,0.6862238632119428,12.104736166297936,12.79096002950988,0.0604728129968172,1.022856873977398,11.939094074965045,12.961950948942444,0.0890733861698844,1.2381547856584678,0.1086993978346608,438.3976054609074,0.0,0.0397039643693744,3.6020599913279625,0.0,3.652982831731935,0.0402058114008182,True,,,4000.0,0.0
782,85.289906,-69.179497,instability_strip,low,0,0,0,0,0,0,0,0,0,0,0,0,12.68964312581818,13.641287075413643,13.641460345653329,0.0,38320.756099796025,2997.47222594308,0.0,38320.756099796025,3089.7271042973166,0.0,38320.756099796025,3177.8586438026578,0.0,0.6776566871545509,12.359210780254644,13.036867467409197,0.0575396543466748,0.9998915244399472,12.211637174530768,13.211528698970715,0.0854860524918983,1.2322172717838136,0.1062694323164858,438.3976054609074,0.0,0.02445258761395,3.771785844219837,0.0096968591837997,4.05866561564977,0.0200535606432492,True,Star,*|NIR,5912.7,132.01783970357943
783,85.313089,-69.241997,,,0,0,0,0,0,0,0,0,0,0,0,0,22.80647946606951,13.005218828383638,13.004881649497538,0.0,140610.75815769978,3027.6540866449773,0.0,140610.75815769978,3120.3666632114287,0.0,140610.75815769978,3208.9269538614653,0.0,1.4687458094819448,22.07432570750026,23.54307151698221,0.0702011429227997,2.0322352495411593,21.811310871576246,23.84354612111741,0.0967292730430937,2.586647486671172,0.123613761856685,11.097873855507489,0.0,0.3571661957691429,4.001193753410953,0.0722421191764906,4.102779620480452,0.0607145605362004,False,,,10027.525,1668.014875345841
784,85.320522,-69.169754,,,0,0,0,0,0,0,0,0,0,0,0,0,13.342640903648205,13.58751080248248,13.587056012043483,0.0,52333.912266874366,3015.5814522961864,0.0,52333.912266874366,3108.1112262156025,0.0,52333.912266874366,3196.5002754468483,0.0,0.805103907549304,12.939896092450695,13.745,0.0656413581473458,1.1505128987916675,12.780560505308094,13.93107340409976,0.0937006646926317,1.435850458480738,0.1163506555027265,404.4109304309307,0.0,0.0494330975168739,3.835628751454785,0.0255002560782522,3.8771089507773415,0.0061055821334492,True,,,6849.025,402.150841569429
785,85.375419,-69.325356,hot_bright,high,0,0,0,1,0,0,0,0,1,0,0,0,67.862,11.823119396038198,11.821,0.0,533995.421403851,2433.890728169048,0.0,533995.421403851,2517.1319297057225,0.0,533995.421403851,2596.820055579312,0.0,3.6291099282142056,65.73397400124016,69.36308392945436,0.0585072222605607,4.994222900180134,65.18698220545376,70.1812051056339,0.0804688749219479,6.101555983726172,0.0984988519611675,330.54634837378774,0.0,0.4571632626103388,3.9454661231379826,0.0314030881262471,4.552867703888418,0.0157182119841295,False,Star,*|MIR|NIR,8819.95,637.7554370603202
786,85.417021,-68.606743,,,0,0,0,0,0,0,0,0,0,0,0,0,15.437859666549349,13.427992496196364,13.4285553623603,0.0,39951.06715474892,2974.332174694753,0.0,39951.06715474892,3066.234579038147,0.0,39951.06715474892,3154.0359372968,0.0,0.7241003106129362,15.103998155607004,15.82809846621994,0.0507729720823082,1.0363825364403445,14.938366541215837,15.97474907765618,0.0728204435094479,1.248845875315606,0.0879999999999974,328.75287092419586,0.0,0.0839148743826329,3.9737488201716737,0.022057009129002,3.914379918440536,0.0108504538403061,False,Star,*|MIR|NIR,9413.45,478.0916204034537
787,85.419263,-69.368065,,,0,0,0,0,0,0,0,0,0,0,0,0,34.25520731803133,12.563291020112327,12.563279552358926,0.0,238807.59287729673,3021.6177877188525,0.0,238807.59287729673,3114.2390088825937,0.0,238807.59287729673,3202.7137218227845,0.0,1.9051928174192485,33.300460871285836,35.205653688705084,0.0603350774548943,2.650162808190089,32.96020948168277,35.610372289872856,0.0840391373302491,3.3200000000000003,0.1050000000000022,64.9670271173504,0.0,0.32577270172661,4.044081902875344,0.0628483304929447,4.275289800704189,0.0592130728570956,False,Star,*|MIR|NIR,11068.325,1601.7374767342494
788,85.436136,-69.587502,,,0,0,0,0,0,0,0,0,0,0,0,0,29.11580412847845,12.739028076884876,12.739864713489478,0.0,469377.56118716986,3028.660132925438,0.0,469377.56118716986,3121.3879264827056,0.0,469377.56118716986,3209.9624717415295,0.0,2.9525915858062035,27.74271187518497,30.69530346099117,0.1100158420353487,4.133189437498576,27.191168224887452,31.324357662386028,0.1534574354579891,5.247074351164521,0.1954652671141179,653.697107364153,0.0,0.2211025262907621,4.033767435929557,0.056013053380588,4.290570388365574,0.0573994172674709,False,BlueSG,*|Em*|MIR|NIR|s*b,10808.55,1394.030809379764
789,85.453935,-69.297897,,,0,0,0,0,0,0,0,0,0,0,0,0,31.226,12.663987438115504,12.663743628132655,0.0,262567.1374572436,3011.5572083507695,0.0,262567.1374572436,3104.025966280512,0.0,262567.1374572436,3192.357858466946,0.0,1.9523535916274213,30.236759922551947,32.18911351417937,0.0680077430273549,2.7605531433416814,29.86266769886076,32.62322084220244,0.0961256392886724,3.389785933381362,0.1180000000000003,124.20074947988743,0.0,0.2746452273415082,4.025638628565448,0.067656067397861,4.26226923327634,0.0596540427215899,False,Star,*|MIR|NIR,10608.125,1652.5745775531584
790,85.465791,-70.423386,hot_dim,high,1,0,0,0,0,0,0,0,0,0,0,0,19.655504719065185,13.166125909969972,13.166552993669695,0.0,64868.34221349522,2978.3565707053353,0.0,64868.34221349522,3070.320373701738,0.0,64868.34221349522,3158.1792473234714,0.0,0.8429197489710702,19.254,20.09691974897107,0.0469007006503812,1.1834774421489025,19.089196773202993,20.272674215351895,0.0656057338224336,1.4587567456357036,0.0804470063303064,4.5503517460867915,0.0,0.2180396532321558,3.879256487123919,0.0332031993432684,4.0234515045025026,0.0089805499118189,False,Star,*|MIR|NIR,7572.8,578.9647312228958
791,85.500693,-69.212509,hot_bright,medium,0,0,0,0,1,0,0,0,0,0,0,0,74.25983434582572,11.723325007854056,11.723073197133136,0.0,403439.7279957211,3007.532948102833,0.0,403439.7279957211,3099.9406490184965,0.0,403439.7279957211,3188.2153457455624,0.0,3.299254673026794,72.62878184286771,75.9280365158945,0.0480731971331351,4.901088823229728,71.76213519544719,76.66322401867691,0.0713609843583782,5.958620474460204,0.0870731971331366,1115.3912045280429,0.0,0.0633677458048396,3.916106373916004,0.075914312427622,4.556726720753306,0.0345669853895375,False,Supergiant,*|MIR|NIR|sg*,8243.4,1440.9394296777364
792,85.507777,-68.714325,,,0,0,0,0,0,0,0,0,0,0,0,0,,,,,,,,,,,,,,,,,,,,,,,,,,,3.6696468933524606,0.0128360419270729,3.821802549476801,0.0177902427817908,False,,,4673.55,138.13181204921622
793,85.532318,-69.280785,,,0,0,0,0,0,0,0,0,0,0,0,0,12.840096323492244,13.628844638870625,13.628828351776578,0.0,30214.13137343427,2972.3199704623003,0.0,30214.13137343427,3064.191659808909,0.0,30214.13137343427,3151.9642457127447,0.0,0.5859537199995941,12.55118445471427,13.137138174713863,0.0494404856244354,0.8126859144079575,12.438054592736083,13.250740507144044,0.0684404856244356,1.007057794470322,0.0847092629931989,1310.9638603466306,0.0,0.0191246048438182,3.808960041759709,0.0148651149755071,3.9621036983627858,0.0074675092866714,False,,,6441.1,220.4672084460635
794,85.537535,-69.216705,,,0,0,0,0,0,0,0,0,0,0,0,0,,,,,,,,,,,,,,,,,,,,,,,,,,,4.089275281044268,0.0507106716818524,4.412087305265446,0.0511609076093864,False,,,12282.175,1434.1359835716416
795,85.549741,-69.207756,,,0,0,0,0,0,0,0,0,0,0,0,0,128.37959486960682,11.128909024804909,11.129,1.0,1047087.2151771814,2372.4763978601136,0.0,1047087.2151771814,2454.6748490503023,0.0,1047087.2151771814,2533.386222606077,0.0,5.851758331278916,125.53590732042532,131.38766565170422,0.0489999999999994,8.250918506423972,124.41006239948688,132.66098090591086,0.0698648232891319,9.893720816781451,0.083465802184973,388.4481421998591,0.0,0.3417970350334189,4.032184450713581,0.0838445530877828,4.493342624783019,0.062901573544285,False,Star,*|MIR|NIR,10769.225,2079.0981577056436
796,85.564934,-68.176895,,,0,0,0,0,0,0,0,0,0,0,0,0,34.38416997851516,12.558998591762103,12.559127456717274,0.0,123825.74028853068,2995.4600692140325,0.0,123825.74028853068,3087.6843521110286,0.0,123825.74028853068,3175.78723119576,0.0,1.3811094717953978,33.72609281886441,35.10720229065981,0.0433953442049741,2.000153828108701,33.4508717284704,35.451025556579104,0.0632063082954115,2.4023308707270203,0.0761274567172716,748.1293403677199,0.0,0.0092299350584751,4.071788145390269,0.059534574242518,4.219125438712961,0.0520053713182668,False,ChemPec*,*|MIR|NIR|Pe*,11797.45,1617.2348306600372
797,85.576602,-68.461136,,,0,0,0,0,0,0,0,0,0,0,0,0,50.68359405927893,12.138232849080966,12.137922129968716,0.0,213500.0779668936,3008.5390146949776,0.0,213500.0779668936,3100.9619837147256,0.0,213500.0779668936,3189.250982912235,0.0,1.8054907375335103,49.75547891213803,51.56096964967154,0.0389045144621267,2.5671790194848256,49.40254205605542,51.96972107554024,0.0550876135059716,3.0510469339560373,0.0660000000000025,575.6590761287497,0.0,0.0614673108840055,4.075373573946176,0.0643302861195615,4.141135567107139,0.0633290669979734,False,Star,*|MIR|NIR,11895.25,1761.9953000788623
798,85.58733,-69.487892,,,0,0,0,0,0,0,0,0,0,0,0,0,87.67895580868854,11.542715183723573,11.54296551757522,0.0,304795.2714606321,2977.350473258157,0.0,304795.2714606321,3069.2989305055467,0.0,304795.2714606321,3157.1434289517124,0.0,2.266148167744319,86.6255405652539,88.89168873299822,0.0279999999999986,3.234338044195468,86.1589895683979,89.39332761259337,0.0399445986381099,3.875939921327756,0.0482819254235629,332.73185650532173,0.0,0.3700051526528592,4.146123382498147,0.000268612616072,4.590319870949599,0.0076804049079813,False,Star,*,13999.85,8.658954902296234
799,85.603976,-68.371994,hot_dim,low,0,0,0,0,1,0,0,0,0,0,0,0,24.25155574148482,12.938446940923154,12.938148683051963,0.0,77849.93608714906,2992.441826415296,0.0,77849.93608714906,3084.620196736822,0.0,77849.93608714906,3172.6800670345956,0.0,1.0351001225879095,23.729945834923097,24.765045957511006,0.0466752676984985,1.5151669786246271,23.51579099234015,25.03095797096478,0.0677838567772841,1.83355357055283,0.0821486830519653,767.2993202198346,0.0,0.0141262037412099,3.8933747181208425,0.0179168794111583,4.075770737627458,0.0060089223141176,False,Star,*|MIR|NIR,7823.025,322.73998725754456
800,85.605136,-69.479073,,,0,0,0,0,0,0,0,0,0,0,0,0,19.775175740741453,13.1593303315695,13.159634005829089,0.0,41207.45414264964,2994.453989308997,0.0,41207.45414264964,3086.662970600761,0.0,41207.45414264964,3174.7515158452056,0.0,0.6828407809879486,19.45640722348445,20.1392480044724,0.0371909463731494,1.030199126062719,19.288778088751112,20.31897721481383,0.0560650127274353,1.2112228225219503,0.0670000000000001,391.707046245604,0.0,0.0579631873958364,3.9021103632150993,0.0231163994036997,3.9077910732279184,0.0056273557228893,False,Star,*|MIR|NIR,7981.975,424.8603880982552
801,85.629423,-68.268906,hot_dim,medium,0,0,0,1,0,0,0,0,0,0,0,0,47.46592747604946,12.209214879192022,12.209001291671107,0.0,155081.51042245614,3024.63594173711,0.0,155081.51042245614,3117.3028520651155,0.0,155081.51042245614,3205.8203645939307,0.0,1.548880031964515,46.693,48.24188003196451,0.0357322300787661,2.1513190133522286,46.44179,48.593109013352226,0.0497322300787672,2.7669156489262647,0.0635737491973085,1076.6066761938182,0.0,0.0540902563367174,3.867675157066772,0.0188980825063719,4.075875639068774,0.0073349968190419,False,,,7373.525,320.85483380338843
802,85.649797,-69.069824,,,0,0,0,0,0,0,0,0,0,0,0,0,55.073252782172446,12.04776402777421,12.047901312827843,0.0,534402.2281599637,3028.660132925438,0.0,534402.2281599637,3121.3879264827056,0.0,534402.2281599637,3209.9624717415295,0.0,3.221781970777961,53.5101625976914,56.73194456846936,0.0633635938977636,4.3614435233897595,52.954766476610246,57.316210000000005,0.0865692284779147,5.777000000000001,0.1140000000000007,3.4476460803786892,0.0,0.7741300378273728,4.121984739334378,0.0224719433818876,4.66024832389175,0.0335784380258331,False,BlueSG,*|El*|MIR|NIR|s*b,13242.95,685.2374022920815
803,85.68147,-68.231514,hot_dim,medium,0,0,0,0,0,0,1,0,0,0,0,0,27.78864409805879,12.790465145988652,12.79019843089575,0.0,140938.4596373467,3010.551144818431,0.0,140938.4596373467,3103.004642343924,0.0,140938.4596373467,3191.322239269906,0.0,1.4846960483474057,27.04873610673549,28.53343215508289,0.0588015691042507,2.083501037583438,26.78153951732704,28.86504055491048,0.0810277141726718,2.605091358395619,0.101829283276924,328.16751028412995,0.0,0.0976655466498025,3.929957627563621,0.068135758864213,4.180676245714549,0.0305303212082817,False,BlueSG,*|MIR|NIR|Pe*|s*b,8510.55,1335.2064250519468
804,85.692075,-67.812019,,,0,0,0,0,0,0,0,0,0,0,0,0,9.47499079953974,13.958312528561285,13.958772701925485,0.0,26303.213936577213,4211.182135690275,0.0,26303.213936577213,4320.324347529261,0.0,26303.213936577213,4424.275664229608,0.0,0.6120252714828887,9.18880763394076,9.800832905423649,0.0700851142931267,0.8784054501506589,9.052212651079977,9.930618101230635,0.100604689787243,1.045848130540186,0.120000000000001,1.9240028638551268,1.0,0.1792724158710119,3.945693798524518,0.060202624524437,3.737721664348464,0.026428203711043,False,,,8824.575,1223.277286380729
805,85.763473,-67.468979,hot_dim,low,0,0,0,0,1,0,0,0,0,0,0,0,20.039917425277608,13.145825569014397,13.145033355691483,0.0,26969.196454756868,1675.332175337651,0.0,26969.196454756868,1744.5842981854942,0.0,26969.196454756868,1811.169366355695,0.0,0.9680092579839544,19.5530393450747,20.521048603058656,0.0525067434866031,1.3746386629814786,19.335665238211575,20.710303901193058,0.07451,1.5908012525955293,0.0860333556914856,623.3858974550718,0.0,0.0690333764390798,3.852772677787147,0.0229018856852008,4.060563692433517,0.0102050544016323,False,Star,*|MIR|NIR,7124.8,375.7159299257884
806,85.824277,-69.69725,hot_dim,low,0,0,0,0,1,0,0,0,0,0,0,0,25.999231834311303,12.862549553086955,12.862693805547442,0.0,90512.98251107556,2984.393133648838,0.0,90512.98251107556,3076.4489564329783,0.0,90512.98251107556,3164.3940298823527,0.0,1.0146868560219744,25.505314514868637,26.52000137089061,0.0426938055474419,1.476186069494123,25.268309224218974,26.744495293713097,0.0615239204131814,1.7727781310692237,0.0740511223945361,531.567694519888,0.0,0.0765217339320728,3.861559798721478,0.0353728576826753,4.1664781867067715,0.0111910711293244,False,Star,*|MIR|NIR,7270.425,592.1689534035029
807,85.885111,-68.3144,hot_dim,low,0,0,0,0,1,0,0,0,0,0,0,0,28.912884824360734,12.747305049013791,12.747336756884248,0.0,106159.90720483771,2996.466148091887,0.0,106159.90720483771,3088.7057300092706,0.0,106159.90720483771,3176.822940513892,0.0,1.22084984431487,28.31905,29.53989984431487,0.0459429644272191,1.7571775955793676,28.028934805044138,29.7861124006235,0.0663630092564098,2.0951738250050624,0.0785461415158419,319.9345046266042,0.0,0.0641395621200726,3.899846482743046,0.0171840313994259,4.165695456768565,0.0062470789964093,False,Star,*|MIR|NIR,7940.475,314.1862892855129
808,85.92611,-68.58667,hot_dim,low,0,0,0,0,1,0,0,0,0,0,0,0,20.31247410114099,13.130820212853314,13.130546950406274,0.0,62320.63701450266,2990.4296594066127,0.0,62320.63701450266,3082.5774084027817,0.0,62320.63701450266,3170.608594057564,0.0,0.907169655315613,19.867722656461616,20.77489231177723,0.048709572920865,1.3114403712151557,19.670810635436744,20.9822510066519,0.0699747513150423,1.5508476843190024,0.082747513150446,233.5987757094741,0.0,0.0538596470266945,3.8796591789286663,0.0138710105122635,4.021303518004389,0.0062644730344035,False,Star,*|MIR|NIR,7579.825,242.0934104328327
809,86.007315,-67.633423,hot_dim,low,0,0,0,0,1,0,0,0,0,0,0,0,24.7915428022514,12.913898131931644,12.914303547203769,0.0,97938.31466434152,2835.4801009120997,0.0,97938.31466434152,2925.23805209387,0.0,97938.31466434152,3011.0305978466217,0.0,1.2941104871419178,24.17283951285808,25.466949999999997,0.0568036535283962,1.8926517432564332,23.86826825674357,25.76092,0.0829738469972927,2.241592589648313,0.098809868682645,1.4124639885751582,0.0,0.3830156200962616,3.8870994386944817,0.0237960585606903,4.160247685161648,0.0069785550464145,False,Supergiant,*|MIR|NIR|sg*|s*y,7710.8,422.4936212536232
810,86.014336,-69.902939,instability_strip,medium,0,0,0,0,1,0,0,0,0,0,0,0,14.984382115151975,13.461025791355752,13.461,0.0,47687.90458920633,2981.3748568324017,0.0,47687.90458920633,3073.3846814374992,0.0,47687.90458920633,3161.286665942552,0.0,0.6979689288353566,14.635988491524271,15.33395742035963,0.0507119405454865,0.9717481521444764,14.503902943480456,15.475651095624931,0.0700374023016401,1.1998022808913973,0.0867525265356743,17.640701933152318,0.0,0.1526373384034683,3.795482021288618,0.0194227420028388,4.050289003249492,0.0075544973015189,False,,,6244.275,279.2596898497884
811,86.050507,-69.228134,,,0,0,0,0,0,0,0,0,0,0,0,0,5.2323345207384815,14.60351603629633,14.603074984725383,0.0,31504.42657538591,2998.4783027681324,0.0,31504.42657538591,3090.748474976995,0.0,31504.42657538591,3178.89434106511,0.0,0.5882070463109743,4.9472446794166896,5.535451725727664,0.1219805349419402,0.8363505701176326,4.815272017994107,5.6516225881117395,0.1734704265863715,1.0371882871580371,0.2159999999999975,358.8604737679825,0.0,0.050136598958376,3.672771877123848,0.0097373242005458,3.966623549200727,0.0070427370842915,True,LongPeriodV*,*|Em*|EmO|LP*|MIR|NIR|V*,4707.3,105.54245591230098
812,86.116863,-69.801651,,,0,0,0,0,0,0,0,0,0,0,0,0,18.88996356110831,13.20925631542634,13.20964257838774,0.0,81913.99693348265,2988.4174882787675,0.0,81913.99693348265,3080.5346055839454,0.0,81913.99693348265,3168.5370968895736,0.0,0.9225873129556774,18.453412687044324,19.376,0.0530000000000008,1.292301094259873,18.25565,19.547951094259872,0.0746057615031983,1.6404973876530775,0.094240206993458,208.72083015725704,0.0,0.1279471429721353,3.935465698528384,0.0651858028191574,3.98637198084876,0.0292299208959255,True,Star,*|MIR|NIR,8619.175,1293.7024655518749
813,86.136478,-67.576225,,,0,0,0,0,0,0,0,0,0,0,0,0,8.920347051904002,14.02252240934953,14.0240563975303,0.0,5439906.338237914,2372.4763978601136,0.0,5439906.338237914,2454.6748490503023,0.0,5439906.338237914,2533.386222606077,0.0,0.7263756582083492,8.611893346842493,9.338269005050842,0.0885214875716329,1.0615067030914336,8.426456503884275,9.487963206975708,0.1288195049043086,1.2560405915697928,0.1534727465096086,891.2827799080068,0.0,0.0065837064625925,4.037697349470666,0.0480908770557834,3.840765838266868,0.0343745345120855,False,ChemPec*,*|NIR|Pe*,10906.8,1207.746355821453
814,86.164983,-66.87178,RSG,medium,0,1,0,0,0,0,0,0,0,0,0,0,7.926,14.154297026496694,14.152,0.0,21105.512524737776,1255.697499865518,0.0,21105.512524737776,1315.802642536041,0.0,21105.512524737776,1373.821062748217,0.0,0.8074867705734015,7.500314701080978,8.307801471654379,0.1113630283437547,1.0747098742188737,7.355960125781126,8.43067,0.1486633856100923,1.491400505152412,0.205,792.2099139623101,0.0,0.2506238948918928,3.653354842530696,0.0018471855397912,4.116352849808995,0.0075508363597166,False,Star,*|MIR|NIR,4501.475,19.14613211591313
815,86.201296,-71.041496,RSG,low,0,0,0,0,1,0,0,0,0,0,0,0,5.037,14.64591163948396,14.644669677697122,0.0,28483.518448360177,2985.399223854411,0.0,28483.518448360177,3077.4703741644907,0.0,28483.518448360177,3165.429805725759,0.0,0.6137198542994735,4.725821001899353,5.339540856198827,0.1327274108907143,0.891743072957162,4.579752619498134,5.471495692455296,0.1929883727813575,1.0888066618007786,0.2350000000000012,747.0459036390398,0.0,0.0546673279106497,3.648633188989968,0.009554819559809,4.104042469962105,0.0065413933723716,False,Star,*|MIR|NIR,4452.8,97.9650958249927
816,86.20323,-69.539848,hot_dim,low,0,0,0,0,1,0,0,0,0,0,0,0,23.387452183338496,12.977475647939809,12.977832216061367,0.0,126460.47746380598,2993.447908376258,0.0,126460.47746380598,3085.641585476637,0.0,126460.47746380598,3173.7157944591713,0.0,1.1809618567277305,22.81296274768072,23.99392460440845,0.0550268941141318,1.7461462184889491,22.52972673225059,24.27587295073954,0.0810925011752239,2.1049307209174017,0.0979999999999989,573.9118134150518,0.0,0.089488858145815,3.95477539948484,0.0779348142716606,4.121658887984575,0.0451191820959252,True,Star,*|MIR|NIR,9011.05,1617.0468136389868
817,86.210766,-67.494606,,,0,0,0,0,0,0,0,0,0,0,0,0,49.584678201427835,12.182376733057552,12.161470141407456,1.0,3982596.09559985,1711.623843539097,0.0,3982596.09559985,1781.609988145448,0.0,3982596.09559985,1848.882548428567,0.0,27.215215499105497,36.0377845008945,63.253,0.6104552121111837,30.77040000000001,34.65445,65.42485,0.6904410424222363,34.80611818046131,0.7810000000000024,73.70963712223875,0.0,3.2019227512928112,3.7780046512560066,0.0250892245516925,4.634298976474579,0.0082219603947539,False,ClassicalCep,*|cC*|Ce*|MIR|NIR|s*y|V*|V*?,5997.975,346.5034622842894
818,86.31922,-68.99778,,,0,0,0,0,0,0,0,0,0,0,0,0,,,,,,,,,,,,,,,,,,,,,,,,,,,4.008576753290821,0.08274160952648,5.22277429838903,0.0523306876802852,False,,,10199.45,1943.1951002151068
819,86.332,-67.509865,,,0,0,0,0,0,0,0,0,0,0,0,0,15.852,13.40012290256749,13.399988427839755,0.0,24558.14247622557,1679.3647391702302,0.0,24558.14247622557,1748.6988131430169,0.0,24558.14247622557,1815.3606372969991,0.0,0.7869577307812232,15.46734695754042,16.254304688321643,0.0540081005121688,1.1249967417951456,15.31518,16.440176741795145,0.076952909454075,1.4728369295113612,0.1009892839297368,334.151872489705,0.0,0.1141159199956185,4.114653510987478,0.043524661148492,4.015702443631831,0.0332674072496503,False,Star,*|MIR|NIR,13021.275,1304.9822314403364
820,86.368152,-67.688766,hot_dim,low,0,0,0,0,1,0,0,0,0,0,0,0,26.32205359554727,12.84912404582392,12.849148574047682,0.0,1350911.964574922,4246.361045206763,0.0,1350911.964574922,4355.9535358034345,0.0,1350911.964574922,4460.326677706275,0.0,1.3278861254832537,25.67925885128536,27.007144976768615,0.054921178817386,1.926962349303622,25.40684110368433,27.33380345298795,0.0789966009100844,2.43135961980813,0.1002699062198786,1072.3362804772175,0.0,0.0377275816798704,3.954848891813546,0.0462223999420028,4.189250527746754,0.0221564604951751,False,EmLine*,*|Em*|MIR|NIR,9012.575,959.2174515588216
821,86.476941,-67.333168,,,0,0,0,0,0,0,0,0,0,0,0,0,15.143520844631736,13.449051529505606,13.449321091912845,0.0,34690.22986183046,1636.0125836572415,0.0,34690.22986183046,1704.4604135685347,0.0,34690.22986183046,1770.2921790048165,0.0,0.7010069147216793,14.823078634975168,15.524085549696848,0.050512724622175,1.0039264304100026,14.665066218581645,15.668992648991647,0.0719346541157168,1.2393366279830431,0.0896789080871531,3.0489118136119817,0.0,0.2032357237807454,3.8218703809894263,0.0178649447651432,3.973957064537375,0.0071114244830697,False,,,6635.45,272.952921764908
822,86.499385,-71.228409,hot_dim,medium,0,0,0,0,1,0,0,0,0,1,0,0,31.36817940471495,12.65853216505991,12.658851923314412,0.0,168739.80885418796,2990.4296594066127,0.0,168739.80885418796,3082.5774084027817,0.0,168739.80885418796,3170.608594057564,0.0,1.5609828225115123,30.630410507114917,32.19139332962643,0.0541360191373989,2.1559064028545194,30.367998726227505,32.523905129082024,0.0742840958229891,2.714805387310271,0.0937299599802479,1255.9437413091562,0.0,0.0858400647546915,3.9102734663038823,0.035483573765521,4.2174544513642225,0.0229524981657445,False,Star,*|MIR|NIR,8133.425,664.532933250866
823,86.507263,-66.990051,,,0,0,0,0,0,0,0,0,0,0,0,0,17.657,13.285319138173048,13.282840955110212,0.0,117664.66560283772,1143.6270870611047,0.0,117664.66560283772,1201.0385119994053,0.0,117664.66560283772,1256.5343355521695,0.0,2.5095389230534586,16.34248255256463,18.852021475618088,0.1551272359118289,3.939199999999998,15.37138,19.31058,0.2483399999999989,4.968102455495499,0.3130000000000024,156.3806460992888,0.0,0.6079727702659157,4.025037421104236,0.0562727260203018,4.055256631184789,0.0642327175482928,False,EclBin,*|EB*|MIR|NIR|V*,10593.45,1372.6223433632429
824,86.528952,-67.713066,,,0,0,0,0,0,0,0,0,0,0,0,0,,,,,,,,,,,,,,,,,,,,,,,,,,,3.895470890380554,0.0186322878377893,3.983212029898096,0.0087568878745376,False,,,7860.875,337.25062546272613
825,86.529825,-67.78405,,,0,0,0,0,0,0,0,0,0,0,0,0,16.14096573298601,13.380390833681425,13.380245003367046,0.0,45963.84186098628,4241.3355324317945,0.0,45963.84186098628,4350.863812568122,0.0,45963.84186098628,4455.176801501839,0.0,0.846546795461844,15.723406890975212,16.569953686437056,0.0569999999999986,1.210546231944443,15.530760830796403,16.741307062740848,0.0816970742785656,1.4910658894892563,0.1009988475592198,1.924466569797145,0.0,0.2415278048050931,3.8503842931707295,0.0170002327975983,3.9780018696931623,0.0113023735179884,False,,,7085.725,277.36703909260734
826,86.542931,-68.006226,RSG,high,0,0,0,1,0,0,0,0,0,0,0,0,12.336034843895888,13.66552826924752,13.672000000000002,0.0,166143.05030531093,4306.666022927087,0.0,166143.05030531093,4417.026080609683,0.0,166143.05030531093,4522.118287428006,0.0,1.3504873907770598,11.804486635901226,13.154974026678286,0.1175702029102172,1.7596997722610492,11.631875370704355,13.391575142965406,0.1530801983263785,2.8044324904486366,0.2458898152931645,415.56072738917305,0.0,0.296488086716208,3.6443302485335782,0.0118720015160693,4.081981622246323,0.0079335126190008,False,,,4408.9,120.52298535964002
827,86.560745,-67.568611,hot_bright,low,0,0,0,0,1,0,0,0,0,0,0,0,73.44952695706067,11.733837110057658,11.735,1.0,2616321.7562352843,2195.2496988732523,0.0,2616321.7562352843,2274.3609135997353,0.0,2616321.7562352843,2350.1804870882434,0.0,3.6124370933845,71.8925629066155,75.505,0.0530629972659966,4.999243994143583,71.21245318840005,76.21169718254363,0.073999999999998,6.132638052518715,0.0907978209422051,1.4461645696274528,0.0,1.159161474455687,3.990837030665086,0.0668237677965454,4.631525266559407,0.0583979042630647,False,Star,*|MIR|NIR,9791.225,1506.550447006339
828,86.660324,-68.772453,hot_dim,low,0,0,0,0,1,0,0,0,0,0,0,0,21.95121302709238,13.046040612988126,13.046290139162103,0.0,85139.51686220459,3004.5147421985457,0.0,85139.51686220459,3096.8766233815495,0.0,85139.51686220459,3185.1083982578903,0.0,1.001655534418795,21.473444465581203,22.4751,0.049432613365596,1.4266653191164238,21.282037428350375,22.7087027474668,0.070448204069347,1.7366200615786127,0.0856896327668383,1312.2267198656143,0.0,0.0301738603039289,3.894127679838461,0.0149232834622557,4.059611112339773,0.0068367731797006,False,Star,*|MIR|NIR,7836.6,269.2822682613915
829,86.675929,-68.008675,RSG,high,1,0,0,0,0,0,0,0,0,0,0,0,8.121870072120814,14.125411605575042,14.12593377852007,0.0,85792.81807273961,4296.61534304512,0.0,85792.81807273961,4406.847849707994,0.0,85792.81807273961,4511.820565291138,0.0,1.022099299088711,7.629846227925042,8.651945527013753,0.1363896695868085,1.397354976095608,7.457270688754676,8.854625664850284,0.186463478303013,1.9879620663423747,0.2670662214799275,2.5664714628125385,0.0,0.2637468092872959,3.652961515557107,0.004797516629827,4.153112026331105,0.0071631267339586,False,**,*|**|MIR|NIR,4497.4,49.681384843822535
830,86.717654,-66.478897,hot_dim,low,0,0,0,0,1,0,0,0,0,0,0,0,16.531222713377254,13.3540299398573,13.354,0.0,27687.46385476395,1246.61255483995,0.0,27687.46385476395,1306.5039301097129,0.0,27687.46385476395,1364.3221585212534,0.0,0.8323743002972073,16.145064446233974,16.97743874653118,0.0543142998120238,1.2547607843546231,15.93096501935975,17.185725803714373,0.0827599999999986,1.4838810316959083,0.0976857001879771,906.473418868646,0.0,0.2625221771583585,3.837367447326565,0.0080627035104373,4.001608923613976,0.0068132888434954,False,,,6876.5,127.66264136386964
831,86.875798,-69.451698,,,0,0,0,0,0,0,0,0,0,0,0,0,15.749813602352678,13.406670800016808,13.406892286547984,0.0,52685.6151590971,2968.2955495218516,0.0,52685.6151590971,3060.105777480942,0.0,52685.6151590971,3147.8207892786154,0.0,0.7427758897701562,15.391067643364964,16.13384353313512,0.0514605596583148,1.0538363738605252,15.25298,16.306816373860524,0.0722144801326116,1.273896919690264,0.0874605596583144,29.03674736412056,1.0,0.1461935119996019,3.9224477736010153,0.0660722892853701,3.9364040485193152,0.0246959717565713,False,Star,*|MIR|NIR,8364.65,1272.573328928435
832,87.000617,-66.89904,,,0,0,0,0,0,0,0,0,0,0,0,0,3.525,15.03174135662664,15.03226229441858,0.0,6234.956867807822,1224.403586398324,0.0,6234.956867807822,1283.769085560239,0.0,6234.956867807822,1341.0948373360118,0.0,0.4356296352809825,3.3111619529214735,3.746791588202456,0.1338999999999988,0.6465727981019724,3.1922112486043916,3.838784046706364,0.2008600000000022,0.7520000000000002,0.2319999999999975,321.9612928473258,0.0,0.0646852562624935,3.624918628759761,0.0088082030784161,3.944059090957063,0.0070598954788248,True,,,4216.175,85.51093131875012
833,87.108805,-67.466377,RSG,low,0,0,0,0,1,0,0,0,0,0,0,0,4.694305659691192,14.722201388781656,14.72099126454593,0.0,9740.455144145471,1663.234246039895,0.0,9740.455144145471,1732.2399171868722,0.0,9740.455144145471,1798.59415740681,0.0,0.4893994286658296,4.44560057133417,4.935,0.1129825290918553,0.7249172043516721,4.32145798231871,5.046375186670382,0.1685081379925268,0.8592466641132477,0.1990879564600121,95.56538564484738,0.0,0.0969864314586971,3.6040396553827785,0.0070333105564502,4.08695845106623,0.0099460825735236,False,,,4018.275,65.07514406438145
834,87.212245,-68.168159,instability_strip,high,0,0,1,0,0,0,0,0,1,0,0,0,18.707,13.220086608378883,13.22,0.0,228308.401664478,3039.726575446073,0.0,228308.401664478,3132.621588396352,0.0,228308.401664478,3221.3527775014554,0.0,2.000827273702644,17.742,19.742827273702645,0.1167099377814384,2.772128084111248,17.412793592092065,20.184921676203313,0.1606190898801571,3.7376743298186135,0.2174080928808344,132.44601148459017,0.0,0.3560584391810337,3.6747830892615982,0.0063972954980617,4.5859653724094915,0.0068349111669613,False,Star,*|NIR,4729.15,69.66187981959717
835,87.261889,-70.041725,hot_bright,medium,0,1,0,0,0,0,0,0,0,0,0,0,59.828855981204214,11.958001002116244,11.958,0.0,749235.431761879,3014.5753928363965,0.0,749235.431761879,3107.0899165999117,0.0,749235.431761879,3195.464680167087,0.0,4.311619461948517,57.65693517910013,61.96855464104865,0.0785958971628755,6.177818698462943,56.8038874940646,62.98170619252754,0.1118597167246058,7.512876154645667,0.1370000000000004,1257.2354926819137,0.0,0.1247549159407306,3.9561864456360816,0.063771122351935,4.497901087477765,0.0452059117219597,False,BlueSG,*|MIR|NIR|s*b,9040.375,1327.4745230606122
836,87.564943,-67.729652,,,0,0,0,0,0,0,0,0,0,0,0,0,19.143788819101005,13.19397787349853,13.195,0.0,221859.36594633057,4137.806548159015,0.0,221859.36594633057,4246.0034833375275,0.0,221859.36594633057,4349.069257982017,0.0,2.480301300590792,18.030898699409207,20.5112,0.1403795018699583,3.5266705042944686,17.482614488630773,21.00928499292524,0.1993981127386082,4.097675699134388,0.2336204981300422,361.0456708796932,0.0,0.0747365072851,3.8817882318078767,0.0071155069319744,3.9719134510023295,0.0067913315383067,False,,,7617.075,124.798615276773
837,87.747479,-67.471336,RSG,low,0,0,0,0,1,0,0,0,0,0,0,0,5.461,14.557371277225045,14.557000000000002,0.0,13617.960959977328,1673.3158786040071,0.0,13617.960959977328,1742.5269886075716,0.0,13617.960959977328,1809.0736438921704,0.0,0.544539512485068,5.184355147556516,5.728894660041584,0.1082218638174215,0.8313404731716485,5.042162439309877,5.873502912481525,0.1655899999999999,0.9673603627995124,0.1929999999999978,176.32935147645298,0.0,0.0811361597124303,3.628388930050312,0.0,4.024700030436575,0.0074419847968036,False,Star,*|MIR|NIR,4250.0,0.0
838,87.893788,-67.519714,RSG,low,0,0,0,0,1,0,0,0,0,0,0,0,5.879784298038124,14.477307140616128,14.47635791432883,0.0,10964.777516917537,1643.0702291086752,0.0,10964.777516917537,1711.6631309437469,0.0,10964.777516917537,1777.630770620601,0.0,0.5207612297458004,5.614812260873501,6.135573490619302,0.0961997420834013,0.7649895429181148,5.488319514516952,6.253309057435067,0.1421929311070719,0.8867804253049494,0.1639999999999997,1321.4052622118966,0.0,0.0003029573071753,3.628388930050312,0.0,4.0205274966029565,0.0075374926804103,True,,,4250.0,0.0
839,88.22397,-69.48793,hot_dim,high,0,0,0,0,0,0,1,0,0,0,0,0,37.4940361124357,12.46516268109142,12.465268596257124,0.0,119976.60029347906,3014.5753928363965,0.0,119976.60029347906,3107.0899165999117,0.0,119976.60029347906,3195.464680167087,0.0,1.3759594710296312,36.828112446643104,38.204071917672735,0.0394838752141826,1.965543611674896,36.53920055214786,38.50474416382276,0.0566359182978963,2.4407823671747195,0.07146970609638,9.127497876435047,0.0,0.3263216708546595,3.990527540944967,0.0475064211854869,4.098976578898719,0.0634867293919254,False,ChemPec*,*|MIR|NIR|Pe*,9784.25,1070.2754026417686
840,88.257561,-69.996269,RSG,high,0,1,0,0,0,0,0,0,0,0,0,0,7.111477826288681,14.270524113903736,14.27,0.0,56819.185225499015,3020.611734352529,0.0,56819.185225499015,3113.217720694251,0.0,56819.185225499015,3201.678162328777,0.0,0.8148874659278764,6.699858304302561,7.514745770230437,0.1244826261359044,1.1702808125444737,6.536007774254461,7.706288586798935,0.1788548618845702,1.4895689444617854,0.2283461250401544,812.6256882506332,0.0,0.0878142148621858,3.626145250379619,0.0072597850302165,4.256382643891045,0.0070056448194365,False,Star,*|MIR|NIR,4228.1,70.6780729788242
841,89.12085,-69.366364,hot_dim,medium,0,0,0,0,1,0,0,0,0,0,0,0,24.224995541894508,12.937572633097425,12.939302049283032,0.0,71018.79628827916,1025.4397221081583,0.0,71018.79628827916,1079.8631640327528,0.0,71018.79628827916,1132.560966704072,0.0,1.3288373627543422,23.667642264973345,24.996479627727688,0.0595234630377241,1.8958056781150032,23.456944321884997,25.35275,0.0842869468188798,2.3290000000000006,0.1040000000000027,335.37526637108857,0.0,0.2839690710823289,3.9309910329989526,0.0114848343001032,4.091151509442362,0.0170677728348264,False,Star,*|MIR|NIR,8530.825,225.5960313813166
842,89.406794,-68.133484,,,0,0,0,0,0,0,0,0,0,0,0,0,16.966044686927805,13.32594864371117,13.32610691833912,0.0,16225.24311802669,1009.2720779850168,0.0,16225.24311802669,1063.2736508904893,0.0,16225.24311802669,1115.5764189500642,0.0,0.6915393824017642,16.633310617598237,17.32485,0.0440893081660913,1.0115618537450963,16.48567,17.497231853745095,0.0639048426781823,1.2236232005514154,0.0781069183391203,29.558976904277703,1.0,0.1828865367244239,3.897198082382967,0.0075358984474197,3.924685922077317,0.0069805076236916,False,,,7892.2,136.9458287060982
843,89.45843,-68.462112,,,0,0,0,0,0,0,0,0,0,0,0,0,65.43799999999999,11.859960879346092,11.860534277270682,0.0,162620.63612530276,1031.5022440059963,0.0,162620.63612530276,1086.0830198179945,0.0,162620.63612530276,1138.9281495504638,0.0,2.62395495787851,64.23395,66.8579049578785,0.0439314454586377,3.4859399999999923,63.89495,67.38089,0.0569999999999986,4.469998581387806,0.0740685545413626,4.451238276450721,0.0,0.6939195844417961,3.9169905627979658,0.0131739609418358,3.7865632039132704,0.0189940437527759,False,Star,*,8260.2,250.56627865696532
844,90.085395,-70.364693,RSG,low,0,0,0,0,1,0,0,0,0,0,0,0,6.660087171172612,14.34087049570855,14.341252905312768,0.0,16082.050203497529,1004.2194113055116,0.0,16082.050203497529,1058.0884510850826,0.0,16082.050203497529,1110.2671169954865,0.0,0.5748373251881969,6.392702456013195,6.967539781201392,0.0937999999999981,0.8052092133557043,6.25388580265768,7.0590950160133845,0.1321195351499557,0.9370000000000004,0.1529999999999987,1000.1940321212892,0.0,0.0242820132389871,3.628388930050312,0.0,4.153584233264083,0.0077524811302626,False,,,4250.0,0.0
845,90.110404,-69.621155,,,0,0,0,0,0,0,0,0,0,0,0,0,22.706,13.00897369921327,13.010000000000002,0.0,32110.26083946456,1014.3246116023448,0.0,32110.26083946456,1068.4583829056255,0.0,32110.26083946456,1120.8849400429349,0.0,0.8370280870864235,22.33087191291358,23.167900000000003,0.0394625455684476,1.1849472555059144,22.173112744494087,23.35806,0.0562782754776272,1.436,0.0680000000000013,39.80849880929267,1.0,0.2239619858943048,3.830561404143256,0.008737199715595,4.107536136703758,0.0168146826487823,False,Star,*|MIR|NIR,6769.575,136.19129698699544
846,90.603388,-68.215889,,,0,0,0,0,0,0,0,0,0,0,0,0,11.669499751015667,13.730913721936272,13.732464068828856,0.0,11471.08527975038,1016.3455880170676,0.0,11471.08527975038,1070.5321455219273,0.0,11471.08527975038,1123.008131159411,0.0,0.6066196305114406,11.414454836407169,12.021074466918607,0.0560000000000044,0.8421496967978452,11.297979574540602,12.140129271338449,0.0775069433225468,1.0339166335502377,0.0955359311711436,293.8026638211435,1.0,0.1286764633416511,3.8710048876195766,0.0065530191524488,3.7935228362020914,0.0066542191033643,False,,,7430.275,112.1145591571407
847,91.330144,-69.310341,,,0,0,0,0,0,0,0,0,0,0,0,0,16.344184016408423,13.365398341179336,13.36670151186883,0.0,37486.56708290035,1020.3874777130632,0.0,37486.56708290035,1074.679448803441,0.0,37486.56708290035,1127.25414289707,0.0,1.0013014645246088,15.900698535475392,16.902,0.0667015118688283,1.4385935544888149,15.693406445511188,17.132,0.0947015118688288,1.7849999999999984,0.1180000000000003,204.4367960254101,0.0,0.2179265057942384,3.8837338115360702,0.0069569066589766,3.907404644971333,0.0106974905228041,False,Star,*|NIR,7651.275,122.56477624097391
848,9.490297,-73.511185,,,0,0,0,0,0,0,0,0,0,0,0,0,12.880190843288446,13.624920821662172,13.625272608473848,0.0,33785.31154027187,1797.3003741805685,0.0,33785.31154027187,1868.9891042717293,0.0,33785.31154027187,1937.8563425474097,0.0,0.6953775783652638,12.547540179871053,13.242917758236317,0.0583660086680879,0.9970777815997548,12.41523483279939,13.412312614399143,0.0836660086680858,1.162242535022033,0.0979999999999989,1.478957005055192,1.0,0.194727637467748,3.720144826681947,0.0005469863100971,4.271632324422044,0.0063508260189134,False,HighPM*,*|MIR|NIR|PM*,5249.825,6.612062839991767
849,9.27237,-73.437759,RSG,high,0,1,0,0,0,0,0,0,0,0,0,0,8.327,14.096250319145184,14.099000000000002,0.0,188058.0221784333,1894.0451957385,0.0,188058.0221784333,1967.6083846852032,0.0,188058.0221784333,2038.2313107622376,0.0,1.9427220351813397,7.450045169075758,9.392767204257098,0.2512555948872208,2.722453482729997,7.018474857478629,9.740928340208626,0.3557051355531744,3.3651798506188166,0.4410000000000007,160.5957438606912,0.0,0.6195040043867794,3.6297076919310474,0.0056394243457816,4.356129979344514,0.0077437153070989,False,LongPeriodV*,*|LP*|NIR|s?r,4262.925,55.35516574810341
850,6.639692,-73.274483,hot_dim,low,0,0,0,0,1,0,0,0,0,0,0,0,13.59450334232023,13.566473460478663,13.566637166258854,0.0,94765.0636188921,3023.6298914106337,0.0,94765.0636188921,3116.2815745662365,0.0,94765.0636188921,3204.784822952373,0.0,0.8370078310240299,13.19521639479247,14.0322242258165,0.0667598325122966,1.2486615934811225,12.99070330822151,14.239364901702633,0.099471631527054,1.4844762842397792,0.1182649069786752,718.4601070613966,0.0,0.1014462408656018,3.945601512077275,0.0127654485460545,4.058168783776235,0.0183933261993814,False,Star,*|blu|NIR|s?b,8822.7,259.33031060791944
851,9.800761,-72.943527,RSG,high,0,1,0,0,0,0,0,0,0,0,0,0,11.7044492431729,13.729361378178009,13.729155942658393,0.0,214367.8771251758,1887.9992142640097,0.0,214367.8771251758,1961.4466834285831,0.0,214367.8771251758,2031.9612212046743,0.0,2.445322583896445,10.49432990505877,12.939652488955216,0.2281559426583896,3.2339936892790107,10.094734498885565,13.328728188164575,0.3018848778123999,4.1075416009782035,0.386212194530998,1022.2435836721326,0.0,0.490470447745216,3.6288434240201393,0.0044847863818463,4.693488666431894,0.0108578893726516,False,RedSG_Candidate,*|MIR|NIR|s?r,4254.45,43.93401301952736
852,8.648353,-72.544128,,,0,0,0,0,0,0,0,0,0,0,0,0,,,,,,,,,,,,,,,,,,,,,,,,,,,,,,,False,,,,
853,10.431021,-73.72332,,,0,0,0,0,0,0,0,0,0,0,0,0,42.03304445842146,12.340140050821244,12.341071381996024,1.0,8493741.633141294,1901.0987474217472,0.0,8493741.633141294,1974.796707844195,0.0,8493741.633141294,2045.545867024549,0.0,31.561768536885655,28.63685,60.198618536885654,0.8068455872551183,35.57183540803422,27.51115,63.08298540803422,0.90101538716684,39.28837388282881,1.0022053871668408,127.22044676421848,0.0,2.0438012653225037,3.676627317513102,0.0012293211669289,4.847071247472737,0.0079161790596364,False,ClassicalCep,*|cC*|MIR|NIR|s*y|V*|V*?,4749.275,13.443376621965182
854,12.490582,-73.66832,hot_dim,medium,0,0,0,0,1,0,0,0,0,0,0,0,31.7075,12.647101505778068,12.647000000000002,0.0,208132.491360156,2402.680833075108,0.0,208132.491360156,2485.3937887114644,0.0,208132.491360156,2564.587101783967,0.0,2.1432117490919893,30.657785070904147,32.800996819996136,0.0737248231216796,2.949344459294501,30.230347234543466,33.17969169383797,0.1010169438205323,3.813029668146267,0.1309593504540185,398.2637542515681,0.0,0.1222177957094988,3.945557207615935,0.011132035893361,4.425011423943013,0.0152812804410658,False,Star,*|NIR,8821.8,226.12443476988503
855,12.631599,-73.478493,,,0,0,0,0,0,0,0,0,0,0,0,0,124.197,11.164510355029586,11.165,0.0,393958.51167750306,691.6540249914985,0.0,393958.51167750306,736.5512711356921,0.0,393958.51167750306,780.3298997525301,0.0,11.604500000000002,118.588,130.1925,0.1012500000000002,15.554000000000016,116.81225,132.36625,0.1359999999999974,19.820000000000007,0.1740000000000012,89.49896595457244,0.0,2.8306561153535466,4.0521492899198925,0.0743262872333949,5.081380693864205,0.0423242574432974,False,BlueSG,*|**|MIR|NIR|s*b|s?b|sg*|V*,11275.85,1929.778297499482
856,14.110164,-73.473137,RSG,high,0,1,0,0,0,0,0,0,0,0,0,0,13.540160815543674,13.588607315363458,13.571,0.0,978461.0714836832,3263.042394576815,0.0,978461.0714836832,3359.2490062320844,0.0,978461.0714836832,3451.082379320456,0.0,4.696561731330972,10.86303780125124,15.559599532582212,0.3895711504418617,6.504766163410631,9.735684780610024,16.240450944020655,0.5559566732791872,7.934550487275676,0.6743094649582737,388.0166056325302,0.0,1.154148979922381,3.644396733674345,0.0118563982832754,4.676936374506413,0.0174745238192681,False,RedSG,*|LP*|MIR|NIR|s*r,4409.575,120.38301115605974
857,10.798535,-73.386368,hot_bright,high,0,1,0,0,0,0,0,0,1,0,0,0,59.68165004616489,11.961307660411965,11.960351983181654,0.0,1162022.2937658017,1893.03753730066,0.0,1162022.2937658017,1966.581452553305,0.0,1162022.2937658017,2037.1863260226255,0.0,8.219133403915379,55.64975,63.86888340391538,0.1498158856441769,11.378461020862211,54.19513897913779,65.5736,0.2075213026748503,15.08643718555554,0.2762635425766984,46.500024600943966,0.0,1.98836773718414,3.941027924015019,0.0408178483301664,4.686521790309151,0.0220498859489172,False,BlueSG,*|Em*|EmO|MIR|NIR|s*b|s?b,8730.275,820.5285944895521
858,11.593131,-73.321968,hot_dim,low,0,0,0,0,1,0,0,0,0,0,0,0,11.93571316739117,13.708346646312632,13.707814967957962,0.0,19437.05780211059,1863.8145422107464,0.0,19437.05780211059,1936.7972547876684,0.0,19437.05780211059,2006.8764819599385,0.0,0.6741668823216269,11.59271630294393,12.266883185265558,0.0619319805567926,0.9718580521871748,11.443307960816716,12.41516601300389,0.0887469485147516,1.1912700356411854,0.1079999999999987,1017.8566357775994,0.0,0.0887519174538866,3.8628124129761865,0.0205222558679248,4.015661294134265,0.0049427275136476,False,Supergiant,*|NIR|s?b|sg*,7291.425,344.55075007174196
859,12.807108,-73.340614,hot_dim,medium,0,0,0,0,1,0,0,0,0,0,0,0,19.76728753174391,13.160086403334644,13.160200460219889,0.0,45203.11792998221,2372.4763978601136,0.0,45203.11792998221,2454.6748490503023,0.0,45203.11792998221,2533.386222606077,0.0,1.0422151699444695,19.251662785997866,20.29387795594233,0.0573913083705086,1.479099216474996,19.02915076765375,20.508249984128742,0.0809999999999995,1.7689064410871005,0.0974013313815032,394.52695608853054,0.0,0.1315212156848433,3.923733490054613,0.0573491311382241,4.219255395113131,0.0165095317277775,False,,,8389.45,1107.8373966877991
860,13.046056,-73.343498,hot_bright,medium,0,0,0,0,1,0,0,0,0,0,0,0,33.00043631335205,12.603584206685872,12.603908535719498,0.0,95979.27041214652,2394.6264441357407,0.0,95979.27041214652,2477.202518457041,0.0,95979.27041214652,2556.267613800507,0.0,1.5864332444527776,32.242836563377146,33.829269807829924,0.0521146250762925,2.308795532472619,31.870070896034523,34.17886642850714,0.0757332561999089,2.789394521232417,0.0918362498910099,390.70346699007814,0.0,0.1437405772164925,3.918773194366864,0.0431760751589618,4.446761757739653,0.015535018357441,False,Supergiant,*|MIR|NIR|s?b|sg*,8294.175,824.5785707711545
861,13.114879,-73.315651,,,0,0,0,0,0,0,0,0,0,0,0,0,38.87191896479485,12.426673290834897,12.426206578055083,0.0,185326.5642245614,2401.674039482516,0.0,185326.5642245614,2484.369897598623,0.0,185326.5642245614,2563.5471952929656,0.0,2.401428856749625,37.63961164708806,40.041040503837685,0.0671032890275427,3.3510587963122305,37.18537388164483,40.536432677957066,0.0937249494915892,4.262488061165136,0.1188196162741306,1006.8142563357576,0.0,0.1630756397078822,4.056156572933168,0.0472613633018342,4.601621503064085,0.0434312528580636,False,BlueSG,*|MIR|NIR|Pe*|s*b|s?b,11380.375,1238.4500835217382
862,11.325652,-73.256996,,,0,0,0,0,0,0,0,0,0,0,0,0,17.37795246911677,13.301718427419448,13.29961416466922,0.0,66370.37247768493,1889.0068829898576,0.0,66370.37247768493,1962.4736517349809,0.0,66370.37247768493,2033.0062663500069,0.0,1.413339840870396,16.609610159129602,18.02295,0.0884674926040229,1.9331787245302827,16.32963786182053,18.262816586350812,0.1210374888211074,2.4816017074244563,0.1549999999999993,119.18603663905566,0.0,0.1637566224986355,3.646585052876803,0.0112663543188792,3.873327083623458,0.0081022024698592,False,Star,*,4431.85,114.96989823427695
863,11.963402,-73.287605,RSG,high,0,0,0,1,0,0,0,0,0,0,0,0,6.932,14.297743867380818,14.298000000000002,0.0,17314.39038836639,1871.8762330016764,0.0,17314.39038836639,1945.014200199098,0.0,17314.39038836639,2015.2388451918375,0.0,0.6579055929609368,6.614760664821327,7.272666257782264,0.1023734934380318,0.9171804052934364,6.482680708727557,7.399861114020993,0.143559999999999,1.132529059236048,0.1770670124112054,391.6907043792469,0.0,0.1199161959605252,3.640809270136008,0.012496221851313,4.158962716852279,0.0080176847019335,False,RedSG_Candidate,*|MIR|NIR|s?r,4373.3,125.83564677785068
864,12.352271,-73.30378,instability_strip,high,0,1,0,0,0,0,0,0,0,0,0,0,35.80468576326313,12.512262364340762,12.51513456623396,1.0,2180658.1786589855,2379.524216065268,0.0,2180658.1786589855,2461.8430118350593,0.0,2180658.1786589855,2540.667112770024,0.0,13.37456169896816,30.139590645775343,43.51415234474351,0.3989999999999973,17.129971402743013,28.121123566239906,45.25109496898292,0.5159830242541741,19.101102848320966,0.5875354265461894,1003.6183432121238,0.0,3.520514894917033,3.664362226150156,0.0119904107218268,5.17763074679834,0.0081022760802492,False,RedSG,*|IR|LP*|MIR|NIR|s*r,4617.025,127.47117076029387
865,12.640352,-73.25692,instability_strip,low,0,0,0,0,1,0,0,0,0,0,0,0,44.76663215928102,12.272619473424772,12.272941045493209,0.0,179643.08282189473,2387.5787782177777,0.0,179643.08282189473,2470.034891163883,0.0,179643.08282189473,2548.9876178984846,0.0,2.4599439892231203,43.53034726076743,45.99029124999055,0.0596810183556115,3.4297811757300707,43.05792864049544,46.48770981622551,0.0831447208048494,4.2344778315414615,0.1030000000000015,963.6997027614608,0.0,0.1140742752705984,3.791292304648592,0.0191185073594858,4.786223550896915,0.0082622339659762,False,Supergiant_Candidate,*|IR|NIR|sg?,6184.325,272.24629359276867
866,12.822944,-73.282799,hot_bright,high,0,1,0,0,0,0,0,0,0,0,0,0,37.22355656928073,12.4732009494611,12.473,0.0,232924.1331312253,2401.674039482516,0.0,232924.1331312253,2484.369897598623,0.0,232924.1331312253,2563.5471952929656,0.0,2.8172403209102015,35.84143261372048,38.65867293463068,0.0824976249319462,4.028281104089039,35.26782069937834,39.29610180346738,0.1177611896317216,5.199396045681198,0.152000000000001,258.97240802420754,0.0,0.5381283524725267,3.936980960824488,0.0584224984552278,4.475423601594378,0.0231990186991985,False,EmLine*,*|Em*|EmO|NIR,8649.3,1163.527829490984
867,12.914673,-73.308701,,,0,0,0,0,0,0,0,0,0,0,0,0,14.90214007000471,13.467251449576894,13.466903476631485,0.0,25943.20964080853,2365.42850808631,0.0,25943.20964080853,2447.506434606942,0.0,25943.20964080853,2526.1049121771484,0.0,0.8003431582711631,14.496130650243124,15.296473808514287,0.0582709080313943,1.1731205937097275,14.311142431702336,15.484263025412064,0.0858113679008063,1.392126970494198,0.1015101864362186,393.6514668720648,0.0,0.0626630357311753,4.062206749664625,0.0768297224690852,4.099716270892654,0.0417295710140486,False,,,11540.025,2041.51089866672
868,12.876572,-73.269402,,,0,0,0,0,0,0,0,0,0,0,0,0,52.662484417911855,12.096251875562388,12.096034731660849,0.0,258622.02286992708,2384.558328285856,0.0,258622.02286992708,2466.9629746565815,0.0,258622.02286992708,2545.867492337152,0.0,2.963134602290623,51.195736079810594,54.15887068210122,0.0608728718027862,4.163945809133587,50.61179888226511,54.7757446913987,0.0855756962614417,5.079987033561267,0.1048728718027849,148.56604207340078,0.0,0.3952488278682278,4.0969265158848165,0.0593988753577215,4.711308748728769,0.034021975000607,False,BlueSG,*|IR|MIR|NIR|s*b|s?b|sg*,12500.475,1709.7020279496076
869,11.959739,-73.239655,,,0,0,0,0,0,0,0,0,0,0,0,0,47.74060095775087,12.202840418185149,12.202609678729372,0.0,169780.03141267283,1882.9608396627068,0.0,169780.03141267283,1956.3117329932784,0.0,169780.03141267283,2026.7358136267887,0.0,2.589173955820584,46.4601529223784,49.04932687819898,0.0587273472907092,3.8073303375184224,45.86574869712986,49.67307903464828,0.0865626295819748,4.727267908838584,0.1072726527092911,1309.6394206650714,0.0,0.0863181004174968,4.001477342851231,0.0696640690076737,4.642679041049011,0.0329493337969986,False,Supergiant,*|NIR|s*b|s?b|sg*,10034.075,1609.540351893981
870,12.100888,-73.225922,,,0,0,0,0,0,0,0,0,0,0,0,0,5.429432428734034,14.485887150611523,14.562949978040594,0.0,1154244.4289448624,2399.660447994884,0.0,1154244.4289448624,2482.3221002441087,0.0,1154244.4289448624,2561.46735704601,0.0,5.573936410953079,4.134162095986989,9.708098506940068,0.9271673544244604,6.2440335618072815,3.9116076667970745,10.155641228604356,1.035763901370526,6.953947851085223,1.2240000000000002,30.040997576599057,0.0,0.7721380356982158,3.712167586080702,0.0126017266091379,4.071245183260204,0.0069300618482168,False,ClassicalCep,*|cC*|Ce*|NIR|V*,5154.275,149.55926709836473
871,12.129686,-73.191269,instability_strip,low,0,0,0,0,1,0,0,0,0,0,0,0,7.281,14.24423236451901,14.245,0.0,15990.928107531694,2354.3531073535214,0.0,15990.928107531694,2436.241272157084,0.0,15990.928107531694,2514.661999269127,0.0,0.5723764105254396,7.014202842241825,7.586579252767264,0.0853677138262281,0.866037395179811,6.868953746193188,7.734991141373,0.1288278884251976,1.0298234712901078,0.1542516888051999,246.58503116916393,0.0,0.0670651762463624,3.694826676504304,0.0150429631621248,4.033334349772208,0.0074564070283718,False,RedSG_Candidate,*|NIR|s?r,4952.525,171.54408872065514
872,12.422279,-73.237427,,,0,0,0,0,0,0,0,0,0,0,0,0,5.598231757175801,14.507457606987131,14.53,0.0,264246.66661042755,2410.735130306048,0.0,264246.66661042755,2493.584736488633,0.0,264246.66661042755,2572.9060512344686,0.0,2.755848761920772,4.733149982839491,7.488998744760263,0.4980198798111228,3.24759653989876,4.516027035413772,7.763623575312532,0.5884189757955642,4.78469141087996,0.9709999999999984,15.660925732303706,0.0,0.4052583035820903,3.6020599913279625,0.0,3.5631244560785524,0.0119260682761617,False,LongPeriodV*,*|LP*|NIR,4000.0,0.0
873,12.525349,-73.129242,,,0,0,0,0,0,0,0,0,0,0,0,0,142.086,11.019752976190476,11.019000000000002,0.0,534164.9717834576,687.6030048071849,0.0,534164.9717834576,732.3718714538783,0.0,534164.9717834576,776.0303196558706,0.0,11.53540000000001,136.36345,147.89885,0.0880000000000009,15.684649999999976,134.7087,150.39334999999997,0.1195799999999991,20.188000000000017,0.1550000000000011,708.2046080925061,1.0,1.3329498068194547,3.981807285477682,0.0773725993623578,5.115774016843272,0.0425150738498033,False,BlueSG,*|MIR|NIR|s*b|s?b,9589.75,1708.4810322330184
874,12.654134,-73.12825,instability_strip,low,0,0,0,0,1,0,0,0,0,0,0,0,18.54102361038909,13.229101730428896,13.229704502205134,0.0,26057.478284999794,2370.462722384572,0.0,26057.478284999794,2452.626756366762,0.0,26057.478284999794,2531.305891164471,0.0,0.827281365354203,18.14843150939306,18.975712874747263,0.0483285978326222,1.1575893530961956,17.972134640377366,19.12972399347356,0.0679771844125145,1.497790139226673,0.0875240023877861,83.46217695913218,0.0,0.1264535943864869,3.785803029309018,0.0183880007719433,4.081278369450355,0.0374965885285474,False,,,6106.65,258.55517302889143
875,13.079405,-73.156387,instability_strip,low,0,0,0,0,1,0,0,0,0,0,0,0,15.067457658208497,13.455387054967977,13.454921459303293,0.0,26703.698778993108,2383.551508744277,0.0,26703.698778993108,2465.938992298552,0.0,26703.698778993108,2544.8274334680304,0.0,0.8029507798359798,14.65837078021614,15.46132156005212,0.0580537993277605,1.1676441226125434,14.47865629633954,15.646300418952084,0.0840258236773241,1.4340790202713904,0.1030537993277587,83.90069718994864,0.0,0.1658573689538221,3.685446138687734,0.012216259957213,4.335151876528044,0.0081292102058813,False,YellowSG,*|NIR|s*y,4846.7,136.33271801002135
876,11.800913,-73.109222,,,0,0,0,0,0,0,0,0,0,0,0,0,40.41525581025468,12.38501494343162,12.383581808159128,0.0,261656.15705053508,1894.0451957385,0.0,261656.15705053508,1967.6083846852032,0.0,261656.15705053508,2038.2313107622376,0.0,3.2842207426861165,38.70614800755103,41.990368750237145,0.0885818081591232,4.7215444898346846,37.955147952573974,42.67669244240866,0.1269267733048629,5.796594862335638,0.1558890504619139,218.99934949940467,0.0,0.2787921490530665,4.107869392804562,0.0508125925253571,4.667525096276241,0.0885001040480199,False,BlueSG,*|MIR|NIR|s*b|s?b,12819.45,1499.8797276781895
877,13.213406,-73.114868,hot_bright,high,0,0,0,1,0,0,0,0,0,0,0,0,151.445,10.95010962962963,10.949,0.0,322996.63193029515,690.6412841646564,0.0,322996.63193029515,735.5064711957974,0.0,322996.63193029515,779.2550881301012,0.0,8.789599999999979,146.8839,155.6735,0.0632999999999999,12.793440000000004,145.11232,157.90576,0.0915199999999991,14.938999999999991,0.1069999999999993,435.1955122559892,0.0,0.976908673088507,3.975062846193052,0.0641628025928554,5.105545532193203,0.0297097791226081,False,Supergiant,*|IR|MIR|NIR|s?b|sg*,9441.975,1394.9603397140006
878,13.394229,-73.092438,RSG,low,0,0,0,0,1,0,0,0,0,0,0,0,4.363373428427268,14.800118561355644,14.80058602804805,0.0,10923.33896064924,2352.3393789577503,0.0,10923.33896064924,2434.1929933889687,0.0,10923.33896064924,2512.581357070325,0.0,0.5117763732388703,4.114619041603489,4.626395414842359,0.1275216453238883,0.7165513949937976,4.011492008597837,4.728043403591634,0.1785662831616505,0.8746893330145493,0.2179848123065042,367.2207790272241,0.0,0.0505495716814805,3.658113992574675,0.0119035481248889,4.00846467190078,0.0073344039806939,False,,,4551.075,124.74010732318617
879,13.740135,-73.077827,hot_dim,low,0,0,0,0,1,0,0,0,0,0,0,0,24.502929583756597,12.926453340347836,12.927,0.0,16941611.084713235,3039.726575446073,0.0,16941611.084713235,3132.621588396352,0.0,16941611.084713235,3221.3527775014554,0.0,1.5914877832987422,23.737118567892956,25.3286063511917,0.0702722683425314,2.2835953834110576,23.359401336645025,25.64299672005608,0.1017237379082764,2.8607494409821967,0.1267136879071415,367.7653371854355,0.0,0.1034765594874695,3.8188656435302386,0.0119343484374183,4.409655247199987,0.0056692399844811,False,Supergiant,*|IR|NIR|SB*|sg*,6589.7,181.08398603962752
880,11.871639,-73.027054,hot_bright,low,0,0,0,0,1,0,0,0,0,0,0,0,47.92820776807946,12.198692223967736,12.198823706517114,0.0,191180.22078529387,1885.9838706229025,0.0,191180.22078529387,1959.3927250527104,0.0,191180.22078529387,2029.871094573123,0.0,2.58526662233772,46.616759127547816,49.202025749885536,0.0588237065171135,3.76015267109662,46.03468732890338,49.79484,0.0853433994713306,4.6432804617386765,0.1059999999999981,737.9121393011159,0.0,0.1690253290764864,3.9215772379846583,0.0451666650508011,4.644637240254509,0.0135061268900693,False,Supergiant,*|MIR|NIR|s?b|sg*,8347.9,868.182348357763
881,12.999947,-73.059242,RSG,medium,0,0,0,0,1,0,0,0,0,0,0,0,8.140956000132563,14.123786569652806,14.123404474432204,0.0,13209.479132532828,2371.4695608531015,0.0,13209.479132532828,2453.6508052781164,0.0,13209.479132532828,2532.34606117643,0.0,0.6034587741926662,7.837797523700215,8.441256297892881,0.0807348468821071,0.8654107624040073,7.711989188300745,8.577399950704752,0.1154470828702436,1.0540498567097885,0.1414754884955993,438.7574630514813,0.0,0.1057585592105902,3.6565964439829135,0.0121924851246847,4.270325044912861,0.0127442858024239,False,,,4535.2,127.32226828014022
882,13.765738,-73.010216,instability_strip,high,0,0,1,0,0,0,0,0,0,0,0,0,15.64129515521785,13.426939781399582,13.414695908160317,1.0,10376781.78982514,3104.110759840338,0.0,10376781.78982514,3197.972670618933,0.0,10376781.78982514,3287.609609705212,0.0,4.4297018351487925,13.203406180762494,17.633108015911287,0.3144175448961892,5.746418171345766,12.491167256483912,18.23758542782968,0.41139882471969,7.215781208344666,0.5139717773828352,276.15650666396436,0.0,0.8701801518647749,3.6282305114082263,0.0020060379722732,4.928188728747516,0.0055802512937087,False,YellowSG,*|IR|LP*|MIR|NIR|Pe*|s*r|s*y,4248.45,19.62390124312697
883,12.909401,-72.790192,,,0,0,0,0,0,0,0,0,0,0,0,0,8.777374933385834,14.041754231789971,14.041724158906424,0.0,11852.16064675404,2358.380546421546,0.0,11852.16064675404,2440.33776737175,0.0,11852.16064675404,2518.823179591178,0.0,0.5983318781258422,8.48447971654334,9.082811594669185,0.0738069112344916,0.8585716695694838,8.362540000000001,9.221111669569485,0.1055516821871584,1.0355723073667829,0.1283651989559278,1.234828120680747,1.0,0.1738507687827558,3.71754568780327,0.0156460297754509,4.102104877526782,0.0085214111231332,False,,,5218.5,188.00332443869175
884,13.409233,-72.809013,,,0,0,0,0,0,0,0,0,0,0,0,0,13.835,13.54778033878196,13.547190047898267,0.0,26987.89646437852,2357.3736888675967,0.0,26987.89646437852,2439.313651349901,0.0,26987.89646437852,2517.7828975061216,0.0,0.8134886105827608,13.43451138941724,14.248,0.0637570143694805,1.1498489348455756,13.276100506013542,14.425949440859116,0.0900137163288672,1.3877896708463826,0.1091614722131311,399.3889450048505,0.0,0.0520279666200022,4.064384976689942,0.0626885910376369,4.164880014152905,0.0456169553509601,False,Star,*|NIR|s?b,11598.05,1674.1299822594422
885,13.701472,-72.723511,instability_strip,low,0,0,0,0,1,0,0,0,0,0,0,0,4.581093120395085,14.747727936170026,14.747309448796177,0.0,27655.918916886996,2524.4925407369856,0.0,27655.918916886996,2609.2483351303035,0.0,27655.918916886996,2690.355202684437,0.0,0.5263403938344346,4.330638326409315,4.85697872024375,0.1240655297162298,0.7749443318482525,4.20896422270329,4.983908554551543,0.1839733378310324,0.9073652996054832,0.2159999999999975,1.3787436217334714,0.0,0.1476257796075372,3.672801860518655,0.0150737984731204,4.022802695408422,0.0073538318722347,False,RedSG_Candidate,*|MIR|NIR|s?r,4707.625,163.39556106271675
886,14.940584,-72.748978,,,0,0,0,0,0,0,0,0,0,0,0,0,57.28905178958462,12.004395223997498,12.0048296086883,0.0,451071.3259315735,3239.908219002156,0.0,451071.3259315735,3335.7771425470833,0.0,451071.3259315735,3427.2941799242017,0.0,3.3787425960623807,55.65990474826627,59.03864734432865,0.0639985581117752,4.628172697144947,55.11905955256258,59.74723224970753,0.0872327097140992,5.957999999999998,0.1130000000000013,1.234501252410896,0.0,0.9098840345124104,4.116259803829392,0.0255837357740871,4.877166363727366,0.0488316986120921,False,BlueSG,*|Em*|MIR|NIR|s*b,13069.525,769.9091013717139
887,12.201496,-72.650162,RSG,low,0,0,0,0,1,0,0,0,0,0,0,0,5.496392479484979,14.550659703336557,14.55,0.0,13200.39178281062,2343.2775278304816,0.0,13200.39178281062,2424.9754810234476,0.0,13200.39178281062,2503.2180364740325,0.0,0.5394107486634967,5.2253319811418875,5.764742729805384,0.1064331255341617,0.7726058731470618,5.105392560503996,5.877998433651058,0.1522403401931615,0.9424929879445738,0.1860568207159545,1043.3377019506029,0.0,0.0124624039013217,3.6283940393671026,0.0003612449999326,4.26241726542675,0.0065600195976604,False,,,4250.05,3.5351803348627073
888,12.364528,-72.680344,,,0,0,0,0,0,0,0,0,0,0,0,0,4.136242510354881,14.858735350466738,14.858844409720897,0.0,9573.98391328356,2339.249999790241,0.0,9573.98391328356,2420.878672954099,0.0,9573.98391328356,2499.0563336924483,0.0,0.4798682355790573,3.8991317644209422,4.379,0.1260141654705311,0.6941304381726883,3.7827948539519,4.476925292124588,0.1828471656200623,0.8318569410245025,0.2190236091175545,288.0912997816431,1.0,0.0418721155019001,3.6530484159728656,0.0036408475164395,4.041536059479965,0.0072798636820435,False,RedSG_Candidate,*|MIR|NIR|s?r,4498.3,37.71087376341206
889,13.094174,-72.664154,hot_bright,high,0,0,0,1,0,0,0,0,0,0,0,0,85.75374713754866,11.567045877635843,11.567,0.0,495474.7376846299,1892.0298768085315,0.0,495474.7376846299,1965.554513198153,0.0,495474.7376846299,2036.1413292213103,0.0,4.982483121526144,83.2538504514064,88.23633357293254,0.0630000000000006,7.085634869351836,82.15358865644008,89.23922352579191,0.0896473962757617,9.197804011713515,0.1161930044196832,1082.340895850229,0.0,0.2060544318398278,3.805062264400775,0.0197635970192077,5.0145084864257985,0.0084436127664644,False,YellowSG,*|NIR|s*y,6383.55,290.4985326985319
890,13.979501,-72.675148,instability_strip,high,0,1,0,0,0,0,0,0,0,0,0,0,32.26359108661421,12.62608847913317,12.628087953532727,0.0,20373661.90977664,3251.9782835479887,0.0,20373661.90977664,3348.023542926488,0.0,20373661.90977664,3439.705766172063,0.0,5.320333007068694,29.76599175019702,35.086324757265714,0.1785845178616689,7.261042360573317,28.92614304536382,36.187185405937136,0.2432677634124314,8.778925149734416,0.2950366273535305,360.9631380264616,0.0,0.6605590826530638,3.6772258655150662,0.0034439513574742,4.898205134077623,0.006169388370961,False,YellowSG,*|MIR|NIR|s*r|s*y,4755.825,37.71364971731058
891,13.110996,-72.624344,RSG,low,0,0,0,0,1,0,0,0,0,0,0,0,5.479057351719556,14.553272717805932,14.553137429368787,0.0,10769.9748636797,2357.3736888675967,0.0,10769.9748636797,2439.313651349901,0.0,10769.9748636797,2517.7828975061216,0.0,0.5411163714493146,5.208337575093196,5.749453946542511,0.1075140961629905,0.8064548326921841,5.090520052234591,5.896974884926775,0.1597723741588836,0.9684772150749604,0.1926769637077896,399.3889450048505,0.0,0.0509450897081447,3.656706554968768,0.0118240167529197,4.0223668525946765,0.0076521199434734,False,RedSG_Candidate,*|MIR|NIR|s?r,4536.35,123.50577921700668
892,13.513381,-72.529045,,,0,0,0,0,0,0,0,0,0,0,0,0,65.015,11.866811010516312,11.86774029088747,0.0,167624.46618450878,1849.706258904176,0.0,167624.46618450878,1922.4164595932737,0.0,167624.46618450878,1992.2404414860969,0.0,2.8832599440055233,63.64274454004916,66.52600448405468,0.0479519833754213,4.083467311131265,63.138091590543105,67.22155890167437,0.0679999999999996,4.971639997813895,0.08351983375419,89.8173885648575,1.0,0.5673302495554664,3.95645178242734,0.0614065896833964,4.75819640587668,0.0235634463197117,False,Supergiant,*|MIR|NIR|s?b|sg*,9045.9,1279.0350620682766
893,13.982381,-72.452698,RSG,low,0,0,0,0,1,0,0,0,0,0,0,0,6.9556732300901185,14.294057956231637,14.294000000000002,0.0,59961.66504561445,3211.74422277109,0.0,59961.66504561445,3307.2004068698175,0.0,59961.66504561445,3398.330803349741,0.0,0.700375545953702,6.618311995791109,7.318687541744811,0.1090055537157912,0.9983782245656112,6.46164198238602,7.460020206951631,0.1559833388526179,1.250285067538809,0.1951819026248991,388.1185678420273,0.0,0.0498027146132076,3.651764868189874,0.0108020991244352,4.3800033503003775,0.0120403647563302,False,,,4485.025,111.55491640891492
894,14.057833,-72.459015,RSG,low,0,0,0,0,1,0,0,0,0,0,0,0,107.273,11.3235811605473,11.324000000000002,0.0,87373.40032209606,1315.2468443784269,0.0,87373.40032209606,1376.7344387305304,0.0,87373.40032209606,1436.047532337986,0.0,2.780243495053554,105.9512,108.73144349505355,0.0280000000000004,3.963546770803702,105.32996996901991,109.29351673982362,0.0399999999999991,4.464916341567061,0.045643986193486,188.35616270106783,0.0,0.5701653687676149,3.646337547642681,0.01109254743436,4.494158137475453,0.0086264211129536,False,RedSG,*|IR|MIR|NIR|s*r,4429.325,113.13175670429592
895,14.091104,-72.464333,,,0,0,0,0,0,0,0,0,0,0,0,0,173.163212427131,10.803521503475997,10.804,0.0,154096.2603590596,1306.163869640358,0.0,154096.2603590596,1367.4426535360792,0.0,154096.2603590596,1426.5601932698323,0.0,4.187517708091804,171.1146,175.3021177080918,0.0259999999999998,5.811912832335025,170.30128631911836,176.1131991514534,0.0360392958137314,6.579336540776069,0.0409999999999985,945.64927602727,0.0,0.0671957106739853,4.146128035678238,0.0,4.872267355394474,0.013438010256111,False,BlueSG,*|NIR|s*b|sg?|V*,14000.0,0.0
896,14.087156,-72.462318,hot_dim,low,0,0,0,0,1,0,0,0,0,0,0,0,210.647,10.590984782521229,10.591,0.0,226419.56976043436,1315.2468443784269,0.0,226419.56976043436,1376.7344387305304,0.0,226419.56976043436,1436.047532337986,0.0,5.303576279664782,208.129,213.43257627966477,0.0269999999999974,7.854822694531521,206.9146565710868,214.76947926561832,0.040055727717954,8.638380284345914,0.0440000000000004,1111.031888327538,0.0,0.0856771981684119,3.9194363683127817,0.0324616295100914,4.209820483758029,0.0083760899387778,False,BlueSG,*|s*b,8306.85,620.9010206949253
897,14.065371,-72.462967,hot_dim,medium,0,0,0,0,1,0,0,0,0,0,0,0,239.77999403838223,10.450311634133351,10.45066377906054,0.0,208319.83538601903,1319.283629203513,0.0,208319.83538601903,1380.8637946385163,0.0,208319.83538601903,1440.2635825384689,0.0,6.011531947013282,236.9588,242.97033194701328,0.0266017325636767,8.742085562426979,235.38040138830308,244.1224869507301,0.0399999999999973,9.919632983944156,0.0450000000000017,237.2568928378118,0.0,1.076004951714292,3.922587935579418,0.0201642786648512,4.236460946277232,0.0117420854288455,False,BlueSG,*|NIR|s*b|s?b|V*,8367.35,388.4957882654586
898,14.075,-72.463905,instability_strip,low,0,0,0,0,1,0,0,0,0,0,0,0,292.963,10.232577816767748,10.233,1.0,353324.90507312573,1325.3387001070316,0.0,353324.90507312573,1387.05745464264,0.0,353324.90507312573,1446.5870336645492,0.0,7.876623530414236,289.459288800905,297.3359123313192,0.028633077138652,11.235460447414823,287.65351525903594,298.88897570645076,0.0416204155958759,12.821810600368169,0.0480000000000018,233.9045660156707,0.0,0.94652147332902,3.712216032350847,0.0304127328778405,4.389971159963008,0.0378973990776193,False,RedSG,*|NIR|s*r,5154.85,360.9833479538911
899,14.078349,-72.463211,,,0,0,0,0,0,0,0,0,0,0,0,0,287.5274203635128,10.25299046034927,10.253,1.0,476372.0939682586,1396.9809757394034,0.0,476372.0939682586,1460.316060089984,0.0,476372.0939682586,1521.3593795196252,0.0,8.609161171638164,283.5931630001758,292.202324171814,0.0320768533535389,13.549052498323933,280.86675863863445,294.4158111369584,0.0512492495945444,16.694500542741764,0.0630768533535413,1042.805881031848,0.0,0.3073845574015064,4.055553199092575,0.0909140158842154,4.9983785274501065,0.0398137558569557,False,RedSG,*|MIR|NIR|s*r|s?r,11364.575,2379.0289656443865
900,14.671736,-72.437637,,,0,0,0,0,0,0,0,0,0,0,0,0,94.66875987710544,11.458935003844951,11.459269735149627,1.0,678154.270952482,2771.0778144106825,0.0,678154.270952482,2859.82331501696,0.0,678154.270952482,2944.6674566521147,0.0,5.519547468728035,92.11187538449006,97.6314228532181,0.0631968319995959,8.065970800171272,90.9120306772612,98.97800147743249,0.0929458894791377,9.657649455023003,0.1109482707607654,489.3010079616924,0.0,0.4375063408402563,4.04796957212993,0.0769056114791956,4.9566646276202375,0.042072890587031,False,BlueSG,*|MIR|NIR|s*b|s?b|sg*,11167.85,1977.6220259442907
901,13.242589,-72.397987,RSG,low,0,0,0,0,1,0,0,0,0,0,0,0,9.56857570877568,13.948894422139803,13.947937503645797,0.0,19590.965080880706,2381.5378653091643,0.0,19590.965080880706,2463.8910122795955,0.0,19590.965080880706,2542.747290174209,0.0,0.7210107814947726,9.194272384347324,9.915283165842096,0.0820000000000025,1.0485360782736528,9.038754269125626,10.08729034739928,0.1187665433147078,1.24657542210889,0.1415955829836193,395.6505958101141,0.0,0.0410680232426094,3.650868246150656,0.0080055418175057,4.024801227957824,0.0072681536743452,False,RedSG_Candidate,*|MIR|NIR|s?r,4475.775,82.5039355121924
902,14.603494,-72.42289,instability_strip,high,1,0,0,0,0,0,0,0,0,0,0,0,6.465059472010868,14.37391097635022,14.373749687162894,0.0,17403.201231192714,3197.661953414998,0.0,17403.201231192714,3292.9110852207054,0.0,17403.201231192714,3383.847522081067,0.0,0.6261405469585908,6.157924490915882,6.7840650378744725,0.1051432183273863,0.8869863552423745,6.0236080119546065,6.910594367196981,0.1494186094506702,1.0631387520070774,0.1791801735065874,1.529482880010047,0.0,0.1843971543917043,3.680797668648567,0.0139955533025283,4.187122921522214,0.0098306347506806,False,RedSG_Candidate,*|MIR|NIR|s?r,4795.1,154.52666436573332
903,13.592742,-72.338356,,,0,0,0,0,0,0,0,0,0,0,0,0,5.222877933253661,14.607958512180767,14.605033580498809,0.0,79270.7610523646,2448.9918038552782,0.0,79270.7610523646,2532.4873841593776,0.0,79270.7610523646,2612.4137895294675,0.0,0.5586361282610071,4.918914163618988,5.477550291879995,0.1163064013938868,0.7855954393090023,4.818982768213468,5.60457820752247,0.1636111113457641,0.9394749649080748,0.1959999999999997,356.32214788392105,1.0,0.0569152998277826,3.661052715278593,0.0112344540981672,4.195655356395268,0.0089708406728764,False,,,4581.975,118.52784219330074
904,13.576145,-72.372658,instability_strip,medium,0,0,0,0,0,0,1,0,0,0,0,0,14.499,13.497264279310317,13.496671572394368,0.0,22832.6711043224,1859.7836463939288,0.0,22832.6711043224,1932.6886047918504,0.0,22832.6711043224,2002.695004299092,0.0,0.9330757572815784,14.023081518374832,14.95615727565641,0.0701313710422528,1.3298884386517589,13.828654335675925,15.158542774327683,0.0996808549654453,1.5204090739565237,0.1144817244708686,407.109427682651,0.0,0.092476770517573,3.6948200995899465,0.0087204790937505,4.426975209060662,0.0073985220678847,False,RedSG_Candidate,*|NIR|s?r,4952.45,99.44343869758328
905,11.743508,-72.273781,RSG,medium,0,1,0,0,0,0,0,0,0,0,0,0,12.05498720622244,13.697215593232285,13.697023017899062,0.0,31588.917947890288,1863.8145422107464,0.0,31588.917947890288,1936.7972547876684,0.0,31588.917947890288,2006.8764819599385,0.0,0.9143808139497054,11.588488827398804,12.50286964134851,0.0822316270305467,1.2455486476208808,11.419415443900292,12.664964091521174,0.1126482864436617,1.545728261312011,0.1400230178990629,398.90522662793023,0.0,0.1031452725823279,3.628386375369375,0.0002554560712923,4.543899904714507,0.0072689577568433,False,YellowSG,*|Ev*|MIR|NIR|s?r|s*y,4249.975,2.4998749968748437
906,13.306341,-72.267021,,,0,0,0,0,0,0,0,0,0,0,0,0,9.79669626821826,13.9229283684354,13.922445895553908,0.0,54426.52673826549,2345.291282917796,0.0,54426.52673826549,2427.023853647542,0.0,54426.52673826549,2505.298835409983,0.0,0.7638273621021252,9.409113492788508,10.172940854890632,0.0845570957448309,1.0714410127518583,9.247981268388836,10.319422281140694,0.1192382163100429,1.3080398568843847,0.1459807694025698,384.64307948610576,1.0,0.097935646175443,3.6352725801123658,0.0111841141551684,4.358122301996188,0.0100660446209224,False,,,4317.9,111.19617799187164
907,13.615561,-72.266136,,,0,0,0,0,0,0,0,0,0,0,0,0,17.1170320427384,13.315380772099571,13.316434052861624,0.0,159841.90504040525,2524.4925407369856,0.0,159841.90504040525,2609.2483351303035,0.0,159841.90504040525,2690.355202684437,0.0,1.0400801983666348,16.65050596065687,17.690586159023503,0.0658405058400166,1.466700894014462,16.467461744256926,17.93416263827139,0.0924877083847057,1.841979124520652,0.116734176400028,4.245731117278186,1.0,0.2809678769093371,3.8639500517840686,0.0158581747561323,4.06847245066552,0.0105071447023816,False,Supergiant,*|NIR|s?b|sg*,7310.55,266.94324771381656
908,13.843193,-72.277374,RSG,low,0,0,0,0,1,0,0,0,0,0,0,0,6.35,14.394422254542665,14.393000000000002,0.0,37443.2523923715,3105.116730756464,0.0,37443.2523923715,3198.9936688750236,0.0,37443.2523923715,3288.6446849823865,0.0,0.7553416765979382,5.961916100235611,6.7172577768335495,0.1295787565176169,1.0686285060387206,5.799459414639048,6.868087920677769,0.1840140057552908,1.285934030737038,0.2204460924030584,360.5935385675717,0.0,0.1105084517134606,3.631278847858964,0.0083713469775373,4.41764901490482,0.0087172255428044,False,YellowSG,*|Ev*|MIR|NIR|s*r|s*y,4278.375,82.4688388120022
909,14.052653,-72.272827,hot_dim,low,0,0,0,0,1,0,0,0,0,0,0,0,12.462,13.661335835466446,13.661042718095228,0.0,23354.222641042463,3205.7089867363675,0.0,23354.222641042463,3301.0764901566495,0.0,23354.222641042463,3392.1238135420363,0.0,0.6905464500650655,12.123820527518854,12.81436697758392,0.0603583975121289,0.9913520709767134,11.97306081011818,12.964412881094892,0.0860973230924138,1.2284881443863256,0.1073276570284704,123.92552404206693,0.0,0.077996388982753,3.856618641699203,0.049149100201189,4.009656355989777,0.006565337257949,False,Star,*|NIR|s?b,7188.175,813.485660214733
910,14.035505,-72.272568,RSG,medium,0,0,0,0,1,0,0,0,0,1,0,0,10.809997470736796,13.815432574423994,13.815446710547016,0.0,47056.80872041988,3217.779425519846,0.0,47056.80872041988,3313.324206533758,0.0,47056.80872041988,3404.5375976708306,0.0,0.8132963165713178,10.4173566545353,11.230652971106618,0.0811802942496644,1.152739167390438,10.23258072761064,11.38531989500108,0.1160269928645085,1.386269390616393,0.1399297787989954,287.0000244411413,0.0,0.0774495049510839,3.645333829341611,0.0135215963905834,4.269383398247444,0.0061360464948629,False,RedSG_Candidate,*|MIR|NIR|Pe*|s?r,4419.1,137.5870270047289
911,14.509452,-72.29908,hot_bright,low,0,0,0,0,1,0,0,0,0,0,0,0,58.41832438798549,11.983582349090586,11.983795279314108,0.0,186438.299465408,3212.75009220486,0.0,186438.299465408,3308.2210482665996,0.0,186438.299465408,3399.36528263042,0.0,2.281736081565228,57.32355144399322,59.605287525558445,0.0422274215638349,3.237878699382179,56.81494354422985,60.05282224361203,0.0602653816750127,3.942586209323444,0.0730000000000004,777.9988738057035,0.0,0.167848398718556,3.8551116241573657,0.0168451302657779,4.732964938586585,0.0089134901638034,False,YellowSG,*|NIR|s?b|s*y,7163.275,277.8444247686104
912,14.953141,-72.273399,RSG,low,0,0,0,0,1,0,0,0,0,0,0,0,4.819270636620305,14.69295973382428,14.692530042954068,0.0,66960.49919299979,3182.573605202665,0.0,66960.49919299979,3277.600385746574,0.0,66960.49919299979,3368.328531607236,0.0,0.607479186406148,4.516602462026478,5.124081648432626,0.1368595977038929,0.8980241008865688,4.367499752347837,5.265523853234406,0.2029132892878529,1.0562746251713735,0.2387116548189531,376.250830562897,0.0,0.0446052597607372,3.662266612395313,0.0133671152054484,4.183891391855829,0.0085295157329915,False,RedSG_Candidate,*|MIR|NIR|s?r,4594.8,141.42298257355486
913,12.54733,-72.189705,RSG,medium,0,1,0,0,0,0,0,0,0,0,0,0,7.505662143491409,14.21202867167438,14.211552360266191,0.0,23672.11074670884,2372.4763978601136,0.0,23672.11074670884,2454.6748490503023,0.0,23672.11074670884,2533.386222606077,0.0,0.7690387101998812,7.123,7.8920387101998815,0.1110000000000006,1.08541436503445,6.951433066454105,8.036847431488555,0.1573663359114121,1.352098893443916,0.1960000000000015,46.3398094675989,0.0,0.168625464454744,3.628388930050312,0.0,4.447019787008377,0.0064867658452588,False,,,4250.0,0.0
914,13.131268,-72.193748,RSG,high,0,1,0,0,0,0,0,0,0,0,0,0,16.249401225559264,13.374668373969484,13.372932569086744,0.0,203754.99620291163,2410.735130306048,0.0,203754.99620291163,2493.584736488633,0.0,203754.99620291163,2572.9060512344686,0.0,2.587931833495997,14.97548703103218,17.563418864528177,0.1731348618265151,3.2896163538077765,14.613618504725174,17.90323485853295,0.220484819996459,4.6564325837262235,0.3131758531903816,246.34296377050063,0.0,0.7777773590523045,3.625998855084044,0.0074713330193522,4.7198912617800985,0.0088049088635689,False,RedSG,*|LP*|MIR|NIR|s*r,4226.675,72.7130963100871
915,13.209195,-72.222206,RSG,low,0,0,0,0,1,0,0,0,0,0,0,0,7.879,14.160354665825963,14.159000000000002,0.0,20271.509735172345,2356.3668298389107,0.0,20271.509735172345,2438.289530142406,0.0,20271.509735172345,2516.7426067611536,0.0,0.701094182975373,7.513480238405945,8.214574421381318,0.0972736369709217,1.0144774243819086,7.357398196930045,8.371875621311954,0.1404104554563829,1.1932017444769416,0.1647771402936992,367.7012214045899,0.0,0.0472545707026608,3.645301888245662,0.0115075094813664,4.33138952083448,0.0089484429639847,False,,,4418.775,117.08436861938486
916,13.692348,-72.222366,RSG,low,0,0,0,0,1,0,0,0,0,0,0,0,4.532494938208899,14.75975710125062,14.75942255607712,0.0,31384.85994281396,2512.4129344578573,0.0,31384.85994281396,2596.9683820180703,0.0,31384.85994281396,2677.88758099478,0.0,0.581601637585659,4.248253803527601,4.82985544111326,0.1397396392321113,0.8693068048292192,4.098735080872601,4.96804188570182,0.2090437835392666,0.9854159353610914,0.2363599351507233,6.764727676400346,0.0,0.1763959614495384,3.633804146541912,0.0111128261289827,4.1496893619682576,0.0191654174607136,False,,,4303.325,110.11446033559808
917,14.521509,-72.216705,instability_strip,low,0,0,0,0,1,0,0,0,0,0,0,0,5.380898420613322,14.57355147653341,14.573167131905633,0.0,13193.350615073685,3191.626639344358,0.0,13193.350615073685,3286.786894096382,0.0,13193.350615073685,3377.64007397331,0.0,0.6149846639769736,5.072551351364044,5.687536015341018,0.1238746510707766,0.8760489541735899,4.944355289309201,5.820404243482791,0.1773290187639258,1.0135415891453272,0.2058034916439659,995.6619207471488,0.0,0.0113160507076734,3.670487060790351,0.0140219735870894,4.106872611647042,0.014568042484565,False,RedSG_Candidate,*|MIR|NIR|s?r,4682.6,151.1861104731516
918,14.650906,-72.204704,RSG,low,0,0,0,0,1,0,0,0,0,0,0,0,9.278,13.981765136024224,13.981214537624906,0.0,11980.481678505324,3192.632527353754,0.0,11980.481678505324,3287.8076008138437,0.0,11980.481678505324,3378.6746623474837,0.0,0.6377640412337175,8.959639736366276,9.597403777599991,0.0742010311639376,0.9300206723276804,8.81861099169759,9.74863166402527,0.1085514061096155,1.100952849718951,0.128198939481452,965.322176995976,0.0,0.0019113764752063,3.6501180244710096,0.0115538050344177,4.0930403244111675,0.0072576285444918,False,RedSG_Candidate,*|MIR|NIR|s?r,4468.05,118.86630094353907
919,14.724634,-72.20134,RSG,low,0,0,0,0,1,0,0,0,0,0,0,0,13.100610152284265,13.608083767171312,13.606862660651752,0.0,25146.395021085955,3212.75009220486,0.0,25146.395021085955,3308.2210482665996,0.0,25146.395021085955,3399.36528263042,0.0,0.9922254256510072,12.580026332093489,13.572251757744496,0.0827182551959389,1.4608454670928737,12.35068276664578,13.811528233738652,0.1210169536075937,1.812159070705217,0.1507523843293992,408.1604139726049,0.0,0.061492791543835,3.648859893793466,0.0120351718727017,4.519881029231601,0.0072516613710981,False,YellowSG,*|Ev*|MIR|NIR|s*r|s*y,4455.125,123.4604567260303
920,14.896359,-72.241386,RSG,low,0,0,0,0,1,0,0,0,0,0,0,0,7.550448718542807,14.206130138845742,14.205150939219472,0.0,48304.2480040382,3184.585397118016,0.0,48304.2480040382,3279.641855081277,0.0,48304.2480040382,3370.3978017149266,0.0,0.6715865965708305,7.205320254840472,7.876906851411302,0.0966976516420459,0.9664307830434824,7.04988235868452,8.016313141728002,0.1390829998591431,1.1432795489331893,0.1640171223431199,4.020159163862736,0.0,0.1848934689348152,3.6527127877235697,0.0130409607468068,4.254409146525153,0.0083644661583527,False,RedSG_Candidate,*|MIR|NIR|s?r,4494.825,134.9702536672433
921,13.285954,-72.136147,RSG,low,0,0,0,0,1,0,0,0,0,0,0,0,6.290752699664025,14.402301633958071,14.403138815751014,0.0,112443.11829221484,2699.625983014731,0.0,112443.11829221484,2787.2343432747566,0.0,112443.11829221484,2871.0132844290583,0.0,0.6161707407920352,6.002,6.618170740792035,0.1060971710257092,0.91160230191055,5.852434893468453,6.764037195379003,0.1573134118912325,1.0511760360003617,0.1813583176182902,2.48389590380482,0.0,0.1748579067326697,3.635556625768962,0.0113181130929709,4.189409173004946,0.0077339089429169,False,,,4320.725,112.60206203706927
922,13.77444,-72.180992,,,0,0,0,0,0,0,0,0,0,0,0,0,5.086600864741882,14.63623108599448,14.633955986453907,0.0,81681.27279988589,3024.63594173711,0.0,81681.27279988589,3117.3028520651155,0.0,81681.27279988589,3205.8203645939307,0.0,0.609947620208863,4.758290879719341,5.368238499928204,0.1308760691163968,0.8805751838359992,4.639755046067416,5.520330229903415,0.1887128855620687,1.0281779273886675,0.2199999999999988,1.5800387363568698,1.0,0.1804819642900708,3.652142349362837,0.0050001908187016,4.184672108408479,0.0077043950708455,False,,,4488.925,51.68263127008919
923,14.860701,-72.165016,,,0,0,0,0,0,0,0,0,0,0,0,0,,,,,,,,,,,,,,,,,,,,,,,,,,,3.9127015356569874,0.0246139937727718,4.8390016938844935,0.0127469466924103,False,,,8179.025,463.5529089273413
924,13.021573,-72.123528,RSG,low,0,0,0,0,1,0,0,0,0,0,0,0,8.299283988145365,14.101834520182788,14.102164345084368,0.0,311072.1358356432,3113.1644630997143,0.0,311072.1358356432,3207.161531897737,0.0,311072.1358356432,3296.925081732873,0.0,0.7748046562545845,7.915850000000001,8.690654656254585,0.1017208846037043,1.1128158399928765,7.752527139624165,8.865342979617042,0.1457090496851911,1.3367407708189,0.1746456317855518,1.1844434971412503,0.0,0.2144537138714093,3.64294158633869,0.0122010970343381,4.334075480808386,0.0144338618154814,False,,,4394.825,123.46849547556658
925,13.413244,-72.062836,hot_dim,low,0,0,0,0,1,0,0,0,0,0,0,0,25.7155,12.874285341563697,12.874452559087684,0.0,125225.20900051924,3151.390348796927,0.0,125225.20900051924,3245.9559171131737,0.0,125225.20900051924,3336.2520158489565,0.0,1.1916848166796008,25.138711059287232,26.330395875966833,0.0506892820896354,1.7069459452932063,24.919181191365222,26.62612713665843,0.0719950473828223,2.064358432397004,0.0869999999999997,388.26396642331065,0.0,0.095444550681313,3.984943406590802,0.0289605692376605,4.3130896943759485,0.032634226794976,False,Star,*|NIR|s?b,9659.25,644.1191174775051
926,13.844402,-72.089409,hot_bright,medium,0,0,0,0,1,0,0,0,0,0,0,0,30.06284756186627,12.704929379538642,12.704973678650155,0.0,324695.6038558841,3865.382088762052,0.0,324695.6038558841,3969.993959230928,0.0,324695.6038558841,4069.701240416805,0.0,1.5113412684496232,29.31371089519483,30.825052163644457,0.054478877986348,2.1714321356154116,28.96085501168862,31.13228714730403,0.0789833685357663,2.6249465448885516,0.0940665258569275,1.7206081966488098,0.0,0.4483160831886996,3.814392447416075,0.0130211120586709,4.483746964845095,0.0187631428533492,False,Supergiant_Candidate,*|NIR|s?b|sg?,6522.175,195.5492760789464
927,12.603344,-72.000328,RSG,medium,0,0,0,1,0,0,0,0,0,0,0,0,8.689659201081183,14.05280743205699,14.052487207623615,0.0,169362.99013370302,4228.269128026968,0.0,169362.99013370302,4337.630281811522,0.0,169362.99013370302,4441.786705239126,0.0,0.8828999745860102,8.24844261485307,9.13134258943908,0.1102164097488014,1.2561961318199248,8.07858905943989,9.334785191259815,0.1568966308688431,1.574454670026582,0.1964248978187335,564.1822096281502,0.0,0.0736677584656591,3.6175219154906855,0.0129287131433559,4.527908402500255,0.0081200562716877,False,,,4144.975,123.39367639794187
928,13.182248,-72.03167,instability_strip,low,0,0,0,0,1,0,0,0,0,0,0,0,11.904561260111484,13.711154335062076,13.71086858318602,0.0,253213.4174979147,4164.945851193522,0.0,253213.4174979147,4273.493383407078,0.0,253213.4174979147,4376.887599642934,0.0,0.7455873759534644,11.526407003588384,12.27199437954185,0.0681428786902405,1.041042710695674,11.378501334011528,12.419544044707202,0.0949873511140815,1.2662568736780209,0.1154016618130384,140.84192713444546,0.0,0.0762803592127757,3.690503965423809,0.0107800077245733,4.231776193879207,0.0112304115373711,False,RedSG_Candidate,*|MIR|NIR|s?r,4903.475,121.71349298660358
929,14.156336,-72.027702,hot_bright,medium,0,0,0,0,1,0,0,0,0,0,0,0,35.916111244952106,12.512205132018828,12.511637766674298,0.0,220539.82031953105,4989.982862891672,0.0,220539.82031953105,5108.690762369397,0.0,220539.82031953105,5221.603400782678,0.0,1.6369932510356977,35.088891500587216,36.725884751622914,0.0497124815142022,2.452029871196295,34.70208987181165,37.154119743007946,0.0745104606312061,2.848216656514836,0.0870794992775163,29.536382168285975,0.0,0.3071225568180841,3.872303441577374,0.0173791737669428,4.4941231019289765,0.0063688068060729,False,Supergiant,*|MIR|NIR|s?b|sg*,7452.525,298.2278900019245
930,14.440073,-72.026474,instability_strip,low,0,0,0,0,1,0,0,0,0,0,0,0,4.710416546280443,14.71813924832398,14.717551913601245,0.0,29483.05700108029,4976.921673798187,0.0,29483.05700108029,5095.475571784339,0.0,29483.05700108029,5208.243937088928,0.0,0.6200462651848442,4.403994675420843,5.024040940605687,0.1429870518471752,0.912116306517042,4.260763719690222,5.172880026207264,0.2106989342254461,1.0680766641195358,0.2469999999999981,758.1324512105376,0.0,0.009835301188655,3.6887089587385966,0.0121151418959427,4.111036133795019,0.0073455928997325,False,RedSG_Candidate,*|NIR|s?r,4883.25,136.22385070170347
931,14.871415,-72.017967,hot_bright,high,0,1,0,0,0,0,0,0,0,0,0,0,31.111399896521124,12.667187981907103,12.667798884710791,0.0,1079887.8492056916,5036.198734659813,0.0,1079887.8492056916,5155.44994307904,0.0,1079887.8492056916,5268.871569589217,0.0,3.756696711682259,29.34612532302279,33.10282203470505,0.1305193287606432,5.155479617503431,28.682668400555556,33.83814801805899,0.1795661146446292,6.676772148971988,0.233490445464044,528.4906981272916,0.0,0.4336486626515456,3.9256910311720024,0.0373495519514984,4.422156946298592,0.0186013893156785,False,BlueSG,*|Em*|EmO|MIR|NIR|s*b|s?b,8427.35,724.7564953141159
932,19.242433,-73.71965,,,0,0,0,0,0,0,0,0,0,0,0,0,5.41,14.520032813280997,14.567,0.0,1213683.174641946,1912.1826982085176,0.0,1213683.174641946,1986.091934465638,0.0,1213683.174641946,2057.0389845133077,0.0,6.282602482828695,3.709797517171305,9.9924,1.0758662089642197,7.157647785715591,3.5018322142844096,10.65948,1.2088274660920515,7.954993543903313,1.3844376239390304,25.423765791254084,0.0,0.6249875976434707,3.7199255487165295,0.0021871081557466,4.030836645869526,0.0080939514067306,False,ClassicalCep,*|cC*|Ce*|CV*|MIR|NIR|V*|V*?,5247.175,26.42478713253902
933,17.881686,-73.579437,RSG,low,0,0,0,0,1,0,0,0,0,0,0,0,6.578105359834347,14.355746059575246,14.355000000000002,0.0,21435.80830285125,1855.752716815989,0.0,21435.80830285125,1928.5798360862225,0.0,21435.80830285125,1998.5133284129015,0.0,0.5334259677276458,6.2997708015142075,6.833196769241853,0.0888618456598173,0.7650479166307944,6.170906515924555,6.9359544325553495,0.1266032368821452,0.9281738236176134,0.1538472737556677,962.885839995685,0.0,0.0451999394990137,3.628388930050312,0.0,4.35498234973413,0.0076728879478312,False,RedSG_Candidate,*|MIR|NIR|s?r,4250.0,0.0
934,18.852198,-73.512329,,,0,0,0,0,0,0,0,0,0,0,0,0,40.224032013181265,12.38907426960869,12.389,0.0,151978.2757123976,1863.8145422107464,0.0,151978.2757123976,1936.7972547876684,0.0,151978.2757123976,2006.8764819599385,0.0,1.7670897754091257,39.336610813723986,41.10370058913311,0.0475384190864502,2.461922679676121,39.02352648059947,41.48544916027559,0.0669999999999984,2.8460874207768896,0.0769999999999999,524.1123340231558,1.0,0.0880725943633295,3.759711271966493,0.0009044341497289,4.684911500296698,0.0071227348878471,False,YellowSG,*|HV*|NIR|s*y|s?y,5750.575,11.975782855412838
935,18.475151,-73.397247,,,0,0,0,0,0,0,0,0,0,0,0,0,17.050843874398975,13.320616713148484,13.320671630070445,0.0,41551.127928612055,1876.9147217818463,0.0,41551.127928612055,1950.149552107475,0.0,41551.127928612055,2020.464923164949,0.0,0.8360193017750355,16.631257415310873,17.46727671708591,0.0530000000000008,1.20937568737191,16.433864573788842,17.643240261160752,0.0771961562567575,1.419153255193951,0.0909999999999975,384.3252282707247,1.0,0.0513463143700535,3.806964726833685,0.0081247269041489,4.266331435702694,0.0070436105034141,False,YellowSG,*|MIR|NIR|s?b|s*y,6411.575,119.9469440002537
936,18.284948,-73.339905,instability_strip,high,1,0,0,0,0,0,0,0,0,0,0,0,21.427526078638948,13.07247895803708,13.07271474611782,0.0,186564.1542032913,1911.1750764675585,0.0,186564.1542032913,1985.0651313667652,0.0,186564.1542032913,2055.994215239067,0.0,1.869010151947556,20.52402306075116,22.39303321269872,0.094861550534123,2.41259083468924,20.3137007844373,22.726291619126545,0.122048493159971,3.6472079431818862,0.1862540163339794,38.33930210095387,0.0,0.4186533373590592,3.770861212698953,0.0160982583572175,4.397357996293596,0.0067556194412406,False,YellowSG,*|NIR|s*y,5900.125,218.70353077854048
937,18.377089,-73.336182,,,0,0,0,0,0,0,0,0,0,0,0,0,,,,,,,,,,,,,,,,,,,,,,,,,,,3.945101594074631,0.0418042801658064,5.316260378649257,0.0174635587375419,False,,,8812.55,848.2776653313466
938,17.855835,-73.284515,RSG,low,0,0,0,0,1,0,0,0,0,0,0,0,7.724591852141852,14.180389446180042,14.180199584170328,0.0,21109.33593624272,1865.8299774932316,0.0,21109.33593624272,1938.851535390679,0.0,21109.33593624272,2008.96714665832,0.0,0.5364678917648655,7.451837546237004,7.98830543800187,0.075825633972709,0.7740977227923889,7.339610471126868,8.113708193919257,0.1086066757993489,0.9505545868181438,0.1341937400303212,44.84197534369364,0.0,0.1055267468296268,3.6283838206734105,0.000361253499915,4.3796567896057,0.0073924458663174,False,YellowSG,*|MIR|NIR|s?r|s*y|s?y,4249.95,3.5351803348627073
939,18.59014,-73.212502,,,0,0,0,0,0,0,0,0,0,0,0,0,90.959,11.504,11.503,0.0,200118.24055512057,682.5390150111218,0.0,200118.24055512057,727.1468676556611,0.0,200118.24055512057,770.6545860260189,0.0,4.332399999999993,88.6633,92.9957,0.0520000000000013,6.2227399999999875,87.75844000000001,93.98118,0.074019999999999,7.257000000000005,0.0870000000000015,743.4742854728886,1.0,0.2174216813015653,3.971966643900576,0.0791982086586917,4.884191433676789,0.0589440978223845,False,Supergiant,*|MIR|NIR|s?b|sg*,9374.9,1709.6125262760563
940,16.757307,-73.177071,RSG,low,0,0,0,0,1,0,0,0,0,0,0,0,5.887158384897248,14.474619486414102,14.475285375255378,0.0,20090.113054666486,1871.8762330016764,0.0,20090.113054666486,1945.014200199098,0.0,20090.113054666486,2015.2388451918375,0.0,0.5850354107282101,5.61156458927179,6.1966,0.1075370891162919,0.8580945705149157,5.484025429485084,6.3421199999999995,0.1580215749580187,1.0188994946108014,0.1886853576738545,70.92665036043859,0.0,0.1041338258871053,3.653212513775343,0.0,4.244994593458981,0.0071678459562651,False,,,4500.0,0.0
941,18.146575,-73.159828,RSG,medium,0,1,0,0,0,0,0,0,0,0,0,0,5.23997774662582,14.601613994498075,14.601681569299654,0.0,18737.863514201912,1857.7681858320173,0.0,18737.863514201912,1930.634235302085,0.0,18737.863514201912,2000.6041911747675,0.0,0.5079474102105745,4.991966330445709,5.499913740656283,0.1055587521864804,0.7038715461502605,4.897600000000001,5.601471546150261,0.1457095572308873,0.870048534321084,0.1810000000000009,522.9866486357345,0.0,0.0470466461129463,3.628690276941218,0.0027567505599566,4.268832889839647,0.0075887122490567,False,RedSG_Candidate,*|MIR|NIR|Pe*|s?r,4252.95,26.996249739547157
942,18.79781,-73.142822,RSG,low,0,0,0,0,1,0,0,0,0,0,0,0,6.199,14.418568713471178,14.419485763718988,0.0,21178.518375018357,1864.8222609027164,0.0,21178.518375018357,1937.8243987837104,0.0,21178.518375018357,2007.9218204783892,0.0,0.5531417924076543,5.930587880434052,6.483729672841706,0.0968897351005839,0.7851709506479825,5.806794752559595,6.591965703207578,0.1376957545540378,0.960867590340917,0.1686154871300633,353.0657829118157,0.0,0.0323141265204898,3.628935286351844,0.0036923131414766,4.375113398971329,0.0074584918259249,False,,,4255.35,36.178412071289145
943,17.236885,-73.042908,hot_bright,high,0,0,0,1,0,0,0,0,0,0,0,0,102.385,11.374227340267458,11.374000000000002,0.0,189164.48326448817,688.6157740936661,0.0,189164.48326448817,733.4167714292655,0.0,189164.48326448817,777.1052982057918,0.0,4.594200000000001,100.082,104.6762,0.0489999999999994,6.317520000000002,99.341,105.65852,0.066559999999999,7.798999999999992,0.0820000000000025,258.6242434539448,0.0,0.9930190529421732,3.904611421106678,0.0181994716203102,4.953030601753053,0.0422239863016064,False,Supergiant,*|MIR|NIR|s?b|sg*,8028.075,336.4231626612532
944,16.352517,-72.924828,RSG,medium,0,1,0,0,0,0,0,0,0,0,0,0,11.013535428603848,13.795649593543258,13.795092920677911,0.0,45174.33487921345,1898.0758089799672,0.0,45174.33487921345,1971.7160410962792,0.0,45174.33487921345,2042.411129297353,0.0,0.8755256672569267,10.576474332743071,11.452,0.0860929206779115,1.2219268635348843,10.405293225716564,11.627220089251448,0.1205176856723753,1.5200805553145411,0.1502743810920694,422.60252045880065,0.0,0.1144980217628396,3.630532113531781,0.0070552796710272,4.485560701430531,0.0079481734773144,False,YellowSG,*|Ev*|MIR|NIR|s*y,4271.025,69.38443179128873
945,18.40252,-72.920547,RSG,medium,0,1,0,0,0,0,0,0,0,0,0,0,8.7406494019126,14.045986270272822,14.04606325611588,0.0,37424.696944464056,1886.9915434755792,0.0,37424.696944464056,1960.4197078697775,0.0,37424.696944464056,2030.9161639489707,0.0,0.7081177600551865,8.386715781706233,9.09483354176142,0.0879430694957061,1.058522802832238,8.199245152970281,9.25776795580252,0.1319017563920645,1.333104310813548,0.1659367438841208,91.52713084818951,0.0,0.1617988929414295,3.6283940393671026,0.0003612449999326,4.406367028306489,0.0077345908683361,False,YellowSG,*|Ev*|MIR|NIR|s?r|s*y,4250.05,3.5351803348627073
946,15.225637,-72.860222,instability_strip,high,0,1,0,0,0,0,0,0,0,0,0,0,26.079122024874003,12.919509825496876,12.858966429949987,1.0,4015500.928791262,2584.887726960992,0.0,4015500.928791262,2670.638096037557,0.0,4015500.928791262,2752.6766031952493,0.0,16.083530237775705,16.61777897416362,32.701309211939325,0.7355887056730914,18.86708922655395,15.831421428736748,34.6985106552907,0.8522968894884997,20.28896466911634,0.9086631105114976,420.2818776092672,0.0,2.7850111654723033,3.6288663914247663,0.0034568428063498,5.048623122639593,0.0064997885804436,False,RedSG,*|LP*|MIR|NIR|s*r,4254.675,33.865829016871864
947,15.978696,-72.824409,hot_dim,low,0,0,0,0,1,0,0,0,0,0,0,0,103.1766055892627,11.36613075648723,11.366,0.0,207741.0768939836,1885.9838706229025,0.0,207741.0768939836,1959.3927250527104,0.0,207741.0768939836,2029.871094573123,0.0,2.578249758202986,101.9347594443172,104.5130092025202,0.0270027161286083,3.689633142162066,101.33185302720403,105.02148616936611,0.0392301998673403,4.3244872063373805,0.0452301998673423,343.0152654780988,0.0,0.407720633821931,3.839088201572376,0.0080855299848995,4.34623365303482,0.0059151377549683,False,,,6903.8,128.53233056316998
948,17.62284,-72.826271,RSG,low,0,0,0,0,1,0,0,0,0,0,0,0,7.710081621322733,14.183197633945491,14.182883484697149,0.0,29631.001323302982,1880.9454753373805,0.0,29631.001323302982,1954.2577018879997,0.0,29631.001323302982,2024.6455655487491,0.0,0.6375237684809871,7.387276301041602,8.02480006952259,0.0898900996107627,0.8709750152809175,7.270806905966928,8.141781921247846,0.1224218527212741,1.1451175961959308,0.1609999999999996,308.1586940418464,0.0,0.0712026141242395,3.628388930050312,0.0,4.417329228255832,0.0108537307904132,False,,,4250.0,0.0
949,18.47522,-72.861008,RSG,medium,0,1,0,0,0,0,0,0,0,0,0,0,11.052989673555622,13.792243225243976,13.791510217798582,0.0,54622.871492504506,1873.8916347703496,0.0,54622.871492504506,1947.0683629617652,0.0,54622.871492504506,2017.3293131163437,0.0,0.8929159205817747,10.6086,11.501515920581776,0.0879994549044447,1.32805763571546,10.39014122310653,11.71819885882199,0.1305397492560445,1.554760369627326,0.1534897822014223,354.39393887265913,0.0,0.1172457801586095,3.628312283084456,0.0013973984056172,4.567277592345886,0.0070418647680922,False,YellowSG,*|MIR|NIR|Pe*|s?r|s*y,4249.25,13.672508913875316
950,19.61984,-72.823036,,,0,0,0,0,0,0,0,0,0,0,0,0,11.234761211787765,13.773772346086211,13.77389969474624,0.0,28109.110145112703,1873.8916347703496,0.0,28109.110145112703,1947.0683629617652,0.0,28109.110145112703,2017.3293131163437,0.0,0.6082963633579404,10.939908927667462,11.548205291025402,0.0588996947462412,0.8953268615278649,10.779552447754783,11.67487930928265,0.0863915345954247,1.0604778936790904,0.1027775543742492,1308.7385956222586,0.0,0.014427689517805,3.9265225077158834,0.0081033552619317,3.9578032804355514,0.0143418651656339,False,Supergiant_Candidate,*|MIR|NIR|s?b|sg?,8443.5,157.5444381753923
951,16.064517,-72.75563,,,0,0,0,0,0,0,0,0,0,0,0,0,26.268669740887816,12.847921903491033,12.851497865222688,1.0,5755184.084520642,1912.1826982085176,0.0,5755184.084520642,1986.091934465638,0.0,5755184.084520642,2057.0389845133077,0.0,24.79813024356338,16.445069756436613,41.243199999999995,0.9981817868038778,31.760394371731927,14.088643430949062,45.84903780268099,1.2809524706410098,35.950237765949886,1.5170825268713486,208.58844320678304,0.0,5.086891572785973,3.7219486280545873,0.009329244947885,4.760587342249973,0.0203004737062085,False,ClassicalCep,*|cC*|MIR|NIR|s*r|s*y|V*|V*?,5271.675,113.2428557349204
952,19.827769,-72.804893,RSG,low,0,0,0,0,1,0,0,0,0,0,0,0,3.719275575848439,14.974038226010068,14.973728942394626,0.0,9923.85871947776,1820.480625749934,0.0,9923.85871947776,1892.6229859509565,0.0,9923.85871947776,1961.9151082866176,0.0,0.3586722672681528,3.5446777327318473,3.90335,0.1052551298381203,0.5306806841315801,3.463403545798909,3.9940842299304897,0.1543060101344338,0.6202941436798204,0.1820000000000021,788.0218051977945,0.0,0.0270366022864224,3.640230427703481,0.0124072495359574,4.026828904375923,0.0083254426371802,False,RedSG_Candidate,*|MIR|NIR|RB?|s?r,4367.475,124.77329191377456
953,16.370598,-72.67263,instability_strip,high,0,1,0,0,0,0,0,0,0,0,0,0,17.974,13.26584821438325,13.263005902608915,0.0,593384.4228557766,1912.1826982085176,0.0,593384.4228557766,1986.091934465638,0.0,593384.4228557766,2057.0389845133077,0.0,4.797039482807172,15.660023732573627,20.4570632153808,0.2904229783442318,6.084365805915249,15.18584,21.27020580591525,0.3656887229302867,7.183253203464096,0.4354653744607955,189.6946780070138,0.0,1.0954402804538317,3.6766707514190182,0.0007224974400927,4.618339260023865,0.0061611767336231,False,YellowSG,*|LP*|MIR|NIR|s*y,4749.75,7.901740314639554
954,17.552019,-72.62529,RSG,medium,0,1,0,0,0,0,0,0,0,0,0,0,6.265,14.40756735704875,14.407800027826235,0.0,34544.40199348969,1882.9608396627068,0.0,34544.40199348969,1956.3117329932784,0.0,34544.40199348969,2026.7358136267887,0.0,0.7029923959799209,5.929298997189907,6.632291393169828,0.12134538368106,1.0450567603321996,5.7490932396678005,6.79415,0.181160493023917,1.291961891566169,0.2246604373714475,920.0645843410211,0.0,0.0446575044485717,3.608780010874208,0.0115652475298426,4.434801524171356,0.0102843092811902,False,YellowSG,*|MIR|NIR|s*y,4062.375,108.18091040012558
955,18.616893,-72.664871,,,0,0,0,0,0,0,0,0,0,0,0,0,14.032232581393922,13.459522634815386,13.532277383919132,0.0,4341788.947703002,1897.0681587427896,0.0,4341788.947703002,1970.6891377994043,0.0,4341788.947703002,2041.366192707737,0.0,18.4078806650035,9.449890008849014,27.857770673852514,1.1740999999999993,20.478278124724405,9.128867992580949,29.607146117305355,1.2772778169045225,22.235,1.426000000000002,41.80561311393327,0.0,1.0494892983175603,3.716931490775501,0.0075501895145292,4.26356010509334,0.0106789483893788,False,ClassicalCep,*|cC*|Ce*|NIR|V*,5211.125,90.59516750357052
956,15.039916,-72.566467,RSG,medium,0,1,0,0,0,0,0,0,0,0,0,0,6.907,14.30227315678184,14.30198605689084,0.0,25142.379753623525,2559.7236369372604,0.0,25142.379753623525,2645.0610364962454,0.0,25142.379753623525,2726.712705552584,0.0,0.7178980529320675,6.542743873478853,7.26064192641092,0.1128036279939337,1.0204077428591178,6.396118919709447,7.416526662568565,0.160123328064289,1.226285925019333,0.1927540226204325,397.5997732174045,0.0,0.0683747866720303,3.62924900279136,0.0046009366908221,4.404007987744137,0.0076751940747443,False,RedSG,*|MIR|NIR|s*r,4258.425,45.1139598683157
957,15.845589,-72.603508,RSG,medium,0,1,0,0,0,0,0,0,0,0,0,0,6.405473675223042,14.383368921293927,14.38367917748032,0.0,16138.069740474057,1874.8993325246888,0.0,16138.069740474057,1948.0954333374827,0.0,16138.069740474057,2018.37452870102,0.0,0.6008710597183713,6.11625833938287,6.717129399101241,0.1020000000000003,0.8774168869459755,5.984985717643299,6.862402604589274,0.1486057531797779,1.046221075503099,0.1770000000000013,263.526701702587,0.0,0.0656009155500395,3.631141788795581,0.0083969149217659,4.410275676141223,0.0136077700632506,False,RedSG,*|MIR|NIR|s*r,4277.025,82.69461515116929
958,15.315233,-72.543571,hot_bright,medium,0,1,0,0,0,0,0,0,0,0,0,0,99.863,11.401456839631402,11.401208005899017,0.0,3322021.807737405,1313.2284306002812,0.0,3322021.807737405,1374.669685657732,0.0,3322021.807737405,1433.9393818233118,0.0,4.446775173800432,97.778,102.22477517380042,0.048208005899017,6.312848208313071,96.82495179168691,103.13779999999998,0.0684080058990144,7.643999999999991,0.0830000000000001,1.285752518337116,0.0,1.1565780383352515,3.931640907069861,0.031145636703935,4.921240362802961,0.0191692500692573,False,Supergiant,*|MIR|NIR|sg*,8543.6,612.7083645585394
959,15.934614,-72.539604,hot_dim,low,0,0,0,0,1,0,0,0,0,0,0,0,23.642786088645902,12.965445007376712,12.966,0.0,43528.71134754031,1876.9147217818463,0.0,43528.71134754031,1950.149552107475,0.0,43528.71134754031,2020.464923164949,0.0,1.0364044705698028,23.15839609201178,24.194800562581584,0.0476710838096412,1.507947012423983,22.932786022475824,24.440733034899807,0.0693422527429188,1.8193286090176952,0.0836710838096426,392.4796480076482,0.0,0.1020387619092403,3.94819405162679,0.0321136862904173,4.283324955991116,0.0252512541653104,False,Star,*|MIR|NIR|s?b,8875.525,656.2962169439954
960,16.782522,-72.511818,,,0,0,0,0,0,0,0,0,0,0,0,0,100.7945,11.392232142857145,11.391,0.0,141496.0392014391,687.6030048071849,0.0,141496.0392014391,732.3718714538783,0.0,141496.0392014391,776.0303196558706,0.0,4.2501000000000175,98.40305,102.65315,0.0458999999999978,5.750439999999983,97.6413,103.39173999999998,0.0625799999999987,7.430999999999997,0.0809999999999995,1.1326551410686223,1.0,0.4748579262538807,3.6020599913279625,0.0,4.467572209663813,0.0395801446946405,False,,,4000.0,0.0
961,16.667566,-72.47924,instability_strip,high,0,1,0,0,0,0,0,0,0,0,0,0,15.488530282052531,13.433070493282589,13.424768370470977,0.0,307582.7561506785,1910.167452701707,0.0,307582.7561506785,1984.0383211479896,0.0,307582.7561506785,2054.9494340756596,0.0,3.008297666613501,13.786738832238882,16.795036498852383,0.2149231629529033,4.39400421829883,13.097527126745776,17.491531345044606,0.3145492454476084,5.56865876815473,0.3947183673623957,187.6296593960792,0.0,0.6763277408583651,3.6510452938986737,0.0069254684549775,4.690743302264772,0.0075947782026926,False,YellowSG,*|LP?|MIR|NIR|s*r|s*y,4477.6,71.40196075739097
962,16.825903,-72.467659,,,0,0,0,0,0,0,0,0,0,0,0,0,,,,,,,,,,,,,,,,,,,,,,,,,,,3.91338596752882,0.0144248934760442,5.491856226714881,0.0180116221152716,False,,,8191.925,272.091058976586
963,15.886565,-72.41571,RSG,medium,0,1,0,0,0,0,0,0,0,0,0,0,5.873035130797484,14.47917520135046,14.478,0.0,21650.497185237466,1896.060506457916,0.0,21650.497185237466,1969.6622273024573,0.0,21650.497185237466,2040.3212440951183,0.0,0.7401355527050804,5.482947880643623,6.2230834333487035,0.137870212810645,1.0195881445046702,5.342197051129431,6.361785195634101,0.1898102739415197,1.3136069757933866,0.2445883495614307,52.90237892627768,0.0,0.1342380789352207,3.652855280318557,0.0029158293217466,4.303106910460844,0.0079671134091679,False,YellowSG,*|NIR|s*y,4496.3,30.187911487878715
964,16.126022,-72.362282,hot_dim,low,0,0,0,0,1,0,0,0,0,0,0,0,22.494195339454492,13.019449423639164,13.02,0.0,35607.471505259724,1871.8762330016764,0.0,35607.471505259724,1945.014200199098,0.0,35607.471505259724,2015.2388451918375,0.0,0.9522033429803044,22.03822575917043,22.99042910215074,0.0463134042295152,1.3138365698511052,21.867489632834243,23.181326202685348,0.0627570163332986,1.6129447190107022,0.0779999999999976,1408.4402485309924,0.0,0.0138604415701113,3.989279581806996,0.0343321805306462,4.296965185101051,0.027917058149257,False,Supergiant,*|MIR|NIR|sg*|sg?,9756.175,771.2526300603454
965,16.484653,-72.329117,hot_bright,high,0,0,0,1,0,0,0,0,0,1,0,0,87.79689022431619,11.51513087669676,11.541009597445592,1.0,12562011.632639157,1124.4386339153623,0.0,12562011.632639157,1181.3758163151144,0.0,12562011.632639157,1236.4275365324447,0.0,49.78264999999999,73.61184999999999,123.39449999999998,0.5614000000000008,67.68128426721069,68.12985573278931,135.81114,0.7487602879233677,84.428,1.0100000000000016,981.7811719753493,0.0,13.805704534858185,3.9150910228061377,0.0123372147905178,4.818566538865925,0.0148789521027409,False,BlueSG,*|EmO|MIR|NIR|s*b|s?b,8224.15,233.62743310664524
966,15.287348,-72.262398,,,0,0,0,0,0,0,0,0,0,0,0,0,5.827276189652473,14.48699203555395,14.486720990529612,0.0,112043.999197005,2488.253141827848,0.0,112043.999197005,2572.4064360551706,0.0,112043.999197005,2652.9489312317883,0.0,0.6558631049944239,5.503166636988648,6.159029741983072,0.1221805246062022,0.9340546596041516,5.364143345360857,6.298198004965008,0.1738664732919268,1.133006368196931,0.2120000000000015,167.0018056765676,1.0,0.0699331058272006,3.629220956074795,0.0053930935979928,4.201312047179431,0.0090731948986838,False,RedSG_Candidate,*|MIR|NIR|s?r,4258.15,52.87794909033443
967,15.320793,-72.292,,,0,0,0,0,0,0,0,0,0,0,0,0,110.709,11.290839046199702,11.29,0.0,151829.58867154695,686.5902259916927,0.0,151829.58867154695,731.3269379841145,0.0,151829.58867154695,774.9552852146411,0.0,5.22699999999999,107.8435,113.0705,0.0510000000000001,7.229500000000002,106.7903,114.0198,0.0710000000000015,8.644999999999996,0.084999999999999,203.2729845409793,1.0,0.9465010565234474,4.034489083079697,0.0545774350828354,4.997177974494656,0.0399994653667844,False,Supergiant,*|**|MIR|NIR|s?b|sg*,10826.525,1360.560610327596
968,15.332641,-72.284523,RSG,low,0,0,0,0,1,0,0,0,0,0,0,0,17.9035,13.267636720825918,13.267630912753749,0.0,39489.459584487646,1872.883934929911,0.0,39489.459584487646,1946.041285250959,0.0,39489.459584487646,2016.2840852832696,0.0,1.1261871457444563,17.338789475617894,18.46497662136235,0.0680968927274481,1.6488450955963998,17.111151258435093,18.759996354031493,0.1002740526522369,1.989473384035669,0.1204982775495189,557.5618140458781,0.0,0.0464088010875267,3.65148880892609,0.006233299560322,4.283986188211184,0.0069319738841704,False,YellowSG,*|MIR|NIR|s*y,4482.175,64.33132499024096
969,15.532258,-72.292458,RSG,low,0,0,0,0,1,0,0,0,0,0,0,0,5.4769767310392705,14.553863698848994,14.554036197054652,0.0,7505.564229010943,1867.8454043767576,0.0,7505.564229010943,1940.9057864615093,0.0,7505.564229010943,2011.05776204288,0.0,0.4931698318402349,5.2318551015634585,5.725024933403693,0.0980000000000007,0.7038606934674654,5.132287041632624,5.83614773510009,0.1397895756486047,0.8571285533429798,0.1700361970546513,1018.5931108321404,0.0,0.0321967938736235,3.6277651419682626,0.0039472077695271,4.207663488753768,0.008267358009052,False,RedSG_Candidate,*|MIR|NIR|s?r,4243.9,38.57188094972814
970,16.233804,-72.251961,RSG,medium,0,1,0,0,0,0,0,0,0,0,0,0,12.708665662181916,13.641005773621956,13.64,0.0,35576.84352913312,1886.9915434755792,0.0,35576.84352913312,1960.4197078697775,0.0,35576.84352913312,2030.9161639489707,0.0,0.94403959033413,12.210197749609652,13.154237339943784,0.0809904221223725,1.3759848878017849,11.974382700348803,13.35036758815059,0.11782,1.6639999999999997,0.1419999999999994,1022.0623171855596,0.0,0.0334452634132977,3.649069429531136,0.0095929295450631,4.602595183742909,0.0123745952022191,False,RedSG_Candidate,*|MIR|NIR|s?r,4457.275,98.45468183382648
971,15.261213,-72.198441,,,0,0,0,0,0,0,0,0,0,0,0,0,5.6868260035581475,14.452357328979856,14.512825664417642,0.0,13560646.095997086,2559.7236369372604,0.0,13560646.095997086,2645.0610364962454,0.0,13560646.095997086,2726.712705552584,0.0,6.823343914388792,3.893035494754956,10.716379409143748,1.0992023327835645,7.735955914213093,3.5254719192911304,11.261427833504223,1.2609821439317734,9.450584279544971,1.6439999999999984,27.105970433761936,0.0,0.6020761922654229,3.718217186790119,0.0061315015054833,3.982818063427296,0.008201474455756,False,ClassicalCep,*|cC*|Ce*|NIR|V*|V*?,5226.575,73.7903745416704
972,16.573929,-72.243042,RSG,low,0,0,0,0,1,0,0,0,0,0,0,0,5.923176953126532,14.469563433432205,14.468918082866352,0.0,12417.862782009037,1863.8145422107464,0.0,12417.862782009037,1936.7972547876684,0.0,12417.862782009037,2006.8764819599385,0.0,0.5327858365814473,5.6479350222035265,6.180720858784974,0.0974491502801893,0.7730669546221485,5.516909644352475,6.289976598974624,0.1424761074909515,0.9343571071759484,0.1716935820453873,339.85801319236566,0.0,0.0450507421202194,3.6231846584338103,0.0103964789407958,4.298640009256811,0.0146852112746363,False,RedSG_Candidate,*|NIR|s?r,4199.375,100.52790346466
973,15.051331,-72.155411,RSG,low,0,0,0,0,1,0,0,0,0,0,0,0,6.535276442460725,14.36213851093494,14.361824443900264,0.0,12647.582224929927,2525.499165930602,0.0,12647.582224929927,2610.271634094192,0.0,12647.582224929927,2691.394120286433,0.0,0.6933336470005278,6.194322934927545,6.887656581928073,0.1155391145853492,0.9805266465224411,6.045523740547697,7.026050387070138,0.1638244439002623,1.1739965208315333,0.1957502862136664,359.57582816127007,0.0,0.0844520992224154,3.64924234218642,0.0134332960488097,4.358979287358608,0.0070262083286939,False,,,4459.05,137.9242455118026
974,15.706694,-72.1707,,,0,0,0,0,0,0,0,0,0,0,0,0,,,,,,,,,,,,,,,,,,,,,,,,,,,4.023589884419411,0.0608928679005571,5.230807794782007,0.0458076171399406,False,,,10558.2,1480.3758846995584
975,16.220421,-72.143562,,,0,0,0,0,0,0,0,0,0,0,0,0,120.208,11.201878742514973,11.2,0.0,460173.5887347516,683.5518321571049,0.0,460173.5887347516,728.1919358564525,0.0,460173.5887347516,771.729845288967,0.0,10.745900000000006,114.6852,125.4311,0.0969999999999995,15.17965000000001,112.29438,127.47403,0.1376499999999989,18.48400000000001,0.1679999999999992,334.32243986769765,0.0,1.8651683843666305,4.028551936731257,0.0766071730480406,5.050401648524231,0.0436174366112175,False,BlueSG,*|MIR|NIR|s*b|s?b,10679.525,1883.809842944611
976,15.364306,-72.118401,,,0,0,0,0,0,0,0,0,0,0,0,0,51.08492683413478,12.129066462994771,12.129124114328407,0.0,241668.03411904332,2375.496900121408,0.0,241668.03411904332,2457.7469495647597,0.0,241668.03411904332,2536.506655456106,0.0,1.8914943871099084,50.173120078437734,52.06461446554764,0.0400182356629592,2.656603765417316,49.777908142906305,52.43451190832362,0.0565821807713913,3.1884895789767427,0.0677351490158599,2.598906466848478,1.0,0.5486342527336145,3.9658763799259744,0.0575014957456794,4.641054312873926,0.0331991840010799,False,Supergiant,*|NIR|sg*,9244.35,1223.971232300825
977,15.489279,-72.071449,hot_bright,low,0,0,0,0,1,0,0,0,0,0,0,0,43.964969787269254,12.292226938910773,12.292057337839548,0.0,3459988.3440309255,2755.9828500451977,0.0,3459988.3440309255,2844.4893502478626,0.0,3459988.3440309255,2929.109611057264,0.0,1.672291112976069,43.154369942700505,44.826661055676574,0.0417307081068116,2.4399408245877794,42.72294535679848,45.16288618138626,0.0606418738693133,2.9266076139436805,0.0718963567951593,1.4906918978569788,0.0,0.4797560451366238,3.9084836784615136,0.0505673566729317,4.567088151380343,0.0288738946397598,False,Supergiant,*|NIR|sg*,8099.975,943.1257866133232
978,15.679321,-72.123909,hot_bright,low,0,0,0,0,1,0,0,0,0,0,0,0,78.3151434388817,11.665343487536724,11.665593704415382,0.0,387348.2824872194,2383.551508744277,0.0,387348.2824872194,2465.938992298552,0.0,387348.2824872194,2544.8274334680304,0.0,2.9521658174141265,76.9049902467183,79.85715606413243,0.0408670781903506,4.188006793604458,76.27289309327716,80.46089988688162,0.0579308806589846,5.249432541657228,0.0729999999999986,441.0118933613865,0.0,0.236030867881709,3.865903099207173,0.0306150259457717,4.840530211721288,0.0109221471484668,False,YellowSG,*|NIR|s*y,7343.5,517.6705033126767
979,16.148901,-72.070976,,,0,0,0,0,0,0,0,0,0,0,0,0,6.118962391474467,14.43394753033474,14.433016827435276,0.0,267074.84613844706,2642.258871867712,0.0,267074.84613844706,2728.9433117773483,0.0,267074.84613844706,2811.856787910268,0.0,0.678969681374566,5.774095218985169,6.453064900359735,0.1201152152764741,0.9786420278155424,5.631412989934777,6.6100550177503195,0.1737846231330611,1.1457969736766973,0.2039999999999988,306.9358331523598,1.0,0.0926746655485359,3.658769556727815,0.0114455679601979,4.3241676948624965,0.007597742155102,False,Supergiant_Candidate,*|MIR|NIR|sg?,4557.95,120.12201088892913
980,17.758444,-72.115479,,,0,0,0,0,0,0,0,0,0,0,0,0,8.71189210766045,14.049909524855376,14.050013234788434,0.0,15350.930515966622,2347.305032060203,0.0,15350.930515966622,2429.0722053674513,0.0,15350.930515966622,2507.3795994364827,0.0,0.5020227481551611,8.463027705804512,8.965050453959673,0.0622823841375943,0.7247719534038257,8.3551786658269,9.079950619230726,0.0903511409002018,0.8636751991224099,0.1081029801719957,4.64275958551467,1.0,0.1473455269610537,3.69884621276754,0.0023662351986986,4.069992031430248,0.0094587927281308,False,RedSG_Candidate,*|MIR|NIR|s?r,4998.575,27.23452542270564
981,17.929814,-72.124306,hot_bright,low,0,0,0,0,1,0,0,0,0,0,0,0,52.465,12.100236302909176,12.100294746253647,0.0,230875.75455672428,2381.5378653091643,0.0,230875.75455672428,2463.8910122795955,0.0,230875.75455672428,2542.747290174209,0.0,2.221019030066927,51.38397115162165,53.60499018168858,0.0459206578140936,3.002520660084997,50.97756600804752,53.980086668132515,0.0621819486326593,3.767222884132053,0.0778173278907807,184.61316727735812,0.0,0.2216876754495825,3.906243431570516,0.0133150621306142,4.6253412808443475,0.0292287067318288,False,Supergiant,*|NIR|s?b|sg*,8058.3,247.0599320003145
982,16.103029,-72.009552,,,0,0,0,0,0,0,0,0,0,0,0,0,9.308823490009692,13.955484944500736,13.978273935650105,1.0,2909803.094902157,3212.75009220486,0.0,2909803.094902157,3308.2210482665996,0.0,2909803.094902157,3399.36528263042,0.0,9.371620133826458,5.990997996454449,15.362618130280906,1.022352936503399,10.406733649346483,5.583207390981234,15.98994104032772,1.1420208914426269,12.579299158187682,1.4113023422452695,29.09939420498107,0.0,0.7149527629372079,3.756833815540588,0.0186086004431377,4.107255760861394,0.0079992860936163,False,ClassicalCep,*|cC*|Ce*|NIR|V*|V*?,5712.6,244.77283345992464
983,16.229481,-72.043449,,,0,0,0,0,0,0,0,0,0,0,0,0,,,,,,,,,,,,,,,,,,,,,,,,,,,3.841809801774326,0.0371305083060706,5.0843664470726635,0.0108703442997741,False,,,6947.2,593.9588874661275
984,16.234879,-72.043686,,,0,0,0,0,0,0,0,0,0,0,0,0,,,,,,,,,,,,,,,,,,,,,,,,,,,3.645203593213379,0.0117229007429275,4.532719429797513,0.006608434144167,False,,,4417.775,119.24889674542068
985,20.688973,-73.862312,,,0,0,0,0,0,0,0,0,0,0,0,0,12.945286776987322,13.619881960944063,13.619447553672456,0.0,35749.55733476032,1873.8916347703496,0.0,35749.55733476032,1947.0683629617652,0.0,35749.55733476032,2017.3293131163437,0.0,0.6294916151927001,12.631225539434302,13.260717154627002,0.0529820934368387,0.9463361618463856,12.469217471940755,13.41555363378714,0.0790047750835096,1.1584615496035582,0.0969403114561338,34.31985914838824,1.0,0.139406037553581,3.859602077908488,0.0217339011816831,4.0503545267995475,0.0086009623624516,False,Star,*|MIR|NIR|s?b,7237.725,362.2058453076096
986,20.964646,-73.678734,RSG,low,0,0,0,0,1,0,0,0,0,0,0,0,3.643900402901944,14.997179441160608,14.99617748527124,0.0,10794.15352329209,1831.5664241104828,0.0,10794.15352329209,1903.924708958208,0.0,10794.15352329209,1973.4190736570151,0.0,0.3666996597116707,3.4532,3.8198996597116706,0.1089999999999999,0.5372486912037462,3.3715102769219834,3.9087589681257295,0.1604092610213072,0.6016450546628218,0.1796300509583677,826.5454463242787,0.0,0.0064308958895578,3.655702555018643,0.0129140295669699,4.0919395167968995,0.0073682329766627,False,,,4525.875,134.57984386601137
987,20.054984,-73.284607,RSG,medium,0,1,0,0,0,0,0,0,0,0,0,0,7.75759555694816,14.175552009189367,14.175870814015,0.0,43423.89602954027,1884.9761957043115,0.0,43423.89602954027,1958.3657349715195,0.0,43423.89602954027,2028.826013067345,0.0,0.726278561380548,7.396391394171557,8.122669955552105,0.1017356545084737,1.0524430248204428,7.251763836561583,8.304206861382026,0.1470555499735493,1.3350557966818517,0.1869999999999994,1309.8385986280557,0.0,0.0551036787913576,3.611008629729688,0.0125323745301167,4.493653475668945,0.0086943670230637,False,,,4083.275,117.8304900057706
988,20.086937,-73.271645,RSG,medium,0,1,0,0,0,0,0,0,0,0,0,0,6.780738290737311,14.322134509567768,14.322,0.0,37513.37185406312,1884.9761957043115,0.0,37513.37185406312,1958.3657349715195,0.0,37513.37185406312,2028.826013067345,0.0,0.6734692220843836,6.440980777915616,7.11445,0.1081500000000019,0.935635174083088,6.322313950915013,7.257949124998101,0.1501616367370637,1.2323562448566268,0.1976241006114776,1223.5708659189827,0.0,0.0174642740300088,3.6283812659624184,0.0004424238466698,4.406442425654399,0.0075987756605908,False,,,4249.925,4.329477451148118
989,21.466391,-72.954132,RSG,low,0,0,0,0,1,0,0,0,0,0,0,0,4.769212760822588,14.703570780208794,14.704062457461191,0.0,14978.383374885423,1830.558635092602,0.0,14978.383374885423,1902.8973176847092,0.0,14978.383374885423,1972.37332222808,0.0,0.4176434401308118,4.5673565598691885,4.985,0.0949999999999988,0.6057984299626566,4.479141570037344,5.0849400000000005,0.1378330847398832,0.7218000876153354,0.1641746110528945,200.8098564946377,0.0,0.0389849588113433,3.67033168271106,0.0137371494072158,4.134779563940688,0.0069868477072435,False,,,4680.925,148.0621301177313
990,20.407462,-72.884239,,,0,0,0,0,0,0,0,0,0,0,0,0,4.3870155370482005,14.794891958281852,14.794343432295896,0.0,11381.502688094615,1833.58199566983,0.0,11381.502688094615,1905.979468733108,0.0,11381.502688094615,1975.5105384895653,0.0,0.3935267418936199,4.186927046479709,4.580453788373329,0.0976193363396262,0.5704305351423251,4.1041708726884085,4.674601407830734,0.1409495843368056,0.6599070990308373,0.1630000000000002,1216.7947427436864,1.0,0.0034845432818095,3.6696283077473097,0.0137169478033371,4.061750147051815,0.0069494782870435,False,,,4673.35,147.60514049314136
991,20.165176,-72.784286,RSG,low,0,0,0,0,1,0,0,0,0,0,0,0,5.126643070383779,14.626279455840525,14.625489681468638,0.0,14518.12258810754,1861.7990985155689,0.0,14518.12258810754,1934.7429446041965,0.0,14518.12258810754,2004.7857678671355,0.0,0.4742438772700419,4.890636732141957,5.3648806094119985,0.1000351783352471,0.6579793917136811,4.79836913550653,5.456348527220211,0.1394864916993352,0.8048757432373943,0.1708827388825096,495.4520793550489,0.0,0.0640361461136944,3.638501736501826,0.0122297741641421,4.150928618158532,0.0086946634102291,False,RedSG_Candidate,*|MIR|NIR|s?r,4350.125,122.4999362244732
992,20.689613,-72.776115,instability_strip,low,0,0,0,0,1,0,0,0,0,0,0,0,4.426,14.784520087808575,14.78505202262442,0.0,15613.548939609653,1819.472812859433,0.0,15613.548939609653,1891.595510737611,0.0,15613.548939609653,1960.8692166933936,0.0,0.4410049827095879,4.226995017290412,4.668,0.1081765117624211,0.6484709179161436,4.121009082083856,4.76948,0.1584983476418209,0.768250979203307,0.1880520226244169,1303.1828842392686,0.0,0.0043745103983465,3.672728051515185,0.014250921919574,4.089572617153758,0.0072954183234413,False,,,4706.825,154.44956903468525
993,21.135223,-72.74614,RSG,low,0,0,0,0,1,0,0,0,0,0,0,0,4.028697091266127,14.887182774404089,14.887029166977474,0.0,11602.100046669051,1825.519657549151,0.0,11602.100046669051,1897.76024720369,0.0,11602.100046669051,1967.144374534395,0.0,0.3961336946853597,3.8387463246183,4.2348800193036595,0.1060342629910344,0.5623101224096896,3.759741670754536,4.322051793164226,0.1510685836379259,0.6555520807471105,0.1763717968878069,755.9234175845361,0.0,0.0025710224469014,3.659012460062861,0.0129315137403143,4.087053644856205,0.0070432394200504,False,RedSG_Candidate,*|MIR|NIR|s?r,4560.5,135.79304105881127
994,20.561633,-72.68409,RSG,low,0,0,0,0,1,0,0,0,0,0,0,0,5.8636974097101335,14.47900520406708,14.479511334883329,0.0,18530.57406873655,1822.496244994818,0.0,18530.57406873655,1894.6779133956516,0.0,18530.57406873655,1964.00685309735,0.0,0.5090692421463707,5.624974235843904,6.134043477990275,0.0934880325116438,0.7314411864366628,5.512223540330914,6.243664726767577,0.1355142318608422,0.8413103574887728,0.1555113348833234,1138.2617936090155,0.0,0.0029547220651147,3.6533693140288,0.0131631387222959,4.264350697125402,0.0071972205366967,False,,,4501.625,136.44086402174386
995,20.217238,-72.543243,RSG,medium,0,1,0,0,0,0,0,0,0,0,0,0,11.526,13.745405165724518,13.745904747775768,0.0,61673.10895382509,1890.0145496547875,0.0,61673.10895382509,1963.5006127948177,0.0,61673.10895382509,2034.051299394728,0.0,0.9374186765676829,11.070709648405485,12.008128324973168,0.0889671068040591,1.3055145757502655,10.877665424249733,12.183179999999998,0.1230150058554375,1.6085903914259294,0.1510000000000015,802.3706137388066,0.0,0.1353408953892521,3.628388930050312,0.0,4.5872896823678095,0.0077587862487472,False,,,4250.0,0.0
996,13.015799,-71.944138,RSG,low,0,0,0,0,1,0,0,0,0,0,0,0,4.408,14.790265778127637,14.78972450501131,0.0,18892.640435751324,4169.971597936365,0.0,18892.640435751324,4278.583929407839,0.0,18892.640435751324,4382.038850045677,0.0,0.5604772456829901,4.128735558096885,4.689212803779875,0.1387707583820265,0.794611760645509,4.015966870776684,4.810578631422193,0.1960495115728679,0.944231013159608,0.2331689393757088,881.6044135914525,0.0,0.0084963160586525,3.6288434240201393,0.0033743557091488,4.041213231708735,0.0074033850048952,False,RedSG_Candidate,*|MIR|NIR|s?r,4254.45,33.055975254104965
997,13.983587,-71.984108,,,0,0,0,0,0,0,0,0,0,0,0,0,12.915760343048245,13.620394763393032,13.622550830601377,1.0,5447997.367135841,5126.618233343889,0.0,5447997.367135841,5246.925242165144,0.0,5447997.367135841,5361.335975730404,0.0,12.696717254372013,8.199396136359017,20.896113390731028,1.0158869201980192,14.186114791600716,7.758,21.944114791600715,1.1289274601701518,22.427021272620504,3.255828212835361,42.69491022994333,0.0,1.2655159614240106,3.743883927718542,0.0077444567983836,4.332803742663065,0.0090047181796905,False,ClassicalCep,*|cC*|Ce*|NIR|SB*|V*|V*?,5544.775,98.87592919917368
998,14.726427,-71.943985,hot_bright,high,0,1,0,0,0,0,0,0,0,0,0,0,53.34509196542024,12.08353712270248,12.082283689114051,1.0,1005462.0418885412,5066.338984826835,0.0,1005462.0418885412,5185.943176833751,0.0,1005462.0418885412,5299.6954892479525,0.0,4.207648219403616,51.12023715311858,55.32788537252219,0.0861808672723647,6.064053097149049,50.023571417707394,56.08762451485645,0.1244250331804011,7.896658151298325,0.1613410062603986,525.0253998275962,0.0,0.604105295152511,3.9743712036146066,0.044239604063896,4.670320539625551,0.0244569833269388,False,Supergiant,*|Em*|EmO|NIR|s?b|sg*,9426.95,960.2805306263374
999,14.698428,-71.942085,,,0,0,0,0,0,0,0,0,0,0,0,0,21.248078125932693,13.082342856504392,13.081815273329717,0.0,67086.43941431394,4950.799053117654,0.0,67086.43941431394,5069.0443378553,0.0,67086.43941431394,5181.523585366598,0.0,1.088756026029209,20.671093552433057,21.759849578462266,0.0554889517990044,1.547784702630441,20.439086103204744,21.986870805835185,0.0798406421465411,1.8423626445992092,0.0945642332168734,331.7395364779222,0.0,0.0389746188666685,4.018358211314204,0.0644024117984911,4.3015529452703705,0.0443433786761029,False,Star,*|NIR|s?b,10431.775,1546.9491263047405
1000,13.23675,-71.917572,,,0,0,0,0,0,0,0,0,0,0,0,0,16.365873233613613,13.369168436025667,13.365,0.0,3057149.265464125,4201.130880845475,0.0,3057149.265464125,4310.144094725841,0.0,3057149.265464125,4413.974565067399,0.0,6.704171431015153,13.165433204009991,19.869604635025144,0.4470963323391252,7.655666571140424,12.767550235986883,20.423216807127307,0.5103089106708918,11.036570264177495,0.7549807223470513,68.9808244264078,0.0,0.8545647174852441,3.6779284488300994,0.00515604995517,4.4497793786451325,0.0077759508574691,False,ClassicalCep,*|cC*|Ce*|NIR|SB*|V*,4763.525,56.55372998308776
1001,14.240453,-71.931976,instability_strip,low,0,0,0,0,1,0,0,0,0,0,0,0,7.838542431401848,14.16594439360362,14.164563796368515,0.0,35557.6089660588,5023.137828665404,0.0,35557.6089660588,5142.235748047807,0.0,35557.6089660588,5255.513768737643,0.0,0.7419790599946703,7.4539393365811,8.19591839657577,0.1030071357215529,1.1108077814164332,7.266210323703945,8.377018105120378,0.1546832199572794,1.3293166262648093,0.1840587315923549,611.8944123123736,0.0,0.0212356306612368,3.701304565587716,0.0084255322576849,4.198588551958923,0.0079349612130185,False,RedSG_Candidate,*|NIR|s?r,5026.95,97.52536849456146
1002,14.392303,-71.907814,RSG,medium,0,0,1,0,0,0,0,0,0,0,0,0,2.634,15.351243650948282,15.348581237386052,0.0,44343.997571184016,4935.7281625329315,0.0,44343.997571184016,5053.795028996206,0.0,44343.997571184016,5166.107129206308,0.0,0.5773743511441509,2.341657182267619,2.91903153341177,0.2395661945117506,0.8243821698312939,2.209681279713717,3.0340634495450107,0.3451418762613958,0.9648826584328414,0.403081604217137,1447.609230608426,0.0,0.0014528498810844,3.62861368314516,0.0024387596509613,4.001659386163612,0.0076833603902693,False,RedSG_Candidate,*|MIR|NIR|s?r,4252.2,23.878023368779917
1003,14.782796,-71.913559,RSG,low,0,0,0,0,1,0,0,0,0,0,0,0,4.530833937571948,14.760795328661558,14.75948545043824,0.0,23060.67293863614,4856.35299767366,0.0,23060.67293863614,4973.475645060873,0.0,23060.67293863614,5084.903175099865,0.0,0.6169702314643173,4.216004983270539,4.832975214734856,0.1481357092370583,0.872788993025547,4.080660006977261,4.953449000002808,0.210444679611113,1.001342014639043,0.2411584499194194,403.43142681402554,0.0,0.0190121289980439,3.646408627938995,0.0113193970817988,4.185013594491944,0.0124202830051669,False,RedSG_Candidate,*|MIR|NIR|s?r,4430.05,115.46426936502912
1004,14.163603,-71.844841,RSG,low,0,0,0,0,1,0,0,0,0,0,0,0,10.94458782433276,13.803274260599732,13.801745532328688,0.0,249223.14054102043,4835.252752983282,0.0,249223.14054102043,4952.123103521783,0.0,249223.14054102043,5063.3142752966605,0.0,0.8929249259670851,10.466809780280524,11.35973470624761,0.088960722011727,1.278266078852333,10.273485650239106,11.55175172909144,0.1271404539831238,1.531059657160208,0.1516725899745754,337.0582915223546,0.0,0.0705046256465731,3.646915656587092,0.0107256140992436,4.468865717642884,0.0082921501914937,False,RedSG_Candidate,*|MIR|NIR|s?r,4435.225,109.53515132139088
1005,13.698917,-71.760323,,,0,0,0,0,0,0,0,0,0,0,0,0,8.23783329406617,14.110665796539928,14.110822241024367,0.0,109951.0781392311,3265.054039375151,0.0,109951.0781392311,3361.2899582334376,0.0,109951.0781392311,3453.1507854170277,0.0,0.5845679109232806,7.947453300390868,8.532021211314149,0.0771333763318988,0.8643525410747204,7.8067496571812685,8.671102198255989,0.1138966487482857,1.0448452831091677,0.1380953796384698,621.1239149070923,0.0,0.0268775378163035,3.6283480533519046,0.0010211476544432,3.998742170324146,0.0074818717634002,False,RedSG_Candidate,*|MIR|NIR|s?r,4249.6,9.991996797437434
1006,13.258108,-71.643761,instability_strip,low,0,0,0,0,1,0,0,0,0,0,0,0,55.07747107606684,12.048006479031866,12.047603002488518,0.0,356832.8637954206,2677.4847606250796,0.0,356832.8637954206,2764.737701824725,0.0,356832.8637954206,2848.183710360735,0.0,2.8290953584005507,53.65358578227182,56.48268114067237,0.0555009286962668,3.982192029638462,53.1195447877637,57.10173681740216,0.0781385177832483,4.6877275158324565,0.0925269114924631,321.7797598496411,0.0,0.2212164648758007,3.793128314341744,0.0063796268282686,4.780436769484806,0.0121432670343366,False,YellowSG,*|NIR|s?b|s*y,6210.525,91.23033692253912
1007,15.014473,-71.961395,RSG,medium,0,0,0,1,0,0,0,0,0,0,0,0,9.754640507940527,13.927774909731328,13.92712773036106,0.0,43574.238440969355,4273.498552738954,0.0,43574.238440969355,4383.437121855461,0.0,43574.238440969355,4488.134473576674,0.0,0.8764722674940586,9.304635457443124,10.181107724937185,0.0977004607142344,1.2856460050046792,9.095459686415651,10.381105691420332,0.1439535693169986,1.5554540452209675,0.1738321355987633,837.9411556673705,0.0,0.023256500378673,3.633458355590472,0.010092523581815,4.522387973935028,0.0074213274688247,False,YellowSG,*|Ev*|MIR|NIR|s*y,4299.9,99.92492181633168
1008,15.169767,-71.541702,hot_bright,low,0,0,0,0,1,0,0,0,0,0,0,0,80.84,11.630749741977551,11.631,0.0,524830.1736493381,2699.625983014731,0.0,524830.1736493381,2787.2343432747566,0.0,524830.1736493381,2871.0132844290583,0.0,3.601553720685004,79.13743377055512,82.73898749124012,0.0481700015293746,5.043098706578618,78.43136999810169,83.4744687046803,0.0676870777288485,6.343887965064525,0.0852855433765604,427.8927660766779,0.0,0.4162620343379263,3.9146802524872424,0.0218895529752704,4.833128922602453,0.0108607501179997,False,Supergiant,*|MIR|NIR|s?b|sg*,8216.375,414.1263205532824
1009,18.112667,-71.441185,RSG,medium,0,1,0,0,0,0,0,0,0,0,0,0,14.176,13.521013037662131,13.521,0.0,35890.03875526516,1359.6483984770186,0.0,35890.03875526516,1422.146528381118,0.0,35890.03875526516,1482.4060110058676,0.0,0.8708396949758761,13.757340446429373,14.628180141405249,0.0669709001257796,1.2575379100794244,13.550880417291312,14.808418327370736,0.0958517769308855,1.4996989100363043,0.1146173691266838,588.4490093871894,0.0,0.063764377800301,3.629480956183244,0.0053917281406558,4.503832735571669,0.0173165581466021,False,RedSG_Candidate,*|MIR|NIR|s?r,4260.7,52.89621914655149
1010,15.656626,-71.275955,hot_dim,low,0,0,0,0,1,0,0,0,0,0,0,0,16.235,13.373420832555368,13.3739993067004,0.0,48050.01495357498,2673.4590207686874,0.0,48050.01495357498,2760.6471816417475,0.0,48050.01495357498,2844.0325084006117,0.0,0.7813019655527285,15.863698034447271,16.645,0.0520564404311247,1.0927206051871217,15.709214200894747,16.80193480608187,0.0728595040084574,1.3357689678961524,0.0891958179168952,399.18102921287647,0.0,0.0727885977396292,3.938699809969651,0.0137743916798859,4.141144712693145,0.0254316037730927,False,Star,*|MIR|NIR|s?b,8683.6,275.41521381361633
1011,20.027448,-71.914421,instability_strip,high,0,1,0,0,0,0,0,0,1,0,0,0,10.154021203040251,13.886812678249758,13.883754180472652,0.0,176169.42882161634,3235.8848349896393,0.0,176169.42882161634,3331.6949065330555,0.0,176169.42882161634,3423.1568132296743,0.0,1.5574344701907652,9.301950355534716,10.85938482572548,0.168005155494157,2.139395532544226,8.99696530314329,11.136360835687515,0.2318988905943264,2.5892645311623834,0.2789999999999999,197.68417648118205,0.0,0.2182365363390251,3.641890357728861,0.0123735996269469,4.644995136251762,0.0075704766196231,False,RedSG_Candidate,*|MIR|NIR|s?r,4384.2,124.91140860625984
1012,79.238854,-72.332352,,,0,0,0,0,0,0,0,0,0,0,0,0,39.720082592610694,12.402409119658644,12.402391381217878,0.0,176906.04636218544,1646.0948960827072,0.0,176906.04636218544,1714.7498754364533,0.0,176906.04636218544,1780.7756569294647,0.0,2.2748953709367683,38.615751184976666,40.890646555913435,0.0623913812178766,3.313090793677425,38.09730920632258,41.4104,0.0903913812178789,3.8100277832427594,0.10439138121788,685.7513215007064,1.0,0.1185756497902135,3.6020599913279625,0.0,3.6206838145988502,0.0399758790952205,False,,,4000.0,0.0
1013,84.837381,-72.192619,,,0,0,0,0,0,0,0,0,0,0,0,0,,,,,,,,,,,,,,,,,,,,,,,,,,,3.6020599913279625,0.0,3.301958331661734,0.0402316952484225,False,,,4000.0,0.0
1014,73.206056,-70.268257,,,0,0,0,0,0,0,0,0,0,0,0,0,11.402707087680508,13.757684255273835,13.75737684734811,0.0,30638.286883230376,2113.668394324574,0.0,30638.286883230376,2191.316645375397,0.0,30638.286883230376,2265.765888975232,0.0,0.6623147724016825,11.083286677396549,11.745601449798231,0.0629784804619735,0.9521497565357552,10.916149784817234,11.86829954135299,0.0910430799452743,1.1050995441965483,0.1059999999999981,1058.6048706294278,0.0,0.0579490899297759,3.905837689314797,0.0058977695024177,3.782639874195578,0.0103270965937238,False,Star,*|MIR|NIR,8050.775,109.3304595023729
1015,73.248092,-70.298553,,,0,0,0,0,0,0,0,0,0,0,0,0,18.287881798257523,13.244519025987088,13.244875041013469,0.0,63721.03407027431,2131.798536289182,0.0,63721.03407027431,2209.774313985136,0.0,63721.03407027431,2284.5303442227532,0.0,1.0078046296300691,17.80833336037419,18.816137990004258,0.0599293732226726,1.459057387515145,17.58992796792374,19.048985355438884,0.086788325951419,1.713490892659344,0.1021249589865327,1117.7927573042589,0.0,0.0364809658412817,3.915236218381661,0.0062302625294503,3.974144195688689,0.0096787026104925,False,ChemPec*,*|MIR|NIR|Pe*,8226.9,118.02071852009712
1016,74.650541,-70.110649,,,0,0,0,0,0,0,0,0,0,0,0,0,7.4945,14.139456932271436,14.213382119312294,0.0,1663553.8319173732,2062.296574256304,0.0,1663553.8319173732,2139.009071762279,0.0,1663553.8319173732,2212.5818207787543,0.0,9.779839239305314,5.008992211398734,14.788831450704048,1.1754325164813952,11.379293582350057,4.744570907971563,16.12386449032162,1.3279421546748011,12.722732671182833,1.5707642386245873,17.274344408190693,0.0,1.444518227461227,3.7200476133212694,0.0153323776779642,3.91857951128993,0.0223172197792109,False,ClassicalCep,*|cC*|MIR|NIR|V*,5248.65,185.29888693675417
1017,72.73027,-69.984634,,,0,0,0,0,0,0,0,0,0,0,0,0,15.635,13.414429990390676,13.414961067478565,0.0,28080.103303713346,2113.668394324574,0.0,28080.103303713346,2191.316645375397,0.0,28080.103303713346,2265.765888975232,0.0,0.6760773721110755,15.316922627888925,15.993,0.046973222902201,0.9833619360527984,15.164334881839729,16.147696817892527,0.0678762545494837,1.2222075739352023,0.0841728180104244,961.0122528151514,0.0,0.0714393023629613,3.628388930050312,0.0,3.9497390275051703,0.0083376225875297,False,,,4250.0,0.0
1018,73.885345,-69.962517,,,0,0,0,0,0,0,0,0,0,0,0,0,,,,,,,,,,,,,,,,,,,,,,,,,,,3.833413282821292,0.0103800952645013,5.255456214089458,0.0165735304616213,False,,,6814.175,162.8659552362003
1019,74.545015,-69.949707,,,0,0,0,0,0,0,0,0,0,0,0,0,13.869799649452377,13.493046862110829,13.54495850122283,0.0,3831071.676036888,2161.0070425127183,0.0,3831071.676036888,2239.5075656951667,0.0,3831071.676036888,2314.755114428181,0.0,19.62826164734259,8.468448399020975,28.09671004636357,1.301901208087198,21.96141479376884,8.121220389433608,30.082635183202445,1.42169,27.68769794404238,2.122,39.47718308296301,0.0,1.8555710035265065,3.697264224449781,0.005859888600092,4.194628909196318,0.0060425420991898,False,ClassicalCep,*|cC*|Ce*|MIR|NIR|V*,4980.4,67.19999999999999
1020,74.205879,-69.808746,instability_strip,high,0,0,1,0,0,0,0,0,1,0,0,0,32.99301776193596,12.60399825968267,12.603986116215244,0.0,282798.9787368423,2147.913750853217,0.0,282798.9787368423,2226.179487792536,0.0,282798.9787368423,2301.207116764471,0.0,2.73388788614583,31.6907,34.42458788614583,0.0900138837847581,3.834771559770253,31.11788,34.95265155977025,0.1268338837847569,4.838014892290921,0.1591179954218908,164.35890518591006,0.0,0.5607097894266057,3.653212513775343,0.0,4.779910923656978,0.0062196280877514,False,Star,*|MIR|NIR|s?r,4500.0,0.0
1021,72.63174,-69.56562,,,0,0,0,0,0,0,0,0,0,0,0,0,15.797,13.403478286742615,13.403872892191748,0.0,36175.81786655974,2088.4867052648515,0.0,36175.81786655974,2165.677702150036,0.0,36175.81786655974,2239.698647588855,0.0,0.7289808121076362,15.438838176106309,16.167818988213945,0.050872892191748,1.0049388142412905,15.299370792012477,16.304309606253767,0.0689992902278007,1.177649598726715,0.0809999999999977,534.6055014563995,0.0,0.0374286350719669,4.074834718647825,0.069705762374472,4.024444806021986,0.0507594030954914,False,ChemPec*,*|MIR|NIR|Pe*,11880.5,1906.861229874896
1022,74.162029,-69.570976,instability_strip,low,0,0,0,0,1,0,0,0,0,0,0,0,21.905737315717133,13.048924283252004,13.049,0.0,44081.49675389086,2116.690123583986,0.0,44081.49675389086,2194.3930603718736,0.0,44081.49675389086,2268.893526786078,0.0,0.9852869451884524,21.41044247345145,22.395729418639903,0.0484624278923391,1.3616854526833926,21.226799700406165,22.588485153089557,0.0679759347482935,1.6669575305239128,0.0820000000000007,619.2833679655632,0.0,0.0974788742511032,3.796038071771327,0.0192859593314815,4.266307081532467,0.0084287156340647,False,Star,*|MIR|NIR,6252.275,277.64829258434133
1023,74.198512,-69.607002,,,0,0,0,0,0,0,0,0,0,0,0,0,20.415898614650317,13.124702687368636,13.125,0.0,33002.1667947544,2104.6031125032255,0.0,33002.1667947544,2182.087069706433,0.0,33002.1667947544,2256.382423336463,0.0,0.7999697993914339,20.034425307775933,20.834395107167367,0.0428040911411446,1.1354009628899997,19.875682497481257,21.011083460371253,0.0605743098620568,1.332519986962165,0.0710000000000015,1327.6759004813046,0.0,0.0226637556241122,3.946548054701783,0.0484201827170313,3.9325995822414974,0.0363085051766412,False,ChemPec*,*|MIR|NIR|Pe*,8841.95,985.8030723729768
1024,74.151578,-69.557594,,,0,0,0,0,0,0,0,0,0,0,0,0,32.19087964264392,12.630393542924743,12.630933579345388,0.0,77650.17779462057,2124.747992014778,0.0,77650.17779462057,2202.596565542654,0.0,77650.17779462057,2277.23344648856,0.0,1.3467666904590807,31.57796768842609,32.92473437888517,0.0458144983287045,1.889440084950763,31.315809915049236,33.20525,0.0640079387344432,2.2727624596773452,0.076933579345388,783.012220515916,0.0,0.1739416746260702,4.0146087327435565,0.0386569440599398,4.25722989265966,0.0262142568973108,False,Star,*|MIR|NIR,10342.1,920.5596612930638
1025,73.900337,-69.449028,hot_dim,high,1,0,0,0,0,0,0,0,0,0,1,0,109.935,11.2969254719117,11.297331412144898,1.0,1801895.2631786864,2161.0070425127183,0.0,1801895.2631786864,2239.5075656951667,0.0,1801895.2631786864,2314.755114428181,0.0,10.684166816321422,104.5417696566838,115.22593647300522,0.1053040107377327,13.996833837231335,102.81544616276868,116.81228,0.1389169010655955,18.77563956485554,0.1870000000000029,761.2792128751814,0.0,1.1299099102966317,3.9511966174183377,0.015410576102424,4.094824217297822,0.0169896780955628,False,Star,*|NIR,8937.1,317.1255114304114
1026,72.992118,-69.426094,,,0,0,0,0,0,0,0,0,0,0,0,0,,,,,,,,,,,,,,,,,,,,,,,,,,,3.9466806517085846,0.032689747008282,5.013138284913999,0.0173358887246419,False,,,8844.65,665.7449793276702
1027,74.464499,-69.394508,,,0,0,0,0,0,0,0,0,0,0,0,0,130.30269136935686,11.112880595621432,11.112934168435473,0.0,355194.69960154564,2123.740764512639,0.0,355194.69960154564,2201.5711486756786,0.0,355194.69960154564,2276.1909920605226,0.0,3.484403323427671,128.5131966765723,131.9976,0.0289999999999981,4.875708913403358,127.82949108659666,132.70520000000002,0.0409222714339367,6.133295018716595,0.0518514784715762,846.0638366826548,0.0,0.7519378076776154,,,,,False,Star,*,,
1028,73.653487,-69.339485,instability_strip,high,0,1,0,0,0,0,0,0,0,0,0,0,70.638,11.788272779023302,11.77735602397324,1.0,6163789.481904319,2161.0070425127183,0.0,6163789.481904319,2239.5075656951667,0.0,6163789.481904319,2314.755114428181,0.0,23.91343848765522,57.50471151234478,81.41815,0.3776630365409321,28.583174500237632,55.28722567398101,83.87040017421864,0.4527599999999996,34.10299093991659,0.5406752912188502,304.52850751794466,0.0,3.5486206678603915,3.670030044191853,0.0105859952674308,5.256799208662768,0.0090365875068034,False,LongPeriodV*,*|LP*|MIR|NIR|SB*|s?r,4677.675,114.0190526841896
1029,73.559379,-69.21019,instability_strip,high,0,1,0,0,0,0,0,0,0,0,0,0,170.386,10.805593750909871,10.821000000000002,0.0,13763271.83167073,1490.7976302759064,0.0,13763271.83167073,1556.1878962006845,0.0,13763271.83167073,1619.1560017093748,0.0,83.59246075350765,138.90651119245808,222.49897194596576,0.5111938606858946,98.54948164015636,133.05591237517305,231.6053940153294,0.6019579645805138,131.62016051677017,0.8660000000000014,461.2113998853025,0.0,11.754295485426006,3.699529883173415,0.0046681630973784,5.43257085675732,0.0071861560552668,False,YellowSG,*|LP?|MIR|NIR|s*y|V*,5006.45,53.81354383424307
1030,72.288057,-68.959038,instability_strip,medium,0,0,0,0,1,0,0,0,0,0,0,0,18.700614496669505,13.221198032776806,13.220663136265973,0.0,66417.09115326675,2134.82017234555,0.0,66417.09115326675,2212.850401255625,0.0,66417.09115326675,2287.6574347583537,0.0,0.9101821179811402,18.217565367562223,19.127747485543363,0.0531479031884583,1.3244708719835074,18.005906726573304,19.33037759855681,0.0771700644910176,1.6980790541901811,0.0990000000000002,384.1508764578201,0.0,0.0923982393467199,3.698909198852069,0.0011475860800282,4.500190585556335,0.0065861860434503,False,HighPM*,*|MIR|NIR|PM*,4999.3,13.210223313782398
1031,72.308488,-68.96991,hot_dim,medium,0,0,0,0,1,0,0,0,0,0,0,0,31.531868582334305,12.653975606654758,12.653,0.0,139631.92368381622,2119.7118372258924,0.0,139631.92368381622,2197.4694204532007,0.0,139631.92368381622,2272.0210728932916,0.0,1.5759669623473798,30.711725535724923,32.2876924980723,0.0540864995182772,2.164682893133243,30.42917214125271,32.59385503438595,0.0740913500481728,2.5088578417225627,0.0863273183696087,375.15101840659497,0.0,0.1162921898671525,3.880755015719593,0.0185894871054261,4.315305117709578,0.0099576371991272,False,Supergiant,*|LP*|MIR|NIR|sg*,7598.975,325.2655828319375
1032,72.754558,-68.86599,,,0,0,0,0,0,0,0,0,0,0,0,0,18.349187722360472,13.241061247221891,13.241,0.0,51378.562699745824,2112.661147761717,0.0,51378.562699745824,2190.291161486043,0.0,51378.562699745824,2264.7233226254816,0.0,0.8487645132979615,17.924820616422913,18.773585129720875,0.0500481703798243,1.2167424620057403,17.74277164014342,18.95951410214916,0.0719529630408768,1.462388716100179,0.0870566710350857,15.258642668056943,0.0,0.2249552578020196,4.014713702237004,0.0696374098300613,4.063236416006005,0.0534796472762391,False,Supergiant,*|MIR|NIR|sg*,10344.6,1658.7158707867964
1033,74.652615,-68.842278,,,0,0,0,0,0,0,0,0,0,0,0,0,51.21147094197946,12.127184034113812,12.126762578564314,0.0,208462.05580580616,2125.755217791573,0.0,208462.05580580616,2203.621976342874,0.0,208462.05580580616,2278.2758907856173,0.0,2.469094392004884,49.95050560799511,52.4196,0.0527842937892,3.493288168399417,49.45915573146348,52.9524438998629,0.0747669216092923,4.0466615621749185,0.0860000000000003,74.94868593418319,0.0,0.4026637773701662,4.033462960858017,0.0243415454662274,4.411247972819985,0.0240593736336648,False,Supergiant,*|MIR|NIR|sg*,10800.975,605.3782283622364
1034,74.638712,-68.847244,hot_dim,high,1,0,0,0,0,0,0,0,0,0,1,0,51.59096357650187,12.120589617571897,12.118564275310352,0.0,441593.2042303915,2153.956844026424,0.0,441593.2042303915,2232.3310331349317,0.0,441593.2042303915,2307.460247122981,0.0,3.826920519444897,49.51587948055511,53.3428,0.080506229897546,5.245561060810353,48.66537156720106,53.910932628011416,0.1105905052078988,7.104358872108854,0.1490000000000009,5.361864853760658,0.0,0.9132626370060716,3.945772534121923,0.0448798655144202,4.25202670294481,0.0198427658052433,False,EmLine*,*|Em*|EmO|MIR|NIR|PN,8826.175,912.0943588110828
1035,70.940366,-68.140968,RSG,medium,0,1,0,0,0,0,0,0,0,0,0,0,7.415590193187551,14.225138652630624,14.224802982223393,0.0,40401.16208626979,2143.884988140918,0.0,40401.16208626979,2222.0783382568115,0.0,40401.16208626979,2297.0381639577377,0.0,0.7677184101651253,7.031506601916513,7.799225012081639,0.1126570663988495,1.0260156335815953,6.895689096405543,7.921704729987138,0.1506075824887247,1.324005805749752,0.1943429336011508,684.9156424613374,0.0,0.0789818174618231,3.629636372097844,0.0054935801895266,4.229248646508782,0.0083724814335005,False,Star,*|NIR,4262.225,53.91474172246401
1036,73.796107,-67.169563,,,0,0,0,0,0,0,0,0,0,0,0,0,,,,,,,,,,,,,,,,,,,,,,,,,,,4.022801464922789,0.0441350379865393,5.49699770771431,0.0428805336279146,False,,,10539.05,1071.027589513921
1037,73.791937,-66.845169,hot_bright,high,0,0,0,1,0,0,0,0,0,0,0,0,85.78397015449461,11.566870034619246,11.566507255699818,1.0,934899.9188872516,3498.3811891560163,0.0,934899.9188872516,3597.9572365610416,0.0,934899.9188872516,3692.947014200198,0.0,4.56038106696505,83.50241023785503,88.06279130482008,0.0577860154160863,6.636550693676355,82.41894394679485,89.05549464047121,0.0837416293007624,7.900526446813004,0.1002669978525858,1026.8970620636328,0.0,0.2056648600619064,3.9446603017437343,0.0185363948186352,4.675505508380702,0.0146407225372725,False,Supergiant,*|MIR|NIR|sg*,8803.6,375.7519660627207
1038,73.543649,-66.599892,instability_strip,low,0,0,0,0,1,0,0,0,0,0,0,0,8.717407813678406,14.049516826589295,14.049025322488063,0.0,68353.28566211936,3825.167613096827,0.0,68353.28566211936,3929.239694426856,0.0,68353.28566211936,4028.441303475375,0.0,0.8073883559083725,8.31213614138711,9.119524497295483,0.100702245109943,1.1632903356214452,8.12323982847379,9.286530164095236,0.1451266940176996,1.5090000000000003,0.1879999999999988,383.2398005148878,0.0,0.066280285353433,3.672167154717808,0.0091980641478231,4.206264707986625,0.0069161420871681,False,Star,*|MIR|NIR,4700.75,99.55871383259228
1039,74.288444,-66.621864,instability_strip,low,0,0,0,0,1,0,0,0,0,0,0,0,26.51981326180986,12.8409889383545,12.841044390311502,0.0,154326.1315067514,3805.059950190795,0.0,154326.1315067514,3908.8610672360182,0.0,154326.1315067514,4007.808838425493,0.0,1.3724501187380689,25.853793340585156,27.226243459323225,0.0561560226644051,2.027806576877417,25.508343423122582,27.53615,0.0835049237109029,2.5055944524645675,0.1024376432873115,610.8778436213067,0.0,0.0573841991880545,3.730721728534952,0.0103570743200267,4.421616152342402,0.0053570740547476,False,Star,*|MIR|NIR,5379.25,128.2845957237267
1040,73.91894,-66.428673,,,0,0,0,0,0,0,0,0,0,0,0,0,39.65256414170199,12.435113331948823,12.40424413937706,1.0,10868036.96622948,3857.339283691974,0.0,10868036.96622948,3961.843422980523,0.0,10868036.96622948,4061.449781995113,0.0,22.082845740273363,28.129398005430566,50.21224374570393,0.62895241819351,25.328486543212936,27.02633514118776,52.3548216844007,0.7171007543300352,29.823366800629135,0.8419333110813749,98.40243305394968,0.0,1.907984156793455,3.698926572716211,0.0009702374095037,4.7323233319813545,0.0057732219748727,False,ClassicalCep,*|cC*|Ce*|MIR|NIR|V*|V*?,4999.5,11.169153951844338
1041,74.210815,-66.409729,,,0,0,0,0,0,0,0,0,0,0,0,0,79.163,11.654079441293064,11.653736718029162,0.0,409515.73760472744,3805.059950190795,0.0,409515.73760472744,3908.8610672360182,0.0,409515.73760472744,4007.808838425493,0.0,3.262071329812798,77.5025185054818,80.7645898352946,0.0446770054764282,4.628524724937904,76.78973086080588,81.41825558574378,0.0635126135021089,5.644987060802606,0.0771358240628767,67.53112314641369,0.0,0.5141305373966589,4.034804865457012,0.0513034480273452,4.451181983265962,0.0532639424644069,False,BlueSG,*|IR|MIR|NIR|s*b,10834.4,1279.8736812670224
1042,74.286767,-66.39032,,,0,0,0,0,0,0,0,0,0,0,0,0,116.445,11.23542479293318,11.235,0.0,450218.80658831866,1260.7445575343131,0.0,450218.80658831866,1320.968122720708,0.0,450218.80658831866,1379.097445155877,0.0,6.735191717604522,113.00210828239548,119.7373,0.0629999999999988,9.58572861580872,111.630968484905,121.21669710071372,0.0894094784332892,10.679455262754884,0.0990000000000019,70.33551704205217,0.0,1.085198916400942,4.092496949982144,0.0556094922272581,4.9006581455315725,0.0548023788977888,False,BlueSG,*|IR|MIR|NIR|Pu*|s*b|Y*O,12373.625,1584.3880867309624
1043,77.412202,-71.400597,,,0,0,0,0,0,0,0,0,0,0,0,0,,,,,,,,,,,,,,,,,,,,,,,,,,,3.959911495316267,0.022664766390388,5.0797307861873575,0.0249355234301786,False,,,9118.25,475.8591572093575
1044,75.53078,-71.33699,,,0,0,0,0,0,0,0,0,0,0,0,0,,,,,,,,,,,,,,,,,,,,,,,,,,,4.144207470907779,0.0102824347765696,5.405552903946657,0.0628996902896154,False,,,13938.225,330.0039384234679
1045,75.626004,-70.634857,,,0,0,0,0,0,0,0,0,0,0,0,0,38.682444598744794,12.431045784886004,12.431444118659568,0.0,104160.98089657564,2124.747992014778,0.0,104160.98089657564,2202.596565542654,0.0,104160.98089657564,2277.23344648856,0.0,1.699604995333324,37.87645805892129,39.57606305425461,0.0479999999999982,2.491541208854727,37.49750793507244,39.98904914392717,0.0699999999999985,3.050613094292991,0.085225703300809,375.82716829391046,0.0,0.1964750093449785,4.024642650325074,0.0425225657238646,4.331375571361008,0.0396774976745804,False,Star,*|MIR|NIR,10583.825,1036.281631302514
1046,76.037142,-70.262787,,,0,0,0,0,0,0,0,0,0,0,0,0,35.25647179568563,12.53132109588442,12.531812832001584,0.0,822760.8333249062,3524.5271107725907,0.0,822760.8333249062,3624.4704098348666,0.0,822760.8333249062,3719.8042221147984,0.0,2.103602153569547,34.24989707581235,36.353499229381896,0.065000000000003,2.9289085806841513,33.8471006434201,36.77600922410425,0.0903655808857504,3.643837475109059,0.1126644811061066,103.49781648380244,1.0,0.3173911270844745,,,,,False,,,,
1047,79.96583,-69.885681,hot_dim,medium,0,0,0,0,1,0,0,0,0,0,0,0,46.45582643120289,12.23322764886384,12.232641676049854,0.0,407689.2578161402,2235.5327494565036,0.0,407689.2578161402,2315.356316585172,0.0,407689.2578161402,2391.843141973892,0.0,3.2290868488634317,44.810500000000005,48.03958684886344,0.0754480200792855,4.494768426339867,44.12102840098908,48.61579682732895,0.1057629310164571,5.720769375640373,0.1338353320204195,140.97072084313524,0.0,0.6489460175839391,3.8591848478042783,0.0040676842553087,4.415332391447979,0.0068211208344212,False,Star,*|MIR|NIR,7230.775,67.72480620127311
1048,79.443194,-69.849213,,,0,0,0,0,0,0,0,0,0,0,0,0,,,,,,,,,,,,,,,,,,,,,,,,,,,4.023393428089171,0.0210389753018637,5.114164794490619,0.0283975113877161,False,,,10553.425,511.25044682132057
1049,79.182754,-69.77739,,,0,0,0,0,0,0,0,0,0,0,0,0,67.20910771142944,11.831587141178176,11.831487896260375,0.0,536182.2542439615,2225.462229234507,0.0,536182.2542439615,2305.108318270119,0.0,536182.2542439615,2381.4289017641177,0.0,3.9698048800941024,65.27281387200483,69.24261875209893,0.0638986144394397,5.6283716107678,64.33070229239479,69.95907390316259,0.0910432409626285,6.832747557330556,0.1101351807474095,427.13062286437014,0.0,0.2399036758134904,4.055146021103616,0.0542386049216125,4.67244154431687,0.0573110128212514,False,Star,*|MIR|NIR,11353.925,1417.980375172731
1050,79.660998,-69.762985,,,0,0,0,0,0,0,0,0,0,0,0,0,,,,,,,,,,,,,,,,,,,,,,,,,,,3.8110670266967346,0.0052763048502927,4.816261317812909,0.0066297234943586,False,,,6472.425,78.63440325328348
1051,79.289897,-69.738876,instability_strip,high,0,0,1,0,0,0,0,0,0,0,0,0,14.817032947383996,13.473157058308514,13.473000000000004,0.0,148296.95193522022,2243.589050538373,0.0,148296.95193522022,2323.5543105272905,0.0,148296.95193522022,2400.1738582975327,0.0,1.649652167203854,13.95821150409715,15.607863671301004,0.1210000000000004,2.2589578264882313,13.638912173511768,15.89787,0.1659792771860466,3.2287261703568664,0.2378636552019735,70.61072888744889,0.0,0.3016892101434151,3.7596584034026184,0.0004221262094558,4.053598561770818,0.005637975844547,False,EclBin,*|EB*|NIR,5749.875,5.588772226527039
1052,78.742711,-69.647102,hot_dim,medium,0,0,0,0,1,0,0,0,0,0,0,0,25.712770472220335,12.874740978673094,12.874995682335634,0.0,60487.88315554923,2195.2496988732523,0.0,60487.88315554923,2274.3609135997353,0.0,60487.88315554923,2350.1804870882434,0.0,1.0737027620609148,25.181797237939087,26.2555,0.0450745006800072,1.5000518464832169,24.98920083401196,26.489252680495177,0.0639472568936305,1.8629999999999995,0.0790000000000006,104.52118545177802,0.0,0.2556961228638292,3.9452506446197866,0.035913031834451,4.116055157142307,0.0305894702651115,False,Star,*|MIR|NIR,8815.575,728.9846839097513
1053,78.707893,-69.661682,,,0,0,0,0,0,0,0,0,0,0,0,0,,,,,,,,,,,,,,,,,,,,,,,,,,,3.6020599913279625,0.0,3.3735230392588593,0.0250744250143739,False,,,4000.0,0.0
1054,79.81816,-69.655548,,,0,0,0,0,0,0,0,0,0,0,0,0,,,,,,,,,,,,,,,,,,,,,,,,,,,4.106511313529348,0.0560384121252438,4.316134943643475,0.1010572696213271,False,,,12779.425,1648.9702603064134
1055,77.2941,-69.603386,instability_strip,high,0,1,0,0,0,0,0,0,0,0,0,0,121.58170625311271,11.188122372739976,11.188,1.0,157175451.94663602,4351.893350278854,0.0,157175451.94663602,4462.825545116791,0.0,157175451.94663602,4568.453736960425,0.0,39.72080438216018,104.09412777391071,143.8149321560709,0.3508028549568198,54.82728145330594,96.99834755448794,151.82562900779388,0.4865982539259708,70.23334886853637,0.6426674354079331,344.0130635878288,0.0,7.272035831554361,3.7404041428981807,0.0009035939943346,5.051461139716795,0.0061681072501919,False,LongPeriodV*,*|LP*|MIR|NIR,5500.525,11.444403654188369
1056,75.326556,-69.54734,RSG,high,0,0,1,0,0,0,0,0,0,0,0,0,13.171,13.601876949322536,13.601,0.0,103851.63567427851,2151.9424864085836,0.0,103851.63567427851,2230.2805418372755,0.0,103851.63567427851,2305.375910108534,0.0,1.564737220352363,12.38806915454802,13.952806374900382,0.1289358677422498,2.1802539117995927,12.04956592909223,14.229819840891825,0.1807800000000003,2.938504805191787,0.2436703788868879,151.69499408329676,0.0,0.3761129424618022,3.628388930050312,0.0,4.489209057750334,0.0065413792322081,False,LongPeriodV*,*|LP*|MIR|NIR|V*,4250.0,0.0
1057,78.548279,-69.554939,hot_dim,high,0,0,0,1,0,0,0,0,0,0,1,0,30.8621264573666,12.682927440055332,12.676646704436008,0.0,294335.79713350604,2221.4339761619776,0.0,294335.79713350604,2301.0089607683585,0.0,294335.79713350604,2377.2629415353867,0.0,2.8733635093357712,28.94525782318744,31.81862133252321,0.1027818525699775,3.5921104161197164,28.64555,32.237660416119716,0.1286785010367648,4.627451690197283,0.1636033683090456,294.66905617249085,0.0,0.8164228860630428,3.990851445956753,0.0494755702186084,4.097535023014039,0.0408947771386378,False,Star,*|MIR|NIR,9791.55,1115.4701239836054
1058,79.507622,-69.560493,hot_bright,high,0,1,0,0,0,0,0,0,0,0,0,0,267.94399999999996,10.335695760598504,10.330000000000002,0.0,4300590.8905283725,819.1900850313361,0.0,4300590.8905283725,867.9525230454398,0.0,4300590.8905283725,915.3497476196266,0.0,57.79499999999996,237.08215,294.87715,0.2368499999999986,76.11423000000002,226.6298,302.74403,0.3149499999999996,106.903,0.4489999999999998,670.4582595136683,0.0,15.653541725756495,3.831234497982991,0.005214346922134,5.188841138995125,0.0062677775751076,False,YellowSG_Candidate,*|MIR|NIR|s?y|Y*?,6780.075,81.40481788567554
1059,76.286309,-69.403511,,,0,0,0,0,0,0,0,0,0,0,0,0,103.6398658792784,11.360724427900124,11.361417253665309,0.0,347426.68424627907,3688.4297841792586,0.0,347426.68424627907,3790.644910870567,0.0,347426.68424627907,3888.106939290367,0.0,2.704255548698427,102.46393013020617,105.16818567890458,0.028300905247395,4.067724260536096,101.79427729818428,105.86200155872038,0.0428944806734534,5.1200000000000045,0.0533681123654918,368.771214767258,1.0,0.1949723290780136,3.6020599913279625,0.0,3.82581314405254,0.0399533929940405,False,LongPeriodV*,*|LP*|NIR,4000.0,0.0
1060,77.231651,-69.272652,hot_dim,low,0,0,0,0,1,0,0,0,0,0,0,0,38.00971570317044,12.450845122657404,12.45002308679542,0.0,269358.1415109744,4284.5544484792745,0.0,269358.1415109744,4394.633695844695,0.0,269358.1415109744,4499.462836439807,0.0,2.061955205644054,36.92355685751781,38.98551206316186,0.0589999999999992,2.937833105161012,36.45257234369396,39.39040544885497,0.0838365622308945,3.471175863531492,0.0993531626586623,337.1608770832193,0.0,0.0936975646041173,3.861500060212128,0.0119863881537091,4.306644290108983,0.0070131623850003,False,Star,*|MIR|NIR,7269.425,200.6337941997808
1061,77.410685,-69.310379,,,0,0,0,0,0,0,0,0,0,0,0,0,45.190485321889454,12.262173658362205,12.262607620856494,0.0,775123.4800949695,2879.7540116978535,0.0,775123.4800949695,2970.2013260032622,0.0,775123.4800949695,3056.6396292003765,0.0,2.2177045361115333,44.11029546388847,46.328,0.0530947428463868,3.092728081094535,43.64151108512068,46.73423916621522,0.075000000000001,3.745935874361706,0.0899052571536138,376.0669241933452,0.0,0.2524368993258588,4.034655523997448,0.0740883749929739,4.4443640158820585,0.0521348891022919,False,Star,*|MIR|NIR,10830.675,1847.6567036045956
1062,79.483648,-69.267715,,,0,0,0,0,0,0,0,0,0,0,0,0,,,,,,,,,,,,,,,,,,,,,,,,,,,3.891434307453149,0.0429236628545923,5.009589866211603,0.0187477179567946,False,,,7788.15,769.7448132335807
1063,79.559796,-69.250305,,,0,0,0,0,0,0,0,0,0,0,0,0,,,,,,,,,,,,,,,,,,,,,,,,,,,3.851197176174161,0.0137544560314262,5.507177215800518,0.0056435428427761,False,,,7099.0,224.83104767802868
1064,78.350803,-69.24942,,,0,0,0,0,0,0,0,0,0,0,0,0,15.384563135200477,13.432453445791548,13.4322184110486,0.0,22292.819045345714,2192.228365045044,0.0,22292.819045345714,2271.285889045001,0.0,22292.819045345714,2347.055171211494,0.0,0.6764458916737901,15.04953935684198,15.725985248515771,0.048,0.9721276319321036,14.914450723870392,15.886578355802497,0.0687815889514027,1.1420000000000012,0.08,1126.9271514169145,0.0,0.0271494254529231,3.798759378066196,0.0072035113434823,3.9462173246508967,0.0051851082845416,False,,,6291.575,104.35645344203682
1065,75.860374,-69.148941,,,0,0,0,0,0,0,0,0,0,0,0,0,11.570312805077553,13.66647066894439,13.741555952165903,0.0,1580681.7528375438,2039.127365085312,0.0,1580681.7528375438,2115.4140172841608,0.0,1580681.7528375438,2188.58789079737,0.0,10.248646600080196,9.483353399919803,19.732,0.7955559521659001,11.703071735148434,9.273885109774216,20.97695684492265,0.8855003569493114,12.62372820217929,0.965268446906734,21.273635116750683,0.0,1.8235844592019,3.722897051582699,0.022854446831099,3.7615059888600126,0.0089199857318264,False,ClassicalCep,*|cC*|Ce*|MIR|NIR|V*|V*?,5283.2,278.0247470999659
1066,76.734175,-69.144493,hot_dim,low,0,0,0,0,1,0,0,0,0,0,0,0,51.8855183934333,12.112239311214436,12.11232494114052,0.0,219763.63089488904,4315.711584025155,0.0,219763.63089488904,4426.186309793945,0.0,219763.63089488904,4531.385939003285,0.0,1.9361747971195695,50.95068637415177,52.88686117127134,0.0404244761755574,2.755749076504358,50.5437757928563,53.29952486936066,0.0577838363524083,3.396320808090408,0.0712764387627746,723.8303061061713,0.0,0.1255906394620156,3.8183974654413504,0.0129982590059086,4.465343975260941,0.0087118118022703,False,Star,*|MIR|NIR,6582.6,197.0145679892733
1067,77.614144,-69.153259,hot_bright,medium,0,1,0,0,0,0,0,0,0,0,0,0,92.83261228210084,11.481454962949853,11.481000000000002,0.0,794088.8260348587,2237.546834292186,0.0,794088.8260348587,2317.4058487047787,0.0,794088.8260348587,2393.925877221968,0.0,5.777281503018429,89.80420445335676,95.5814859563752,0.0674021836022475,8.050146612001924,88.61794338799807,96.66809,0.0944876188736518,9.767366737285869,0.1140000000000007,1077.6480746331,0.0,0.3715602509792395,3.864880252406318,0.0091779804693634,4.695957398134388,0.0074037944022022,False,Supergiant,*|MIR|NIR|sg*,7326.225,154.82570644114625
1068,76.077504,-68.926216,RSG,high,1,0,0,0,0,0,0,0,0,0,0,0,45.52603899362164,12.25099997276708,12.254809818866066,0.0,256488.69301668715,2156.9783677802848,0.0,256488.69301668715,2235.4067255201153,0.0,256488.69301668715,2310.5866782305957,0.0,3.159416568770183,44.35165963938099,47.511076208151174,0.0749999999999992,4.057866298661473,43.88064706475696,47.93851336341843,0.0951901811339368,5.6432558747314445,0.1340000000000003,20.63951284468018,0.0,0.6188118176788204,3.6020599913279625,0.0,4.198337769195532,0.0189775363199741,False,,,4000.0,0.0
1069,79.857129,-68.859306,,,0,0,0,0,0,0,0,0,0,0,0,0,61.92417018499158,11.920582513367613,11.920311485796478,0.0,387172.22166588134,2234.5257046424786,0.0,387172.22166588134,2314.33154209969,0.0,387172.22166588134,2390.801760279414,0.0,3.0959679699867664,60.422508198223106,63.51847616820987,0.054223203918168,4.379862548906722,59.76917402666738,64.1490365755741,0.0770847506031771,5.81476784784244,0.1020882818783093,1338.8729462921922,0.0,0.1080641968100657,4.083061651633836,0.0638962996329742,4.6104794352207525,0.0571858401504348,False,Star,*|MIR|NIR,12107.7,1781.3655464277958
1070,77.189406,-68.761696,,,0,0,0,0,0,0,0,0,0,0,0,0,320.5685,10.135591412742382,10.135000000000002,0.0,177943.90568822174,738.2302204991762,0.0,177943.90568822174,784.5773309107539,0.0,177943.90568822174,829.7132671024345,0.0,11.32385000000005,314.58074999999997,325.9046,0.0389499999999998,15.608559999999954,311.9789,327.58745999999996,0.0533699999999992,19.607999999999947,0.0660000000000025,1056.1104007123347,0.0,3.0679250678955907,,,,,False,,,,
1071,77.595029,-68.7733,,,0,0,0,0,0,0,0,0,0,0,0,0,,,,,,,,,,,,,,,,,,,,,,,,,,,4.024367636856776,0.0253178773042962,5.241305251265987,0.0286930660169038,False,,,10577.125,616.6100748244388
1072,79.877108,-68.68602,,,0,0,0,0,0,0,0,0,0,0,0,0,36.09620130427556,12.484656198629905,12.506231197992369,1.0,8690430.795944663,2249.631209574703,0.0,8690430.795944663,2329.7025711832366,0.0,8690430.795944663,2406.4215034351155,0.0,27.58001285265439,25.4422,53.02221285265439,0.7975077716154413,31.36120418562853,23.586039999999997,54.94724418562853,0.9187498323998238,34.64504434167827,1.0301298323998225,118.98401007861388,0.0,2.055819170202797,3.6992326730482943,0.0023726890434945,4.605667018314917,0.0063147273563196,False,ClassicalCep,*|cC*|Ce*|NIR|V*,5003.025,27.333118647530867
1073,77.818942,-68.392647,,,0,0,0,0,0,0,0,0,0,0,0,0,30.177630529111426,12.70067824824355,12.70091031679584,0.0,56230.749242137725,2208.3419750540293,0.0,56230.749242137725,2287.6854208009313,0.0,56230.749242137725,2363.722521923098,0.0,1.193615349050571,29.570998033775037,30.76461338282561,0.043008968320418,1.6689754210017431,29.35707655199324,31.02605197299498,0.0599691152523629,1.998643247820695,0.0712508847476378,1023.0565370586936,1.0,0.0302950964738173,3.9416803472914017,0.066887360257563,4.2306912438430135,0.0282012478198321,False,Star,*|MIR|NIR,8743.4,1346.6045967543705
1074,75.384327,-68.178627,,,0,0,0,0,0,0,0,0,0,0,0,0,78.71773803170205,11.660359511363254,11.660000000000002,0.0,4477557.121042187,3558.7171125417563,0.0,4477557.121042187,3659.138603235376,0.0,4477557.121042187,3754.9203773508702,0.0,6.384733403913415,75.493,81.87773340391341,0.0881614747870429,9.09851431848334,73.92841626573279,83.02693058421613,0.1259488267061801,11.334005384614386,0.1561614747870408,179.53780363540187,0.0,1.0886503101452685,4.051222968949495,0.0684619918932151,4.695345081848555,0.055541046878678,False,BlueSG,*|MIR|NIR|s*b,11251.825,1773.7327643630538
1075,75.73228,-68.175018,instability_strip,low,0,0,0,0,1,0,0,0,0,0,0,0,14.057715499639064,13.5302822027691,13.53004976636078,0.0,57926.25974599116,3550.672489109522,0.0,57926.25974599116,3650.9816726595905,0.0,57926.25974599116,3746.658239275718,0.0,0.7953648825163562,13.672836110035933,14.468200992552289,0.0612351938950492,1.1397398790918398,13.494847878664409,14.634587757756249,0.0880407686646744,1.361095957900309,0.1051371163480858,974.4086504775852,0.0,0.0124767156384351,3.77657407252164,0.0054975787680261,4.01676471083859,0.0054097076994926,False,,,5978.25,75.67653202942111
1076,76.481297,-67.886337,,,0,0,0,0,0,0,0,0,0,0,0,0,,,,,,,,,,,,,,,,,,,,,,,,,,,3.875020727348344,0.0031384578224129,5.609792435472867,0.006117868200213,False,,,7499.3,54.19418788025151
1077,76.049455,-67.547256,,,0,0,0,0,0,0,0,0,0,0,0,0,,,,,,,,,,,,,,,,,,,,,,,,,,,3.6020599913279625,0.0,3.5774326381939923,0.0406807533923117,False,,,4000.0,0.0
1078,76.06218,-67.251457,,,0,0,0,0,0,0,0,0,0,0,0,0,,,,,,,,,,,,,,,,,,,,,,,,,,,3.925964075161315,0.0708960677714244,4.899213536104482,0.0454086888379435,False,,,8432.65,1376.5814460103695
1079,78.072328,-67.298462,instability_strip,high,0,0,1,0,0,0,0,0,0,0,0,0,23.925355290364323,12.95561160538439,12.952917297601651,0.0,375557.4488120653,2203.3065169030224,0.0,375557.4488120653,2282.560725278254,0.0,375557.4488120653,2358.514238928226,0.0,2.8824583036694342,22.391541696330567,25.274,0.1319462434410727,3.987798020080927,21.72487,25.71266802008093,0.1825586972550308,5.460923931536634,0.2490827023983506,186.97127001969895,0.0,0.8331524337697387,3.680018063249192,0.0081307532439556,4.692019916261385,0.0075242564977353,False,Star,*|MIR|NIR,4786.5,89.61166218746308
1080,78.184431,-67.266029,,,0,0,0,0,0,0,0,0,0,0,0,0,,,,,,,,,,,,,,,,,,,,,,,,,,,3.778153059940215,0.0001809462321558,5.040959967076668,0.0053639402387813,False,,,6000.025,2.499874996874844
1081,75.786776,-66.959686,,,0,0,0,0,0,0,0,0,0,0,0,0,,,,,,,,,,,,,,,,,,,,,,,,,,,4.11697116410516,0.0381513090165999,5.253077953413635,0.0458497195706418,False,,,13090.95,1149.9959119492555
1082,76.365399,-66.6866,,,0,0,0,0,0,0,0,0,0,0,0,0,16.46436766182033,13.358688324135429,13.35863713686214,0.0,85452.52566591953,2180.1428813061093,0.0,85452.52566591953,2258.985268918752,0.0,85452.52566591953,2334.553036153141,0.0,1.0121424708002795,15.977440438519666,16.989582909319946,0.0663628631378614,1.4184165057934504,15.756722514551443,17.175139020344893,0.0935971575709988,1.7809542063166273,0.1168056848580061,1069.3426817824384,0.0,0.1081260686671335,4.0880226255257694,0.0296645469259686,4.041345318366944,0.0339225450343847,False,Star,*|MIR|NIR,12246.8,836.5194319320981
1083,76.561725,-66.67942,,,0,0,0,0,0,0,0,0,0,0,0,0,18.18573416726085,13.163139506066534,13.251037021453314,0.0,7597922.523125779,2146.906562724112,0.0,7597922.523125779,2225.154209371457,0.0,7597922.523125779,2300.164893530064,0.0,28.998567815293512,11.499946848585934,40.49851466387945,1.3670440153988714,32.034641248421835,11.011221250508624,43.04586249893046,1.4798299999999998,34.12611889336212,1.6585370214533146,36.5846882499826,0.0,2.8523803420326543,3.84973872089862,0.0206484371267002,4.439375126045416,0.0414910017382166,False,ClassicalCep,*|cC*|Ce*|MIR|NIR|V*,7075.2,336.3888523717753
1084,75.816335,-66.624954,hot_dim,low,0,0,0,0,1,0,0,0,0,0,0,0,33.485,12.58731049714778,12.588,0.0,213998.84125835513,2186.185652922745,0.0,213998.84125835513,2265.13568358114,0.0,213998.84125835513,2340.8042783562164,0.0,1.9283806133221264,32.58350828540308,34.5118888987252,0.0632808117709586,2.7090140582139526,32.20332028451763,34.91233434273158,0.0880314428354935,3.3592140359419247,0.1090000000000017,1019.6357465808718,0.0,0.0283766100789046,3.880906441372357,0.0128185606009366,4.266849184867708,0.0090246826050616,False,Supergiant,*|MIR|NIR|sg*,7601.625,224.3682450236664
1085,78.390618,-66.571976,instability_strip,high,0,1,0,0,0,0,0,0,0,0,0,0,19.402,13.185821673768352,13.180492926227922,0.0,1289635.906651765,2212.3703122706947,0.0,1289635.906651765,2291.7850741774423,0.0,1289635.906651765,2367.8889762456406,0.0,6.412194017910608,16.09074882096665,22.502942838877257,0.3643385407363571,8.45336106959828,15.115874957416342,23.56923602701462,0.4823810185737578,11.343989091711643,0.6521167698541941,297.69700948776847,0.0,1.5627519848980362,3.7283294283768074,0.0135653602867512,4.165325620711179,0.0267653525026742,False,post-AGB*,*|AB*|IR|MIR|NIR|pA*|pA?,5349.7,167.1
1086,76.061782,-66.539909,hot_dim,low,0,0,0,0,1,0,0,0,0,0,0,0,22.33731996556899,13.027497446189242,13.027633082850896,0.0,109974.81364728342,2185.1785284582347,0.0,109974.81364728342,2264.1106290220137,0.0,109974.81364728342,2339.7624289553623,0.0,1.1735212569560858,21.76112781990923,22.93464907686532,0.0570917292872756,1.628464248086967,21.54975,23.178214248086967,0.0793746105623292,2.083478167374494,0.1007415277114294,1019.4791356327656,0.0,0.0509155410541355,3.914956343519668,0.0160248840841789,4.07470460649861,0.0109112545224607,False,Star,*|MIR|NIR,8221.6,303.36601655426074
1087,75.170337,-66.475151,hot_bright,high,0,1,0,0,0,0,0,0,0,0,0,0,137.46143987874478,11.058239917401297,11.05478329884212,1.0,13364272.151896523,1477.68506509269,0.0,13364272.151896523,1542.792050046423,0.0,13364272.151896523,1605.494844933894,0.0,50.2610634792853,113.53719591836928,163.7982593976546,0.3977000000000004,71.87181028621117,102.49644971378882,174.36826,0.5768381504557958,91.406,0.7639999999999993,744.0357948991327,0.0,6.7988179010007945,3.843660942085272,0.0172838566821307,5.029760892474458,0.0298488460333836,False,Star,*|MIR|NIR,6976.875,277.66253685904405
1088,75.787382,-66.448753,hot_dim,low,0,0,0,0,1,0,0,0,0,0,0,0,29.807,12.713954535588693,12.714235404972104,0.0,124650.6676284467,2168.0571585908597,0.0,124650.6676284467,2246.6838084861515,0.0,124650.6676284467,2322.049497839755,0.0,1.3100076802106422,29.17783210510744,30.487839785318084,0.0475870656098589,1.8900060767198992,28.88514,30.7751460767199,0.0684976117204616,2.310233554399378,0.0847645950278952,970.6556821751622,0.0,0.1694509969050826,3.849069134167764,0.0073105106438541,4.234381654569123,0.0091257041934455,False,YellowSG,*|MIR|NIR|s*y,7064.3,118.91387639800494
1089,76.056509,-66.43293,,,0,0,0,0,0,0,0,0,0,0,0,0,,,,,,,,,,,,,,,,,,,,,,,,,,,3.8085822946444785,0.0178963240285555,4.607974858970295,0.0192726845380016,False,,,6435.5,265.1928543532046
1090,76.062157,-66.431305,,,0,0,0,0,0,0,0,0,0,0,0,0,,,,,,,,,,,,,,,,,,,,,,,,,,,3.859949963364471,0.0144473780224548,4.394689065417673,0.0226792028768211,False,,,7243.525,240.96540078401296
1091,75.843004,-66.369789,instability_strip,low,0,0,0,0,1,0,0,0,0,0,0,0,24.292,12.936409021156187,12.936459915612526,0.0,80067.1149764331,2155.9711948837935,0.0,80067.1149764331,2234.3815006609684,0.0,80067.1149764331,2309.544544440595,0.0,1.1185772029608465,23.75085143577808,24.869428638738928,0.050216033754987,1.613586144876205,23.515011870515913,25.12859801539212,0.0720155079944326,1.913513150607027,0.0850155079944343,283.7497554108387,0.0,0.2108452744914271,3.765204587777161,0.0085070066304894,4.256314399119133,0.0077958008948984,False,Star,*|NIR,5823.775,114.0767258252094
1092,75.45873,-66.130112,hot_bright,high,0,0,1,0,0,0,0,0,0,0,0,0,56.69880478327559,12.015902522509604,12.016358517961338,0.0,294969.17452710547,2174.1000499458314,0.0,294969.17452710547,2252.8346441813105,0.0,294969.17452710547,2328.3014431388683,0.0,2.4550258261914593,55.50179929361776,57.95682511980922,0.0469960424387512,3.380393180260853,55.05323323254705,58.433626412807904,0.0649960424387536,4.111462007269047,0.0779999999999994,2.7713729486787866,0.0,0.6806153809376935,3.8676000541351447,0.0127634204385755,4.497772805837088,0.0086462939347227,False,Star,*|NIR,7372.25,216.66203520690928
1093,79.959579,-66.133827,instability_strip,low,0,0,0,0,1,0,0,0,0,0,0,0,8.345,14.096972333479831,14.096452556533716,0.0,39187.08612042055,2173.0929055597735,0.0,39187.08612042055,2251.809519572553,0.0,39187.08612042055,2327.259476759856,0.0,0.635819278998639,8.032,8.667819278998639,0.0825474434662858,0.9268553198539626,7.8899192779290415,8.816774597783004,0.1205699999999989,1.1691724196990618,0.1522490404246053,1334.2590796895909,0.0,0.0274369458964745,3.696428473886907,0.0070127020821,4.042975019249704,0.0073799127854621,False,EmLine*,*|Em*|NIR,4970.825,80.26561763918595
1094,76.809029,-66.055138,instability_strip,high,0,0,0,1,0,0,0,0,0,0,0,0,79.42868786424148,11.650617133186806,11.649904878757294,0.0,804828.8428306674,2152.9496660631594,0.0,804828.8428306674,2231.3057904596553,0.0,804828.8428306674,2306.418083581367,0.0,4.413531001776278,77.1299100218945,81.54344102367078,0.0600540594671556,6.324854652290568,76.15453348903658,82.47938814132715,0.0868213654710601,7.5886743020829215,0.1039999999999992,337.4635469227823,0.0,0.7007622303319994,3.782777096875722,0.0078236279878385,4.746233226754734,0.0060569915750122,False,Star,*|MIR|NIR,6064.25,109.2448511372504
1095,80.445623,-71.328827,instability_strip,high,0,1,0,0,0,0,0,0,0,0,0,0,44.18338361830681,12.300601975961223,12.287,0.0,3533003.143254623,2248.6241870316912,0.0,3533003.143254623,2328.6778750091344,0.0,3533003.143254623,2405.380252516647,0.0,13.8197944227177,36.36917673674364,50.18897115946134,0.3499615120282957,18.855768510475997,33.310674142110805,52.1664426525868,0.4873694274007416,22.977124190320943,0.6120000000000001,509.3786377689254,0.0,4.002501216425082,3.6280643652760056,0.0028627695138201,5.044166047240299,0.0079965196291236,False,LongPeriodV*,*|IR|LP*|MIR|NIR,4246.825,27.994095359557523
1096,81.230202,-70.270058,,,0,0,0,0,0,0,0,0,0,0,0,0,,,,,,,,,,,,,,,,,,,,,,,,,,,,,,,False,,,,
1097,80.906046,-70.118706,,,0,0,0,0,0,0,0,0,0,0,0,0,,,,,,,,,,,,,,,,,,,,,,,,,,,,,,,False,,,,
1098,82.419476,-70.052818,,,0,0,0,0,0,0,0,0,0,0,0,0,13.935443812144433,13.540374153141206,13.539925812508535,0.0,62452.00605252194,3874.4301909840688,0.0,62452.00605252194,3979.163124441365,0.0,62452.00605252194,4078.983817026164,0.0,0.8322383169316794,13.507808085426111,14.340046402357792,0.0650037385668138,1.193809144403387,13.315257391414956,14.509066535818343,0.092978420657344,1.4537145067188977,0.1140847073722017,269.7749318765023,0.0,0.0682943426791342,,,,,False,,,,
1099,81.283955,-69.895432,,,0,0,0,0,0,0,0,0,0,0,0,0,,,,,,,,,,,,,,,,,,,,,,,,,,,3.8797164712588152,0.030141132531571,4.804595314446478,0.01628080133115,False,,,7580.825,526.1283772759267
1100,80.690377,-69.847679,instability_strip,low,0,0,0,0,1,0,0,0,0,0,0,0,52.68004125578402,12.096050460717684,12.095984800209791,0.0,269403.73272768565,2233.518658229547,0.0,269403.73272768565,2313.3067619919907,0.0,269403.73272768565,2389.76036919613,0.0,2.5016989418331974,51.415788986779894,53.91748792861309,0.0510151997902124,3.5831210913426688,50.89548631916818,54.47860741051085,0.0735739371527,4.786999999999999,0.0990000000000002,428.2502968418599,0.0,0.4244313315398857,3.720634698978914,0.0030967120272737,4.656128655427623,0.0056064712891261,False,YSO_Candidate,*|MIR|NIR|Y*?,5255.75,37.475825541273935
1101,83.923293,-69.854126,hot_bright,low,0,0,0,0,1,0,0,0,0,0,0,0,65.91681726958576,11.852638940463777,11.852507714380076,0.0,545346.4169748059,3876.4408726956112,0.0,545346.4169748059,3981.200689734475,0.0,545346.4169748059,4081.0465667733474,0.0,2.755613730850726,64.54958383284092,67.30519756369165,0.0454695024269202,3.9059772893942863,63.95866271060571,67.86464,0.064493958076941,4.8789720576251625,0.0810000000000013,1123.149782575816,0.0,0.3927471827674638,3.8453941898962,0.0022103153887085,4.548482931067338,0.0056339976582283,False,Supergiant,*|MIR|NIR|Pu*|sg*,7004.775,35.65037692647863
1102,84.104967,-69.692101,instability_strip,high,0,1,0,0,0,0,0,0,0,0,0,0,48.602466693418194,12.179206890128258,12.183601236632487,1.0,3217349.9531404134,3934.7494397152927,0.0,3217349.9531404134,4040.2858541805554,0.0,3217349.9531404134,4140.859246100503,0.0,9.528482148020188,44.44893242843744,53.977414576457626,0.2107286699746815,12.4883924924451,42.91098262246341,55.39937511490851,0.2769342929864287,15.414454599145898,0.3441825760431101,223.14660415494913,0.0,1.4672336934499737,3.792008010019924,0.0152846186970534,4.658464826323753,0.0183315884600766,False,LongPeriodV*,*|LP*|NIR|V*,6194.525,218.0109501263641
1103,83.81932,-69.677345,hot_bright,high,0,0,0,1,0,0,0,0,0,0,0,0,183.3517287692414,10.743180432684772,10.741936287526292,1.0,124871248.49076338,3909.616720500663,0.0,124871248.49076338,4014.819108920596,0.0,124871248.49076338,4115.07958571876,0.0,111.20392300445508,134.00293546099135,245.20685846544643,0.6561087965237409,155.35957684480456,110.579054060657,265.93863090546154,0.9522550474273076,203.01685476969263,1.353868181482481,872.0209803851847,0.0,9.875776781571991,3.908947216043426,0.0088526307701289,5.0361194320289595,0.0059443404256399,False,EmLine*,*|**|Em*|EmO|HV*|MIR|NIR|Ro*|V*,8108.625,165.28569017008095
1104,80.140506,-69.543167,,,0,0,0,0,0,0,0,0,0,0,0,0,86.71549999999999,11.555451183431954,11.555,0.0,280073.34894147323,691.6540249914985,0.0,280073.34894147323,736.5512711356921,0.0,280073.34894147323,780.3298997525301,0.0,6.847750000000005,83.1955,90.04325,0.0860000000000003,9.687000000000012,81.92925,91.61625,0.1212500000000016,12.14,0.1519999999999992,255.6451013542335,1.0,1.7320372859727922,4.070279895227871,0.0099419127382471,4.838196429834308,0.0208560890230822,False,Star,*|MIR|NIR,11756.55,269.13211904193076
1105,82.708743,-69.524811,,,0,0,0,0,0,0,0,0,0,0,0,0,,,,,,,,,,,,,,,,,,,,,,,,,,,3.883080568301169,0.0103765031347915,5.104682988076011,0.008971082528666,False,,,7639.775,182.5354742919852
1106,80.343293,-69.452255,,,0,0,0,0,0,0,0,0,0,0,0,0,,,,,,,,,,,,,,,,,,,,,,,,,,,4.03245052980555,0.0260510625429628,5.0954559291159445,0.0263813715289395,False,,,10775.825,646.3855810389028
1107,81.621463,-69.450912,,,0,0,0,0,0,0,0,0,0,0,0,0,,,,,,,,,,,,,,,,,,,,,,,,,,,3.8712050303979177,0.0065002116871866,5.244349287061328,0.0116371163669189,False,,,7433.7,111.26234762937553
1108,82.55616,-69.437645,,,0,0,0,0,0,0,0,0,0,0,0,0,10.42050641880494,13.79701397374046,13.855289186937242,0.0,2316546.21736828,2727.8048803026295,0.0,2316546.21736828,2815.86347757092,0.0,2316546.21736828,2900.0641712791657,0.0,8.040934812155202,8.408461768275954,16.449396580431156,0.72889051282365,9.162689180114397,8.208330819885605,17.37102,0.8132242190425316,10.158046351870624,0.8916568159723219,23.039174364918168,0.0,0.9462744982463102,3.696319249287245,0.0071495338269715,3.8355673023522994,0.0062099101562266,False,ClassicalCep,*|cC*|Ce*|MIR|NIR|V*|V*?,4969.575,81.81118123459652
1109,82.58725,-69.457428,instability_strip,low,0,0,0,0,1,0,0,0,0,0,0,0,10.568225509743955,13.840176950331394,13.840056593205633,0.0,24960.79703537304,2674.465457560375,0.0,24960.79703537304,2761.6698181140073,0.0,24960.79703537304,2845.0703196231943,0.0,0.5716277520545319,10.278442188537475,10.850069940592007,0.0588596600657176,0.8221085820971901,10.163580467107668,10.985689049204858,0.0845566100086774,1.0201130231960764,0.1052498644555939,110.3813620988997,0.0,0.0991948342505511,3.70330427776318,0.0086467943093717,4.050348021870165,0.0055065882500178,False,,,5050.15,100.54838387562478
1110,84.182111,-69.496521,hot_bright,low,0,0,0,0,0,0,0,1,0,0,0,0,172.13779392638827,10.776395125923662,10.810249892936152,1.0,144966904.9968068,2716.734710647462,0.0,144966904.9968068,2804.61670947355,0.0,144966904.9968068,2888.651977206887,0.0,248.57041872892935,98.51579928789162,347.086218016821,1.3670000000000009,305.996078576581,76.70823142341901,382.70431,1.7449254403746297,399.86730058495,3.564,733.2872073816524,0.0,44.72870553574092,3.8939461455364217,0.0067677049919818,5.055691707351093,0.0085339828151939,False,BlueSG,*|**|Em*|EmO|IR|MIR|NIR|s*b|V*|WR*|Y*?,7833.325,122.06840039502444
1111,84.600885,-69.487045,hot_dim,high,0,0,0,1,0,0,0,0,0,0,0,0,21.183299217901187,13.08557706379489,13.085151558285638,0.0,1263744.6742992569,3933.744139142419,0.0,1263744.6742992569,4039.2672131907975,0.0,1263744.6742992569,4139.828107821372,0.0,4.629478290278755,18.9396441236449,23.569122413923655,0.2370875844788997,6.306537142758785,18.18273902342876,24.489276166187544,0.3235234352868836,8.331224357139469,0.4270128125926575,855.1287042397597,0.0,0.941500088894928,3.824813843999507,0.0084758082757124,4.190128249902052,0.0143374549628664,False,WolfRayet*,*|Be*|Em*|EmO|MIR|NIR|V*|WR*,6680.575,130.37990403049085
1112,84.742052,-69.488762,,,0,0,0,0,0,0,0,0,0,0,0,0,,,,,,,,,,,,,,,,,,,,,,,,,,,3.941216916912811,0.0147224765273017,4.252254575844386,0.0176702716023421,False,,,8734.075,296.0830025094315
1113,84.71284,-69.498001,,,0,0,0,0,0,0,0,0,0,0,0,0,,,,,,,,,,,,,,,,,,,,,,,,,,,3.863242537960223,0.0086986312071677,5.1009001448052915,0.0068113830038939,False,,,7298.65,146.18713178662478
1114,84.018773,-69.402321,,,0,0,0,0,0,0,0,0,0,0,0,0,,,,,,,,,,,,,,,,,,,,,,,,,,,3.9963573213368258,0.0633536875185152,5.205379107977708,0.0532745954957094,False,,,9916.475,1446.588166817011
1115,84.111621,-69.397614,instability_strip,high,0,1,0,0,0,0,0,0,0,0,0,0,101.70162716736294,11.363652655932247,11.381912354042234,1.0,39976374.1947505,3914.643298576054,0.0,39976374.1947505,4019.912578352785,0.0,39976374.1947505,4120.235718853655,0.0,44.92562537316377,85.70236781151303,130.6279931846768,0.4572920654647223,57.266447071514534,80.11245292848545,137.3789,0.58616310599907,80.54420461027537,0.8879999999999999,1195.5489435987283,0.0,3.0943664292785167,3.703553595609428,0.0087851949323414,5.253067323804229,0.0085468955933167,False,YellowSG,*|LP*|LP?|MIR|NIR|s*y|V*,5053.05,102.21642480540982
1116,84.350933,-69.432236,hot_bright,low,0,0,0,0,1,0,0,0,0,0,0,0,52.870749877233145,12.091819216354462,12.092014140047212,0.0,458420.01114719926,3899.563512768732,0.0,458420.01114719926,4004.631988668548,0.0,458420.01114719926,4104.767016496155,0.0,3.0781818984924314,51.39598038516721,54.474162283659645,0.0630000000000006,4.296455616335223,50.84034053661816,55.13679615295339,0.0883148878698332,5.373827602860338,0.1099895709105602,981.8414491432964,0.0,0.1656647625044111,3.942453286774314,0.0676432882613014,4.4684385170328955,0.0509168749756469,False,Star,*|MIR|NIR,8758.975,1364.2491339102987
1117,82.594033,-69.327492,hot_bright,high,0,1,0,0,0,0,0,0,0,0,0,0,204.633,10.627526184538656,10.623,0.0,4210728.47543712,819.1900850313361,0.0,4210728.47543712,867.9525230454398,0.0,4210728.47543712,915.3497476196266,0.0,43.26174999999998,181.38685,224.6486,0.2329499999999988,60.01607999999999,170.27287,230.28895,0.3279700000000005,76.18100000000001,0.4079999999999995,618.7263451114867,0.0,7.315775159714799,3.93560172215928,0.0602213377346227,5.022338961009461,0.0411087886254844,False,EmLine*,*|Em*|EmO|MIR|NIR|V*,8621.875,1195.5501806176935
1118,84.962987,-69.277687,,,0,0,0,0,0,0,0,0,0,0,0,0,31.749,12.645739386330048,12.645599831772142,0.0,211968.17425522563,3898.558188205083,0.0,211968.17425522563,4003.613263314019,0.0,211968.17425522563,4103.735737311327,0.0,1.508452096710485,31.013114614210537,32.52156671092102,0.0516403840804073,2.13771090119495,30.688927775001645,32.826638676196595,0.0732205858336545,2.7239999999999966,0.0933733483048211,21.23369957769376,0.0,0.3328826280896206,4.037958083603282,0.0198940833814262,4.300031566268417,0.025831865799845,False,Star,*|MIR|NIR,10913.35,499.9167705728625
1119,81.396657,-69.226074,hot_dim,low,0,0,0,0,1,0,0,0,0,0,0,0,50.83476982008275,12.134535694970213,12.134420565479523,0.0,264611.67604633956,2215.391548136128,0.0,264611.67604633956,2294.8597542675075,0.0,264611.67604633956,2371.0137168874007,0.0,2.49128531120612,49.64571468879388,52.137,0.0530922580914623,3.508406520638353,49.14892990299233,52.65733642363068,0.0747917117163687,4.142000000000003,0.0884205654795238,166.4203851700346,0.0,0.4264312663688268,3.879292328932864,0.0169775173938102,4.365406298652341,0.007381755237881,False,Star,*|MIR|NIR,7573.425,296.0616817067011
1120,82.116361,-69.215927,instability_strip,high,0,1,0,0,0,0,0,0,0,0,0,0,83.83663185074099,11.571536613595097,11.591402231341142,1.0,12595096.753375346,2190.2141342661084,0.0,12595096.753375346,2269.2358437474727,0.0,12595096.753375346,2344.971578986242,0.0,50.50213237174157,64.4472148305966,114.94934720233816,0.628996272036316,62.03420632718638,59.14240935943383,121.1766156866202,0.7785586611953175,80.48254263958873,1.1296014966225414,430.61902257972906,0.0,17.20141677785828,3.740713931137363,0.0037155365137592,5.105121934634379,0.008208514532886,False,YellowSG,*|LP*|LP?|MIR|NIR|s?r|s*y|V*,5504.45,47.09243569831571
1121,83.923707,-69.198441,,,0,0,0,0,0,0,0,0,0,0,0,0,35.54716171363278,12.523364652506393,12.523114931114744,0.0,243092.69023715804,3907.606084461247,0.0,243092.69023715804,4012.7817042357183,0.0,243092.69023715804,4113.017104218453,0.0,1.8346563263528068,34.616426508369834,36.45108283472264,0.0562445121388091,2.5534358932883023,34.242224106711696,36.79566,0.0783467239785533,3.3844116550375674,0.1029999999999997,252.19779919922007,0.0,0.2772225233574353,3.792165727546741,0.0075273718769585,3.998817700808103,0.0135582369373469,False,BlueSG,*|s*b,6196.775,107.40507145847444
1122,83.99922,-69.189514,,,0,0,0,0,0,0,0,0,0,0,0,0,14.271341478509628,13.515097926446144,13.514017299325634,0.0,271484.0173083124,3838.237441481397,0.0,271484.0173083124,3942.485265812977,0.0,271484.0173083124,4041.851510056269,0.0,2.4210126859270105,13.116,15.53701268592701,0.1839516517526469,3.457100784302789,12.6079,16.06500078430279,0.2622415662165469,4.142883329636671,0.3179827006743689,1.5014791151234488,0.0,0.7284512062852062,3.8540417402751497,0.007492798305256,3.9698814726222422,0.0065694436910789,False,WolfRayet*,*|MIR|NIR|WR*,7145.65,123.28251092511054
1123,84.229869,-69.193794,hot_bright,low,0,0,0,0,1,0,0,0,0,0,0,0,83.88628848503409,11.59027867640846,11.590846087138813,1.0,1271903.7592728531,3542.627814813564,0.0,1271903.7592728531,3642.824563220791,0.0,1271903.7592728531,3738.395802470413,0.0,5.600178809337308,81.2385324017144,86.8387112110517,0.0725360022109811,7.804381396991005,80.3805634244417,88.18494482143271,0.1002786461554308,9.938855168858623,0.1283886123291111,84.05318913890873,0.0,1.1912277049919535,3.860668842873513,0.0109578051983043,4.510753065379818,0.0071664568002308,False,**,*|**|Em*|MIR|NIR|WR*,7255.525,183.0661748521555
1124,84.908046,-69.196167,instability_strip,low,0,0,0,0,1,0,0,0,0,0,0,0,48.48545205771303,12.186355538502683,12.186013105526834,0.0,373172.815377122,3895.5422103715887,0.0,373172.815377122,4000.5570726829633,0.0,373172.815377122,4100.641875426341,0.0,2.093601724034066,47.410020838874594,49.50362256290866,0.0472616286611078,2.901834178232896,46.97501768599478,49.876851864227675,0.0651173929598911,3.886005292723219,0.0869999999999997,486.31546502273983,0.0,0.2702711956742216,3.732242936941819,0.0116975867141686,4.369345070533145,0.0072178991044678,False,Star,*|IR|NIR,5398.125,145.39681693558495
1125,82.126885,-69.136475,,,0,0,0,0,0,0,0,0,0,0,0,0,88.835,11.529161266918114,11.528710702101383,0.0,1588667.7778876394,2224.4551683822574,0.0,1588667.7778876394,2304.083487389615,0.0,1588667.7778876394,2380.387425893005,0.0,9.86383163817446,83.88980008236415,93.7536317205386,0.1207974914709666,13.68060045750397,81.72698360539523,95.4075840628992,0.1677675506270866,17.709062079948254,0.2169999999999987,21.01510884175301,0.0,2.781412497462842,4.029652591758841,0.0371941644071817,4.64757484267554,0.036346144676265,False,Star,*|NIR,10706.625,916.9445781370868
1126,82.635222,-69.153328,,,0,0,0,0,0,0,0,0,0,0,0,0,,,,,,,,,,,,,,,,,,,,,,,,,,,3.864671242109896,0.0083326560031735,4.945649666984269,0.0073014699295473,False,,,7322.7,140.49807827867255
1127,84.071263,-69.184341,,,0,0,0,0,0,0,0,0,0,0,0,0,56.73729151350487,12.015912482488392,12.01559235146422,0.0,767239.653551217,3909.616720500663,0.0,767239.653551217,4014.819108920596,0.0,767239.653551217,4115.07958571876,0.0,4.217230915967171,54.5966147731109,58.81384568907807,0.0810000000000013,6.1552608520402785,53.59457884292728,59.74983969496756,0.1182609515974544,7.515999999999998,0.1439999999999983,326.90473264928136,0.0,0.5110892589971551,4.049090042047978,0.0175102661411508,4.6059650322460035,0.0178354604065447,False,BlueSG,*|MIR|NIR|s*b,11196.7,451.43837896217906
1128,84.179477,-69.148239,hot_bright,low,0,0,0,0,1,0,0,0,0,0,0,0,76.80670168045793,11.687107916665946,11.686391387454314,0.0,1048930.3514216505,3528.5495118798954,0.0,1048930.3514216505,3628.549189468055,0.0,1048930.3514216505,3723.935816159517,0.0,4.7543038960075705,74.38419610399242,79.1385,0.0672468279634799,6.833765815400284,73.34331366980814,80.17707948520842,0.0963089267867154,8.496730868744052,0.1197678591258704,1094.559906841727,0.0,0.1633329149475204,3.808885867359812,0.0082351909241764,4.696903185816767,0.0051502366309952,False,Supergiant,*|MIR|NIR|sg*,6440.0,122.11674741819812
1129,84.29194,-69.145271,,,0,0,0,0,0,0,0,0,0,0,0,0,16.12514755089888,13.381124564224022,13.38124066121977,0.0,74555.8102762747,3865.382088762052,0.0,74555.8102762747,3969.993959230928,0.0,74555.8102762747,4069.701240416805,0.0,0.9759723686783168,15.6608208909356,16.636793259613917,0.0654928468821367,1.4149344307076923,15.442856155997712,16.857790586705406,0.0952436907532821,1.667913318460398,0.1124906575971511,1060.102568615444,0.0,0.0180979053458817,3.9039008174210648,0.0513971158613977,3.93810832678734,0.0209730371433496,False,BlueSG,*|IR|NIR|s*b,8014.95,948.5391386231778
1130,84.715095,-69.13533,hot_bright,high,0,1,0,0,0,0,0,0,0,0,0,0,101.5317168623687,11.38304732398512,11.383739034364703,1.0,5145414.469147625,3247.95494325406,0.0,5145414.469147625,3343.94146064791,0.0,5145414.469147625,3435.568656235274,0.0,18.732949215637618,92.67143622656648,111.4043854422041,0.2000021121357846,24.12969987616935,90.4616448975999,114.59134477376924,0.2568428123120601,31.51283274959998,0.3300697035727467,327.5235815592133,0.0,2.8068855734977425,3.861417906342299,0.0314553001994363,4.689891504793901,0.0172997471311605,False,YellowSG,*|IR|MIR|NIR|s*y|Y*?,7268.05,526.413998199136
1131,82.074104,-69.071808,hot_bright,high,0,1,0,0,0,0,0,0,0,0,0,0,95.609,11.448228395061728,11.449,0.0,601002.1508236234,827.2833769128857,0.0,601002.1508236234,876.2805702100013,0.0,601002.1508236234,923.897587590822,0.0,9.582399999999993,91.29135,100.87375,0.1085500000000028,13.075599999999994,89.39157,102.46717,0.1478199999999994,15.158999999999992,0.1719999999999988,75.66697639015175,0.0,2.4027733717587823,3.8326414161745586,0.006874923434213,4.742366124425925,0.0055673249152817,False,Variable*,*|MIR|NIR|V*,6802.075,107.677501712289
1132,82.471529,-69.122398,,,0,0,0,0,0,0,0,0,0,0,0,0,58.54474411890662,11.978315595410717,11.981132413974258,1.0,8443098.73779796,2247.617162904893,0.0,8443098.73779796,2327.6531732659732,0.0,8443098.73779796,2404.338992298125,0.0,30.78188405578411,46.81586620925196,77.59775026503607,0.5480796179694014,39.96567204324055,44.28408796224202,84.24976000548257,0.6982748034289461,47.99723288786825,0.8367407270228213,750.457289005036,0.0,4.074191758123874,4.117398913068271,0.0510702872577757,4.529344278421965,0.0671157504638137,False,EmLine*,*|Em*|EmO|MIR|NIR,13103.85,1540.9299716405026
1133,82.856436,-69.094009,,,0,0,0,0,0,0,0,0,0,0,0,0,73.660505931365,11.73105639173334,11.732,0.0,1691907.5498904632,2701.6387924631213,0.0,1691907.5498904632,2789.279390695576,0.0,1691907.5498904632,2873.0885302396437,0.0,7.782241271094037,69.99343108218942,77.77567235328345,0.1146303021073862,11.031517334306969,68.50641768362027,79.53793501792724,0.1621084692577685,14.01125392886982,0.2064053975084725,105.27426706179128,0.0,1.1675454205136198,4.013609202882486,0.0211251767075571,4.641232740887457,0.029334480031127,False,WolfRayet*,*|Em*|EmO|IR|MIR|NIR|WR*|Y*?,10318.325,501.9092989525099
1134,83.418096,-69.116096,,,0,0,0,0,0,0,0,0,0,0,0,0,41.81994545752969,12.34639735101926,12.346750392793648,0.0,341093.7517057121,3899.563512768732,0.0,341093.7517057121,4004.631988668548,0.0,341093.7517057121,4104.767016496155,0.0,2.0233581558412723,40.83986387886706,42.86322203470833,0.0525338887162316,2.905210994566346,40.38041856553085,43.2856295600972,0.0754992880064833,3.522408308906087,0.0917629781715181,380.98285246789214,0.0,0.0963399493291843,4.0687154151487155,0.0408775845728366,4.269350663898662,0.0312257593499724,False,Star,*|MIR|NIR,11714.275,1102.59578920609
1135,84.089472,-69.113281,hot_bright,low,0,0,0,0,1,0,0,0,0,0,0,0,80.86042136540667,11.630778874596414,11.630574723709891,0.0,1310994.2180316532,3897.5528629511887,0.0,1310994.2180316532,4002.594535532208,0.0,1310994.2180316532,4102.704454072467,0.0,5.264591268301942,78.26908832051052,83.53367958881246,0.0707665309894824,7.287163227555808,77.36878350626185,84.65594673381766,0.0976797800739284,8.963999999999999,0.120000000000001,1007.2916598695132,0.0,0.0461278878966479,3.955356973818309,0.0604509226808926,4.611860241727637,0.0502142497518296,False,EmLine*,*|Em*|MIR|NIR,9023.125,1255.959388027734
1136,84.454298,-69.085632,,,0,0,0,0,0,0,0,0,0,0,0,0,97.75840665362314,11.421614692110262,11.42475942063288,1.0,2865732.035801097,3551.6780698165967,0.0,2865732.035801097,3652.001298750602,0.0,2865732.035801097,3747.6910228509887,0.0,10.792525010557496,93.49844896278992,104.2909739733474,0.1186308937754088,14.334925922275133,91.67113270870742,106.00605863098257,0.1582151346506872,17.65977977232494,0.1965408875881298,1253.0083879131057,0.0,0.0339323272798353,4.090807188679667,0.0583920408756752,4.811739465532635,0.0444468303482725,False,WolfRayet*,*|Em*|MIR|NIR|SB*|V*|WR*|X,12325.575,1657.2061336402903
1137,84.539893,-69.105934,,,0,0,0,0,0,0,0,0,0,0,0,0,,,,,,,,,,,,,,,,,,,,,,,,,,,3.8129100159032223,0.0017834706546274,5.209570098010375,0.0058267316857987,False,,,6499.95,26.69264880074662
1138,84.564034,-69.067642,hot_dim,medium,0,0,0,0,1,0,0,0,0,0,0,0,96.89065156933582,11.43459127495898,11.434246030849938,1.0,738696.1371848504,3871.414163190536,0.0,738696.1371848504,3976.106758123462,0.0,738696.1371848504,4075.8896617101946,0.0,5.104070137219622,94.32759616087604,99.43166629809564,0.05706540259213,7.309975498285539,93.32469457591822,100.63467007420375,0.082103675006687,9.049595565841685,0.1011036750066907,318.97517734114405,0.0,0.6591146247398488,3.993604845110678,0.0847066915528981,4.384671121175278,0.0468978247161427,False,Star,*|IR|NIR,9853.825,1921.933042375566
1139,84.654044,-69.085487,,,0,0,0,0,0,0,0,0,0,0,0,0,,,,,,,,,,,,,,,,,,,,,,,,,,,3.8718078229949753,0.0061702839164321,4.445044545358721,0.0074016737623356,False,,,7444.025,105.76175762060689
1140,84.65058,-69.099403,,,0,0,0,0,0,0,0,0,0,0,0,0,,,,,,,,,,,,,,,,,,,,,,,,,,,3.81837767215092,0.0103356293792019,4.600162337544987,0.0051216747005905,False,,,6582.3,156.64996010213343
1141,84.678093,-69.095123,,,0,0,0,0,0,0,0,0,0,0,0,0,,,,,,,,,,,,,,,,,,,,,,,,,,,3.8489922806738255,0.0067391211323974,4.55096794903639,0.0071560452487343,False,,,7063.05,109.6001710765088
1142,84.668894,-69.099213,,,0,0,0,0,0,0,0,0,0,0,0,0,,,,,,,,,,,,,,,,,,,,,,,,,,,3.814703631859321,0.0084341703034225,4.2484210166404335,0.0071291352712794,False,,,6526.85,126.75400388153425
1143,84.676472,-69.082802,,,0,0,0,0,0,0,0,0,0,0,0,0,,,,,,,,,,,,,,,,,,,,,,,,,,,3.8804791710930746,0.0166286702896907,4.4818278063634365,0.0105208112102679,False,,,7594.15,290.7718650419947
1144,84.673399,-69.087212,,,0,0,0,0,0,0,0,0,0,0,0,0,,,,,,,,,,,,,,,,,,,,,,,,,,,3.8945112851327703,0.0069839141884885,4.434474590974183,0.007426678139336,False,,,7843.525,126.13217026199146
1145,84.671604,-69.086929,,,0,0,0,0,0,0,0,0,0,0,0,0,,,,,,,,,,,,,,,,,,,,,,,,,,,,,,,False,,,,
1146,84.684357,-69.101624,,,0,0,0,0,0,0,0,0,0,0,0,0,,,,,,,,,,,,,,,,,,,,,,,,,,,3.875599454939418,0.0092807268370281,4.102019059019274,0.0062904207933744,False,,,7509.3,160.47121237156526
1147,84.674554,-69.103889,,,0,0,0,0,0,0,0,0,0,0,0,0,274.45429714326525,10.304546987126818,10.304004103130946,1.0,102754614.40629771,3881.467564795847,0.0,102754614.40629771,3986.29456014056,0.0,102754614.40629771,4086.20336961249,0.0,239.15331001323645,168.79727926630292,407.9505892795394,0.9580542274338876,323.13652127118826,141.80376382021498,464.94028509140327,1.289273920561289,440.55390141046286,2.3642748592226788,750.4416291326593,0.0,29.816266557083967,,,,,False,WolfRayet*,*|IR|MIR|WR*,,
1148,84.680012,-69.104057,,,0,0,0,0,0,0,0,0,0,0,0,0,,,,,,,,,,,,,,,,,,,,,,,,,,,3.919129105900321,0.0136324859640342,3.960103065710421,0.0078766117753664,False,,,8300.975,260.5672645882441
1149,84.663114,-69.105888,,,0,0,0,0,0,0,0,0,0,0,0,0,,,,,,,,,,,,,,,,,,,,,,,,,,,4.020276321695826,0.0650174177681288,4.394787854680751,0.0484265914107032,False,,,10477.95,1568.6343734280465
1150,84.649854,-69.102509,,,0,0,0,0,0,0,0,0,0,0,0,0,,,,,,,,,,,,,,,,,,,,,,,,,,,3.837361131647953,0.0114727426534287,4.065751040455989,0.0062372501018014,False,,,6876.4,181.65362644329457
1151,84.689769,-69.096565,,,0,0,0,0,0,0,0,0,0,0,0,0,,,,,,,,,,,,,,,,,,,,,,,,,,,3.878550517731428,0.0240189424726027,4.273460271396693,0.0070091676305586,False,,,7560.5,418.1384340143824
1152,84.737775,-69.10154,hot_dim,high,0,0,1,0,0,0,0,0,0,0,0,0,78.553,11.661263139874908,11.66215915340401,0.0,571819.7208812411,3858.3446367777383,0.0,571819.7208812411,3962.86224863441,0.0,571819.7208812411,4062.481228699192,0.0,4.611649337267494,76.48867272458114,81.10032206184863,0.0638870699005895,6.626524311865367,75.40928373360524,82.0358080454706,0.0912616434927624,7.974000000000004,0.1101654744950408,159.0874985050278,0.0,0.7109473228917457,3.9094731202875503,0.0301733456189635,4.525962234009289,0.0114195740342073,False,WolfRayet*,*|Em*|IR|MIR|NIR|WR*|X,8118.45,564.0430812446865
1153,84.692281,-69.104744,,,0,0,0,0,0,0,0,0,0,0,0,0,168.78524126663945,10.801853709013836,10.831557093419782,1.0,85884610.21037614,3739.708055874679,0.0,85884610.21037614,3842.623531405704,0.0,85884610.21037614,3940.741639961871,0.0,104.7557600643956,136.54876303205148,241.30452309644707,0.6187824793789467,127.73370320459532,130.16412331950625,257.89782652410156,0.7427824793789473,172.92556266445615,1.1519008010545375,751.1394778433594,0.0,6.700368879699615,3.9091105420220353,0.0131523455594687,3.775679462050945,0.0076272387701046,False,,,8111.675,245.65716837698835
1154,84.690442,-69.106178,,,0,0,0,0,0,0,0,0,0,0,0,0,167.6724548021839,10.81797521673361,10.83866485905914,1.0,72114846.86470912,3812.0976646687086,0.0,72114846.86470912,3915.993700902553,0.0,72114846.86470912,4015.030391844365,0.0,91.94179735377811,137.0512,228.99299735377812,0.5574487096849197,110.2208769084877,132.84287497781995,243.06375188630764,0.6556585883068529,146.75315238231016,0.9584008225390246,743.5415217904921,0.0,12.138126466383016,4.110411242568554,0.0199207590677262,4.585589404673702,0.0240330589456857,False,BlueSG,*|Be?|IR|MIR|NIR|s*b|X,12894.7,591.4701260418822
1155,84.769867,-69.069397,,,0,0,0,0,0,0,0,0,0,0,0,0,62.66071879457539,11.907185738312954,11.907546382125876,0.0,303773.75669399963,3872.4195064855735,0.0,303773.75669399963,3977.125549347807,0.0,303773.75669399963,4076.9210509103455,0.0,2.6578790914949124,61.42570023853842,64.08357933003333,0.0457289306629249,3.779395857624273,60.772330689440174,64.55172654706445,0.065667884757385,4.762619239610778,0.0822901626105938,1060.6934616478452,0.0,0.2511073528089755,4.0747689142378345,0.0770807134283051,4.334405830195809,0.0597792793204835,False,BlueSG,*|IR|MIR|NIR|s*b,11878.7,2108.2899017924456
1156,81.973408,-69.032906,,,0,0,0,0,0,0,0,0,0,0,0,0,,,,,,,,,,,,,,,,,,,,,,,,,,,4.009817256874664,0.0594088499733211,5.032199960684329,0.0487206435288174,False,,,10228.625,1399.213836186235
1157,81.963349,-69.015373,,,0,0,0,0,0,0,0,0,0,0,0,0,,,,,,,,,,,,,,,,,,,,,,,,,,,3.845046852290982,0.0017882383971009,4.983763106337693,0.0060925033074848,False,,,6999.175,28.81960053505253
1158,81.967294,-69.006363,,,0,0,0,0,0,0,0,0,0,0,0,0,,,,,,,,,,,,,,,,,,,,,,,,,,,3.77816391712131,0.0016682354566605,5.033157187215081,0.0053565017548533,False,,,6000.175,23.048196784130425
1159,82.714471,-69.049652,,,0,0,0,0,0,0,0,0,0,0,0,0,,,,,,,,,,,,,,,,,,,,,,,,,,,3.882311038000444,0.0218829608823112,5.034438219014487,0.0060450484661665,False,,,7626.25,384.2667530505339
1160,83.600928,-69.008636,hot_dim,low,0,0,0,0,1,0,0,0,0,0,0,0,45.8914457591477,12.246013099636752,12.245767813222011,0.0,593598.6582245035,3899.563512768732,0.0,593598.6582245035,4004.631988668548,0.0,593598.6582245035,4104.767016496155,0.0,2.943375680457528,44.40201507340182,47.34539075385935,0.0695529292430379,4.253737976739863,43.68018202326014,47.93392,0.1007675728410717,5.174891999076159,0.1222089901070155,1062.9586155867771,0.0,0.1472041477471448,3.91021739661083,0.0629023792292329,4.378143180043406,0.0376451736559541,False,Star,*|MIR|NIR,8132.375,1177.8775867529698
1161,84.015786,-69.025024,hot_dim,medium,0,0,0,0,1,0,0,0,0,0,0,0,28.603261798952296,12.75939172731182,12.75924289054119,0.0,425423.03126367275,3909.616720500663,0.0,425423.03126367275,4014.819108920596,0.0,425423.03126367275,4115.07958571876,0.0,2.356052850557063,27.419109384066314,29.775162234623377,0.0897042408601276,3.3204973429186957,26.913432657081305,30.23393,0.1260288758492951,4.256780767751582,0.1618403256393072,326.90473264928136,0.0,0.2311815610106834,3.860011414156891,0.027591130666843,4.220482590307643,0.008261146508418,False,Star,*|MIR|NIR,7244.55,460.25297120170774
1162,84.551407,-69.01593,,,0,0,0,0,0,0,0,0,0,0,0,0,45.023996768757826,12.26622901700158,12.266454075154174,0.0,529194.6210361389,3894.536883045346,0.0,529194.6210361389,3999.5383376136383,0.0,529194.6210361389,4099.610580015918,0.0,3.049355374397024,43.52891662426017,46.57827199865719,0.0738546399072728,4.3151787127354595,42.914486470949086,47.229665183684546,0.1039451279601806,5.297838562661688,0.128090488052905,751.7301000035155,0.0,0.0909661773780959,4.040008636013542,0.0209081178712403,4.452695241153453,0.0223841119159236,False,BlueSG,*|IR|NIR|s*b,10965.0,527.8849306430333
1163,84.722448,-69.033546,,,0,0,0,0,0,0,0,0,0,0,0,0,,,,,,,,,,,,,,,,,,,,,,,,,,,3.961569393361693,0.0300950302101388,4.896754299290943,0.0228901394474537,False,,,9153.125,634.2783177556994
1164,81.969442,-68.985672,,,0,0,0,0,0,0,0,0,0,0,0,0,148.84678293816688,10.946308644886924,10.96842839944534,1.0,39850504.373018675,2044.1642317352464,0.0,39850504.373018675,2120.5436654517775,0.0,39850504.373018675,2193.8044442945256,0.0,131.438123101779,105.74231467398948,237.18043777576847,0.8767515978562201,166.7851114162361,90.08933905663204,256.87445047286815,1.1376999999999988,242.64428488236337,2.2558026005172263,867.8543224580803,0.0,12.2612055589698,4.146128035678238,0.0,5.035519220403892,0.0120043551924086,False,WolfRayet*,*|Em*|EmO|MIR|NIR|Ro*|V*|V*?|WR*,14000.0,0.0
1165,81.939353,-68.985687,,,0,0,0,0,0,0,0,0,0,0,0,0,,,,,,,,,,,,,,,,,,,,,,,,,,,,,,,False,,,,
1166,82.091541,-68.996727,hot_bright,high,0,0,1,0,0,0,0,0,0,0,0,0,87.61037299810098,11.54311781912656,11.5436942279284,0.0,334505.17856468866,1500.8838794880294,0.0,334505.17856468866,1566.491199948604,0.0,334505.17856468866,1629.6625914487813,0.0,3.92752152010533,85.79187847989466,89.7194,0.0486942279284008,5.577806304775777,85.05511369522422,90.63292,0.0690000000000008,6.775000000000006,0.0839999999999996,316.30440160868585,0.0,0.6909528968007391,3.815667387016398,0.0067225737085107,4.717030231925615,0.0056054346984767,False,YellowSG,*|MIR|NIR|s*y,6541.35,101.2555060231294
1167,82.218854,-68.991371,hot_bright,high,0,0,1,0,0,0,0,0,0,0,0,0,98.29871964197334,11.412952426114474,11.418490223591022,1.0,1463771.014725427,1862.806821415604,0.0,1463771.014725427,1935.770103396513,0.0,1463771.014725427,2005.8311310928857,0.0,10.361285971570569,94.94777228912687,105.30905826069744,0.1122832066107726,13.392184087602772,93.99380534737682,107.3859894349796,0.1449332066107747,15.37333017345135,0.1667929830197536,1306.9635953617749,0.0,0.3657727071915957,3.8375142609685606,0.0079291275424295,4.6728388134906655,0.0067073701612437,False,Star,*|MIR|NIR,6878.825,125.59008470018644
1168,82.233151,-68.983459,hot_dim,low,0,0,0,0,1,0,0,0,0,0,0,0,51.519216441620735,12.120552623319274,12.12,0.0,133217.44350128967,2204.313611795229,0.0,133217.44350128967,2283.585675852916,0.0,133217.44350128967,2359.5559146816177,0.0,1.7611976136751366,50.6134,52.374597613675135,0.0369999999999972,2.632203211843027,50.204796788156976,52.837,0.0550810193588606,3.049999999999997,0.0643116129186882,1022.437992499261,0.0,0.0295050178276662,3.8641549560020256,0.0095798365001287,4.371644557520645,0.0062779974780887,False,Star,*|MIR|NIR,7314.0,161.33505508723144
1169,82.036095,-68.92878,RSG,medium,0,0,0,0,1,0,0,0,0,0,0,0,7.327426936303787,14.238145862731187,14.23760682808068,0.0,28783.620926243424,2217.405697278823,0.0,28783.620926243424,2296.9095125090557,0.0,28783.620926243424,2373.0968297466734,0.0,0.6792270502525088,6.98735,7.666577050252509,0.1007876101717606,0.9618641752150108,6.8352364433616355,7.797100618576646,0.1425573598923861,1.18264886462456,0.1760000000000019,516.5285949340617,0.0,0.0510235442968237,3.648464912146311,0.0098057793175487,4.273466654011965,0.0077029139355422,False,Star,*|MIR|NIR,4451.075,100.4992257432862
1170,82.130734,-68.898819,,,0,0,0,0,0,0,0,0,0,0,0,0,,,,,,,,,,,,,,,,,,,,,,,,,,,4.037228231126523,0.034321882039244,5.060265685088223,0.0306291568205017,False,,,10895.025,861.0235184796056
1171,84.041992,-68.928085,,,0,0,0,0,0,0,0,0,0,0,0,0,,,,,,,,,,,,,,,,,,,,,,,,,,,3.8055807093485567,0.0087321552737267,5.162197810628191,0.0052381446330904,False,,,6391.175,128.50435547093335
1172,84.134891,-68.900429,,,0,0,0,0,0,0,0,0,0,0,0,0,,,,,,,,,,,,,,,,,,,,,,,,,,,3.8225358312211184,0.0106432185096351,5.148061206626991,0.0057619901853498,False,,,6645.625,162.86377551499905
1173,80.220844,-68.8256,,,0,0,0,0,0,0,0,0,0,0,0,0,2.115,15.586743666530351,15.587,0.0,6731.330287239371,2144.8921813691677,0.0,6731.330287239371,2223.1036346078326,0.0,6731.330287239371,2298.080417133772,0.0,0.3084034611599748,1.9645185586567613,2.272922019816736,0.1585655271649972,0.4481922989612004,1.8948271022474827,2.343019401208683,0.2299075974536641,0.5414229685702316,0.2799999999999976,336.4723299374293,1.0,0.0177946732444664,3.6020599913279625,0.0,2.867334378244324,0.0157799841013989,False,LongPeriodV*,*|LP*|NIR,4000.0,0.0
1174,81.645346,-68.868721,hot_bright,high,0,1,0,0,0,0,0,0,0,0,0,0,217.892,10.568237139272272,10.554000000000002,0.0,4057368.6361191217,814.1315406602546,0.0,4057368.6361191217,862.7466606379361,0.0,4057368.6361191217,910.0059575032463,0.0,49.385399999999976,187.5366,236.922,0.2531999999999996,63.00752,181.2012,244.20872,0.3240400000000019,74.85,0.3859999999999992,668.3527720699121,0.0,5.650078600116992,3.8741134679483498,0.0037587722657341,5.07232834335496,0.006662450357378,False,Supergiant,*|MIR|NIR|sg*,7483.65,64.77018990245435
1175,81.688791,-68.831322,,,0,0,0,0,0,0,0,0,0,0,0,0,,,,,,,,,,,,,,,,,,,,,,,,,,,4.024850846911755,0.016515344684782,5.431489314649614,0.0241089894948635,False,,,10588.9,402.6745460045867
1176,83.585317,-68.855721,hot_dim,low,0,0,0,0,1,0,0,0,0,0,0,0,18.98314375815474,13.2042141855502,13.20402058514859,0.0,62608.60666057555,3849.296433732309,0.0,62608.60666057555,3953.692728873866,0.0,62608.60666057555,4053.198059923358,0.0,0.801753532865277,18.582414160459688,19.384167693324965,0.0455147715589117,1.1262958320040433,18.401893182648656,19.5281890146527,0.0649033179066673,1.381928245120772,0.0799794148514116,259.20320274109554,0.0,0.0671291128498162,3.853841128318856,0.0181958982082733,4.132679540482546,0.0092529060936751,False,,,7142.35,299.24735170089644
1177,81.997478,-68.811134,hot_dim,low,0,0,0,0,1,0,0,0,0,0,0,0,52.56126891884414,12.09846068480084,12.098210453677725,0.0,124609.9625150692,2186.185652922745,0.0,124609.9625150692,2265.13568358114,0.0,124609.9625150692,2340.8042783562164,0.0,1.548074513167009,51.7765685268254,53.32464303999241,0.0320547657213108,2.3075952599944713,51.38038516698288,53.687980426977354,0.0475885228634602,2.690435529118332,0.0552652193990361,370.8853189127164,0.0,0.2223827375264131,3.870879203408274,0.0125960791740941,4.264349181215574,0.0069957973620779,False,Star,*|NIR,7428.125,215.4419512885083
1178,82.01141,-68.811485,hot_dim,low,0,0,0,0,1,0,0,0,0,0,0,0,78.8346251737402,11.65829805271648,11.6586050043645,0.0,192622.68324510145,2194.242589241021,0.0,192622.68324510145,2273.3359111950153,0.0,192622.68324510145,2349.138724781879,0.0,2.0973354463743874,77.82146455362562,79.9188,0.0289999999999999,3.0369492564286844,77.34631623574792,80.3832654921766,0.0413142779480004,3.4683547924592943,0.0480964763767808,371.9260269937242,0.0,0.0783053355521389,3.938214410930274,0.020033670859549,4.019565274237621,0.0213866580408264,False,Star,*|MIR|NIR,8673.9,400.1203443965328
1179,83.597591,-68.599701,,,0,0,0,0,0,0,0,0,0,0,0,0,65.4687641472194,11.859907698197516,11.86,0.0,463537.7898253101,3851.307150438351,0.0,463537.7898253101,3955.730417226724,0.0,463537.7898253101,4055.2610152038633,0.0,2.623193213582084,64.2037911367625,66.82698435034459,0.0434375292607409,3.786428077714781,63.58214499189672,67.3685730696115,0.0625044875376286,4.356742123498378,0.0724793061332231,1.4862903947029915,1.0,0.7739136340365629,3.6020599913279625,0.0,3.206981426388307,0.0381165844678125,False,,,4000.0,0.0
1180,82.967797,-68.544136,,,0,0,0,0,0,0,0,0,0,0,0,0,,,,,,,,,,,,,,,,,,,,,,,,,,,4.028604799425658,0.0214396833393188,5.197428427931371,0.026500010666764,False,,,10680.825,527.2770328536983
1181,82.354256,-68.466972,,,0,0,0,0,0,0,0,0,0,0,0,0,,,,,,,,,,,,,,,,,,,,,,,,,,,3.992384494467798,0.0666452391879637,4.811456468517175,0.0534253003730494,False,,,9826.175,1507.8887954272357
1182,80.749096,-68.029625,hot_bright,high,0,0,1,0,0,0,0,0,0,0,0,0,85.0216258883482,11.57546744290788,11.576123809123107,0.0,2171955.36807989,4438.324519587273,0.0,2171955.36807989,4550.341881422449,0.0,2171955.36807989,4656.986672988102,0.0,7.378662948740143,81.5491950765338,88.92785802527395,0.0944705129550769,10.30007556531065,80.16065426711533,90.46072983242598,0.1313921903054691,13.261554464130583,0.169079554892523,1.919691432748186,0.0,1.599779836612718,3.858152056666976,0.0148756253207541,4.713622986832378,0.0054017329168287,False,WolfRayet*,*|Em*|EmO|MIR|NIR|V*|WR*,7213.6,247.0830629565693
1183,80.596557,-67.899345,hot_bright,high,0,0,0,1,0,0,0,0,0,0,0,0,66.392838406458,11.844171796482255,11.844811724308569,0.0,470049.7404125723,4428.274601720376,0.0,470049.7404125723,4540.166330212687,0.0,470049.7404125723,4646.693426553734,0.0,2.828006477260658,65.0902954128128,67.91830189007345,0.0463083092334581,3.897101023656276,64.6094341623014,68.50653518595767,0.0637760561903153,5.081702654916242,0.0832928207479586,325.41044933626955,0.0,0.5081922706455937,3.8498261823587216,0.0172640246093425,4.577936163425504,0.0089210735281022,False,Star,*|MIR|NIR,7076.625,281.3091882164534
1184,80.561819,-67.859047,,,0,0,0,0,0,0,0,0,0,0,0,0,45.36883195226109,12.257635341332271,12.258162423894772,0.0,668427.0018910817,4375.009081361583,0.0,668427.0018910817,4486.232548121751,0.0,668427.0018910817,4592.1336073328175,0.0,3.4936370510017127,43.73175487908793,47.22539193008964,0.0835870313762683,4.953878032065354,42.95504196793465,47.90892,0.1188121499595933,5.987519798224554,0.1432505447289589,75.42807594340091,0.0,0.3946564401479254,4.062604544394497,0.0653518639323642,4.378992447681185,0.0627706176761122,False,Star,*|MIR|NIR,11550.6,1738.1138167565434
1185,81.292764,-67.85672,,,0,0,0,0,0,0,0,0,0,0,0,0,21.331943152823538,13.077366720145928,13.077773269922195,0.0,105574.72708784133,4394.104453732175,0.0,105574.72708784133,4505.567953668798,0.0,105574.72708784133,4611.693879266245,0.0,1.05884537647837,20.804491297926734,21.863336674405108,0.0539999999999984,1.5137993180972096,20.594671382651516,22.108470700748725,0.0769710583732337,1.8710828740331455,0.094859885218554,1047.2181018250203,0.0,0.022998590092353,4.000616260722668,0.0654502618297999,4.108886811588342,0.0496298107408569,False,Star,*|MIR|NIR,10014.2,1509.187980339096
1186,80.959342,-67.764236,,,0,0,0,0,0,0,0,0,0,0,0,0,62.130405202299045,11.917125010687611,11.916914277623718,0.0,660084.6005080263,2942.136405730033,0.0,660084.6005080263,3033.5461087716153,0.0,660084.6005080263,3120.8859282548888,0.0,2.7201110494113436,60.73779087437675,63.45790192378809,0.0472625350591346,3.925540340254877,60.18415379315648,64.10969413341135,0.0682004277088736,4.536967134035272,0.0800000000000018,1.1124714082278873,0.0,0.7526739144488284,3.6020599913279625,0.0,3.312131376823787,0.0403838865744667,False,,,4000.0,0.0
1187,83.104007,-67.698242,instability_strip,high,0,1,0,0,0,0,0,0,0,0,0,0,238.467797056933,10.46760497032119,10.456312690929984,1.0,11520378.306367207,2226.469288478003,0.0,11520378.306367207,2306.133143493784,0.0,11520378.306367207,2382.4703681886213,0.0,64.63146630954537,202.103,266.7344663095454,0.3013374618140005,89.91689428278426,187.61392,277.53081428278426,0.424832155710698,107.9344165550942,0.5180000000000007,1425.0959614486387,0.0,4.484499999999997,3.6990611966023654,0.0014040217304237,5.437573425844268,0.0064469137249598,False,YellowSG,*|LP?|NIR|s*y,5001.05,16.16779205704972
1188,83.898897,-67.656158,,,0,0,0,0,0,0,0,0,0,0,0,0,61.593202490263096,11.926329144747344,11.926182548191171,0.0,350416.1252814203,3402.8432953580073,0.0,350416.1252814203,3501.065587170488,0.0,350416.1252814203,3594.7871951680695,0.0,3.0966966240098373,60.06450953645575,63.16120616046559,0.0548058690329966,4.313236918707368,59.454861066847855,63.76809798555522,0.0763092142972325,5.232365248452005,0.0921825481911735,763.4619672948128,0.0,0.0823282216475825,3.6151527631928606,0.0135245120982427,3.4473006810057902,0.0330593338349349,False,,,4122.425,128.37783833279016
1189,84.143504,-67.675377,hot_dim,low,0,0,0,0,1,0,0,0,0,0,0,0,35.564,12.522733002772894,12.522571277691297,0.0,4501815.659004236,4449.3793636827095,0.0,4501815.659004236,4561.534757211942,0.0,4501815.659004236,4668.308859007831,0.0,1.8178920551960047,34.66420108754611,36.48209314274211,0.0554044771888424,2.5560955655112423,34.346645287179214,36.90274085269046,0.0781239628110928,3.1293762909438243,0.0964123532459879,34.35091851744411,0.0,0.3567220957172924,3.841016718193161,0.0174552937409924,4.349287740916008,0.0062243140584303,False,Star,*|MIR|NIR,6934.525,278.71450334526907
1190,83.086306,-67.52153,,,0,0,0,0,0,0,0,0,0,0,0,0,200.735,10.64300408719346,10.6435,0.0,336423.51083283394,750.3774820427438,0.0,336423.51083283394,797.0951460766786,0.0,336423.51083283394,842.5779918068502,0.0,9.29634999999999,196.4311,205.72745,0.0499999999999989,13.351129999999984,194.36893,207.72006,0.0723400000000005,15.626000000000005,0.084999999999999,672.4275851019639,0.0,2.450833161906368,4.00987563371216,0.0279114538147513,4.790076074614643,0.0320095922814989,False,,,10230.0,657.4667291962385
1191,83.496123,-67.537704,,,0,0,0,0,0,0,0,0,0,0,0,0,44.713342924384605,12.276811820133933,12.274,1.0,619314.3394360812,2216.3986235168263,0.0,619314.3394360812,2295.8846362341906,0.0,619314.3394360812,2372.0552780695407,0.0,5.773187941808558,41.57951205819144,47.3527,0.1408425577883196,8.094440785483279,40.36107921451672,48.45552,0.198415587525595,10.275917373271234,0.2509999999999976,541.9673131944331,0.0,0.6131525927923823,4.06352944161731,0.0708333907791725,4.5025250092527624,0.0634703642215718,False,Supergiant,*|Em*|MIR|NIR|sg*,11575.225,1887.9181521917203
1192,81.516514,-67.499176,,,0,0,0,0,0,0,0,0,0,0,0,0,,,,,,,,,,,,,,,,,,,,,,,,,,,4.1461171781804715,0.0004102363138229,4.9167680644528895,0.016027793501458,False,,,13999.65,13.224125679983532
1193,81.69618,-67.479385,,,0,0,0,0,0,0,0,0,0,0,0,0,93.8912891954753,11.469333406491394,11.46876132443044,0.0,4758219.36604923,2044.1642317352464,0.0,4758219.36604923,2120.5436654517775,0.0,4758219.36604923,2193.8044442945256,0.0,9.998768732787768,89.05272729107469,99.05149602386246,0.1155599574092764,13.9736385122648,87.04572634601318,101.01936485827798,0.1622562389469504,17.4883237198447,0.2035220718271144,24.75022824525811,0.0,2.2430741766175677,4.019846081287123,0.0151055336627804,4.781035273102831,0.0268171229897035,False,EmLine*,*|Em*|EmO|MIR|NIR,10467.575,364.0808555458526
1194,83.961629,-67.441521,hot_bright,high,0,0,0,1,0,0,0,0,0,0,0,0,67.87950572001978,11.821085048455116,11.820889876531911,1.0,544174.0559989011,2698.6195764882564,0.0,544174.0559989011,2786.2118132268206,0.0,544174.0559989011,2869.9756509398017,0.0,4.1987771449581714,65.71822285504183,69.917,0.0672997061767333,5.7016771537101505,64.94003042068363,70.64170757439378,0.0913996082356405,6.973494973183946,0.1123996082356431,1006.2463014517292,0.0,0.0950021623225544,3.9957349831269666,0.0597567928356224,4.616260014135886,0.049713463950217,False,Supergiant,*|MIR|NIR|sg*,9902.275,1362.5045226989157
1195,82.08476,-67.405075,hot_bright,high,0,1,0,0,0,0,0,0,0,0,0,0,172.13079057601618,10.81577717620044,10.81050258817318,1.0,11977843.187008685,2227.476346113845,0.0,11977843.187008685,2307.1579630644733,0.0,11977843.187008685,2383.5118251729677,0.0,41.54125686065689,150.12101943922892,191.6622762998858,0.2651536515421782,58.40723340476208,142.56261086725334,200.96984427201545,0.3725432197804519,68.75928660582886,0.4420243436145323,190.41671056025064,0.0,8.263353132706374,3.795803574788118,0.0011499779877241,5.07401594348273,0.0053415905859572,False,Star,*|MIR|NIR,6248.9,16.54660085939103
1196,83.73109,-67.351929,,,0,0,0,0,0,0,0,0,0,0,0,0,,,,,,,,,,,,,,,,,,,,,,,,,,,4.0692989377208555,0.062539432444109,5.25170450329337,0.0613965121193825,False,,,11730.025,1689.151339985556
1197,80.696242,-67.206306,hot_bright,medium,0,1,0,0,0,0,0,0,0,0,0,0,65.03851797349841,11.866324653939603,11.866966737725054,0.0,356970.02733390126,2184.1714023399572,0.0,356970.02733390126,2263.0855686477844,0.0,356970.02733390126,2338.72056984367,0.0,3.1971475310793736,63.53782136630296,66.73496889738233,0.0539386231177534,4.424666712439716,62.956433479002385,67.3811001914421,0.0735111051448846,5.344170555094664,0.089094639157194,477.3634738795148,0.0,0.2678637208687701,3.9371604299137672,0.0647356002465579,4.536631151687944,0.0464186466419464,False,Star,*|MIR|NIR,8652.875,1289.790868464729
1198,82.505194,-67.243576,hot_bright,medium,0,0,0,1,0,0,0,0,0,0,0,0,58.23395946310053,11.987470261391485,11.98717750922462,0.0,2008681.2970882528,4324.757097158595,0.0,2008681.2970882528,4435.34637030662,0.0,2008681.2970882528,4540.653308858773,0.0,2.831662059774935,56.76913397945027,59.6007960392252,0.052914110182094,3.8868250708785226,56.23160132116882,60.11842639204734,0.0726962428855007,4.866732511298061,0.0904737027957836,237.79653997695496,0.0,0.36161415548199,3.996002434868665,0.0449804844291499,4.531186632283564,0.0416592168599981,False,Supergiant,*|MIR|NIR|Pe*|sg*,9908.375,1026.2242003456165
1199,82.705807,-67.153381,hot_bright,medium,0,1,0,0,0,0,0,0,0,0,0,0,46.024,12.243005470232264,12.242838801856584,0.0,263556.0315072738,3709.544600708435,0.0,263556.0315072738,3812.0486953690192,0.0,263556.0315072738,3909.7814260575246,0.0,2.399764811591659,44.81418560855009,47.21395042014175,0.0568388018565819,3.448305292803852,44.323573044924125,47.771878337727976,0.0811116420401276,4.234499134251671,0.1007501520172606,779.5719443708153,0.0,0.1732121500646672,3.959036619828037,0.0141853042285157,4.403585045023071,0.0202794999093443,False,ChemPec*,*|MIR|NIR|Pe*,9099.9,297.2288512241031
1200,83.620125,-67.125839,,,0,0,0,0,0,0,0,0,0,0,0,0,106.3543323765912,11.333722563365072,11.333046782320752,1.0,525427.9070178024,2196.256806863166,0.0,525427.9070178024,2275.385910229604,0.0,525427.9070178024,2351.222239750972,0.0,5.541735469456015,103.49244555876147,109.03418102821747,0.0568150215381759,7.736026785865519,102.35399321413448,110.09002,0.0789087905468939,8.914760869398677,0.0908618038589281,894.6972645273892,0.0,0.1463421814022959,4.097170511555447,0.0400574641827679,4.9316961198762765,0.0511127791198919,False,Star,*,12507.5,1153.6382665289843
1201,83.680276,-67.06958,instability_strip,high,0,1,0,0,0,0,0,0,0,0,0,0,33.21427638900661,12.599400805684946,12.597,0.0,699365.9529789664,2241.574984824462,0.0,699365.9529789664,2321.5048456453933,0.0,699365.9529789664,2398.0912353329586,0.0,6.865075738784707,29.59699378927559,36.4620695280603,0.2267410978782695,8.667813962094165,28.633111654035,37.30092561612916,0.2876347823008398,10.655735127652669,0.3557989815066271,247.0943704216542,0.0,1.4666955423051435,3.645576996038903,0.0113936161160647,4.897316822018229,0.0080804527354458,False,Star,*|MIR|NIR,4421.575,115.9990059224647
1202,82.083504,-67.038734,hot_bright,low,0,0,0,0,1,0,0,0,0,0,0,0,56.33661820151068,12.023165713615096,12.023,0.0,384967.80167907896,4379.029177112225,0.0,384967.80167907896,4490.303220852691,0.0,384967.80167907896,4596.25166126442,0.0,2.4716713579705143,55.11503360178444,57.586704959754954,0.047881071449467,3.441007310027061,54.65099527251802,58.09200258254508,0.0663145161531186,4.252068506369859,0.0820183676166124,337.60754667857174,0.0,0.1921988148085908,3.9323887746726394,0.0133433946416024,4.405508033813598,0.0187186761114028,False,Star,*|MIR|NIR,8558.325,262.9485584197031
1203,82.509449,-67.045898,instability_strip,high,0,1,0,0,0,0,0,0,0,0,0,0,58.64607331502285,12.004879478157886,11.979658231884244,1.0,8207887.337737804,3743.7297997446394,0.0,8207887.337737804,3846.699999848712,0.0,8207887.337737804,3944.869373926468,0.0,25.78202266316255,42.72798490816171,68.51000757132427,0.5124545776609697,33.70010504879445,37.31053022651364,71.01063527530809,0.6989824758395766,39.636663169736885,0.8288069313237791,1463.746061333381,0.0,3.3903805962036344,3.6456923911695065,0.0113435814096819,5.118635826180689,0.0107041485767609,False,RedSG,*|LP*|MIR|NIR|s*r|V*,4422.75,115.5202904255352
1204,82.83041,-67.011963,hot_dim,high,0,0,0,0,0,0,0,0,0,0,0,1,46.701,12.229450074766335,12.226964275764804,0.0,296263.6103647178,2904.908699417553,0.0,296263.6103647178,2995.7453233000674,0.0,296263.6103647178,3082.5483112111433,0.0,3.1757643213794537,44.78669567917729,47.962460000556746,0.0741241578967422,4.294076798689048,44.30099792381518,48.59507472250423,0.1005018742877332,5.077253598334387,0.1188182117777962,145.7251958216635,0.0,0.4960399350669455,3.877487967653804,0.00679571655054,4.29637476483718,0.0086046133880715,False,Star,*|MIR|NIR,7542.025,118.01546244030904
1205,83.593595,-67.023216,,,0,0,0,0,0,0,0,0,0,0,0,0,,,,,,,,,,,,,,,,,,,,,,,,,,,3.975457084172152,0.0312276114136022,5.380274676477439,0.0324048003214313,False,,,9450.55,679.5345447436797
1206,83.750996,-67.020187,,,0,0,0,0,0,0,0,0,0,0,0,0,,,,,,,,,,,,,,,,,,,,,,,,,,,3.924536425999381,0.0156333109323275,4.925763946052736,0.0179160387390035,False,,,8404.975,302.55412635592995
1207,83.079759,-66.99791,,,0,0,0,0,0,0,0,0,0,0,0,0,93.2642136910642,11.475611143086926,11.476000000000004,0.0,483901.13308014104,2213.3773925141754,0.0,483901.13308014104,2292.8099732430487,0.0,483901.13308014104,2368.930565981988,0.0,5.2707209711628735,90.75421731958964,96.0249382907525,0.0613471911200012,7.581055583541883,89.44437389405665,97.02542947759854,0.0882809775096014,9.43515038688804,0.1100000000000012,314.9888173563348,0.0,0.6898815288918532,4.021581021423306,0.0243120884804907,4.774466991477451,0.0366226682106352,False,BlueSG,*|MIR|NIR|s*b,10509.475,588.3272680872441
1208,80.576873,-66.916389,hot_bright,low,0,0,0,0,1,0,0,0,0,0,0,0,39.925664993518915,12.39696053583024,12.397,0.0,172602.03971344652,2173.0929055597735,0.0,172602.03971344652,2251.809519572553,0.0,172602.03971344652,2327.259476759856,0.0,1.8400761099266845,39.04589948496706,40.88597559489374,0.050192992053903,2.691000461631589,38.61868510296505,41.30968556459664,0.0731869299933727,3.2111699279201744,0.0874790605893007,855.2141300409663,0.0,0.1641020888604082,3.8351703747064096,0.0086942748055628,4.421539772135938,0.0074554267362014,False,Star,*|MIR|NIR,6841.8,136.96809847552092
1209,84.004767,-66.844955,,,0,0,0,0,0,0,0,0,0,0,0,0,20.66264320495523,13.09688022509828,13.11199685462405,1.0,1488204.8959001922,2243.589050538373,0.0,1488204.8959001922,2323.5543105272905,0.0,1488204.8959001922,2400.1738582975327,0.0,9.96509461437147,16.716198193685937,26.681292808057407,0.5077290633397507,11.46778029844167,15.848531370515804,27.316311668957475,0.5912490633397507,12.840122510776622,0.6693790633397523,71.06404934214346,0.0,1.0230622421402842,3.698972175803,0.0004855487085666,4.477594078325361,0.0067820563783178,False,ClassicalCep,*|cC*|MIR|NIR,5000.025,5.5901140417705255
1210,82.729433,-66.783691,hot_bright,low,0,0,0,0,1,0,0,0,0,0,0,0,49.81795606273851,12.156876091266284,12.15648778284331,0.0,563533.1217033354,3718.593707191681,0.0,563533.1217033354,3821.221392102975,0.0,563533.1217033354,3919.0699009640794,0.0,2.844456273813492,48.39534535842413,51.23980163223762,0.0625216923452995,4.134765384965014,47.78737027777081,51.922135662735826,0.0895218192184508,5.065111063685002,0.1110000000000006,833.544935886404,0.0,0.0909836979935443,3.959820990504689,0.0116484774267667,4.440567402958504,0.0173303753263362,False,Star,*|MIR|NIR,9116.35,244.51518868978263
1211,83.257318,-66.801491,RSG,high,0,0,1,0,0,0,0,0,0,0,0,0,16.651468167226533,13.34716120311242,13.346,0.0,75224.22827706636,2221.4339761619776,0.0,75224.22827706636,2301.0089607683585,0.0,75224.22827706636,2377.2629415353867,0.0,1.4346336977105576,15.912078521476491,17.34671221918705,0.0940000000000012,1.97932793807632,15.642736064849842,17.622064002926162,0.1290175229144612,2.426442278917346,0.159031531195378,118.2323583709638,0.0,0.2742801844228733,3.6472117617451385,0.0105501472929462,4.4901692701519815,0.0077579791709915,False,LongPeriodV*,*|LP*|MIR|NIR,4438.25,107.81668470139488
1212,83.879608,-66.756744,hot_bright,high,0,0,1,0,0,0,0,0,0,0,0,0,57.37,12.004048164820778,12.003276360768597,0.0,244244.07369587183,2209.349061796843,0.0,244244.07369587183,2288.710342720034,0.0,244244.07369587183,2364.7641498234334,0.0,2.798271783124214,55.90363015927059,58.701901942394805,0.0530000000000026,4.114125969040828,55.23766965796313,59.35179562700396,0.0781380494757328,5.0022530832242325,0.0941380494757346,394.1533749157268,0.0,0.4678636134889711,3.8483846594849633,0.0064883297375089,4.515525026204682,0.008735673660022,False,Star,*|MIR|NIR,7053.175,105.37395017270636
1213,84.196636,-66.762772,instability_strip,high,0,1,0,0,0,0,0,0,0,0,0,0,110.70810798106288,11.287919423508622,11.29,1.0,2516548.4175672075,2193.2354779653315,0.0,2516548.4175672075,2272.31090301144,0.0,2516548.4175672075,2348.096952825193,0.0,18.339411448960092,102.27431413956616,120.61372558852626,0.1793950341018053,25.609718334762945,98.45806348480345,124.06778181956638,0.251596033548072,31.48152545947933,0.3110000000000017,191.1508098077897,0.0,3.5294718725501126,3.726358350266405,0.0093595796658039,5.030199123061443,0.0076043931651895,False,YellowSG,*|MIR|NIR|s*y,5325.475,114.770529209375
1214,83.090473,-66.726135,hot_bright,medium,0,0,0,0,1,0,0,0,0,0,0,0,51.12466129415955,12.128659429047053,12.128485251586277,0.0,218603.9903557592,2212.3703122706947,0.0,218603.9903557592,2291.7850741774423,0.0,218603.9903557592,2367.8889762456406,0.0,2.8271497321372365,49.7479,52.57504973213724,0.0599999999999969,4.073129429736142,49.14831057026386,53.22144,0.0865779063007448,4.8459999999999965,0.1033618058650809,425.30627094425586,0.0,0.551853012771146,3.9676602792359694,0.0119455732141078,4.466811339906698,0.0200636350761934,False,ChemPec*,*|MIR|NIR|Pe*,9282.4,255.31889863462908
1215,82.062731,-66.685516,hot_bright,medium,0,0,0,0,1,0,0,0,0,0,0,0,70.87831689148881,11.773108714551846,11.77392422802054,1.0,1094530.4681046193,4380.034199601148,0.0,1094530.4681046193,4491.320883940816,0.0,1094530.4681046193,4597.281166238145,0.0,4.349764378076827,68.83701600982182,73.18678038789865,0.0661791818272092,6.113590473744935,67.97549992577952,74.08909039952445,0.0936779402526397,7.605402959436745,0.117103716059649,382.3079976779024,0.0,0.337856058303806,3.907833088085371,0.0083481154761288,4.582641718541085,0.0153123972798754,False,Star,*|MIR|NIR,8087.85,155.4666443324741
1216,81.531756,-66.594673,instability_strip,low,0,0,0,0,0,0,0,1,0,0,0,0,147.639,10.977998468606431,10.977,0.0,94486.76035454957,668.3585531024004,0.0,94486.76035454957,712.5123210256094,0.0,94486.76035454957,755.5949628483104,0.0,7.418599999999998,143.6964,151.115,0.0540000000000002,9.647519999999986,142.32852,151.97603999999998,0.0714799999999993,12.017000000000024,0.0879999999999991,1235.2049899491471,0.0,0.8017590383373098,3.690926675256138,0.0126863545258887,4.434332520661497,0.0175311705766967,False,Star,*|NIR,4908.25,143.37690713640046
1217,82.075515,-66.481117,,,0,0,0,0,0,0,0,0,0,0,0,0,56.33749312619853,12.022978283731968,12.023062334862706,1.0,974106.5060164892,4406.164581634937,0.0,974106.5060164892,4517.779411496246,0.0,974106.5060164892,4624.047105121017,0.0,4.045704067395754,54.39790942962949,58.44361349702525,0.0782130325179668,5.732179110010158,53.56483367938209,59.29701278939225,0.1104517837933833,6.9922615239702,0.1344620121971225,374.1457225905472,0.0,0.2014139113316866,3.6020599913279625,0.0,3.1634927743814196,0.0403402012409356,False,,,4000.0,0.0
1218,81.057266,-66.424736,,,0,0,0,0,0,0,0,0,0,0,0,0,35.95046891496082,12.510725830563748,12.511,0.0,148005.56577629942,2187.1927757346384,0.0,148005.56577629942,2266.16073232921,0.0,148005.56577629942,2341.8461180529875,0.0,1.7068786079652585,35.12744225740981,36.83432086537507,0.0517400299490109,2.3956039670264886,34.74613111586868,37.14173508289517,0.0729051348058238,2.973842287529699,0.0907400299490088,377.5064579087271,0.0,0.2150181705122712,4.0266782775079655,0.0342585939679192,4.314707871448091,0.0258471390527813,False,Star,*|MIR|NIR,10633.55,838.8098100880795
1219,83.078431,-66.403351,,,0,0,0,0,0,0,0,0,0,0,0,0,110.131,11.29517658623589,11.295440274471185,0.0,1077255.431010685,2238.553874316015,0.0,1077255.431010685,2318.430606346541,0.0,1077255.431010685,2394.967230788317,0.0,9.048480400632172,105.7558,114.80428040063218,0.0889999999999986,12.428714660768932,103.96111559011624,116.38983025088518,0.1227942021022059,15.681149270825829,0.1551705759401009,866.4103750057757,0.0,0.438679717544175,4.006498131788936,0.0622690394681096,4.652057206863949,0.0533080259149524,False,EmLine*,*|Cl*|Em*|EmO|MIR|NIR,10150.75,1455.4121194699458
1220,80.587785,-66.260262,,,0,0,0,0,0,0,0,0,0,0,0,0,86.21093111825382,11.561575337543992,11.561000000000002,0.0,998788.494472462,2185.1785284582347,0.0,998788.494472462,2264.1106290220137,0.0,998788.494472462,2339.7624289553623,0.0,5.728146715645806,83.29267918561615,89.02082590126196,0.0720895269368764,8.018255281294273,82.09903321900518,90.11728850029944,0.1012346578265432,10.011189902915092,0.1259999999999994,931.3880912591316,0.0,0.3816800086460641,4.017561270712857,0.0163845348420089,4.738810356235929,0.0213697324428768,False,Star,*|MIR|NIR,10412.65,392.83581494054226
1221,81.806541,-66.273705,,,0,0,0,0,0,0,0,0,0,0,0,0,24.409,12.931437247483917,12.93113528424865,0.0,190651.32995017403,4340.83789143418,0.0,190651.32995017403,4451.630507507177,0.0,190651.32995017403,4557.127940199232,0.0,1.118740135632116,23.855846215897053,24.97458635152917,0.0498807213774519,1.5948018550652918,23.619762598857903,25.214564453923195,0.0712067244922849,1.9337606338899531,0.0860000000000003,373.1333727399663,0.0,0.0923657228029049,4.05104345258258,0.060011138049625,4.182457110549063,0.0483975954908281,False,Star,*|MIR|NIR,11247.175,1554.1430981010085
1222,81.405049,-66.24147,,,0,0,0,0,0,0,0,0,0,0,0,0,36.656,12.489809886585954,12.489520305033068,0.0,241737.20126425644,2857.6173232058213,0.0,241737.20126425644,2947.7206275843855,0.0,241737.20126425644,3033.836680946871,0.0,2.278624172890865,35.508949558442815,37.78757373133368,0.0673430199013864,3.2636345747467033,35.062912125493995,38.3265467002407,0.0966596701576048,4.139639121471632,0.1224459314824901,167.5572691806982,0.0,0.2914296533189948,4.125347052849199,0.0467453442207091,4.423955957561979,0.0986459662113432,False,Star,*|MIR|NIR|UV,13345.875,1436.485027549887
1223,81.608258,-66.203194,hot_bright,medium,0,0,0,0,1,0,0,0,0,0,0,0,48.419215792974555,12.187440322127143,12.187447868334631,0.0,412778.3678172654,2847.5550159857,0.0,412778.3678172654,2937.501509105544,0.0,412778.3678172654,3023.470670362497,0.0,2.831754292092306,47.04007285545615,49.87182714754846,0.0638827395260399,3.9082197262538823,46.51904724473992,50.4272669709938,0.0881052629461063,5.07134516331638,0.1137828185116909,129.39289597025066,0.0,0.4434485192510199,3.8244024701621977,0.0131916700484798,4.4481566140772575,0.00511401558232,False,Star,*|MIR|NIR|UV,6674.25,202.72996201844464
1224,81.943503,-66.238586,,,0,0,0,0,0,0,0,0,0,0,0,0,,,,,,,,,,,,,,,,,,,,,,,,,,,3.7221092444902246,0.0255355632200773,5.1620264842236425,0.0082680610921163,False,,,5273.625,310.0775860571028
1225,82.073984,-66.144203,instability_strip,low,0,0,0,0,1,0,0,0,0,0,0,0,6.986018542670153,14.290537209076447,14.289628372088226,0.0,52004.110025331305,4365.963831967344,0.0,52004.110025331305,4477.073415070388,0.0,52004.110025331305,4582.867786549895,0.0,0.7021864097805137,6.632613628890493,7.334800038671006,0.1092535672424599,1.0105433442795704,6.472172591531068,7.4827159358106385,0.1575983204657642,1.2321392449212114,0.1921374139046321,329.1270915475828,0.0,0.037916351264129,3.6892289202673214,0.0110729309651556,4.099644172048573,0.0088479423751124,False,Star,*|NIR,4889.1,124.65428191602564
1226,82.166977,-66.158905,instability_strip,low,0,0,0,0,1,0,0,0,0,0,0,0,16.161565323614525,13.37907902625872,13.37864574293267,0.0,71227.29575943644,4362.948738368815,0.0,71227.29575943644,4474.020333911411,0.0,71227.29575943644,4579.779118143544,0.0,0.8137501661622206,15.75661505241396,16.570365218576182,0.0548850419600945,1.174181490964978,15.573464058031789,16.747645548996765,0.0784668546771474,1.3825116318183497,0.0931149580399086,328.9478937819687,0.0,0.1143559356359617,3.774254119794893,0.0076563177406747,4.106041468207948,0.0068015221737892,False,Star,*|NIR,5946.4,104.8310068634276
1227,82.295268,-66.183044,,,0,0,0,0,0,0,0,0,0,0,0,0,6.3586090880062,14.394228533712283,14.391573982255126,0.0,119318.07696978822,4320.736875011152,0.0,119318.07696978822,4431.275253090547,0.0,119318.07696978822,4536.534512535176,0.0,0.7663726440100502,5.9531748645352955,6.719547508545346,0.1310740375089523,1.0779434051905312,5.80551202810606,6.883455433296591,0.1854417791249982,1.3099244794786573,0.224715667788466,392.2727183010834,1.0,0.0683574761876205,3.61653065055844,0.0130803298192094,4.213782121919819,0.0080106227631684,False,,,4135.525,124.55610934434328
1228,82.092332,-66.064278,,,0,0,0,0,0,0,0,0,0,0,0,0,59.37919256445467,11.96605994830147,11.966092622670006,0.0,779629.3075852748,4414.204620968362,0.0,779629.3075852748,4525.920221846391,0.0,779629.3075852748,4632.282319223438,0.0,3.3110534758174452,57.71492065229223,61.025974128109674,0.0609757136201984,4.707647500245976,57.04235801373049,61.75000551397647,0.0861890687931641,5.859205474892505,0.1066803188687597,391.43621134412547,0.0,0.4255779908123285,4.022195282642581,0.0245025591495245,4.556461505430836,0.0284538303937572,False,Star,*|MIR|NIR,10524.35,593.7756962860639
1229,82.16983,-66.106171,hot_dim,low,0,0,0,0,1,0,0,0,0,0,0,0,22.976,12.996865022965396,12.997059492575968,0.0,119712.00942705978,4358.928605414604,0.0,119712.00942705978,4469.949530350895,0.0,119712.00942705978,4575.660845696405,0.0,1.0606904230608762,22.452871946226846,23.51356236928772,0.0500887989955458,1.5033583862557514,22.22279277932337,23.72615116557912,0.070612306586371,1.8455094184030791,0.0869999999999997,1070.4695719011456,0.0,0.0362777459223704,3.855894533949914,0.0145627170101453,4.121505392677303,0.0087985209587316,False,Star,*,7176.2,240.6315856241653
1230,81.803598,-66.050995,RSG,medium,0,0,0,1,0,0,0,0,0,0,0,0,8.137900894944499,14.124789600519582,14.123752254728394,0.0,302760.8923422577,4380.034199601148,0.0,302760.8923422577,4491.320883940816,0.0,302760.8923422577,4597.281166238145,0.0,0.7851404382656604,7.732412082412031,8.517552520677691,0.1050000000000022,1.1017181148999526,7.568100791017358,8.66981890591731,0.1476036972303784,1.4139070473286963,0.1889854790540202,345.742237731325,0.0,0.0680462601495026,3.652886670707486,0.002786461701695,4.328649522214203,0.0074489723438279,False,,,4496.625,28.850639074377536
1231,82.227691,-66.024529,hot_dim,low,0,0,0,0,1,0,0,0,0,0,0,0,34.865386445874016,12.543986618756986,12.544000000000002,0.0,355352.0546741565,4348.8782321678,0.0,355352.0546741565,4459.7723777574165,0.0,355352.0546741565,4565.364924579618,0.0,1.632740587642644,34.07195567508832,35.70469626273096,0.0506667941240159,2.261707822788658,33.75247606204223,36.014183884830885,0.0705216698297306,2.779122019584854,0.0869064293331547,429.56084108703385,0.0,0.1900268965425503,3.9075510865195393,0.0140799176505515,4.2693413388919526,0.0081808415035049,False,Star,*|MIR|NIR,8082.6,262.0395771634506
1232,85.655485,-70.784775,,,0,0,0,0,0,0,0,0,0,0,0,0,3.810917772704255,14.947055750876205,14.947589226752068,0.0,14190.803566845483,3768.865433699907,0.0,14190.803566845483,3872.176994919982,0.0,14190.803566845483,3970.666153431293,0.0,0.3515237849577808,3.64292346040714,3.994447245364921,0.099938884023782,0.5224714892037721,3.554815860282475,4.077287349486247,0.1484021012079885,0.606143017491898,0.1735137129115074,1.1583513794803544,1.0,0.1042928486275003,3.637999775939676,0.0121311089373313,2.967185127132507,0.0135918070126016,False,LongPeriodV*,*|LP*|NIR,4345.1,121.37128985060676
1233,87.196465,-70.560646,instability_strip,medium,0,0,0,0,1,0,0,0,0,0,0,0,88.90598322298004,11.527715664964042,11.527834186038032,1.0,1022201.3221656616,3077.955172954142,0.0,1022201.3221656616,3171.425509580235,0.0,1022201.3221656616,3260.695637713289,0.0,5.253138970244251,86.47008463465023,91.72322360489449,0.0641488114336255,8.161240711853281,85.09283578950094,93.25407650135422,0.0989261468145255,9.236151676728738,0.1128299747165826,1155.8488249271609,0.0,0.3845542523960858,3.7486743970370577,0.0149710265316822,4.981102760172441,0.0093470757163884,False,HighPM*,*|NIR|PM*,5606.275,193.25986229685665
1234,85.497118,-69.729179,,,0,0,0,0,0,0,0,0,0,0,0,0,43.92642906265099,12.293102366733375,12.293053591545522,0.0,294469.7379741274,3855.328575415972,0.0,294469.7379741274,3959.805764272277,0.0,294469.7379741274,4059.386876226756,0.0,1.835030582425567,43.0395,44.87453058242557,0.0451600156511684,2.639295899048335,42.63662660091549,45.27592249996382,0.0650000000000012,3.107620547528761,0.0777122620213806,163.75107970745293,0.0,0.1583208009663151,4.02848991652189,0.0528412431009959,4.393381532493903,0.0340473107141075,False,Star,*|MIR|NIR,10678.0,1299.2078355675046
1235,85.050738,-69.668045,,,0,0,0,0,0,0,0,0,0,0,0,0,,,,,,,,,,,,,,,,,,,,,,,,,,,3.7606184748959897,0.0061820528016006,5.3859117141285155,0.0057158113702856,False,,,5762.6,82.02889734721539
1236,85.056237,-69.579239,,,0,0,0,0,0,0,0,0,0,0,0,0,59.639821766151506,11.961848578159724,11.96125241491105,0.0,997110.9043825184,3928.717626058456,0.0,997110.9043825184,4034.1739723042674,0.0,997110.9043825184,4134.672356402604,0.0,4.072331368417764,57.557495447154075,61.62982681557184,0.0742046181832964,5.609387706922497,56.7666122930775,62.376,0.1017156591226857,7.424467002853973,0.1352618890993575,444.4265008509571,0.0,0.2924432663732034,4.146034186909729,0.0017336981492164,4.627364329806014,0.0327130250820791,False,Star,*,13996.975,55.8757494356899
1237,85.050053,-69.521866,,,0,0,0,0,0,0,0,0,0,0,0,0,14.238008407969891,13.516639656209325,13.51639925755698,0.0,54307.231065117914,3821.1461033180008,0.0,54307.231065117914,3925.164049174198,0.0,54307.231065117914,4024.314944390217,0.0,0.6973261427877322,13.897327963262384,14.594654106050116,0.0534773231041647,1.0329292211442311,13.736832584059028,14.76976180520326,0.0789999999999988,1.243902087201663,0.0953606239199587,3.4738090836794777,0.0,0.2047454840071945,3.793771183143752,0.0103954622545715,3.991350565932163,0.0049515164234588,False,,,6219.725,148.87805202581072
1238,85.142888,-69.556831,hot_bright,medium,0,1,0,0,0,0,0,0,0,0,0,0,78.57429472109389,11.662297889590024,11.6619675434102,0.0,1394204.814315362,3902.579482320888,0.0,1394204.814315362,4007.6881501778735,0.0,1394204.814315362,4107.86082974219,0.0,5.195255215212995,75.93111778773535,81.12637300294834,0.0717475128136584,7.222187235353033,75.00256780484739,82.22475504020042,0.1003290701416474,9.392791545496692,0.1300537999828144,385.0045541274141,0.0,0.5546890373660576,3.876304459841719,0.016840289801794,4.603086520709854,0.0099606783488584,False,Star,*|MIR|NIR|s*y,7521.5,291.6551902504051
1239,85.153858,-69.320625,hot_bright,medium,0,1,0,0,0,0,0,0,0,0,0,0,51.68562823739778,12.117585000354508,12.116491833884693,0.0,797323.606648027,3876.4408726956112,0.0,797323.606648027,3981.200689734475,0.0,797323.606648027,4081.0465667733474,0.0,3.582537757736084,49.82717654118213,53.40971429891822,0.0754036778802458,5.129676575849771,49.007783222657224,54.137459798506995,0.108498826243137,6.461821413574043,0.1353069908931363,95.40446130275316,0.0,0.6794324429560539,3.8575812397304032,0.0058608259679261,4.457532508882976,0.0074383167086837,False,Star,*|MIR|NIR,7204.125,97.22003072926896
1240,85.246491,-69.343178,instability_strip,medium,0,0,0,1,0,0,0,0,0,0,0,0,89.08801571812491,11.525283672310094,11.52549430402452,1.0,899491.5136922643,3520.504696806815,0.0,899491.5136922643,3620.391584984716,0.0,899491.5136922643,3715.672552550565,0.0,4.141331787708552,87.09802478350883,91.2393565712174,0.0507261572292261,5.886595475912813,86.41162420960596,92.29821968551876,0.0713685610060093,7.498693692761847,0.0917658020798342,1297.6192141706983,0.0,0.2541154341950797,3.772957643703838,0.008281661667697,4.812638846433519,0.0060008318053161,False,YellowSG,*|MIR|NIR|s*y,5928.675,113.05527132778904
1241,86.129225,-69.337624,,,0,0,0,0,0,0,0,0,0,0,0,0,29.624754593714417,12.720738359688308,12.721059914657207,0.0,636640.2322916123,3914.643298576054,0.0,636640.2322916123,4019.912578352785,0.0,636640.2322916123,4120.235718853655,0.0,2.778736993342399,28.29475862170439,31.073495615046788,0.1019566338468109,3.859525682059811,27.790536629440144,31.650062311499955,0.1409591803567558,4.871661539133871,0.1791247217190097,97.99497589891348,0.0,0.380690189360502,4.042633585108655,0.0221657516635145,4.25844055672627,0.0197494672680004,False,WolfRayet*,*|Em*|EmO|MIR|NIR|WR*,11031.475,563.0302606210433
1242,88.296034,-69.328865,,,0,0,0,0,0,0,0,0,0,0,0,0,5.365661085078394,14.576428897534516,14.576000000000002,0.0,24202.578211907236,3816.119200084899,0.0,24202.578211907236,3920.0694363100647,0.0,24202.578211907236,4019.156901505026,0.0,0.4463712325475004,5.140440616067367,5.586811848614867,0.0907073099486641,0.6485429682174368,5.046539105447504,5.695082073664941,0.1310267042315054,0.7688791451561627,0.1561643819617479,329.08675967965024,1.0,0.0317258911095611,3.628368492182033,0.0007223156656293,4.078192292231847,0.0085719428037145,False,HighPM*,*|NIR|PM*,4249.8,7.068238818828917
1243,85.104934,-69.311783,hot_dim,medium,0,0,0,0,1,0,0,0,0,0,0,0,20.62466290749767,13.114626553535263,13.11397351037309,0.0,116539.20861750138,3909.616720500663,0.0,116539.20861750138,4014.819108920596,0.0,116539.20861750138,4115.07958571876,0.0,1.058816265967188,20.08932405541113,21.14814032137831,0.0557943511953773,1.4976073757263073,19.86260765714932,21.360215032875622,0.0787072291889821,1.9443762351562803,0.1018897593100369,1363.6882182355582,0.0,0.0129296820656499,3.880008544635272,0.0145634285314986,4.030343719064006,0.0127582547927439,False,,,7585.925,254.3828696571371
1244,85.240855,-69.258659,,,0,0,0,0,0,0,0,0,0,0,0,0,134.95769214815132,11.07518657782935,11.074332348437208,1.0,50122611.52082277,3893.531555027783,0.0,50122611.52082277,3998.519600113252,0.0,50122611.52082277,4098.579280545148,0.0,57.05412143595843,108.73730167918372,165.79142311514215,0.4582867939369777,75.76772780723516,98.52677995974553,174.29450776698067,0.6188633027481139,103.55704867512613,0.8814090456890931,1363.0895083247945,0.0,7.39098948564534,3.827931165656027,0.0047248423812918,4.962967973101654,0.0068406847015673,False,Supergiant,*|MIR|NIR|sg*,6728.7,73.20389333908409
1245,85.203354,-69.280922,,,0,0,0,0,0,0,0,0,0,0,0,0,63.48146065834254,11.893787768995743,11.893559810830531,0.0,1016801.9553713258,3901.574159826366,0.0,1016801.9553713258,4006.669432099532,0.0,1016801.9553713258,4106.8295627100115,0.0,4.359332075716168,61.29561792428383,65.65495,0.0745410922405742,6.209434996729669,60.39727759113978,66.60671258786945,0.1063767413895089,7.7417587442212366,0.1323758354716915,80.56773816371553,0.0,0.7285909776534778,4.024014379070868,0.0400494914289536,4.583360214219915,0.038489818006095,False,Star,*|MIR|NIR,10568.525,974.601495163536
1246,85.105657,-69.243408,hot_bright,medium,0,1,0,0,0,0,0,0,0,0,0,0,78.86646940100344,11.657772770219411,11.657851421043103,0.0,1199556.4823551497,3912.632669405678,0.0,1199556.4823551497,4017.8751978232294,0.0,1199556.4823551497,4118.173277697458,0.0,4.78451109265464,76.48985002055504,81.27436111320968,0.0659985466477994,6.767013853755927,75.48098118766987,82.2479950414258,0.0932800000000018,8.459291022455162,0.1167947730475393,238.4782404995382,0.0,0.739486399096322,3.8129467626258657,0.0007826971009613,4.68132275995098,0.0054419322553359,False,Supergiant,*|MIR|NIR|sg*,6500.5,11.71537451385998
1247,85.535084,-69.211502,,,0,0,0,0,0,0,0,0,0,0,0,0,,,,,,,,,,,,,,,,,,,,,,,,,,,4.1459139377765535,0.0018103494739855,5.065831012622172,0.021102970641969,False,,,13993.1,58.33000942910947
1248,85.854866,-69.248528,,,0,0,0,0,0,0,0,0,0,0,0,0,,,,,,,,,,,,,,,,,,,,,,,,,,,3.736085611489709,0.0083092039490852,5.26806264114222,0.0056371024741569,False,,,5446.1,104.19832052389329
1249,85.334992,-69.085365,,,0,0,0,0,0,0,0,0,0,0,0,0,113.119,11.265909278350517,11.266,0.0,285972.31607062387,498.0193505625913,0.0,285972.31607062387,536.2873901981108,0.0,285972.31607062387,573.8611142141989,0.0,7.0398,109.592,116.6318,0.0678,9.548000000000002,108.48,118.028,0.0919999999999987,12.025000000000006,0.1150000000000019,291.88956241572765,1.0,1.1274859200894722,4.049841872703056,0.0213130891661166,4.871242292929836,0.0211530140627271,False,BlueSG,*|IR|MIR|NIR|s*b,11216.1,550.4323664175282
1250,85.560769,-68.51284,hot_dim,low,0,0,0,0,1,0,0,0,0,0,0,0,23.635433336716236,12.966509327542838,12.966,0.0,105575.58333542755,3846.280353395477,0.0,105575.58333542755,3950.636177785069,0.0,105575.58333542755,4050.10359600469,0.0,1.027883680392403,23.102431831817416,24.13031551220982,0.0472864122149605,1.4695421081168831,22.87037397638135,24.339916084498235,0.0676975190570203,1.7348648250859426,0.0798120033244149,418.5005051801675,0.0,0.0606722258324674,3.8185425886804225,0.0205700070178601,4.196297989753139,0.0083374083944008,False,Star,*|NIR,6584.8,311.8837283347754
1251,85.000957,-68.477524,,,0,0,0,0,0,0,0,0,0,0,0,0,72.73676217420089,11.797257961460057,11.74543540501718,1.0,13743765.80800738,3246.9491059088887,0.0,13743765.80800738,3342.9209320899204,0.0,13743765.80800738,3434.53436540952,0.0,32.45173168964652,52.03048450529866,84.48221619494518,0.5265115046102515,36.94658175999288,49.641168698954445,86.58775045894733,0.603744421987221,42.88183616108223,0.7089622836435705,1.9592220017857556,1.0,9.539031613562868,,,,,False,,,,
1252,85.538861,-68.458649,hot_bright,high,0,0,0,1,0,0,0,0,0,0,0,0,54.92895858151915,12.050601129293746,12.050521198391309,0.0,536810.1921290976,3914.643298576054,0.0,536810.1921290976,4019.912578352785,0.0,536810.1921290976,4120.235718853655,0.0,2.7531415021696333,53.56117578280082,56.31431728497045,0.0544788016086901,3.824996929947958,52.99281096463108,56.81780789457904,0.0755854676289917,4.878554430659776,0.0964788016086934,406.1216484809549,0.0,0.2572228658964469,3.834266479504886,0.0162000958506752,4.5568305875764255,0.0100219693891024,False,Star,*|MIR|NIR,6827.575,254.68288001944697
1253,85.147967,-68.117111,instability_strip,high,0,1,0,0,0,0,0,0,0,0,0,0,25.596,12.882663537248607,12.8795371197579,1.0,166359229.96826518,6104.93984283421,0.0,166359229.96826518,6236.12357801685,0.0,166359229.96826518,6360.724082583875,0.0,11.483122634394755,19.84266462930628,31.32578726370104,0.4956465599272075,15.203360117285712,18.251907543989915,33.45526766127563,0.6578054432886926,19.75104653630543,0.8599999999999994,2.6424604196550208,0.0,1.4766796691395323,3.6592814003265297,0.0105049117693146,4.836168084313887,0.0076235870118312,False,LongPeriodV*_Candidate,*|LP?|MIR|NIR,4563.325,110.37977339621602
1254,85.44976,-67.424591,hot_dim,low,0,0,0,0,0,0,0,1,0,0,0,0,17.729,13.28052512013556,13.278211234736952,0.0,161767.8053784605,3015.5814522961864,0.0,161767.8053784605,3108.1112262156025,0.0,161767.8053784605,3196.5002754468483,0.0,2.2860104437938027,16.501826676843432,18.787837120637235,0.1410587263885645,3.0449269269376735,16.13198203388442,19.176908960822093,0.1879999999999988,3.30442030576285,0.2040000000000006,329.2004965828314,0.0,0.2568389544914417,3.851449457405065,0.0157575662728049,4.017076945448866,0.0108551508307489,False,Star,*|NIR,7103.125,257.72365893530224
1255,85.498134,-67.343369,,,0,0,0,0,0,0,0,0,0,0,0,0,73.51626886469742,11.734011084732831,11.734,0.0,481159.2305822767,3184.585397118016,0.0,481159.2305822767,3279.641855081277,0.0,481159.2305822767,3370.3978017149266,0.0,3.7512397195529137,71.60887739617225,75.36011711572516,0.0557454465036872,5.38051616148293,70.825623711621,76.20613987310394,0.0797058724623873,6.695940484108618,0.0992241028677121,1181.57466846613,0.0,0.2037884597672083,4.025380631227741,0.0420084636563,4.655729393877411,0.0431758209186159,False,Star,*|MIR|NIR,10601.825,1025.4939879760389
1256,85.621564,-67.328308,,,0,0,0,0,0,0,0,0,0,0,0,0,,,,,,,,,,,,,,,,,,,,,,,,,,,3.857279714380674,0.0082423928726512,4.947403879061196,0.0079324343324639,False,,,7199.125,136.6308324464138
1257,86.46637,-67.240532,,,0,0,0,0,0,0,0,0,0,0,0,0,64.75446267977276,11.87175354109567,11.872,1.0,948460.8152380696,2234.5257046424786,0.0,948460.8152380696,2314.33154209969,0.0,948460.8152380696,2390.801760279414,0.0,6.714704120679073,61.46769918982467,68.18240331050374,0.1122903713986165,9.145590403447756,60.58946631116788,69.73505671461564,0.1528818409515562,12.231583262283728,0.2052995761564009,383.663482276736,0.0,0.6551588335495764,4.125003604501834,0.0255505033881535,4.785821323584157,0.0353851779935281,False,WolfRayet*,*|Em*|EmO|IR|MIR|NIR|WR*|Y*?,13335.325,784.546617082121
1258,86.252525,-67.176193,,,0,0,0,0,0,0,0,0,0,0,0,0,,,,,,,,,,,,,,,,,,,,,,,,,,,3.7780842914894697,0.0010988437837309,5.225035275940578,0.0054964133053766,False,,,5999.075,15.17874747797064
1259,85.480018,-66.739258,instability_strip,high,1,0,0,0,0,0,0,0,0,0,0,0,48.51465792119476,12.185693261279612,12.185214577290507,0.0,792179.1513978757,2239.560912745282,0.0,792179.1513978757,2319.4553583813595,0.0,792179.1513978757,2396.008574991361,0.0,5.41928382815027,45.80841436898049,51.22769819713076,0.121527308415791,7.307924569434427,44.77467442229063,52.08259899172506,0.1638237131683251,9.888604582386732,0.222653360270657,20.8573107710195,0.0,0.97431654766264,3.7938567107766255,0.0064951422996367,4.553194055726068,0.0161666285310865,False,Variable*,*|MIR|NIR|V*,6220.95,93.03815077697963
1260,85.947186,-66.585823,,,0,0,0,0,0,0,0,0,0,0,0,0,27.07962108800347,12.815021225068111,12.81842782177226,0.0,3423970.9852900617,2243.589050538373,0.0,3423970.9852900617,2323.5543105272905,0.0,3423970.9852900617,2400.1738582975327,0.0,16.821419937091072,19.923303599982873,36.744723537073945,0.6649539204872745,18.66867951157047,19.17473611888782,37.843415630458296,0.7384799999999974,21.509034319803295,0.8304739012849858,78.91707699786618,0.0,1.8726167470669153,3.700069547764429,0.0048495506768176,4.5065575288150646,0.0057824190667306,False,ClassicalCep,*|cC*|Ce*|MIR|NIR|V*|V*?,5012.675,55.97405090754109
1261,74.787743,-65.667702,instability_strip,high,0,1,0,0,0,0,0,0,0,0,0,0,238.37396240352132,10.49028244658012,10.456628346215313,1.0,39403561.249458194,2169.064311327027,0.0,39403561.249458194,2247.708962456164,0.0,39403561.249458194,2323.091513250015,0.0,138.19157864430056,151.84327245970516,290.0348511040057,0.7026969289045475,171.08584657892206,137.02560248133997,308.11144906026203,0.8800500000000007,188.37670825755163,0.971210577847101,427.6061102461018,0.0,22.67980107193544,3.743274523511934,0.0069630650356124,5.325938850799199,0.0123523864756928,False,Star,*|MIR|NIR,5537.0,88.77499647986475
1262,77.812733,-65.96006,hot_bright,medium,0,1,0,0,0,0,0,0,0,0,0,0,61.981525791902314,11.919955811059216,11.91959268902022,1.0,1054710.9627580028,2190.2141342661084,0.0,1054710.9627580028,2269.2358437474727,0.0,1054710.9627580028,2344.971578986242,0.0,4.777492569767645,59.54093068942687,64.31842325919452,0.0830000000000001,6.882213016486197,58.32459811415111,65.2068111306373,0.120961480347514,8.253718562952052,0.1460000000000008,766.8149549820436,0.0,0.6481548432705391,3.9209915687683057,0.009824602806789,4.503698177943654,0.0127329777756233,False,Star,*|MIR|NIR,8336.65,188.59156264265903
1263,78.41177,-65.466476,,,0,0,0,0,0,0,0,0,0,0,0,0,175.73220792410558,10.787742979751329,10.788,0.0,392662.9587148612,2128.776884782238,0.0,392662.9587148612,2206.6981723863996,0.0,392662.9587148612,2281.403162963364,0.0,3.1258796368297226,174.2874691748223,177.413348811652,0.0195956772335392,4.560568741928876,173.58694,178.14750874192887,0.0280035947428647,5.26543235307372,0.0325956772335391,329.24055427469534,0.0,0.3298200882188887,3.683312759571342,0.0110021279781834,3.772400382436016,0.0204512304273947,False,Star,*|NIR,4822.95,122.18141225243716
1264,79.788019,-65.155556,,,0,0,0,0,0,0,0,0,0,0,0,0,13.77079826488836,13.55265028975114,13.552687065617706,0.0,62270.69641852225,2173.0929055597735,0.0,62270.69641852225,2251.809519572553,0.0,62270.69641852225,2327.259476759856,0.0,0.8557837074333552,13.358644269810496,14.214427977243853,0.0676348864905449,1.2391785743422297,13.151781474576396,14.390960048918624,0.0977633467188763,1.5019933200985405,0.1186870656177045,389.3032395509942,0.0,0.1308248824058653,3.8850670668817178,0.0066130561928416,3.85424012153202,0.009734024309312,False,,,7674.8,116.86513594738167
1265,83.37404,-65.945999,instability_strip,low,0,0,0,0,1,0,0,0,0,0,0,0,54.632,12.05625974435092,12.056671347550871,0.0,240197.1884692716,2217.405697278823,0.0,240197.1884692716,2296.9095125090557,0.0,240197.1884692716,2373.0968297466734,0.0,2.522855422817628,53.40114457718237,55.924,0.0499099115765844,3.474000000000011,52.87775,56.35175000000001,0.0693539340810591,4.238172730799491,0.0839999999999996,1074.7686474021905,0.0,0.1439703587787914,3.798940538627469,0.0065807833378802,4.49102834090641,0.0062908978518871,False,Star,*|MIR|NIR,6294.2,95.37483944940617
1266,80.420956,-65.868645,hot_bright,medium,0,0,0,1,0,0,0,0,0,0,0,0,,,,,,,,,,,,,,,,,,,,,,,,,,,3.946776391042226,0.0151941288467274,5.077509311267378,0.0188834419325131,False,,,8846.6,309.50515343043963
1267,80.257105,-65.800743,,,0,0,0,0,0,0,0,0,0,0,0,0,,,,,,,,,,,,,,,,,,,,,,,,,,,3.778169345610075,0.0011152946556969,5.453322163604046,0.0084920438517516,False,,,6000.25,15.409007106234975
1268,80.746689,-65.80143,,,0,0,0,0,0,0,0,0,0,0,0,0,20.28063053508323,13.132296232372555,13.132,0.0,80206.00256234658,2176.114333719567,0.0,80206.00256234658,2254.8848758231557,0.0,80206.00256234658,2330.385346546735,0.0,1.081411484450868,19.752389066527957,20.833800550978825,0.0578799189936507,1.5627301139069765,19.52792,21.090650113906975,0.0831200810063528,1.859088067391504,0.0999999999999996,396.91424354826654,0.0,0.096168117478274,3.6020599913279625,0.0,2.8810500125794696,0.039407298558484,False,,,4000.0,0.0
1269,81.94343,-65.682083,,,0,0,0,0,0,0,0,0,0,0,0,0,137.3038636940833,11.056234293099552,11.055886575301718,1.0,553089.9278109893,1418.167742921058,0.0,553089.9278109893,1481.972841509283,0.0,553089.9278109893,1543.4563495017076,0.0,7.667896536454492,133.4685523552977,141.1364488917522,0.060920602711203,10.849028097876044,131.93459049077077,142.78361858864682,0.0859533807836125,13.555267568079046,0.1081134246982848,330.8697688293233,0.0,1.6808378484410225,3.91523753811881,0.0178773249166276,4.765855229473195,0.0166475584784269,False,Supergiant,*|MIR|NIR|sg*,8226.925,338.65364958169283
