target_idx,target_ra,target_dec,target_overall_mean,target_overall_median,target_overall_mean_mag,target_overall_median_mag,target_offset_flag,target_chi_squared_68,target_chi2_threshold_68,target_chi_flag_68,target_chi_squared_95,target_chi2_threshold_95,target_chi_flag_95,target_chi_squared_997,target_chi2_threshold_997,target_chi_flag_997,target_amplitude_5,target_lower_percentile_5,target_upper_percentile_5,target_mag_amplitude_5,target_amplitude_1,target_lower_percentile_1,target_upper_percentile_1,target_mag_amplitude_1,target_largest_amp,target_best_period,target_alarm_level_flag,target_std_amplitude,target_logt,target_logl,target_cephied_like,target_ir_variable_like,target_other_variable_like,multiple_match_flag,smash_ra,smash_dec,smash_glon,smash_glat,smash_elon,smash_elat,smash_raerr,smash_decerr,smash_rascatter,smash_decscatter,smash_umag,smash_uerr,smash_uscatter,smash_gmag,smash_gerr,smash_gscatter,smash_rmag,smash_rerr,smash_rscatter,smash_imag,smash_ierr,smash_iscatter,smash_zmag,smash_zerr,smash_zscatter,smash_chi,smash_sharp,smash_prob,smash_ebv,smash_htm9,smash_ring256,smash_nest4096,smash_random_id,smash_ndet,smash_depthflag,smash_ndetu,smash_ndetg,smash_ndetr,smash_ndeti,smash_ndetz,smash_flag,smash_id,distance_arcsec
0,7.521702,-73.913918,10.311394408047692,10.31918243024229,13.8669936669659,13.865935413489524,0.0,163834.4699897408,2785.1662132524916,0.0,163834.4699897408,2874.134190638807,0.0,163834.4699897408,2959.1867350271564,0.0,0.6925586258088234,9.956297817189654,10.648856442998476,0.0729999999999986,1.0833832962351515,9.744959152656552,10.828342448891703,0.1147408643569765,1.4347401721891728,2.2546201058554836,0.0,0.2156334171116621,3.7731406018682785,4.026600492146291,,,,0,7.521817569740818,-73.91388363389902,304.95595509845856,-43.130360614035034,308.2122593680835,-63.635492831098375,0.027274999767541885,0.027274999767541885,0.017642000690102577,0.013082999736070633,15.042215,0.007098999805748463,0.019724000245332718,99.99,9.989999771118164,99.98999786376953,99.99,9.989999771118164,99.98999786376953,99.99,9.989999771118164,99.98999786376953,99.99,9.989999771118164,99.98999786376953,1.0694999694824219,-0.0885000005364418,99.98999786376953,0.05300400033593178,2174716.0,770775.0,136451385.0,95.27694702148438,2.0,1.0,2.0,0.0,0.0,0.0,0.0,-1.0,48141.991752,0.16910242357477925
1,7.746443,-73.741425,8.216994256978742,8.213630010930606,14.113502688406244,14.113766969556716,0.0,23362.341221141975,2340.2568840359204,0.0,23362.341221141975,2421.902882832582,0.0,23362.341221141975,2500.096772515748,0.0,0.5485679143617626,7.945354365715656,8.493922280077419,0.0726314488682948,0.8780818514099265,7.766030793158827,8.644112644568754,0.1169100000000007,1.1372183000270937,28.584579294336375,1.0,0.1405857089849504,3.7708465510721783,4.010041520214789,,,,0,7.746501877050463,-73.74141393508198,304.89693487213816,-43.30872029530176,308.6216980487564,-63.61152570736517,0.01394800003618002,0.01394800003618002,0.013674999587237835,0.017458999529480934,15.284739,0.0032309999223798513,0.021550999954342842,14.05325,0.012253999710083008,99.98999786376953,99.99,9.989999771118164,99.98999786376953,99.99,9.989999771118164,99.98999786376953,99.99,9.989999771118164,99.98999786376953,0.8601250052452087,-0.03099999949336052,0.0,0.049543000757694244,2174660.0,770419.0,136451908.0,3.174388885498047,8.0,3.0,7.0,1.0,0.0,0.0,0.0,2.0,48141.849197,0.07147189985865997
2,7.925977,-73.53167,3.7446376458663417,3.743518467438104,14.96737599190094,14.967000000000002,0.0,17530.6115245252,2327.1672721856025,0.0,17530.6115245252,2408.5877442112724,0.0,17530.6115245252,2486.570382788624,0.0,0.4926710956426587,3.495,3.987671095642659,0.1437146803800946,0.7762365740466901,3.3694617630510946,4.145698337097785,0.2250049901942876,0.991786410269015,201.54708472066625,0.0,0.0715782769731489,3.6347791705249826,4.044608418030504,,,,1,7.925978598757365,-73.5316777468076,304.8587016613096,-43.522670256551,309.09206478647076,-63.55898486090219,0.008767000399529934,0.008767000399529934,0.006020000204443932,0.026858000084757805,17.539347,0.005119999870657921,0.07034000009298325,15.005079,0.0013879999751225114,0.0755160003900528,99.99,9.989999771118164,99.98999786376953,99.99,9.989999771118164,99.98999786376953,99.99,9.989999771118164,99.98999786376953,1.3139170408248901,-0.024082999676465988,0.12999999523162842,0.04650000110268593,2174640.0,770419.0,136452092.0,30.867401123046875,12.0,3.0,6.0,6.0,0.0,0.0,0.0,2.0,48141.228030,0.027936194870222687
3,7.948884,-73.599243,4.383920773464371,4.384264469602897,14.795906043473543,14.79550618993722,0.0,12931.49206727408,2344.2844061177343,0.0,12931.49206727408,2425.9996699502126,0.0,12931.49206727408,2504.258440308519,0.0,0.4366186546707267,4.169138799504128,4.605757454174855,0.1083458164710329,0.7014468972835672,4.029309673018828,4.730756570302395,0.1742398942969014,0.9253151336692014,481.2353185510351,0.0,0.0793747366973713,3.6290985955803414,4.026778011235634,,,,0,7.948915729072618,-73.59924514155145,304.84000427365885,-43.45616119072006,308.9644125035546,-63.59614443074141,0.00687299994751811,0.00687299994751811,0.05647499859333038,0.040081001818180084,17.916418,0.0045449999161064625,0.016637999564409256,15.231487,0.0012799999676644802,0.03429599851369858,14.085505,0.0033360000234097242,0.05149399861693382,13.527773,0.014121999964118004,0.12641899287700653,13.361371,0.05142100155353546,99.98999786376953,1.9346790313720703,0.009499999694526196,0.012000000104308128,0.04248100146651268,2174632.0,770419.0,136452052.0,6.655640125274658,28.0,3.0,11.0,9.0,5.0,2.0,1.0,2.0,48141.222903,0.033160465945570955
4,7.980047,-73.578545,3.0508875279881247,3.0477859457908716,15.189939100570182,15.19003810503309,0.0,11658.083926269228,2346.298158231631,0.0,11658.083926269228,2428.048032118826,0.0,11658.083926269228,2506.339221784087,0.0,0.4158991767283577,2.8544263214167884,3.270325498145146,0.1479999999999979,0.6797448713460805,2.723035103187025,3.4027799745331055,0.242213892817972,0.8549007125096395,282.08961684975844,0.0,0.0724700829995179,3.60928920229464,4.036388455838606,,,,1,7.980067764237531,-73.578549537461,304.83092777531283,-43.4776641254331,309.0148200238619,-63.5943382751155,0.007309999782592058,0.007309999782592058,0.046539001166820526,0.046727001667022705,18.295853,0.005078000016510487,0.04266300052404404,15.276505,0.00133200001437217,0.1953119933605194,99.99,9.989999771118164,99.98999786376953,13.423426,0.014774000272154808,99.98999786376953,99.99,9.989999771118164,99.98999786376953,1.9988149404525757,-0.023963000625371933,0.03437500074505806,0.043731000274419785,2174632.0,770419.0,136452055.0,15.202975273132324,27.0,3.0,11.0,15.0,0.0,1.0,0.0,2.0,48141.223617,0.026709523279389514
5,7.981742,-73.585571,5.584488201593248,5.582236283281537,14.533180284627967,14.533177980119516,0.0,26322.038067433234,2365.42850808631,0.0,26322.038067433234,2447.506434606942,0.0,26322.038067433234,2526.1049121771484,0.0,0.5997963240925417,5.293775352887784,5.893571676980326,0.1167521958198865,0.896179296143524,5.157074825263488,6.053254121407012,0.1741702355491501,1.3431044229249691,963.750879628878,0.0,0.0405424764578139,3.617613145232212,4.323310793338593,,,,1,7.981784905225117,-73.58558135895737,304.82925197782293,-43.47072127550966,309.001319064382,-63.59803102050057,0.007934000343084335,0.007934000343084335,0.04712300002574921,0.04030200093984604,17.359644,0.004379000049084425,0.02813900075852871,14.548666,0.0012400000123307109,0.1244489997625351,99.99,9.989999771118164,99.98999786376953,99.99,9.989999771118164,99.98999786376953,99.99,9.989999771118164,99.98999786376953,2.6134231090545654,0.06207700073719025,0.1080000028014183,0.043108999729156494,2174632.0,770419.0,136452055.0,11.947277069091797,26.0,3.0,11.0,15.0,0.0,0.0,0.0,2.0,48141.217504,0.05740914085895014
6,8.228736,-73.821953,6.753290417232638,6.238660360953485,14.360736477016594,14.41250378031075,0.0,1019282.3886334592,2392.612832516904,0.0,1019282.3886334592,2475.154650314557,0.0,1019282.3886334592,2554.1876573386194,0.0,5.55801908167924,4.744610073307244,10.302629154986484,0.8415436981842905,6.247079169856184,4.518619001846741,10.765698171702924,0.9422570671349018,8.65548152802409,15.836137953837914,0.0,0.7332878673013207,3.79498098679828,4.03439240577564,,,,0,8.22883175639301,-73.82196793923505,304.7014186340926,-43.242587872099165,308.59949678074685,-63.768177244638245,0.008972999639809132,0.008972999639809132,0.009309000335633755,0.017031999304890633,15.978545,0.004474000073969364,0.01565600000321865,14.538131,0.0013099999632686377,0.02863599918782711,99.99,9.989999771118164,99.98999786376953,99.99,9.989999771118164,99.98999786376953,99.99,9.989999771118164,99.98999786376953,1.000385046005249,-0.02500000037252903,0.9399999976158142,0.04364899918437004,2174663.0,770420.0,136462345.0,74.81592559814453,13.0,3.0,7.0,6.0,0.0,0.0,0.0,2.0,48050.165906,0.11007995364834004
7,8.560188,-73.619049,4.146184968099275,4.149907198187983,14.85660296835384,14.85523121149444,0.0,30290.33415234964,2014.9497632007576,0.0,30290.33415234964,2090.7894487834265,0.0,30290.33415234964,2163.5446645749457,0.0,0.4894920130369211,3.900068448746743,4.389560461783664,0.1280349823091935,0.7349419715396519,3.759074885477824,4.494016857017476,0.1940851978059967,0.9775739663853796,6.9017019001918465,1.0,0.159719025052903,3.617888734270881,4.098910276301404,,,,0,8.560171887175976,-73.61910917314471,304.6008505070605,-43.453372158359585,309.1036984446865,-63.7584162084063,0.011646999977529049,0.011646999977529049,0.030956000089645386,0.023746000602841377,17.732721,0.0070940000005066395,0.04039299860596657,14.917491,0.0026579999830573797,0.06192199885845184,99.99,9.989999771118164,99.98999786376953,99.99,9.989999771118164,99.98999786376953,99.99,9.989999771118164,99.98999786376953,3.883867025375366,0.10833299905061722,0.12999999523162842,0.0393109992146492,2174635.0,770420.0,136462519.0,72.4448471069336,15.0,3.0,6.0,9.0,0.0,0.0,0.0,2.0,48050.352081,0.21724014485639498
8,8.637665,-73.873337,25.140864274570983,25.133,12.899205928237128,12.899,0.0,20130.82184963621,656.202321606502,0.0,20130.82184963621,699.9629762509568,0.0,20130.82184963621,742.6776242919044,0.0,1.0109999999999992,24.631,25.642,0.0429999999999992,1.463199999999997,24.3882,25.8514,0.0631999999999983,2.401,345.6511763094278,1.0,0.3551042962630699,3.87934638199243,4.206011752897837,,,,0,8.637638961822047,-73.87335847163156,304.5393983385617,-43.20214620902938,308.61200831294923,-63.89285393952669,0.03380100056529045,0.03380100056529045,0.021650999784469604,0.020217999815940857,13.864445,0.004354000091552734,0.021188000217080116,99.99,9.989999771118164,99.98999786376953,99.99,9.989999771118164,99.98999786376953,99.99,9.989999771118164,99.98999786376953,99.99,9.989999771118164,99.98999786376953,1.5043330192565918,-0.15800000727176666,99.98999786376953,0.04667000100016594,2174662.0,770776.0,136374933.0,62.16790771484375,3.0,1.0,3.0,0.0,0.0,0.0,0.0,-1.0,48142.441802,0.08156511969431048
9,8.763608,-73.549622,5.831962012614965,5.829741861543312,14.4859572828414,14.485889639790289,0.0,18967.635579420552,1729.768508665598,0.0,18967.635579420552,1800.1187228901035,0.0,18967.635579420552,1867.7322763220384,0.0,0.5364456520530281,5.567829887413301,6.104275539466329,0.0999620989749523,0.839945478677107,5.441048686517407,6.280994165194514,0.1559742693987189,1.0647151730397164,388.6442267030881,0.0,0.0713291651988147,3.626271506057682,4.272655917772488,,,,0,8.763576496904808,-73.54968611824044,304.5305298190966,-43.52767617555116,309.30281448861257,-63.77785862509054,0.009331000037491322,0.009331000037491322,0.016946999356150627,0.024970000609755516,17.29007,0.005363000091165304,0.03288400173187256,14.659092,0.0033950000070035458,0.14764200150966644,13.35204,0.011284999549388885,0.06553199887275696,12.768922,0.008019999600946903,0.06027799844741821,99.99,9.989999771118164,99.98999786376953,5.121459007263184,0.18016700446605682,0.40117600560188293,0.046831000596284866,2174634.0,770420.0,136462575.0,92.42704772949219,24.0,3.0,10.0,10.0,2.0,2.0,0.0,10.0,48050.106678,0.23304922601930972
10,8.763859,-74.203384,8.39669143716029,8.391430144364884,14.090483474288398,14.09073710558321,0.0,67129.17058288842,2382.544687752355,0.0,67129.17058288842,2464.915004840642,0.0,67129.17058288842,2543.7873660821942,0.0,0.9539365266809056,7.94487455370494,8.898811080385846,0.1229836542897313,1.430895210316509,7.698713309233,9.129608519549508,0.1851455115413465,2.2783287119469113,1355.9477695311105,0.0,0.1049026531248098,3.614334824858832,4.508927671971229,,,,0,8.763891657175002,-74.20340727360475,304.45220317212977,-42.87645304807021,307.97264388591276,-64.07027728779707,0.009895999915897846,0.009895999915897846,0.0035069999285042286,0.012973999604582787,16.913244,0.0037539999466389418,0.062238000333309174,14.335157,0.004521999973803759,0.009504999965429306,99.99,9.989999771118164,99.98999786376953,99.99,9.989999771118164,99.98999786376953,99.99,9.989999771118164,99.98999786376953,0.9378179907798767,0.05218200013041496,0.33000001311302185,0.038481999188661575,2174665.0,771476.0,136372916.0,47.96356964111328,11.0,3.0,8.0,3.0,0.0,0.0,0.0,2.0,48142.193738,0.08968939699159824
11,8.989162,-73.734062,4.555475427070722,4.5577817035488,14.754197334334188,14.753106270684682,0.0,11584.583181661616,1707.591590908408,0.0,11584.583181661616,1777.496567404518,0.0,11584.583181661616,1844.6931045702272,0.0,0.4288778385965344,4.335548390109914,4.764426228706449,0.1020141991161125,0.6795635431812377,4.20926163178626,4.888825174967498,0.1621900000000007,0.9357092019101714,1228.6709349923117,0.0,0.0054051832931456,3.614064349294519,4.15813168499091,,,,0,8.98919879035233,-73.73407374004566,304.42171366807463,-43.349368730093765,308.9950374488831,-63.91798214340114,0.00748499995097518,0.00748499995097518,0.03624900057911873,0.04283500090241432,17.120937,0.003109999932348728,0.034977998584508896,14.815303,0.0012969999806955457,0.12165799736976624,99.99,9.989999771118164,99.98999786376953,13.254861,0.015256999991834164,99.98999786376953,99.99,9.989999771118164,99.98999786376953,3.0072219371795654,-0.068851999938488,0.24437500536441803,0.039174001663923264,2174633.0,770776.0,136375027.0,64.74103546142578,27.0,3.0,11.0,15.0,0.0,1.0,0.0,2.0,48142.14982,0.05623589207340795
12,9.124077,-73.918602,10.78317444112785,10.783681651582013,13.818379564207774,13.818,0.0,27949.223483703587,1736.824560643829,0.0,27949.223483703587,1807.31583746203,0.0,27949.223483703587,1875.061512601343,0.0,0.6787737288736047,10.439864393695784,11.11863812256939,0.0681415151344637,1.0714309769186077,10.252553629967064,11.323984606885672,0.1076625567885596,1.341913012586529,398.8978038850534,1.0,0.1447472344514037,3.865872919730731,4.005627998428851,,,,0,9.123991771135369,-73.91863568933518,304.3497856715298,-43.16845748268316,308.65653230764207,-64.0338057321776,0.013286000117659569,0.013286000117659569,0.053231000900268555,0.022043000906705856,14.712751,0.00329799996688962,0.02232700027525425,13.885162,0.007495999801903963,0.014395000413060188,13.900048,0.0035290000960230827,0.15546099841594696,99.99,9.989999771118164,99.98999786376953,99.99,9.989999771118164,99.98999786376953,1.2232730388641357,0.011091000400483608,0.0,0.05134499818086624,2174657.0,771128.0,136374518.0,22.30299186706543,11.0,3.0,6.0,2.0,3.0,0.0,0.0,0.0,48142.441861,0.14809690291563818
13,9.380191,-74.411057,3.7379229808158647,3.7310459047929663,14.969231686906385,14.970731263622374,0.0,54353.51161511171,1986.7411986550744,0.0,54353.51161511171,2062.055995215518,0.0,54353.51161511171,2134.319568042317,0.0,0.4537397421000122,3.531112444387958,3.98485218648797,0.1310109994879909,0.730600878212746,3.3865089362578606,4.117109814470607,0.2125093846779755,0.9361783779917636,402.9434940896605,1.0,0.0588349654895475,3.6242999756552186,4.039180295764412,,,,0,9.3801432121013,-74.41106480068613,304.20317245578434,-42.68281797822008,307.70744250524353,-64.31021826987711,0.008372999727725983,0.008372999727725983,0.014771999791264534,0.021981999278068542,17.846178,0.006513999775052071,0.009202999994158745,15.140258,0.0017190000507980585,0.07356300204992294,13.993325,0.0036440000403672457,99.98999786376953,99.99,9.989999771118164,99.98999786376953,99.99,9.989999771118164,99.98999786376953,1.8812309503555298,0.011614999733865261,0.009999999776482582,0.04001700133085251,2174549.0,771820.0,136372313.0,13.533822059631348,13.0,3.0,6.0,6.0,1.0,0.0,0.0,2.0,48142.1646542,0.05409274123253883
14,9.508638,-73.630348,10.057767128749427,10.056291053012185,13.894057052369236,13.893836499353256,0.0,29302.50887175755,1741.864527530903,0.0,29302.50887175755,1812.4563866118767,0.0,29302.50887175755,1880.296268981238,0.0,0.7010041184983411,9.722744399176792,10.423748517675136,0.0754365703475503,1.033895901163822,9.563232259945964,10.597128161109785,0.1112499290057016,1.6067891099090517,217.40680975568915,0.0,0.2271371593166486,3.67965435274591,4.087350795881269,,,,0,9.508528443983582,-73.63037831698384,304.23247804021685,-43.464010372433464,309.3549988479626,-64.00207799992988,0.01751299947500229,0.01751299947500229,0.020942000672221184,0.0026360000483691692,15.220947,0.0027830000035464764,0.045949000865221024,99.99,9.989999771118164,99.98999786376953,99.99,9.989999771118164,99.98999786376953,99.99,9.989999771118164,99.98999786376953,99.99,9.989999771118164,99.98999786376953,1.0712000131607056,-0.10300000011920929,0.9800000190734863,0.05426499992609024,2174629.0,770421.0,136375222.0,83.3756332397461,5.0,3.0,5.0,0.0,0.0,0.0,0.0,2.0,48142.441672,0.15577970347948616
15,9.563685,-73.017746,4.728478870415848,4.72409560569575,14.713962911035482,14.714,0.0,17352.354563234883,1731.7845352575391,0.0,17352.354563234883,1802.175082622015,0.0,17352.354563234883,1869.826412763617,0.0,0.5608743550356206,4.459574376533633,5.020448731569253,0.1287647393906184,0.861045248314781,4.308580025199291,5.169625273514072,0.1978277573490992,1.1720171693733716,859.151301845494,0.0,0.1160321710364232,3.608513883384824,4.18488274465806,,,,0,9.563710864888236,-73.01774957272347,304.271219047942,-44.07620481274959,310.61046392732527,-63.73776527774382,0.009019000455737114,0.009019000455737114,0.011629000306129456,0.025846999138593674,17.731588,0.004798999987542629,0.014751999638974667,14.803189,0.0028589998837560415,0.10127600282430649,99.99,9.989999771118164,99.98999786376953,99.99,9.989999771118164,99.98999786376953,99.99,9.989999771118164,99.98999786376953,3.763427972793579,0.0798569992184639,0.9100000262260437,0.09332200139760971,2174594.0,769329.0,136464881.0,19.98699378967285,14.0,3.0,5.0,9.0,0.0,0.0,0.0,2.0,48050.1054712,0.030084201522495326
16,9.57867,-73.525597,7.206337423439534,6.9757423367941875,14.270832590505073,14.291,0.0,476941.0090232499,1752.952250022822,0.0,476941.0090232499,1823.7648751333663,0.0,476941.0090232499,1891.8115314257736,0.0,3.4822297822637776,5.691370217736221,9.1736,0.5184138336195936,4.030103863332746,5.452176136667253,9.48228,0.6011455446547096,6.341438398980827,36.975922795733894,0.0,0.4690101578574401,3.689903794746307,4.048967917058972,,,,0,9.578672814777594,-73.5255765808836,304.21545993747526,-43.56995540087206,309.588958389193,-63.972949297892825,0.008016999810934067,0.008016999810934067,0.026468999683856964,0.026638999581336975,16.88419,0.004461999982595444,0.10490799695253372,14.582663,0.0013370000524446368,0.09723400324583054,99.99,9.989999771118164,99.98999786376953,99.99,9.989999771118164,99.98999786376953,99.99,9.989999771118164,99.98999786376953,2.1891109943389893,-0.002056000055745244,0.9800000190734863,0.05553999915719032,2174631.0,770061.0,136462688.0,32.40903854370117,18.0,3.0,7.0,11.0,0.0,0.0,0.0,2.0,48050.284486,0.07356496661768981
17,9.818972,-72.032875,8.47082572887872,7.477354018064224,14.132638716987936,14.215770302526426,0.0,2094730.1103265844,2960.2466576195034,0.0,2094730.1103265844,3051.9338369276343,0.0,2094730.1103265844,3139.533582645954,0.0,8.953893263615301,5.487975061486376,14.441868325101677,1.0502650129866442,10.024957806729285,5.262708066981421,15.287665873710704,1.1580656261795,10.976144943362623,18.89885009126932,0.0,1.20304438566377,3.756468455364246,4.0739798016246125,,,,0,9.819017732148884,-72.03287107466714,304.25928842003316,-45.06402380676903,312.6373101490008,-63.33747725535721,0.014835000038146973,0.014835000038146973,0.0020649998914450407,0.0019000000320374966,14.663854,0.003020999953150749,0.011091000400483608,99.99,9.989999771118164,99.98999786376953,99.99,9.989999771118164,99.98999786376953,99.99,9.989999771118164,99.98999786376953,99.99,9.989999771118164,99.98999786376953,0.7020000219345093,-0.04749999940395355,0.8100000023841858,0.04369800165295601,2171572.0,767038.0,136474190.0,50.747947692871094,4.0,3.0,4.0,0.0,0.0,0.0,0.0,2.0,47954.755814,0.052714772719986744
18,10.190774,-72.673569,5.403929598021974,5.395228428869251,14.568949241404132,14.57,0.0,19014.28876848219,1733.800552448407,0.0,19014.28876848219,1804.2314092986587,0.0,19014.28876848219,1871.920494010162,0.0,0.5943084732704911,5.1192471928083965,5.7135556660788875,0.1196043586250699,0.9863906332008848,4.938744569683207,5.925135202884092,0.1978550847750089,1.3329508234388765,342.47053541096204,0.0,0.1584284566957955,3.61761314523221,4.300110793338582,,,,0,10.19079574273977,-72.67358083207063,304.0445857676448,-44.43160269234314,311.4934958077747,-63.74179841915242,0.007658000104129314,0.007658000104129314,0.007404999807476997,0.013361000455915928,17.28752,0.0037559999618679285,0.015683000907301903,14.622002,0.0016540000215172768,0.03154800087213516,99.99,9.989999771118164,99.98999786376953,99.99,9.989999771118164,99.98999786376953,99.99,9.989999771118164,99.98999786376953,1.7337340116500854,0.07826700061559677,0.8999999761581421,0.06228199973702431,2171523.0,768582.0,136466149.0,21.78204917907715,15.0,3.0,6.0,9.0,0.0,0.0,0.0,2.0,48050.1009286,0.048556999478277366
19,10.191936,-73.717102,8.150062478540912,7.619,14.162946898531796,14.195000000000002,0.0,1096167.1965422218,1752.952250022822,0.0,1096167.1965422218,1823.7648751333663,0.0,1096167.1965422218,1891.8115314257736,0.0,6.86953001147747,5.416625679298524,12.286155690775994,0.8887992815612265,7.72448205865351,5.201001693429583,12.925483752083093,0.988635105482306,9.08904526051825,28.44771192261796,0.0,0.7036820144102817,3.726839240543738,4.062092386730764,,,,0,10.191908064858113,-73.71709933339058,303.9608326620226,-43.3898298150236,309.37079396256746,-64.21273336449423,0.016498999670147896,0.016498999670147896,0.09899099916219711,0.013721000403165817,16.512148,0.00648199999704957,0.24876099824905396,14.519641,0.0018230000277981162,0.16443799436092377,99.99,9.989999771118164,99.98999786376953,99.99,9.989999771118164,99.98999786376953,99.99,9.989999771118164,99.98999786376953,1.1104999780654907,0.06199999898672104,99.98999786376953,0.06653399765491486,2174630.0,770422.0,136375434.0,99.89702606201172,6.0,1.0,3.0,3.0,0.0,0.0,0.0,-1.0,48142.300339,0.029786222291041102
20,10.512744,-73.888428,4.1000122097073834,4.098278491170763,14.868742162185312,14.86847548910755,0.0,13862.414710893376,1723.7203723173586,0.0,13862.414710893376,1793.949444779268,0.0,13862.414710893376,1861.4495348530693,0.0,0.4620301247967311,3.8762378987990807,4.338268023595812,0.1227982063583663,0.708316283229895,3.764716852279739,4.473033135509635,0.187606986429655,0.9980805979118976,254.17285333168633,0.0,0.069087983950583,3.607237523040355,4.111887197158831,,,,0,10.512739647186367,-73.8884196845395,303.82542863466443,-43.22354383454217,309.10363429167705,-64.36741841767153,0.008125999942421913,0.008125999942421913,0.012446999549865723,0.017054999247193336,17.838549,0.006397999823093414,0.033330999314785004,15.10193,0.001854000031016767,0.09216699749231339,13.870706,0.017779000103473663,99.98999786376953,99.99,9.989999771118164,99.98999786376953,99.99,9.989999771118164,99.98999786376953,1.6292140483856201,-0.04621399939060211,0.36000001430511475,0.07425999641418457,2174738.0,770778.0,136373906.0,7.690112113952637,14.0,3.0,6.0,7.0,1.0,0.0,0.0,2.0,48142.1276065,0.030249858073496557
21,10.598432,-73.412109,4.34050744550589,4.335,14.806945780674477,14.80750861028618,0.0,13045.320149671352,1724.7284009471673,0.0,13045.320149671352,1794.9776785607512,0.0,13045.320149671352,1862.496693100846,0.0,0.5161871589073757,4.083778950941326,4.599966109848702,0.1293397787399648,0.8609220522368699,3.9198698181132063,4.780791870350076,0.2158613406595098,1.1356552850029793,254.29619338834365,0.0,0.136943533039988,3.613524824796109,4.192941829032256,,,,0,10.59840233001879,-73.41208142563005,303.8245931539489,-43.70049156348196,310.1164726343719,-64.18244524705798,0.00821600016206503,0.00821600016206503,0.010541999712586403,0.030355000868439674,17.692709,0.0044559999369084835,0.03331499919295311,14.775917,0.002592999953776598,0.07045800238847733,99.99,9.989999771118164,99.98999786376953,99.99,9.989999771118164,99.98999786376953,99.99,9.989999771118164,99.98999786376953,3.523437023162842,0.14543800055980682,0.9200000166893005,0.1533530056476593,2174724.0,770062.0,136376036.0,16.920358657836914,16.0,3.0,6.0,10.0,0.0,0.0,0.0,2.0,48142.933915,0.1038456787844403
22,10.721161,-73.596092,14.541692994546803,14.536,13.493657876456934,13.494000000000002,0.0,27990.49123301976,1737.83255869297,0.0,27990.49123301976,1808.3439637183465,0.0,27990.49123301976,1876.108491305762,0.0,0.7323666444578265,14.181683355542171,14.914049999999998,0.0546856820849548,1.145128933415215,13.990052654467242,15.135181587882457,0.0852754192453542,1.4849532077617145,389.9754640903603,1.0,0.2167768609416278,3.772158795062264,4.2286998198547145,,,,0,10.721119666380664,-73.59607220575352,303.76453266949784,-43.51834980294692,309.7707603146405,-64.29420342863033,0.010874000377953053,0.010874000377953053,0.009658999741077423,0.0042489999905228615,14.716277,0.002718999981880188,0.00802600011229515,99.99,9.989999771118164,99.98999786376953,12.988051,0.017757000401616096,99.98999786376953,99.99,9.989999771118164,99.98999786376953,99.99,9.989999771118164,99.98999786376953,1.042570948600769,-0.040571000427007675,0.0,0.11799400299787521,2174747.0,770422.0,136375524.0,24.294986724853516,7.0,3.0,6.0,0.0,1.0,0.0,0.0,2.0,48142.1207664,0.08272710080991698
23,10.745516,-73.29184,10.305242557100478,10.307334826474696,13.86759829606356,13.867228927433466,0.0,15275.122506045836,1732.7925450270736,0.0,15275.122506045836,1803.2032500886105,0.0,15275.122506045836,1870.8734602802017,0.0,0.5893361827748365,10.01081294272696,10.600149125501796,0.0619835078915844,0.96530334083905,9.818511750103731,10.783815090942785,0.1018799999999995,1.3570289017189603,1148.4601297446122,0.0,0.0748554685127447,3.7551044868497545,4.047491318443725,,,,0,10.745483895340065,-73.29178849168134,303.7741475390245,-43.82263323759136,310.40695066950735,-64.1671614766806,0.00995699968189001,0.00995699968189001,0.006804000120609999,0.015324999578297138,15.456098,0.004302999936044216,0.008414999581873417,14.054403,0.01205699983984232,0.08345700055360794,99.99,9.989999771118164,99.98999786376953,99.99,9.989999771118164,99.98999786376953,99.99,9.989999771118164,99.98999786376953,1.993636965751648,0.20990900695323944,0.0,0.26698699593544006,2174725.0,769698.0,136463454.0,15.766204833984375,11.0,3.0,6.0,5.0,0.0,0.0,0.0,2.0,48050.1334328,0.18838356209482596
24,10.95191,-73.613548,7.566054942253627,6.882988351972616,14.278260658598096,14.305754142150349,0.0,1352996.591829806,1751.9442868285505,0.0,1352996.591829806,1822.7368714310203,0.0,1352996.591829806,1890.7647573602385,0.0,8.79542382134386,4.319326178656141,13.11475,1.205427978430988,9.877962204735258,4.040374521431712,13.91833672616697,1.3424004536779055,12.571821865602624,31.90214511013393,0.0,0.947415090565702,3.742655406560862,4.22889132912468,,,,0,10.95186355261441,-73.61354658092837,303.67376875165803,-43.50371326790986,309.7993557699309,-64.36048910186847,0.01107100024819374,0.01107100024819374,0.004838000051677227,0.020377999171614647,16.528048,0.005179000087082386,0.010673999786376953,14.310485,0.003495000069960952,0.3492949903011322,99.99,9.989999771118164,99.98999786376953,99.99,9.989999771118164,99.98999786376953,99.99,9.989999771118164,99.98999786376953,1.5858889818191528,-0.0314439982175827,0.8799999952316284,0.13983500003814697,2174746.0,770422.0,136375419.0,55.373924255371094,9.0,3.0,6.0,3.0,0.0,0.0,0.0,2.0,48142.1203577,0.04744837265495993
25,11.004765,-72.995163,5.701337039364028,5.6980638784632625,14.510762953969778,14.51062431480165,0.0,19115.7041493924,1733.800552448407,0.0,19115.7041493924,1804.2314092986587,0.0,19115.7041493924,1871.920494010162,0.0,0.6387740112466389,5.386394882213001,6.0251688934596395,0.1215974465377431,0.988692246508144,5.229164380353191,6.217856626861335,0.188308828708628,1.368262904747299,553.2609933870724,0.0,0.119608438381662,3.626836018459525,4.2994102806544126,,,,1,11.004823687468825,-72.99510327333586,303.6873981618916,-44.12226545983108,311.0926533157876,-64.10241268117856,0.009177000261843204,0.009177000261843204,0.010342000052332878,0.0404449999332428,17.488798,0.008049000054597855,0.050248000770807266,14.516134,0.0025839998852461576,0.20238299667835236,99.99,9.989999771118164,99.98999786376953,99.99,9.989999771118164,99.98999786376953,99.99,9.989999771118164,99.98999786376953,3.4090709686279297,0.05107099935412407,0.029999999329447746,0.236068993806839,2174722.0,768959.0,136464185.0,46.32320022583008,14.0,3.0,6.0,8.0,0.0,0.0,0.0,2.0,48050.1064606,0.2237177429215226
26,11.045316,-73.212608,5.136115627260723,5.138865360799334,14.62400642681168,14.622864315416468,0.0,10465.335904606023,1727.75247265601,0.0,10465.335904606023,1798.0623300446607,0.0,10465.335904606023,1865.6380845881652,0.0,0.527543827695002,4.878,5.405543827695002,0.1119924857406857,0.8097958095096196,4.7412026435404115,5.550998453050031,0.1709598799668281,1.1193474167321673,341.55226943668276,0.0,0.1410737509887879,3.7083514753632745,4.045361570691382,,,,0,11.045343074970619,-73.21256752854191,303.65905715925777,-43.905438441057235,310.65785455531955,-64.20967373497764,0.009078999981284142,0.009078999981284142,0.009437999688088894,0.01750200055539608,16.736132,0.0049390001222491264,0.01780099980533123,14.594664,0.002859999891370535,0.029145000502467155,99.99,9.989999771118164,99.98999786376953,99.99,9.989999771118164,99.98999786376953,99.99,9.989999771118164,99.98999786376953,4.048734188079834,0.1451999992132187,0.029999999329447746,0.4751949906349182,2174732.0,769331.0,136463653.0,84.56890869140625,15.0,3.0,6.0,9.0,0.0,0.0,0.0,2.0,48050.1109928,0.14839201331215512
27,11.210925,-72.885483,4.28657926504256,4.278978474037958,14.82046616029547,14.821957195964124,0.0,9844.084890135604,1737.83255869297,0.0,9844.084890135604,1808.3439637183465,0.0,9844.084890135604,1876.108491305762,0.0,0.5037388212764533,4.045433603795693,4.549172425072146,0.1274165983541877,0.7643596821256096,3.918641884135463,4.683001566261073,0.1935600000000015,1.0846258659851946,1013.1217670762423,0.0,0.1385875460676082,3.601686232985708,4.012325145431199,,,,0,11.210999694344542,-72.88546615493384,303.6089187830162,-44.23411769038303,311.3791485135767,-64.10729302447183,0.007790000177919865,0.007790000177919865,0.01573999971151352,0.012885999865829945,18.29773,0.0062489998526871204,0.006635999772697687,15.552583,0.0024319998919963837,0.06492699682712555,14.193617,0.0038129999302327633,99.98999786376953,99.99,9.989999771118164,99.98999786376953,99.99,9.989999771118164,99.98999786376953,2.584749937057495,0.08931300044059753,0.03999999910593033,0.13633599877357483,2174286.0,768959.0,136464329.0,38.363441467285156,16.0,3.0,6.0,9.0,1.0,0.0,0.0,2.0,48050.625752,0.09969670176865636
28,11.399051,-73.293671,3.4309555193556447,3.433,15.063090597117371,15.061,0.0,14822.769365609876,1733.800552448407,0.0,14822.769365609876,1804.2314092986587,0.0,14822.769365609876,1871.920494010162,0.0,0.6225390158181492,3.1189583680055586,3.741497383823708,0.1978782250220288,0.8816207348712197,2.9891407419301803,3.8707614768014,0.2806669594879487,1.2794594444543643,398.3916114597043,0.0,0.1619939627760102,3.608513883384824,4.194882744658059,,,,0,11.39905263748923,-73.29363746173935,303.5138113610834,-43.828014343174324,310.592881652772,-64.33681297883734,0.008492999710142612,0.008492999710142612,0.010088999755680561,0.026127999648451805,18.074356,0.007185999769717455,0.010638000443577766,14.964761,0.0033400000538676977,0.1044510006904602,99.99,9.989999771118164,99.98999786376953,99.99,9.989999771118164,99.98999786376953,99.99,9.989999771118164,99.98999786376953,3.640000104904175,-0.03371400013566017,0.20999999344348907,0.829770028591156,2174730.0,769699.0,136376256.0,14.069184303283691,14.0,3.0,5.0,9.0,0.0,0.0,0.0,2.0,48142.923054,0.12074963000602264
29,11.476636,-72.93116,4.912005069311226,4.909061777815294,14.672392503859909,14.672703869810972,0.0,8873.874868134151,1729.768508665598,0.0,8873.874868134151,1800.1187228901035,0.0,8873.874868134151,1867.7322763220384,0.0,0.4838901805297482,4.683854739500409,5.167744920030157,0.1069555804716451,0.7811427783496443,4.530183969275244,5.311326747624888,0.1729441453493905,1.0068274251085922,955.009064300603,0.0,0.0232579710876918,3.629381872753489,4.015143088354291,,,,1,11.476606845764113,-72.93115074882644,303.4979737544209,-44.1910217441818,311.36543929684325,-64.19754310060225,0.007987000048160553,0.007987000048160553,0.05385899916291237,0.1297760009765625,18.067284,0.007860000245273113,0.03617500141263008,15.288943,0.0022690000478178263,0.06606800109148026,14.446026,0.017849000170826912,0.49586498737335205,99.99,9.989999771118164,99.98999786376953,99.99,9.989999771118164,99.98999786376953,4.3059468269348145,0.21726299822330475,0.24666699767112732,0.2319590002298355,2174286.0,768959.0,136464219.0,36.965797424316406,19.0,3.0,6.0,10.0,3.0,0.0,0.0,2.0,48050.1070718,0.04536753528857082
30,11.510007,-73.350014,6.967400153808658,6.967092892290643,14.292775933440518,14.292130858922205,0.0,14947.293960524616,1723.7203723173586,0.0,14947.293960524616,1793.949444779268,0.0,14947.293960524616,1861.4495348530693,0.0,0.6084349960188158,6.660914078981489,7.269349075000305,0.0949688888600555,0.9899166540478576,6.4489880904238595,7.438904744471717,0.1544958737071429,1.2802876793264302,230.06421391922785,0.0,0.1182725710891798,3.640771902744108,4.274147188272226,,,,0,11.509963328731851,-73.34999147016298,303.4673688341725,-43.77264851089848,310.50742553481035,-64.38993482082408,0.012532000429928303,0.012532000429928303,0.007242999970912933,0.019860999658703804,17.10259,0.0053159999661147594,0.015608999878168106,14.697321,0.012136000208556652,0.20015600323677063,13.646727,0.1794240027666092,99.98999786376953,99.99,9.989999771118164,99.98999786376953,99.99,9.989999771118164,99.98999786376953,4.921286106109619,0.49185699224472046,0.8399999737739563,0.823523998260498,2174730.0,769699.0,136376137.0,97.76398468017578,14.0,3.0,6.0,7.0,1.0,0.0,0.0,2.0,48142.1037437,0.09277710143365346
31,11.554412,-72.935364,22.81725448378935,22.812408575488885,13.004525780487166,13.004535658141926,0.0,41763.05799328407,1741.864527530903,0.0,41763.05799328407,1812.4563866118767,0.0,41763.05799328407,1880.296268981238,0.0,1.102192776841953,22.285555133596556,23.38774791043851,0.0522368023905972,1.643144167818992,21.990802026080537,23.63394619389953,0.0785683692467049,2.3545427021166887,390.6398180519821,0.0,0.1454866968247967,3.861014329013437,4.183608401776179,,,,0,11.554434347052728,-72.9353948485588,303.46596014282864,-44.1874443841223,311.3800305948699,-64.2198910123414,0.021405000239610672,0.021405000239610672,0.010057000443339348,0.0017180000431835651,13.668575,0.0038300000596791506,0.011753999628126621,99.99,9.989999771118164,99.98999786376953,99.99,9.989999771118164,99.98999786376953,99.99,9.989999771118164,99.98999786376953,99.99,9.989999771118164,99.98999786376953,0.414000004529953,-0.02266700007021427,99.98999786376953,0.258311003446579,2174287.0,768959.0,136464215.0,8.055761337280273,3.0,1.0,3.0,0.0,0.0,0.0,0.0,-1.0,48050.1602052,0.1135363518338971
32,11.624906,-72.593178,,,,,,,,,,,,,,,,,,,,,,,,,,,3.866710599463775,4.173892574515667,,,,1,11.625026282005921,-72.5931318922514,303.4499197475898,-44.530153986052255,312.10322216925266,-64.08508747259212,0.004997999873012304,0.004997999873012304,0.03740699961781502,0.04916999861598015,21.318306,0.015514999628067017,0.13308599591255188,17.756954,0.00241800001822412,0.06728199869394302,16.252846,0.0014560000272467732,0.24233299493789673,15.814472,0.0015750000020489097,0.4258370101451874,15.395946,0.0017130000051110983,0.26132598519325256,2.509632110595703,-0.16673700511455536,0.9167860150337219,0.11567799746990204,2171524.0,768204.0,136468632.0,34.10263442993164,57.0,3.0,11.0,15.0,14.0,9.0,8.0,2.0,47955.1560977,0.2105521896399483
33,11.642234,-72.821014,16.165144613481576,16.160280361050482,13.378746356616848,13.379071512108515,0.0,24205.761280117425,1741.864527530903,0.0,24205.761280117425,1812.4563866118767,0.0,24205.761280117425,1880.296268981238,0.0,0.8475837864892135,15.76166621351079,16.609250000000003,0.0571676801947251,1.2186921200369645,15.598,16.816692120036965,0.081050058475963,1.7896459497220365,399.7403643546795,0.0,0.1439930880016659,3.88951225174364,4.105456507713361,,,,0,11.64225961618077,-72.8210005815739,303.4342463252579,-44.3025028251031,311.64189387996737,-64.19212704874376,0.015320999547839165,0.015320999547839165,0.0068870000541210175,0.0034260000102221966,14.195374,0.0030219999607652426,0.018989000469446182,99.99,9.989999771118164,99.98999786376953,99.99,9.989999771118164,99.98999786376953,99.99,9.989999771118164,99.98999786376953,99.99,9.989999771118164,99.98999786376953,1.170199990272522,0.018799999728798866,0.0,0.17450900375843048,2174287.0,768584.0,136467073.0,53.4062385559082,5.0,3.0,5.0,0.0,0.0,0.0,0.0,2.0,47955.2005150,0.05545607863497754
34,11.666625,-73.208763,13.649132347114374,13.637512097225375,13.562492289779136,13.563220360086197,0.0,21593.913253151102,1740.8565388211225,0.0,21593.913253151102,1811.4282931938685,0.0,21593.913253151102,1879.2493451096848,0.0,0.7970671406263463,13.261284618225528,14.058351758851874,0.0633817613362666,1.203334311008902,13.07553912948275,14.278873440491653,0.09586,1.7686352901912077,661.657931604602,0.0,0.0500104855107656,3.88329106601995,4.1243944236442385,,,,0,11.666688879876679,-73.20874416492971,303.41023373294223,-43.9150770356829,310.8469973115077,-64.36934151205604,0.019564000889658928,0.019564000889658928,0.004567000083625317,0.0070489998906850815,14.792942,0.00800700020045042,0.0011470000026747584,99.99,9.989999771118164,99.98999786376953,99.99,9.989999771118164,99.98999786376953,99.99,9.989999771118164,99.98999786376953,99.99,9.989999771118164,99.98999786376953,1.4294999837875366,-0.16449999809265137,99.98999786376953,1.0069350004196167,2174731.0,769699.0,136376283.0,29.211593627929688,2.0,1.0,2.0,0.0,0.0,0.0,0.0,-1.0,48142.1509457,0.09492736300172579
35,11.692539,-73.666313,3.603422918746772,3.599,15.008897635845058,15.009765675182567,0.0,7803.744412790301,1719.688234108023,0.0,7803.744412790301,1789.836426356286,0.0,7803.744412790301,1857.260762774515,0.0,0.4012849385184425,3.412070914249219,3.8133558527676614,0.1207103487014329,0.6330249585382801,3.3018144540607888,3.934839412599069,0.190348605280727,0.8607748754328179,778.0057584522914,1.0,0.1014837654678141,3.6203825074852594,4.061695105568824,,,,0,11.692524301626166,-73.6663054061836,303.38401613635403,-43.45784942166644,309.8946381610737,-64.57172362836607,0.0074880002066493034,0.0074880002066493034,0.010138999670743942,0.02492699958384037,17.676073,0.0077680000104010105,0.008481999859213829,15.139783,0.002443999983370304,0.03210199996829033,99.99,9.989999771118164,99.98999786376953,99.99,9.989999771118164,99.98999786376953,99.99,9.989999771118164,99.98999786376953,3.251499891281128,-0.00800000037997961,0.6800000071525574,0.14033399522304535,2174781.0,770423.0,136374209.0,68.34794616699219,16.0,3.0,6.0,10.0,0.0,0.0,0.0,2.0,48142.980066,0.03112553810040576
36,11.721182,-72.714394,30.17913901724738,29.638,12.753941485038183,12.720000000000002,0.0,5276008.775436914,1752.952250022822,0.0,5276008.775436914,1823.7648751333663,0.0,5276008.775436914,1891.8115314257736,0.0,28.005799277108068,16.970188106261674,44.97598738336974,1.0581591834534103,30.17233406793159,16.18137367891646,46.35370774684805,1.1424800000000008,31.88883871076819,65.90739822138504,0.0,4.115736326467317,3.7100733237977295,4.681232072396659,,,,0,11.721290596571214,-72.71437904494687,303.40532728714925,-44.40968839839115,311.8848652520771,-64.16536213023541,0.01386099960654974,0.01386099960654974,0.014549000188708305,0.014897000044584274,15.725425,0.0030219999607652426,0.005160999950021505,99.99,9.989999771118164,99.98999786376953,99.99,9.989999771118164,99.98999786376953,99.99,9.989999771118164,99.98999786376953,99.99,9.989999771118164,99.98999786376953,1.0190000534057617,-0.017000000923871994,0.9900000095367432,0.1379770040512085,2174283.0,768584.0,136467130.0,79.26785278320312,6.0,3.0,6.0,0.0,0.0,0.0,0.0,2.0,47955.2005118,0.1280339469560695
37,11.753848,-73.370476,18.682971628904777,18.672,13.221582800141595,13.222,0.0,32787.06982086781,1744.8884796899938,0.0,32787.06982086781,1815.540617744811,0.0,32787.06982086781,1883.4369585742452,0.0,0.9646857444470064,18.226768093959983,19.19145383840699,0.0559084589882559,1.3883684567897705,18.042795995537567,19.431164452327337,0.0801336537077315,2.094999999999999,957.8221782142224,0.0,0.2185118818848764,3.7655570718744023,4.296722942610372,,,,0,11.753860046720703,-73.37045026974884,303.3699495929547,-43.7540407489626,310.53431714756766,-64.46177854861017,0.01102100033313036,0.01102100033313036,0.0132020004093647,0.003774000098928809,14.774018,0.00481100007891655,0.020824000239372253,99.99,9.989999771118164,99.98999786376953,99.99,9.989999771118164,99.98999786376953,99.99,9.989999771118164,99.98999786376953,99.99,9.989999771118164,99.98999786376953,1.5800000429153442,-0.1311669945716858,0.9900000095367432,0.7581310272216797,2174773.0,770063.0,136375795.0,66.38114166259766,6.0,3.0,6.0,0.0,0.0,0.0,0.0,2.0,48142.1210560,0.09345668556315426
38,11.760545,-72.919182,16.623086388584255,16.624,13.348403814916953,13.34822237982765,0.0,25809.734241419817,1744.8884796899938,0.0,25809.734241419817,1815.540617744811,0.0,25809.734241419817,1883.4369585742452,0.0,0.8093567727663356,16.222721784182422,17.032078556948758,0.0530000000000008,1.1998687493179006,16.0066647553263,17.206533504644202,0.0781823514586719,1.7887411983979362,67.95460774497063,1.0,0.2375121431319421,3.7773750175360368,4.281835798448123,,,,0,11.760621067948371,-72.91914520658516,303.3821477146437,-44.20526470410311,311.4752717780916,-64.26695972813177,0.012728000059723854,0.012728000059723854,0.0060339998453855515,0.016674000769853592,14.625012,0.003539999946951866,0.011068000458180904,99.99,9.989999771118164,99.98999786376953,99.99,9.989999771118164,99.98999786376953,99.99,9.989999771118164,99.98999786376953,99.99,9.989999771118164,99.98999786376953,1.1303329467773438,-0.03683299943804741,0.0,0.33334898948669434,2174284.0,768960.0,136466606.0,21.530494689941406,6.0,3.0,6.0,0.0,0.0,0.0,0.0,2.0,47955.2005167,0.1549653759422212
39,11.782004,-73.745392,8.704569168723488,8.699792688573986,14.051000698740545,14.051004617772955,0.0,24681.912942551506,1737.83255869297,0.0,24681.912942551506,1808.3439637183465,0.0,24681.912942551506,1876.108491305762,0.0,0.648675155144085,8.387550000000001,9.036225155144086,0.0811435662178112,1.0049440286196365,8.23537648973477,9.240320518354409,0.1243819481068406,1.390274935302665,399.0664252653187,0.0,0.1639811785948065,3.6090300113383895,4.324417731320142,,,,0,11.781981125592996,-73.74537836839464,303.34685894283666,-43.379401578200884,309.75178039675575,-64.62764824490483,0.008621999993920326,0.008621999993920326,0.01447299961000681,0.02340400032699108,17.480696,0.00916799996048212,0.024532999843358994,14.573344,0.0026400000788271427,0.11116299778223038,99.99,9.989999771118164,99.98999786376953,99.99,9.989999771118164,99.98999786376953,99.99,9.989999771118164,99.98999786376953,3.2700629234313965,-0.1145000010728836,0.9800000190734863,0.09511400014162064,2174741.0,770423.0,136374081.0,19.384729385375977,16.0,3.0,6.0,10.0,0.0,0.0,0.0,2.0,48142.1005865,0.05421737725301552
40,11.78622,-73.236649,14.99468436709099,14.984,13.460480117540046,13.461,0.0,37170.682926173766,1748.92038338072,0.0,37170.682926173766,1819.6528115728615,0.0,37170.682926173766,1887.6243537595717,0.0,1.0703279793786231,14.46255792776984,15.532885907148463,0.0777738379363377,1.54936759392376,14.228902580851008,15.778270174774768,0.1123399999999978,2.210819727628815,325.2350630189629,0.0,0.2970372141075437,3.601686232985708,4.531525145431199,,,,1,11.786253426660082,-73.23664216693804,303.36140358501285,-43.88803030625018,310.82346216625626,-64.41253800837781,0.010634999722242355,0.010634999722242355,0.00648800004273653,0.009095000103116035,14.285991,0.0046350001357495785,0.006630999967455864,99.99,9.989999771118164,99.98999786376953,99.99,9.989999771118164,99.98999786376953,99.99,9.989999771118164,99.98999786376953,99.99,9.989999771118164,99.98999786376953,1.3051669597625732,0.06966699659824371,0.029999999329447746,1.1014460325241089,2174731.0,769699.0,136376189.0,3.1718010902404785,6.0,3.0,6.0,0.0,0.0,0.0,0.0,2.0,48142.1210561,0.042540617883292116
41,11.793363,-72.96051,5.416726499167004,4.786,14.630915159598684,14.7,0.0,754024.9402392302,1752.952250022822,0.0,754024.9402392302,1823.7648751333663,0.0,754024.9402392302,1891.8115314257736,0.0,5.882989344154931,3.313,9.195989344154931,1.1089090268727233,6.572729185111491,3.17904,9.751769185111492,1.2173024451635026,9.126516310862126,23.983005353962145,0.0,0.5244854514660072,3.754078687099135,4.0321377877386615,,,,0,11.793502515390236,-72.96049967672067,303.3673470056771,-44.16414777013141,311.39957506391573,-64.29386948730813,0.009580999612808228,0.009580999612808228,0.005028000101447105,0.027481000870466232,16.477802,0.005880999844521284,0.010095000267028809,14.53461,0.002409999957308173,0.10734300315380096,99.99,9.989999771118164,99.98999786376953,99.99,9.989999771118164,99.98999786376953,99.99,9.989999771118164,99.98999786376953,2.6670711040496826,0.1936430037021637,0.15000000596046448,0.4706830084323883,2174284.0,768960.0,136466574.0,98.60541534423828,14.0,3.0,6.0,8.0,0.0,0.0,0.0,2.0,47955.1995605,0.15179597466888545
42,11.805479,-72.704842,2.271463683306901,2.2720017388485356,15.51160942955092,15.509016524492347,0.0,7692.688096647422,1720.6962722180672,0.0,7692.688096647422,1790.8646934713383,0.0,7692.688096647422,1858.3079766818912,0.0,0.4767443853701123,2.0327,2.5094443853701125,0.228983475507654,0.7787818546426952,1.8857496888285672,2.6645315434712624,0.3747829656374648,1.042112880937631,212.4454005545232,0.0,0.0979341684126586,3.611918576332775,4.03699402772545,,,,0,11.805605070568769,-72.70482891463047,303.3705729160733,-44.41983305900783,311.9302456813722,-64.18348290132056,0.007714000064879656,0.007714000064879656,0.0161530002951622,0.04627799987792969,18.372864,0.005785999819636345,0.09631200134754181,15.501265,0.0024770000018179417,0.06544700264930725,14.211162,0.003768000053241849,99.98999786376953,99.99,9.989999771118164,99.98999786376953,99.99,9.989999771118164,99.98999786376953,2.7774710655212402,-0.018705999478697777,0.9700000286102295,0.1432649940252304,2174283.0,768584.0,136467129.0,32.664119720458984,17.0,3.0,6.0,10.0,1.0,0.0,0.0,2.0,47955.1797038,0.14291509732275817
43,11.938212,-73.307259,11.96357821511864,11.96127324037234,13.705588864171126,13.70554727184711,0.0,16955.12541823036,1736.824560643829,0.0,16955.12541823036,1807.31583746203,0.0,16955.12541823036,1875.061512601343,0.0,0.7082246294957706,11.622075902135082,12.330300531630852,0.064,1.01614079202076,11.474398742337414,12.490539534358174,0.0920560669582517,1.555542147013881,636.2477882586394,0.0,0.0488655973751006,3.910596717595864,4.1249876053430885,,,,1,11.938196995137538,-73.30727486919841,303.298666255817,-43.81835340850138,310.71934291887345,-64.48242832265666,0.009308000095188618,0.009308000095188618,0.007145000156015158,0.013306999579071999,14.578653,0.005582999903708696,0.013690000399947166,13.620485,0.01039000041782856,0.16871300339698792,13.907152,0.030796000733971596,99.98999786376953,99.99,9.989999771118164,99.98999786376953,99.99,9.989999771118164,99.98999786376953,1.8513000011444092,-0.061400000005960464,0.0,1.0720700025558472,2174731.0,769700.0,136378539.0,41.53651428222656,10.0,3.0,5.0,4.0,1.0,0.0,0.0,2.0,48051.1971378,0.05919864832171946
44,11.955413,-73.095612,14.240515103225356,14.23877662027684,13.516416817610711,13.5165863924291,0.0,20691.415095481425,1740.8565388211225,0.0,20691.415095481425,1811.4282931938685,0.0,20691.415095481425,1879.2493451096848,0.0,0.77909659707346,13.85590397833124,14.6350005754047,0.0595895252996303,1.1833253316511048,13.684466549015616,14.867791880666722,0.0900000000000016,1.6365827515299325,2.5850180684942035,0.0,0.2480640701340301,3.80393397535328,4.050318104216612,,,,0,11.955500660000363,-73.09559559661648,303.2975084795759,-44.030090101218526,311.1668419028228,-64.3955249482993,0.01119100023061037,0.01119100023061037,0.007017999887466431,0.004288000054657459,14.558228,0.0036689999978989363,0.021254999563097954,99.99,9.989999771118164,99.98999786376953,99.99,9.989999771118164,99.98999786376953,99.99,9.989999771118164,99.98999786376953,99.99,9.989999771118164,99.98999786376953,1.1269999742507935,-0.09650000184774399,0.9900000095367432,1.4064160585403442,2174279.0,769332.0,136379053.0,98.1143798828125,6.0,3.0,6.0,0.0,0.0,0.0,0.0,2.0,48051.2018785,0.10912098153488592
45,11.992086,-72.815269,10.324629269307536,10.320751349681094,13.865553193759608,13.865450677852165,0.0,27983.602009274106,2193.2354779653315,0.0,27983.602009274106,2272.31090301144,0.0,27983.602009274106,2348.096952825193,0.0,0.6361314270849086,10.015176219098084,10.651307646182993,0.0669534629611234,0.9579321976633164,9.852611191155791,10.81054338881911,0.1000067083424749,1.327556168956436,3.330413143842146,0.0,0.1980067075965925,3.791668166085358,4.022639681938733,,,,0,11.992174452328728,-72.81526070946731,303.29001973704356,-44.31057957367057,311.7594347058393,-64.28216906480117,0.017017999663949013,0.017017999663949013,0.009634999558329582,0.0107810003682971,14.950623,0.0034179999493062496,0.011222999542951584,13.913442,0.030004000291228294,0.12170799821615219,99.99,9.989999771118164,99.98999786376953,99.99,9.989999771118164,99.98999786376953,99.99,9.989999771118164,99.98999786376953,2.4562859535217285,0.47885701060295105,0.9900000095367432,0.34380999207496643,2174282.0,768584.0,136466975.0,93.66304016113281,7.0,3.0,5.0,2.0,0.0,0.0,0.0,2.0,47955.2001582,0.09870143860435564
46,12.00486,-73.387062,7.060079950498378,7.0639563550802125,14.278461870008936,14.27752247404962,0.0,13652.129023226384,1741.864527530903,0.0,13652.129023226384,1812.4563866118767,0.0,13652.129023226384,1880.296268981238,0.0,0.6438596711785589,6.730850400229922,7.374710071408481,0.0991162230033904,0.9344628675981096,6.559479283283763,7.493942150881873,0.1439176322611501,1.3952336274681478,717.1951777318259,0.0,0.2037683897261426,3.602375100038093,4.136329305916971,,,,0,12.004908558073115,-73.38706124716128,303.2700821160123,-43.738946789224116,310.57070726312554,-64.5338010357388,0.016289999708533287,0.016289999708533287,0.014423999935388565,0.03491099923849106,18.057737,0.02058199979364872,0.0038010000716894865,14.979578,0.005561999976634979,0.004470000043511391,99.99,9.989999771118164,99.98999786376953,99.99,9.989999771118164,99.98999786376953,99.99,9.989999771118164,99.98999786376953,2.5889999866485596,0.32749998569488525,99.98999786376953,0.5926979780197144,2174773.0,769700.0,136378497.0,11.090388298034668,4.0,1.0,2.0,2.0,0.0,0.0,0.0,-1.0,48051.2292400,0.050052174483380896
47,12.009524,-73.403946,5.220883585946193,5.217678485569944,14.60610900343472,14.606517104272651,0.0,7446.684192682811,1727.75247265601,0.0,7446.684192682811,1798.0623300446607,0.0,7446.684192682811,1865.6380845881652,0.0,0.4652620971803243,4.994688241983806,5.459950339164131,0.0966266988650925,0.7550131239230238,4.853896876076976,5.60891,0.156473086857213,1.0050845650837843,284.4627631059912,0.0,0.0877592603521436,3.602840915735806,4.127290674532465,,,,0,12.009518365750175,-73.40392484121861,303.26783185818505,-43.72211015834876,310.5365112157754,-64.54216689102444,0.010439000092446804,0.010439000092446804,0.010704999789595604,0.03779499977827072,18.305235,0.008841999806463718,0.01809599995613098,15.073491,0.003329999977722764,0.18162299692630768,99.99,9.989999771118164,99.98999786376953,99.99,9.989999771118164,99.98999786376953,99.99,9.989999771118164,99.98999786376953,6.962500095367432,0.20081299543380737,0.07000000029802322,0.516664981842041,2174773.0,769700.0,136378409.0,17.002504348754883,16.0,3.0,6.0,10.0,0.0,0.0,0.0,2.0,48051.1923283,0.07639160778976851
48,12.026228,-73.110535,38.29193486868094,38.29,12.44241169366647,12.442485778025546,0.0,621977.1919689712,2206.327796684384,0.0,621977.1919689712,2285.6355597891406,0.0,621977.1919689712,2361.639237443569,0.0,1.885252461810076,37.316901247601464,39.20215370941154,0.0536113775795641,2.6274590012993073,36.96080486052099,39.588263861820295,0.074828645030843,4.251798555649607,306.03835826283955,0.0,0.5490074916373876,3.8218252425631287,4.538128155645973,,,,0,12.026323274526527,-73.1105623365191,303.2684959690213,-44.01551221053982,311.15632690464554,-64.42056692694798,0.017347000539302826,0.017347000539302826,0.001269000000320375,0.007728000171482563,13.307754,0.004083999898284674,0.018912000581622124,99.99,9.989999771118164,99.98999786376953,99.99,9.989999771118164,99.98999786376953,99.99,9.989999771118164,99.98999786376953,99.99,9.989999771118164,99.98999786376953,0.7676669955253601,-0.05533299967646599,99.98999786376953,1.438302993774414,2174279.0,769332.0,136379056.0,26.860246658325195,3.0,1.0,3.0,0.0,0.0,0.0,0.0,-1.0,48051.2273704,0.14005123129627642
49,12.036872,-73.505272,21.409635044428477,21.40394256064571,13.07366879291062,13.073608774059576,0.0,49104.14015138184,1741.864527530903,0.0,49104.14015138184,1812.4563866118767,0.0,49104.14015138184,1880.296268981238,0.0,1.12298695535166,20.86505319589105,21.98804015124271,0.056861395995206,1.6419078742406796,20.609280356577894,22.251188230818578,0.0836015993522991,2.463817884061786,399.7403643546795,0.0,0.2442167007235224,3.885323359954104,4.292521139176637,,,,0,12.036953555619471,-73.50526564839372,303.2545160225722,-43.62092599944789,310.330437315995,-64.59215627042458,0.018696000799536705,0.018696000799536705,0.003496000077575445,0.01801300048828125,13.76851,0.0038819999899715185,0.005652999971061945,99.99,9.989999771118164,99.98999786376953,99.99,9.989999771118164,99.98999786376953,99.99,9.989999771118164,99.98999786376953,99.99,9.989999771118164,99.98999786376953,0.7319999933242798,-0.07500000298023224,99.98999786376953,0.29930099844932556,2174783.0,770064.0,136377000.0,5.225461006164551,3.0,1.0,3.0,0.0,0.0,0.0,0.0,-1.0,48051.2274336,0.08644023473224213
50,12.078882,-73.249702,20.922175125439377,20.925,13.098767499684351,13.098266347292167,0.0,218716.57332547448,2210.3561469131464,0.0,218716.57332547448,2289.7352589198636,0.0,218716.57332547448,2365.805768172923,0.0,1.376810604036411,20.232393275590493,21.609203879626904,0.0719097265978447,1.8739630957406208,20.020145384402554,21.894108480143174,0.0973818139847271,3.0539327407769044,253.12197456977,0.0,0.3583025651967,3.915825138352467,4.198319335094488,,,,0,12.079038258998745,-73.24975887526416,303.2439480656976,-43.87660227950891,310.8803322936092,-64.49436757571134,0.016193000599741936,0.016193000599741936,0.009080000221729279,0.0024790000170469284,13.466207,0.006227000150829554,0.005369000136852264,99.99,9.989999771118164,99.98999786376953,99.99,9.989999771118164,99.98999786376953,99.99,9.989999771118164,99.98999786376953,99.99,9.989999771118164,99.98999786376953,0.714667022228241,0.039000000804662704,99.98999786376953,1.1682020425796509,2174728.0,769332.0,136378898.0,79.67678833007812,3.0,1.0,3.0,0.0,0.0,0.0,0.0,-1.0,48051.2274030,0.2611639002633014
51,12.115704,-73.446945,25.857827254749317,25.838,12.868736506902264,12.86924707165495,0.0,5357675.303632648,2196.256806863166,0.0,5357675.303632648,2275.385910229604,0.0,5357675.303632648,2351.222239750972,0.0,1.4455134155611091,25.1661597843729,26.61167319993401,0.060430101784016,2.2347813169325015,24.81471191150072,27.04949322843322,0.0934100728594025,3.101025393532172,251.7803130870726,0.0,0.338230011437452,3.8007630246786066,4.045383330192442,,,,0,12.115371706789098,-73.44689822840002,303.22505259241285,-43.67966018544737,310.4756892747547,-64.58773157650984,0.017931999638676643,0.017931999638676643,0.004282000008970499,0.00813400000333786,13.423331,0.006155999843031168,0.007079999893903732,99.99,9.989999771118164,99.98999786376953,99.99,9.989999771118164,99.98999786376953,99.99,9.989999771118164,99.98999786376953,99.99,9.989999771118164,99.98999786376953,0.6243330240249634,0.05233300104737282,99.98999786376953,0.4017699956893921,2174775.0,769700.0,136378374.0,90.07669067382812,3.0,1.0,3.0,0.0,0.0,0.0,0.0,-1.0,48051.2274306,0.3801414732926068
52,12.132593,-72.986565,6.950953875444778,6.951208884251485,14.295456547077942,14.295,0.0,19025.628255098396,2209.349061796843,0.0,19025.628255098396,2288.710342720034,0.0,19025.628255098396,2364.7641498234334,0.0,0.690171468512152,6.600580814753615,7.290752283265767,0.1082136516039486,1.0719188443106065,6.3926762915482485,7.464595135858855,0.1682099999999984,1.4658031484171028,395.2558681204219,0.0,0.1539802666262452,3.6111230468693263,4.443435861826752,,,,0,12.13267492288788,-72.98654149194695,303.2282504391927,-44.14003826506718,311.4460775018403,-64.39454770831462,0.020090000703930855,0.020090000703930855,0.0144640002399683,0.024159999564290047,17.412779,0.00853199977427721,0.00434499979019165,14.190317,0.027486000210046768,0.3905009925365448,99.99,9.989999771118164,99.98999786376953,99.99,9.989999771118164,99.98999786376953,99.99,9.989999771118164,99.98999786376953,9.108091354370117,4.8307271003723145,0.8100000023841858,0.7199649810791016,2174277.0,768960.0,136466528.0,44.99403762817383,11.0,3.0,5.0,6.0,0.0,0.0,0.0,2.0,47955.1994835,0.12086593508112176
53,12.138712,-73.209274,3.5262558901122745,3.525937535947149,15.033026785819391,15.03160974900686,0.0,13211.938607530956,2200.285222422361,0.0,13211.938607530956,2279.4858390804957,0.0,13211.938607530956,2355.389154098968,0.0,0.5491126574855385,3.24601041338764,3.7951230708731782,0.1696097490068595,0.8428707729916014,3.120758312691682,3.963629085683283,0.2596373612017029,1.1885218024344368,676.5454998124115,0.0,0.0949291971420103,3.605734839745559,4.107025207061493,,,,0,12.138797145827636,-73.2092757576998,303.2209314002205,-43.91735905793567,310.98243125567046,-64.49256418570269,0.00863800011575222,0.00863800011575222,0.01616000011563301,0.03488900139927864,18.007374,0.008596999570727348,0.021624000743031502,15.153805,0.003926999866962433,0.16430599987506866,99.99,9.989999771118164,99.98999786376953,99.99,9.989999771118164,99.98999786376953,99.99,9.989999771118164,99.98999786376953,4.400062084197998,0.11031199991703033,0.17000000178813934,1.1668930053710938,2174728.0,769332.0,136378907.0,55.35538101196289,16.0,3.0,6.0,10.0,0.0,0.0,0.0,2.0,48051.1894006,0.08877376727888783
54,12.144304,-73.154884,5.35795509830552,5.359230503686431,14.578098873195712,14.577032811238734,0.0,11492.515523294884,2197.263913211897,0.0,11492.515523294884,2276.4109010886223,0.0,11492.515523294884,2352.263982776743,0.0,0.5468375310912856,5.078812468908715,5.62565,0.1108582664803794,0.8492278663656654,4.940617028034077,5.789844894399742,0.1719900000000027,1.1429622756942424,1.454492437771146,0.0,0.1743772730609642,3.6382002283187695,4.061740170721979,,,,0,12.144349552125735,-73.15489061502954,303.2198702914666,-43.971762557969825,311.09799304896364,-64.47061278174817,0.008791999891400337,0.008791999891400337,0.01522899977862835,0.027876000851392746,17.56989,0.008964999578893185,0.01054800022393465,15.133205,0.004251999780535698,0.12676900625228882,99.99,9.989999771118164,99.98999786376953,99.99,9.989999771118164,99.98999786376953,99.99,9.989999771118164,99.98999786376953,3.5234999656677246,-0.1423570066690445,0.6800000071525574,1.2807129621505737,2174276.0,769332.0,136378942.0,39.08660888671875,14.0,3.0,5.0,9.0,0.0,0.0,0.0,2.0,48051.1890389,0.05315430157405519
55,12.146544,-72.369522,7.401821711376737,7.402842304544745,14.227238180085562,14.226230295798969,0.0,23356.002945499175,2213.3773925141754,0.0,23356.002945499175,2292.8099732430487,0.0,23356.002945499175,2368.930565981988,0.0,0.7485932033998965,7.017322075979218,7.765915279379114,0.1095961718146369,1.1513340258207636,6.837246207773956,7.988580233594719,0.1689142189318566,1.7276244366236186,1349.9594436438972,0.0,0.099202277005185,3.605487733860952,4.483092771918669,,,,0,12.146601116318497,-72.36954060594101,303.23597968584124,-44.757028407793705,312.7225382567824,-64.12362434709247,0.009665999561548233,0.009665999561548233,0.01152000017464161,0.022871999070048332,17.568079,0.005071999970823526,0.05143100023269653,14.376711,0.002785000018775463,0.0701489970088005,99.99,9.989999771118164,99.98999786376953,99.99,9.989999771118164,99.98999786376953,99.99,9.989999771118164,99.98999786376953,1.5948820114135742,0.037411998957395554,0.6449999809265137,0.19693200290203094,2171546.0,767820.0,136469085.0,28.640716552734375,17.0,3.0,10.0,7.0,0.0,0.0,0.0,2.0,47955.1519557,0.09146008844194341
56,12.158935,-73.246552,15.279295056005346,15.285005648014206,13.440002988222712,13.439338404780482,0.0,34458.85615993855,2210.3561469131464,0.0,34458.85615993855,2289.7352589198636,0.0,34458.85615993855,2365.805768172923,0.0,0.978148568418236,14.784245540243726,15.762394108661962,0.0694966730725212,1.4078562269898445,14.58714216717776,15.994998394167606,0.100207519039003,2.050311416418591,1271.1634869146349,0.0,0.1895676210101111,3.91582513835247,4.117119335094493,,,,0,12.159003692123887,-73.2465407025191,303.2120480555224,-43.88018780095803,310.9100349837659,-64.51381261605724,0.0161920003592968,0.0161920003592968,0.008170999586582184,0.011363999918103218,14.062849,0.006215000059455633,0.008704000152647495,99.99,9.989999771118164,99.98999786376953,99.99,9.989999771118164,99.98999786376953,99.99,9.989999771118164,99.98999786376953,99.99,9.989999771118164,99.98999786376953,0.6363329887390137,-0.030666999518871307,99.98999786376953,1.061079978942871,2174728.0,769332.0,136378897.0,66.3936996459961,3.0,1.0,3.0,0.0,0.0,0.0,0.0,-1.0,48051.2274025,0.08206925524845624
57,12.189284,-72.924294,3.3478039339998213,3.3489336440192625,15.089490748881309,15.087905718252394,0.0,11224.318903510582,2194.242589241021,0.0,11224.318903510582,2273.3359111950153,0.0,11224.318903510582,2349.138724781879,0.0,0.537852605402811,3.0733943567460535,3.611246962148865,0.1747797052165776,0.8544092230446276,2.922506396758265,3.776915619802893,0.2783207591585235,1.129590423442743,322.8868842325364,0.0,0.0983747808692863,3.609809754604271,4.280735931544459,,,,0,12.189376379625896,-72.92429781362037,303.20639401765254,-44.2025261991689,311.59240238225584,-64.38231063020757,0.014665000140666962,0.014665000140666962,0.015544000081717968,0.03369399905204773,17.992495,0.012749000452458858,0.007854999974370003,14.897568,0.0032059999648481607,0.015961000695824623,99.99,9.989999771118164,99.98999786376953,99.99,9.989999771118164,99.98999786376953,99.99,9.989999771118164,99.98999786376953,1.753999948501587,-0.07639999687671661,99.98999786376953,0.5775589942932129,2174284.0,768960.0,136466539.0,71.72211456298828,5.0,1.0,2.0,3.0,0.0,0.0,0.0,-1.0,47955.1959663,0.09861356746496464
58,12.257829,-72.901375,5.153812392078427,5.149886106403123,14.620287569393732,14.620850447571298,0.0,10995.187770951658,2185.1785284582347,0.0,10995.187770951658,2264.1106290220137,0.0,10995.187770951658,2339.7624289553623,0.0,0.5493863642772485,4.888930825900137,5.4383171901773855,0.1152949248388992,0.8501949854088489,4.748014322273485,5.598209307682334,0.1789037106503084,1.1120903496719192,399.36558158965914,0.0,0.0422911699409946,3.6195487337594527,4.1185032252719385,,,,0,12.25794335825418,-72.90139606712297,303.1787280363593,-44.22570337163336,311.66042624252333,-64.3904115780406,0.013088000006973743,0.013088000006973743,0.01070799957960844,0.039368998259305954,17.441872,0.00916299968957901,0.013950999826192856,15.057097,0.002850000048056245,0.010497000068426132,99.99,9.989999771118164,99.98999786376953,99.99,9.989999771118164,99.98999786376953,99.99,9.989999771118164,99.98999786376953,1.3845000267028809,-0.15166699886322021,99.98999786376953,0.6209489703178406,2174282.0,768960.0,136466629.0,62.10824203491211,6.0,1.0,3.0,3.0,0.0,0.0,0.0,-1.0,47955.2053579,0.14284107028801432
59,12.299215,-72.692955,7.973758232574635,7.970749404938145,14.146682332569616,14.14626633096319,0.0,45039.52850344076,2209.349061796843,0.0,45039.52850344076,2288.710342720034,0.0,45039.52850344076,2364.7641498234334,0.0,0.995253875708487,7.496653665652374,8.491907541360861,0.1350295600386335,1.495174816478694,7.240084349994098,8.735259166472792,0.2031091794229489,2.0625333248654227,93.8963710328224,0.0,0.2956436091375104,3.6082569806177474,4.508918660769291,,,,0,12.29934260048285,-72.69298878892921,303.1652871008181,-44.43424848193248,312.10517969143103,-64.30966942997367,0.010784000158309937,0.010784000158309937,0.011145999655127525,0.025926999747753143,17.319164,0.004761999938637018,0.021340999752283096,14.221177,0.005284999962896109,0.0868149995803833,99.99,9.989999771118164,99.98999786376953,99.99,9.989999771118164,99.98999786376953,99.99,9.989999771118164,99.98999786376953,3.7452139854431152,0.28850001096725464,0.7377780079841614,0.22958999872207642,2174324.0,768584.0,136467070.0,6.637874126434326,14.0,3.0,6.0,8.0,0.0,0.0,0.0,2.0,47955.1979865,0.1829516504258234
60,12.302837,-73.392799,11.454657610807146,11.447809189579308,13.752836542928003,13.75311764501571,0.0,21945.512204044255,2200.285222422361,0.0,21945.512204044255,2279.4858390804957,0.0,21945.512204044255,2355.389154098968,0.0,0.7931387249236383,11.07360711001208,11.866745834935717,0.0749424052742711,1.1718385795971535,10.904753984692531,12.076592564289683,0.1107704167029517,1.6516746887092122,394.0699442175604,0.0,0.135248706661721,3.94214376143961,4.04848165124126,,,,1,12.302907170981161,-73.39282375747885,303.15207585633993,-43.734477083098206,310.6426607793869,-64.61339536022119,0.021643999963998795,0.021643999963998795,0.007296000141650438,0.010220999829471111,14.336201,0.00835500005632639,0.021723000332713127,99.99,9.989999771118164,99.98999786376953,99.99,9.989999771118164,99.98999786376953,99.99,9.989999771118164,99.98999786376953,99.99,9.989999771118164,99.98999786376953,1.2669999599456787,-0.13500000536441803,99.98999786376953,0.48410099744796753,2174775.0,769700.0,136378396.0,25.54550552368164,2.0,1.0,2.0,0.0,0.0,0.0,0.0,-1.0,48051.2391732,0.11470136905199117
61,12.314714,-73.202988,18.01476320770739,18.00555896720276,13.261141115205882,13.261723307190527,0.0,36139.313972016054,2208.3419750540293,0.0,36139.313972016054,2287.6854208009313,0.0,36139.313972016054,2363.722521923098,0.0,0.9727011073167092,17.556803862704626,18.529504970021335,0.0586685816890746,1.4529428643070972,17.313332168468772,18.76627503277587,0.087548603635577,1.973251837470226,1349.76781657711,0.0,0.0168020969202,3.837528081896054,4.1593542965015455,,,,0,12.314796525716426,-73.20303605419983,303.1504586771922,-43.92429195712598,311.0461892269783,-64.53583253977764,0.016781000420451164,0.016781000420451164,0.012767000123858452,0.007903999648988247,14.107635,0.005944000091403723,0.013656999915838242,99.99,9.989999771118164,99.98999786376953,99.99,9.989999771118164,99.98999786376953,99.99,9.989999771118164,99.98999786376953,99.99,9.989999771118164,99.98999786376953,0.8730000257492065,-0.09933300316333771,99.98999786376953,0.909060001373291,2174276.0,769332.0,136378944.0,10.420215606689453,3.0,1.0,3.0,0.0,0.0,0.0,0.0,-1.0,48051.2273809,0.19312758381914508
62,12.319302,-73.147079,10.727818068490734,10.722251359777136,13.823977058480834,13.82414256219775,0.0,16683.40531553015,2199.2781209903605,0.0,16683.40531553015,2278.4608655100797,0.0,16683.40531553015,2354.3474399440825,0.0,0.6613208845451766,10.400010557217994,11.061331441763173,0.0668536790107836,0.976078873992341,10.238096434788616,11.214175308780955,0.098775641149869,1.4810554548884731,83.74987228528285,0.0,0.1918410325196159,3.8793463819924288,4.054011752897832,,,,1,12.319330835636517,-73.14712068621168,303.1495447220512,-43.98021885551482,311.16495063062905,-64.51305439454411,0.012223999947309494,0.012223999947309494,0.005084000062197447,0.007581999991089106,14.607938,0.005590000189840794,0.006237000226974487,13.643906,0.04532900080084801,0.12867900729179382,13.768881,0.01885100081562996,0.006060000043362379,99.99,9.989999771118164,99.98999786376953,99.99,9.989999771118164,99.98999786376953,2.584110975265503,0.08644399791955948,0.0,1.050773024559021,2174276.0,769332.0,136378977.0,16.500019073486328,9.0,3.0,5.0,2.0,2.0,0.0,0.0,2.0,48051.1959533,0.15305835808135257
63,12.385136,-72.487221,4.560960458657132,4.55787228422442,14.753176193306444,14.753226741410693,0.0,11023.147487616725,2202.2994203775615,0.0,11023.147487616725,2281.535768960608,0.0,11023.147487616725,2357.472553584404,0.0,0.562887302163861,4.280368992653595,4.843256294817456,0.1344196526542376,0.8364649693735036,4.153684519927064,4.990149489300568,0.1992812955001213,1.179075249996557,1349.5367713986743,0.0,0.0626503901161588,3.636773723161784,4.064528443307149,,,,1,12.385293696389867,-72.48726518268096,303.1324624265496,-44.640248762363726,312.5559031503798,-64.24103483321717,0.007160999812185764,0.007160999812185764,0.018727999180555344,0.03778399899601936,17.499443,0.005404000170528889,0.05728299915790558,15.009083,0.0017219999572262168,0.1058410033583641,13.9216,0.004621999803930521,99.98999786376953,99.99,9.989999771118164,99.98999786376953,99.99,9.989999771118164,99.98999786376953,3.0327250957489014,0.3055169880390167,0.515999972820282,0.20920899510383606,2171544.0,767821.0,136468774.0,28.032615661621094,29.0,3.0,12.0,16.0,1.0,0.0,0.0,2.0,47955.1227847,0.23341671847300344
64,12.393755,-72.881355,5.897101814895704,5.898786046011578,14.47389384259794,14.47317133475,0.0,11104.54249341353,2198.2710179205837,0.0,11104.54249341353,2277.4358861807837,0.0,11104.54249341353,2353.305716172226,0.0,0.5558448602378485,5.613840977418381,6.169685837656229,0.1028090209709304,0.8725858173387442,5.449019498904587,6.321605316243331,0.1611581925479797,1.1656225831934908,408.6463619555355,0.0,0.0941383018146479,3.6251440523880976,4.146333436300365,,,,1,12.39386716253391,-72.88138648121743,303.12324451388776,-44.24617415173973,311.7425262272797,-64.41763764370782,0.008829000405967236,0.008829000405967236,0.010878999717533588,0.02227799966931343,17.294018,0.005280999932438135,0.012014999985694885,14.922338,0.0028180000372231007,0.10868100076913834,99.99,9.989999771118164,99.98999786376953,99.99,9.989999771118164,99.98999786376953,99.99,9.989999771118164,99.98999786376953,3.993865966796875,0.10166700184345245,0.9100000262260437,0.737650990486145,2174325.0,768960.0,136466555.0,86.30660247802734,15.0,3.0,6.0,9.0,0.0,0.0,0.0,2.0,47955.1958278,0.1642274081577866
65,12.419711,-73.236916,6.144636355933843,5.949744151727631,14.441897672429644,14.463903391238953,0.0,299115.5470701402,2216.3986235168263,0.0,299115.5470701402,2295.8846362341906,0.0,299115.5470701402,2372.0552780695407,0.0,3.1082071550469923,4.957716030955639,8.065923186002632,0.5287090597078077,3.648741203154539,4.712971060154906,8.361712263309446,0.6229614087660096,4.947945794604827,15.662537251252488,0.0,0.4044113883607205,3.67251224078398,4.118477904012384,,,,1,12.419686925195565,-73.2369503741945,303.10793053895424,-43.89070093372049,311.00486922858437,-64.57768981628162,0.04980500042438507,0.04980500042438507,0.012028000317513943,0.04489399865269661,19.046484,0.009585999883711338,0.015178999863564968,15.931588,0.004881000146269798,0.3113360106945038,14.575051,0.004389000125229359,0.18552599847316742,16.027052,1.1811009645462036,99.98999786376953,99.99,9.989999771118164,99.98999786376953,7.052816867828369,0.3313179910182953,0.20999999344348907,0.6599410176277161,2174276.0,769700.0,136378593.0,95.46488189697266,22.0,3.0,6.0,10.0,5.0,1.0,0.0,2.0,48051.1623840,0.12624650308318758
66,12.42137,-72.301399,5.469804829049493,5.435,14.556286923666864,14.562,0.0,25834.33629218724,2209.349061796843,0.0,25834.33629218724,2288.710342720034,0.0,25834.33629218724,2364.7641498234334,0.0,0.8408906195206978,5.118908984748019,5.959799604268717,0.1650641748563082,1.1797349864372777,4.942318437949251,6.122053424386529,0.232543563148635,1.7251846842989034,1.8665580800973371,0.0,0.2568140937225335,3.6184408712790006,4.2341088678060625,,,,0,12.421357846151036,-72.30143531986143,303.11971705147926,-44.82617816568179,312.94842853226794,-64.16704608993102,0.007799000013619661,0.007799000013619661,0.05763699859380722,0.02884400077164173,17.459295,0.0046190000139176846,0.046115998178720474,14.594984,0.0015879999846220016,0.08479399979114532,99.99,9.989999771118164,99.98999786376953,99.99,9.989999771118164,99.98999786376953,99.99,9.989999771118164,99.98999786376953,2.196118116378784,-8.800000068731606e-05,0.4169999957084656,0.1616930067539215,2171548.0,767433.0,136469273.0,46.484649658203125,34.0,3.0,16.0,18.0,0.0,0.0,0.0,2.0,47955.451722,0.13142635691432616
67,12.449533,-73.411659,4.010517166827035,4.009355661012178,14.892804239103237,14.892,0.0,8760.538451112941,2194.242589241021,0.0,8760.538451112941,2273.3359111950153,0.0,8760.538451112941,2349.138724781879,0.0,0.4853626285707726,3.7738683754744446,4.259231004045217,0.1309863450112445,0.7531692171930651,3.62484,4.378009217193065,0.2047035799765346,1.0446660896799682,771.9066969870388,0.0,0.0368006987622252,3.60928920229464,4.072388455838605,,,,0,12.44948939260216,-73.41166495457743,303.09386777676394,-43.716071872575945,310.64392596547793,-64.65930727689121,0.00875299982726574,0.00875299982726574,0.011025000363588333,0.040908001363277435,18.219563,0.006140000186860561,0.01433200016617775,15.191942,0.0036959999706596136,0.10483700037002563,99.99,9.989999771118164,99.98999786376953,99.99,9.989999771118164,99.98999786376953,99.99,9.989999771118164,99.98999786376953,5.512063026428223,0.05087500065565109,0.17000000178813934,0.46361100673675537,2174775.0,770064.0,136377066.0,93.50756072998047,16.0,3.0,6.0,10.0,0.0,0.0,0.0,2.0,48051.1927113,0.04968130869739681
68,12.482258,-73.047455,9.11564810189408,9.094706809937447,14.0011792000431,14.002936898197706,0.0,37137.18188923081,2213.3773925141754,0.0,37137.18188923081,2292.8099732430487,0.0,37137.18188923081,2368.930565981988,0.0,0.9814997442633828,8.652747632777164,9.634247377040548,0.1164219690374128,1.3768455714985883,8.466809994697506,9.843655566196094,0.1633594228737909,1.980418538477986,3.2251372169347445,0.0,0.2608920077720665,3.6209396090445782,4.411687207298331,,,,0,12.482300689993806,-73.04744232378953,303.0850176728955,-44.08036169804755,311.42143601665776,-64.51297378169565,0.015603000298142433,0.015603000298142433,0.00392200006172061,0.015243999660015106,17.430035,0.005810000002384186,0.0379909984767437,14.65169,0.02988399937748909,0.08277799934148788,99.99,9.989999771118164,99.98999786376953,99.99,9.989999771118164,99.98999786376953,99.99,9.989999771118164,99.98999786376953,8.303250312805176,0.23833300173282623,0.8600000143051147,0.6787539720535278,2174330.0,769332.0,136379091.0,93.7183609008789,12.0,3.0,6.0,6.0,0.0,0.0,0.0,2.0,48051.1954543,0.06395726060584803
69,12.488276,-72.405502,12.062053563622108,12.053218194617358,13.696678564272416,13.697317238860563,0.0,17808.930545351974,2203.3065169030224,0.0,17808.930545351974,2282.560725278254,0.0,17808.930545351974,2358.514238928226,0.0,0.6898654339817423,11.719200410855445,12.409065844837189,0.0620250026468642,1.0523773765517532,11.551070174627643,12.603447551179398,0.0939354539232955,1.4982512083902026,333.87847716109445,0.0,0.2128592019646115,3.948666556078715,4.012076027196553,,,,0,12.488300304559969,-72.40551330340469,303.08983346639707,-44.72228396913633,312.75606068420115,-64.23211569515533,0.010181000456213951,0.010181000456213951,0.03398900106549263,0.01959799975156784,14.424962,0.0025029999669641256,0.011358999647200108,14.007383,0.014112000353634357,0.010432000271975994,14.077634,0.007621000055223703,99.98999786376953,99.99,9.989999771118164,99.98999786376953,99.99,9.989999771118164,99.98999786376953,1.636199951171875,-0.004399999976158142,0.6187499761581421,0.18174099922180176,2171547.0,767821.0,136468882.0,61.766685485839844,15.0,3.0,12.0,2.0,1.0,0.0,0.0,2.0,47955.443306,0.04853215911448805
70,12.498361,-73.07341,11.496032817097644,11.490572139770531,13.74884591900454,13.749290373668918,0.0,14828.204652541066,2205.320705055307,0.0,14828.204652541066,2284.610620688559,0.0,14828.204652541066,2360.5975808511957,0.0,0.6356723852597952,11.18945219586205,11.825124581121845,0.0601722878602544,0.9876740333881956,11.044142797523255,12.03181683091145,0.0927404573043571,1.423845576211647,83.64531165401203,1.0,0.1283617467979891,3.7893745031533688,4.032998947967836,,,,1,12.49838345751929,-73.07340581589803,303.07820791079615,-44.05443642683373,311.37163445670063,-64.52837109191397,0.015678999945521355,0.015678999945521355,0.008086999878287315,0.007029000204056501,15.012661,0.004825000185519457,0.008085999637842178,13.723081,0.11941400170326233,99.98999786376953,99.99,9.989999771118164,99.98999786376953,99.99,9.989999771118164,99.98999786376953,99.99,9.989999771118164,99.98999786376953,2.579857110977173,0.15000000596046448,0.0,0.7139819860458374,2174330.0,769332.0,136379003.0,97.22427368164062,7.0,3.0,6.0,1.0,0.0,0.0,0.0,2.0,48051.2011640,0.02794529419398615
71,12.501577,-72.983681,10.511916855155476,10.50812041516078,13.846036040237328,13.846372956022106,0.0,13921.533380765402,2198.2710179205837,0.0,13921.533380765402,2277.4358861807837,0.0,13921.533380765402,2353.305716172226,0.0,0.6252901410624538,10.203573609414684,10.828863750477137,0.0650171105383243,0.9148501247169988,10.058443757173244,10.973293881890244,0.0943532348584721,1.3222822229718574,83.07218686107629,0.0,0.1696020955047312,3.834729481074751,4.0438035169997395,,,,0,12.501542465266283,-72.98367981123886,303.07789551432023,-44.14416688902348,311.56069407360536,-64.49053596779285,0.01573299989104271,0.01573299989104271,0.005772999953478575,0.010769999586045742,14.945737,0.003197999903932214,0.00559900002554059,13.902088,0.008461999706923962,0.07162699848413467,13.867638,0.026642000302672386,0.2056249976158142,13.73947,0.03413600102066994,99.98999786376953,99.99,9.989999771118164,99.98999786376953,3.0334999561309814,0.3417859971523285,0.9900000095367432,0.607151985168457,2174330.0,769332.0,136379132.0,99.69512176513672,14.0,3.0,5.0,5.0,3.0,1.0,0.0,2.0,48051.1954232,0.0366338124169462
72,12.549769,-73.354309,13.08692770919628,13.081210894674811,13.608171600619288,13.608692272649217,0.0,22946.3565030537,2210.3561469131464,0.0,22946.3565030537,2289.7352589198636,0.0,22946.3565030537,2365.805768172923,0.0,0.8234308116347151,12.681,13.504430811634714,0.0682011805214344,1.3161115596187027,12.47426569305084,13.790377252669542,0.1088974071130461,1.771578779201464,402.6883837715802,0.0,0.1467741372085272,3.948666556078715,4.126076027196553,,,,0,12.549750262606432,-73.35433147023329,303.05479467568233,-43.77362545394031,310.7936376672344,-64.66122709085576,0.014023000374436378,0.014023000374436378,0.008806999772787094,0.01208799984306097,14.492793,0.005007999949157238,0.013814999721944332,13.826552,0.02274700067937374,0.36983001232147217,14.043787,0.05776999890804291,0.49658000469207764,14.022638,0.010575000196695328,0.20515599846839905,99.99,9.989999771118164,99.98999786376953,4.97153377532959,0.3876670002937317,0.0,0.42925798892974854,2174772.0,769700.0,136378438.0,85.59551239013672,15.0,3.0,6.0,4.0,2.0,3.0,0.0,2.0,48051.2012503,0.08316857422781562
73,12.554437,-73.286179,13.004283055688306,13.008205046322823,13.615003355771696,13.614342489198812,0.0,17112.748947888827,2203.3065169030224,0.0,17112.748947888827,2282.560725278254,0.0,17112.748947888827,2358.514238928226,0.0,0.6997399823006205,12.65426001769938,13.354,0.0583424891988109,1.067393503815227,12.466580301762365,13.53397380557759,0.0885523817070321,1.579117030771943,4.082151971002008,1.0,0.2283368674097818,3.7520200710996474,4.0934654266138155,,,,0,12.554404581281974,-73.28617710424224,303.0535684563479,-43.84178716691624,310.93928472458936,-64.6337039900521,0.016837000846862793,0.016837000846862793,0.008870000019669533,0.008097000420093536,15.373196,0.005541999824345112,0.017698999494314194,14.064444,0.02670999988913536,0.3349289894104004,13.762431,0.21091300249099731,99.98999786376953,99.99,9.989999771118164,99.98999786376953,99.99,9.989999771118164,99.98999786376953,6.715333938598633,1.600250005722046,0.0,0.4536150097846985,2174772.0,769700.0,136378477.0,92.68830108642578,12.0,3.0,6.0,5.0,1.0,0.0,0.0,2.0,48051.2012540,0.03425088435619597
74,12.56634,-73.169647,15.586686827890096,15.583913985024395,13.418308056183646,13.418439227875288,0.0,19970.950388196063,2211.3632304040575,0.0,19970.950388196063,2290.760169404356,0.0,19970.950388196063,2366.8473769781376,0.0,0.7833624827420138,15.205510077631995,15.98887256037401,0.0545709318372225,1.1292838652969373,15.01375411030125,16.143037975598187,0.0788909270556068,1.696958722025542,83.54158516892262,0.0,0.2116204276544912,3.896119943214341,4.064599105342164,,,,1,12.56628061050927,-73.16965681135568,303.0498552328739,-43.958327135506174,311.1887558507414,-64.58736685231237,0.018411999568343163,0.018411999568343163,0.006711000110954046,0.01178400032222271,14.700706,0.004978999961167574,0.009205999784171581,13.797359,0.036191001534461975,0.3586699962615967,13.944386,0.005923999939113855,0.07032699882984161,13.707476,0.029911000281572342,0.08862999826669693,13.891459,0.01638299971818924,0.03415000066161156,8.584850311279297,1.4913500547409058,0.9900000095367432,0.6317610144615173,2174328.0,769700.0,136378619.0,13.54782772064209,20.0,3.0,6.0,6.0,3.0,3.0,2.0,2.0,48051.1551144,0.07127182656432848
75,12.569629,-73.138657,10.18644631282956,10.182258803826803,13.880222205419892,13.880401089240095,0.0,12648.86991394703,2195.2496988732523,0.0,12648.86991394703,2274.3609135997353,0.0,12648.86991394703,2350.1804870882434,0.0,0.6565233644989892,9.869697905846133,10.52622127034512,0.0699277045224846,1.0049298321901752,9.713169836398114,10.71809966858829,0.1064428338601004,1.434330353665814,386.391218614897,0.0,0.1402212763692129,3.9283892857504767,4.058592620863271,,,,0,12.569629474128735,-73.1386681652755,303.0487776569585,-43.98932127469173,311.25502202388304,-64.5750297672314,0.019638000056147575,0.019638000056147575,0.007213999982923269,0.008062999695539474,14.527052,0.006417999975383282,0.010102000087499619,13.474943,0.04730600118637085,0.01386099960654974,13.863763,0.19290800392627716,99.98999786376953,13.951279,0.11131700128316879,99.98999786376953,14.102285,0.02085999958217144,0.11992199718952179,5.309999942779541,0.2175000011920929,0.0,0.6561390161514282,2174328.0,769332.0,136378963.0,16.68699073791504,10.0,3.0,4.0,2.0,1.0,1.0,2.0,2.0,48051.2011633,0.04019804071782254
76,12.575341,-72.455956,4.4096413842181015,4.4014373271217,14.789846903564555,14.791,0.0,10342.155292675669,2197.263913211897,0.0,10342.155292675669,2276.4109010886223,0.0,10342.155292675669,2352.263982776743,0.0,0.5470277503986045,4.139043707511006,4.686071457909611,0.1345360496509009,0.8669951210681472,3.993933618358177,4.860928739426324,0.213290808713559,1.1829999999999998,400.95546738568544,0.0,0.0837904057447929,3.6129872853659006,4.122955235812861,,,,1,12.575336593018935,-72.4559595932272,303.0523659703323,-44.672027107536366,312.6793457791848,-64.27821027647137,0.008338999934494495,0.008338999934494495,0.016412999480962753,0.024073999375104904,18.13692,0.007594000082463026,0.04554999992251396,15.033831,0.0018400000408291817,0.024258999153971672,99.99,9.989999771118164,99.98999786376953,99.99,9.989999771118164,99.98999786376953,99.99,9.989999771118164,99.98999786376953,2.466053009033203,0.014158000238239765,0.029999999329447746,0.19945499300956726,2171547.0,767821.0,136468785.0,45.79488754272461,19.0,3.0,7.0,12.0,0.0,0.0,0.0,2.0,47955.1214446,0.013791346633536499
77,12.588534,-73.102638,7.612446374922125,7.606351810934643,14.196796275835409,14.196891577110506,0.0,21617.493286426157,2209.349061796843,0.0,21617.493286426157,2288.710342720034,0.0,21617.493286426157,2364.7641498234334,0.0,0.7859421671296847,7.236524107539756,8.02246627466944,0.1122384831213523,1.1879783366738197,7.0307402691990015,8.218718605872821,0.1700284016658688,1.7761869466506337,5.889507179140149,0.0,0.2241234122703045,3.613524824796109,4.397741829032257,,,,0,12.588565384053132,-73.10264642660118,303.04143673777463,-44.02537564469757,311.3363349817935,-64.56460758786649,0.021483000367879868,0.021483000367879868,0.02280700020492077,0.0330439992249012,17.61758,0.008409000001847744,0.03065199963748455,14.50722,0.0036700000055134296,0.3965420126914978,99.99,9.989999771118164,99.98999786376953,99.99,9.989999771118164,99.98999786376953,99.99,9.989999771118164,99.98999786376953,9.402200698852539,2.546066999435425,0.550000011920929,0.6272810101509094,2174331.0,769332.0,136378974.0,66.2999267578125,15.0,3.0,6.0,9.0,0.0,0.0,0.0,2.0,48051.1887061,0.04470658048693977
78,12.619976,-72.752563,43.9932425594845,44.67,12.328169533416386,12.275,1.0,7876495.679772444,2218.412769423228,0.0,7876495.679772444,2297.934383096008,0.0,7876495.679772444,2374.138371925317,0.0,32.23866297483897,27.680537025161037,59.9192,0.8387645898312979,35.171484048660844,26.496321635938116,61.66780568459896,0.9174937215466396,41.74420211374837,83.47463632071346,0.0,2.6111223106727284,3.735289885799096,4.891712817796657,,,,0,12.620015043522951,-72.75256752281005,303.0312575157904,-44.37550022930592,312.07849510886814,-64.4214129673721,0.01959099993109703,0.01959099993109703,0.008433000184595585,0.005173000041395426,13.688846,0.0037720000836998224,0.04947600141167641,99.99,9.989999771118164,99.98999786376953,99.99,9.989999771118164,99.98999786376953,99.99,9.989999771118164,99.98999786376953,99.99,9.989999771118164,99.98999786376953,0.7990000247955322,-0.07774999737739563,99.98999786376953,0.5038560032844543,2174327.0,768585.0,136466854.0,47.8323860168457,4.0,1.0,4.0,0.0,0.0,0.0,0.0,-1.0,47955.1441915,0.04474263923315625
79,12.620275,-73.120697,11.533111836211326,11.528588941567625,13.745396036500464,13.745465537765266,0.0,18805.7709247499,2207.3348866835836,0.0,18805.7709247499,2286.660493158615,0.0,18805.7709247499,2362.6808844653387,0.0,0.7109763980725425,11.190202125916285,11.901178523988824,0.0669999999999984,1.0625258115970428,11.012094422450993,12.074620234048034,0.1001831394412384,1.6276275115121273,5.954914877249636,0.0,0.213482839973799,3.93742023633144,4.052188732673496,,,,1,12.62032076945658,-73.12071551038588,303.02847049298595,-44.007357654318774,311.30746872479847,-64.58066931860729,0.023545000702142715,0.023545000702142715,0.05098100006580353,0.02180900052189827,14.504192,0.004389000125229359,0.011226999573409557,13.742405,0.03024500049650669,0.32110199332237244,14.098644,0.0968180000782013,0.2602599859237671,13.922149,0.030936000868678093,99.98999786376953,14.094839,0.024521000683307648,99.98999786376953,5.6853837966918945,0.5338460206985474,0.0,0.5967850089073181,2174331.0,769332.0,136378972.0,63.32530212402344,13.0,3.0,6.0,3.0,2.0,1.0,1.0,2.0,48051.1524653,0.08203293205651827
80,12.629437,-72.872421,45.34354268517414,45.33,12.258834111329731,12.259185263933434,0.0,90944.36908732174,2210.3561469131464,0.0,90944.36908732174,2289.7352589198636,0.0,90944.36908732174,2365.805768172923,0.0,1.627754130413955,44.56552788422247,46.193282014636424,0.0389999999999979,2.3708008566913605,44.217710610129295,46.588511466820655,0.056529539521902,3.768990499934212,84.14993127400898,0.0,0.4360189082567685,3.752707294477425,4.389684269132411,,,,0,12.629502003760628,-72.87242104591333,303.0264859061328,-44.25566254797949,311.8312546554278,-64.47619299064414,0.011304999701678753,0.011304999701678753,0.008584000170230865,0.01600700058043003,14.596111,0.0031419999431818724,0.018502000719308853,99.99,9.989999771118164,99.98999786376953,99.99,9.989999771118164,99.98999786376953,99.99,9.989999771118164,99.98999786376953,99.99,9.989999771118164,99.98999786376953,1.1295000314712524,-0.051332999020814896,0.0,0.8156369924545288,2174325.0,768585.0,136466721.0,45.68933868408203,6.0,3.0,6.0,0.0,0.0,0.0,0.0,2.0,47955.2005159,0.0689172686164491
81,12.638301,-72.962532,21.772771317054165,21.769855257740545,13.055391908573192,13.055634011156194,0.0,38467.05576646856,2213.3773925141754,0.0,38467.05576646856,2292.8099732430487,0.0,38467.05576646856,2368.930565981988,0.0,0.993519205558929,21.289434445277703,22.282953650836635,0.0495400508994308,1.5321841017339288,21.00106067368814,22.53324477542207,0.0764704790384911,2.2804908190458306,27.428550030637208,0.0,0.2829591706600922,3.8178845107886,4.182103574487306,,,,0,12.638364193183035,-72.96254350152772,303.02223952806946,-44.1655538932981,311.64517622244654,-64.51754449741263,0.01585499942302704,0.01585499942302704,0.008334999904036522,0.007023000158369541,14.100137,0.0033100000582635403,0.004007999785244465,13.218458,0.012768000364303589,0.08501599729061127,12.862606,0.09871900081634521,99.98999786376953,99.99,9.989999771118164,99.98999786376953,99.99,9.989999771118164,99.98999786376953,2.7672500610351562,0.016750000417232513,0.0,0.5883449912071228,2174332.0,768961.0,136379298.0,75.24800872802734,8.0,3.0,5.0,2.0,1.0,0.0,0.0,6.0,48051.1953231,0.07846888995696395
82,12.669093,-72.834183,10.77882204457636,10.776519789261116,13.818850336833256,13.819,0.0,17819.28076537327,2204.313611795229,0.0,17819.28076537327,2283.585675852916,0.0,17819.28076537327,2359.5559146816177,0.0,0.7129749956527132,10.439905948077577,11.152880943730288,0.0719999999999991,1.0256388449105494,10.2792565699972,11.30489541490775,0.1032815871937629,1.499611376953501,67.93796352941894,0.0,0.1923123680191344,3.839264792239482,4.030083653800711,,,,1,12.66911554940418,-72.83418147389264,303.0104183493794,-44.29395496853337,311.9229520031555,-64.47009510212426,0.011571000330150127,0.011571000330150127,0.011088999919593334,0.009522000327706337,14.502447,0.0032309999223798513,0.03189900144934654,99.99,9.989999771118164,99.98999786376953,99.99,9.989999771118164,99.98999786376953,99.99,9.989999771118164,99.98999786376953,99.99,9.989999771118164,99.98999786376953,1.4104290008544922,-0.11442899703979492,0.0,0.7925909757614136,2174327.0,768585.0,136466732.0,28.312715530395508,7.0,3.0,7.0,0.0,0.0,0.0,0.0,2.0,47955.1442525,0.02458052232572976
83,12.694161,-72.241043,3.807492577851809,3.809034676235509,14.949570746546838,14.948107424187482,0.0,9882.717215432702,2195.2496988732523,0.0,9882.717215432702,2274.3609135997353,0.0,9882.717215432702,2350.1804870882434,0.0,0.5727788388021091,3.5133115486587654,4.0860903874608745,0.1641313271550917,0.9010781713951714,3.361858964246726,4.262937135641897,0.2584979082154532,1.1915694167186528,1270.1371761722996,0.0,0.0098478897289084,3.602840915735806,4.191690674532465,,,,1,12.694197814738446,-72.24109769595101,303.0030785087714,-44.887063459335785,313.1583618662841,-64.21383494200897,0.007201000116765499,0.007201000116765499,0.017861999571323395,0.01941699907183647,17.9244,0.005989000201225281,0.03295699879527092,14.903777,0.0026970000471919775,0.1274529993534088,99.99,9.989999771118164,99.98999786376953,99.99,9.989999771118164,99.98999786376953,99.99,9.989999771118164,99.98999786376953,1.8773330450057983,0.016832999885082245,0.42500001192092896,0.17955799400806427,2171551.0,767433.0,136469324.0,14.371516227722168,24.0,3.0,12.0,12.0,0.0,0.0,0.0,2.0,47955.315521,0.20101210763702843
84,12.708537,-73.394318,14.113109696633682,14.108819152677226,13.526172569550711,13.5264088533859,0.0,24792.861029924807,2192.228365045044,0.0,24792.861029924807,2271.285889045001,0.0,24792.861029924807,2347.055171211494,0.0,0.7917256778822477,13.739207147371202,14.53093282525345,0.0610000000000017,1.168254131744611,13.549800264053188,14.7180543957978,0.0896755734370131,1.7569577102468532,393.0135247299494,0.0,0.1228447982297135,3.8369589476400567,4.040064734330539,,,,0,12.70854370705363,-73.39434586652025,302.9916214152295,-43.73383664715112,310.7531967352591,-64.71924821224998,0.017587000504136086,0.017587000504136086,0.0058929999358952045,0.011281000450253487,14.425512,0.0056929998099803925,0.015457999892532825,99.99,9.989999771118164,99.98999786376953,99.99,9.989999771118164,99.98999786376953,99.99,9.989999771118164,99.98999786376953,99.99,9.989999771118164,99.98999786376953,1.3356670141220093,-0.15800000727176666,99.98999786376953,0.3883129954338074,2174756.0,770064.0,136377072.0,15.966792106628418,3.0,1.0,3.0,0.0,0.0,0.0,0.0,-1.0,48051.2274363,0.10055650866726693
85,12.758097,-73.268562,4.31008296684614,4.31432277559328,14.8147173663305,14.812679641709591,0.0,8787.787078308938,2197.263913211897,0.0,8787.787078308938,2276.4109010886223,0.0,8787.787078308938,2352.263982776743,0.0,0.5545621646592771,4.034250148837186,4.588812313496463,0.1398786116661394,0.8872019264558717,3.8601878732587873,4.747389799714659,0.2245867434272472,1.2138222056361312,338.3702099347814,0.0,0.0539154766812462,3.6026073674051853,4.113007548783864,,,,0,12.75814064602634,-73.26859962386504,302.9723850674909,-43.85962102487816,311.0342793871749,-64.67944462291999,0.015514000318944454,0.015514000318944454,0.011114000342786312,0.034825000911951065,18.038786,0.016834000125527382,0.027595000341534615,15.022729,0.004459000192582607,0.004894999787211418,99.99,9.989999771118164,99.98999786376953,99.99,9.989999771118164,99.98999786376953,99.99,9.989999771118164,99.98999786376953,1.7105000019073486,-0.15074999630451202,99.98999786376953,0.4413810074329376,2174296.0,769700.0,136378484.0,42.370521545410156,4.0,1.0,2.0,2.0,0.0,0.0,0.0,-1.0,48051.2288940,0.14279962330896936
86,12.779685,-72.998734,5.402568523024991,5.406268420807139,14.569265879787856,14.56796792645327,0.0,13466.994173980056,2207.3348866835836,0.0,13466.994173980056,2286.660493158615,0.0,13466.994173980056,2362.6808844653387,0.0,0.6359645806377134,5.081936322853388,5.717900903491102,0.127713671954524,0.9794598160103574,4.933872329127353,5.91333214513771,0.1966671181179098,1.4131040255774885,315.00567770309095,0.0,0.1532716980069171,3.609809754604271,4.15313593154446,,,,1,12.77977699910258,-72.99875556569734,302.9643919516856,-44.129476829824185,311.6105345661812,-64.57048604308575,0.008554000407457352,0.008554000407457352,0.02221900038421154,0.04185999929904938,17.920767,0.005036999937146902,0.022714000195264816,15.134215,0.0035540000535547733,0.1444309949874878,13.756018,0.027789000421762466,99.98999786376953,99.99,9.989999771118164,99.98999786376953,99.99,9.989999771118164,99.98999786376953,4.192944049835205,0.09799999743700027,0.6600000262260437,0.4770750105381012,2174332.0,768961.0,136379268.0,15.405854225158691,18.0,3.0,7.0,10.0,1.0,0.0,0.0,2.0,48051.1201007,0.12411815757046511
87,12.788992,-72.809959,23.441466698881655,23.427882344827253,12.97520542353061,12.975694608119214,0.0,37633.48567374189,2211.3632304040575,0.0,37633.48567374189,2290.760169404356,0.0,37633.48567374189,2366.8473769781376,0.0,1.0850792883841258,22.92784914134566,24.012928429729783,0.0502028059932726,1.6273684387476912,22.651598343865977,24.278966782613665,0.075045992833802,2.3898678574979506,83.54158516892262,0.0,0.3048348575328914,3.869273378335136,4.304396068674982,,,,0,12.789011678519024,-72.80999290288453,302.96103241450817,-44.3182436598747,312.00923994461107,-64.49147388752738,0.019240999594330788,0.019240999594330788,0.014831000007689,0.03440999984741211,13.703768,0.004982000216841698,0.023432999849319458,99.99,9.989999771118164,99.98999786376953,99.99,9.989999771118164,99.98999786376953,99.99,9.989999771118164,99.98999786376953,99.99,9.989999771118164,99.98999786376953,1.1852500438690186,-0.1014999970793724,99.98999786376953,0.6830270290374756,2174327.0,768585.0,136466745.0,24.87675666809082,4.0,1.0,4.0,0.0,0.0,0.0,0.0,-1.0,47955.1442274,0.12383316508791987
88,12.799663,-72.471596,35.5223920190581,35.504895867462785,12.523912275291297,12.524291283950262,0.0,79436.52855952583,2208.3419750540293,0.0,79436.52855952583,2287.6854208009313,0.0,79436.52855952583,2363.722521923098,0.0,1.5706290719845128,34.76106699319537,36.33169606517989,0.0480161209255065,2.3293809316405643,34.435372430780156,36.76475336242072,0.0710489847467616,3.027028145723449,1.5196847154451152,1.0,0.465662117112488,3.8755558533410617,4.469975638605031,,,,1,12.79968739994506,-72.47163097009225,302.9572400244652,-44.65660976718015,312.7164644803809,-64.34571062481051,0.0244510006159544,0.0244510006159544,0.025433000177145004,0.009432000108063221,13.239643,0.006849000230431557,0.008984999731183052,99.99,9.989999771118164,99.98999786376953,99.99,9.989999771118164,99.98999786376953,99.99,9.989999771118164,99.98999786376953,99.99,9.989999771118164,99.98999786376953,1.524749994277954,-0.11749999970197678,99.98999786376953,0.21365800499916077,2171545.0,768205.0,136467435.0,75.63997650146484,4.0,1.0,4.0,0.0,0.0,0.0,0.0,-1.0,47955.1440189,0.1286420209717593
89,12.806897,-72.550446,4.950587307762002,4.951874489462927,14.66427906815912,14.66326015579774,0.0,14703.369827031584,2211.3632304040575,0.0,14703.369827031584,2290.760169404356,0.0,14703.369827031584,2366.8473769781376,0.0,0.6435894970836751,4.635037954860789,5.278627451944464,0.1412003832930466,0.9684602818671512,4.464029524772837,5.432489806639988,0.2133111200178401,1.406959157305697,90.09622432455365,0.0,0.1682977963835071,3.6237380507802057,4.280006557892355,,,,1,12.806955423373106,-72.55045595495947,302.9540358240052,-44.57778751835724,312.55535923408127,-64.38258554823763,0.01003399956971407,0.01003399956971407,0.01001999992877245,0.025395000353455544,17.60037,0.007433000020682812,0.05081599950790405,14.611949,0.0030499999411404133,0.08891700208187103,99.99,9.989999771118164,99.98999786376953,99.99,9.989999771118164,99.98999786376953,99.99,9.989999771118164,99.98999786376953,3.3749289512634277,0.03628600016236305,0.8399999737739563,0.2653389871120453,2174310.0,768205.0,136467394.0,41.29641342163086,14.0,3.0,5.0,9.0,0.0,0.0,0.0,2.0,47955.1249803,0.07254002644805263
90,12.816462,-73.159111,36.0812162318873,36.07580605025704,12.50694212176414,12.507,0.0,60637.12914265451,2215.391548136128,0.0,60637.12914265451,2294.8597542675075,0.0,60637.12914265451,2371.0137168874007,0.0,1.4047351388263465,35.41210303866451,36.81683817749086,0.0421762146788093,2.0757701543021483,35.10616272371399,37.18193287801614,0.062381134811865,3.1870782393047605,35.88037472418782,0.0,0.3368611294156436,3.885323359954103,4.000521139176632,,,,0,12.816501204455577,-73.15914959792332,302.94922459705305,-43.96909712053746,311.28276172623555,-64.64851108717271,0.007873999886214733,0.007873999886214733,0.008155999705195427,0.017273999750614166,14.443204,0.004889000207185745,0.012726999819278717,13.535125,0.007829999551177025,0.1252720057964325,13.686158,0.01476799976080656,0.09067299962043762,14.01612,0.05311499908566475,99.98999786376953,99.99,9.989999771118164,99.98999786376953,2.6102778911590576,-0.005611000116914511,0.0,0.48080599308013916,2174331.0,769333.0,136378763.0,46.100433349609375,18.0,3.0,6.0,7.0,4.0,1.0,0.0,2.0,48051.1964270,0.1448438060046806
91,12.826005,-72.723526,7.849663197165099,7.8482624286196065,14.163903394742713,14.163,0.0,36457.593519340255,2214.384471135615,0.0,36457.593519340255,2293.834866605098,0.0,36457.593519340255,2369.972146193727,0.0,1.058746083377896,7.319300185173065,8.37804626855096,0.1465681345084135,1.4900345356695768,7.1342534490833325,8.62428798475291,0.2066804083069886,2.5112397770147306,6.384222387812965,0.0,0.2611209167369757,3.610859089499546,4.301452631898259,,,,0,12.826096361458532,-72.72352635135213,302.94580145767793,-44.404722543822494,312.2010040617641,-64.46371757333422,0.012734999880194664,0.012734999880194664,0.04506500065326691,0.057107001543045044,16.869339,0.007770000025629997,0.023771999403834343,14.49122,0.0034409998916089535,0.1160459965467453,99.99,9.989999771118164,99.98999786376953,99.99,9.989999771118164,99.98999786376953,99.99,9.989999771118164,99.98999786376953,4.329230785369873,0.01553799957036972,0.6800000071525574,0.43266600370407104,2174326.0,768585.0,136466868.0,73.1892318725586,13.0,3.0,7.0,6.0,0.0,0.0,0.0,2.0,47955.704520,0.09768620870407212
92,12.833997,-73.136757,8.077112374261365,8.08267272078533,14.132275830416177,14.131190040884665,0.0,15071.764805377064,2207.3348866835836,0.0,15071.764805377064,2286.660493158615,0.0,15071.764805377064,2362.6808844653387,0.0,0.6519259456677222,7.744035472141961,8.395961417809684,0.0879282347682508,1.024747419554986,7.574635299480887,8.599382719035873,0.1377984092903617,1.42459232391354,402.2889937728333,0.0,0.165767023365774,3.6085138833848216,4.011282744658034,,,,0,12.834008801542897,-73.13680673581555,302.9421941505416,-43.991443725648296,311.33504509527285,-64.6436394352751,0.008177000097930431,0.008177000097930431,0.012626999989151955,0.025634000077843666,18.32376,0.012356000021100044,0.01713700033724308,15.456804,0.003800000064074993,0.07375600188970566,14.218923,0.00392800010740757,0.0764240026473999,99.99,9.989999771118164,99.98999786376953,99.99,9.989999771118164,99.98999786376953,4.547369003295898,0.02284199930727482,0.029999999329447746,0.4598810076713562,2174331.0,769333.0,136378787.0,95.44981384277344,19.0,3.0,6.0,10.0,3.0,0.0,0.0,2.0,48051.1597239,0.17947260483816152
93,12.857086,-72.763344,4.439515699491657,4.438,14.782466214995493,14.781863400063283,0.0,8485.033016733922,2200.285222422361,0.0,8485.033016733922,2279.4858390804957,0.0,8485.033016733922,2355.389154098968,0.0,0.5316712174681371,4.174300923752831,4.705972141220968,0.1301749185361842,0.8653514314173432,4.011425501147489,4.876776932564832,0.212548871992606,1.1293070383795598,48.55409667728759,0.0,0.1372387778259191,3.664343371006369,4.035034274014999,,,,1,12.857193334717634,-72.76333139089458,302.9328716596813,-44.364921085131286,312.1271823315211,-64.48936459793633,0.007923999801278114,0.007923999801278114,0.046959999948740005,0.04939600080251694,17.254225,0.004633000120520592,0.03380100056529045,14.972287,0.003367000026628375,0.18505799770355225,13.801314,0.04923100024461746,0.13164399564266205,99.99,9.989999771118164,99.98999786376953,99.99,9.989999771118164,99.98999786376953,4.336039066314697,0.01596199907362461,0.6060000061988831,0.5167250037193298,2174326.0,768585.0,136466836.0,66.25494384765625,26.0,3.0,11.0,13.0,2.0,0.0,0.0,2.0,47955.725132,0.12316890563344329
94,12.858666,-72.888458,15.049218858820913,14.81502514857989,13.463766047018265,13.473080675547951,0.0,756847.532551021,2218.412769423228,0.0,756847.532551021,2297.934383096008,0.0,756847.532551021,2374.138371925317,0.0,5.175096820992922,12.627222482967564,17.802319303960484,0.3728331588272837,5.845704110253706,12.265576683024932,18.11128079327864,0.4237408571956145,7.072287612602537,34.67619250190135,0.0,0.6674696131971857,3.719463397674171,4.226138459655386,,,,0,12.85872871577833,-72.88845332191983,302.9322324173544,-44.23979916910927,311.8655143873551,-64.54396285370638,0.0181489996612072,0.0181489996612072,0.0116779999807477,0.024149000644683838,15.261604,0.006920000072568655,0.07699199765920639,13.83706,0.006887999828904867,99.98999786376953,13.308918,0.007348000071942806,99.98999786376953,99.99,9.989999771118164,99.98999786376953,99.99,9.989999771118164,99.98999786376953,1.0484000444412231,-0.058800000697374344,99.98999786376953,0.6596779823303223,2174325.0,768961.0,136379323.0,4.90136194229126,5.0,1.0,3.0,1.0,1.0,0.0,0.0,-1.0,48051.1200627,0.06853243833768498
95,12.883954,-73.309235,5.725471692232328,5.7243598410795205,14.506182547127835,14.506,0.0,15303.067598167843,2208.3419750540293,0.0,15303.067598167843,2287.6854208009313,0.0,15303.067598167843,2363.722521923098,0.0,0.6435288116774975,5.4059343755430715,6.049463187220569,0.1218844254840796,0.9646356778914827,5.246522337697671,6.211158015589154,0.1834399999999991,1.3860296059350654,115.19354217803368,0.0,0.1751300310580158,3.6184408712790006,4.084508867806062,,,,0,12.884009995156697,-73.30924623332517,302.922159710189,-43.81900439889675,310.9834695565349,-64.7293520177345,0.009438999928534031,0.009438999928534031,0.008495000191032887,0.0487620010972023,18.052406,0.008678000420331955,0.0071840002201497555,15.296563,0.005096000153571367,0.05141700059175491,13.89637,0.0578560009598732,0.15198400616645813,99.99,9.989999771118164,99.98999786376953,99.99,9.989999771118164,99.98999786376953,5.456937789916992,0.08843699842691422,0.1899999976158142,0.40926599502563477,2174296.0,769701.0,136377258.0,1.5879830121994019,16.0,3.0,5.0,9.0,2.0,0.0,0.0,2.0,48051.1918883,0.0706208663015612
96,12.90685,-72.433243,10.878937568720966,10.898399182575549,13.80980597712194,13.806807939370431,0.0,90836.59513824656,2217.405697278823,0.0,90836.59513824656,2296.9095125090557,0.0,90836.59513824656,2373.0968297466734,0.0,1.648945738499762,10.064426980438608,11.71337271893837,0.1650773204468372,2.2790063540599785,9.703746036617288,11.982752390677266,0.2290772448675007,3.130624214236418,180.50476693679252,0.0,0.5055622287753341,3.604752553224549,4.690516826834151,,,,0,12.906829335078434,-72.43325053406828,302.91182030094785,-44.69499456509213,312.8290549983196,-64.35760594846755,0.011637000367045403,0.011637000367045403,0.02123899944126606,0.029819000512361526,17.127884,0.0067969998344779015,0.05604900047183037,14.005678,0.013407999649643898,0.09613800048828125,99.99,9.989999771118164,99.98999786376953,99.99,9.989999771118164,99.98999786376953,99.99,9.989999771118164,99.98999786376953,1.275846004486084,0.025537999346852303,0.9862499833106995,0.19112500548362732,2171545.0,767821.0,136468805.0,10.892067909240723,13.0,3.0,11.0,2.0,0.0,0.0,0.0,2.0,47955.735951,0.03521061211245982
97,12.911544,-72.972351,6.831101398991296,6.827059960413511,14.314173138569403,14.314381418249797,0.0,9196.250914769997,2203.3065169030224,0.0,9196.250914769997,2282.560725278254,0.0,9196.250914769997,2358.514238928226,0.0,0.5464853562697751,6.560514643730225,7.107,0.0866210139557814,0.8576584995782692,6.41324559430848,7.270904093886749,0.1357890213075308,1.2490000000000006,223.8546075269218,0.0,0.0733105450908732,3.606482004994043,4.135242381310022,,,,1,12.911604909520285,-72.97234374964502,302.9106485659133,-44.15590012943316,311.7046420363415,-64.59402406807435,0.009468000382184982,0.009468000382184982,0.015186999924480915,0.038644999265670776,18.057585,0.004908000119030476,0.016680000349879265,15.055193,0.003295999951660633,0.2673810124397278,99.99,9.989999771118164,99.98999786376953,99.99,9.989999771118164,99.98999786376953,99.99,9.989999771118164,99.98999786376953,4.398177146911621,-0.05964700132608414,0.9599999785423279,0.4420419931411743,2174332.0,768961.0,136379281.0,86.45740509033203,17.0,3.0,7.0,10.0,0.0,0.0,0.0,2.0,48051.940022,0.06931307382192659
98,12.9154,-73.232407,9.564630534868083,9.570000119974576,13.94862336042068,13.947720341933778,0.0,15913.358179512916,2201.292322217718,0.0,15913.358179512916,2280.510806896013,0.0,15913.358179512916,2356.4308586435286,0.0,0.6448067022810093,9.224755989582547,9.869562691863557,0.0731829848286746,0.9928088902541248,9.048713620534146,10.04152251078827,0.1131227868244977,1.4628714203189102,1349.4981473756668,0.0,0.1498658476523174,3.6026073674051853,4.052607548783865,,,,0,12.915402299008948,-73.23243315011956,302.90953564317056,-43.895809618056404,311.15562537611964,-64.7053524164996,0.008311999961733818,0.008311999961733818,0.016984999179840088,0.026623999699950218,18.392048,0.009442999958992004,0.024671999737620354,15.428396,0.00406099995598197,0.08038400113582611,13.941071,0.024939000606536865,99.98999786376953,99.99,9.989999771118164,99.98999786376953,99.99,9.989999771118164,99.98999786376953,5.890376091003418,0.041437000036239624,0.9800000190734863,0.5033559799194336,2174328.0,769333.0,136378657.0,55.96997833251953,16.0,3.0,6.0,9.0,1.0,0.0,0.0,2.0,48051.1983275,0.09417070457622542
99,12.921972,-72.933441,5.758987192112065,5.755259065719947,14.49963973455084,14.499821937677488,0.0,9257.787186217298,2199.2781209903605,0.0,9257.787186217298,2278.4608655100797,0.0,9257.787186217298,2354.3474399440825,0.0,0.5305715181995199,5.497046663120917,6.027618181320437,0.0998397439097367,0.8692300480410902,5.32837658693742,6.19760663497851,0.1644555485677639,1.1960011834453006,29.31829507195459,1.0,0.162407562046305,3.61954873375945,4.004103225271926,,,,0,12.92200695314608,-72.93342808679273,302.9063293884596,-44.19481197583853,311.789617034736,-64.58009740298688,0.008220000192523003,0.008220000192523003,0.012325000017881393,0.03318699821829796,18.364313,0.005646000150591135,0.00850600004196167,15.502795,0.0034729999024420977,0.05242199823260307,14.298903,0.0030479999259114265,0.009917999617755413,99.99,9.989999771118164,99.98999786376953,99.99,9.989999771118164,99.98999786376953,5.769810199737549,0.04166699945926666,0.9200000166893005,0.5163800120353699,2174332.0,768961.0,136379291.0,54.81413650512695,21.0,3.0,7.0,11.0,3.0,0.0,0.0,2.0,48051.923158,0.05937057211024676
100,12.941341,-72.59816,12.26810371381392,12.262708515840322,13.678286219622068,13.67882840895602,0.0,16648.177256430572,2199.2781209903605,0.0,16648.177256430572,2278.4608655100797,0.0,16648.177256430572,2354.3474399440825,0.0,0.7112316903298108,11.920616799469578,12.631848489799388,0.0625975625201462,1.137517736244826,11.708608341596747,12.846126077841577,0.1007387705715299,1.5391686438668764,107.90696041061793,1.0,0.1776022402668866,3.775424334652467,4.03079107734882,,,,1,12.941290591571034,-72.59815817614597,302.8976023321953,-44.53007250785507,312.4972156927091,-64.43971026394827,0.013113999739289284,0.013113999739289284,0.01142599992454052,0.03582099825143814,14.675949,0.0034209999721497297,0.018950000405311584,13.739117,0.009603999555110931,0.38365501165390015,13.375067,0.016380000859498978,99.98999786376953,99.99,9.989999771118164,99.98999786376953,99.99,9.989999771118164,99.98999786376953,3.044250011444092,-0.09193699806928635,0.9900000095367432,0.34165701270103455,2174311.0,768205.0,136467278.0,58.776546478271484,16.0,3.0,10.0,5.0,1.0,0.0,0.0,2.0,47955.623775,0.054668324877706065
101,12.999333,-72.766563,29.533941798980635,29.51579205696907,12.724364244191118,12.72516792896064,0.0,48670.88004539069,2213.3773925141754,0.0,48670.88004539069,2292.8099732430487,0.0,48670.88004539069,2368.930565981988,0.0,1.2761251235556408,28.91602455996736,30.192149683523,0.0470634602630521,1.9406279816275749,28.609916670106028,30.550544651733603,0.0714256591366577,2.689116845367888,83.6137714471015,0.0,0.3231631184902572,3.851398163329677,4.340947376524715,,,,0,12.999405938642678,-72.7665813810201,302.8739398728267,-44.36160809553569,312.16288600053855,-64.52873387655401,0.01773799955844879,0.01773799955844879,0.011040999554097652,0.030314000323414803,13.628168,0.0041669998317956924,0.026996999979019165,99.99,9.989999771118164,99.98999786376953,99.99,9.989999771118164,99.98999786376953,99.99,9.989999771118164,99.98999786376953,99.99,9.989999771118164,99.98999786376953,1.5365999937057495,-0.13539999723434448,99.98999786376953,0.48090800642967224,2174326.0,768585.0,136466793.0,2.852047920227051,5.0,1.0,5.0,0.0,0.0,0.0,0.0,-1.0,47955.1051872,0.10212959835413603
102,13.001509,-73.0895,9.05678716809078,8.706708933090564,14.022498137842277,14.050655756283245,0.0,574202.3268560148,2217.405697278823,0.0,574202.3268560148,2296.9095125090557,0.0,574202.3268560148,2373.0968297466734,0.0,4.500804337134099,7.261031341108705,11.761835678242804,0.5238787595786203,5.028880433541803,7.06751237730863,12.096392810850434,0.5834540128669765,9.116303856619956,41.26332697683054,0.0,0.7396737381293259,3.7229706554091737,4.21991160973549,,,,1,13.001490853698321,-73.0895315021,302.87446202941106,-44.03865761142344,311.4832463031843,-64.66766777986884,0.010118000209331512,0.010118000209331512,0.00723200011998415,0.011175000108778477,16.486534,0.007327999919652939,0.02559399977326393,14.016465,0.00848000030964613,0.1561879962682724,99.99,9.989999771118164,99.98999786376953,99.99,9.989999771118164,99.98999786376953,99.99,9.989999771118164,99.98999786376953,3.1584999561309814,0.10649999976158142,0.8999999761581421,0.3763920068740845,2174331.0,769333.0,136378809.0,69.9533462524414,12.0,3.0,6.0,6.0,0.0,0.0,0.0,2.0,48051.1965922,0.11498848856849501
103,13.033491,-72.280327,6.367449058313821,6.366707573692373,14.390590949651743,14.390209608861833,0.0,11791.51966402596,2206.327796684384,0.0,11791.51966402596,2285.6355597891406,0.0,11791.51966402596,2361.639237443569,0.0,0.5941162045302919,6.071278232886571,6.665394437416863,0.1012229912256152,0.9090872269223222,5.926377316288064,6.835464543210386,0.1544994738993939,1.271021526815371,1270.8910265080676,0.0,0.0142130777518465,3.6026073674051853,4.266207548783864,,,,0,13.033453554581113,-72.28034568182738,302.85723863670387,-44.847805894681095,313.18465815193105,-64.32381066795394,0.008894000202417374,0.008894000202417374,0.02352900058031082,0.03230400010943413,17.842196,0.008314999751746655,0.03712699934840202,14.778705,0.0027989998925477266,0.033952999860048294,99.99,9.989999771118164,99.98999786376953,99.99,9.989999771118164,99.98999786376953,99.99,9.989999771118164,99.98999786376953,2.2776660919189453,0.01883300021290779,0.029999999329447746,0.26015201210975647,2171550.0,767821.0,136468951.0,17.251699447631836,18.0,3.0,9.0,9.0,0.0,0.0,0.0,2.0,47955.286583,0.07878159894016597
104,13.038654,-72.99086,10.447051951395244,10.441265088038447,13.852802657132624,13.85315012716032,0.0,14800.00531761305,2208.3419750540293,0.0,14800.00531761305,2287.6854208009313,0.0,14800.00531761305,2363.722521923098,0.0,0.6861221182710757,10.11296613653113,10.799088254802204,0.0718124333688212,1.0744800711446327,9.93379616227541,11.008276233420045,0.1113406338433762,1.5090037489314092,388.0862865828585,0.0,0.1116415333616918,3.9055751302610986,4.072137744595261,,,,0,13.038707288501968,-72.99087413390312,302.8588708456575,-44.13727666713881,311.7026263211037,-64.63557498662773,0.013423999771475792,0.013423999771475792,0.011361000128090382,0.013565000146627426,14.473835,0.0030990000814199448,0.012473000213503838,13.690441,0.041905999183654785,0.08807899802923203,14.217327,0.06810200214385986,0.015169000253081322,13.961006,0.012791000306606293,0.06484600156545639,99.99,9.989999771118164,99.98999786376953,2.746000051498413,0.07400000095367432,0.0,0.3520579934120178,2174335.0,768961.0,136379188.0,94.49445343017578,12.0,3.0,6.0,2.0,2.0,2.0,0.0,2.0,48051.1200953,0.07575056613958474
105,13.048194,-73.329536,11.42671476830602,11.404109745560268,13.756402953880247,13.757206887811362,0.0,106722.10927378129,2218.412769423228,0.0,106722.10927378129,2297.934383096008,0.0,106722.10927378129,2374.138371925317,0.0,1.6208014275887097,10.645329658329874,12.266131085918584,0.1541241326868156,2.1629682268592365,10.315058184925434,12.47802641178467,0.2064717860935445,3.3888037842792116,77.55888696859155,0.0,0.3894604750999475,3.6634484144978976,4.409909306674881,,,,0,13.048237237712785,-73.32955176244656,302.8569034715144,-43.79859074721896,310.9862887403332,-64.78066446775895,0.010211000218987465,0.010211000218987465,0.005537000019103289,0.013364999555051327,16.288149,0.006107000168412924,0.015158000402152538,13.751993,0.008421000093221664,0.1738699972629547,99.99,9.989999771118164,99.98999786376953,99.99,9.989999771118164,99.98999786376953,99.99,9.989999771118164,99.98999786376953,2.2730910778045654,0.1803639978170395,0.7699999809265137,0.43394699692726135,2174296.0,769701.0,136377230.0,22.901531219482422,11.0,3.0,6.0,5.0,0.0,0.0,0.0,2.0,48051.1981203,0.07220674146020901
106,13.050167,-72.627411,5.459165331627815,5.464672102173022,14.558102061251503,14.555885021308889,0.0,17345.816208384735,2208.3419750540293,0.0,17345.816208384735,2287.6854208009313,0.0,17345.816208384735,2363.722521923098,0.0,0.7088910140908871,5.089156732479809,5.798047746570696,0.1418705582122204,1.0688488265938707,4.903777173589631,5.972626000183502,0.2142961757913575,1.643064784990825,402.4221579761894,0.0,0.2195071719903485,3.635918549287531,4.260743247209931,,,,1,13.050164071638688,-72.6274431348375,302.8520981106764,-44.50069113546997,312.4691971001661,-64.48178374051959,0.08936499804258347,0.08936499804258347,0.009806999936699867,0.014032999984920025,17.39408,0.008856999687850475,2.9419870376586914,14.760529,0.00966500025242567,0.015591000206768513,99.99,9.989999771118164,99.98999786376953,99.99,9.989999771118164,99.98999786376953,99.99,9.989999771118164,99.98999786376953,2.5261430740356445,-0.9328569769859314,0.5820000171661377,0.423319011926651,2174311.0,768585.0,136466927.0,98.59919738769531,7.0,3.0,4.0,3.0,0.0,0.0,0.0,2.0,47955.2005185,0.11572823030729514
107,13.051069,-72.727928,3.144185304664747,3.141752208260431,15.157644314521445,15.157,0.0,7846.133866539724,2191.2212504790173,0.0,7846.133866539724,2270.2608692916847,0.0,7846.133866539724,2346.0133799340792,0.0,0.5164893667139236,2.901122846740142,3.4176122134540656,0.1778474274931962,0.7972033488170309,2.760308165386445,3.557511514203476,0.2759053511649387,1.092919739574779,423.6811995241758,0.0,0.0512803601226292,3.613794345186224,4.022136382363594,,,,0,13.051144484957016,-72.72794289684069,302.8522748379906,-44.40019102869722,312.2593115538142,-64.52580634314215,0.011145000346004963,0.011145000346004963,0.01679600030183792,0.03395700082182884,17.995825,0.008950999937951565,0.034669000655412674,15.391116,0.004540999885648489,0.0739549994468689,13.726642,0.04197600111365318,99.98999786376953,99.99,9.989999771118164,99.98999786376953,99.99,9.989999771118164,99.98999786376953,4.341332912445068,-0.013399999588727951,0.33000001311302185,0.46422600746154785,2174309.0,768585.0,136466884.0,6.901644229888916,15.0,3.0,7.0,7.0,1.0,0.0,0.0,2.0,47955.696110,0.09688094535903818
108,13.068365,-73.705978,2.97808297423092,2.9763533498587766,15.216212952882858,15.215573217542866,0.0,9396.529398728604,2182.15714513749,0.0,9396.529398728604,2261.0354304378093,0.0,9396.529398728604,2336.6368224607113,0.0,0.4133299719760055,2.775614348741774,3.1889443207177797,0.1505099959031373,0.652691534699136,2.6524688058998587,3.3051603405989947,0.2392967718932297,0.883052652005913,398.96362557421,0.0,0.0770001169633089,3.609809754604271,4.014335931544459,,,,0,13.068342173418392,-73.70600475640184,302.8512426904854,-43.42211685605134,310.183499683204,-64.94016514344385,0.016124000772833824,0.016124000772833824,0.02341499924659729,0.04741000011563301,18.420574,0.0114120002835989,0.028212999925017357,15.31389,0.003060000017285347,0.05952399969100952,99.99,9.989999771118164,99.98999786376953,99.99,9.989999771118164,99.98999786376953,99.99,9.989999771118164,99.98999786376953,1.749856948852539,-0.1720000058412552,99.98999786376953,0.1374650001525879,2174762.0,770780.0,136370942.0,26.322364807128906,7.0,1.0,3.0,4.0,0.0,0.0,0.0,-1.0,48143.1190905,0.09904391028885733
109,13.079881,-71.911369,3.9916207178650063,3.989689652025671,14.89826408602859,14.897781284386326,0.0,20765.100526599857,3823.1568596291695,0.0,20765.100526599857,3927.20187680019,0.0,20765.100526599857,4026.378132283172,0.0,0.5872313231604767,3.702167656710255,4.2893989798707315,0.1595641410584747,0.9498501274138018,3.5178846839587985,4.4677348113726,0.2598015686871893,1.2181212469075289,206.72288154285312,0.0,0.0708469493415841,3.626553700223872,4.053033691071761,,,,0,13.07985755751875,-71.91139148219595,302.83478912441353,-45.216694752365235,313.95682614914665,-64.16963625086706,0.006889000069350004,0.006889000069350004,0.024553999304771423,0.02104800008237362,17.865746,0.004257999826222658,0.02194800041615963,15.190401,0.002707999898120761,0.0307839997112751,13.934049,0.014444000087678432,99.98999786376953,13.43923,0.016891000792384148,99.98999786376953,99.99,9.989999771118164,99.98999786376953,2.1353750228881836,0.006167000159621239,0.014286000281572342,0.12316200137138367,2171612.0,766646.0,136475675.0,16.376693725585938,24.0,3.0,11.0,11.0,1.0,1.0,0.0,2.0,47855.104396,0.085071828376477
110,13.089044,-72.665497,78.57176418131466,78.57782029587572,11.662091621413817,11.66179314020718,0.0,428699.2121264012,1752.952250022822,0.0,428699.2121264012,1823.7648751333663,0.0,428699.2121264012,1891.8115314257736,0.0,4.722877466540822,76.16146853471339,80.88434600125422,0.0655759673593046,7.146639999577758,74.94296724652614,82.0896072461039,0.0987964649404471,10.74950809457404,1079.19509438792,0.0,0.5393641940929115,3.6016862329857036,4.0099251454311915,,,,1,13.08905271429646,-72.66555468382643,302.83608536244293,-44.46252692492106,312.40129690933014,-64.508843686926,0.0070130000822246075,0.0070130000822246075,0.026226000860333443,0.023440999910235405,18.29752,0.006566999945789576,0.02771100029349327,15.453588,0.0025579999200999737,0.04480699822306633,14.247519,0.0033130000811070204,0.07971800118684769,99.99,9.989999771118164,99.98999786376953,99.99,9.989999771118164,99.98999786376953,3.5374670028686523,0.006333000026643276,0.5674999952316284,0.47283899784088135,2174311.0,768585.0,136466917.0,60.588985443115234,30.0,3.0,11.0,15.0,4.0,0.0,0.0,2.0,47955.731108,0.20787203094814535
111,13.104091,-72.684158,30.775427548721556,30.759916602209177,12.679725405268668,12.680147449041172,0.0,95280.27358266588,2212.3703122706947,0.0,95280.27358266588,2291.7850741774423,0.0,95280.27358266588,2367.8889762456406,0.0,1.8306163035491565,29.886355031832434,31.71697133538159,0.0640000000000018,2.6074003387362836,29.465918461148483,32.07331879988477,0.0921800000000008,3.970241048763146,189.5285476271412,0.0,0.2959420981081805,3.9055751302610986,4.410937744595261,,,,0,13.104095275831543,-72.68421188446308,302.82994482353365,-44.44384686116986,312.36678251733485,-64.52099333500266,0.019439000636339188,0.019439000636339188,0.04182500019669533,0.02783999964594841,13.09182,0.0037380000576376915,0.018571000546216965,99.99,9.989999771118164,99.98999786376953,99.99,9.989999771118164,99.98999786376953,99.99,9.989999771118164,99.98999786376953,99.99,9.989999771118164,99.98999786376953,0.7315999865531921,0.017799999564886093,99.98999786376953,0.4802190065383911,2174311.0,768585.0,136466893.0,72.59575653076172,5.0,1.0,5.0,0.0,0.0,0.0,0.0,-1.0,47955.1051583,0.19403816336062252
112,13.127266,-72.319092,4.548847574992178,4.549,14.756169644870331,14.755309402930346,0.0,11503.878545778283,2196.256806863166,0.0,11503.878545778283,2275.385910229604,0.0,11503.878545778283,2351.222239750972,0.0,0.5978281862527242,4.245795716891805,4.843623903144529,0.1430414541219082,0.9150316038171143,4.107829473205111,5.022861077022226,0.2186053940992298,1.27294551065394,408.37626178187867,0.0,0.08349235209024,3.6119185763327737,4.1569940277254585,,,,1,13.127213745220129,-72.31913480257793,302.81730946252367,-44.80887935809478,313.1338588716175,-64.3666301764643,0.01080199982970953,0.01080199982970953,0.026979999616742134,0.02827100083231926,17.594545,0.008821999654173851,0.027248000726103783,14.97598,0.006289999932050705,0.10528799891471863,13.964758,0.07902099937200546,99.98999786376953,13.57745,0.056062001734972,99.98999786376953,99.99,9.989999771118164,99.98999786376953,3.007385015487671,0.07392299920320511,0.949999988079071,0.25531700253486633,2171551.0,767434.0,136469538.0,63.80329132080078,13.0,3.0,6.0,5.0,1.0,1.0,0.0,2.0,47955.454351,0.16434052333464652
113,13.1284,-73.220673,36.25762340587178,36.24939254023844,12.501678276351235,12.502000000000002,0.0,101946.64910860993,2213.3773925141754,0.0,101946.64910860993,2292.8099732430487,0.0,101946.64910860993,2368.930565981988,0.0,1.769090395243893,35.39091841927518,37.160008814519074,0.0530602115690772,2.542135607885477,35.023548707178385,37.56568431506386,0.0760204307007743,3.74511537622935,2.0714862472817295,1.0,0.5147996454733096,3.8057383402293583,4.509898477115851,,,,0,13.128494102386945,-73.22072097145181,302.82413170456596,-43.90730630352331,311.2409301724544,-64.75627290904542,0.02019999921321869,0.02019999921321869,0.004594999831169844,0.0022789998911321163,13.470829,0.007133999839425087,0.003792000003159046,99.99,9.989999771118164,99.98999786376953,99.99,9.989999771118164,99.98999786376953,99.99,9.989999771118164,99.98999786376953,99.99,9.989999771118164,99.98999786376953,1.0195000171661377,-0.11050000041723251,99.98999786376953,0.5681279897689819,2174328.0,769333.0,136378649.0,95.80004119873047,2.0,1.0,2.0,0.0,0.0,0.0,0.0,-1.0,48051.2391525,0.19846594075233057
114,13.1457,-72.433815,10.487131196573287,10.465797676561827,13.849007425667883,13.85048120355707,0.0,43030.080648237636,2214.384471135615,0.0,43030.080648237636,2293.834866605098,0.0,43030.080648237636,2369.972146193727,0.0,1.115258709450048,9.955576626750162,11.07083533620021,0.1151933376469873,1.5847153607684792,9.708896523054722,11.293611883823202,0.164512654282074,2.532859592216502,83.33081114441919,0.0,0.334316003524207,3.611652804809298,4.529406636024296,,,,0,13.145706665095824,-72.4338669514855,302.8104043719668,-44.69411539684454,312.90164580581467,-64.42251892613123,0.010489000007510185,0.010489000007510185,0.04483100026845932,0.04167800024151802,17.108105,0.007168999873101711,0.06342300027608871,14.131684,0.014481999911367893,0.14047999680042267,99.99,9.989999771118164,99.98999786376953,99.99,9.989999771118164,99.98999786376953,99.99,9.989999771118164,99.98999786376953,3.371799945831299,0.14059999585151672,0.5699999928474426,0.22837799787521362,2171549.0,768205.0,136467445.0,53.087745666503906,20.0,3.0,10.0,10.0,0.0,0.0,0.0,2.0,47955.433537,0.18716549448349326
115,13.14854,-72.851479,13.09730255088747,13.095874743204782,13.607551967376484,13.607034888760454,0.0,57562.90524665604,2217.405697278823,0.0,57562.90524665604,2296.9095125090557,0.0,57562.90524665604,2373.0968297466734,0.0,1.2133377907779188,12.48556495229817,13.698902743076088,0.101059208598583,1.7838080103097322,12.156395872196896,13.940203882506628,0.148837878928111,2.732003051772173,403.6190980190271,0.0,0.3885577456322533,3.6119185763327737,4.641394027725458,,,,0,13.148576777928126,-72.85146802201757,302.8128703164743,-44.276517154316174,312.0288247670509,-64.60511997188074,0.021491000428795815,0.021491000428795815,0.012643000110983849,0.032986998558044434,17.127914,0.005872999783605337,0.020847000181674957,13.955032,0.006564000155776739,0.2651830017566681,99.99,9.989999771118164,99.98999786376953,99.99,9.989999771118164,99.98999786376953,99.99,9.989999771118164,99.98999786376953,6.3527140617370605,1.3159279823303223,0.8399999737739563,0.4417189955711365,2174326.0,768961.0,136379366.0,10.006850242614746,14.0,3.0,7.0,7.0,0.0,0.0,0.0,2.0,48051.1199933,0.05555064925189906
116,13.162501,-73.009697,13.557461515068342,13.556559733782546,13.569756240104631,13.56958617789867,0.0,17232.988526309025,2211.3632304040575,0.0,17232.988526309025,2290.760169404356,0.0,17232.988526309025,2366.8473769781376,0.0,0.7143299979901592,13.20365858747862,13.91798858546878,0.0569782862761325,1.108058742621406,13.024692624503947,14.132751367125357,0.0880448040979207,1.5159564619960442,83.54158516892262,0.0,0.234966847768954,3.81831132413698,4.069906908143887,,,,1,13.16249262818035,-73.00973319391056,302.80858894290515,-44.11822903915999,311.6987020300869,-64.67635008396272,0.01473699975758791,0.01473699975758791,0.017710000276565552,0.007701000198721886,14.389671,0.0029700000304728746,0.011783000081777573,99.99,9.989999771118164,99.98999786376953,99.99,9.989999771118164,99.98999786376953,13.529257,0.029366999864578247,0.5970439910888672,99.99,9.989999771118164,99.98999786376953,1.666888952255249,0.10400000214576721,0.0,0.30688899755477905,2174335.0,768961.0,136379202.0,82.7535400390625,9.0,3.0,7.0,0.0,0.0,2.0,0.0,2.0,48051.1201039,0.13059536128110788
117,13.163567,-72.740128,7.142950193951869,7.144315411455732,14.265868600874416,14.265057538424772,0.0,14849.133455517012,2207.3348866835836,0.0,14849.133455517012,2286.660493158615,0.0,14849.133455517012,2362.6808844653387,0.0,0.7144836413444944,6.775791395500964,7.490275036845459,0.1090368553547538,1.112188379670516,6.59222722516303,7.704415604833546,0.1694732338376994,1.5859387303031136,334.3504551520284,0.0,0.0878197581287371,3.606482004994043,4.319242381310022,,,,0,13.163588444243286,-72.74016072354242,302.8056608055047,-44.38779354380621,312.2673226052936,-64.56117942949135,0.01092899963259697,0.01092899963259697,0.01599299907684326,0.02959500066936016,17.461979,0.005394000094383955,0.03367900103330612,14.530105,0.0032909999135881662,0.11771100014448166,99.99,9.989999771118164,99.98999786376953,99.99,9.989999771118164,99.98999786376953,99.99,9.989999771118164,99.98999786376953,6.887782096862793,0.7183480262756348,0.3214290142059326,0.4468750059604645,2174309.0,768585.0,136466802.0,38.922672271728516,23.0,3.0,11.0,12.0,0.0,0.0,0.0,2.0,47955.714249,0.12001091872212427
118,13.1687,-72.745171,4.410087343256847,4.410037757819363,14.789846004855312,14.789,0.0,10041.89878455408,2202.2994203775615,0.0,10041.89878455408,2281.535768960608,0.0,10041.89878455408,2357.472553584404,0.0,0.6040213803925889,4.102202573000328,4.706223953392917,0.149625014324652,0.8872729279391858,3.9763561316270937,4.8636290595662794,0.2187442622780082,1.296070841941789,409.1861377695308,0.0,0.0875216846255854,3.6105957663102055,4.135870943866776,,,,0,13.168745571962774,-72.74518715774036,302.8035669311348,-44.38275702281033,312.25830949060196,-64.56473171510622,0.009062999859452248,0.009062999859452248,0.019185999408364296,0.03337299823760986,17.323622,0.004954999778419733,0.03533700108528137,14.881309,0.0028979999478906393,0.1027510017156601,99.99,9.989999771118164,99.98999786376953,12.49323,0.059546999633312225,99.98999786376953,99.99,9.989999771118164,99.98999786376953,6.205636978149414,0.36127299070358276,0.4127269983291626,0.4414820075035095,2174309.0,768585.0,136466800.0,84.31536865234375,22.0,3.0,9.0,12.0,0.0,1.0,0.0,2.0,47955.749091,0.07583955710684372
119,13.169555,-72.756119,35.33389971658047,35.31636506695951,12.529731180220722,12.530089528710675,0.0,100982.2749395516,2214.384471135615,0.0,100982.2749395516,2293.834866605098,0.0,100982.2749395516,2369.972146193727,0.0,1.9483913407085325,34.393670145339215,36.34206148604775,0.0599320994834489,2.844923267224196,33.939523326292786,36.78444659351698,0.0871092699204094,3.8798744663027023,330.11112842744524,0.0,0.1853991439790997,3.9269363739613423,4.4885170793449545,,,,0,13.169564146889346,-72.75613590641818,302.8033304260679,-44.37180688849754,312.23556037129026,-64.56968023202111,0.01770699955523014,0.01770699955523014,0.026996999979019165,0.020625000819563866,13.025334,0.003836000105366111,0.011770999990403652,99.99,9.989999771118164,99.98999786376953,99.99,9.989999771118164,99.98999786376953,99.99,9.989999771118164,99.98999786376953,99.99,9.989999771118164,99.98999786376953,0.7685999870300293,-0.01899999938905239,99.98999786376953,0.43073800206184387,2174309.0,768585.0,136466800.0,56.72513961791992,5.0,1.0,5.0,0.0,0.0,0.0,0.0,-1.0,47955.1051822,0.06164091533211195
120,13.173921,-73.065315,5.091781480146424,5.094,14.633423011123265,14.632206148911848,0.0,8565.049854690094,2196.256806863166,0.0,8565.049854690094,2275.385910229604,0.0,8565.049854690094,2351.222239750972,0.0,0.5178153317929066,4.824184668207093,5.342,0.1107087112194946,0.8282015197314339,4.659617472436856,5.48781899216829,0.1774906752892633,1.1479999999999997,400.8219260206865,0.0,0.0592372144618654,3.6105957663102055,4.059070943866776,,,,0,13.174111580100359,-73.06534370967987,302.8043866210381,-44.06259712443371,311.58421420469244,-64.70296426493834,0.008812000043690205,0.008812000043690205,0.012122999876737595,0.04165700078010559,18.43273,0.01006300002336502,0.047488998621702194,15.445483,0.0043310001492500305,0.10610400140285492,14.22962,0.005477000027894974,99.98999786376953,99.99,9.989999771118164,99.98999786376953,99.99,9.989999771118164,99.98999786376953,4.896249771118164,0.15712499618530273,0.029999999329447746,0.3236730098724365,2174333.0,769333.0,136378850.0,25.919527053833008,16.0,3.0,6.0,9.0,1.0,0.0,0.0,2.0,48051.1576089,0.22498907616666777
121,13.189993,-73.073402,27.62110844171016,27.61882247030794,12.797060145043687,12.797101175591733,0.0,45212.09444969338,2201.292322217718,0.0,45212.09444969338,2280.510806896013,0.0,45212.09444969338,2356.4308586435286,0.0,1.1866729143319326,27.040817815274274,28.22749072960621,0.0465996545755071,1.8077591691702184,26.71655722200219,28.524316391172412,0.0712781940641456,2.6569942722036437,394.2018466185684,0.0,0.2319101795844246,3.913184553306025,4.460391878409282,,,,0,13.190088652608596,-73.07343029011714,302.797990792123,-44.05447829503742,311.57165536370394,-64.71059638106355,0.020253999158740044,0.020253999158740044,0.004083000123500824,0.01915300078690052,13.5988,0.004978999961167574,0.01686899922788143,99.99,9.989999771118164,99.98999786376953,99.99,9.989999771118164,99.98999786376953,99.99,9.989999771118164,99.98999786376953,99.99,9.989999771118164,99.98999786376953,0.6923329830169678,-0.07599999755620956,99.98999786376953,0.3269200026988983,2174333.0,769333.0,136378848.0,67.09326171875,3.0,1.0,3.0,0.0,0.0,0.0,0.0,-1.0,48051.2273847,0.14291098014441775
122,13.201415,-72.968979,4.620136808662451,4.617546295763583,14.739072352552125,14.739002168110218,0.0,9580.699931892512,2201.292322217718,0.0,9580.699931892512,2280.510806896013,0.0,9580.699931892512,2356.4308586435286,0.0,0.5078120539376414,4.3652642191741355,4.873076273111777,0.1194698863943397,0.7967475216291833,4.20355993252932,5.000307454158503,0.1878020189624134,1.1483015493779547,433.54860852481454,0.0,0.1297282261213121,3.639342546988535,4.053802521313445,,,,1,13.201446714233175,-72.96898252321802,302.79231354821854,-44.15889916845051,311.79625805138613,-64.66936200097662,0.011938000097870827,0.011938000097870827,0.014073999598622322,0.033316001296043396,17.842579,0.0050409999676048756,0.019540000706911087,15.01385,0.002558999927714467,0.2005770057439804,99.99,9.989999771118164,99.98999786376953,99.99,9.989999771118164,99.98999786376953,99.99,9.989999771118164,99.98999786376953,11.034553527832031,1.5860559940338135,0.05999999865889549,0.3146739900112152,2174335.0,768961.0,136379211.0,14.768706321716309,18.0,3.0,7.0,11.0,0.0,0.0,0.0,2.0,48051.936352,0.03576417900991164
123,13.211746,-72.775291,13.069866613836735,13.06068549999385,13.60957907332101,13.610211471233995,0.0,19161.617132002764,2203.3065169030224,0.0,19161.617132002764,2282.560725278254,0.0,19161.617132002764,2358.514238928226,0.0,0.7997293607471416,12.679956297764512,13.479685658511654,0.0664509918453237,1.19022942686248,12.495111555155312,13.685340982017792,0.0988456259991839,1.679943999570094,323.92787824321766,1.0,0.1401296185185218,3.917165542271724,4.200930121470743,,,,0,13.21178162710782,-72.77532481661322,302.7860284681756,-44.35252847127944,312.2077967944182,-64.58924130137005,0.010967999696731567,0.010967999696731567,0.015482000075280666,0.018984999507665634,14.279284,0.0030739998910576105,0.02381799928843975,99.99,9.989999771118164,99.98999786376953,99.99,9.989999771118164,99.98999786376953,99.99,9.989999771118164,99.98999786376953,99.99,9.989999771118164,99.98999786376953,1.7626370191574097,-0.057544998824596405,0.36500000953674316,0.408843994140625,2174309.0,768585.0,136466770.0,72.27936553955078,11.0,3.0,11.0,0.0,0.0,0.0,0.0,2.0,47955.749688,0.12752658837342268
124,13.233808,-72.232277,3.160456390812448,3.161165140446037,15.152207261462836,15.150470801904682,0.0,17176.96159967391,2188.199896895065,0.0,17176.96159967391,2267.185775270265,0.0,17176.96159967391,2342.887948052424,0.0,0.5543594999835606,2.877971254166813,3.4323307541503736,0.1910484699649632,0.8526519955015046,2.7289576671162883,3.581609662617793,0.2947587087079597,1.1867669818016608,7.174396902170666,0.0,0.1874596699822391,3.611652804809298,4.125806636024295,,,,1,13.233832828852789,-72.23226358054077,302.77066278993533,-44.89552004467762,313.34701686896426,-64.35695125966221,0.009011000394821167,0.009011000394821167,0.022266000509262085,0.03520200029015541,17.986708,0.00672700023278594,0.04002799838781357,14.981853,0.004217000212520361,0.11212100088596344,99.99,9.989999771118164,99.98999786376953,99.99,9.989999771118164,99.98999786376953,99.99,9.989999771118164,99.98999786376953,2.913374900817871,-0.15218700468540192,0.029999999329447746,0.2565709948539734,2171537.0,767434.0,136469639.0,50.1887321472168,16.0,3.0,8.0,8.0,0.0,0.0,0.0,2.0,47955.879829,0.05547844036323689
125,13.237359,-72.394661,6.688749234830267,6.694022485265712,14.337150565097142,14.335916531444486,0.0,14423.491053822465,2209.349061796843,0.0,14423.491053822465,2288.710342720034,0.0,14423.491053822465,2364.7641498234334,0.0,0.6266268721666295,6.375445957157119,7.002072829323748,0.1020041734277761,0.9668517138270588,6.187378112204935,7.154229826031994,0.1576255180873307,1.3615557477616989,329.52821830401547,0.0,0.1068022838049787,3.6129872853659006,4.112555235812855,,,,0,13.237360242184476,-72.39467611959982,302.77103766819755,-44.73310418782812,313.01143255980446,-64.43005234084511,0.01144499983638525,0.01144499983638525,0.02508999966084957,0.02552800066769123,17.902721,0.011448999866843224,0.06178100034594536,15.073736,0.007586000021547079,0.05591399967670441,14.031316,0.10463999956846237,99.98999786376953,99.99,9.989999771118164,99.98999786376953,99.99,9.989999771118164,99.98999786376953,4.533384799957275,1.0138460397720337,0.9700000286102295,0.24415700137615204,2171538.0,767822.0,136468131.0,6.206124782562256,13.0,3.0,6.0,6.0,1.0,0.0,0.0,2.0,47955.433124,0.054447361718846905
126,13.241423,-72.580956,15.298984464628983,15.308838959266438,13.43937278931955,13.43791837887775,0.0,120358.16221924158,2214.384471135615,0.0,120358.16221924158,2293.834866605098,0.0,120358.16221924158,2369.972146193727,0.0,2.146192701279194,14.2140072987208,16.360199999999995,0.153157045997391,3.184399999999997,13.70488,16.889279999999996,0.2273200000000024,4.476000000000001,294.51182051523807,0.0,0.386773452130801,3.874631520472101,4.026718774885367,,,,1,13.241371081685058,-72.58097336075988,302.771512865206,-44.54680334429999,312.62426408065147,-64.51292543767266,0.009775999933481216,0.009775999933481216,0.014012999832630157,0.020937999710440636,14.671007,0.003794000018388033,0.012118999846279621,13.737614,0.0059090000577270985,0.09398700296878815,13.875007,0.004604000132530928,0.10769599676132202,99.99,9.989999771118164,99.98999786376953,99.99,9.989999771118164,99.98999786376953,1.6469379663467407,0.010250000283122063,0.0,0.34962499141693115,2174310.0,768585.0,136466943.0,60.276920318603516,16.0,3.0,9.0,5.0,2.0,0.0,0.0,2.0,47955.737832,0.08388498210174711
127,13.245275,-73.139763,6.531382820622167,6.52560437955024,14.362929748963143,14.363383994813717,0.0,9076.225486835916,2200.285222422361,0.0,9076.225486835916,2279.4858390804957,0.0,9076.225486835916,2355.389154098968,0.0,0.5518031012473781,6.261511095363376,6.813314196610754,0.0911156209611849,0.9076601520728768,6.084175184662702,6.991835336735579,0.1512005546760981,1.1749679669097706,25.006583494968936,0.0,0.1662429952296078,3.605241636780754,4.028363824594105,,,,0,13.245369194528482,-73.13976582781832,302.7763656217868,-43.988020440248995,311.44650601650557,-64.75307803923826,0.0074720000848174095,0.0074720000848174095,0.012138999998569489,0.02812900021672249,17.99815,0.01167299970984459,0.015475000254809856,15.207876,0.003321999916806817,0.08019299805164337,14.024246,0.00795000046491623,0.10960700362920761,99.99,9.989999771118164,99.98999786376953,99.99,9.989999771118164,99.98999786376953,3.3498239517211914,0.018411999568343163,0.9800000190734863,0.43957701325416565,2174329.0,769333.0,136378728.0,25.144025802612305,17.0,3.0,5.0,9.0,3.0,0.0,0.0,2.0,48051.1898769,0.09887745514854665
128,13.249078,-73.441971,4.635868254612163,4.636643861670985,14.73544335571153,14.734667000145404,0.0,13619.917359897998,2197.263913211897,0.0,13619.917359897998,2276.4109010886223,0.0,13619.917359897998,2352.263982776743,0.0,0.5481646007604386,4.364565326672027,4.912729927432466,0.1280810076531757,0.8648008699836192,4.206360974250719,5.0711618442343385,0.2031588347749533,1.174474673653374,982.432684015599,0.0,0.0088682501252587,3.6124518337183305,4.251372448137522,,,,0,13.249090264100456,-73.44196914298504,302.77838080254946,-43.685818727254,310.80131381910235,-64.87938973767537,0.011522999964654446,0.011522999964654446,0.015573999844491482,0.03692900016903877,17.667187,0.005448999814689159,0.02291399985551834,14.70417,0.0041240002028644085,0.15287399291992188,99.99,9.989999771118164,99.98999786376953,99.99,9.989999771118164,99.98999786376953,99.99,9.989999771118164,99.98999786376953,6.2253570556640625,0.2630000114440918,0.029999999329447746,0.3750160038471222,2174759.0,769701.0,136377104.0,48.23390197753906,14.0,3.0,6.0,8.0,0.0,0.0,0.0,2.0,48051.1929867,0.014248103811620954
129,13.256099,-72.399757,9.47210694089866,9.465,13.95921229972274,13.96,0.0,20557.23967528688,2206.327796684384,0.0,20557.23967528688,2285.6355597891406,0.0,20557.23967528688,2361.639237443569,0.0,0.6732925059578321,9.149557705282628,9.82285021124046,0.0772913783918145,0.9944304663282556,9.006581023765026,10.001011490093282,0.1140760153452067,1.499685408823975,1200.7848047348216,0.0,0.1250325269006147,3.617888734270881,4.351310276301404,,,,0,13.256135134792876,-72.39979029393126,302.76310675152513,-44.7279421200737,313.00661031996907,-64.43740500549713,0.015348999761044979,0.015348999761044979,0.017611000686883926,0.018535999581217766,17.210249,0.010936000384390354,0.05007399991154671,14.408921,0.004441999830305576,0.060743000358343124,99.99,9.989999771118164,99.98999786376953,99.99,9.989999771118164,99.98999786376953,99.99,9.989999771118164,99.98999786376953,4.3267998695373535,0.1941000074148178,0.8299999833106995,0.2479259967803955,2171538.0,767822.0,136468132.0,53.913455963134766,10.0,3.0,6.0,4.0,0.0,0.0,0.0,2.0,47955.421670,0.1261474063873417
130,13.256905,-72.508492,7.373266625595638,7.374,14.231378611270523,14.230904159454896,0.0,18251.21253548025,2212.3703122706947,0.0,18251.21253548025,2291.7850741774423,0.0,18251.21253548025,2367.8889762456406,0.0,0.7140878102740631,7.01686139084592,7.730949201119983,0.1056883470915028,1.080586951081724,6.837018060156635,7.917605011238359,0.1590879391119077,1.495340858436216,984.5807590026754,0.0,0.0324509539473938,3.629381872753489,4.322743088354292,,,,0,13.256863038750659,-72.50851493293538,302.764124077542,-44.6192196665062,312.7803459569105,-64.48542301148767,0.028862999752163887,0.028862999752163887,0.009757000021636486,0.02084900066256523,17.263786,0.01018300000578165,0.025460999459028244,14.403796,0.005625999998301268,0.21550500392913818,99.99,9.989999771118164,99.98999786376953,99.99,9.989999771118164,99.98999786376953,99.99,9.989999771118164,99.98999786376953,3.267544984817505,0.1816360056400299,0.8700000047683716,0.2821579873561859,2174310.0,767822.0,136468000.0,18.07956314086914,11.0,3.0,6.0,5.0,0.0,0.0,0.0,2.0,47955.619588,0.09421987290849122
131,13.259931,-72.498817,6.9409700251114765,6.941157412211439,14.296869930930756,14.296479733911909,0.0,12058.525579983543,2203.3065169030224,0.0,12058.525579983543,2282.560725278254,0.0,12058.525579983543,2358.514238928226,0.0,0.5870470500035374,6.6471984335011465,7.234245483504684,0.0915566131057961,0.9007708510386196,6.49903914896138,7.39981,0.141126026962679,1.3476805190692485,541.9947097683918,0.0,0.1488208429118219,3.659595858539724,4.104761805589364,,,,0,13.259909224873542,-72.49882502723341,302.76271884921766,-44.62890123191572,312.8014960095318,-64.48199853107879,0.012664999812841415,0.012664999812841415,0.016665000468492508,0.02651900053024292,17.168741,0.011075000278651714,0.02383900061249733,14.80859,0.005301999859511852,0.06921199709177017,13.616274,0.029745999723672867,99.98999786376953,99.99,9.989999771118164,99.98999786376953,99.99,9.989999771118164,99.98999786376953,3.2569000720977783,0.05559999868273735,0.029999999329447746,0.2780030071735382,2174310.0,767822.0,136468002.0,46.89833450317383,10.0,3.0,4.0,5.0,1.0,0.0,0.0,2.0,47955.634993,0.037293837914342716
132,13.268429,-72.562134,7.639426622119391,7.640079832205387,14.192793339927816,14.192204564754489,0.0,14330.552535697154,2206.327796684384,0.0,14330.552535697154,2285.6355597891406,0.0,14330.552535697154,2361.639237443569,0.0,0.6483052169717816,7.315666416728986,7.963971633700767,0.0920341757013147,0.9901618882239056,7.158749923467283,8.148911811691189,0.1406543404416975,1.4598682179149902,417.5853225468257,0.0,0.1483910750531785,3.609030011338384,4.159617731320127,,,,1,13.26840834071835,-72.56214427874997,302.7599208378877,-44.56556192442343,312.671846743897,-64.51199503931457,0.016618000343441963,0.016618000343441963,0.013523999601602554,0.04232899844646454,17.584972,0.0101539995521307,0.026492999866604805,14.948437,0.006965999957174063,0.15763099491596222,13.973558,0.10290300101041794,0.4583140015602112,99.99,9.989999771118164,99.98999786376953,99.99,9.989999771118164,99.98999786376953,3.627466917037964,-0.3862670063972473,0.9800000190734863,0.3237209916114807,2174310.0,767822.0,136467968.0,54.906070709228516,15.0,3.0,6.0,7.0,2.0,0.0,0.0,2.0,47955.637454,0.043197165082807014
133,13.279305,-72.171394,2.533145118427664,2.5315178213932374,15.393484476359044,15.39160976881566,0.0,20774.05054279537,2187.1927757346384,0.0,20774.05054279537,2266.16073232921,0.0,20774.05054279537,2341.8461180529875,0.0,0.565390641324861,2.253,2.818390641324861,0.2430000000000003,0.8828441407824688,2.0962799999999997,2.9791241407824685,0.3808371014940022,1.2141440746195211,1.331537061301968,1.0,0.170927174348697,3.604996569477069,4.012438473079172,,,,0,13.279326550332042,-72.1713965038307,302.7502741353654,-44.95626365720759,313.48714811213534,-64.3421679698551,0.008458999916911125,0.008458999916911125,0.014526999555528164,0.025898000225424767,18.21015,0.007170000113546848,0.03413999825716019,15.211981,0.004009000025689602,0.035399001091718674,99.99,9.989999771118164,99.98999786376953,99.99,9.989999771118164,99.98999786376953,99.99,9.989999771118164,99.98999786376953,2.4901249408721924,0.013749999925494194,0.9599999785423279,0.20252199470996857,2171602.0,767434.0,136469683.0,24.31002426147461,16.0,3.0,8.0,8.0,0.0,0.0,0.0,2.0,47955.878544,0.025405852412137733
134,13.309965,-72.641273,3.3945358302454425,3.3989210645697865,15.074814879982773,15.07180550622952,0.0,11788.7935710505,2198.2710179205837,0.0,11788.7935710505,2277.4358861807837,0.0,11788.7935710505,2353.305716172226,0.0,0.617916728566029,3.075589433538916,3.6935061621049448,0.1991249351110742,0.9560626727667918,2.9184359083531213,3.874498581119913,0.307538098143679,1.3226970683701302,900.9415351115288,0.0,0.0570394479763471,3.606984788095195,4.107536021920098,,,,1,13.309948915026506,-72.64129941132141,302.74353844286674,-44.486293980404,312.5186604572674,-64.55762076335833,0.013663999736309052,0.013663999736309052,0.03211100026965141,0.0357620008289814,17.75186,0.00646300008520484,0.03805999830365181,15.17094,0.003102000104263425,0.0820000022649765,13.960917,0.004000999964773655,0.028929000720381737,14.248478,0.4143019914627075,99.98999786376953,99.99,9.989999771118164,99.98999786376953,5.4313459396362305,-0.025191999971866608,0.07235299795866013,0.4623880088329315,2174310.0,768585.0,136466909.0,13.90207290649414,26.0,3.0,10.0,13.0,2.0,1.0,0.0,2.0,47955.718920,0.09663759411682103
135,13.315513,-72.367493,25.60844230397317,25.62309050101895,12.87922229158624,12.878720756235436,0.0,65043.7558937297,2199.2781209903605,0.0,65043.7558937297,2278.4608655100797,0.0,65043.7558937297,2354.3474399440825,0.0,1.2823793510596315,24.95692862710143,26.23930797816106,0.0541535840705105,1.911643244406385,24.667708697510733,26.57935194191712,0.0812387924769559,2.5664084298126717,42.705660440233025,1.0,0.3274377370456995,3.832043707413819,4.37008423086195,,,,0,13.315547839953048,-72.36750904717172,302.7373682574618,-44.76005429661878,313.0921374580482,-64.43928217625108,0.022565999999642372,0.022565999999642372,0.037262000143527985,0.017643999308347702,13.771111,0.010387999936938286,0.009332999587059021,99.99,9.989999771118164,99.98999786376953,99.99,9.989999771118164,99.98999786376953,99.99,9.989999771118164,99.98999786376953,99.99,9.989999771118164,99.98999786376953,1.374500036239624,-0.14350000023841858,99.98999786376953,0.25840601325035095,2171538.0,767822.0,136468141.0,28.50782012939453,4.0,1.0,4.0,0.0,0.0,0.0,0.0,-1.0,47955.1050051,0.0691430318438499
136,13.316536,-73.259033,25.45805781158347,25.456792394498688,12.885648243978771,12.885379668378151,0.0,67142.89081261336,2208.3419750540293,0.0,67142.89081261336,2287.6854208009313,0.0,67142.89081261336,2363.722521923098,0.0,1.3477249140841463,24.783680782199298,26.131405696283444,0.0570533803147732,2.128932743432859,24.41154082124864,26.5404735646815,0.0910187369385084,3.011924278283015,334.46838665955283,0.0,0.3052456804710812,3.8626025757024296,4.384346391085037,,,,0,13.316564068987404,-73.2590819812491,302.74930004373454,-43.86852218547664,311.2120990234005,-64.82155645349312,0.024483000859618187,0.024483000859618187,0.011469000019133091,0.028883999213576317,13.630054,0.009014000184834003,0.00216599996201694,99.99,9.989999771118164,99.98999786376953,99.99,9.989999771118164,99.98999786376953,99.99,9.989999771118164,99.98999786376953,99.99,9.989999771118164,99.98999786376953,0.6765000224113464,-0.041999999433755875,99.98999786376953,0.5386120080947876,2174299.0,769701.0,136377312.0,22.530797958374023,2.0,1.0,2.0,0.0,0.0,0.0,0.0,-1.0,48051.2274167,0.1787185931654674
137,13.327935,-72.551033,14.674033763206824,14.67353903614816,13.483843938921492,13.483606944393474,0.0,19622.46662293414,2200.285222422361,0.0,19622.46662293414,2279.4858390804957,0.0,19622.46662293414,2355.389154098968,0.0,0.8076436857509144,14.270549152046488,15.078192837797404,0.0598048049401214,1.225695350747582,14.06076275054136,15.28645810128894,0.0907944132873606,1.616973193304613,3.573850037450632,0.0,0.2468237285989604,3.8284583391818905,4.079872518480299,,,,0,13.327870524757861,-72.55106579532043,302.73475209756697,-44.57646941061723,312.713094342263,-64.52319879576446,0.01684500090777874,0.01684500090777874,0.004021000117063522,0.0026990000624209642,14.534181,0.01382800005376339,0.011060000397264957,13.577908,0.017490999773144722,0.02985600009560585,99.99,9.989999771118164,99.98999786376953,99.99,9.989999771118164,99.98999786376953,99.99,9.989999771118164,99.98999786376953,1.9113329648971558,0.024667000398039818,0.0,0.31647899746894836,2174318.0,767822.0,136467969.0,27.046131134033203,6.0,3.0,4.0,2.0,0.0,0.0,0.0,6.0,47955.599963,0.13705124436857674
138,13.329248,-71.703796,5.011869174755739,5.014,14.65064630721633,14.649690280744853,0.0,20191.786490348102,2404.6944159623813,0.0,20191.786490348102,2487.4415558242654,0.0,20191.786490348102,2566.6668895276453,0.0,0.5391222253321546,4.744147115229861,5.283269340562016,0.1170678983245565,0.7815012232933523,4.609471314390699,5.390972537684052,0.1701467657920741,1.207082299059424,868.4361568732456,0.0,0.0897908955278216,3.61761314523221,4.190510793338582,,,,0,13.329160602266603,-71.70380616853434,302.72184557531074,-45.4236799801043,314.4618570143425,-64.14348248329914,0.01258500013500452,0.01258500013500452,0.02011200040578842,0.03229000046849251,17.587194,0.006837999913841486,0.06249300017952919,14.700786,0.0029319999739527702,0.003771000076085329,99.99,9.989999771118164,99.98999786376953,99.99,9.989999771118164,99.98999786376953,99.99,9.989999771118164,99.98999786376953,1.0548570156097412,-0.018428999930620193,0.3499999940395355,0.06981199979782104,2171632.0,766646.0,136475896.0,42.85223388671875,7.0,3.0,5.0,2.0,0.0,0.0,0.0,2.0,47855.595889,0.10533755740110998
139,13.33919,-72.287971,34.23556078648321,34.23321227174301,12.563974564514393,12.563961539360056,0.0,408018.91647950327,2169.064311327027,0.0,408018.91647950327,2247.708962456164,0.0,408018.91647950327,2323.091513250015,0.0,1.485601513077654,33.49225751511047,34.97785902818812,0.0466793125403111,2.227497153738149,33.122932872926256,35.350430026664405,0.0705568518248842,3.1380659046183794,3.724195029243445,1.0,0.4772226758101939,3.772158795062264,4.569499819854714,,,,0,13.339199722930267,-72.2879837145757,302.7261020195954,-44.83950191273193,313.26467477300156,-64.4105059015706,0.022098999470472336,0.022098999470472336,0.0064849997870624065,0.012563999742269516,13.765407,0.006173000205308199,0.038065001368522644,99.99,9.989999771118164,99.98999786376953,99.99,9.989999771118164,99.98999786376953,99.99,9.989999771118164,99.98999786376953,99.99,9.989999771118164,99.98999786376953,0.9553329944610596,-0.04600000008940697,99.98999786376953,0.2504569888114929,2171537.0,767434.0,136469530.0,88.233642578125,3.0,1.0,3.0,0.0,0.0,0.0,0.0,-1.0,47955.1153085,0.04699488193186964
140,13.339863,-71.844383,12.051809638184803,12.05276067511972,13.697633946990416,13.697234831152006,0.0,105490.2040495038,2740.887623587918,0.0,105490.2040495038,2829.1544638581745,0.0,105490.2040495038,2913.5502263040985,0.0,0.7735920537327043,11.668850202334472,12.442442256067176,0.0696093337150749,1.2090744849150123,11.440028446930974,12.649102931845986,0.1089666100812536,1.6682995826658082,6.565064539059584,1.0,0.2460539379151066,3.839853691333308,4.080614186786154,,,,0,13.339783513620857,-71.8443971995156,302.7192183843832,-45.28306181579844,314.1785578694646,-64.21092769733313,0.009371000342071056,0.009371000342071056,0.006699000019580126,0.016767999157309532,14.515706,0.002947000088170171,0.026830000802874565,99.99,9.989999771118164,99.98999786376953,13.641118,0.019001999869942665,99.98999786376953,13.626719,0.01929599978029728,0.010029000230133533,99.99,9.989999771118164,99.98999786376953,1.3049230575561523,-0.033615000545978546,0.0,0.10190100222826004,2171605.0,766646.0,136475748.0,92.73985290527344,13.0,3.0,10.0,0.0,1.0,2.0,0.0,6.0,47855.113051,0.10277815718660471
141,13.345563,-72.413216,7.119214260009312,7.1191770472005595,14.269346452481424,14.269,0.0,24507.930860429973,2196.256806863166,0.0,24507.930860429973,2275.385910229604,0.0,24507.930860429973,2351.222239750972,0.0,0.6105131029274444,6.810653557359179,7.421166660286623,0.0929816502622902,0.9487175833035026,6.650137987322736,7.598855570626239,0.1452576150785027,1.3394499352711629,432.850189902126,0.0,0.1130750821066256,3.618717401295475,4.205307879992377,,,,0,13.345595470888425,-72.41324746236207,302.72523516397587,-44.71422466792546,313.00623731120254,-64.46760853233916,0.01522199995815754,0.01522199995815754,0.03597800061106682,0.031021999195218086,16.70078,0.013020999729633331,0.00973500031977892,14.598083,0.0034310000482946634,0.005673999898135662,99.99,9.989999771118164,99.98999786376953,99.99,9.989999771118164,99.98999786376953,99.99,9.989999771118164,99.98999786376953,1.162500023841858,-0.039000000804662704,99.98999786376953,0.2709270119667053,2171538.0,767822.0,136468109.0,8.467379570007324,6.0,1.0,3.0,3.0,0.0,0.0,0.0,-1.0,47955.1086432,0.1186437521963177
142,13.348422,-72.783722,7.732323116020703,7.737818854023128,14.17991761167194,14.178187523142768,0.0,26861.7181034788,2213.3773925141754,0.0,26861.7181034788,2292.8099732430487,0.0,26861.7181034788,2368.930565981988,0.0,0.8547856964737903,7.303687652465294,8.158473348939085,0.1200253593881512,1.234722042055861,7.113606802093468,8.348328844149329,0.1738443557915037,1.8110774635434312,942.2357229264352,0.0,0.0515268117460669,3.619826397713927,4.51450096099899,,,,0,13.348438469007338,-72.78373227257335,302.7295631676829,-44.343751729930396,312.2306570900179,-64.62938334181845,0.009992999956011772,0.009992999956011772,0.01943499967455864,0.02983899973332882,15.86729,0.006523999851197004,0.01677500084042549,14.116373,0.004726999904960394,0.11123000085353851,12.906037,0.00559900002554059,99.98999786376953,99.99,9.989999771118164,99.98999786376953,99.99,9.989999771118164,99.98999786376953,3.96041202545166,0.11764699965715408,0.25,0.3838450014591217,2174309.0,768961.0,136379388.0,36.12026596069336,17.0,3.0,7.0,9.0,1.0,0.0,0.0,2.0,48051.78620,0.040933500447500305
143,13.350006,-73.11042,7.905066820889726,7.861771465531413,14.1560365438438,14.16119466659421,0.0,33263.35929235484,2209.349061796843,0.0,33263.35929235484,2288.710342720034,0.0,33263.35929235484,2364.7641498234334,0.0,0.933642788416062,7.5074323055581935,8.441075093974256,0.1272066117172947,1.356053114228046,7.33332,8.689373114228045,0.1844585406318817,2.0035073339013856,3.968205394884645,0.0,0.2912642825554143,3.7929873773482505,4.157086327454488,,,,0,13.350135978547724,-73.11044345394892,302.7337022248934,-44.01705365372813,311.538840749541,-64.76839402476661,0.0064650001004338264,0.0064650001004338264,0.02285199984908104,0.03190699964761734,20.543303,0.017663000151515007,0.046091001480817795,17.397211,0.00406799977645278,0.10990999639034271,15.827971,0.0027600000612437725,0.12870599329471588,15.189302,0.005148999858647585,0.10345400124788284,14.727703,0.01646599918603897,0.10319899767637253,3.7263529300689697,0.0019409999949857593,0.949999988079071,0.36138099431991577,2174329.0,769333.0,136378732.0,7.7128400802612305,34.0,3.0,6.0,11.0,9.0,5.0,3.0,2.0,48051.986088,0.16003151961038412
144,13.358685,-72.489899,10.29566086921674,10.298,13.868611370002592,13.868121500151664,0.0,23261.494953308425,2182.15714513749,0.0,23261.494953308425,2261.0354304378093,0.0,23261.494953308425,2336.6368224607113,0.0,0.629655594263923,9.992813510806688,10.62246910507061,0.0664594569862782,0.984170322104882,9.812384216730493,10.796554538835371,0.1039599999999989,1.3667786149871937,513.0566544792528,0.0,0.0789755230874822,3.922664365632065,4.04689519755811,,,,0,13.358676732535605,-72.48990930804328,302.7208490690254,-44.63752481706722,312.8503329021709,-64.5047992112632,0.011913999915122986,0.011913999915122986,0.029559999704360962,0.022167999297380447,14.82386,0.011277999728918076,0.01218700036406517,14.240404,0.015376999974250793,0.031902000308036804,13.911744,0.031631000339984894,0.10629799962043762,14.078023,0.021978000178933144,99.98999786376953,99.99,9.989999771118164,99.98999786376953,2.7674169540405273,0.003916999790817499,0.0,0.296438992023468,2174305.0,767822.0,136468004.0,32.478851318359375,12.0,3.0,6.0,3.0,2.0,1.0,0.0,2.0,47955.597472,0.03817413121932119
145,13.378453,-73.231285,4.991541054973474,4.991,14.65508528737718,14.654736125431723,0.0,9623.549769845447,2194.242589241021,0.0,9623.549769845447,2273.3359111950153,0.0,9623.549769845447,2349.138724781879,0.0,0.5435219206631672,4.722188598448262,5.265710519111429,0.1183244245140233,0.8499133207575893,4.56440520250001,5.4143185232576,0.1857439734165709,1.1822088824611043,1.540985093840495,0.0,0.1699983995246684,3.604267760498752,4.074685095399882,,,,0,13.378358638084196,-73.23129162332657,302.72418061045744,-43.896123661607255,311.28891399878495,-64.82622959318498,0.010339999571442604,0.010339999571442604,0.05226700007915497,0.053713999688625336,16.454979,0.006529000122100115,0.005752000026404858,14.902757,0.0033809999004006386,0.17650100588798523,99.99,9.989999771118164,99.98999786376953,99.99,9.989999771118164,99.98999786376953,99.99,9.989999771118164,99.98999786376953,6.548500061035156,-0.04899999871850014,0.14000000059604645,0.5180609822273254,2174298.0,769701.0,136377315.0,72.70907592773438,14.0,3.0,5.0,9.0,0.0,0.0,0.0,2.0,48051.1913344,0.10086611392474933
146,13.378894,-72.532722,6.795429163286382,6.802,14.320233415260352,14.318496636615643,0.0,85166.93975940085,2202.2994203775615,0.0,85166.93975940085,2281.535768960608,0.0,85166.93975940085,2357.472553584404,0.0,0.8130385487372296,6.376351560657283,7.1893901093945125,0.1306667463758639,1.2235959027633738,6.159009442846578,7.382605345609952,0.1962800000000015,1.7893158861399456,1080.9756768281095,0.0,0.1198753908887964,3.6037874349422143,4.434069535733533,,,,0,13.378898101792801,-72.53274979275074,302.7129814814473,-44.594619442154695,312.7669408277301,-64.52898457265867,0.012895000167191029,0.012895000167191029,0.03328099846839905,0.025537999346852303,17.29797,0.009751000441610813,0.03286699950695038,14.357161,0.00572599982842803,0.1331309974193573,99.99,9.989999771118164,99.98999786376953,99.99,9.989999771118164,99.98999786376953,99.99,9.989999771118164,99.98999786376953,3.0121819972991943,0.12390899658203125,0.8600000143051147,0.30934199690818787,2174318.0,767822.0,136467972.0,61.532108306884766,11.0,3.0,7.0,4.0,0.0,0.0,0.0,2.0,47955.624933,0.10015202849994631
147,13.405291,-72.398819,23.597167515864477,23.59115557793878,12.968008974944448,12.968000000000002,0.0,81031.76612633775,2159.9998763552644,0.0,81031.76612633775,2238.482364532282,0.0,81031.76612633775,2313.7130202092044,0.0,1.0424240753614562,23.09723441935685,24.139658494718308,0.0478776159214469,1.5199478019352064,22.861650767031804,24.38159856896701,0.0699265695528676,2.1282460844089073,1.257237406997748,1.0,0.3150926981714047,3.8289587155170546,4.273821725883706,,,,0,13.405285840528922,-72.39884748921773,302.69961535187105,-44.72842021211262,313.05466548416774,-64.47747485483997,0.01912900060415268,0.01912900060415268,0.02326899953186512,0.0037120000924915075,13.955156,0.010400000028312206,0.007234999909996986,99.99,9.989999771118164,99.98999786376953,99.99,9.989999771118164,99.98999786376953,99.99,9.989999771118164,99.98999786376953,99.99,9.989999771118164,99.98999786376953,0.918749988079071,-0.07150000333786011,99.98999786376953,0.27279001474380493,2171538.0,767822.0,136468120.0,22.358442306518555,4.0,1.0,4.0,0.0,0.0,0.0,0.0,-1.0,47955.1050314,0.10271486118138677
148,13.407487,-72.422089,9.108267073866916,9.103495925646714,14.001691294483356,14.002,0.0,42531.7705253881,2176.114333719567,0.0,42531.7705253881,2254.8848758231557,0.0,42531.7705253881,2330.385346546735,0.0,0.5996068725794945,8.811631540325715,9.41123841290521,0.0710369041625273,0.9230178629209488,8.638685114773796,9.561702977694743,0.1105491073153874,1.2925067644332682,352.4085765911196,1.0,0.0897514792206526,3.6189942273435727,4.0197066405793365,,,,1,13.407544449998246,-72.42212334050159,302.6990465090109,-44.70513786418202,313.006829171742,-64.4883185039568,0.009244999848306179,0.009244999848306179,0.020716000348329544,0.036657001823186874,17.514523,0.01030299998819828,0.011824999935925007,15.008658,0.003481999970972538,0.2179879993200302,99.99,9.989999771118164,99.98999786376953,99.99,9.989999771118164,99.98999786376953,99.99,9.989999771118164,99.98999786376953,3.000643014907837,0.011571000330150127,0.9800000190734863,0.28494200110435486,2171538.0,767822.0,136468112.0,0.4070200026035309,14.0,3.0,7.0,7.0,0.0,0.0,0.0,2.0,47955.514755,0.13850848549697095
149,13.407679,-72.54425,26.57256376475371,26.565590681858556,12.839102689602193,12.839280271974474,0.0,72593.98016093482,2196.256806863166,0.0,72593.98016093482,2275.385910229604,0.0,72593.98016093482,2351.222239750972,0.0,1.2492025275230176,25.950626238240396,27.199828765763417,0.0509999999999983,1.8254104851364377,25.676692528607013,27.50210301374345,0.0747208211753545,2.609664785386972,2.6973341144416345,0.0,0.3676123291080583,3.790683081821299,4.4046161687992775,,,,0,13.407619434560226,-72.54430126225179,302.7010696336456,-44.58296841982985,312.7514978604427,-64.5417761431075,0.03081200085580349,0.03081200085580349,0.0139979999512434,0.0005699999746866524,13.951154,0.006781000178307295,0.008469999767839909,99.99,9.989999771118164,99.98999786376953,99.99,9.989999771118164,99.98999786376953,99.99,9.989999771118164,99.98999786376953,99.99,9.989999771118164,99.98999786376953,1.1475000381469727,-0.04699999839067459,99.98999786376953,0.3215410113334656,2174318.0,768206.0,136467630.0,97.19992065429688,2.0,1.0,2.0,0.0,0.0,0.0,0.0,-1.0,47955.1050844,0.1954331087677184
150,13.412949,-72.393631,18.602094516641113,18.58003999262151,13.226264039180029,13.227391525218064,0.0,425631.4122133103,2167.0500041811547,0.0,425631.4122133103,2245.658648631526,0.0,425631.4122133103,2321.007472602607,0.0,0.9017934833752363,18.18423293116619,19.086026414541426,0.0530000000000008,1.3961507620126137,17.96550782657675,19.361658588589364,0.081526342857515,1.8838073884470672,860.0479866747829,1.0,0.0537923773608342,3.6080008752633743,4.122156970907906,,,,0,13.412961977124533,-72.39365708324112,302.6962599779932,-44.73358234386472,313.0678538877763,-64.47727624957771,0.00889699999243021,0.00889699999243021,0.015870999544858932,0.029339000582695007,17.868408,0.012103999964892864,0.004269999917596579,15.095031,0.0035359999164938927,0.11318600177764893,13.822144,0.022592000663280487,0.24435900151729584,99.99,9.989999771118164,99.98999786376953,99.99,9.989999771118164,99.98999786376953,3.873800039291382,0.09679999947547913,0.9399999976158142,0.2703399956226349,2171538.0,767822.0,136468120.0,29.50931739807129,15.0,3.0,6.0,7.0,2.0,0.0,0.0,2.0,47955.526208,0.09495699770399314
151,13.415298,-72.535828,19.9403786366434,19.954287230834744,13.150952565843834,13.150000000000002,0.0,82041.27751079774,2198.2710179205837,0.0,82041.27751079774,2277.4358861807837,0.0,82041.27751079774,2353.305716172226,0.0,1.35578976123616,19.2281388846738,20.58392864590996,0.0740000000000016,1.8884654908035896,18.986798131449405,20.87526362225299,0.1026606172332016,2.750670897910613,541.2163555749149,0.0,0.2121010743160175,3.6154212043303047,4.6297172044815,,,,1,13.41527013251372,-72.53586030099031,302.6977039890434,-44.59138113469322,312.77149920266976,-64.5401650930652,0.014921000227332115,0.014921000227332115,0.03985299915075302,0.01476799976080656,15.733932,0.0060189999639987946,0.01357599999755621,99.99,9.989999771118164,99.98999786376953,99.99,9.989999771118164,99.98999786376953,99.99,9.989999771118164,99.98999786376953,99.99,9.989999771118164,99.98999786376953,0.8697140216827393,0.0607139989733696,0.9800000190734863,0.3171739876270294,2174318.0,767822.0,136467973.0,12.611943244934082,7.0,3.0,7.0,0.0,0.0,0.0,0.0,2.0,47955.749661,0.12011806255379909
152,13.417728,-72.409355,6.021094503379295,6.032,14.45129802332944,14.44890244117362,0.0,74146.78113239858,2147.913750853217,0.0,74146.78113239858,2226.179487792536,0.0,74146.78113239858,2301.207116764471,0.0,0.5580759996137505,5.730887327009772,6.288963326623523,0.1014109199868738,0.8764975782406017,5.586139194469936,6.462636772710538,0.1578542807671983,1.153862584041918,3.056313707405067,1.0,0.1568763817076303,3.6921953863624264,4.080907084690186,,,,0,13.417753725351998,-72.40938293074147,302.69449000527425,-44.71784005103444,313.0365472979208,-64.48549218721539,0.009444000199437141,0.009444000199437141,0.020315000787377357,0.025258999317884445,16.55513,0.00970499962568283,0.005880000069737434,14.50445,0.0036909999325871468,0.1488340049982071,13.631597,0.02087399922311306,99.98999786376953,12.858504,0.03403399884700775,99.98999786376953,99.99,9.989999771118164,99.98999786376953,2.325000047683716,0.08221399784088135,0.949999988079071,0.2789689898490906,2171538.0,767822.0,136468114.0,47.1875114440918,14.0,3.0,7.0,5.0,1.0,1.0,0.0,2.0,47955.524375,0.10437331530953714
153,13.42474,-72.908089,4.950408373225819,4.92970470552651,14.667034920336842,14.667985122862897,0.0,66502.79828842617,2217.405697278823,0.0,66502.79828842617,2296.9095125090557,0.0,66502.79828842617,2373.0968297466734,0.0,1.276370022482964,4.380547194462901,5.656917216945865,0.2771385435069522,1.6614190559180324,4.231151709113235,5.892570765031268,0.3594868054937876,2.9650000000000003,8.330655284960239,0.0,0.2922329747150292,3.630799581142971,4.024147790555068,,,,1,13.424778696555164,-72.9080876032207,302.7001012151937,-44.21914705998286,311.9902841048498,-64.70281583075264,0.008263000287115574,0.008263000287115574,0.04073699936270714,0.03856800124049187,17.828058,0.0049749999307096004,0.041002001613378525,15.221713,0.0026420000940561295,0.20806899666786194,14.066342,0.0034179999493062496,0.14407700300216675,99.99,9.989999771118164,99.98999786376953,13.287855,0.018588000908493996,99.98999786376953,5.256937026977539,0.08703199774026871,0.07105299830436707,0.3015750050544739,2174334.0,768961.0,136379252.0,45.51985168457031,31.0,3.0,11.0,15.0,4.0,0.0,1.0,2.0,48051.225487,0.04125087853085159
154,13.427622,-72.287094,33.82363620914444,32.3773700575056,12.606605266819228,12.624305618928602,1.0,3728253.2385673504,1737.83255869297,0.0,3728253.2385673504,1808.3439637183465,0.0,3728253.2385673504,1876.108491305762,0.0,25.502718786382164,23.431368640480837,48.934087426863,0.7994500000000002,28.378947171232927,22.54920282876707,50.928149999999995,0.8845404638703904,31.236596266742545,73.82057734643615,0.0,2.60687697512005,3.753050528014179,4.785595691695746,,,,0,13.427726619507599,-72.2871232539368,302.68810705257533,-44.84005316560408,313.29412190707546,-64.43426555912795,0.012364000082015991,0.012364000082015991,0.043368998914957047,0.011935999616980553,14.572797,0.005733000114560127,0.5875880122184753,99.99,9.989999771118164,99.98999786376953,99.99,9.989999771118164,99.98999786376953,99.99,9.989999771118164,99.98999786376953,99.99,9.989999771118164,99.98999786376953,1.6842859983444214,-0.04500000178813934,0.029999999329447746,0.23198699951171875,2171537.0,767434.0,136469532.0,17.465259552001953,7.0,3.0,7.0,0.0,0.0,0.0,0.0,2.0,47955.749557,0.15563309569612713
155,13.433085,-72.089363,18.92870064479343,18.918378261855704,13.20740796331834,13.208000000000002,0.0,350823.47403421806,2881.7664116694714,0.0,350823.47403421806,2972.24493353606,0.0,350823.47403421806,3058.712470308996,0.0,1.0369543272762023,18.427269905650466,19.464224232926668,0.0590237713280039,1.6480941532917726,18.14455584670823,19.79265,0.0943173761956437,2.209379757398427,1.910843520677456,0.0,0.3315182378482765,3.857928053007402,4.180329131382925,,,,1,13.433118464526238,-72.08935345761847,302.68227682473014,-45.037786775676906,313.7053992255609,-64.34757580505182,0.0169489998370409,0.0169489998370409,0.024620000272989273,0.01792900077998638,13.888274,0.004052999895066023,0.04552299901843071,99.99,9.989999771118164,99.98999786376953,99.99,9.989999771118164,99.98999786376953,99.99,9.989999771118164,99.98999786376953,99.99,9.989999771118164,99.98999786376953,0.8579999804496765,-0.06449999660253525,99.98999786376953,0.13552600145339966,2171613.0,767042.0,136470081.0,48.33602523803711,6.0,1.0,6.0,0.0,0.0,0.0,0.0,-1.0,47955.1049157,0.05052470841966067
156,13.440647,-72.894165,16.077241230539475,15.991059455186832,13.387000485665776,13.390316533571552,0.0,517179.8379241993,2215.391548136128,0.0,517179.8379241993,2294.8597542675075,0.0,517179.8379241993,2371.0137168874007,0.0,3.616829063674457,14.482362377580865,18.09919144125532,0.2417539267929491,4.997069502220995,13.961142089276477,18.95821159149747,0.3324628845416679,6.539179085198029,775.3624538480159,0.0,0.849529398547887,3.6226162954782497,4.722848177942705,,,,0,13.440726366548365,-72.89416620517983,302.69331690729047,-44.23300911617562,312.02443859160604,-64.70115025750779,0.011056999675929546,0.011056999675929546,0.020116999745368958,0.028061000630259514,17.02042,0.005309999920427799,0.020864000543951988,14.024671,0.006926000118255615,0.12388300150632858,99.99,9.989999771118164,99.98999786376953,99.99,9.989999771118164,99.98999786376953,99.99,9.989999771118164,99.98999786376953,2.9647650718688965,0.07335299998521805,0.6345450282096863,0.3084990084171295,2174334.0,768961.0,136379254.0,97.34346008300781,17.0,3.0,11.0,6.0,0.0,0.0,0.0,10.0,48051.493467,0.08415280230245686
157,13.442446,-72.531502,5.999975973905634,5.996751292790202,14.455115704848826,14.455357068584808,0.0,100680.04332128426,2173.0929055597735,0.0,100680.04332128426,2251.809519572553,0.0,100680.04332128426,2327.259476759856,0.0,0.5630482313393914,5.71521525697462,6.278263488314011,0.1023243319908662,0.8741999617240843,5.562241249272211,6.436441210996295,0.1586622813422504,1.1800553518468506,2.3240120312666086,1.0,0.1697119484822886,3.604752553224549,4.130516826834135,,,,0,13.442430766910485,-72.53153714591633,302.68618156273675,-44.59560271027644,312.78881470907913,-64.54561956664202,0.01063700020313263,0.01063700020313263,0.025287000462412834,0.028157999739050865,17.941423,0.01000600028783083,0.027257999405264854,14.905432,0.004093999974429607,0.08028499782085419,99.99,9.989999771118164,99.98999786376953,99.99,9.989999771118164,99.98999786376953,99.99,9.989999771118164,99.98999786376953,2.9655721187591553,-0.030143000185489655,0.8399999737739563,0.3181610107421875,2174318.0,768206.0,136467631.0,66.642333984375,14.0,3.0,7.0,7.0,0.0,0.0,0.0,2.0,47955.613624,0.12759168364998258
158,13.446713,-73.248802,10.982225265692582,10.982094894511349,13.798527807414729,13.798710330111488,0.0,16788.756781398322,2203.3065169030224,0.0,16788.756781398322,2282.560725278254,0.0,16788.756781398322,2358.514238928226,0.0,0.678023811707579,10.6415508577674,11.31957466947498,0.0670859144019235,1.0446850882667231,10.460544319119151,11.505229407385874,0.1032454697197806,1.4017321012424144,5.414026513629424,1.0,0.2248697102156867,3.804292208702699,4.03558906704271,,,,0,13.446766804475438,-73.2488508250193,302.69710212630747,-43.87833056762366,311.27055866588046,-64.85145953908712,0.012892000377178192,0.012892000377178192,0.004424999933689833,0.013980000279843807,14.852942,0.005781999789178371,0.010173000395298004,99.99,9.989999771118164,99.98999786376953,13.769587,0.04753800109028816,99.98999786376953,99.99,9.989999771118164,99.98999786376953,99.99,9.989999771118164,99.98999786376953,1.7401670217514038,-0.05999999865889549,0.0,0.4758189916610718,2174298.0,769701.0,136377294.0,82.642333984375,6.0,3.0,5.0,0.0,1.0,0.0,0.0,2.0,48051.2017695,0.1844225924782652
159,13.470145,-71.632614,6.650392103305936,6.648390449604791,14.34335769001818,14.343000000000002,0.0,19134.931874495527,2419.7961056461495,0.0,19134.931874495527,2502.799169300374,0.0,19134.931874495527,2582.264229029642,0.0,0.6187570689094972,6.3431999999999995,6.961957068909497,0.1010000000000008,0.9218398146813148,6.20476,7.126599814681315,0.1502456084918417,1.2527038614288468,839.8725668205607,0.0,0.0315982416506489,3.63791480486944,4.325420841234864,,,,0,13.470125963757958,-71.63262300082795,302.65742665474966,-45.494327616039435,314.6535876715553,-64.15000354273712,0.024000000208616257,0.024000000208616257,0.023041000589728355,0.021764999255537987,17.092987,0.007662999909371138,0.00685499981045723,99.99,9.989999771118164,99.98999786376953,99.99,9.989999771118164,99.98999786376953,99.99,9.989999771118164,99.98999786376953,99.99,9.989999771118164,99.98999786376953,1.0709999799728394,-0.09000000357627869,99.98999786376953,0.062394000589847565,2171624.0,766246.0,136476247.0,95.44342803955078,3.0,1.0,3.0,0.0,0.0,0.0,0.0,-1.0,47855.192039,0.03893941335756508
160,13.477901,-72.437256,2.6358644983285955,2.6338904382183252,15.349754066317884,15.348837470375358,0.0,5934.865502006598,1717.6721507598947,0.0,5934.865502006598,1787.779867063206,0.0,5934.865502006598,1855.1662931102323,0.0,0.5185635158961035,2.383528630774268,2.9020921466703715,0.2139999999999986,0.852529725252325,2.219580273978377,3.072109999230702,0.3527662595525669,1.1018281550409168,128.40682085968083,1.0,0.1060859833033876,3.609289202294641,4.0023884558386165,,,,0,13.477945062793188,-72.43730311789906,302.66942341041675,-44.68968845523091,312.99679170666684,-64.514075269857,0.012089000083506107,0.012089000083506107,0.022631000727415085,0.04310600087046623,18.40672,0.011304999701678753,0.008189000189304352,15.411826,0.011218000203371048,0.04934899881482124,14.377344,0.21531100571155548,99.98999786376953,99.99,9.989999771118164,99.98999786376953,99.99,9.989999771118164,99.98999786376953,3.3480000495910645,0.07079999893903732,0.03999999910593033,0.29840999841690063,2171538.0,767822.0,136468025.0,59.817630767822266,15.0,3.0,7.0,7.0,1.0,0.0,0.0,2.0,47955.512443,0.17624852227703475
161,13.485679,-72.911011,12.565664905873644,12.56704182407852,13.652289829364015,13.652,0.0,28555.05196092017,2201.292322217718,0.0,28555.05196092017,2280.510806896013,0.0,28555.05196092017,2356.4308586435286,0.0,0.7651414674558001,12.17970395333628,12.94484542079208,0.0659999999999989,1.1652889925985832,11.958086867012582,13.123375859611166,0.1010532705573528,1.6849999999999987,409.0512468479389,0.0,0.1338127719138836,3.601459340407672,4.31166771291256,,,,1,13.48573405779356,-72.9110114442618,302.67516127355833,-44.21599215745419,312.0018696907306,-64.72027874394232,0.009049000218510628,0.009049000218510628,0.05335099995136261,0.07067299634218216,17.6104,0.0052559999749064445,0.049695998430252075,14.711181,0.0030189999379217625,0.11331599950790405,13.110803,0.03219300135970116,0.822642982006073,99.99,9.989999771118164,99.98999786376953,99.99,9.989999771118164,99.98999786376953,4.161036014556885,0.12610700726509094,0.2800000011920929,0.292261004447937,2174334.0,768961.0,136379231.0,61.88031005859375,28.0,3.0,11.0,14.0,3.0,0.0,0.0,2.0,48051.233673,0.05826670634374859
162,13.495741,-72.362373,5.519045758725628,5.516009216795783,14.54594428160981,14.545912122444967,0.0,7071.30940753349,1717.6721507598947,0.0,7071.30940753349,1787.779867063206,0.0,7071.30940753349,1855.1662931102323,0.0,0.5577588055435383,5.2418392495439035,5.799598055087442,0.1094500000000024,0.9307272588149004,5.064146076073644,5.994873334888545,0.1824554180541309,1.2089138875630034,516.4736521728527,1.0,0.0578348977999424,3.607237523040355,4.089487197158831,,,,0,13.495776584604627,-72.36241177742319,302.66038920304203,-44.76449879293806,313.15859036370233,-64.48604253830219,0.00916299968957901,0.00916299968957901,0.013365999795496464,0.03622699901461601,17.827375,0.010679000057280064,0.043914999812841415,14.985726,0.003461000043898821,0.07580400258302689,99.99,9.989999771118164,99.98999786376953,99.99,9.989999771118164,99.98999786376953,99.99,9.989999771118164,99.98999786376953,2.5659279823303223,-0.04114300012588501,0.03999999910593033,0.25230899453163147,2171539.0,767822.0,136468126.0,15.43599796295166,14.0,3.0,7.0,7.0,0.0,0.0,0.0,2.0,47955.527832,0.14489450007359309
163,13.495896,-72.262009,11.2737565540805,11.271,13.77009112762659,13.769950772402392,0.0,11031.705569401724,1720.6962722180672,0.0,11031.705569401724,1790.8646934713383,0.0,11031.705569401724,1858.3079766818912,0.0,0.7149249086557816,10.9233011616995,11.63822607035528,0.0690147682792829,1.1374452588957509,10.726525054409215,11.863970313304966,0.108766414757266,1.587799406938842,3.1681016553957995,0.0,0.2358417310004918,3.8035770008546295,4.006649587448446,,,,0,13.495942975074547,-72.26203798127489,302.6583463350467,-44.86486213962893,313.36756479941056,-64.44177429023895,0.01119100023061037,0.01119100023061037,0.03255600109696388,0.06307400017976761,14.633729,0.0070580001920461655,0.022451000288128853,13.741801,0.024427000433206558,99.98999786376953,99.99,9.989999771118164,99.98999786376953,99.99,9.989999771118164,99.98999786376953,99.99,9.989999771118164,99.98999786376953,2.0674450397491455,-0.03733300045132637,0.0,0.21428300440311432,2171537.0,767434.0,136469533.0,63.58966827392578,9.0,3.0,8.0,1.0,0.0,0.0,0.0,6.0,47955.341385,0.11636061953293265
164,13.507475,-72.317116,4.671096715534338,4.669,14.727262737718744,14.727,0.0,6908.58816381895,1722.712341320636,0.0,6908.58816381895,1792.9212026754492,0.0,6908.58816381895,1860.4023627088493,0.0,0.5671401043489048,4.395751954649709,4.962892058998614,0.1321999999999992,0.8984269154953903,4.226093084504609,5.1245199999999995,0.2092397492187157,1.2034562837780491,1147.0945313275906,0.0,0.0170390887844145,3.624581181019195,4.130365698916996,,,,1,13.50745439407059,-72.317147466198,302.65450175431835,-44.809708845653276,313.2565207650756,-64.46927870033461,0.009720999747514725,0.009720999747514725,0.018877999857068062,0.030991999432444572,17.43028,0.009142999537289143,0.052723001688718796,14.946177,0.007943999953567982,0.1868080049753189,13.591417,0.13410000503063202,99.98999786376953,99.99,9.989999771118164,99.98999786376953,99.99,9.989999771118164,99.98999786376953,3.4450669288635254,-0.08593299984931946,0.33000001311302185,0.22964699566364288,2171539.0,767822.0,136468157.0,4.505581855773926,15.0,3.0,7.0,7.0,1.0,0.0,0.0,2.0,47955.535822,0.11549756469348356
165,13.511337,-73.25885,22.62065365283736,22.616799835293783,13.013945356133055,13.014,0.0,57142.908223014674,2200.285222422361,0.0,57142.908223014674,2279.4858390804957,0.0,57142.908223014674,2355.389154098968,0.0,1.173104441652541,22.039931317947563,23.213035759600103,0.0562578656496235,1.8117168576132736,21.698803794624745,23.510520652238014,0.0866641363627973,2.3986902613021535,68.89499948345565,1.0,0.2689298678058838,3.81831132413698,4.259106908143886,,,,0,13.511349363762712,-73.25890160605417,302.671477137014,-43.86803225910481,311.2671184596141,-64.87255811993998,0.02449600026011467,0.02449600026011467,0.0024270000867545605,0.018711000680923462,13.909993,0.00910400040447712,0.00016500000492669642,99.99,9.989999771118164,99.98999786376953,99.99,9.989999771118164,99.98999786376953,99.99,9.989999771118164,99.98999786376953,99.99,9.989999771118164,99.98999786376953,0.972000002861023,-0.05350000038743019,99.98999786376953,0.4317600131034851,2174298.0,769701.0,136377287.0,18.01444435119629,2.0,1.0,2.0,0.0,0.0,0.0,0.0,-1.0,48051.2274170,0.1862236568860084
166,13.525363,-73.061119,4.693494929529071,4.688840363313859,14.722012406527114,14.72239490567044,0.0,12625.746563174842,2197.263913211897,0.0,12625.746563174842,2276.4109010886223,0.0,12625.746563174842,2352.263982776743,0.0,0.5330396330081637,4.4321178165744515,4.965157449582615,0.1237289767509981,0.8555567840121867,4.284091534005632,5.1396483180178185,0.1974876152333067,1.236322801846511,393.67403709428027,0.0,0.1166467226049131,3.630515871033936,4.168589650481925,,,,0,13.525445396444889,-73.06114419039368,302.66189671044367,-44.065711605656645,311.6940515959731,-64.79405485506818,0.01193199958652258,0.01193199958652258,0.017393000423908234,0.0400100015103817,17.702654,0.008958999998867512,0.02436700090765953,14.833276,0.0033569999504834414,0.14716200530529022,99.99,9.989999771118164,99.98999786376953,99.99,9.989999771118164,99.98999786376953,99.99,9.989999771118164,99.98999786376953,7.752999782562256,1.7251180410385132,0.03999999910593033,0.26205798983573914,2174333.0,769333.0,136378750.0,36.602386474609375,17.0,3.0,7.0,10.0,0.0,0.0,0.0,2.0,48051.974317,0.12527061518012092
167,13.531955,-72.380341,15.652563023198418,15.64304369600272,13.413721820157363,13.414356579749246,0.0,12896.12439603352,1722.712341320636,0.0,12896.12439603352,1792.9212026754492,0.0,12896.12439603352,1860.4023627088493,0.0,0.7612406749601259,15.283405992696624,16.04464666765675,0.0533510032923629,1.123989547224955,15.108795341401592,16.232784888626547,0.0773886598390038,1.59870309841323,1.8119630704907337,1.0,0.2307642131428428,3.7828818643384032,4.139116872728434,,,,0,13.531996991518977,-72.38037983842484,302.64530598675026,-44.74637555772999,313.13230633336104,-64.5037931655316,0.011412999592721462,0.011412999592721462,0.008263999596238136,0.013811999931931496,14.848856,0.010204000398516655,0.008741999976336956,13.644632,0.01358999963849783,99.98999786376953,13.472485,0.026001999154686928,99.98999786376953,99.99,9.989999771118164,99.98999786376953,99.99,9.989999771118164,99.98999786376953,1.4948569536209106,0.022570999339222908,0.0,0.2647179961204529,2171539.0,767822.0,136468119.0,62.51250457763672,7.0,3.0,5.0,1.0,1.0,0.0,0.0,2.0,47955.511920,0.1471156149460235
168,13.540397,-72.374336,17.218987715134077,17.206,13.310135374199486,13.310936213515737,0.0,14478.894675339056,1730.7765231377375,0.0,14478.894675339056,1801.146906891605,0.0,14478.894675339056,1868.7793514482792,0.0,0.780079695317049,16.83912069125975,17.6192003865768,0.0490637864842664,1.1289364485871616,16.69475009192236,17.82368654050952,0.0709625514593703,1.597576825995418,328.8188328438196,0.0,0.1009656688310655,3.605734839745559,4.119425207061494,,,,0,13.54040501389162,-72.37436866954077,302.64159687084174,-44.752348392658966,313.14744935417815,-64.50344033873637,0.010692000389099121,0.010692000389099121,0.014976000413298607,0.025280000641942024,17.719099,0.01142099965363741,0.049449000507593155,14.871612,0.0035959999077022076,0.10766399651765823,99.99,9.989999771118164,99.98999786376953,99.99,9.989999771118164,99.98999786376953,99.99,9.989999771118164,99.98999786376953,2.960273027420044,0.08081799745559692,0.38999998569488525,0.26015201210975647,2171539.0,767822.0,136468119.0,13.536456108093262,11.0,3.0,6.0,5.0,0.0,0.0,0.0,2.0,47955.528971,0.11793432848364739
169,13.567612,-72.239929,35.12539553209068,35.0961018758845,12.536077365625491,12.53685246977406,0.0,32840.0564433534,1722.712341320636,0.0,32840.0564433534,1792.9212026754492,0.0,32840.0564433534,1860.4023627088493,0.0,1.2522250294222204,34.55487553800694,35.80710056742916,0.0388819758192475,1.844963324887594,34.274363306631294,36.11932663151889,0.0573518389147373,2.651316830551572,1230.261142359407,0.0,0.0779637936168526,3.913184553306025,4.116391878409282,,,,0,13.567684661819008,-72.23994336579774,302.6270277796741,-44.88663204315095,313.4359449467045,-64.45159660432752,0.01779799908399582,0.01779799908399582,0.0563029982149601,0.02238900028169155,14.581531,0.011568999849259853,0.009417999535799026,13.733738,0.007845999673008919,0.10186800360679626,13.65603,0.03973500058054924,0.6358169913291931,13.744494,0.013507000170648098,0.05701500177383423,99.99,9.989999771118164,99.98999786376953,3.692631959915161,0.03205300122499466,0.9599999785423279,0.2031880021095276,2171602.0,767434.0,136469579.0,0.5328360199928284,19.0,3.0,6.0,6.0,4.0,3.0,0.0,2.0,47955.369615,0.09508537536923581
170,13.59046,-72.508453,16.27193153457463,16.261989785820315,13.371637145507798,13.372233340206874,0.0,19900.533677338764,1737.83255869297,0.0,19900.533677338764,1808.3439637183465,0.0,19900.533677338764,1876.108491305762,0.0,0.9073909651767736,15.827215741096044,16.734606706272817,0.0602310730901027,1.4625996529921856,15.580905719846925,17.04350537283911,0.0968054180399118,3.1761522864457596,343.0818594215149,0.0,0.4171093358527899,3.8984127198181566,4.14332004813986,,,,0,13.590525829694517,-72.50848427693872,302.623241680311,-44.61801554327452,312.8821948579116,-64.57564061860579,0.020008999854326248,0.020008999854326248,0.010912000201642513,0.004889999981969595,14.008021,0.006273000035434961,0.007108999881893396,99.99,9.989999771118164,99.98999786376953,99.99,9.989999771118164,99.98999786376953,99.99,9.989999771118164,99.98999786376953,99.99,9.989999771118164,99.98999786376953,1.0732500553131104,-0.09099999815225601,99.98999786376953,0.3253589868545532,2174305.0,768206.0,136467646.0,49.11882400512695,4.0,1.0,4.0,0.0,0.0,0.0,0.0,-1.0,47955.1050727,0.13323581485165695
171,13.610954,-72.679138,8.136987754769745,8.147891754078048,14.124107920920808,14.122451002487416,0.0,363284.2386819422,2204.313611795229,0.0,363284.2386819422,2283.585675852916,0.0,363284.2386819422,2359.5559146816177,0.0,0.5161344982635825,7.867508924360408,8.38364342262399,0.0690000000000008,0.8125171436047536,7.717521696896173,8.530038840500927,0.1082033125092305,1.0590000000000002,367.89665802512087,1.0,0.0503277016150552,3.762550745030026,4.02279676219157,,,,0,13.610985977288939,-72.67918014669911,302.61852448928386,-44.447243085204214,312.5292603692222,-64.65490381271553,0.009432000108063221,0.009432000108063221,0.01271000038832426,0.026031000539660454,15.704866,0.003984999842941761,0.02493700012564659,14.362636,0.009096000343561172,0.0998150035738945,13.515232,0.18236899375915527,99.98999786376953,13.828485,0.10194399952888489,99.98999786376953,99.99,9.989999771118164,99.98999786376953,4.169614791870117,0.21161499619483948,0.9847059845924377,0.43400201201438904,2174319.0,768206.0,136467480.0,59.48943328857422,26.0,3.0,11.0,13.0,1.0,1.0,0.0,2.0,47955.729314,0.15555088245845625
172,13.611973,-72.883247,13.404288973709944,13.434436860620393,13.583105393468902,13.5792835585775,0.0,749264.205872128,2747.9320953552715,0.0,749264.205872128,2836.3108593494535,0.0,749264.205872128,2920.8114648726537,0.0,2.0664046790621633,12.355745896527615,14.42215057558978,0.1678888133679255,3.132392640938651,11.819542836524231,14.951935477462884,0.2555584078336501,4.085740199336019,353.18839150249994,0.0,0.3117468387013936,3.6148771424392656,4.751321444939647,,,,0,13.611990209292088,-72.88329660198386,302.62277081568186,-44.24314900387917,312.09752065831947,-64.74218044900064,0.0166229996830225,0.0166229996830225,0.027746999636292458,0.015134000219404697,17.47608,0.009077000431716442,0.016618000343441963,13.883212,0.008491000160574913,0.1883630007505417,99.99,9.989999771118164,99.98999786376953,99.99,9.989999771118164,99.98999786376953,99.99,9.989999771118164,99.98999786376953,4.058667182922363,-0.01411100011318922,0.029999999329447746,0.2994990050792694,2174321.0,768586.0,136379915.0,68.25450897216797,9.0,3.0,6.0,3.0,0.0,0.0,0.0,2.0,48051.234551,0.17949570078529364
173,13.620808,-72.742271,29.58566190031318,29.593527417077276,12.722456103245616,12.72205266108118,0.0,325866.013509076,2357.3736888675967,0.0,325866.013509076,2439.313651349901,0.0,325866.013509076,2517.7828975061216,0.0,1.2703053943070444,28.97812691892447,30.24843231323152,0.0467242373598875,1.9074309497891344,28.62971774482615,30.537148694615283,0.0696819935946759,2.649484889917531,351.63620756915117,1.0,0.1000436590036338,3.806469762433307,4.447669314099423,,,,0,13.620853736821678,-72.74233953540131,302.6158738337523,-44.384044001530775,312.3987997618692,-64.68460781365879,0.01217699982225895,0.01217699982225895,0.05614899843931198,0.17265799641609192,13.874331,0.005936000030487776,0.4844619929790497,12.797334,0.007249000016599894,0.9611139893531799,12.651603,0.005688999779522419,0.0891219973564148,99.99,9.989999771118164,99.98999786376953,99.99,9.989999771118164,99.98999786376953,5.836949825286865,0.17775000631809235,0.5450000166893005,0.39681801199913025,2174316.0,768586.0,136380071.0,17.551074981689453,20.0,3.0,10.0,8.0,2.0,0.0,0.0,2.0,48051.70626,0.25151641098808575
174,13.627097,-72.570183,8.75704289501197,8.758468692876393,14.044923838900772,14.044110381917273,0.0,87722.0777263773,2380.5310414137775,0.0,87722.0777263773,2462.8670146121553,0.0,87722.0777263773,2541.707205738634,0.0,1.0623258921931082,8.220144546642368,9.282470438835476,0.1320607100544961,1.6061066028898674,7.911463397110132,9.51757,0.2011070937476251,2.198881969655881,212.9795276798204,1.0,0.1617175793141276,3.607745585119329,4.409397767559655,,,,0,13.62713478337381,-72.57020187673683,302.6092362971878,-44.556126666287554,312.76366509312,-64.61229729084731,0.009735999628901482,0.009735999628901482,0.043497998267412186,0.043476998805999756,16.810558,0.005700999870896339,0.03856600075960159,14.277334,0.0040699997916817665,0.13602100312709808,99.99,9.989999771118164,99.98999786376953,99.99,9.989999771118164,99.98999786376953,99.99,9.989999771118164,99.98999786376953,5.182773113250732,0.26131799817085266,0.9399999976158142,0.35348400473594666,2174318.0,768206.0,136467612.0,51.41656494140625,22.0,3.0,11.0,11.0,0.0,0.0,0.0,2.0,47955.606412,0.07923415792337644
175,13.638384,-72.180771,4.106172957079507,4.108965656796535,14.867470354379948,14.865819895505055,0.0,60011.774724902134,2360.3942571090374,0.0,60011.774724902134,2442.3859838718754,0.0,60011.774724902134,2520.903717803876,0.0,0.5876322813613277,3.810718876494994,4.398351157856322,0.1556082608394113,0.9017124839148414,3.6724850290837416,4.574197512998583,0.2379431680078152,1.1970968927473211,1.70441613870467,1.0,0.1817645577491665,3.603075720598179,4.15637855845752,,,,0,13.638458655558042,-72.1807413624865,302.5951332342381,-44.94547347117986,313.58119933553394,-64.44473096734357,0.008719000034034252,0.008719000034034252,0.009597999975085258,0.02899700030684471,18.034664,0.010208000428974628,0.04201199859380722,15.150944,0.005129000172019005,0.08066099882125854,13.626863,0.03974299877882004,99.98999786376953,99.99,9.989999771118164,99.98999786376953,99.99,9.989999771118164,99.98999786376953,2.3709330558776855,-0.061400000005960464,0.8399999737739563,0.17102299630641937,2171602.0,767434.0,136469613.0,85.9845962524414,15.0,3.0,7.0,7.0,1.0,0.0,0.0,2.0,47955.348503,0.13471455037657573
176,13.648799,-72.665016,14.58473895933925,14.583372237163465,13.490474637620713,13.490606428383924,0.0,205045.15304988495,2380.5310414137775,0.0,205045.15304988495,2462.8670146121553,0.0,205045.15304988495,2541.707205738634,0.0,0.7905471806217026,14.190412148839124,14.980959329460829,0.0590987267260185,1.1573293757943262,14.029310165428374,15.1866395412227,0.0861961872362879,1.68042198605327,457.7810353467358,1.0,0.0796300354876831,3.8046517310958783,4.1768625300938504,,,,0,13.648862083974745,-72.66502680450857,302.60239035947916,-44.46120530890925,312.5704389599205,-64.65901524936997,0.260793000459671,0.260793000459671,0.022595999762415886,0.019632000476121902,14.516436,0.0039969999343156815,0.026705000549554825,13.482336,0.5158159732818604,0.14093999564647675,15.024261,8.831304550170898,99.98999786376953,13.111298,0.025530999526381493,99.98999786376953,99.99,9.989999771118164,99.98999786376953,5.548823833465576,0.26335299015045166,0.4950000047683716,0.42378100752830505,2174319.0,768206.0,136467481.0,76.23005676269531,17.0,3.0,11.0,4.0,1.0,1.0,0.0,2.0,47955.705027,0.0780494933367837
177,13.653195,-72.309631,5.745339853180928,5.74217256733783,14.502313528010626,14.502613491962258,0.0,92126.9919281552,2371.4695608531015,0.0,92126.9919281552,2453.6508052781164,0.0,92126.9919281552,2532.34606117643,0.0,0.6027503921164516,5.453862647638861,6.056613039755312,0.1136293061444018,0.9068642822686116,5.292923491716556,6.199787773985168,0.1713706938555947,1.232840831688736,5.002508040894186,1.0,0.1935716426745523,3.6124518337183305,4.220172448137522,,,,0,13.653295848896699,-72.30962616440071,302.5918843824805,-44.81652982558505,313.3175192857014,-64.50574150345238,0.014228000305593014,0.014228000305593014,0.021375000476837158,0.04077500104904175,17.687202,0.018011000007390976,0.055334001779556274,14.696399,0.005404000170528889,0.009069999679923058,99.99,9.989999771118164,99.98999786376953,99.99,9.989999771118164,99.98999786376953,99.99,9.989999771118164,99.98999786376953,1.394333004951477,-0.1738329976797104,99.98999786376953,0.24059100449085236,2171539.0,767822.0,136468196.0,67.59708404541016,6.0,1.0,3.0,3.0,0.0,0.0,0.0,-1.0,47955.892219,0.11168790673288023
178,13.65933,-72.601669,6.099506028111815,6.097053802508462,14.43732512441131,14.43741322183055,0.0,152935.24349012575,2372.4763978601136,0.0,152935.24349012575,2454.6748490503023,0.0,152935.24349012575,2533.386222606077,0.0,0.6056270461713931,5.794803038978584,6.400430085149977,0.107946681517717,0.9259204238551666,5.632857183285718,6.558777607140884,0.1648286022948344,1.274673421741051,1.1155040523120627,1.0,0.1737574277167184,3.619271340931874,4.124505103898973,,,,1,13.659378677366725,-72.6016685840466,302.5964536525937,-44.524499728203345,312.70716199524054,-64.63458837735391,0.008217000402510166,0.008217000402510166,0.027427999302744865,0.054962001740932465,18.028328,0.006713999900966883,0.10260800272226334,15.165554,0.0029100000392645597,0.23715199530124664,13.909122,0.007571999914944172,0.3187510073184967,99.99,9.989999771118164,99.98999786376953,99.99,9.989999771118164,99.98999786376953,5.749368190765381,0.5887669920921326,0.32388898730278015,0.3844119906425476,2174318.0,768206.0,136467518.0,57.031070709228516,30.0,3.0,11.0,15.0,4.0,0.0,0.0,2.0,47955.590634,0.05241998769808341
179,13.672227,-73.240891,10.300582830017634,10.302539777487455,13.868126228809311,13.8679050582372,0.0,127223.0874533902,2834.473850750174,0.0,127223.0874533902,2924.216071887102,0.0,127223.0874533902,3009.9938826240027,0.0,0.683355922412737,9.955968216300164,10.6393241387129,0.0720388658320008,1.0132488938957191,9.78443395473514,10.79768284863086,0.1069256017207269,1.4599838722211391,1.2606431224590395,0.0,0.2021989654470242,3.7893745031533688,4.026998947967836,,,,0,13.67230789081566,-73.24094985535694,302.6067391057005,-43.885249701982964,311.3507159673423,-64.907423632352,0.023711999878287315,0.023711999878287315,0.012445000000298023,0.019912000745534897,14.942388,0.008005999960005283,0.01000600028783083,13.726285,0.05510300025343895,0.3360559940338135,99.99,9.989999771118164,99.98999786376953,99.99,9.989999771118164,99.98999786376953,99.99,9.989999771118164,99.98999786376953,6.34660005569458,0.3625999987125397,0.8899999856948853,0.3277069926261902,2174298.0,769701.0,136377300.0,17.723703384399414,5.0,3.0,3.0,2.0,0.0,0.0,0.0,2.0,48051.2013396,0.227911417789614
180,13.672755,-72.237221,23.780799451030568,23.76697862194733,12.95963070054392,12.960158120496,0.0,79967.76326239454,2388.585591967222,0.0,79967.76326239454,2471.0588531548688,0.0,79967.76326239454,2550.0276427549757,0.0,1.1705919376958749,23.194458882134093,24.365050819829968,0.0532370525842509,1.819279980593116,22.87722713752098,24.696507118114095,0.0828911527847502,2.6320335923021823,1.1510331166230945,1.0,0.3618636830530326,3.940553449377071,4.368079645275419,,,,0,13.672855445173903,-72.23720061720896,302.5816862305762,-44.88883928638664,313.4745744102918,-64.47915665613907,0.021376999095082283,0.021376999095082283,0.023055000230669975,0.008342999964952469,13.550706,0.015805000439286232,0.0036510000936686993,99.99,9.989999771118164,99.98999786376953,99.99,9.989999771118164,99.98999786376953,99.99,9.989999771118164,99.98999786376953,99.99,9.989999771118164,99.98999786376953,0.8600000143051147,-0.0560000017285347,99.98999786376953,0.21626099944114685,2171602.0,767434.0,136469575.0,24.256099700927734,3.0,1.0,3.0,0.0,0.0,0.0,0.0,-1.0,47955.1049603,0.13249184978354958
181,13.67278,-72.486137,7.578509184064369,7.575694711037635,14.20147739385906,14.201370815619034,0.0,69282.12134043075,2388.585591967222,0.0,69282.12134043075,2471.0588531548688,0.0,69282.12134043075,2550.0276427549757,0.0,0.6486321416845318,7.253699999999999,7.902332141684531,0.0930487268406441,0.990000635689193,7.089715110522103,8.079715746211296,0.1416104032576601,1.3721735323229192,18.048420380310287,0.0,0.1946673934170338,3.60928920229464,4.225188455838605,,,,1,13.672821429342292,-72.48613753298271,302.587939459039,-44.63994196610978,312.95414423010396,-64.58822063336031,0.01701599918305874,0.01701599918305874,0.021498000249266624,0.03862399980425835,17.797836,0.014675999991595745,0.006777000147849321,14.773276,0.006924999877810478,0.20560500025749207,99.99,9.989999771118164,99.98999786376953,99.99,9.989999771118164,99.98999786376953,99.99,9.989999771118164,99.98999786376953,9.135099411010742,0.46790000796318054,0.5799999833106995,0.32778599858283997,2174305.0,768206.0,136467690.0,2.3244690895080566,10.0,3.0,5.0,5.0,0.0,0.0,0.0,2.0,47955.610644,0.04492436468672567
182,13.673452,-73.128853,8.56054403464744,8.608,14.074604423378029,14.063,0.0,228487.2501115643,1736.824560643829,0.0,228487.2501115643,1807.31583746203,0.0,228487.2501115643,1875.061512601343,0.0,2.606181922821568,7.253011741959208,9.859193664780776,0.3338214649888655,3.0330641053936587,7.062052542661401,10.09511664805506,0.3879117889977781,3.724315039632171,31.98557380594186,0.0,0.3175581178328492,3.7159697800108633,4.0966044338160055,,,,0,13.673444145762607,-73.12889846592684,302.60355218744786,-43.997278073687696,311.5914331015158,-64.86141646036684,0.0234570000320673,0.0234570000320673,0.008822999894618988,0.023466000333428383,16.13971,0.0067460001446306705,0.014522000215947628,14.461504,0.03501899912953377,0.20249499380588531,99.99,9.989999771118164,99.98999786376953,99.99,9.989999771118164,99.98999786376953,99.99,9.989999771118164,99.98999786376953,6.719666957855225,2.2216670513153076,0.029999999329447746,0.2674350142478943,2174333.0,769333.0,136378709.0,7.5006937980651855,12.0,3.0,7.0,5.0,0.0,0.0,0.0,2.0,48051.1201935,0.16388291442766528
183,13.693553,-72.46489,28.83816647978059,28.816,12.750249925444976,12.751024465066838,0.0,131329.50753689697,2399.660447994884,0.0,131329.50753689697,2482.3221002441087,0.0,131329.50753689697,2561.46735704601,0.0,1.295044898170282,28.238451813770443,29.533496711940725,0.048719307018322,2.0219011598767267,27.899317835129196,29.921218995005923,0.0758407952378732,2.7842716570779977,1.5413572820925157,0.0,0.3996158041773947,3.821375893082421,4.013080643971131,,,,0,13.6935549530675,-72.46488806542476,302.5786279121389,-44.661075715244095,313.005060691893,-64.58460666663647,0.018542999401688576,0.018542999401688576,0.012587999925017357,0.011668999679386616,14.684687,0.011633000336587429,0.02062699943780899,13.686741,0.06783600151538849,99.98999786376953,13.723442,0.026947999373078346,99.98999786376953,99.99,9.989999771118164,99.98999786376953,99.99,9.989999771118164,99.98999786376953,0.9101999998092651,-0.03799999877810478,99.98999786376953,0.3278160095214844,2174305.0,767822.0,136468032.0,30.538516998291016,5.0,1.0,3.0,1.0,1.0,0.0,0.0,-1.0,47955.1129159,0.00727951961999376
184,13.699284,-71.76387,8.71793415470201,8.717,14.049349904273353,14.049102329233008,0.0,338716.8160900348,3616.0335973596375,0.0,338716.8160900348,3717.251609541622,0.0,338716.8160900348,3813.779553137893,0.0,0.7073827586157986,8.368680405237324,9.076063163853124,0.0884472425964002,1.08123779925827,8.186029698397245,9.267267497655515,0.1348904926620555,1.4728979677725764,1.1656266375217337,0.0,0.2250035116929557,3.693512718150332,4.044686848823799,,,,0,13.699282413847449,-71.76387982979239,302.55790549723685,-45.361933066716546,314.4612520765704,-64.27412139249381,0.007921000011265278,0.007921000011265278,0.01665399968624115,0.03641200065612793,16.660246,0.004585999995470047,0.026355000212788582,14.60852,0.006206999998539686,0.027163000777363777,13.620569,0.013844000175595284,0.024782000109553337,13.244267,0.016248000785708427,99.98999786376953,13.199146,0.0335329994559288,99.98999786376953,1.4773529767990112,0.09694100171327591,0.05999999865889549,0.0935169979929924,2171604.0,766247.0,136475918.0,90.74029541015625,17.0,3.0,10.0,3.0,2.0,1.0,1.0,2.0,47855.112681,0.03543233908263116
185,13.699347,-71.414688,11.796635064986155,11.788140417729574,13.720839169586364,13.721249499847303,0.0,33284.347762356105,2422.816405209478,0.0,33284.347762356105,2505.8705570617863,0.0,33284.347762356105,2585.383471591884,0.0,0.6764715037708697,11.475221908145684,12.151693411916554,0.0624637118486202,1.061902714192161,11.279976751153525,12.341879465345686,0.0972579630518044,1.4885489092727635,389.1790107858771,0.0,0.0943331536307674,3.9343492500907624,4.142845991301913,,,,0,13.699301462964765,-71.41469933488182,302.5486131371459,-45.711052893012294,315.1733461400695,-64.11339863606668,0.010870999656617641,0.010870999656617641,0.009341999888420105,0.01618099957704544,14.386265,0.0026229999493807554,0.008582999929785728,99.99,9.989999771118164,99.98999786376953,99.99,9.989999771118164,99.98999786376953,99.99,9.989999771118164,99.98999786376953,99.99,9.989999771118164,99.98999786376953,1.7660000324249268,-0.055799998342990875,0.0,0.05117800086736679,2171414.0,765843.0,136476598.0,40.974605560302734,10.0,3.0,10.0,0.0,0.0,0.0,0.0,2.0,47855.323323,0.06629457554049557
186,13.70945,-73.0466,5.472725958650756,5.465581839036391,14.55504779614298,14.556,0.0,33172.32384372524,2381.5378653091643,0.0,33172.32384372524,2463.8910122795955,0.0,33172.32384372524,2542.747290174209,0.0,0.5466151219259459,5.207654016424275,5.754269138350221,0.1085483722042894,0.8023472339387752,5.077350683578897,5.879697917517672,0.1591799846640285,1.1733898108009493,33.663025586373344,0.0,0.1671864832126148,3.604996569477069,4.113238473079172,,,,0,13.709461957692954,-73.04664319031781,302.58692232294266,-44.07933169755532,311.77768427919085,-64.83672223880562,0.01862500049173832,0.01862500049173832,0.051624998450279236,0.03194800019264221,17.818937,0.01245999988168478,0.03510899841785431,14.928889,0.003722999943420291,0.014204000122845173,99.99,9.989999771118164,99.98999786376953,99.99,9.989999771118164,99.98999786376953,99.99,9.989999771118164,99.98999786376953,1.5397499799728394,-0.07500000298023224,99.98999786376953,0.22311800718307495,2174322.0,768962.0,136379427.0,6.149693965911865,4.0,1.0,2.0,2.0,0.0,0.0,0.0,-1.0,48051.2282421,0.15599100436344154
187,13.712406,-73.099899,4.735792923187446,4.734957726785032,14.71234603584188,14.711665813864958,0.0,874739.0525424811,2793.216625876697,0.0,874739.0525424811,2882.311478695124,0.0,874739.0525424811,2967.4828723947408,0.0,0.5779744520719721,4.451435285534146,5.029409737606118,0.132441227676832,0.9463509700011672,4.2865767230371095,5.232927693038277,0.2169505257527575,1.2918718817726882,353.00650157194315,0.0,0.0463304806002768,3.621776994214406,4.029670844221567,,,,1,13.712405929642628,-73.09994221926354,302.5870945914248,-44.026025920836744,311.66450150186256,-64.85968873150522,0.011963999830186367,0.011963999830186367,0.023072000592947006,0.03215799853205681,16.661785,0.005826999898999929,0.019742000848054886,15.045064,0.005590000189840794,0.19709999859333038,14.019001,0.10799600183963776,99.98999786376953,99.99,9.989999771118164,99.98999786376953,99.99,9.989999771118164,99.98999786376953,8.079841613769531,0.9843680262565613,0.5199999809265137,0.23299799859523773,2174333.0,768962.0,136379394.0,76.10710144042969,19.0,3.0,7.0,11.0,1.0,0.0,0.0,2.0,48051.982615,0.15558936620759758
188,13.726891,-73.15094,10.669460047989483,10.677818569249904,13.830281138889672,13.828965366388193,0.0,187995.33665238944,2808.310952889938,0.0,187995.33665238944,2897.64320227342,0.0,187995.33665238944,2983.0369750648097,0.0,1.1300156469534972,10.100909607736057,11.230925254689552,0.1149757564717361,1.720775016959168,9.789850173109777,11.510625190068945,0.1758670443965577,2.5816501392311277,130.09919684438103,1.0,0.2372891797347568,3.656365237907991,4.540862360653636,,,,0,13.726883245607931,-73.15100110343266,302.5825718572832,-43.97489779070122,311.5591834280206,-64.88468071495188,0.019686000421643257,0.019686000421643257,0.00827100034803152,0.03942900151014328,16.551998,0.008716000244021416,0.010741000063717365,13.908309,0.03539999946951866,0.22137999534606934,99.99,9.989999771118164,99.98999786376953,99.99,9.989999771118164,99.98999786376953,99.99,9.989999771118164,99.98999786376953,5.820462226867676,2.362539052963257,0.6399999856948853,0.2588230073451996,2174333.0,769334.0,136378018.0,23.277088165283203,13.0,3.0,7.0,6.0,0.0,0.0,0.0,2.0,48051.1202067,0.2201211239544517
189,13.761648,-72.768044,7.9941095242974285,7.543609738300308,14.174234971236846,14.205871925626184,0.0,919948.78631589,2404.6944159623813,0.0,919948.78631589,2487.4415558242654,0.0,919948.78631589,2566.6668895276453,0.0,5.837567739242525,5.625791636290744,11.463359375533267,0.773073043175156,6.567034782802047,5.385184382668392,11.95221916547044,0.8654223471938973,7.775942976672302,32.76523652074774,0.0,0.6531784679674765,3.756468455364246,4.180379801624612,,,,1,13.761721418540326,-72.76809256887648,302.5581137746137,-44.35754039517892,312.3859276876886,-64.73336175815662,0.007240000180900097,0.007240000180900097,0.025926999747753143,0.02269599959254265,17.10743,0.008462999947369099,0.016682999208569527,14.992987,0.003126000054180622,0.1601089984178543,14.058065,0.00279999990016222,0.06787099689245224,13.743979,0.014906000345945358,0.015070999972522259,13.363555,0.015407999977469444,0.21016399562358856,4.499176979064941,0.24120600521564484,0.5143479704856873,0.3810249865055084,2174316.0,768586.0,136380051.0,67.91537475585938,34.0,3.0,9.0,13.0,7.0,2.0,3.0,2.0,48051.78903,0.1915788000440038
190,13.767206,-72.472443,15.401937552047189,15.397932757776234,13.431256867047816,13.431561081263691,0.0,79695.03443807353,2854.5986426467075,0.0,79695.03443807353,2944.6549328555543,0.0,79695.03443807353,3030.726945935264,0.0,0.8193280876033846,14.98894277454571,15.808270862149094,0.0579999999999998,1.1856352903967196,14.7872813511719,15.97291664156862,0.0835771307584334,1.712361235882689,358.86758366879417,1.0,0.1297732821901226,3.748223220237395,4.045762133233728,,,,0,13.767197608673687,-72.47244872552942,302.54765002100396,-44.65309456578659,313.011647143356,-64.60787194357732,0.02556299977004528,0.02556299977004528,0.01001999992877245,0.017703000456094742,15.181589,0.019478000700473785,0.004362000152468681,99.99,9.989999771118164,99.98999786376953,99.99,9.989999771118164,99.98999786376953,99.99,9.989999771118164,99.98999786376953,99.99,9.989999771118164,99.98999786376953,1.1419999599456787,-0.13099999725818634,99.98999786376953,0.334879994392395,2174305.0,768206.0,136467689.0,37.557044982910156,2.0,1.0,2.0,0.0,0.0,0.0,0.0,-1.0,47955.1153683,0.022530441088909902
191,13.784495,-72.567459,21.103751400010033,21.09,13.089281242251449,13.090000000000002,0.0,149101.09835232317,2850.573719766902,0.0,149101.09835232317,2940.5672854930003,0.0,149101.09835232317,3026.5805417499087,0.0,0.9907995691253256,20.62152519856628,21.612324767691607,0.0508682155337059,1.5226057299913194,20.37692090043512,21.89952663042644,0.0778754108014432,2.156779614640591,1.460595094185288,1.0,0.3134748641490422,3.890586026118985,4.237450755712205,,,,1,13.784515211895409,-72.56751792191535,302.54301483232183,-44.55794037701162,312.81681571073085,-64.65366559262426,0.021081000566482544,0.021081000566482544,0.022298000752925873,0.012965000234544277,14.042588,0.006335000041872263,0.011385000310838223,99.99,9.989999771118164,99.98999786376953,99.99,9.989999771118164,99.98999786376953,99.99,9.989999771118164,99.98999786376953,99.99,9.989999771118164,99.98999786376953,1.0387500524520874,-0.06499999761581421,99.98999786376953,0.35231998562812805,2174305.0,768206.0,136467562.0,95.52645111083984,4.0,1.0,4.0,0.0,0.0,0.0,0.0,-1.0,47955.1050904,0.21323601488572244
192,13.789353,-72.515457,9.07765852401748,9.08112340655148,14.005449730116792,14.004993215071158,0.0,71368.61836137551,2862.6484354213085,0.0,71368.61836137551,2952.8300412630556,0.0,71368.61836137551,3039.019443142009,0.0,0.7278072544055991,8.70329254774415,9.431099802149747,0.0871697556752444,1.0626395797741068,8.536986054122362,9.59962563389647,0.1274389736546695,1.6161862426782123,394.7617789779898,0.0,0.0885024240273446,3.612184923938912,4.3333826561693,,,,1,13.789455252612553,-72.5154650765492,302.53945598963054,-44.6099525932873,312.92795269437505,-64.63253717064995,0.013677000068128109,0.013677000068128109,0.03700200095772743,0.02468699961900711,17.460506,0.00986700039356947,0.030657000839710236,14.48085,0.004815000109374523,0.04444599896669388,99.99,9.989999771118164,99.98999786376953,99.99,9.989999771118164,99.98999786376953,99.99,9.989999771118164,99.98999786376953,5.432666778564453,0.5705829858779907,0.949999988079071,0.3384400010108948,2174305.0,768206.0,136467659.0,21.013402938842773,12.0,3.0,7.0,5.0,0.0,0.0,0.0,2.0,47955.635379,0.11435594974664928
193,13.79491,-72.45266,28.388604166360704,28.390984988172487,12.767327252446382,12.767054423496903,0.0,194117.24042671785,2863.6546545622164,0.0,194117.24042671785,2953.8519123868987,0.0,194117.24042671785,3040.0559761883237,0.0,1.3510990529650255,27.70222043348131,29.053319486446338,0.0514294344938548,2.0991056542296285,27.27608143322345,29.37518708745307,0.0805675677795605,2.9619454058233003,1.6707448010247752,1.0,0.4290226316510287,3.798013419597828,4.501445476195454,,,,0,13.794872970247424,-72.45267369369668,302.5353679600431,-44.672697759832644,313.06163289006133,-64.60680235681913,0.019574999809265137,0.019574999809265137,0.009793000295758247,0.010018999688327312,13.841365,0.015805000439286232,0.004800000227987766,99.99,9.989999771118164,99.98999786376953,99.99,9.989999771118164,99.98999786376953,99.99,9.989999771118164,99.98999786376953,99.99,9.989999771118164,99.98999786376953,0.8173329830169678,-0.08933299779891968,99.98999786376953,0.33883801102638245,2174305.0,768206.0,136467694.0,13.072175025939941,3.0,1.0,3.0,0.0,0.0,0.0,0.0,-1.0,47955.1050404,0.06360471816116338
194,13.802364,-72.436417,30.917247879910057,30.910848869913547,12.674655048850925,12.674605296774594,0.0,415559.3448448782,2867.6795201379996,0.0,415559.3448448782,2957.9393582443504,0.0,415559.3448448782,3044.2020438453897,0.0,1.3711962889765523,30.237937030286297,31.60913331926285,0.0480368526356773,2.1045036470592677,29.877015768456765,31.981519415516033,0.0738697479356176,2.8458460112534283,360.1084975092255,0.0,0.2092231179582866,3.807207098387165,4.4506515370827895,,,,0,13.802341622487546,-72.43643642949104,302.53173185864273,-44.688885390813304,313.09801718459454,-64.60177865454541,0.019576000049710274,0.019576000049710274,0.009208000265061855,0.010420000180602074,13.804054,0.01580600067973137,0.006388999987393618,99.99,9.989999771118164,99.98999786376953,99.99,9.989999771118164,99.98999786376953,99.99,9.989999771118164,99.98999786376953,99.99,9.989999771118164,99.98999786376953,0.8339999914169312,-0.08566699922084808,99.98999786376953,0.341185986995697,2171539.0,767822.0,136468036.0,35.439693450927734,3.0,1.0,3.0,0.0,0.0,0.0,0.0,-1.0,47955.1050373,0.07405020605211932
195,13.803228,-72.51178,11.91716577986723,11.91573096469564,13.709832672202236,13.709726363743936,0.0,68059.16568162444,2860.635993839056,0.0,68059.16568162444,2950.7862874096427,0.0,68059.16568162444,3036.946357666959,0.0,0.7354264727709676,11.553913482726395,12.289339955497365,0.0671885302727588,1.130699947080604,11.377515942108548,12.508215889189152,0.103451525984525,1.62774303376772,364.0699034320295,0.0,0.0843278533094844,3.606482004994043,4.339642381310022,,,,0,13.80326716029851,-72.51179262735731,302.53352187253864,-44.613539437640796,312.9398707028688,-64.63469179418009,0.018231000751256943,0.018231000751256943,0.034377001225948334,0.019525999203324318,17.485806,0.010077999904751778,0.02700899913907051,14.449488,0.004410000052303076,0.3640660047531128,99.99,9.989999771118164,99.98999786376953,99.99,9.989999771118164,99.98999786376953,99.99,9.989999771118164,99.98999786376953,6.768249988555908,1.8746670484542847,0.8899999856948853,0.33936598896980286,2174305.0,768206.0,136467659.0,53.5410041809082,12.0,3.0,7.0,5.0,0.0,0.0,0.0,2.0,47955.618572,0.06213907162680751
196,13.813378,-72.33728,13.900205553823712,13.894718568938616,13.542660988493028,13.543,0.0,106287.2049539167,2875.7291986687646,0.0,106287.2049539167,2966.114064922248,0.0,106287.2049539167,3052.49387013387,0.0,0.736439668682717,13.538225518874068,14.274665187556783,0.057390960233377,1.164412823062813,13.324119175341634,14.488531998404447,0.0909075345296805,1.631167441217988,351.93275886641305,0.0,0.1350567163064219,3.908060586644466,4.109303788713314,,,,1,13.813452410835856,-72.33727777094902,302.5241047912708,-44.787952998410745,313.3093386352717,-64.56157298884443,0.02074199914932251,0.02074199914932251,0.04048300161957741,0.011130999773740768,14.422936,0.015862999483942986,0.005677000153809786,99.99,9.989999771118164,99.98999786376953,99.99,9.989999771118164,99.98999786376953,99.99,9.989999771118164,99.98999786376953,99.99,9.989999771118164,99.98999786376953,1.1100000143051147,-0.10400000214576721,99.98999786376953,0.3228810131549835,2171536.0,767822.0,136468090.0,59.111392974853516,3.0,1.0,3.0,0.0,0.0,0.0,0.0,-1.0,47955.1050220,0.08167318916159823
197,13.841566,-71.789406,19.032391419386528,19.03681799889138,13.201503028329643,13.201003926807838,0.0,1360442.7872219037,4022.208012242405,0.0,1360442.7872219037,4128.8985570283285,0.0,1360442.7872219037,4230.553138927394,0.0,1.1525791894332826,18.4515703328272,19.604149522260485,0.0659932443317323,1.772547641217404,18.140514092399727,19.91306173361713,0.1012232247947562,2.465183008417796,896.823806888319,0.0,0.0056255501804649,3.948666556078719,4.305276027196561,,,,0,13.841543821916945,-71.78941837816251,302.49534755557255,-45.33550405042459,314.45538552725,-64.32535565987182,0.01691400073468685,0.01691400073468685,0.02612300030887127,0.01549999974668026,13.864288,0.0037410000804811716,0.02755199931561947,99.99,9.989999771118164,99.98999786376953,99.99,9.989999771118164,99.98999786376953,99.99,9.989999771118164,99.98999786376953,99.99,9.989999771118164,99.98999786376953,0.7321670055389404,-0.019666999578475952,99.98999786376953,0.1083969995379448,2171604.0,766647.0,136470458.0,71.05043029785156,6.0,1.0,6.0,0.0,0.0,0.0,0.0,-1.0,47955.1048950,0.051071306513875245
198,13.863108,-71.555687,9.825213215999142,9.83120590999936,13.91980503767327,13.918325551769698,0.0,72259.79426172093,2428.8569661552683,0.0,72259.79426172093,2512.01319832783,0.0,72259.79426172093,2591.6217325086054,0.0,1.0784541994599357,9.27277416661035,10.351228366070286,0.1195417868621824,1.566598845504403,8.997581154495599,10.564180000000002,0.1735489910134529,2.1639648347898213,132.11229285834423,0.0,0.2149154816319886,3.6100710833289984,4.551512512381728,,,,0,13.863121599715166,-71.55569680734925,302.47835321842274,-45.56901997001182,314.9416385078132,-64.2247259531481,0.027031999081373215,0.027031999081373215,0.03970000147819519,0.011345000006258488,17.057816,0.005903999786823988,0.06902699917554855,99.99,9.989999771118164,99.98999786376953,99.99,9.989999771118164,99.98999786376953,99.99,9.989999771118164,99.98999786376953,99.99,9.989999771118164,99.98999786376953,1.0016670227050781,0.019999999552965164,99.98999786376953,0.06706000119447708,2171412.0,765843.0,136476437.0,15.097172737121582,3.0,1.0,3.0,0.0,0.0,0.0,0.0,-1.0,47855.1249610,0.03855488324935836
199,13.865672,-72.729294,36.08512694201216,36.077,12.506832105192906,12.507,0.0,440136.3103529076,2896.859272930827,0.0,440136.3103529076,2987.5715029163885,0.0,440136.3103529076,3074.2579651027368,0.0,1.5022047516160768,35.33086289847901,36.83306765009509,0.0451020068865908,2.2368482683062396,34.96294981773355,37.19979808603979,0.0673956113423823,3.2723299674928015,377.2097109253659,0.0,0.1319212802900788,3.8404477029988873,4.499555359511676,,,,0,13.865737147490647,-72.72934413344363,302.5138413204005,-44.395640796113085,312.49884294588,-64.74481347672436,0.013646000064909458,0.013646000064909458,0.021448999643325806,0.020891999825835228,13.462781,0.007387000136077404,0.008706999942660332,12.546143,0.00828699953854084,0.1149279996752739,99.99,9.989999771118164,99.98999786376953,99.99,9.989999771118164,99.98999786376953,99.99,9.989999771118164,99.98999786376953,2.2690908908843994,-0.03318199887871742,0.9800000190734863,0.3759160041809082,2174319.0,768586.0,136380104.0,78.63555908203125,11.0,3.0,8.0,3.0,0.0,0.0,0.0,2.0,48051.801437,0.19344605116016222
200,13.869121,-72.487114,16.81473302572405,16.81067073344316,13.335976504527258,13.336201860242438,0.0,50658.6009576946,2913.964221923811,0.0,50658.6009576946,3004.940581860151,0.0,50658.6009576946,3091.8744673093142,0.0,0.8724411708769217,16.378429026761186,17.250870197638108,0.0560351218073282,1.3431013249211432,16.13765508895831,17.480756413879455,0.0869858277607882,1.8657130778270368,389.08766270620464,1.0,0.1791877303884486,3.9198872416824337,4.093047562715573,,,,0,13.869083340953765,-72.48713435467903,302.50498080853663,-44.63777022630909,313.0117573162298,-64.64187827533026,0.02620300091803074,0.02620300091803074,0.005268000066280365,0.02010899968445301,14.117299,0.0193719994276762,0.0020620001014322042,99.99,9.989999771118164,99.98999786376953,99.99,9.989999771118164,99.98999786376953,99.99,9.989999771118164,99.98999786376953,99.99,9.989999771118164,99.98999786376953,0.8830000162124634,-0.03999999910593033,99.98999786376953,0.34827399253845215,2174305.0,768206.0,136467685.0,57.77407455444336,2.0,1.0,2.0,0.0,0.0,0.0,0.0,-1.0,47955.1051181,0.08386805928831291
201,13.875625,-72.480446,7.186510046337295,7.1817554350781725,14.259204256403237,14.2594913861911,0.0,21221.03779383266,2931.06886143905,0.0,21221.03779383266,3022.3085725469327,0.0,21221.03779383266,3109.4891520377037,0.0,0.6768488671058837,6.850402724100701,7.527251591206585,0.1020056027417801,1.0266553359509576,6.671078938273205,7.697734274224163,0.1550252001156309,1.3888036588688024,390.7620713236968,1.0,0.1046207832640284,3.602840915735806,4.301690674532464,,,,0,13.875631789057884,-72.48045800834663,302.50200400631,-44.644401361342986,313.0278031464784,-64.6407685496377,0.018662000074982643,0.018662000074982643,0.008940000087022781,0.030446000397205353,17.698492,0.01395499985665083,0.021062999963760376,14.848,0.052035000175237656,0.06886100023984909,99.99,9.989999771118164,99.98999786376953,99.99,9.989999771118164,99.98999786376953,99.99,9.989999771118164,99.98999786376953,5.930376052856445,0.2238750010728836,0.9900000095367432,0.35039299726486206,2174307.0,768206.0,136467685.0,18.65359115600586,8.0,3.0,5.0,3.0,0.0,0.0,0.0,2.0,47955.653467,0.04385166073368982
202,13.89679,-72.545395,14.825673783619369,14.823500628126666,13.472673772221908,13.472589805675035,0.0,111190.98957100956,2938.111858983611,0.0,111190.98957100956,3029.4597840548686,0.0,111190.98957100956,3116.74173299256,0.0,0.8187752382280848,14.411599766565756,15.230375004793842,0.0599931177763952,1.23795468680742,14.193937994166587,15.431892680974007,0.0909501048742171,1.7380747129012466,366.73116311076774,0.0,0.0402565499349292,3.830483129254233,4.127316346629355,,,,0,13.896817397684682,-72.54543764655276,302.4951084983143,-44.579295417123625,312.8972584247354,-64.67454275083584,0.012020999565720558,0.012020999565720558,0.004437999799847603,0.011958999559283257,14.413224,0.006060999818146229,0.00776199996471405,99.99,9.989999771118164,99.98999786376953,13.113221,0.024929000064730644,99.98999786376953,99.99,9.989999771118164,99.98999786376953,99.99,9.989999771118164,99.98999786376953,1.4491430521011353,0.0015709999715909362,0.9900000095367432,0.3475860059261322,2174305.0,768206.0,136467567.0,89.26605987548828,7.0,3.0,6.0,0.0,1.0,0.0,0.0,2.0,47955.746644,0.15635205767490115
203,13.924053,-72.303223,8.64624191601427,8.64099450761098,14.05829037081944,14.058469457738664,0.0,24975.576530772058,2965.2772228836593,0.0,24975.576530772058,3057.0413272902456,0.0,24975.576530772058,3144.7131327468737,0.0,0.6436718204617868,8.338501944059033,8.98217376452082,0.0810000000000013,1.0451482723575314,8.122373685554587,9.167521957912118,0.1313513852398493,1.4223875156976584,2.533476301461323,1.0,0.2113729205244504,3.609030011338384,4.209617731320128,,,,0,13.924161641347242,-72.30320944919487,302.47566802031366,-44.82127007025705,313.41492604523387,-64.57691088509418,0.017349999397993088,0.017349999397993088,0.010912000201642513,0.022947000339627266,17.902948,0.023634999990463257,0.03685300052165985,14.84436,0.008516999892890453,99.98999786376953,99.99,9.989999771118164,99.98999786376953,99.99,9.989999771118164,99.98999786376953,99.99,9.989999771118164,99.98999786376953,1.0750000476837158,-0.05400000140070915,99.98999786376953,0.40022099018096924,2171600.0,767822.0,136468180.0,97.73483276367188,3.0,1.0,2.0,1.0,0.0,0.0,0.0,-1.0,47955.1082531,0.1285083289350085
204,13.948352,-72.658638,19.42216017863849,19.413752445619178,13.179441409775198,13.179926510989771,0.0,65957.5624341122,2980.36876249193,0.0,65957.5624341122,3072.363249165858,0.0,65957.5624341122,3160.2508658157926,0.0,0.9629875502645716,18.959794749079215,19.922782299343787,0.0532067132725462,1.4313019599162118,18.71401460460154,20.145316564517753,0.0797750855251049,2.0703011330391377,348.73175195631035,1.0,0.2060055365587421,3.898412719818159,4.138120048139865,,,,1,13.94843570430038,-72.65868795584868,302.4771455426436,-44.46571803294915,312.67321524062896,-64.7369955980654,0.017242999747395515,0.017242999747395515,0.01734600029885769,0.018209999427199364,13.698143,0.011934000067412853,0.010594000108540058,13.187951,0.021062999963760376,99.98999786376953,13.385,0.05967500060796738,99.98999786376953,99.99,9.989999771118164,99.98999786376953,99.99,9.989999771118164,99.98999786376953,1.7239999771118164,0.024667000398039818,99.98999786376953,0.363321989774704,2174319.0,768586.0,136380140.0,84.4253158569336,6.0,1.0,4.0,1.0,1.0,0.0,0.0,-1.0,48051.801217,0.2010221999677528
205,13.952626,-73.043114,6.91174627184233,6.920039274614058,14.302673873186691,14.299977716702791,0.0,211359.7619808321,2991.4357434255885,0.0,211359.7619808321,3083.5988043794823,0.0,211359.7619808321,3171.6443335684153,0.0,1.2252273994213754,6.297537930128916,7.522765329550292,0.1929375729760511,1.8335868051056616,5.994680778618139,7.8282675837238,0.2896947162517858,2.663691133672443,345.63029860492,0.0,0.1402882553036495,3.6310833711415023,4.199304507257124,,,,0,13.952650188982727,-73.04316271241788,302.48811951857687,-44.081321567655614,311.8545730425872,-64.899772147896,0.012543999589979649,0.012543999589979649,0.009576999582350254,0.038961999118328094,17.669098,0.01312199980020523,0.0266369991004467,14.750121,0.004480000119656324,0.07472299784421921,99.99,9.989999771118164,99.98999786376953,99.99,9.989999771118164,99.98999786376953,99.99,9.989999771118164,99.98999786376953,4.464700222015381,0.09019999951124191,0.25,0.18882900476455688,2174323.0,768962.0,136379411.0,40.74952697753906,10.0,3.0,5.0,5.0,0.0,0.0,0.0,2.0,48051.372842,0.17719422477711375
206,13.972648,-72.196625,15.921335883964,15.915019267538185,13.395255837962566,13.395466135615765,0.0,54347.49168887288,2974.332174694753,0.0,54347.49168887288,3066.234579038147,0.0,54347.49168887288,3154.0359372968,0.0,0.836177172669684,15.513860378853751,16.350037551523435,0.0566274462998315,1.2812415786997544,15.298617357115178,16.579858935814933,0.0868607212974161,1.8013401384574728,344.11720174369367,0.0,0.1041104076095681,3.950338403266293,4.170273243841426,,,,0,13.972743997236373,-72.19661536011249,302.45118343859616,-44.927480262938154,313.6530563360154,-64.54347355976972,0.019293999299407005,0.019293999299407005,0.011927999556064606,0.029651999473571777,13.969687,0.015869000926613808,0.007199999876320362,99.99,9.989999771118164,99.98999786376953,99.99,9.989999771118164,99.98999786376953,99.99,9.989999771118164,99.98999786376953,99.99,9.989999771118164,99.98999786376953,1.0670000314712524,-0.06533300131559372,99.98999786376953,0.28323400020599365,2171603.0,767435.0,136468395.0,63.09553909301758,3.0,1.0,3.0,0.0,0.0,0.0,0.0,-1.0,47955.1049563,0.11121762962445014
207,13.995879,-71.522568,3.516359685775363,3.5134381286699243,15.035621633552736,15.035734490006003,0.0,11142.175994736162,2393.619639046892,0.0,11142.175994736162,2476.1785869195596,0.0,11142.175994736162,2555.2276398009067,0.0,0.4429002785406672,3.301082014349652,3.743982292890319,0.1367567658433088,0.6945318220139809,3.189772769924634,3.8843045919386143,0.2141083947827375,0.9166779771038795,30.91632165640305,1.0,0.1464429105506085,3.6251440523880976,4.003133436300365,,,,0,13.995920858679971,-71.52254884937932,302.4171583588974,-45.60115988214124,315.053821108521,-64.24684796644398,0.006264999974519014,0.006264999974519014,0.02614700049161911,0.030167000368237495,17.049406,0.005024000070989132,0.05007899925112724,15.002202,0.0027179999742656946,0.09216800332069397,99.99,9.989999771118164,99.98999786376953,99.99,9.989999771118164,99.98999786376953,99.99,9.989999771118164,99.98999786376953,1.834043025970459,0.014913000166416168,0.2633329927921295,0.07301200181245804,2171415.0,765843.0,136476484.0,40.571929931640625,23.0,3.0,11.0,12.0,0.0,0.0,0.0,2.0,47855.19146,0.08386853707730332
208,13.998293,-72.175369,5.276608577572189,5.2763496077513015,14.5949315432415,14.59433372458802,0.0,18027.305816047665,2995.4600692140325,0.0,18027.305816047665,3087.6843521110286,0.0,18027.305816047665,3175.78723119576,0.0,0.6440192826496762,4.951267028623605,5.595286311273282,0.1329945449708471,1.070123929676365,4.726010270402636,5.796134200079001,0.2215302168177118,1.388740149163726,1.201709777680348,0.0,0.2118271968951917,3.6119185763327737,4.054194027725458,,,,0,13.998379723170551,-72.1753688898514,302.43936594362697,-44.94852646295091,313.7054704347689,-64.54116622891951,0.010857000015676022,0.010857000015676022,0.03031099960207939,0.039882998913526535,17.770178,0.009875000454485416,0.023989999666810036,15.174884,0.010112999938428402,0.1149590015411377,13.661266,0.18614399433135986,99.98999786376953,99.99,9.989999771118164,99.98999786376953,99.99,9.989999771118164,99.98999786376953,3.5361340045928955,0.1542000025510788,0.029999999329447746,0.2582379877567291,2171603.0,767043.0,136469761.0,29.671091079711914,15.0,3.0,7.0,7.0,1.0,0.0,0.0,2.0,47955.347925,0.09556772084751548
209,14.002332,-72.83284,4.450848148295074,4.4520497940241,14.77966650411044,14.778577713347154,0.0,17620.474475468684,2987.411401168851,0.0,17620.474475468684,3079.5131987381296,0.0,17620.474475468684,3167.501339226289,0.0,0.5236677551619211,4.19050456313822,4.714172318300141,0.127985901698663,0.8525030362034993,4.010824294475316,4.863327330678815,0.2091820322008271,1.1077816483810312,380.9060871729925,1.0,0.0483183056896142,3.603549003821576,4.089368109857828,,,,0,14.002297836169898,-72.83290408463716,302.46071030074603,-44.291165743148795,312.3186607490764,-64.82522916852741,0.008572000078856945,0.008572000078856945,0.017921000719070435,0.03657500073313713,18.02909,0.007143999915570021,0.009751000441610813,15.218337,0.003003000048920512,0.15275999903678894,13.928138,0.0031240000389516354,0.37509799003601074,99.99,9.989999771118164,99.98999786376953,99.99,9.989999771118164,99.98999786376953,5.187580108642578,0.217289999127388,0.7277780175209045,0.36645498871803284,2174314.0,768586.0,136379968.0,57.54469680786133,31.0,3.0,11.0,15.0,5.0,0.0,0.0,2.0,48051.206586,0.2335432852492548
210,14.004046,-72.460983,7.766874071140688,7.765271774861503,14.174901315567904,14.174845501754849,0.0,21732.167558227746,2974.332174694753,0.0,21732.167558227746,3066.234579038147,0.0,21732.167558227746,3154.0359372968,0.0,0.742491136243153,7.407446575348514,8.149937711591667,0.1039846146398701,1.1715006857999484,7.198884506433892,8.37038519223384,0.1630415727710641,1.5403437744063897,263.8248959583525,1.0,0.0819522793684236,3.661665313799341,4.140059353813025,,,,1,14.004053403826479,-72.46101421612535,302.4470007352841,-44.66292730420132,313.10780527719186,-64.66725025314997,0.011785999871790409,0.011785999871790409,0.0025649999734014273,0.03109000064432621,17.06049,0.01532800029963255,0.040761999785900116,14.566588,0.0063149998895823956,0.20193199813365936,99.99,9.989999771118164,99.98999786376953,99.99,9.989999771118164,99.98999786376953,99.99,9.989999771118164,99.98999786376953,3.7534449100494385,0.16811099648475647,0.8100000023841858,0.3810639977455139,2174304.0,768206.0,136467678.0,14.730602264404297,9.0,3.0,4.0,5.0,0.0,0.0,0.0,2.0,47955.488655,0.1126647389082305
211,14.007276,-72.499931,6.5768257183499585,6.577044516078576,14.355457771348814,14.355117704902208,0.0,21791.559924278015,2989.423574357847,0.0,21791.559924278015,3081.5560088048824,0.0,21791.559924278015,3169.572848498974,0.0,0.6006863495058408,6.273914896283234,6.874601245789075,0.0990068133934514,0.9478734833521144,6.110047799146586,7.0579212824987,0.156490381596825,1.3001407503714209,204.43711033338255,0.0,0.1081101021094775,3.616514204240432,4.180512785374648,,,,0,14.007269349861225,-72.49991154114205,302.44700843605546,-44.62401793413543,313.0267263542062,-64.68489152237025,0.010630999691784382,0.010630999691784382,0.031654998660087585,0.029666999354958534,15.748475,0.007242000196129084,0.008774000220000744,14.482426,0.005861999932676554,0.03235600143671036,13.413157,0.03979400172829628,0.20855499804019928,99.99,9.989999771118164,99.98999786376953,99.99,9.989999771118164,99.98999786376953,2.024182081222534,0.03863599896430969,0.9300000071525574,0.3671810030937195,2174307.0,768206.0,136467665.0,99.66824340820312,11.0,3.0,7.0,2.0,2.0,0.0,0.0,2.0,47955.745660,0.07042083375620807
212,14.018476,-71.629814,3.695997696078411,3.696888835267897,14.981618775921742,14.980502676096208,0.0,12289.897965981276,2399.660447994884,0.0,12289.897965981276,2482.3221002441087,0.0,12289.897965981276,2561.46735704601,0.0,0.4874743492558404,3.442602971714062,3.9300773209699025,0.1436034481591193,0.7795828214564775,3.3104118908642644,4.089994712320742,0.2292964526262473,1.0249215364041313,444.43042145672047,0.0,0.054552649437466,3.607491128260298,4.049041144571007,,,,1,14.018471935003351,-71.62979195299754,302.4108826862526,-45.49377011053129,314.841648121909,-64.30225814558372,0.006996000185608864,0.006996000185608864,0.022714000195264816,0.025541000068187714,18.37662,0.004738999996334314,0.0642860010266304,15.396663,0.0062779998406767845,0.1716720014810562,14.056871,0.17476800084114075,99.98999786376953,99.99,9.989999771118164,99.98999786376953,99.99,9.989999771118164,99.98999786376953,2.500333070755005,-0.024454999715089798,0.3799999952316284,0.08036100119352341,2171412.0,766247.0,136476097.0,34.03028106689453,33.0,3.0,16.0,16.0,1.0,0.0,0.0,2.0,47855.10607,0.07950309226825567
213,14.029873,-72.470512,27.306602895067527,27.306385483208302,12.809509119267632,12.809028453308915,0.0,61120.39009046904,2999.4843785675625,0.0,61120.39009046904,3091.7698420501333,0.0,61120.39009046904,3179.9300323042994,0.0,1.2636432406557103,26.67787137242033,27.94151461307604,0.0501602034106394,1.910896566294376,26.34709042315526,28.25798698944964,0.0759963857259204,2.7910952617556575,225.28392254457992,0.0,0.2379278450507984,3.84866769659277,4.022835096072299,,,,0,14.029954460008497,-72.4705080341727,302.43637124605476,-44.6532392850021,313.09565291804705,-64.67838575247846,0.024862999096512794,0.024862999096512794,0.00019200000679120421,0.0125749995931983,13.810351,0.01935099996626377,0.018989000469446182,99.99,9.989999771118164,99.98999786376953,99.99,9.989999771118164,99.98999786376953,99.99,9.989999771118164,99.98999786376953,99.99,9.989999771118164,99.98999786376953,0.7714999914169312,0.02850000001490116,99.98999786376953,0.38078001141548157,2174304.0,768206.0,136467676.0,8.287747383117676,2.0,1.0,2.0,0.0,0.0,0.0,0.0,-1.0,47955.1153666,0.08947412998090618
214,14.037303,-72.277908,5.222595056211925,5.220726281492722,14.606032817455397,14.605858907531646,0.0,15304.19675283784,2994.453989308997,0.0,15304.19675283784,3086.662970600761,0.0,15304.19675283784,3174.7515158452056,0.0,0.6126775859502924,4.914757233922042,5.527434819872334,0.1276352302902204,0.9817797286041188,4.7498627559097155,5.731642484513834,0.2038207432543064,1.2975795454545451,1.1791458107266295,0.0,0.194407019118233,3.606482004994043,4.162442381310022,,,,0,14.037247946644275,-72.27788618033448,302.4262978883897,-44.84574091099016,313.5030327747945,-64.59678519704362,0.011618999764323235,0.011618999764323235,0.013465000316500664,0.02679399959743023,18.158398,0.013092000037431717,0.03577600046992302,15.292068,0.010909000411629677,0.11345499753952026,13.570972,0.18003199994564056,99.98999786376953,99.99,9.989999771118164,99.98999786376953,99.99,9.989999771118164,99.98999786376953,3.4584619998931885,0.29746198654174805,0.029999999329447746,0.43439099192619324,2171600.0,767435.0,136468353.0,56.70869445800781,13.0,3.0,6.0,6.0,1.0,0.0,0.0,2.0,47955.364712,0.09904498757973414
215,14.045771,-72.44059,5.710076022632521,5.704878729810156,14.509332682665098,14.509256347731196,0.0,23959.966246498287,2990.4296594066127,0.0,23959.966246498287,3082.5774084027817,0.0,23959.966246498287,3170.608594057564,0.0,0.7415254400888802,5.346512500130174,6.0880379402190545,0.1406525667994902,1.2133337062248355,5.13080918183506,6.344142888059896,0.2309185127915594,1.6092250814648006,322.8934066728364,0.0,0.1198112868703606,3.6129872853659006,4.108955235812861,,,,1,14.045789154424405,-72.44057497847375,302.4285785815454,-44.683039581746044,313.1635938178401,-64.66977631542083,0.011207000352442265,0.011207000352442265,0.0027749999426305294,0.027859000489115715,17.68486,0.012570000253617764,0.039903998374938965,14.820433,0.005721000023186207,0.1439570039510727,99.99,9.989999771118164,99.98999786376953,99.99,9.989999771118164,99.98999786376953,99.99,9.989999771118164,99.98999786376953,4.249499797821045,0.1494169980287552,0.46000000834465027,0.4010840058326721,2174304.0,768206.0,136467700.0,17.18266487121582,12.0,3.0,6.0,6.0,0.0,0.0,0.0,2.0,47955.512979,0.05756002613756886
216,14.057666,-72.04567,21.353156336109432,21.315769770449425,13.07677455814848,13.078372021020645,0.0,391391.2872626628,4437.319530358285,0.0,391391.2872626628,4549.324335295863,0.0,391391.2872626628,4655.957363367411,0.0,2.006530481413268,20.480084807693395,22.486615289106663,0.1015851316616949,2.944547875248265,20.034236360205178,22.97878423545344,0.1487137832418827,3.4543568791297012,417.59467615666995,0.0,0.2877742522894353,3.9031393325180415,4.188286831902781,,,,0,14.05763445997288,-72.04560346583956,302.4089142515111,-45.07778177347759,313.99477327479786,-64.50015848105706,0.018779000267386436,0.018779000267386436,0.008376000449061394,0.01974399946630001,13.889555,0.01578100025653839,0.007958999834954739,99.99,9.989999771118164,99.98999786376953,99.99,9.989999771118164,99.98999786376953,99.99,9.989999771118164,99.98999786376953,99.99,9.989999771118164,99.98999786376953,0.6033329963684082,-0.07400000095367432,99.98999786376953,0.22180500626564026,2171614.0,767043.0,136469906.0,96.9091567993164,3.0,1.0,3.0,0.0,0.0,0.0,0.0,-1.0,47955.1049189,0.24206678627809203
217,14.061519,-72.42244,3.6930176574480873,3.690217175622248,14.982693569539489,14.982493899911024,0.0,11600.725054057064,2976.3443747743527,0.0,11600.725054057064,3068.277483664124,0.0,11600.725054057064,3156.107604492084,0.0,0.5363734076752427,3.428632707224739,3.965006114899982,0.1578110718774183,0.8520961782997243,3.294423063131464,4.146519241431188,0.2497924989635205,1.139541252590996,1.8556390950048287,0.0,0.1722063431479433,3.6105957663102055,4.025070943866776,,,,1,14.061537827885562,-72.42242070725457,302.4212276974618,-44.70106364297809,313.2066597588262,-64.66622019692224,0.010181999765336514,0.010181999765336514,0.0037750001065433025,0.02944999933242798,17.965263,0.012632999569177628,0.03310700133442879,15.133979,0.00585100008174777,0.11708399653434753,99.99,9.989999771118164,99.98999786376953,14.800922,0.028519000858068466,99.98999786376953,99.99,9.989999771118164,99.98999786376953,4.762462139129639,0.15353800356388092,0.5099999904632568,0.41482800245285034,2171536.0,768206.0,136467703.0,93.3811264038086,13.0,3.0,6.0,6.0,0.0,1.0,0.0,2.0,47955.488302,0.0724074615239721
218,14.087205,-72.84552,11.360313604031182,11.352639649792838,13.76179398758547,13.762524805772989,0.0,29793.68086679202,3003.5086715194448,0.0,29793.68086679202,3095.8552743137648,0.0,29793.68086679202,3184.072737089348,0.0,0.7259160757196437,11.0028000737981,11.728716149517744,0.0693866537671628,1.1112633306281057,10.817107617856191,11.928370948484298,0.1062610925977018,1.6108773056007273,4.857700464547988,0.0,0.2212281591485546,3.814560092726929,4.0286520495812415,,,,1,14.087176271914592,-72.84554949002813,302.42619306312673,-44.277880501575154,312.3163920540389,-64.85326777709679,0.012016999535262585,0.012016999535262585,0.019514000043272972,0.022304000332951546,14.72402,0.005677000153809786,0.009448000229895115,13.760353,0.002983999904245138,0.875590980052948,13.706976,0.003705000039190054,0.01259899977594614,13.56395,0.019923999905586243,0.23466099798679352,13.445449,0.015835000202059746,99.98999786376953,1.8822940587997437,-0.07699999958276749,0.9900000095367432,0.35686200857162476,2174314.0,768962.0,136379628.0,22.74829864501953,17.0,3.0,8.0,3.0,3.0,2.0,1.0,2.0,48051.801713,0.11045952214563344
219,14.090327,-72.459961,126.8276520475866,126.868,11.142074551705202,11.14166108882493,0.0,103129.85351183228,1272.857109476574,0.0,103129.85351183228,1333.3639164245633,0.0,103129.85351183228,1391.758494508842,0.0,3.1704378599528553,125.19506214004714,128.3655,0.0270000000000028,5.853999999999985,123.4735,129.3275,0.0505000000000013,25.181077391134608,339.3413043703417,0.0,6.597408147475775,3.671899553809065,4.1387727452200425,,,,0,14.090416391325798,-72.45995827144574,302.4103818232283,-44.66330781700958,313.13627487347725,-64.69027720280884,0.01033599954098463,0.01033599954098463,0.0051009999588131905,0.01701599918305874,16.522919,0.012070000171661377,0.02565399929881096,14.390098,0.008218999952077866,0.11441700160503387,99.99,9.989999771118164,99.98999786376953,99.99,9.989999771118164,99.98999786376953,99.99,9.989999771118164,99.98999786376953,4.147799015045166,0.07620000094175339,0.9900000095367432,0.3956559896469116,2174304.0,768206.0,136467677.0,25.571096420288086,10.0,3.0,6.0,4.0,0.0,0.0,0.0,2.0,47955.539296,0.09748039260400275
220,14.094011,-72.476639,56.85689594294008,56.816528734844496,12.013185764900944,12.013932653282748,0.0,146319.32517032727,3010.551144818431,0.0,146319.32517032727,3103.004642343924,0.0,146319.32517032727,3191.322239269906,0.0,2.2907456938078568,55.774897469331286,58.06564316313914,0.0439326532827504,3.375983251227602,55.32149392413259,58.69747717536019,0.0644644237591336,4.988534630592838,1037.557893030851,0.0,0.2258620131051254,3.841046897005248,4.438107334269432,,,,0,14.09406884996775,-72.4766229089289,302.409466263137,-44.64661960247771,313.10219451315925,-64.69844466243589,0.0248780008405447,0.0248780008405447,0.007034000009298325,0.007253000047057867,13.276837,0.019393999129533768,0.015488999895751476,99.99,9.989999771118164,99.98999786376953,99.99,9.989999771118164,99.98999786376953,99.99,9.989999771118164,99.98999786376953,99.99,9.989999771118164,99.98999786376953,1.0774999856948853,-0.0625,99.98999786376953,0.3885659873485565,2174304.0,768206.0,136467669.0,8.60532283782959,2.0,1.0,2.0,0.0,0.0,0.0,0.0,-1.0,47955.1153695,0.08536787448590734
221,14.099992,-72.487503,13.787305256718012,13.786057826264042,13.55156581557256,13.551429600239729,0.0,24369.97176435773,2980.36876249193,0.0,24369.97176435773,3072.363249165858,0.0,24369.97176435773,3160.2508658157926,0.0,0.8584929937959966,13.357,14.215492993795996,0.0679441950588621,1.396445279306473,13.100824350020114,14.497269629326588,0.1101473283429932,1.9047329218119808,24.97582492872736,0.0,0.2270411205785072,3.8174603037389545,4.11230532063568,,,,1,14.099999417392851,-72.48748637729808,302.40737075411266,-44.63571187378111,313.08104029150707,-64.70472812910994,0.010646999813616276,0.010646999813616276,0.004739999771118164,0.011831000447273254,14.460299,0.011394999921321869,0.009600000455975533,13.523789,0.036635998636484146,99.98999786376953,99.99,9.989999771118164,99.98999786376953,13.251181,0.02915400080382824,0.15445800125598907,99.99,9.989999771118164,99.98999786376953,1.8851109743118286,0.009444000199437141,0.0,0.38673099875450134,2174304.0,768206.0,136467669.0,19.011371612548828,9.0,3.0,6.0,1.0,0.0,2.0,0.0,2.0,47955.738028,0.06037877561580428
222,14.10552,-72.471741,27.275828510129003,27.270472823133737,12.81074933469876,12.810767212365068,0.0,114779.86955194744,3008.5390146949776,0.0,114779.86955194744,3100.9619837147256,0.0,114779.86955194744,3189.250982912235,0.0,1.4573626592600348,26.5495835665511,28.006946225811134,0.0580814756722265,2.170290633636806,26.210026585064565,28.38031721870137,0.0860983769034451,3.026593339075049,1037.3631473932007,0.0,0.015024058616083,3.603311757887119,4.5010710774242195,,,,0,14.105534220449051,-72.47172208720815,302.40442838057197,-44.651425132968924,313.11602202245246,-64.69945275261867,0.025064999237656593,0.025064999237656593,0.0051369997672736645,0.02121400088071823,17.170883,0.01992500014603138,0.012489000335335732,99.99,9.989999771118164,99.98999786376953,99.99,9.989999771118164,99.98999786376953,99.99,9.989999771118164,99.98999786376953,99.99,9.989999771118164,99.98999786376953,1.0529999732971191,0.023499999195337296,99.98999786376953,0.39246198534965515,2174304.0,768206.0,136467671.0,41.72511291503906,2.0,1.0,2.0,0.0,0.0,0.0,0.0,-1.0,47955.1153668,0.06980998783812306
223,14.113846,-72.468483,24.00757696040897,23.998357016453365,12.94929908492918,12.9497957760713,0.0,37269.55637067366,2992.441826415296,0.0,37269.55637067366,3084.620196736822,0.0,37269.55637067366,3172.6800670345956,0.0,1.0986790719610298,23.485942129656888,24.584621201617917,0.0494867056877712,1.7041778244845285,23.17420884223788,24.87838666672241,0.0769904454344274,2.3424144440724,522.9918318958795,0.0,0.1765863258678751,3.6127192920033626,4.145363331621457,,,,0,14.113892691104306,-72.46846467714843,302.40076564587673,-44.65461260543852,313.125437320171,-64.70032380289126,0.01767599955201149,0.01767599955201149,0.004323999863117933,0.027713000774383545,17.634756,0.021118000149726868,0.04890500009059906,14.806372,0.0067529999651014805,0.0002479999966453761,99.99,9.989999771118164,99.98999786376953,99.99,9.989999771118164,99.98999786376953,99.99,9.989999771118164,99.98999786376953,1.4397499561309814,-0.051750000566244125,99.98999786376953,0.39528000354766846,2174304.0,768206.0,136467671.0,7.734396934509277,4.0,1.0,2.0,2.0,0.0,0.0,0.0,-1.0,47955.1088561,0.0831549417726837
224,14.115696,-73.507523,6.0063015353945595,6.002551759179279,14.454221956736804,14.454000000000002,0.0,32255.509941282853,2993.447908376258,0.0,32255.509941282853,3085.641585476637,0.0,32255.509941282853,3173.7157944591713,0.0,0.7034796452665386,5.652534161538378,6.356013806804917,0.1271673183960739,1.054965834637641,5.491319292152452,6.546285126790093,0.1909596467324092,1.504279233057991,609.2776320869899,0.0,0.1055067888232736,3.6090300113383895,4.358817731320142,,,,1,14.115631651154375,-73.50755817658832,302.43939236171656,-43.61588881494119,310.89506823088124,-65.1313466142321,0.008925000205636024,0.008925000205636024,0.028385000303387642,0.035659998655319214,17.359854,0.0041069998405873775,0.06438600271940231,14.379234,0.0023159999400377274,0.22595900297164917,99.99,9.989999771118164,99.98999786376953,99.99,9.989999771118164,99.98999786376953,99.99,9.989999771118164,99.98999786376953,3.408653974533081,0.077845998108387,0.7099999785423279,0.11907199770212173,2174301.0,770066.0,136371875.0,49.778961181640625,26.0,3.0,11.0,15.0,0.0,0.0,0.0,2.0,48143.90282,0.14269402667420888
225,14.127534,-72.231476,4.625008799684399,4.604415229367453,14.738504513757958,14.742,0.0,19542.20753839943,2997.47222594308,0.0,19542.20753839943,3089.7271042973166,0.0,19542.20753839943,3177.8586438026578,0.0,0.7089553915230926,4.303516348254277,5.01247173977737,0.1653772694806043,1.1038290041394898,4.107196677381771,5.211025681521261,0.2588863150377154,1.5603197358812748,1.6638092426402642,0.0,0.2368820308734191,3.624018930509914,4.025993905988754,,,,0,14.12751953872294,-72.23143209235195,302.38573398590694,-44.891440911533955,313.6284717578611,-64.60123160620225,0.012702999636530876,0.012702999636530876,0.008065000176429749,0.012551000341773033,17.85122,0.015434999950230122,0.02286599949002266,15.097523,0.009379999712109566,0.1347920000553131,99.99,9.989999771118164,99.98999786376953,99.99,9.989999771118164,99.98999786376953,99.99,9.989999771118164,99.98999786376953,4.176750183105469,0.2759999930858612,0.029999999329447746,0.3775700032711029,2171603.0,767435.0,136468365.0,38.62779235839844,8.0,3.0,4.0,4.0,0.0,0.0,0.0,2.0,47955.343034,0.15886395612761892
226,14.128729,-71.77256,5.5690982377427485,5.565,14.536123501411623,14.536390591299067,0.0,124058.82120700568,3655.248688484919,0.0,124058.82120700568,3757.00803728394,0.0,124058.82120700568,3854.043098102597,0.0,0.5701519766343264,5.290989704609086,5.861141681243413,0.1109324400685878,0.9043819872353094,5.14256774611368,6.046949733348989,0.176086014247371,1.189133064314574,1.722085290299261,0.0,0.1881493449111763,3.6080008752633743,4.035356970907905,,,,1,14.128676602362813,-71.77256517162783,302.3670673605442,-45.35011889830451,314.5838916487043,-64.39782161797358,0.007162000052630901,0.007162000052630901,0.00926399976015091,0.1035579964518547,15.50043,0.006128999870270491,0.011676999740302563,14.576243,0.003495000069960952,0.5578150153160095,13.615272,0.028320999816060066,99.98999786376953,13.36676,0.026903999969363213,0.043657999485731125,99.99,9.989999771118164,99.98999786376953,1.7127339839935303,-0.018533000722527504,0.019999999552965164,0.1280989944934845,2171432.0,766647.0,136470475.0,59.90756607055664,15.0,3.0,7.0,5.0,1.0,2.0,0.0,34.0,47955.10064,0.061869714338829276
227,14.129824,-72.152824,4.383900383490545,4.3816302718145135,14.79638231381288,14.79608807795594,0.0,12723.059141680576,2967.2894416845666,0.0,12723.059141680576,3059.084297748567,0.0,12723.059141680576,3146.784909888119,0.0,0.6104128322275075,4.080221746648751,4.690634578876258,0.1510290599647561,0.942147123172004,3.9148097842986576,4.8569569074706616,0.2336777801798071,1.308230603437837,394.2903057004273,0.0,0.0734350647415307,3.628249340168296,4.1612747612769905,,,,0,14.129842745402506,-72.15275045264482,302.381636131423,-44.970072258585496,313.7939718317823,-64.56737772664287,0.010274999774992466,0.010274999774992466,0.01372199971228838,0.029008999466896057,17.687534,0.012899000197649002,0.026636000722646713,15.059142,0.0058479998260736465,0.31616100668907166,12.991044,0.03491700068116188,99.98999786376953,99.99,9.989999771118164,99.98999786376953,99.99,9.989999771118164,99.98999786376953,3.3884620666503906,1.4203850030899048,0.029999999329447746,0.2679139971733093,2171601.0,767435.0,136468410.0,63.16075897216797,13.0,3.0,6.0,6.0,1.0,0.0,0.0,2.0,47955.348937,0.2655770404068687
228,14.148048,-72.254349,4.433418317354931,4.431815227050333,14.784085153794216,14.783727207420991,0.0,13544.545811603935,2979.362667116417,0.0,13544.545811603935,3071.3418132545567,0.0,13544.545811603935,3159.2150596104652,0.0,0.602076156064058,4.137003314301372,4.7390794703654295,0.1476099514124893,0.8767218517439774,4.008286083421611,4.885007935165588,0.2151959343029581,1.2830321166216847,305.27213315683326,0.0,0.1031446736639356,3.624862541559803,4.067950087977107,,,,1,14.148018628441095,-72.25431388082035,302.3778192557164,-44.86839293267633,313.5868359759443,-64.61684981436271,0.011118999682366848,0.011118999682366848,0.006657000165432692,0.020205000415444374,17.881893,0.012265999801456928,0.02816700004041195,15.182562,0.010793999768793583,0.13424800336360931,14.183147,0.16189099848270416,99.98999786376953,99.99,9.989999771118164,99.98999786376953,99.99,9.989999771118164,99.98999786376953,3.4312310218811035,0.08815400302410126,0.8799999952316284,0.41523000597953796,2171600.0,767435.0,136468357.0,11.414007186889648,13.0,3.0,6.0,6.0,1.0,0.0,0.0,2.0,47955.347938,0.13047202186518772
229,14.159138,-72.310638,18.88951773089334,18.889,13.209626011827025,13.209664718548034,0.0,43841.278451228005,3011.5572083507695,0.0,43841.278451228005,3104.025966280512,0.0,43841.278451228005,3192.357858466946,0.0,0.93842503648564,18.421,19.35942503648564,0.0541478643455892,1.4929567036268203,18.171224943057545,19.66418164668437,0.0860354874429401,1.9934400457432808,1.1628024296753618,0.0,0.3003421725050187,3.90313933251804,4.240286831902775,,,,0,14.15909817279357,-72.31061190606624,302.3753165660483,-44.81202195332342,313.47197460450263,-64.64439898208497,0.019850000739097595,0.019850000739097595,0.00038400001358240843,0.005034999921917915,13.935586,0.019372999668121338,0.00595800019800663,99.99,9.989999771118164,99.98999786376953,99.99,9.989999771118164,99.98999786376953,99.99,9.989999771118164,99.98999786376953,99.99,9.989999771118164,99.98999786376953,0.8759999871253967,-0.07050000131130219,99.98999786376953,0.45333901047706604,2171600.0,767435.0,136468238.0,19.257017135620117,2.0,1.0,2.0,0.0,0.0,0.0,0.0,-1.0,47955.1153298,0.10354902750387893
230,14.19015,-72.242996,5.486572398167935,5.485008967458003,14.552471751624903,14.551961268029046,0.0,13544.106776074994,2983.3870424103293,0.0,13544.106776074994,3075.4275350692083,0.0,13544.106776074994,3163.358247972741,0.0,0.6170349280523535,5.17788228909694,5.794917217149293,0.1222240129870613,0.9875847487827868,5.000341524511107,5.987926273293894,0.1958796382205427,1.340598316934594,412.46142245702345,0.0,0.072909407320269,3.6080008752633743,4.216156970907905,,,,0,14.190100403589147,-72.2429659764517,302.35926229008277,-44.879367904096505,313.6237184604361,-64.6234437925557,0.011421999894082546,0.011421999894082546,0.0059710000641644,0.015142000280320644,17.791166,0.01246699970215559,0.03778599947690964,14.799197,0.008531000465154648,0.23578700423240662,99.99,9.989999771118164,99.98999786376953,99.99,9.989999771118164,99.98999786376953,99.99,9.989999771118164,99.98999786376953,3.630500078201294,0.24809999763965607,0.05000000074505806,0.39660799503326416,2171600.0,767435.0,136468368.0,54.354347229003906,10.0,3.0,6.0,4.0,0.0,0.0,0.0,2.0,47955.347951,0.12102684744328401
231,14.200639,-71.179138,4.671664107965804,4.674,14.726894431988848,14.725598691735383,0.0,16036.508577829394,2397.646850764596,0.0,16036.508577829394,2480.274282696512,0.0,16036.508577829394,2559.3874850768743,0.0,0.4719937137522185,4.434544244582051,4.90653795833427,0.1100000000000012,0.7379354496869874,4.302270499707151,5.040205949394139,0.171992586322542,1.0121874556866546,322.95451273131823,0.0,0.0572487955056968,3.6132558006152737,4.1841480910947375,,,,0,14.200718665078965,-71.17915806921944,302.30972156222583,-45.94261244878534,315.82268998332944,-64.14586810488024,0.012775000184774399,0.012775000184774399,0.018897999078035355,0.014545000158250332,17.47515,0.005783999804407358,0.016718000173568726,14.697806,0.00229199999012053,0.011385000310838223,99.99,9.989999771118164,99.98999786376953,99.99,9.989999771118164,99.98999786376953,99.99,9.989999771118164,99.98999786376953,0.9092220067977905,-0.04399999976158142,0.7599999904632568,0.04532400146126747,2171410.0,765024.0,136521766.0,0.007826000452041626,9.0,3.0,7.0,2.0,0.0,0.0,0.0,2.0,47752.132745,0.11738997602513512
232,14.242771,-72.521553,14.888365817251875,14.881,13.468106740123526,13.468371294992163,0.0,29991.44770441716,2997.47222594308,0.0,29991.44770441716,3089.7271042973166,0.0,29991.44770441716,3177.8586438026578,0.0,0.8306906838786787,14.490728846348588,15.321419530227269,0.0605780771248039,1.2683362553119863,14.264787505342282,15.533123760654268,0.0925015485466094,1.8176877543511785,9.377300796186038,1.0,0.2341192959391461,3.823191702803299,4.086107030681793,,,,0,14.24277968167868,-72.52155633417694,302.3484624189039,-44.60042715586519,313.05202350602144,-64.75811184890948,0.010428999550640583,0.010428999550640583,0.010607999749481678,0.006670000031590462,14.339638,0.011273999698460102,0.019624000415205956,99.99,9.989999771118164,99.98999786376953,99.99,9.989999771118164,99.98999786376953,13.148928,0.028578000143170357,99.98999786376953,13.455633,0.03469400107860565,99.98999786376953,1.297624945640564,-0.04012500122189522,0.0,0.4006139934062958,2174307.0,767823.0,136467723.0,26.713443756103516,8.0,3.0,6.0,0.0,0.0,1.0,1.0,2.0,47955.749207,0.015237773814874173
233,14.255295,-72.14254,6.241412272067561,6.23942630274174,14.412480696051528,14.412174663885226,0.0,16300.067772143431,2996.466148091887,0.0,16300.067772143431,3088.7057300092706,0.0,16300.067772143431,3176.822940513892,0.0,0.6822359163374925,5.899073655195067,6.581309571532559,0.118991266805736,1.094397945049674,5.7086945584375375,6.803092503487211,0.1907658799473655,1.548172661094264,1036.1906931645017,0.0,0.1030038096695467,3.60954912219864,4.12356121785559,,,,0,14.25532247938519,-72.14249253321142,302.32685744628867,-44.979199856253274,313.85479232156393,-64.59743645693204,0.016155999153852463,0.016155999153852463,0.011726999655365944,0.027692999690771103,17.73315,0.020927000790834427,0.026785999536514282,14.850112,0.006566999945789576,0.011865999549627304,99.99,9.989999771118164,99.98999786376953,99.99,9.989999771118164,99.98999786376953,99.99,9.989999771118164,99.98999786376953,1.2740000486373901,-0.10724999755620956,99.98999786376953,0.31584298610687256,2171426.0,767435.0,136468412.0,31.476327896118164,4.0,1.0,2.0,2.0,0.0,0.0,0.0,-1.0,47955.1069531,0.17355222550609734
234,14.264679,-72.334267,3.682645837275915,3.6802341187327934,14.985768343017735,14.985059971767829,0.0,11307.85363484716,2995.4600692140325,0.0,11307.85363484716,3087.6843521110286,0.0,11307.85363484716,3175.78723119576,0.0,0.5229906440448864,3.4191189405474995,3.942109584592386,0.1540000000000017,0.8564066528834471,3.2430336406953866,4.099440293578834,0.2543495364044172,1.2108216975531092,968.3232624785422,0.0,0.0268272969892724,3.613524824796109,4.105341829032257,,,,1,14.264664405535106,-72.33425464742342,302.3311459630266,-44.78744064104336,313.4546719358746,-64.68353666575847,0.012885999865829945,0.012885999865829945,0.008193000219762325,0.021668000146746635,17.852669,0.013021999970078468,0.017256999388337135,14.966969,0.005688000004738569,0.4477350115776062,99.99,9.989999771118164,99.98999786376953,14.281505,0.08846600353717804,99.98999786376953,99.99,9.989999771118164,99.98999786376953,5.930385112762451,0.7032309770584106,0.7200000286102295,0.4406059980392456,2171600.0,767435.0,136468240.0,79.63875579833984,13.0,3.0,6.0,6.0,0.0,1.0,0.0,2.0,47955.522979,0.04724115990069332
235,14.268831,-72.494507,6.618905513703174,6.612422357472006,14.348514761648254,14.349019410496512,0.0,14778.480464400973,2996.466148091887,0.0,14778.480464400973,3088.7057300092706,0.0,14778.480464400973,3176.822940513892,0.0,0.6069761698014462,6.328030494009333,6.935006663810779,0.099465141318042,0.9087365641285724,6.167180665384932,7.075917229513505,0.1491614660431892,1.3303521131589555,1036.1906931645017,0.0,0.0688400625432536,3.621776994214406,4.272470844221567,,,,0,14.268857956253122,-72.49451035861141,302.3362988019901,-44.627221769612966,313.11721023986667,-64.75363377541103,0.010250000283122063,0.010250000283122063,0.007108000107109547,0.03483499959111214,17.541338,0.012567000463604927,0.01935799978673458,14.632399,0.0054720002226531506,0.073123998939991,99.99,9.989999771118164,99.98999786376953,99.99,9.989999771118164,99.98999786376953,99.99,9.989999771118164,99.98999786376953,3.721082925796509,0.13099999725818634,0.9700000286102295,0.4084320068359375,2174304.0,767823.0,136467748.0,37.15506362915039,12.0,3.0,6.0,6.0,0.0,0.0,0.0,2.0,47955.657573,0.031595176549723276
236,14.270352,-72.241432,4.171089459845518,4.172620088296512,14.850486417465094,14.84903981937178,0.0,11297.999457980575,2989.423574357847,0.0,11297.999457980575,3081.5560088048824,0.0,11297.999457980575,3169.572848498974,0.0,0.5959343272223343,3.8718321165031586,4.467766443725493,0.1548390090591986,0.9633539229057928,3.7017625957518576,4.66511651865765,0.2512962018106073,1.2640346936875575,18.886357581922834,1.0,0.2029248497868214,3.616788407861282,4.065712195219474,,,,0,14.270326051846316,-72.24140963455241,302.32468079197855,-44.88018837888312,313.65188059469517,-64.64478784103149,0.01221499964594841,0.01221499964594841,0.011807999573647976,0.028060000389814377,18.037586,0.012493000365793705,0.03633299842476845,15.045814,0.005561999976634979,0.11696299910545349,99.99,9.989999771118164,99.98999786376953,99.99,9.989999771118164,99.98999786376953,99.99,9.989999771118164,99.98999786376953,5.204250812530518,0.2874999940395355,0.9599999785423279,0.39986300468444824,2171600.0,767435.0,136468283.0,41.97915267944336,12.0,3.0,6.0,6.0,0.0,0.0,0.0,2.0,47955.344160,0.08540808879511505
237,14.276385,-72.254517,12.911178276132723,12.911296330218718,13.622813818265792,13.622716893260485,0.0,19109.787455636186,2992.441826415296,0.0,19109.787455636186,3084.620196736822,0.0,19109.787455636186,3172.6800670345956,0.0,0.7541765792862201,12.535371052888555,13.289547632174775,0.0637302050908346,1.1473955629355093,12.345140215611044,13.492535778546552,0.0970156308149192,1.6116235521449855,2.782917579103187,1.0,0.2475045076029067,3.908060586644469,4.175303788713319,,,,1,14.27642879571239,-72.25451347778137,302.3226293870951,-44.867033168691655,313.6262176775681,-64.65216581077844,0.017222000285983086,0.017222000285983086,0.00875299982726574,0.008531000465154648,14.580125,0.01583000086247921,0.0020089999306946993,99.99,9.989999771118164,99.98999786376953,99.99,9.989999771118164,99.98999786376953,99.99,9.989999771118164,99.98999786376953,99.99,9.989999771118164,99.98999786376953,0.8600000143051147,-0.061000000685453415,99.98999786376953,0.4084320068359375,2171600.0,767435.0,136468281.0,95.39375305175781,3.0,1.0,3.0,0.0,0.0,0.0,0.0,-1.0,47955.1049614,0.04969923064420016
238,14.299565,-72.369591,6.91284692838779,6.911374355403898,14.301336758279009,14.30126107740767,0.0,14906.634954092293,2993.447908376258,0.0,14906.634954092293,3085.641585476637,0.0,14906.634954092293,3173.7157944591713,0.0,0.6383237610068688,6.590417025718907,7.228740786725776,0.1002183399834351,0.9680663439579053,6.424164912978546,7.3922312569364514,0.1520515466911831,1.3521953173801204,1255.7099088746472,0.0,0.0362973211492536,3.660481394442179,4.119890592679958,,,,0,14.299528757195652,-72.36957905622641,302.3178135103175,-44.75180438292604,313.39081855537404,-64.7083290645715,0.018154999241232872,0.018154999241232872,0.013797000050544739,0.01623300090432167,17.073458,0.012445000000298023,0.007400000002235174,14.63315,0.00860000029206276,0.6334490180015564,99.99,9.989999771118164,99.98999786376953,99.99,9.989999771118164,99.98999786376953,99.99,9.989999771118164,99.98999786376953,6.107554912567139,2.668221950531006,0.8799999952316284,0.44163599610328674,2171600.0,767823.0,136467890.0,5.6080098152160645,9.0,3.0,6.0,3.0,0.0,0.0,0.0,2.0,47955.512993,0.058398812316141184
239,14.311585,-71.504509,5.115903856582834,5.116285524665617,14.628285696522664,14.627619991721676,0.0,15677.973206635035,2403.687625234761,0.0,15677.973206635035,2486.4176747856163,0.0,15677.973206635035,2565.62699986042,0.0,0.5187307186009749,4.8556,5.374330718600975,0.1100155401414095,0.8620902302013818,4.690690774213028,5.55278100441441,0.1833044119352447,1.107425704003388,1294.6758495975923,0.0,0.0006804060376097,3.619271340931873,4.201305103898974,,,,0,14.311645510436103,-71.50450587621083,302.27337071813616,-45.61631843896298,315.19645094116515,-64.32758383813125,0.007269000168889761,0.007269000168889761,0.031881000846624374,0.02241400070488453,17.427513,0.0052109998650848866,0.05267399922013283,14.657799,0.0025679999962449074,0.1036899983882904,99.99,9.989999771118164,99.98999786376953,99.99,9.989999771118164,99.98999786376953,99.99,9.989999771118164,99.98999786376953,1.171157956123352,-0.003788999980315566,0.7092310190200806,0.08611200004816055,2171415.0,765844.0,136519818.0,15.961621284484863,19.0,3.0,12.0,7.0,0.0,0.0,0.0,2.0,47752.69131,0.07001366599748762
240,14.338515,-72.110527,4.798448368162469,4.794392735139909,14.698178309912535,14.698279931180744,0.0,133863.05247271032,3311.3208807381698,0.0,133863.05247271032,3408.2283764678073,0.0,133863.05247271032,3500.7183172604327,0.0,0.6389389722113172,4.490489197417062,5.12942816962838,0.1445924278168711,1.0080832208150063,4.3085950124898895,5.316678233304896,0.2286754872852796,1.329240224860924,1064.6721323050128,1.0,0.0430277669430441,3.6187174012954713,4.171307879992381,,,,0,14.338533614454077,-72.11049123171534,302.2893326406265,-45.0103789116847,313.9479596942821,-64.60635372470995,0.008576000109314919,0.008576000109314919,0.010351999662816525,0.011718999594449997,17.58511,0.011744000017642975,0.0218260008841753,14.800673,0.005450999829918146,0.07212100178003311,99.99,9.989999771118164,99.98999786376953,99.99,9.989999771118164,99.98999786376953,99.99,9.989999771118164,99.98999786376953,1.3876359462738037,-0.0498180016875267,0.9900000095367432,0.3636949956417084,2171426.0,767435.0,136468458.0,45.8052978515625,11.0,3.0,6.0,5.0,0.0,0.0,0.0,2.0,47955.242807,0.1304008265350947
241,14.347047,-72.02668,18.03347932538551,18.025245314620214,13.260426493840471,13.26046315807462,0.0,204396.5222784818,4668.452479170572,0.0,204396.5222784818,4783.308694039178,0.0,204396.5222784818,4892.6129757093,0.0,1.9014903495202768,17.088958253211857,18.990448602732133,0.1144749013657566,2.775471592573737,16.733184645608503,19.50865623818224,0.1669570235767832,4.245489726649938,1009.2678406785908,0.0,0.0416466309944123,3.8260120925073937,4.078238259389327,,,,1,14.347082427300867,-72.02660257342056,302.28173662985347,-45.094137119241985,314.12623134715767,-64.57182328200206,0.018776999786496162,0.018776999786496162,0.024707000702619553,0.016721999272704124,13.627869,0.015776999294757843,0.004253999795764685,99.99,9.989999771118164,99.98999786376953,99.99,9.989999771118164,99.98999786376953,99.99,9.989999771118164,99.98999786376953,99.99,9.989999771118164,99.98999786376953,0.5723329782485962,0.04233299940824509,99.98999786376953,0.3004480004310608,2171433.0,767043.0,136469859.0,62.08537673950195,3.0,1.0,3.0,0.0,0.0,0.0,0.0,-1.0,47955.1049184,0.28150027700815117
242,14.37155,-72.161362,13.727203426256754,13.722646409325188,13.556278441352513,13.556188908203284,0.0,20229.613589966244,2988.4174882787675,0.0,20229.613589966244,3080.5346055839454,0.0,20229.613589966244,3168.5370968895736,0.0,0.7882500624487587,13.345726887187926,14.133976949636684,0.0623509713731937,1.1738976313706662,13.138527562704173,14.312425194074835,0.0928396278678675,1.647348481301881,747.2710736461493,1.0,0.1801451063448329,3.783852879881655,4.02628001400403,,,,0,14.371589091590497,-72.1613125522232,302.27736364957804,-44.95925199241095,313.85169659787084,-64.63771411718932,0.023726999759674072,0.023726999759674072,0.0030320000369101763,0.0250840000808239,14.941407,0.019381999969482422,0.005320999771356583,99.99,9.989999771118164,99.98999786376953,99.99,9.989999771118164,99.98999786376953,99.99,9.989999771118164,99.98999786376953,99.99,9.989999771118164,99.98999786376953,0.8044999837875366,-0.061000000685453415,99.98999786376953,0.4311619997024536,2171426.0,767435.0,136468426.0,89.84861755371094,2.0,1.0,2.0,0.0,0.0,0.0,0.0,-1.0,47955.1152852,0.18315789372563954
243,14.385288,-72.100685,5.027818933721832,5.025047059618861,14.647519517106334,14.64719627136417,0.0,57130.29758084052,3333.4478375987833,0.0,57130.29758084052,3430.674854034035,0.0,57130.29758084052,3523.4641130618497,0.0,0.6820795397162147,4.686937171780842,5.369016711497057,0.1478037286358322,1.080797528328569,4.48848041811443,5.569277946442999,0.2342419332218046,1.4223315782087995,1.8666603501721335,1.0,0.2151372782334708,3.6080008752633743,4.288556970907905,,,,0,14.385303326178956,-72.1006456481421,302.2685554625179,-45.01974476102993,313.9832937547934,-64.61495175605214,0.009941999800503254,0.009941999800503254,0.010758999735116959,0.01066299993544817,17.540613,0.013166000135242939,0.027859000489115715,14.592828,0.007949000224471092,0.08896899968385696,99.99,9.989999771118164,99.98999786376953,99.99,9.989999771118164,99.98999786376953,99.99,9.989999771118164,99.98999786376953,2.3559999465942383,0.13133299350738525,0.9300000071525574,0.4016779959201813,2171426.0,767435.0,136468459.0,60.11882019042969,9.0,3.0,5.0,4.0,0.0,0.0,0.0,2.0,47955.249306,0.1426779921103737
244,14.391292,-72.070297,7.619301590943476,7.185606074425774,14.2291578102584,14.258841772392978,0.0,1619737.972457043,4172.987038496657,0.0,1619737.972457043,4281.638230685299,0.0,1619737.972457043,4385.129556322231,0.0,5.725047971341462,5.2806859922641625,11.005733963605625,0.7975288363188575,6.378093851727894,5.042722876858924,11.420816728586818,0.8873640242997229,8.567407350237097,39.36777543649288,0.0,0.5234675054598541,3.7159697800108624,4.175404433816001,,,,1,14.391276874482964,-72.07023750614495,302.2645109748274,-45.050073993814806,314.04889733164464,-64.60325902868449,0.011469000019133091,0.011469000019133091,0.003312000073492527,0.00417400011792779,16.590496,0.01414399966597557,0.009933000430464745,14.467083,0.026342999190092087,0.07424499839544296,99.99,9.989999771118164,99.98999786376953,99.99,9.989999771118164,99.98999786376953,99.99,9.989999771118164,99.98999786376953,1.8773330450057983,0.026499999687075615,0.9900000095367432,0.36586400866508484,2171437.0,767043.0,136469830.0,49.522151947021484,6.0,3.0,4.0,2.0,0.0,0.0,0.0,2.0,47955.254201,0.21483287124008424
245,14.408075,-72.058754,5.44288215551366,5.443123552304306,14.561197872167387,14.560336467981056,0.0,316662.3899222151,4568.968355339138,0.0,316662.3899222151,4682.606124763577,0.0,316662.3899222151,4790.768941990978,0.0,0.6436819414581372,5.1173364148218194,5.761018356279957,0.1284831758589248,0.979881766550287,4.965428247655666,5.945310014205953,0.1955420707217747,1.3794163413981968,778.4000436378727,0.0,0.0557720709825035,3.620660938002753,4.297691431838242,,,,0,14.408140322660097,-72.05869300751115,302.2566105517274,-45.061436015905514,314.0783973700855,-64.60285227235201,0.012594999745488167,0.012594999745488167,0.002696000039577484,0.031387001276016235,17.409195,0.012993000447750092,0.009665999561548233,14.544855,0.04224200174212456,0.022557999938726425,99.99,9.989999771118164,99.98999786376953,99.99,9.989999771118164,99.98999786376953,99.99,9.989999771118164,99.98999786376953,3.134143114089966,0.10971400141716003,0.15000000596046448,0.3628099858760834,2171437.0,767043.0,136469830.0,32.68805694580078,7.0,3.0,5.0,2.0,0.0,0.0,0.0,2.0,47955.231150,0.2312137303026373
246,14.44261,-72.705765,26.088973578016628,26.07972956903072,12.859028413922974,12.859330898400096,0.0,67184.49877576019,3006.526880489723,0.0,67184.49877576019,3098.9193107321003,0.0,67184.49877576019,3187.1797025829665,0.0,1.1424848003184174,25.53941519968158,26.6819,0.0477847723005595,1.7730999703762045,25.2528104472828,27.02591041765901,0.0734985275653183,2.5503581400931488,339.0452454129271,0.0,0.2066419702215675,3.835279918219984,4.254654567214556,,,,0,14.442577456433856,-72.70576450822671,302.2731336832924,-44.41438703853834,312.7191523623528,-64.8901942828293,0.022237999364733696,0.022237999364733696,0.01633100025355816,0.017500000074505806,13.946445,0.011920999735593796,0.01013300009071827,99.99,9.989999771118164,99.98999786376953,99.99,9.989999771118164,99.98999786376953,99.99,9.989999771118164,99.98999786376953,99.99,9.989999771118164,99.98999786376953,1.1180000305175781,-0.04924999922513962,99.98999786376953,0.35583698749542236,2174317.0,768207.0,136380172.0,47.960201263427734,4.0,1.0,4.0,0.0,0.0,0.0,0.0,-1.0,48051.801362,0.0348732123649876
247,14.472133,-72.412888,9.442175546002446,8.342032422087925,14.055102657391828,14.096583315506743,0.0,2867134.0662363423,3019.605679971904,0.0,2867134.0662363423,3112.1964289391717,0.0,2867134.0662363423,3200.642596877972,0.0,12.297844031747536,4.784284582637041,17.08212861438458,1.381410335158698,13.489236233885144,4.46064919260965,17.949885426494795,1.511921433323268,14.875665731296628,33.027723541418425,0.0,0.6182160208548342,3.697498166248082,4.008224192431611,,,,0,14.472179253291356,-72.41284064607554,302.24636916133034,-44.70682410810564,313.35186661691506,-64.77408030790934,0.02049100026488304,0.02049100026488304,0.008902999572455883,0.011277000419795513,14.463056,0.015874000266194344,0.006444999948143959,99.99,9.989999771118164,99.98999786376953,99.99,9.989999771118164,99.98999786376953,99.99,9.989999771118164,99.98999786376953,99.99,9.989999771118164,99.98999786376953,1.0440000295639038,-0.08933299779891968,99.98999786376953,0.44534000754356384,2174432.0,767823.0,136467774.0,3.9420480728149414,3.0,1.0,3.0,0.0,0.0,0.0,0.0,-1.0,47955.1050549,0.17774357719977216
248,14.472561,-72.083511,3.3198759996078184,3.318563085977412,15.098909500476031,15.097781030233088,0.0,135028.90794291644,4077.4953323434584,0.0,135028.90794291644,4184.909001812222,0.0,135028.90794291644,4287.241009164215,0.0,0.6139356990755345,3.0074602767087057,3.62139597578424,0.201413789837181,0.9367153700389874,2.8520906881330212,3.7888060581720087,0.3087015565978834,1.2706975747099838,1.5266397019026052,0.0,0.2053364480159553,3.608513883384824,4.11288274465806,,,,0,14.47261200265829,-72.08345261969579,302.2297539828014,-45.03600162741254,314.0468041631944,-64.63154936663432,0.007973000407218933,0.007973000407218933,0.012883000075817108,0.019318999722599983,18.017313,0.01207400020211935,0.024313999339938164,15.043336,0.004906000103801489,0.06795000284910202,99.99,9.989999771118164,99.98999786376953,99.99,9.989999771118164,99.98999786376953,99.99,9.989999771118164,99.98999786376953,1.7084170579910278,-0.042417000979185104,0.8799999952316284,0.45377400517463684,2171437.0,767435.0,136468463.0,42.032379150390625,12.0,3.0,6.0,6.0,0.0,0.0,0.0,2.0,47955.244835,0.21762694960538922
249,14.481763,-72.422295,3.854078449388827,3.853209278694168,14.936285257255625,14.935349876601345,0.0,12092.224336823709,2985.399223854411,0.0,12092.224336823709,3077.4703741644907,0.0,12092.224336823709,3165.429805725759,0.0,0.5519803998949255,3.5819761563177908,4.133956556212716,0.1557531267112608,0.8276728867660808,3.437945926323499,4.26561881308958,0.233875888240135,1.2057581759514728,33.062291734746566,0.0,0.1512336884366855,3.601686232985708,4.107925145431199,,,,0,14.48181713119826,-72.42224914587973,302.24274349023295,-44.69731858518718,313.33483531265375,-64.780737826232,0.009914999827742577,0.009914999827742577,0.010723999701440334,0.02770799957215786,18.033728,0.012605000287294388,0.013881999999284744,15.061856,0.005253999959677458,0.07398200035095215,99.99,9.989999771118164,99.98999786376953,99.99,9.989999771118164,99.98999786376953,99.99,9.989999771118164,99.98999786376953,2.611999988555908,-0.07625000178813934,0.8999999761581421,0.4471459984779358,2174432.0,767823.0,136467772.0,21.079809188842773,12.0,3.0,6.0,6.0,0.0,0.0,0.0,2.0,47955.556686,0.1752517538654156
250,14.487046,-73.562134,14.853985689341112,14.832682341737264,13.472830479654071,13.471924123323353,0.0,499135.3549878023,3019.605679971904,0.0,499135.3549878023,3112.1964289391717,0.0,499135.3549878023,3200.642596877972,0.0,3.1341033247340224,13.306425708207945,16.440529032941967,0.2300032254108508,4.0808427911227785,12.730358849722505,16.811201640845283,0.302131541520497,5.704787782293916,1075.861085924946,0.0,0.6493924002746425,3.656657929931996,4.718310038867891,,,,0,14.487017183956521,-73.56216676296104,302.29646857346825,-43.55805235545824,310.87464925849116,-65.24962095100517,0.026107000187039375,0.026107000187039375,0.013821999542415142,0.04375100135803223,16.125341,0.006140999961644411,0.069132000207901,13.289865,0.019713999703526497,0.5349149703979492,99.99,9.989999771118164,99.98999786376953,99.99,9.989999771118164,99.98999786376953,99.99,9.989999771118164,99.98999786376953,4.897500038146973,-0.20362499356269836,0.03999999910593033,0.08766300231218338,2174290.0,770066.0,136371742.0,75.32270812988281,8.0,3.0,5.0,3.0,0.0,0.0,0.0,2.0,48143.880884,0.12154481698594204
251,14.506239,-72.594238,19.351881576198732,19.347770721927382,13.183354959770408,13.183276890502256,0.0,34305.03711003413,3001.496527091635,0.0,34305.03711003413,3093.812565384088,0.0,34305.03711003413,3182.0013967250784,0.0,0.8396734410786664,18.93274650051901,19.772419941597676,0.046999999999997,1.318970273724272,18.684237720837093,20.003207994561365,0.0741048585260752,1.8366398178564367,331.0520647448243,0.0,0.1634254690679815,3.846035590963287,4.104932065589361,,,,0,14.50628035465168,-72.59421708781231,302.2410357951479,-44.52519781727147,312.97629957431354,-64.86047853477255,0.014303999952971935,0.014303999952971935,0.015745999291539192,0.005032000131905079,14.802366,0.011373000219464302,0.010838000103831291,13.904162,0.02855999954044819,0.10422100126743317,13.558343,0.2296379953622818,99.98999786376953,99.99,9.989999771118164,99.98999786376953,13.473931,0.05060100182890892,0.08009500056505203,4.3207502365112305,1.2130000591278076,0.0,0.4092319905757904,2174306.0,768207.0,136380306.0,26.329347610473633,12.0,3.0,6.0,3.0,1.0,0.0,2.0,2.0,48051.32448,0.08746991787283089
252,14.507126,-72.326561,15.10790151627895,15.105816555686964,13.452204280951907,13.452000000000002,0.0,23891.591075857803,3004.5147421985457,0.0,23891.591075857803,3096.8766233815495,0.0,23891.591075857803,3185.1083982578903,0.0,0.8176187569539746,14.696874226763455,15.51449298371743,0.0589999999999992,1.303828507630291,14.45697162762098,15.76080013525127,0.0932218893719287,1.7959575717677456,313.80616848336103,1.0,0.1628676042054268,3.7910110671443737,4.2026229611160115,,,,1,14.507224117474555,-72.32652517219442,302.2270999984263,-44.79270629209091,313.5453805805276,-64.7466169088731,0.017878999933600426,0.017878999933600426,0.016746999695897102,0.005044000223278999,14.516026,0.015835000202059746,0.00878200028091669,99.99,9.989999771118164,99.98999786376953,99.99,9.989999771118164,99.98999786376953,99.99,9.989999771118164,99.98999786376953,99.99,9.989999771118164,99.98999786376953,0.8813329935073853,-0.0606670007109642,99.98999786376953,0.41999098658561707,2171424.0,767823.0,136467936.0,46.165714263916016,3.0,1.0,3.0,0.0,0.0,0.0,0.0,-1.0,47955.1050457,0.1677358861867515
253,14.558781,-71.969238,3.9143861383424063,3.912126408142502,14.919878798278363,14.919041119465884,0.0,20954.010243802903,4604.140109930453,0.0,20954.010243802903,4718.210152106387,0.0,20954.010243802903,4826.777930859483,0.0,0.6951317386597089,3.567628908188841,4.26276064684855,0.1931396495552384,1.0446614030328818,3.38525367341957,4.429915076452452,0.2924000000000006,1.3558221726492712,1326.4646367966368,0.0,3.380294800714445e-05,3.6103330924516537,4.145090877137701,,,,0,14.558832982222581,-71.96919180633482,302.18619383929325,-45.14921706247734,314.31353953131105,-64.60526258893054,0.008987000212073326,0.008987000212073326,0.006564000155776739,0.023917000740766525,17.817402,0.013167999684810638,0.015490000136196613,14.899799,0.006053999997675419,0.08354099839925766,99.99,9.989999771118164,99.98999786376953,99.99,9.989999771118164,99.98999786376953,99.99,9.989999771118164,99.98999786376953,2.140000104904175,0.07045499980449677,0.4699999988079071,0.2876180112361908,2171435.0,767043.0,136469878.0,21.624507904052734,11.0,3.0,6.0,5.0,0.0,0.0,0.0,2.0,47955.118244,0.17609635513919816
254,14.596641,-72.359787,44.46180030675705,44.44887053795084,12.280205120741368,12.28052067901202,0.0,165380.67943333983,3014.5753928363965,0.0,165380.67943333983,3107.0899165999117,0.0,165380.67943333983,3195.464680167087,0.0,2.122832789183768,43.4027533243371,45.525586113520866,0.0520000000000013,3.0798851637451747,42.97138112301395,46.05126628675912,0.0751246345092884,4.862547483746951,911.0163443957504,0.0,0.2820073342791296,3.8764894023086462,4.580853107727323,,,,0,14.596733372581923,-72.35975149833739,302.19061364227247,-44.75849743389036,313.5023370430983,-64.78540297618804,0.017869999632239342,0.017869999632239342,0.009352999739348888,0.013399999588727951,12.86076,0.01581300050020218,0.010533000342547894,99.99,9.989999771118164,99.98999786376953,99.99,9.989999771118164,99.98999786376953,99.99,9.989999771118164,99.98999786376953,99.99,9.989999771118164,99.98999786376953,0.8843330144882202,-0.01866699941456318,99.98999786376953,0.4237549901008606,2171424.0,767823.0,136467905.0,64.03275299072266,3.0,1.0,3.0,0.0,0.0,0.0,0.0,-1.0,47955.1050496,0.16275617013448543
255,14.689378,-72.276627,3.912569467690765,3.9131558866017175,14.920006245770232,14.918836026624811,0.0,11055.674011847404,2986.405313027574,0.0,11055.674011847404,3078.4917882655923,0.0,11055.674011847404,3166.4655755060435,0.0,0.5861533574836146,3.616509757188642,4.202663114672257,0.1631845259508839,0.8948350613705851,3.4590067853555406,4.353841846726126,0.2496736939080897,1.2325629230811035,390.8969452457893,0.0,0.0494684223434535,3.603787434942212,4.102869535733535,,,,0,14.689453897000968,-72.27661364274756,302.14638132184047,-44.84047246378756,313.7069379285113,-64.77516030683896,0.009159999899566174,0.009159999899566174,0.007930000312626362,0.030619999393820763,18.35076,0.013659000396728516,0.021688999608159065,15.124502,0.006304999813437462,0.1031619980931282,99.99,9.989999771118164,99.98999786376953,99.99,9.989999771118164,99.98999786376953,99.99,9.989999771118164,99.98999786376953,2.917665958404541,-0.027249999344348907,0.9599999785423279,0.5355010032653809,2171427.0,767823.0,136467954.0,36.54952621459961,12.0,3.0,6.0,6.0,0.0,0.0,0.0,2.0,47955.403167,0.09607639441284016
256,14.71651,-72.348312,3.380664815330212,3.376,15.078985227980803,15.079000000000002,0.0,10712.043382138643,2993.447908376258,0.0,10712.043382138643,3085.641585476637,0.0,10712.043382138643,3173.7157944591713,0.0,0.5669869861636712,3.1048605104252687,3.67184749658894,0.1825000890435149,0.8793709423091016,2.955907908935422,3.835278851244523,0.2825882695641724,1.2294161500899603,407.7610825909098,0.0,0.0557345371359339,3.606482004994043,4.136842381310022,,,,0,14.716559895404457,-72.34830257659026,302.13886076426263,-44.76850959745128,313.5631455940136,-64.8133332922795,0.009813999757170677,0.009813999757170677,0.008798000402748585,0.03344399854540825,17.9131,0.012736000120639801,0.04157700017094612,14.944186,0.00596599979326129,0.05968499928712845,99.99,9.989999771118164,99.98999786376953,99.99,9.989999771118164,99.98999786376953,99.99,9.989999771118164,99.98999786376953,2.938416004180908,-0.18708300590515137,0.8999999761581421,0.4053179919719696,2171424.0,767823.0,136467823.0,44.51327896118164,12.0,3.0,6.0,6.0,0.0,0.0,0.0,2.0,47955.556914,0.06416797912965841
257,14.722887,-72.360008,15.832821996750274,15.829045959396872,13.40131324593878,13.40130760768129,0.0,26614.369704475932,2997.47222594308,0.0,26614.369704475932,3089.7271042973166,0.0,26614.369704475932,3177.8586438026578,0.0,0.8413780947529688,15.43141148634324,16.27278958109621,0.0579540774024032,1.2437374942707322,15.2315921103498,16.475329604620534,0.0846337957212437,1.8166161138685128,327.05748069780094,0.0,0.131106705063391,3.8667105994637736,4.1758925745156645,,,,0,14.722965430072826,-72.35997878751725,302.1367974519607,-44.756764047647174,313.5402857152725,-64.82007756172528,0.01791599951684475,0.01791599951684475,0.0047149998135864735,0.019670000299811363,14.209684,0.015943000093102455,0.005472999997437,99.99,9.989999771118164,99.98999786376953,99.99,9.989999771118164,99.98999786376953,99.99,9.989999771118164,99.98999786376953,99.99,9.989999771118164,99.98999786376953,1.398332953453064,-0.16766700148582458,99.98999786376953,0.40404701232910156,2171424.0,767823.0,136467821.0,68.79552459716797,3.0,1.0,3.0,0.0,0.0,0.0,0.0,-1.0,47955.1050495,0.13557446894134528
258,14.727953,-72.849892,6.0793817396460845,6.080403898138416,14.440983012848202,14.44028868800366,0.0,23674.137288148264,3002.5025998173137,0.0,23674.137288148264,3094.8339216485506,0.0,23674.137288148264,3183.037069912756,0.0,0.648168627020496,5.759558309632586,6.4077269366530825,0.1156433722441967,0.9649808877351508,5.59286317968892,6.557844067424071,0.17275016132219,1.3785041106998532,263.51425290419854,0.0,0.0964785960890062,3.6100710833289984,4.2811125123817275,,,,0,14.727923854793538,-72.8499392481498,302.16264275680373,-44.267148097546574,312.4923422159668,-65.02696937784933,0.013189000077545643,0.013189000077545643,0.04787199944257736,0.01448499970138073,17.367868,0.00954500027000904,0.015301999635994434,14.417825,0.005051999818533659,0.04756699874997139,99.99,9.989999771118164,99.98999786376953,99.99,9.989999771118164,99.98999786376953,99.99,9.989999771118164,99.98999786376953,1.5099999904632568,0.020111000165343285,0.3700000047683716,0.2673029899597168,2174313.0,768587.0,136379674.0,20.356929779052734,9.0,3.0,7.0,2.0,0.0,0.0,0.0,2.0,48051.268443,0.1728842855454945
259,14.729435,-72.552078,15.292213243082085,15.116393884192972,13.441742217735069,13.451535263567871,0.0,508462.3701262302,3019.605679971904,0.0,508462.3701262302,3112.1964289391717,0.0,508462.3701262302,3200.642596877972,0.0,3.328634919014645,13.810264881732602,17.138899800747247,0.2343708019812229,3.838023535802602,13.6144564641974,17.45248,0.2696408164639532,4.71179047010698,38.08463909978358,0.0,0.2374827907300403,3.707664505144991,4.12727020638415,,,,0,14.729509339599655,-72.55208017407489,302.1450348072787,-44.56474190037255,313.13272025216276,-64.90333048491722,0.012013999745249748,0.012013999745249748,0.008318999782204628,0.022662000730633736,17.002167,0.013295999728143215,0.017552999779582024,14.767288,0.011064000427722931,0.1285340040922165,13.775473,0.021190999075770378,99.98999786376953,99.99,9.989999771118164,99.98999786376953,99.99,9.989999771118164,99.98999786376953,6.972500801086426,0.30090001225471497,0.8600000143051147,0.3583579957485199,2174435.0,768207.0,136380353.0,87.11522674560547,10.0,3.0,5.0,4.0,1.0,0.0,0.0,2.0,48051.13753,0.08062441383068748
260,14.733524,-71.976097,4.220781178153397,4.223058807703153,14.837951236988951,14.83603638363463,0.0,21156.850200558605,4621.223295705127,0.0,21156.850200558605,4735.502700272427,0.0,21156.850200558605,4844.266613934494,0.0,0.6929026013382065,3.8690161312892832,4.56191873262749,0.1790475949639844,1.1360329838438807,3.626622623930564,4.762655607774445,0.2961163718503918,1.4509327557547818,7.052042097335458,0.0,0.2422603697972456,3.613794345186224,4.027336382363594,,,,0,14.733620979608045,-71.97607128725669,302.1099455903168,-45.14021477557985,314.35460160190604,-64.65687408384179,0.014736000448465347,0.014736000448465347,0.00822800025343895,0.02921300008893013,18.036037,0.02271299995481968,0.000526999996509403,15.148467,0.006717999931424856,0.009151999838650227,99.99,9.989999771118164,99.98999786376953,99.99,9.989999771118164,99.98999786376953,99.99,9.989999771118164,99.98999786376953,1.3107500076293945,-0.09449999779462814,99.98999786376953,0.2936969995498657,2171434.0,766648.0,136513545.0,89.73584747314453,4.0,1.0,2.0,2.0,0.0,0.0,0.0,-1.0,47856.1063134,0.1422594933345915
261,14.739664,-72.288078,5.567059359219359,5.565018911391315,14.536596734004515,14.536380091678744,0.0,11629.01663597738,2978.3565707053353,0.0,11629.01663597738,3070.320373701738,0.0,11629.01663597738,3158.1792473234714,0.0,0.6253533230752728,5.262905500956684,5.888258824031957,0.1219025576793946,0.9531528599276848,5.101700380451619,6.054853240379304,0.1862327165636035,1.2975965106318157,807.4406773466732,1.0,0.0168639140198465,3.619826397713927,4.00170096099899,,,,0,14.739747530006841,-72.2880534709493,302.12547128540314,-44.82842024733183,313.69811799495125,-64.79389570845316,0.008700000122189522,0.008700000122189522,0.008516999892890453,0.023889999836683273,18.025934,0.01312199980020523,0.021900000050663948,15.210043,0.006378000136464834,0.05246699973940849,14.744791,0.026776999235153198,99.98999786376953,99.99,9.989999771118164,99.98999786376953,99.99,9.989999771118164,99.98999786376953,2.9285380840301514,0.002308000111952424,0.9900000095367432,0.495263010263443,2171427.0,767823.0,136467930.0,46.89649963378906,13.0,3.0,6.0,6.0,1.0,0.0,0.0,2.0,47955.399199,0.12715021410835153
262,14.775518,-71.783722,4.500764584469211,4.498536655425109,14.768042068577618,14.767555478352232,0.0,241542.5357849748,4713.670821024387,0.0,241542.5357849748,4829.076560178817,0.0,241542.5357849748,4938.895648404581,0.0,0.7028752699757179,4.15207564961055,4.854950919586268,0.1697966314877508,1.0984499962722398,3.9449798911782046,5.043429887450444,0.2666655766845274,1.4431461399173449,248.21745838694383,0.0,0.0606379691876979,3.614334824858832,4.200527671971228,,,,0,14.775522255039798,-71.78372833471005,302.0800395356507,-45.33184497199726,314.7707512640692,-64.58372586834963,0.012098999693989754,0.012098999693989754,0.029715999960899353,0.1110130026936531,17.769222,0.011884000152349472,0.002739999908953905,14.803101,0.0062489998526871204,0.6180899739265442,99.99,9.989999771118164,99.98999786376953,99.99,9.989999771118164,99.98999786376953,99.99,9.989999771118164,99.98999786376953,4.3393330574035645,0.1002499982714653,0.7900000214576721,0.24126799404621124,2171443.0,766648.0,136513722.0,13.228636741638184,12.0,3.0,6.0,6.0,0.0,0.0,0.0,2.0,47856.283380,0.02330227436611944
263,14.804474,-72.377014,6.930233084303426,6.927,14.298595253681407,14.298895525503449,0.0,14020.42061117208,2988.4174882787675,0.0,14020.42061117208,3080.5346055839454,0.0,14020.42061117208,3168.5370968895736,0.0,0.6048843806984827,6.629536023507132,7.234420404205615,0.0951221282380831,0.9798795192044744,6.458305847055332,7.438185366259806,0.153510025377944,1.3704739117246936,28.972579201002876,1.0,0.191380568485122,3.617337888135071,4.010511251504701,,,,0,14.804498529336593,-72.37699298678162,302.1030526544936,-44.73873625823165,313.52885336922606,-64.84967041986337,0.007563000079244375,0.007563000079244375,0.00803999975323677,0.028365999460220337,18.214405,0.012590999715030193,0.04925199970602989,15.441772,0.005762000102549791,0.08627499639987946,14.143658,0.011637000367045403,0.03715800121426582,13.67214,0.0185100007802248,99.98999786376953,99.99,9.989999771118164,99.98999786376953,2.8195629119873047,-0.02768700011074543,0.7599999904632568,0.3746809959411621,2174224.0,767823.0,136467824.0,30.303112030029297,16.0,3.0,6.0,6.0,3.0,1.0,0.0,2.0,47955.576413,0.08023280876054475
264,14.821316,-71.810242,4.09716279347252,4.096118780762001,14.869829517278252,14.869039774154327,0.0,29180.855940285197,4745.825446733831,0.0,29180.855940285197,4861.6203490681055,0.0,29180.855940285197,4971.804014388369,0.0,0.5734960075894637,3.808042458590388,4.381538466179852,0.1524906020656171,0.9208127808266982,3.639889298301472,4.56070207912817,0.2447613148594385,1.164225651796059,1.3008081538966354,0.0,0.1832232700230693,3.6030757205981834,4.0467785584575235,,,,1,14.821362616969363,-71.81026721674213,302.0613097457597,-45.30471720386956,314.7300842156626,-64.60832270051377,0.009531999938189983,0.009531999938189983,0.005859999917447567,0.023646000772714615,17.732101,0.016845999285578728,0.023000000044703484,15.141092,0.005462000146508217,0.10837700217962265,99.99,9.989999771118164,99.98999786376953,14.34796,0.055066999047994614,99.98999786376953,99.99,9.989999771118164,99.98999786376953,1.5238749980926514,0.0008750000270083547,0.7599999904632568,0.25449898838996887,2171441.0,766648.0,136513713.0,27.285734176635742,8.0,3.0,3.0,4.0,0.0,1.0,0.0,2.0,47856.829196,0.10481194955492826
265,14.872271,-72.330978,6.88500377900932,6.885785375934021,14.305739612206276,14.305,0.0,13693.144019295238,2997.47222594308,0.0,13693.144019295238,3089.7271042973166,0.0,13693.144019295238,3177.8586438026578,0.0,0.6350236175658335,6.560803031920906,7.195826649486739,0.1000000000000049,0.9897001352720398,6.391966637670385,7.381666772942425,0.156452425992386,1.4005481343808723,29.288948814018465,0.0,0.1781376786797082,3.6184408712790006,4.198508867806062,,,,0,14.872274114633317,-72.33095014248028,302.0713381105974,-44.78384669032864,313.6474603223234,-64.84864450118752,0.012423999607563019,0.012423999607563019,0.007544999942183495,0.017552999779582024,17.667492,0.014209999702870846,0.05180700123310089,14.755424,0.010027999989688396,0.10470700263977051,99.99,9.989999771118164,99.98999786376953,99.99,9.989999771118164,99.98999786376953,99.99,9.989999771118164,99.98999786376953,3.4332220554351807,0.0718889981508255,0.27000001072883606,0.36715999245643616,2171424.0,767823.0,136467836.0,77.60641479492188,9.0,3.0,5.0,4.0,0.0,0.0,0.0,2.0,47955.578217,0.10034479923517303
266,14.916991,-72.226891,27.21510762653531,27.211,12.813151251676004,12.813232816605884,0.0,174743.87018729455,3001.496527091635,0.0,174743.87018729455,3093.812565384088,0.0,174743.87018729455,3182.0013967250784,0.0,1.3274112681412156,26.550913599928155,27.87832486806937,0.0530739469553385,2.0245604588676684,26.184476667526376,28.209037126394044,0.0810955547776792,2.875859858744626,22.113931934956828,0.0,0.3577860863937359,3.836394586263227,4.3851850264266155,,,,0,14.91705726585873,-72.22685212464353,302.04559195106714,-44.88723369420428,313.8824375183569,-64.81644683268587,0.021703999489545822,0.021703999489545822,0.013663999736309052,0.0023240000009536743,13.605762,0.019454000517725945,0.013744000345468521,99.99,9.989999771118164,99.98999786376953,99.99,9.989999771118164,99.98999786376953,99.99,9.989999771118164,99.98999786376953,99.99,9.989999771118164,99.98999786376953,1.2599999904632568,-0.006000000052154064,99.98999786376953,0.7420660257339478,2171425.0,767436.0,136511650.0,99.76776123046875,2.0,1.0,2.0,0.0,0.0,0.0,0.0,-1.0,47856.1000405,0.15776249423319202
267,14.925954,-72.163506,3.022927252221098,3.03091743757866,15.202432483603072,15.196125340510669,0.0,63225.72717331464,2986.405313027574,0.0,63225.72717331464,3078.4917882655923,0.0,63225.72717331464,3166.4655755060435,0.0,0.7751896958391136,2.6230026920569025,3.398192387896016,0.2808664556684626,1.2317923194933358,2.37786875419658,3.609661073689916,0.4534507876407332,1.6342656957404893,4.186100694205487,0.0,0.241983286554729,3.6030757205981834,4.214378558457524,,,,1,14.925976517301272,-72.16348394205326,302.03769733209646,-44.95041370573414,314.0195845305811,-64.791665958236,0.011536999605596066,0.011536999605596066,0.009987999685108662,0.021699000149965286,18.130676,0.01433899998664856,0.053164999932050705,14.865436,0.006953000091016293,0.1015779972076416,99.99,9.989999771118164,99.98999786376953,99.99,9.989999771118164,99.98999786376953,99.99,9.989999771118164,99.98999786376953,4.888000011444092,0.02563600055873394,0.9399999976158142,0.9988139867782593,2171438.0,767044.0,136512003.0,42.85429763793945,11.0,3.0,6.0,5.0,0.0,0.0,0.0,2.0,47856.767132,0.08319995563272047
268,15.005334,-72.48336,29.56386077486863,29.53718499573757,12.723263061611618,12.724048680726469,0.0,1109904.846061269,2977.350473258157,0.0,1109904.846061269,3069.2989305055467,0.0,1109904.846061269,3157.1434289517124,0.0,1.3235762208871904,28.947467004662386,30.271043225549572,0.0485552805450417,2.1101170121318447,28.60613946869907,30.71625648083091,0.0771487722182566,2.8672989213107805,217.2601491812757,0.0,0.1832755559832919,3.929856886615704,4.396702905481385,,,,0,15.005404974815992,-72.48338425972719,302.0245238998728,-44.629741853466676,313.3620552266364,-64.94962374879687,0.025193000212311745,0.025193000212311745,0.009903999976813793,0.0034799999557435513,13.761847,0.0193719994276762,0.008870000019669533,99.99,9.989999771118164,99.98999786376953,99.99,9.989999771118164,99.98999786376953,99.99,9.989999771118164,99.98999786376953,99.99,9.989999771118164,99.98999786376953,0.8395000100135803,0.007000000216066837,99.98999786376953,0.2614170014858246,2174224.0,768207.0,136380372.0,85.64277648925781,2.0,1.0,2.0,0.0,0.0,0.0,0.0,-1.0,48051.890672,0.11636841677027082
269,15.007992,-72.017464,16.772002958631827,16.77896429755102,13.338766201699384,13.338,0.0,82630.30103239564,3892.5262263186296,0.0,82630.30103239564,3997.500860180856,0.0,82630.30103239564,4097.547977012453,0.0,0.9769566586647862,16.263820295349834,17.24077695401462,0.0630136525224838,1.5282522479780545,15.953753211185886,17.48200545916394,0.0995008657576672,2.001922805086357,336.4580596344028,1.0,0.1457908054615019,3.7618795175621496,4.158911973696648,,,,0,15.008087967483268,-72.01743564877722,301.99244373791504,-45.095136040181266,314.3541426414658,-64.75125118665102,0.017938999459147453,0.017938999459147453,0.009530999697744846,0.015540000051259995,14.713972,0.015842000022530556,0.004786000121384859,99.99,9.989999771118164,99.98999786376953,99.99,9.989999771118164,99.98999786376953,99.99,9.989999771118164,99.98999786376953,99.99,9.989999771118164,99.98999786376953,0.8636670112609863,-0.07900000363588333,99.98999786376953,0.3057839870452881,2171436.0,767044.0,136512153.0,72.3266372680664,3.0,1.0,3.0,0.0,0.0,0.0,0.0,-1.0,47856.999996,0.1476262278734229
270,15.026778,-72.428185,4.373708407262455,4.373,14.798742992919788,14.798122741347257,0.0,10769.8111190355,2344.2844061177343,0.0,10769.8111190355,2425.9996699502126,0.0,10769.8111190355,2504.258440308519,0.0,0.5574578620402857,4.094172232420474,4.65163009446076,0.1386932459546859,0.8565101322034705,3.961564684588941,4.818074816792412,0.211565546578317,1.151959241353424,420.0763128305684,0.0,0.0523764891206324,3.607237523040355,4.218287197158831,,,,0,15.026848697919972,-72.42819268508286,302.01179345033694,-44.684567865772294,313.4866777214238,-64.93225339544576,0.010149000212550163,0.010149000212550163,0.0166229996830225,0.02300800010561943,17.928547,0.012485000304877758,0.02707199938595295,14.862787,0.005863000173121691,0.05717800185084343,99.99,9.989999771118164,99.98999786376953,99.99,9.989999771118164,99.98999786376953,99.99,9.989999771118164,99.98999786376953,3.0723330974578857,-0.0005000000237487257,0.8899999856948853,0.26006200909614563,2174224.0,768207.0,136380405.0,60.54161071777344,12.0,3.0,6.0,6.0,0.0,0.0,0.0,2.0,48051.1684,0.08166660252857251
271,15.054616,-72.334679,13.8716710313133,13.869450334169132,13.54489776729244,13.545079919290924,0.0,18663.789349695755,2362.4079619089794,0.0,18663.789349695755,2444.434179669483,0.0,18663.789349695755,2522.9842214438295,0.0,0.7781948405631134,13.491490156637068,14.269684997200182,0.0609200807090726,1.1915104506511511,13.304858885285746,14.496369335936896,0.0934324654031293,1.5708498069170955,87.92434457832002,1.0,0.1538095176390261,3.780616382737289,4.090426126171975,,,,1,15.054632313192092,-72.33467004541897,301.9936924403367,-44.77758314709327,313.69496475837707,-64.9003153951003,0.019315000623464584,0.019315000623464584,0.00888300035148859,0.016517000272870064,14.458676,0.015848999843001366,0.010166999883949757,99.99,9.989999771118164,99.98999786376953,99.99,9.989999771118164,99.98999786376953,99.99,9.989999771118164,99.98999786376953,99.99,9.989999771118164,99.98999786376953,0.8460000157356262,-0.06233299896121025,99.98999786376953,0.2997629940509796,2171425.0,767436.0,136511497.0,60.04509735107422,3.0,1.0,3.0,0.0,0.0,0.0,0.0,-1.0,47856.1000496,0.036834601811503505
272,15.056647,-72.352814,2.142746151391563,2.1420324315254415,15.575669907233364,15.572507599169407,0.0,7693.312201605755,2339.249999790241,0.0,7693.312201605755,2420.878672954099,0.0,7693.312201605755,2499.0563336924483,0.0,0.5268013017337878,1.8808799556033688,2.4076812573371567,0.2678881349876381,0.8577990831045226,1.7130498331045712,2.5708489162090937,0.4414745769888295,1.063572227960711,106.37327844255697,0.0,0.1269333643889363,3.6184408712790006,4.002108867806062,,,,0,15.056675567987716,-72.35279252062915,301.9940467736275,-44.75945182361509,313.6568859963583,-64.90856011567847,0.01109199970960617,0.01109199970960617,0.041439998894929886,0.1049560010433197,17.96634,0.012357999570667744,0.02437100000679493,15.17392,0.007464999798685312,0.02136100083589554,15.139345,0.07901600003242493,99.98999786376953,14.237521,0.14520099759101868,99.98999786376953,99.99,9.989999771118164,99.98999786376953,4.81585693359375,0.1878570020198822,0.8424999713897705,0.2905069887638092,2174226.0,767436.0,136511491.0,13.76674747467041,14.0,3.0,6.0,6.0,1.0,1.0,0.0,2.0,47856.818598,0.08337464039790482
273,15.098814,-72.631149,3.5551190552166037,3.552392099759095,15.023923788273356,15.023867441716886,0.0,9680.834443279502,2348.311904404474,0.0,9680.834443279502,2430.0963733968006,0.0,9680.834443279502,2508.4199683728193,0.0,0.4930018293245464,3.312019197224126,3.8050210265486726,0.1512074158500809,0.8025569286941163,3.151377136193958,3.9539340648880743,0.2459355727337051,1.0851650164348934,413.094558678338,0.0,0.0481405597868558,3.614334824858832,4.032527671971229,,,,0,15.098893229773676,-72.63117574328975,301.9951527291242,-44.480780157294575,313.07203161501485,-65.03678344603466,0.009929999709129333,0.009929999709129333,0.005834000185132027,0.016342999413609505,17.8967,0.011814000084996223,0.029051000252366066,15.106255,0.006835999898612499,0.04956600069999695,99.99,9.989999771118164,99.98999786376953,99.99,9.989999771118164,99.98999786376953,99.99,9.989999771118164,99.98999786376953,2.003000020980835,-0.08799999952316284,0.7599999904632568,0.22275300323963165,2174435.0,768587.0,136379892.0,90.05831909179688,11.0,3.0,6.0,5.0,0.0,0.0,0.0,2.0,48051.59754,0.12852613578927075
274,15.138538,-72.563477,3.655608900002475,3.654,14.993544354809238,14.993,0.0,8163.029017394079,2337.236226821829,0.0,8163.029017394079,2418.830237454395,0.0,8163.029017394079,2496.975429755906,0.0,0.4978342397264228,3.4060615972584674,3.90389583698489,0.1485052898305454,0.7439728323261998,3.2869592145090736,4.030932046835273,0.2218573040668179,1.025438546305717,371.87276652545665,0.0,0.0677311360494898,3.606984788095195,4.085936021920098,,,,0,15.13864881155989,-72.56349562275432,301.97382828245424,-44.54779326733529,313.2295549716829,-65.01947896295127,0.009345999918878078,0.009345999918878078,0.003097000066190958,0.01872199960052967,18.175455,0.014286999590694904,0.004666999913752079,15.163394,0.008729999884963036,0.0563029982149601,99.99,9.989999771118164,99.98999786376953,99.99,9.989999771118164,99.98999786376953,99.99,9.989999771118164,99.98999786376953,2.254625082015991,-0.03412500023841858,0.800000011920929,0.22169500589370728,2174435.0,768207.0,136380245.0,95.34671020507812,8.0,3.0,4.0,4.0,0.0,0.0,0.0,2.0,48051.57654,0.13705316673345366
275,15.145673,-72.366623,26.489668972989715,26.494102143299244,12.842437961496152,12.842298832710684,0.0,32401.154829542545,2360.3942571090374,0.0,32401.154829542545,2442.3859838718754,0.0,32401.154829542545,2520.903717803876,0.0,0.9420375825444935,26.03764076353253,26.97967834607702,0.0385786602666406,1.430952126771782,25.782809292115555,27.213761418887337,0.0586690483448073,2.1441384861996085,341.6556832967084,0.0,0.1878727253970246,3.6119185763327737,4.124994027725458,,,,0,15.14573782349916,-72.36662800128447,301.9570428834104,-44.7443099517952,313.654242541427,-64.93886844146712,0.009972999803721905,0.009972999803721905,0.01179100014269352,0.02266000024974346,17.812038,0.012462000362575054,0.029618000611662865,14.897659,0.005274999886751175,0.08280999958515167,99.99,9.989999771118164,99.98999786376953,99.99,9.989999771118164,99.98999786376953,99.99,9.989999771118164,99.98999786376953,4.443832874298096,0.036083001643419266,0.9700000286102295,0.25495898723602295,2174226.0,767824.0,136424110.0,69.83908081054688,12.0,3.0,6.0,6.0,0.0,0.0,0.0,2.0,47956.442278,0.07294877267696769
276,15.154256,-72.690392,4.659839896365566,4.658332643762989,14.72995189996069,14.729463901076196,0.0,14129.9907444831,2347.305032060203,0.0,14129.9907444831,2429.0722053674513,0.0,14129.9907444831,2507.3795994364827,0.0,0.5837688860288806,4.374484781426504,4.958253667455384,0.1358309987113735,0.957447489412516,4.198408354102767,5.155855843515283,0.2239459920739221,1.2846128661948848,592.5137531175794,0.0,0.0756806184334863,3.630232242889026,4.191030098129902,,,,0,15.154371018617923,-72.69043563175404,301.97611357683,-44.42077694621407,312.9602927959104,-65.07633772834274,0.011872000060975552,0.011872000060975552,0.008926000446081161,0.016594000160694122,17.628767,0.012419999577105045,0.029836999252438545,14.762959,0.009101999923586845,0.0818450003862381,99.99,9.989999771118164,99.98999786376953,99.99,9.989999771118164,99.98999786376953,99.99,9.989999771118164,99.98999786376953,1.841778039932251,-0.08944399654865265,0.9200000166893005,0.20141899585723877,2174433.0,768587.0,136379774.0,97.17201232910156,9.0,3.0,6.0,3.0,0.0,0.0,0.0,2.0,48051.158768,0.19962565146236824
277,15.201425,-73.687996,22.854810982477584,22.8336922392606,13.00275154278381,13.003827237663954,0.0,79494.55485244235,2355.359969334537,0.0,79494.55485244235,2437.265403745917,0.0,79494.55485244235,2515.702307350687,0.0,1.1642969329596724,22.32203317259951,23.486330105559187,0.0549999999999997,1.6967657526143007,22.108076642832025,23.804842395446325,0.0806287006246062,2.408903715592249,429.27228291621634,0.0,0.2598375026719432,3.8927662353296073,4.319513780112791,,,,1,15.201468366003082,-73.68801470719161,302.0264551517474,-43.423764048650824,310.78263724576385,-65.48400412762369,0.02069300040602684,0.02069300040602684,0.008751999586820602,0.015929000452160835,13.720164,0.0036949999630451202,0.011675000190734863,99.99,9.989999771118164,99.98999786376953,99.99,9.989999771118164,99.98999786376953,99.99,9.989999771118164,99.98999786376953,99.99,9.989999771118164,99.98999786376953,0.4223330020904541,-0.03733300045132637,99.98999786376953,0.06152300164103508,2174288.0,770427.0,136370088.0,48.67552185058594,3.0,1.0,3.0,0.0,0.0,0.0,0.0,-1.0,48143.1060679,0.08036261360409845
278,15.210984,-72.48114,24.618071675177408,24.611886429453808,12.922010084434696,12.92215960352975,0.0,81774.4340594412,2362.4079619089794,0.0,81774.4340594412,2444.434179669483,0.0,81774.4340594412,2522.9842214438295,0.0,1.015077499477183,24.11374495929039,25.128822458767573,0.0446526076318107,1.539308810276612,23.894707519924143,25.434016330200755,0.0677287844179019,2.2644614249167176,27.202357211932934,0.0,0.30693524796869,3.917165542271724,4.353330121470743,,,,0,15.211049590332488,-72.48114226323094,301.9374962378083,-44.62894375886719,313.42820729004575,-65.00488323244106,0.02522600069642067,0.02522600069642067,0.002346999943256378,0.003886000020429492,13.944772,0.019478999078273773,0.006130999885499477,99.99,9.989999771118164,99.98999786376953,99.99,9.989999771118164,99.98999786376953,99.99,9.989999771118164,99.98999786376953,99.99,9.989999771118164,99.98999786376953,1.3109999895095825,-0.15449999272823334,99.98999786376953,0.20949000120162964,2174227.0,767824.0,136423974.0,22.245105743408203,2.0,1.0,2.0,0.0,0.0,0.0,0.0,-1.0,47956.1595296,0.07154378860833273
279,15.267479,-72.440582,10.894521244260185,10.892354033319004,13.807215868041997,13.807242853437725,0.0,66048.10655390946,2348.311904404474,0.0,66048.10655390946,2430.0963733968006,0.0,66048.10655390946,2508.4199683728193,0.0,0.6190189464191818,10.596120651871171,11.215139598290357,0.0618046007474486,0.9672399239620812,10.413802492122985,11.381042416085066,0.0968299999999988,1.333074625128381,325.9535779271563,1.0,0.1167111703334295,3.952027018129213,4.03851073403623,,,,0,15.267459585417352,-72.44057164894585,301.9106712523938,-44.668576554676825,313.53224486699514,-65.00334873371736,0.020891999825835228,0.020891999825835228,0.0049390001222491264,0.012679999694228172,14.677869,0.011590000241994858,0.008839000016450882,14.22428,0.2710709869861603,99.98999786376953,14.120788,0.02414499968290329,99.98999786376953,14.972326,0.06294500082731247,1.8319339752197266,13.272499,0.17366300523281097,0.057541001588106155,6.618154048919678,2.392307996749878,0.0,0.21272699534893036,2174227.0,767824.0,136423983.0,34.9702033996582,13.0,3.0,6.0,1.0,1.0,3.0,2.0,2.0,47956.1092167,0.04281609831048791
280,15.302052,-72.268593,31.72515284920975,31.72156384774004,12.64664100744086,12.64665628084702,0.0,1156361.598149632,2308.0358432764565,0.0,1156361.598149632,2389.125547426784,0.0,1156361.598149632,2466.7983560259613,0.0,1.335287138379659,31.06999784257729,32.40528498095695,0.0454169804004269,2.0290457494623695,30.73435696460305,32.76340271406542,0.0693950555082238,2.889995787148127,351.35755832651864,0.0,0.3374504111748607,3.865872919730731,4.389227998428851,,,,0,15.30207537516136,-72.26857074665445,301.88307054880573,-44.83977889921743,313.91143361186494,-64.94042239798233,0.01776999980211258,0.01776999980211258,0.007408000063151121,0.012753999792039394,13.385784,0.015814000740647316,0.004466999787837267,99.99,9.989999771118164,99.98999786376953,99.99,9.989999771118164,99.98999786376953,99.99,9.989999771118164,99.98999786376953,99.99,9.989999771118164,99.98999786376953,0.8209999799728394,0.014999999664723873,99.98999786376953,0.21493999660015106,2171425.0,767436.0,136511518.0,64.06906127929688,3.0,1.0,3.0,0.0,0.0,0.0,0.0,-1.0,47856.1000445,0.08411159454105997
281,15.340866,-71.954842,19.83412641836739,19.83349168176682,13.156643134705112,13.156676658285289,0.0,44056.28716632594,3402.8432953580073,0.0,44056.28716632594,3501.065587170488,0.0,44056.28716632594,3594.7871951680695,0.0,0.9559677274147552,19.36332336319065,20.319291090605404,0.0522777770856617,1.4398730971500342,19.117494351409785,20.557367448559816,0.0784424547055895,2.112597605218962,671.0086460071863,1.0,0.1006931543988308,3.841651343739138,4.218670275109215,,,,0,15.340912694232495,-71.95482608442695,301.84223849763976,-45.15241971344541,314.5913157968702,-64.8168544645819,0.017031000927090645,0.017031000927090645,0.016503000631928444,0.025841999799013138,13.908564,0.015836000442504883,0.00916100014001131,99.99,9.989999771118164,99.98999786376953,99.99,9.989999771118164,99.98999786376953,99.99,9.989999771118164,99.98999786376953,99.99,9.989999771118164,99.98999786376953,0.9286670088768005,-0.08933299779891968,99.98999786376953,0.3098030090332031,2171446.0,767044.0,136512210.0,13.82161808013916,3.0,1.0,3.0,0.0,0.0,0.0,0.0,-1.0,47856.999641,0.0774227561336025
282,15.444264,-72.437416,2.845354939599383,2.8443252333188673,15.266162023318593,15.265560950759786,0.0,6863.946051350045,1738.8405544042005,0.0,6863.946051350045,1809.372081754291,0.0,6863.946051350045,1877.155456283945,0.0,0.4765300928002443,2.613064744599401,3.089594837399645,0.1815756196960833,0.7503071395824659,2.4750341251777592,3.225341264760225,0.2875168437255695,0.9820627623511196,399.23499120756014,0.0,0.0836193762981634,3.611652804809298,4.027806636024296,,,,0,15.4442785558894,-72.43741718192835,301.8355252253546,-44.6688183597159,313.5918292421082,-65.05050109861932,0.00868299975991249,0.00868299975991249,0.008322999812662601,0.02950900048017502,17.948343,0.012203999795019627,0.03301199898123741,15.129146,0.005677000153809786,0.036044999957084656,99.99,9.989999771118164,99.98999786376953,99.99,9.989999771118164,99.98999786376953,99.99,9.989999771118164,99.98999786376953,2.754333019256592,-0.08916699886322021,0.8700000047683716,0.21287399530410767,2174227.0,767824.0,136423988.0,43.13683319091797,12.0,3.0,6.0,6.0,0.0,0.0,0.0,2.0,47956.495267,0.01637441508930757
283,15.444664,-72.562927,63.44199372111471,63.41870399987039,11.894180016138582,11.894679357077472,0.0,115073.90834196222,1753.9602109096063,0.0,115073.90834196222,1824.7928707222984,0.0,115073.90834196222,1892.858291943616,0.0,1.931431911169412,62.53146808883059,64.4629,0.0329999999999994,2.925516237213664,62.06940946015974,64.9949256973734,0.049929768202455,4.184659978018317,332.21679475139706,0.0,0.4773315902084943,3.9118841074086497,4.485474515391507,,,,1,15.444718896273864,-72.56294072477935,301.84527994803307,-44.54348701468863,313.32094537752585,-65.10270744419661,0.029103999957442284,0.029103999957442284,99.98999786376953,99.98999786376953,13.428444,0.027574000880122185,99.98999786376953,99.99,9.989999771118164,99.98999786376953,99.99,9.989999771118164,99.98999786376953,99.99,9.989999771118164,99.98999786376953,99.99,9.989999771118164,99.98999786376953,1.2289999723434448,-0.00800000037997961,99.98999786376953,0.17313499748706818,2174225.0,768208.0,136423578.0,68.21195220947266,1.0,1.0,1.0,0.0,0.0,0.0,0.0,-1.0,47956.1422933,0.07712538578273422
284,15.456195,-72.095955,16.98085900012086,16.735615012179423,13.340993295462514,13.340922532059915,0.0,1614414.6577887875,2213.3773925141754,0.0,1614414.6577887875,2292.8099732430487,0.0,1614414.6577887875,2368.930565981988,0.0,8.354742711508854,13.033646096935742,21.388388808444596,0.5374182791509572,9.218722216201298,12.6794677837987,21.89819,0.5933259620498355,10.830860412458891,49.73395259070819,0.0,0.6461972345741651,3.6752855369147417,4.381591181532421,,,,0,15.456221007927669,-72.0959194352337,301.80308005638994,-45.00955968170766,314.32746037722166,-64.90965275701268,0.010084000416100025,0.010084000416100025,0.0037380000576376915,0.003720999928191304,15.13242,0.011996000073850155,0.028548000380396843,13.167774,0.017813999205827713,99.98999786376953,99.99,9.989999771118164,99.98999786376953,99.99,9.989999771118164,99.98999786376953,99.99,9.989999771118164,99.98999786376953,1.2641429901123047,-0.028428999707102776,0.0,0.3382070064544678,2171429.0,767436.0,136511730.0,43.28081130981445,7.0,3.0,6.0,1.0,0.0,0.0,0.0,2.0,47856.833157,0.13122876714672232
285,15.554542,-72.939476,4.690284242624668,4.689260561749724,14.722523141823402,14.722489607578364,0.0,7969.051531624473,1730.7765231377375,0.0,7969.051531624473,1801.146906891605,0.0,7969.051531624473,1868.7793514482792,0.0,0.4467814854902743,4.4660185145097255,4.9128,0.1034083139373098,0.6856700122898278,4.358910475903493,5.044580488193321,0.1589795843031343,0.975219852720115,139.91750928485376,0.0,0.1480065579231569,3.607491128260298,4.013441144571006,,,,1,15.55450465323777,-72.93952472665245,301.8300212698033,-44.16565622969639,312.5323704022005,-65.28552128551215,0.0085230004042387,0.0085230004042387,0.015066999942064285,0.03159400075674057,18.00158,0.006316999904811382,0.04669300094246864,15.351644,0.0036669999826699495,0.048923999071121216,13.791732,0.06488200277090073,99.98999786376953,99.99,9.989999771118164,99.98999786376953,99.99,9.989999771118164,99.98999786376953,3.2484090328216553,-0.05304500088095665,0.029999999329447746,0.14761899411678314,2174437.0,768964.0,136421547.0,34.5847053527832,22.0,3.0,9.0,12.0,1.0,0.0,0.0,2.0,47956.1043727,0.17979609046950812
286,15.61304,-72.279282,29.864363381072508,29.85455520620708,12.712260278884632,12.712404507930328,0.0,42502.06579680688,1750.9363213247834,0.0,42502.06579680688,1821.7088596082017,0.0,42502.06579680688,1889.7179697352287,0.0,1.161148775288055,29.31307648708301,30.474225262371064,0.0422136413698392,1.8916615805680443,28.963355557913797,30.85501713848184,0.0682136413698391,2.4958723891613204,401.2535371449106,1.0,0.1768284621355152,3.817460303738953,4.371505320635679,,,,0,15.61309412255404,-72.27930219865519,301.75062069813333,-44.823677993780954,313.9828839370796,-65.03080740522091,0.017629999667406082,0.017629999667406082,0.010630999691784382,0.006186000071465969,13.748473,0.015908999368548393,0.011076999828219414,99.99,9.989999771118164,99.98999786376953,99.99,9.989999771118164,99.98999786376953,99.99,9.989999771118164,99.98999786376953,99.99,9.989999771118164,99.98999786376953,1.2806669473648071,-0.09433300048112869,99.98999786376953,0.17156599462032318,2171430.0,767824.0,136424178.0,45.343284606933594,3.0,1.0,3.0,0.0,0.0,0.0,0.0,-1.0,47956.1422657,0.09383286542635413
287,15.645905,-72.505547,5.693818999061468,5.694705712161867,14.511976402994543,14.511191799087396,0.0,8979.076216026031,1742.8725139109508,0.0,8979.076216026031,1813.484471838264,0.0,8979.076216026031,1881.343179174549,0.0,0.5233606158430453,5.427010951649318,5.950371567492363,0.0995378163005096,0.8241352501146713,5.289713726376641,6.113848976491313,0.1575063903910667,1.0925166581805108,209.5499756588119,0.0,0.1021408519167554,3.633925289224238,4.0883914102503045,,,,1,15.645952271508676,-72.50555751559817,301.7559283832733,-44.597235883804636,313.5044234742114,-65.1340316988756,0.02263299934566021,0.02263299934566021,0.014359000138938427,0.03289400041103363,17.014345,0.016466999426484108,0.0430309996008873,14.703773,0.009819000028073788,0.050432998687028885,99.99,9.989999771118164,99.98999786376953,99.99,9.989999771118164,99.98999786376953,99.99,9.989999771118164,99.98999786376953,1.1197999715805054,-0.041600000113248825,99.98999786376953,0.18198299407958984,2174225.0,768208.0,136423649.0,40.855987548828125,5.0,1.0,3.0,2.0,0.0,0.0,0.0,-1.0,47956.1422888,0.0636411004255076
288,15.646989,-72.192581,6.54066589072647,6.540426568626529,14.361377220003558,14.361,0.0,8111.159897929676,1751.9442868285505,0.0,8111.159897929676,1822.7368714310203,0.0,8111.159897929676,1890.7647573602385,0.0,0.5654391936711223,6.259643304377792,6.825082498048914,0.093943981296185,0.877887034138424,6.084268008827808,6.962155042966232,0.1463996946544092,1.234668616186025,383.57823468152407,0.0,0.0767926532851148,3.6119185763327737,4.072194027725458,,,,0,15.647004022021846,-72.19259069925222,301.72862434610397,-44.90960164683903,314.17941606856834,-65.00367465755569,0.008488999679684639,0.008488999679684639,0.007915999740362167,0.025877000764012337,17.875961,0.012738999910652637,0.016117999330163002,14.945634,0.0056489999406039715,0.08448199927806854,99.99,9.989999771118164,99.98999786376953,99.99,9.989999771118164,99.98999786376953,99.99,9.989999771118164,99.98999786376953,2.6791670322418213,-0.10616700351238251,0.9800000190734863,0.25468000769615173,2171430.0,767436.0,136511577.0,88.1495361328125,12.0,3.0,6.0,6.0,0.0,0.0,0.0,2.0,47856.804596,0.03863597468521601
289,15.658785,-72.135178,29.0106982968119,28.990326052740695,12.743756022009809,12.744214842581467,0.0,122379.85477405156,2188.199896895065,0.0,122379.85477405156,2267.185775270265,0.0,122379.85477405156,2342.887948052424,0.0,1.1140435006941694,28.471727891512103,29.585771392206272,0.0420000000000015,1.6993829279474824,28.239070001124297,29.93845292907178,0.063521581729546,2.3802895538885025,53.84730991001229,0.0,0.2704210202282983,3.90075219162736,4.3973484519708235,,,,0,15.658852534275198,-72.13516844653101,301.71853657167196,-44.96669362822435,314.30612894475,-64.98266768920233,0.017129000276327133,0.017129000276327133,0.015742000192403793,0.014921999536454678,13.526392,0.015873000025749207,0.006372999865561724,99.99,9.989999771118164,99.98999786376953,99.99,9.989999771118164,99.98999786376953,99.99,9.989999771118164,99.98999786376953,99.99,9.989999771118164,99.98999786376953,1.1743329763412476,-0.1203330010175705,99.98999786376953,0.39518898725509644,2171431.0,767436.0,136511613.0,14.887528419494629,3.0,1.0,3.0,0.0,0.0,0.0,0.0,-1.0,47856.1000062,0.0821312859154184
290,15.664665,-71.832069,7.01618539792895,7.014056126453316,14.2851774883271,14.285136423546245,0.0,28896.64569913574,4145.847870880917,0.0,28896.64569913574,4254.148806825393,0.0,28896.64569913574,4357.312010033829,0.0,0.5940257614017481,6.725222757294495,7.319248518696243,0.0916935307399295,0.93238931338957,6.550324457420793,7.482713770810363,0.143849807866049,1.2768934104132574,159.56766898503292,0.0,0.0620354497339385,3.603787434942212,4.280869535733535,,,,0,15.664696096571797,-71.8320956693885,301.68949668797154,-45.26907824448921,314.9539462370392,-64.8544305453902,0.00974700041115284,0.00974700041115284,0.010099999606609344,0.02725899964570999,17.807354,0.014081999659538269,0.017587000504136086,14.739078,0.006765000056475401,0.15413899719715118,99.99,9.989999771118164,99.98999786376953,99.99,9.989999771118164,99.98999786376953,99.99,9.989999771118164,99.98999786376953,1.9061000347137451,-0.06120000034570694,0.0,0.39454901218414307,2171455.0,766649.0,136512421.0,33.22854232788086,10.0,3.0,6.0,4.0,0.0,0.0,0.0,2.0,47856.535687,0.10215812722173336
291,15.664685,-72.301323,2.900280154111875,2.8981477453225035,15.245270631722494,15.244705971785024,0.0,6247.701829166694,1737.83255869297,0.0,6247.701829166694,1808.3439637183465,0.0,6247.701829166694,1876.108491305762,0.0,0.4568917371026071,2.6751093864399547,3.1320011235425618,0.1704499999999988,0.728296137434647,2.5315121041957247,3.259808241630372,0.2742285513649101,0.997204333680255,267.91179042903684,0.0,0.1160583511683367,3.6129872853659006,4.03375523581286,,,,0,15.66468424465041,-72.30131876397715,301.7304281414395,-44.800747527837316,313.9511118834393,-65.05428696642402,0.008413000032305717,0.008413000032305717,0.011579999700188637,0.022678999230265617,17.851439,0.012501999735832214,0.027512000873684883,15.006395,0.005778999999165535,0.04048600047826767,99.99,9.989999771118164,99.98999786376953,99.99,9.989999771118164,99.98999786376953,99.99,9.989999771118164,99.98999786376953,2.7455830574035645,-0.10158299654722214,0.8600000143051147,0.17144399881362915,2174233.0,767824.0,136424152.0,95.53028106689453,12.0,3.0,6.0,6.0,0.0,0.0,0.0,2.0,47956.272228,0.015272073080646549
292,15.666333,-72.190926,14.989847188204829,14.99353711392284,13.460715219921736,13.460032214000291,0.0,18448.06057445927,1757.992031421924,0.0,18448.06057445927,1828.904772084684,0.0,18448.06057445927,1897.0451987731135,0.0,0.7954757227306093,14.575502134153147,15.370977856883757,0.0574355036998674,1.2073266591938765,14.4201,15.627426659193876,0.0873700136599104,1.751600459753842,411.98189120776993,0.0,0.1883397243631865,3.6228964584152177,4.512439059362363,,,,0,15.666386414750074,-72.19091781286303,301.7201252174178,-44.91090785304403,314.1889284118737,-65.00834189002177,0.00992400012910366,0.00992400012910366,0.006018000189214945,0.009796000085771084,16.885405,0.011369000189006329,0.01729300059378147,99.99,9.989999771118164,99.98999786376953,99.99,9.989999771118164,99.98999786376953,99.99,9.989999771118164,99.98999786376953,99.99,9.989999771118164,99.98999786376953,1.0758329629898071,-0.05483299866318703,0.0,0.26207399368286133,2171430.0,767436.0,136511580.0,62.95137405395508,6.0,3.0,6.0,0.0,0.0,0.0,0.0,2.0,47856.847226,0.06578421096099267
293,15.705051,-72.156441,13.98199765292158,13.979887226087854,13.536292132820249,13.536203261981328,0.0,13567.339489635016,1747.9124109363936,0.0,13567.339489635016,1818.6247753461732,0.0,13567.339489635016,1886.5775253852744,0.0,0.751600679816141,13.615748533397818,14.36734921321396,0.0582700265025977,1.1824523377544145,13.405178935785935,14.587631273540351,0.0920532884839246,1.653442252470578,331.34455078783236,0.0,0.10404440009366,3.82048610146898,4.080603152642736,,,,0,15.705086316049794,-72.15642713394438,301.7004043471479,-44.94459789276463,314.2747635730456,-65.00450962459242,0.020509999245405197,0.020509999245405197,0.010838000103831291,0.0023759999312460423,14.369102,0.01955999992787838,0.0017340000486001372,99.99,9.989999771118164,99.98999786376953,99.99,9.989999771118164,99.98999786376953,99.99,9.989999771118164,99.98999786376953,99.99,9.989999771118164,99.98999786376953,1.4815000295639038,-0.18400000035762787,99.98999786376953,0.3483709990978241,2171431.0,767436.0,136511605.0,43.40658950805664,2.0,1.0,2.0,0.0,0.0,0.0,0.0,-1.0,47856.1146479,0.06332037642717855
294,15.727274,-72.545883,44.68337908496733,44.789,12.275756535947714,12.272,0.0,219066.7136981841,626.8185962308244,0.0,219066.7136981841,669.6137205165217,0.0,219066.7136981841,711.4245605676871,0.0,6.306149999999995,41.2638,47.56994999999999,0.1543499999999991,9.335079999999998,39.62053,48.95561,0.2295599999999975,13.604,362.65795623695544,1.0,1.289425507305049,3.8843021261712978,4.151446269382843,,,,1,15.727295955590092,-72.54589304651863,301.725192620208,-44.55547178534897,313.4408556765886,-65.17289192858887,0.017934000119566917,0.017934000119566917,0.018636999651789665,0.0026990000624209642,13.718085,0.015776999294757843,0.00583899999037385,99.99,9.989999771118164,99.98999786376953,99.99,9.989999771118164,99.98999786376953,99.99,9.989999771118164,99.98999786376953,99.99,9.989999771118164,99.98999786376953,0.45433300733566284,-0.003000000026077032,99.98999786376953,0.16670900583267212,2174225.0,768208.0,136423620.0,1.8737809658050537,3.0,1.0,3.0,0.0,0.0,0.0,0.0,-1.0,47956.1422919,0.043244982650054185
295,15.739019,-73.128609,2.3819409374601124,2.384,15.4595413342519,15.457,0.0,8634.109539733221,1725.7364272121538,0.0,8634.109539733221,1796.0059040272513,0.0,8634.109539733221,1863.543837464453,0.0,0.453467198894768,2.1506918335502556,2.6041590324450237,0.2073033761530425,0.6880533344821953,2.02433307715822,2.712386411640415,0.3170599999999979,0.9413624437642694,334.5301977052429,0.0,0.0740678014885685,3.606482004994043,4.0060423813100225,,,,0,15.739013274197765,-73.12866717902877,301.7710786978084,-43.973614511518235,312.16704373546685,-65.40983355239881,0.009952999651432037,0.009952999651432037,0.03826000168919563,0.0390079990029335,18.185574,0.012578999623656273,0.060495998710393906,15.3744,0.0018710000440478325,0.059595998376607895,14.137126,0.006823999807238579,99.98999786376953,99.99,9.989999771118164,99.98999786376953,99.99,9.989999771118164,99.98999786376953,4.642367839813232,0.0729999989271164,0.03500000014901161,0.11874300241470337,2174455.0,769336.0,136415913.0,94.27364349365234,19.0,3.0,6.0,12.0,1.0,0.0,0.0,2.0,48052.289992,0.20952992297083448
296,15.752757,-72.503365,17.805421541415004,17.80153093515734,13.273780779894896,13.273653178768734,0.0,25812.994145070446,1748.92038338072,0.0,25812.994145070446,1819.6528115728615,0.0,25812.994145070446,1887.6243537595717,0.0,0.8334276520761534,17.403026145676062,18.236453797752215,0.0509885633957143,1.3479284748852614,17.152301014953586,18.500229489838848,0.0820054344556009,1.8119741154537936,862.5832557131752,0.0,0.0410760402853952,3.802866709537256,4.222119680299001,,,,0,15.752807952272155,-72.5033807063199,301.7107111672268,-44.59741920051024,313.5406376941436,-65.16240523378363,0.01795700006186962,0.01795700006186962,0.0029869999270886183,0.015433000400662422,14.231806,0.015848999843001366,0.010799000039696693,99.99,9.989999771118164,99.98999786376953,99.99,9.989999771118164,99.98999786376953,99.99,9.989999771118164,99.98999786376953,99.99,9.989999771118164,99.98999786376953,0.9053329825401306,-0.07100000232458115,99.98999786376953,0.17542700469493866,2174238.0,768208.0,136423629.0,57.63564682006836,3.0,1.0,3.0,0.0,0.0,0.0,0.0,-1.0,47956.1422884,0.07898317961574576
297,15.771704,-72.154785,6.049115555178493,6.04469047106574,14.44626726126445,14.446744933062512,0.0,7578.370511855868,1749.9283535095112,0.0,7578.370511855868,1820.6808396578415,0.0,7578.370511855868,1888.6711685389455,0.0,0.5547095792439469,5.777246005052835,6.331955584296782,0.0989055845228499,0.8886646634316264,5.603249667713444,6.49191433114507,0.1597113346043777,1.213887253243958,302.5396809720639,0.0,0.1195018242570043,3.6234573418197216,4.07281828061837,,,,0,15.771764488659457,-72.15479093537981,301.67144803839915,-44.944940412637976,314.29870859870294,-65.02233814006263,0.014324000105261803,0.014324000105261803,0.01130599994212389,0.05591399967670441,17.547377,0.022870000451803207,0.04489300027489662,14.886009,0.007965000346302986,0.02752700075507164,99.99,9.989999771118164,99.98999786376953,99.99,9.989999771118164,99.98999786376953,99.99,9.989999771118164,99.98999786376953,1.6338000297546387,-0.06599999964237213,99.98999786376953,0.36631500720977783,2171431.0,767045.0,136511754.0,3.5547869205474854,5.0,1.0,2.0,3.0,0.0,0.0,0.0,-1.0,47856.933401,0.07006899003627216
298,15.781884,-72.210083,23.32497406667095,23.31354332221146,12.98060129029553,12.981,0.0,30406.777546729892,1747.9124109363936,0.0,30406.777546729892,1818.6247753461732,0.0,30406.777546729892,1886.5775253852744,0.0,1.011919254962688,22.83826600052905,23.850185255491738,0.0473331826498313,1.6201163877950968,22.56040645105217,24.180522838847267,0.0745129323227722,2.115482727047514,1.2674931255855617,1.0,0.2813884661676457,3.9131845533060226,4.411991878409276,,,,0,15.781962793149937,-72.21010476840293,301.6720469471413,-44.88954024965172,314.1829582457772,-65.04846678546674,0.01636499911546707,0.01636499911546707,0.004484999924898148,0.009763999842107296,13.771881,0.015890000388026237,0.003648000070825219,99.99,9.989999771118164,99.98999786376953,99.99,9.989999771118164,99.98999786376953,99.99,9.989999771118164,99.98999786376953,99.99,9.989999771118164,99.98999786376953,1.215999960899353,-0.12066700309515,99.98999786376953,0.2679319977760315,2171430.0,767437.0,136424362.0,16.686660766601562,3.0,1.0,3.0,0.0,0.0,0.0,0.0,-1.0,47956.1422640,0.11684181197074318
299,15.787205,-71.930763,10.37399694120412,10.351250409544429,13.863505608004782,13.862645356352337,0.0,601885.0853097348,3747.751531874662,0.0,601885.0853097348,3850.7764270078264,0.0,601885.0853097348,3948.997038939508,0.0,2.659714115738698,9.031870573818024,11.691584689556722,0.2804892627522051,3.516606935561727,8.570043505036722,12.086650440598447,0.3735137278441467,4.690195797091382,218.7836163597698,1.0,0.3740834307321121,3.605487733860952,4.701092771918669,,,,0,15.787184980914764,-71.93077487451065,301.6443787773068,-45.16818948946918,314.78277444855723,-64.93132949727914,0.00979200005531311,0.00979200005531311,0.004718999844044447,0.010239999741315842,17.540394,0.011424999684095383,0.017172999680042267,99.99,9.989999771118164,99.98999786376953,99.99,9.989999771118164,99.98999786376953,99.99,9.989999771118164,99.98999786376953,99.99,9.989999771118164,99.98999786376953,0.9561669826507568,-0.09399999678134918,0.9100000262260437,0.5861849784851074,2171446.0,766649.0,136512282.0,19.25487518310547,6.0,3.0,6.0,0.0,0.0,0.0,0.0,2.0,47856.847040,0.048239817865209665
300,15.841267,-72.84407,4.333373507740767,4.333428822822809,14.808631118805009,14.808409761056945,0.0,9562.197722669973,1742.8725139109508,0.0,9562.197722669973,1813.484471838264,0.0,9562.197722669973,1881.343179174549,0.0,0.4606937023906816,4.0995062976093175,4.560199999999999,0.115527808845556,0.757562072011964,3.966015909972972,4.723577981984936,0.1891462474888818,1.054018823471357,820.2251072549412,0.0,0.0205300367413568,3.629948698900099,4.137069145257064,,,,0,15.841325261709521,-72.84411158889894,301.70434398325636,-44.25570042115842,312.82244758066577,-65.32471161542931,0.009279999881982803,0.009279999881982803,0.0169879999011755,0.03727500140666962,17.593544,0.01050500012934208,0.02980799973011017,14.837938,0.002633000025525689,0.07966200262308121,99.99,9.989999771118164,99.98999786376953,99.99,9.989999771118164,99.98999786376953,99.99,9.989999771118164,99.98999786376953,2.1126151084899902,-0.0746150016784668,0.9100000262260437,0.1299159973859787,2174444.0,768588.0,136421911.0,4.570487022399902,13.0,3.0,7.0,6.0,0.0,0.0,0.0,2.0,47956.1032977,0.16199928525005877
301,15.856523,-72.042595,33.74400382726753,33.717939593438956,12.579662764819586,12.580494773898751,0.0,1248550.526902348,2599.9857952560847,0.0,1248550.526902348,2685.9829754308603,0.0,1248550.526902348,2768.252676673859,0.0,1.4275565104952292,33.08801954329545,34.51557605379068,0.0458681504467968,2.0897661801734486,32.767940625276125,34.857706805449574,0.0672023477950443,3.0557726867584876,6.566162041698656,0.0,0.3923363430404123,3.851398163329677,4.206547376524716,,,,0,15.856566369157774,-72.04261268898932,301.6243697827834,-45.05519114744122,314.5653981148026,-64.99845827611063,0.016273999586701393,0.016273999586701393,0.008275000378489494,0.0010979999788105488,13.897324,0.015866000205278397,0.005913000088185072,99.99,9.989999771118164,99.98999786376953,99.99,9.989999771118164,99.98999786376953,99.99,9.989999771118164,99.98999786376953,99.99,9.989999771118164,99.98999786376953,1.1003329753875732,-0.10133299976587296,99.98999786376953,0.7422959804534912,2171446.0,767045.0,136511879.0,1.498757004737854,3.0,1.0,3.0,0.0,0.0,0.0,0.0,-1.0,47856.1000008,0.07982650288263121
302,15.898766,-72.283546,17.05439506973152,17.039524059004563,13.320569573138307,13.321161097866074,0.0,19841.373104545662,1747.9124109363936,0.0,19841.373104545662,1818.6247753461732,0.0,19841.373104545662,1886.5775253852744,0.0,0.7667473153299049,16.694309168994238,17.461056484324143,0.048991945106696,1.142845376324516,16.5134257378263,17.656271114150815,0.0727900000000012,1.5487003963759491,1327.9382075531723,0.0,0.0337030933169959,3.8075780665964194,4.106347072109716,,,,0,15.898810965180989,-72.28356382308596,301.62866166418814,-44.813911949986505,314.06001164823215,-65.11157004915182,0.02060599997639656,0.02060599997639656,0.0013599999947473407,0.006618000101298094,14.329288,0.019425999373197556,0.010184000246226788,99.99,9.989999771118164,99.98999786376953,99.99,9.989999771118164,99.98999786376953,99.99,9.989999771118164,99.98999786376953,99.99,9.989999771118164,99.98999786376953,0.972000002861023,-0.02250000089406967,99.98999786376953,0.20259100198745728,2174233.0,767437.0,136424320.0,57.385231018066406,2.0,1.0,2.0,0.0,0.0,0.0,0.0,-1.0,47956.1422658,0.08089130684006107
303,15.940762,-72.818794,6.895772562465419,6.894471959171002,14.303908641675394,14.303775812262858,0.0,11336.232445447153,1746.9044361745125,0.0,11336.232445447153,1817.5967309706768,0.0,11336.232445447153,1885.5306834042024,0.0,0.5143655606664739,6.636176595460555,7.150542156127029,0.0809999999999995,0.8482845578435256,6.477333572638506,7.325618130482032,0.1334142224844896,1.1890924711766937,337.69548421513315,0.0,0.1240950426019326,3.603549003821573,4.228968109857829,,,,0,15.940785537733388,-72.81885209354361,301.66111510823805,-44.278975529201894,312.9060401700854,-65.34153159382802,0.010815000161528587,0.010815000161528587,0.013923999853432178,0.040254998952150345,17.940361,0.017531000077724457,0.01664399914443493,14.840751,0.006467999890446663,0.29377299547195435,99.99,9.989999771118164,99.98999786376953,99.99,9.989999771118164,99.98999786376953,99.99,9.989999771118164,99.98999786376953,4.652727127075195,0.02681799978017807,0.11999999731779099,0.12870299816131592,2174444.0,768588.0,136421955.0,57.30693435668945,11.0,3.0,5.0,6.0,0.0,0.0,0.0,2.0,47956.1009707,0.21062931385268185
304,15.947997,-72.071434,35.542562963976316,35.546591619718356,12.52324550407881,12.522994138526736,0.0,157715.65405071783,2452.0119813090023,0.0,157715.65405071783,2535.5583425419773,0.0,157715.65405071783,2615.5323150313557,0.0,1.179266461301495,34.9317335386985,36.111,0.0359889131875039,1.802319772377217,34.64957782080152,36.451897593178735,0.0548060411578372,2.4611374780723665,12.039687077531692,1.0,0.301628819829374,3.8294629338246664,4.387378679873055,,,,0,15.948028081662866,-72.07147734168481,301.5873145950893,-45.02450727246013,314.5317619130902,-65.03621111529577,0.017973000183701515,0.017973000183701515,0.002669000066816807,0.021104000508785248,13.747726,0.019936000928282738,0.011101000010967255,99.99,9.989999771118164,99.98999786376953,99.99,9.989999771118164,99.98999786376953,99.99,9.989999771118164,99.98999786376953,99.99,9.989999771118164,99.98999786376953,2.069000005722046,-0.21299999952316284,99.98999786376953,0.6375020146369934,2171431.0,767045.0,136511801.0,10.541884422302246,2.0,1.0,2.0,0.0,0.0,0.0,0.0,-1.0,47856.1000201,0.15978672635789112
305,15.954565,-73.712296,7.285761174166445,7.28354991560168,14.24429633226164,14.243829811614663,0.0,23026.79126728088,1748.92038338072,0.0,23026.79126728088,1819.6528115728615,0.0,23026.79126728088,1887.6243537595717,0.0,0.662321347196662,6.9471,7.609421347196662,0.0987863006809934,0.9819232216245792,6.797219999999999,7.779143221624579,0.146039470227798,1.4882437895381004,229.7991347829795,0.0,0.1698687542216375,3.632503454866626,4.32626639767397,,,,0,15.95457502035768,-73.71236823968599,301.73795736101613,-43.38717145965576,310.9197579597908,-65.68908367392169,0.009178999811410904,0.009178999811410904,0.01360000018030405,0.02402300015091896,16.937756,0.006060000043362379,0.03268999978899956,14.47799,0.005042999982833862,0.12756599485874176,13.107091,0.02727999910712242,99.98999786376953,99.99,9.989999771118164,99.98999786376953,99.99,9.989999771118164,99.98999786376953,2.2378458976745605,0.02015399932861328,0.029999999329447746,0.05370999872684479,2174400.0,770427.0,136369991.0,69.37540435791016,13.0,3.0,6.0,6.0,1.0,0.0,0.0,2.0,48143.332804,0.26025958616558853
306,15.977364,-72.827797,99.90243193872683,99.8820892865716,11.401162266145215,11.401559236842967,0.0,183556.7798295568,1757.992031421924,0.0,183556.7798295568,1828.904772084684,0.0,183556.7798295568,1897.0451987731135,0.0,2.453793401411872,98.7154,101.16919340141187,0.0264407631570318,3.67133033391535,98.20828771749385,101.87961805140918,0.0398633634213201,5.417262336200281,332.808479252157,0.0,0.505489312289476,3.7229706554091737,4.420711609735491,,,,0,15.977449010611574,-72.82779070256122,301.64686642527107,-44.26932940633195,312.89675014988313,-65.35502667456453,0.010468999855220318,0.010468999855220318,0.014538000337779522,0.011408000253140926,14.539484,0.012718000449240208,0.011165999807417393,12.930894,0.013914999552071095,0.18267199397087097,99.99,9.989999771118164,99.98999786376953,99.99,9.989999771118164,99.98999786376953,99.99,9.989999771118164,99.98999786376953,1.5707499980926514,0.0703750029206276,0.0,0.13172900676727295,2174444.0,768964.0,136421611.0,33.67555618286133,8.0,3.0,6.0,2.0,0.0,0.0,0.0,2.0,47956.1024682,0.09315682839560432
307,15.993419,-71.90551,24.430261527218413,24.464557040239235,12.930883976127724,12.92866647826538,0.0,774829.3622813405,4131.775529623839,0.0,774829.3622813405,4239.894397554531,0.0,774829.3622813405,4342.887038334187,0.0,2.7877596425221753,22.993343257184243,25.78110289970642,0.123940300827849,3.7245428025311007,22.5023587391054,26.2269015416365,0.1660885744242026,5.000875042964751,89.48492327779196,0.0,0.6086987569734691,3.793981758418051,4.330333661777989,,,,0,15.993413263179614,-71.905527768092,301.55138559093706,-45.189107261117144,314.90140210850063,-64.97836690522178,0.03804200142621994,0.03804200142621994,99.98999786376953,99.98999786376953,13.872644,0.027432000264525414,99.98999786376953,99.99,9.989999771118164,99.98999786376953,99.99,9.989999771118164,99.98999786376953,99.99,9.989999771118164,99.98999786376953,99.99,9.989999771118164,99.98999786376953,0.8569999933242798,-0.006000000052154064,99.98999786376953,0.46452099084854126,2171445.0,766649.0,136512322.0,15.40998363494873,1.0,1.0,1.0,0.0,0.0,0.0,0.0,-1.0,47856.999847,0.06428594058196056
308,15.995159,-72.385849,9.494686085427569,9.486318488286976,13.956775423299934,13.95717516511305,0.0,27461.59278037541,1760.0079278851451,0.0,27461.59278037541,1830.9606742681524,0.0,27461.59278037541,1899.138571206796,0.0,0.8665763532513342,9.079534496921635,9.94611085017297,0.099061307789567,1.2110943389396809,8.912865749575285,10.123960088514966,0.1384052171943288,1.993348546094527,91.22808166319643,0.0,0.2533671818341405,3.6549045561947704,4.4148153203726155,,,,1,15.995193097869953,-72.385825499041,301.5972869906923,-44.70990906966597,313.8674647783585,-65.18058776814757,0.010197999887168407,0.010197999887168407,0.0023789999540895224,0.012997999787330627,16.545618,0.012923000380396843,0.006233000196516514,14.295912,0.01256799977272749,99.98999786376953,99.99,9.989999771118164,99.98999786376953,99.99,9.989999771118164,99.98999786376953,99.99,9.989999771118164,99.98999786376953,1.1948330402374268,-0.0006670000148005784,0.949999988079071,0.17073200643062592,2174237.0,767825.0,136423851.0,43.34503936767578,6.0,3.0,5.0,1.0,0.0,0.0,0.0,2.0,47956.500704,0.09239878021457977
309,16.024857,-73.818291,19.689489880188784,19.69,13.16459587230385,13.164508272811853,0.0,46623.69905487666,1746.9044361745125,0.0,46623.69905487666,1817.5967309706768,0.0,46623.69905487666,1885.5306834042024,0.0,0.9532196942944716,19.215,20.16821969429447,0.0526150153032549,1.4070286941762085,19.008090299611226,20.41511899378743,0.0777999999999998,2.1989666918716217,26.43611478447646,1.0,0.2499304527486962,3.819172952973985,4.324329197105927,,,,0,16.024801302863906,-73.8182825143308,301.720754261489,-43.280182107774976,310.6978345842607,-65.74630718307637,0.013931999914348125,0.013931999914348125,0.012799999676644802,0.006550999823957682,14.151436,0.003570999950170517,0.013011000119149685,13.085503,0.0074269999749958515,99.98999786376953,99.99,9.989999771118164,99.98999786376953,99.99,9.989999771118164,99.98999786376953,99.99,9.989999771118164,99.98999786376953,2.0344998836517334,0.048333000391721725,0.0,0.04725699871778488,2174368.0,770783.0,136369605.0,85.20873260498047,6.0,3.0,5.0,1.0,0.0,0.0,0.0,2.0,48143.891342,0.06368409367190124
310,16.029622,-72.642746,24.810615184398056,24.791478777002173,12.91358137512109,12.914380032386388,0.0,54728.518031335865,1747.9124109363936,0.0,54728.518031335865,1818.6247753461732,0.0,54728.518031335865,1886.5775253852744,0.0,1.1506548420344558,24.2911,25.441754842034456,0.0501453329914678,1.680257687764982,24.081559528351764,25.761817216116743,0.0729901405584119,2.5518161884739285,400.7496358384047,0.0,0.3293948784894385,3.871912797852016,4.1426692567215255,,,,0,16.029678473855565,-72.64272848696129,301.60756246751197,-44.45290140077552,313.31766968895755,-65.29494042035313,0.019897999241948128,0.019897999241948128,0.004494000226259232,0.004722000099718571,13.846087,0.01952200010418892,0.013957000337541103,99.99,9.989999771118164,99.98999786376953,99.99,9.989999771118164,99.98999786376953,99.99,9.989999771118164,99.98999786376953,99.99,9.989999771118164,99.98999786376953,1.3339999914169312,-0.11050000041723251,99.98999786376953,0.15215499699115753,2174230.0,768588.0,136422129.0,90.20941162109375,2.0,1.0,2.0,0.0,0.0,0.0,0.0,-1.0,47956.1595989,0.08748476967876734
311,16.050177,-72.978088,5.219972973871049,5.219579809067512,14.607739035209857,14.606110650792232,0.0,48238.02441124763,1761.0158726754898,0.0,48238.02441124763,1831.9886132599545,0.0,48238.02441124763,1900.1852372192673,0.0,0.9193657515192974,4.765954018259214,5.685319769778512,0.1920146544464813,1.2770773587141884,4.568202641285812,5.845280000000001,0.2683199999999974,2.5479207356747224,7.615193997583845,0.0,0.2227782807195989,3.6353487371821416,4.03327886458162,,,,0,16.050215106271626,-72.97807573268528,301.6314159085915,-44.11793420481316,312.5856412771538,-65.43417149812603,0.013902000151574612,0.013902000151574612,0.015812000259757042,0.037342000752687454,17.879122,0.014805000275373459,0.04979800060391426,15.163305,0.004153999965637922,0.011885999701917171,99.99,9.989999771118164,99.98999786376953,99.99,9.989999771118164,99.98999786376953,99.99,9.989999771118164,99.98999786376953,1.3085709810256958,-0.21799999475479126,99.98999786376953,0.12919799983501434,2174437.0,768964.0,136421472.0,79.97327423095703,7.0,1.0,3.0,4.0,0.0,0.0,0.0,-1.0,47956.1291905,0.059691001746519756
312,16.101214,-72.178276,6.335558253066674,6.331847473704027,14.39595020011288,14.396344771485612,0.0,7326.446567662699,1745.8964590930543,0.0,7326.446567662699,1816.5686784392624,0.0,7326.446567662699,1884.483827804488,0.0,0.512515952675062,6.086836648088095,6.599352600763157,0.0876724670886694,0.8640137856227348,5.911506626288831,6.7755204119115655,0.1486309702839889,1.085071565848125,22.811558894288908,1.0,0.1794441699469006,3.610859089499546,4.019452631898259,,,,1,16.101250697106583,-72.17826134782011,301.53148236819413,-44.91471465155829,314.3487226208505,-65.12377017247653,0.007926000282168388,0.007926000282168388,0.011385000310838223,0.023195000365376472,17.89243,0.012595999985933304,0.02386000007390976,15.038712,0.005661999806761742,0.08020699769258499,99.99,9.989999771118164,99.98999786376953,99.99,9.989999771118164,99.98999786376953,99.99,9.989999771118164,99.98999786376953,2.6072499752044678,-0.12658299505710602,0.8899999856948853,0.3320060074329376,2171428.0,767437.0,136424372.0,81.31352996826172,12.0,3.0,6.0,6.0,0.0,0.0,0.0,2.0,47956.299825,0.06646173103586887
313,16.113623,-72.547836,28.326932776717328,28.330013336865196,12.76967293679908,12.769618733748551,0.0,49028.5773600977,1746.9044361745125,0.0,49028.5773600977,1817.5967309706768,0.0,49028.5773600977,1885.5306834042024,0.0,1.209100555879104,27.71548601329456,28.924586569173663,0.0460000000000029,1.842091214203851,27.426325855648837,29.26841706985269,0.0708440368399063,2.6973667331809033,4.253340502807508,1.0,0.3869228400814021,3.848667696592768,4.320435096072297,,,,0,16.11366603720033,-72.54782049369665,301.5631231845985,-44.54582058259343,313.54956607762364,-65.27946234170784,0.016208000481128693,0.016208000481128693,0.010432000271975994,0.046505000442266464,13.476888,0.016210999339818954,0.011849000118672848,99.99,9.989999771118164,99.98999786376953,99.99,9.989999771118164,99.98999786376953,99.99,9.989999771118164,99.98999786376953,99.99,9.989999771118164,99.98999786376953,1.9216669797897339,-0.11866699904203415,99.98999786376953,0.16074499487876892,2174238.0,767825.0,136423682.0,88.05439758300781,3.0,1.0,3.0,0.0,0.0,0.0,0.0,-1.0,47956.1423099,0.07263110560787152
314,16.180614,-71.649818,4.670407211894651,4.663,14.72742000294408,14.728499275377311,0.0,14929.204753811036,2396.640049993679,0.0,14929.204753811036,2479.250366342306,0.0,14929.204753811036,2558.3475364331284,0.0,0.5621324142772188,4.402068847962049,4.964201262239268,0.1304439639319117,0.9065643752007791,4.21996331467296,5.126527689873739,0.2114094636229246,1.176371024195574,1294.2576355465364,0.0,0.0344727369358319,3.6159669204649494,4.18131447171401,,,,1,16.18059097240473,-71.64982296969517,301.44245141125424,-45.439990822413584,315.5060277055148,-64.92116438068064,0.010212999768555164,0.010212999768555164,0.013906000182032585,0.06014399975538254,17.803354,0.010197999887168407,0.04590500146150589,15.010345,0.00393499992787838,0.09813500195741653,13.433694,0.02912900038063526,99.98999786376953,99.99,9.989999771118164,99.98999786376953,99.99,9.989999771118164,99.98999786376953,1.5942729711532593,-0.0059090000577270985,0.6499999761581421,0.10413099825382233,2171448.0,766249.0,136513877.0,85.97986602783203,11.0,3.0,5.0,5.0,1.0,0.0,0.0,10.0,47856.198357,0.03164215524068642
315,16.197788,-72.044441,5.790945696329525,5.7929313995988565,14.49392605181778,14.493,0.0,102952.99868216492,2516.439491247103,0.0,102952.99868216492,2601.061774841633,0.0,102952.99868216492,2682.043580341772,0.0,0.7078502104734312,5.434621295635076,6.142471506108508,0.132969130354196,1.1373975283008972,5.200846267518337,6.338243795819234,0.2141985184183621,1.4386892347400888,2.3596922894296273,1.0,0.2274891123514089,3.6364886046081937,4.040601561194062,,,,0,16.197810106019745,-72.044452696217,301.47600068624564,-45.046032190902466,314.6668825612493,-65.09457309388057,0.011068999767303467,0.011068999767303467,0.007034000009298325,0.031202999874949455,17.746178,0.018170999363064766,0.013512999750673771,15.053983,0.00634999992325902,0.01510700024664402,99.99,9.989999771118164,99.98999786376953,99.99,9.989999771118164,99.98999786376953,99.99,9.989999771118164,99.98999786376953,1.6131670475006104,-0.15266700088977814,99.98999786376953,0.4922870099544525,2171444.0,767045.0,136511819.0,69.12458801269531,6.0,1.0,3.0,3.0,0.0,0.0,0.0,-1.0,47856.930021,0.04873226319015792
316,16.230061,-72.513527,2.505827757209123,2.5027572548057075,15.404095295046076,15.404264488963308,0.0,6107.4677925450105,1729.768508665598,0.0,6107.4677925450105,1800.1187228901035,0.0,6107.4677925450105,1867.7322763220384,0.0,0.4178887650493377,2.297203481415748,2.7150922464650855,0.1819317026305213,0.6768309342105732,2.1395679494684083,2.8163988836789815,0.2988059445893132,0.8931437189377114,289.57007184359566,1.0,0.1059484136061899,3.6090300113383895,4.034817731320142,,,,0,16.23005796101254,-72.51353906854297,301.5107391851937,-44.577490812827826,313.6584415696176,-65.29747311190044,0.008562999777495861,0.008562999777495861,0.00774300005286932,0.025275999680161476,18.16239,0.012949000112712383,0.014100000262260437,15.1717,0.00647599995136261,0.026782000437378883,99.99,9.989999771118164,99.98999786376953,99.99,9.989999771118164,99.98999786376953,99.99,9.989999771118164,99.98999786376953,2.548332929611206,-0.09391699731349945,0.9200000166893005,0.16614499688148499,2174239.0,767825.0,136423693.0,15.672283172607422,12.0,3.0,6.0,6.0,0.0,0.0,0.0,2.0,47956.757295,0.04357094505804183
317,16.24057,-72.385185,21.619609609279536,21.613011340263597,13.063056209603348,13.063252574314006,0.0,37075.68595660936,1748.92038338072,0.0,37075.68595660936,1819.6528115728615,0.0,37075.68595660936,1887.6243537595717,0.0,0.9817312129174348,21.148683738185735,22.13041495110317,0.0497474256859931,1.5672885953721334,20.85966,22.426948595372135,0.0788632781654268,2.113849410492154,1.5163613916507044,1.0,0.2890000654628178,3.835834931635004,4.241915020817748,,,,0,16.24059128151299,-72.38517967982156,301.4929995000288,-44.70526758635724,313.9417089014309,-65.24801344507839,0.021276000887155533,0.021276000887155533,0.004279999993741512,0.004579000174999237,13.97191,0.019466999918222427,0.0020940001122653484,99.99,9.989999771118164,99.98999786376953,99.99,9.989999771118164,99.98999786376953,99.99,9.989999771118164,99.98999786376953,99.99,9.989999771118164,99.98999786376953,1.1369999647140503,-0.11999999731779099,99.98999786376953,0.16974499821662903,2174233.0,767825.0,136423833.0,87.55586242675781,2.0,1.0,2.0,0.0,0.0,0.0,0.0,-1.0,47956.1422792,0.0300723136446721
318,16.264754,-72.108932,17.7546903757362,17.75342208940792,13.276889099982098,13.277,0.0,26753.96325769141,2204.313611795229,0.0,26753.96325769141,2283.585675852916,0.0,26753.96325769141,2359.5559146816177,0.0,0.8354749431679416,17.3392897090593,18.174764652227243,0.0511964829736708,1.266037386386131,17.142855635075726,18.408893021461857,0.0772403199435824,1.8436819036407783,443.5451820947688,0.0,0.1796677774355123,3.693182854585268,4.226738898032447,,,,0,16.264813175569113,-72.10894671376501,301.45366829003643,-44.98018845265219,314.54831439778974,-65.1403527366057,0.014875000342726707,0.014875000342726707,0.004108000081032515,0.013762000016868114,14.368595,0.01583999954164028,0.005073999986052513,99.99,9.989999771118164,99.98999786376953,99.99,9.989999771118164,99.98999786376953,99.99,9.989999771118164,99.98999786376953,99.99,9.989999771118164,99.98999786376953,0.8386669754981995,-0.05633300170302391,99.98999786376953,0.35047098994255066,2171444.0,767437.0,136424425.0,94.29911041259766,3.0,1.0,3.0,0.0,0.0,0.0,0.0,-1.0,47956.1422398,0.08419528083582216
319,16.297483,-72.724457,15.607881196258642,15.596401284364172,13.41683283585115,13.4175932547592,0.0,28625.860209897062,1748.92038338072,0.0,28625.860209897062,1819.6528115728615,0.0,28625.860209897062,1887.6243537595717,0.0,0.785747527785496,15.239305266706282,16.025052794491778,0.0549702178310003,1.1582357023502894,15.065565119561462,16.22380082191175,0.0806494839529747,1.7479527637582386,391.800414000933,0.0,0.1132855910413765,3.8737163012538303,4.093482259484395,,,,0,16.29752299030485,-72.72448760834578,301.50446741379443,-44.365629059668606,313.21482355426815,-65.40077095154984,0.021268999204039574,0.021268999204039574,0.0038300000596791506,0.019998999312520027,13.958533,0.019408000633120537,0.015317000448703766,99.99,9.989999771118164,99.98999786376953,99.99,9.989999771118164,99.98999786376953,99.99,9.989999771118164,99.98999786376953,99.99,9.989999771118164,99.98999786376953,0.9275000095367432,-0.03350000083446503,99.98999786376953,0.12982000410556793,2174441.0,768209.0,136422146.0,98.8529281616211,2.0,1.0,2.0,0.0,0.0,0.0,0.0,-1.0,47956.1423484,0.11819329748169358
320,16.299472,-71.72628,,,,,,,,,,,,,,,,,,,,,,,,,,,3.615421204330304,4.29691720448149,,,,1,16.299457538812998,-71.72629184234205,301.3975507938115,-45.3609445135336,315.38113611866316,-64.98784937939475,0.010191000066697598,0.010191000066697598,0.00949500035494566,0.040403999388217926,17.394035,0.010758000425994396,0.00749799981713295,14.420839,0.007993999868631363,0.12168499827384949,99.99,9.989999771118164,99.98999786376953,99.99,9.989999771118164,99.98999786376953,99.99,9.989999771118164,99.98999786376953,1.7845560312271118,0.1379999965429306,0.949999988079071,0.149058997631073,2171397.0,766250.0,136513152.0,92.04795837402344,9.0,3.0,6.0,3.0,0.0,0.0,0.0,2.0,47856.404100,0.04565076620467068
321,16.382862,-72.763603,3.3847812072888535,3.3778903089482517,15.077071750395673,15.078332064467745,0.0,8185.957634820986,1733.800552448407,0.0,8185.957634820986,1804.2314092986587,0.0,8185.957634820986,1871.920494010162,0.0,0.4304916893771584,3.1815825241089213,3.61207421348608,0.1378327508237689,0.6837336640006417,3.0575301359211866,3.741263799921828,0.2194811800449976,0.9277870909435376,329.26538406158085,0.0,0.0515368783091923,3.608513883384824,4.09488274465806,,,,1,16.38294327271304,-72.7636000311709,301.47326871004407,-44.32471390280611,313.1527432175615,-65.43956563020312,0.013136999681591988,0.013136999681591988,0.01892000064253807,0.026964999735355377,17.841034,0.014779999852180481,0.03993000090122223,14.977854,0.007034000009298325,0.2996410131454468,99.99,9.989999771118164,99.98999786376953,99.99,9.989999771118164,99.98999786376953,99.99,9.989999771118164,99.98999786376953,3.9886670112609863,0.0798330008983612,0.44999998807907104,0.1351660043001175,2174443.0,768589.0,136421795.0,47.51973342895508,12.0,3.0,6.0,6.0,0.0,0.0,0.0,2.0,47956.931960,0.0873526257406528
322,16.445653,-71.772797,20.90621509546357,21.0427364534179,13.100947883142156,13.092291215125853,0.0,1106946.6619339532,4167.961301111715,0.0,1106946.6619339532,4276.547717592271,0.0,1106946.6619339532,4379.978360882511,0.0,3.662973226051136,18.905820813300867,22.568794039352003,0.1922093594738463,4.8838722598058695,18.156736479657503,23.040608739463373,0.2588828281043973,7.558309850313453,27.55997326532124,0.0,0.9401300403605009,3.787745128417957,4.065798329099198,,,,0,16.445657231344796,-71.77277659498976,301.3377436848599,-45.311047840347676,315.3280926416536,-65.04913000582512,0.020073000341653824,0.020073000341653824,0.028248999267816544,0.019866999238729477,13.358103,0.01581599935889244,0.007848000153899193,99.99,9.989999771118164,99.98999786376953,99.99,9.989999771118164,99.98999786376953,99.99,9.989999771118164,99.98999786376953,99.99,9.989999771118164,99.98999786376953,0.7966669797897339,0.052000001072883606,99.98999786376953,0.1745930016040802,2171397.0,766250.0,136513036.0,72.49742889404297,3.0,1.0,3.0,0.0,0.0,0.0,0.0,-1.0,47856.999104,0.07361239560180816
323,16.457567,-72.369637,12.469300600183336,12.46591052410944,13.660591233978913,13.661,0.0,13849.013186357495,1745.8964590930543,0.0,13849.013186357495,1816.5686784392624,0.0,13849.013186357495,1884.483827804488,0.0,0.6359027426888773,12.143622585304088,12.779525327992966,0.0555332568529465,0.9928885260712246,12.012091694420628,13.004980220491852,0.086431938050886,1.319288074823067,1.7623649652406894,1.0,0.1865573368651842,3.882290069907997,4.010965323749718,,,,0,16.457633170425495,-72.36963132701835,301.3991409413597,-44.71576194521157,314.0398759308687,-65.30161788045676,0.016831999644637108,0.016831999644637108,0.0019749999046325684,0.007139999885112047,14.458796,0.01586499996483326,0.006814999971538782,99.99,9.989999771118164,99.98999786376953,99.99,9.989999771118164,99.98999786376953,99.99,9.989999771118164,99.98999786376953,99.99,9.989999771118164,99.98999786376953,0.9480000138282776,-0.06800000369548798,99.98999786376953,0.15356500446796417,2174235.0,767825.0,136423873.0,8.633089065551758,3.0,1.0,3.0,0.0,0.0,0.0,0.0,-1.0,47956.1422836,0.07498370513549811
324,16.537387,-72.402466,44.4732248630771,44.46251523142307,12.279905176719216,12.28,0.0,122579.2627665164,1750.9363213247834,0.0,122579.2627665164,1821.7088596082017,0.0,122579.2627665164,1889.7179697352287,0.0,1.874741210895124,43.581648531343674,45.4563897422388,0.0461974813661782,2.7645766309397715,43.14788041737422,45.91245704831399,0.0677556198256468,4.182051271400205,383.415080156772,0.0,0.3640810625193386,3.9055751302610986,4.48813774459526,,,,0,16.537468112938235,-72.40248098541566,301.3689335075705,-44.68109681837451,313.9915682301301,-65.3370556237592,0.018427999690175056,0.018427999690175056,0.0037609999999403954,0.007031999994069338,12.781916,0.019398000091314316,0.007891000248491764,99.99,9.989999771118164,99.98999786376953,99.99,9.989999771118164,99.98999786376953,99.99,9.989999771118164,99.98999786376953,99.99,9.989999771118164,99.98999786376953,0.8585000038146973,0.010499999858438969,99.98999786376953,0.14605000615119934,2174234.0,767825.0,136423780.0,90.10242462158203,2.0,1.0,2.0,0.0,0.0,0.0,0.0,-1.0,47956.1422840,0.10346033305455533
325,16.553088,-72.631592,24.068323651049873,24.059912691381378,12.946554547096635,12.946752870193176,0.0,47033.162341680414,1747.9124109363936,0.0,47033.162341680414,1818.6247753461732,0.0,47033.162341680414,1886.5775253852744,0.0,1.0431973093965894,23.564858118589484,24.608055427986073,0.0474780216334469,1.6487898430868275,23.298601639702124,24.94739148278895,0.0744205878353589,2.2124035138567173,218.05232129124107,1.0,0.2779373223574137,3.921268807444224,4.4257549268710665,,,,0,16.553155173689476,-72.63159015779222,301.38816555942515,-44.452349162555116,313.49254524247726,-65.43355412435967,0.01640300080180168,0.01640300080180168,0.0032049999572336674,0.008129999972879887,13.602902,0.0157880000770092,0.001917000045068562,99.99,9.989999771118164,99.98999786376953,99.99,9.989999771118164,99.98999786376953,99.99,9.989999771118164,99.98999786376953,99.99,9.989999771118164,99.98999786376953,0.5076670050621033,-0.017666999250650406,99.98999786376953,0.16280800104141235,2174231.0,768209.0,136422196.0,87.63715362548828,3.0,1.0,3.0,0.0,0.0,0.0,0.0,-1.0,47956.1423194,0.07249237802464488
326,16.562863,-72.560211,6.673664110023533,6.671244643016801,14.339612710418718,14.339725778218336,0.0,19161.16704723469,1750.9363213247834,0.0,19161.16704723469,1821.7088596082017,0.0,19161.16704723469,1889.7179697352287,0.0,0.6532774479752739,6.357322552024726,7.0106,0.1057257782183374,0.8951929159929444,6.219964692803207,7.115157608796151,0.1458708588065587,1.3361875074881864,319.49773731107365,0.0,0.0838324067843765,3.604027028108992,4.387975236566121,,,,0,16.562909018964945,-72.56019382653194,301.3760354627492,-44.52327914805813,313.652686552231,-65.40769139337452,0.009525000117719173,0.009525000117719173,0.006163999903947115,0.015081999823451042,17.341415,0.01397900003939867,0.01090299990028143,14.569818,0.025276999920606613,99.98999786376953,99.99,9.989999771118164,99.98999786376953,99.99,9.989999771118164,99.98999786376953,99.99,9.989999771118164,99.98999786376953,1.2636669874191284,-0.05350000038743019,0.8399999737739563,0.1864749938249588,2174229.0,768209.0,136422295.0,85.0887451171875,6.0,3.0,5.0,1.0,0.0,0.0,0.0,2.0,47956.1087421,0.07929391659659538
327,16.563437,-72.591248,18.39714864799126,18.393070186128057,13.23828870306932,13.238411121363685,0.0,29104.59707221762,1744.8884796899938,0.0,29104.59707221762,1815.540617744811,0.0,29104.59707221762,1883.4369585742452,0.0,0.8439225066350957,17.974507909904048,18.818430416539144,0.0496958489187537,1.264059342094999,17.797139483837693,19.061198825932692,0.0746958489187541,1.5733620465644726,1.3600967240554862,1.0,0.2379230088197779,3.809838230243939,4.165786270558706,,,,0,16.563466959966394,-72.59125021176264,301.3793125338937,-44.49231037139168,313.58444412904083,-65.42027599881537,0.016433000564575195,0.016433000564575195,0.01001300010830164,0.006949000060558319,14.074213,0.015869999304413795,0.004311999771744013,99.99,9.989999771118164,99.98999786376953,99.99,9.989999771118164,99.98999786376953,99.99,9.989999771118164,99.98999786376953,99.99,9.989999771118164,99.98999786376953,0.988332986831665,-0.08966699987649918,99.98999786376953,0.18055300414562225,2174229.0,768209.0,136422205.0,59.03269577026367,3.0,1.0,3.0,0.0,0.0,0.0,0.0,-1.0,47956.1423150,0.033236862207798215
328,16.571746,-72.462975,20.34899181146106,20.318,13.12917992985898,13.130115561098505,0.0,140329.49602403142,1758.9999808012856,0.0,140329.49602403142,1829.932727212058,0.0,140329.49602403142,1898.0918917286328,0.0,1.9936265216580331,19.40974096372508,21.40336748538311,0.1064026811111329,2.704715249342648,19.1142,21.81891524934265,0.1439983980045376,3.719007962940246,203.75527015213584,0.0,0.3814291438872054,3.925498010033735,4.006875907913054,,,,0,16.57174282118599,-72.46297997371681,301.36129575136954,-44.61996072157702,313.8689632090537,-65.37101329335316,0.015048000030219555,0.015048000030219555,0.005266000051051378,0.016520999372005463,13.376044,0.01583999954164028,0.002314999932423234,99.99,9.989999771118164,99.98999786376953,99.99,9.989999771118164,99.98999786376953,99.99,9.989999771118164,99.98999786376953,99.99,9.989999771118164,99.98999786376953,0.8920000195503235,0.08333300054073334,99.98999786376953,0.16349799931049347,2174236.0,768209.0,136422379.0,77.35810089111328,3.0,1.0,3.0,0.0,0.0,0.0,0.0,-1.0,47956.1422857,0.018234392314747643
329,16.671322,-72.896004,5.3346704290850315,5.331,14.582613946307786,14.583000000000002,0.0,8888.01517005188,1718.6801936226675,0.0,8888.01517005188,1788.8081508893777,0.0,8888.01517005188,1856.2135349214168,0.0,0.4238236526136711,5.131670691919385,5.555494344533056,0.0863951367029329,0.6676738961797595,5.0144061038202405,5.68208,0.1358610281177874,0.8996564665700442,320.83117480017984,0.0,0.0863577831329502,3.604267760498755,4.010685095399877,,,,0,16.671477117253037,-72.89601556139178,301.369415196979,-44.18594726025184,312.93963787119526,-65.5698811920352,0.011873000301420689,0.011873000301420689,0.011931000277400017,0.026184000074863434,17.801725,0.017812000587582588,0.006982999853789806,15.027753,0.00698099983856082,0.11961100250482559,99.99,9.989999771118164,99.98999786376953,99.99,9.989999771118164,99.98999786376953,99.99,9.989999771118164,99.98999786376953,2.616499900817871,-0.20579999685287476,0.9100000262260437,0.12598299980163574,2174443.0,768965.0,136416186.0,40.383853912353516,10.0,3.0,5.0,5.0,0.0,0.0,0.0,2.0,48052.186636,0.169427574577127
330,16.791081,-73.498528,3.335596150064229,3.3344897705997067,15.092764871131756,15.092161770609897,0.0,7354.629280372759,1725.7364272121538,0.0,7354.629280372759,1796.0059040272513,0.0,7354.629280372759,1863.543837464453,0.0,0.381403663250953,3.1459723024158777,3.52737596566683,0.1240499999999968,0.6029161803304075,3.030028798951377,3.632944979281784,0.1978535495555196,0.7560556697820764,570.1654607349575,1.0,0.0267515829580702,3.619826397713927,4.00330096099899,,,,1,16.791069948615835,-73.49855682147212,301.3913187020475,-43.58262182937378,311.6158644164214,-65.82970909618426,0.010618000291287899,0.010618000291287899,0.011231999844312668,0.02712400071322918,17.823345,0.006238999776542187,0.012683999724686146,15.086328,0.002005999907851219,0.013961000367999077,99.99,9.989999771118164,99.98999786376953,99.99,9.989999771118164,99.98999786376953,99.99,9.989999771118164,99.98999786376953,1.062999963760376,0.03087499924004078,0.029999999329447746,0.06725999712944031,2174407.0,770068.0,136413786.0,53.13084030151367,8.0,3.0,5.0,3.0,0.0,0.0,0.0,2.0,48052.1237656,0.1043708718932394
331,16.823183,-73.22393,7.902005654100704,7.53967178284556,14.202626168091202,14.206240149213574,0.0,1164127.2622134225,1761.0158726754898,0.0,1164127.2622134225,1831.9886132599545,0.0,1164127.2622134225,1900.1852372192673,0.0,6.9457841201941175,4.8812736202744365,11.827057740468554,0.9606685565340438,7.706048744029276,4.616532102667803,12.32258084669708,1.066051130211358,11.905002031096688,32.97715842049325,0.0,0.4998662921996121,3.69950913247256,4.056509022968133,,,,1,16.82319921299146,-73.22394893380628,301.3464235645263,-43.855461152075804,312.2456748515798,-65.73615263312631,0.010080000385642052,0.010080000385642052,0.010259999893605709,0.018029000610113144,15.680799,0.003776000114157796,0.03459100052714348,13.936062,0.006572000216692686,0.0381460003554821,99.99,9.989999771118164,99.98999786376953,99.99,9.989999771118164,99.98999786376953,99.99,9.989999771118164,99.98999786376953,2.0841429233551025,0.07249999791383743,0.6112499833106995,0.0925460010766983,2174460.0,769337.0,136415529.0,10.0670166015625,14.0,3.0,11.0,3.0,0.0,0.0,0.0,2.0,48052.582569,0.07021269421456022
332,16.834747,-72.852707,5.148537946138937,5.14373140300079,14.621265084069105,14.622141471139653,0.0,10490.130410093978,1731.7845352575391,0.0,10490.130410093978,1802.175082622015,0.0,10490.130410093978,1869.826412763617,0.0,0.4501036008166439,4.930653216766931,5.380756817583575,0.0948540966634201,0.7418346380626479,4.7991153619373526,5.5409500000000005,0.1561663866536804,0.9698871281916296,316.7510024373302,0.0,0.074670279634352,3.603787434942212,4.1064695357335355,,,,1,16.834760249236226,-72.85272221470542,301.29748828726065,-44.22503283861291,313.0813346094014,-65.59736619539174,0.010580999776721,0.010580999776721,0.019091999158263206,0.026948999613523483,18.15128,0.015908999368548393,0.021026000380516052,15.072924,0.006120000034570694,0.07688800245523453,99.99,9.989999771118164,99.98999786376953,99.99,9.989999771118164,99.98999786376953,99.99,9.989999771118164,99.98999786376953,2.8468329906463623,-0.12800000607967377,0.9800000190734863,0.12633100152015686,2174440.0,768965.0,136416191.0,14.906083106994629,12.0,3.0,6.0,6.0,0.0,0.0,0.0,2.0,48052.203128,0.05654935690669823
333,16.846935,-72.442535,17.492653278891396,17.483098238995474,13.29303030448826,13.2933105577785,0.0,23066.582031011687,1744.8884796899938,0.0,23066.582031011687,1815.540617744811,0.0,23066.582031011687,1883.4369585742452,0.0,0.8108399004271796,17.09674981688338,17.90758971731056,0.0506018052003014,1.277010644036519,16.88333751197572,18.16034815601224,0.0789999999999988,1.7531128728663037,337.39481029401406,1.0,0.1659050763984801,3.9055751302610986,4.18053774459526,,,,0,16.84691299175296,-72.442581495456,301.2427327742573,-44.633321485375184,313.9940779458313,-65.43874133093954,0.015076999552547932,0.015076999552547932,0.008305000141263008,0.008704000152647495,14.059374,0.01591400057077408,0.008383000269532204,99.99,9.989999771118164,99.98999786376953,99.99,9.989999771118164,99.98999786376953,99.99,9.989999771118164,99.98999786376953,99.99,9.989999771118164,99.98999786376953,1.1873329877853394,-0.054999999701976776,99.98999786376953,0.11725199967622757,2174234.0,768209.0,136422388.0,40.783607482910156,3.0,1.0,3.0,0.0,0.0,0.0,0.0,-1.0,47956.1422850,0.16908140263683472
334,16.875432,-72.409515,3.955449230650158,3.9503437073823138,14.90773423406494,14.908242672715692,0.0,6547.277343732561,1739.8485477795691,0.0,6547.277343732561,1810.4001915770675,0.0,6547.277343732561,1878.202407547917,0.0,0.4592016141752149,3.735060128610754,4.194261742785969,0.1261785779188766,0.7385238804871848,3.6185307845405466,4.357054665027731,0.2013352036786457,0.961200876968197,6.831167066973825,1.0,0.1564935696509244,3.6028409157358032,4.048890674532461,,,,0,16.875365433296672,-72.40957039866856,301.22665235094433,-44.66545654896479,314.07509860536334,-65.43334454819377,0.008314000442624092,0.008314000442624092,0.01789800077676773,0.03043299913406372,17.903412,0.014737999998033047,0.0021150000393390656,15.08256,0.007025999948382378,0.05297800153493881,99.99,9.989999771118164,99.98999786376953,99.99,9.989999771118164,99.98999786376953,99.99,9.989999771118164,99.98999786376953,2.647700071334839,-0.048500001430511475,0.0,0.11751700192689896,2174234.0,768209.0,136422397.0,83.10086059570312,10.0,3.0,5.0,5.0,0.0,0.0,0.0,2.0,47956.552244,0.21217760376335323
335,16.897636,-72.276939,4.759230670817651,4.760060822652366,14.706681734221332,14.706,0.0,7497.6067651328685,1735.8165602547251,0.0,7497.6067651328685,1806.287702978128,0.0,7497.6067651328685,1874.0145201586467,0.0,0.4495035326489063,4.5383980247841995,4.987901557433106,0.1024561345545631,0.7524700763144123,4.393554854041328,5.146024930355741,0.1712670859920209,0.9594811797018048,380.9616945117184,0.0,0.0583402535221155,3.616514204240434,4.076912785374657,,,,0,16.897624307058898,-72.27694514876012,301.20076130526394,-44.79697354704563,314.3731787455353,-65.38591788539867,0.009219000115990639,0.009219000115990639,0.009487000294029713,0.025995999574661255,17.548164,0.014705000445246696,0.01043500006198883,14.89122,0.006932999938726425,0.060068000108003616,99.99,9.989999771118164,99.98999786376953,99.99,9.989999771118164,99.98999786376953,99.99,9.989999771118164,99.98999786376953,2.5845999717712402,-0.15279999375343323,0.9399999976158142,0.13068200647830963,2174264.0,767438.0,136424494.0,99.57502746582031,10.0,3.0,5.0,5.0,0.0,0.0,0.0,2.0,47956.354586,0.025577096064361794
336,16.956915,-72.214272,18.23380782801969,18.231593944517268,13.247986062607332,13.248,0.0,28032.37845273017,1750.9363213247834,0.0,28032.37845273017,1821.7088596082017,0.0,28032.37845273017,1889.7179697352287,0.0,0.8451841196683212,17.824984143096287,18.67016826276461,0.0499999999999989,1.2858493698150717,17.598119999999998,18.88396936981507,0.0768617572346297,1.920048117499423,3.1338870333136155,1.0,0.2635562347505822,3.805012573108858,4.206938548523557,,,,0,16.956911567950435,-72.21429893798839,301.1675090674226,-44.85776175157005,314.5282109814773,-65.3769468064415,0.022123999893665314,0.022123999893665314,0.007460999768227339,0.0014799999771639705,13.997675,0.019347000867128372,0.0002699999895412475,99.99,9.989999771118164,99.98999786376953,99.99,9.989999771118164,99.98999786376953,99.99,9.989999771118164,99.98999786376953,99.99,9.989999771118164,99.98999786376953,0.621999979019165,-0.023499999195337296,99.98999786376953,0.13374899327754974,2174212.0,767438.0,136424600.0,13.326078414916992,2.0,1.0,2.0,0.0,0.0,0.0,0.0,-1.0,47956.1422673,0.0970501678293708
337,16.976536,-72.683044,36.174251500644466,36.16138913056435,12.504156092545474,12.504513661345475,0.0,109962.35772333344,1746.9044361745125,0.0,109962.35772333344,1817.5967309706768,0.0,109962.35772333344,1885.5306834042024,0.0,1.6276950874437477,35.392811227717,37.020506315160745,0.0494863386545283,2.456444079139928,35.07004799700839,37.526492076148315,0.0737991575083185,3.302815244379019,420.1413730519372,1.0,0.1141700156796177,3.943750076748577,4.542921888514196,,,,0,16.97645777877381,-72.6830841369138,301.2182512952299,-44.39033256175079,313.49880759055344,-65.56981231622028,0.01715799979865551,0.01715799979865551,0.016982000321149826,0.014786000363528728,13.00693,0.015822000801563263,0.0035310001112520695,99.99,9.989999771118164,99.98999786376953,99.99,9.989999771118164,99.98999786376953,99.99,9.989999771118164,99.98999786376953,99.99,9.989999771118164,99.98999786376953,0.7850000262260437,0.03333299979567528,99.98999786376953,0.12427499890327454,2174231.0,768589.0,136421842.0,98.49154663085938,3.0,1.0,3.0,0.0,0.0,0.0,0.0,-1.0,47956.1423653,0.16704444823512624
338,16.982439,-72.673393,5.3587693745074985,5.353,14.577866341760544,14.578590064164844,0.0,12540.704860294944,1744.8884796899938,0.0,12540.704860294944,1815.540617744811,0.0,12540.704860294944,1883.4369585742452,0.0,0.516403469905196,5.110643728635114,5.62704719854031,0.1043264991615799,0.7996490431529075,4.960832560549911,5.760481603702819,0.1618199999999987,1.0957008905070644,1150.082064555385,0.0,0.0471249244741198,3.606482004994043,4.149642381310022,,,,0,16.982369222382665,-72.67344074548863,301.21459024152335,-44.39977976412578,313.5219233622608,-65.56764770994681,0.009216000325977802,0.009216000325977802,0.01904500089585781,0.032958999276161194,17.610579,0.012117999605834484,0.010657000355422497,14.745812,0.007428999990224838,0.07155299931764603,99.99,9.989999771118164,99.98999786376953,99.99,9.989999771118164,99.98999786376953,99.99,9.989999771118164,99.98999786376953,2.1240909099578857,-0.022909000515937805,0.9800000190734863,0.127469003200531,2174231.0,768589.0,136421849.0,46.28004837036133,11.0,3.0,6.0,5.0,0.0,0.0,0.0,2.0,47956.961399,0.1874588264091195
339,17.022895,-72.14518,23.3073889905097,23.308234598303756,12.981422695078752,12.981,0.0,51066.91717181043,2203.3065169030224,0.0,51066.91717181043,2282.560725278254,0.0,51066.91717181043,2358.514238928226,0.0,1.0154156775211831,22.80130596736792,23.816721644889103,0.0471585431391918,1.5383125360002872,22.544668312556993,24.08298084855728,0.0720005402755585,2.226221026442989,265.0148099683366,1.0,0.2397404904543479,3.8884492112161486,4.362686711214552,,,,0,17.022902038244524,-72.14523248284908,301.13029845612084,-44.924717524915415,314.6992918423602,-65.36718678665078,0.02341100014746189,0.02341100014746189,0.00571200018748641,0.004387999884784222,13.719265,0.01938600093126297,0.00917499978095293,99.99,9.989999771118164,99.98999786376953,99.99,9.989999771118164,99.98999786376953,99.99,9.989999771118164,99.98999786376953,99.99,9.989999771118164,99.98999786376953,0.8899999856948853,-0.02250000089406967,99.98999786376953,0.1464110016822815,2174212.0,767438.0,136424636.0,11.24182415008545,2.0,1.0,2.0,0.0,0.0,0.0,0.0,-1.0,47956.1595026,0.18909790372336693
340,17.030683,-71.81395,13.573718892401834,13.58995188410381,13.56875731414825,13.567,0.0,101970.7448146065,4159.920088831466,0.0,101970.7448146065,4268.402782480247,0.0,101970.7448146065,4371.7362575018005,0.0,1.2579557527175709,12.9289,14.186855752717571,0.1010000000000008,1.9476153545441977,12.555850486292574,14.503465840836771,0.1564539115377226,2.7388272901519155,1403.7356711444586,0.0,0.0391798697222514,3.616240371676728,4.3941135258891695,,,,0,17.030679942615073,-71.8139789786573,301.08392226015866,-45.25435773824233,315.42321653888513,-65.23218570022179,0.029058000072836876,0.029058000072836876,0.01805800013244152,0.01782499998807907,17.323847,0.020006999373435974,0.0007149999728426337,99.99,9.989999771118164,99.98999786376953,99.99,9.989999771118164,99.98999786376953,99.99,9.989999771118164,99.98999786376953,99.99,9.989999771118164,99.98999786376953,1.031499981880188,-0.013000000268220901,99.98999786376953,0.13259199261665344,2171407.0,766650.0,136512626.0,95.90837860107422,2.0,1.0,2.0,0.0,0.0,0.0,0.0,-1.0,47856.1145980,0.10437970860234651
341,17.048329,-72.521729,9.570439727927036,8.763477335595002,13.993834687270615,14.043239808219214,0.0,1499025.3526349291,1762.0238151743044,0.0,1499025.3526349291,1833.0165441944407,0.0,1499025.3526349291,1901.2318897776931,0.0,8.489935889029976,6.197117038598696,14.687052927628672,0.9371533911072358,9.451505693628178,5.92035,15.371855693628175,1.035952502694336,10.016422795162196,33.635120372068336,0.0,0.8521498293629645,3.685373849400921,4.07615857774311,,,,0,17.048269976127656,-72.52176845089137,301.1678692712892,-44.54904966445534,313.87738634089516,-65.52591428797527,0.009495999664068222,0.009495999664068222,0.00874400045722723,0.004453000146895647,16.186111,0.011358000338077545,0.00459099980071187,99.99,9.989999771118164,99.98999786376953,99.99,9.989999771118164,99.98999786376953,99.99,9.989999771118164,99.98999786376953,99.99,9.989999771118164,99.98999786376953,1.140166997909546,-0.042500000447034836,0.0,0.1277489960193634,2174269.0,767826.0,136422922.0,42.122833251953125,6.0,3.0,6.0,0.0,0.0,0.0,0.0,2.0,47956.1107497,0.155703032894613
342,17.051814,-71.691063,26.38801287640883,26.3841450870468,12.846676886025556,12.846822829914228,0.0,91517.03380163324,2886.797392551829,0.0,91517.03380163324,2977.353885391798,0.0,91517.03380163324,3063.89446122504,0.0,1.333093410449461,25.7378045579643,27.07089796841376,0.0544016398470752,1.9909551877415697,25.391957049940768,27.382912237682337,0.0820346179032629,2.8536499862929077,1.1583931441467872,0.0,0.3999532189829555,3.7845004740908728,4.43065891736506,,,,0,17.051836680702465,-71.69109875812492,301.058414749501,-45.376102132050285,315.695675858999,-65.18644831666998,0.01982099935412407,0.01982099935412407,0.021630000323057175,0.01585499942302704,13.914463,0.006206999998539686,0.0381460003554821,99.99,9.989999771118164,99.98999786376953,99.99,9.989999771118164,99.98999786376953,99.99,9.989999771118164,99.98999786376953,99.99,9.989999771118164,99.98999786376953,0.8187500238418579,-0.039500001817941666,99.98999786376953,0.07315400242805481,2171398.0,766650.0,136512758.0,48.430572509765625,4.0,1.0,4.0,0.0,0.0,0.0,0.0,-1.0,47856.998633,0.13125977197573138
343,17.061598,-72.624634,15.473155029712936,15.467949197192656,13.426229490210806,13.426660969743764,0.0,27509.40786819158,1747.9124109363936,0.0,27509.40786819158,1818.6247753461732,0.0,27509.40786819158,1886.5775253852744,0.0,0.7816106248475254,15.072247249301482,15.853857874149009,0.0546369327488651,1.1476301426485964,14.882241506750026,16.029871649398622,0.0805192601019673,1.688260571211984,253.3428215617376,1.0,0.1711493512527295,3.769530453391592,4.2265941782056435,,,,0,17.061578098953653,-72.62465821449011,301.17547240474124,-44.4462256508193,313.65282416792775,-65.57020817843159,0.01677500084042549,0.01677500084042549,0.013911000452935696,0.004515999928116798,14.525248,0.01581599935889244,0.0024969999212771654,99.99,9.989999771118164,99.98999786376953,99.99,9.989999771118164,99.98999786376953,99.99,9.989999771118164,99.98999786376953,99.99,9.989999771118164,99.98999786376953,0.6816669702529907,0.004000000189989805,99.98999786376953,0.13742299377918243,2174229.0,768589.0,136421877.0,49.39649200439453,3.0,1.0,3.0,0.0,0.0,0.0,0.0,-1.0,47956.1423264,0.08975930164892777
344,17.063286,-72.503166,7.982117296900197,7.60865175993567,14.160179944748696,14.196581123317564,0.0,544198.204009769,1762.0238151743044,0.0,544198.204009769,1833.0165441944407,0.0,544198.204009769,1901.2318897776931,0.0,3.9545012405710858,6.428331005699405,10.38283224627049,0.5204013190862433,4.476488379829885,6.266111620170115,10.7426,0.5850904616801884,5.747446416224563,30.02759537029119,0.0,0.3588554512032311,3.719463397674171,4.086538459655387,,,,0,17.063213894591133,-72.50319959382418,301.1592115863491,-44.56713037922566,313.9228262452595,-65.52266675836702,0.00977499969303608,0.00977499969303608,0.010126999579370022,0.016901999711990356,16.657038,0.011734000407159328,0.014878000132739544,14.572216,0.03341500088572502,0.019005000591278076,99.99,9.989999771118164,99.98999786376953,99.99,9.989999771118164,99.98999786376953,99.99,9.989999771118164,99.98999786376953,1.5526249408721924,0.398250013589859,0.0,0.1160150021314621,2174265.0,767826.0,136422945.0,92.50260162353516,8.0,3.0,6.0,2.0,0.0,0.0,0.0,2.0,47956.1088114,0.14393297122426832
345,17.121713,-72.45359,9.127930387057248,9.130237183334714,13.9993582148929,13.998677058856464,0.0,14812.600320336343,1744.8884796899938,0.0,14812.600320336343,1815.540617744811,0.0,14812.600320336343,1883.4369585742452,0.0,0.5997814522918432,8.835,9.434781452291844,0.0710322941143513,0.8830077182702389,8.705990090573497,9.588997808843736,0.1050445448723262,1.3299164762133966,689.0486291715042,0.0,0.2047524561717014,3.6119185763327737,4.217394027725458,,,,0,17.121596577474705,-72.45365060044708,301.1282165352317,-44.61484670751489,314.0494134642751,-65.51909624560372,0.009088999591767788,0.009088999591767788,0.014926999807357788,0.027341000735759735,17.695543,0.013135000132024288,0.014267000369727612,14.735805,0.0064039998687803745,0.05504300072789192,99.99,9.989999771118164,99.98999786376953,99.99,9.989999771118164,99.98999786376953,99.99,9.989999771118164,99.98999786376953,3.2341670989990234,-0.014333000406622887,0.9200000166893005,0.09664399921894073,2174265.0,767826.0,136422959.0,92.32506561279297,12.0,3.0,6.0,6.0,0.0,0.0,0.0,2.0,47956.551592,0.2521115681711197
346,17.226705,-73.999603,2.79594599869936,2.7927870121790175,15.28454771300745,15.285000000000002,0.0,6954.6425818707285,1709.6077220167977,0.0,6954.6425818707285,1779.5532946278393,0.0,6954.6425818707285,1846.787854639803,0.0,0.3572334828757109,2.6189801467890415,2.9762136296647523,0.1391558329171509,0.5577231988685849,2.5288632970692224,3.0865864959378073,0.2166248901414871,0.714,108.14584443776847,1.0,0.0628192476684196,3.6228964584152177,4.0044390593623636,,,,0,17.2265637419678,-73.99958749643316,301.28540294422527,-43.07277430196324,310.57256013564626,-66.12207471314521,0.006978999823331833,0.006978999823331833,0.011691000312566757,0.014229999855160713,18.166313,0.008073999546468258,0.007641000207513571,15.243484,0.0016700000269338489,0.014055999927222729,99.99,9.989999771118164,99.98999786376953,99.99,9.989999771118164,99.98999786376953,99.99,9.989999771118164,99.98999786376953,2.332214117050171,0.024643000215291977,0.5299999713897705,0.04475900158286095,2174873.0,771136.0,136390855.0,78.0807876586914,14.0,3.0,6.0,8.0,0.0,0.0,0.0,2.0,48144.409732,0.1508759371767016
347,17.22848,-72.414505,13.558954532386826,13.611084406206492,13.56991127012021,13.56549971701964,0.0,58236.0196189767,1707.591590908408,0.0,58236.0196189767,1777.496567404518,0.0,58236.0196189767,1844.6931045702272,0.0,1.248596475700884,12.822367648269728,14.070964123970612,0.101211939243976,1.8350964664477,12.471791366056484,14.306887832504184,0.1492323878487926,2.4869648393796027,2.205800654556574,0.0,0.379553246475133,3.6818646901806145,4.029720451237095,,,,0,17.228426751639915,-72.41447100435407,301.07792901039295,-44.65081812970628,314.16715102443675,-65.5330765925941,0.02065099962055683,0.02065099962055683,0.0019420000026002526,0.012222000397741795,14.41238,0.019381999969482422,0.001551999943330884,99.99,9.989999771118164,99.98999786376953,99.99,9.989999771118164,99.98999786376953,99.99,9.989999771118164,99.98999786376953,99.99,9.989999771118164,99.98999786376953,0.7580000162124634,0.05400000140070915,99.98999786376953,0.09680800139904022,2174265.0,767826.0,136423057.0,97.53964233398438,2.0,1.0,2.0,0.0,0.0,0.0,0.0,-1.0,47956.1422841,0.1353965396176357
348,17.314073,-72.275597,5.214186634003793,5.214155764070283,14.607529648774973,14.60697919626305,0.0,10621.993480557972,1739.8485477795691,0.0,10621.993480557972,1810.4001915770675,0.0,10621.993480557972,1878.202407547917,0.0,0.4936431957740907,4.968303783072682,5.461946978846773,0.1025853886974577,0.7545564572933259,4.853657949355728,5.608214406649054,0.156756416643061,1.0442318865979363,330.15741060879446,0.0,0.1001952263849194,3.6077455851193294,4.228197767559658,,,,0,17.314069351212144,-72.27556186867409,301.0227101041189,-44.78657843066016,314.4994369557476,-65.50133513314746,0.01233999989926815,0.01233999989926815,0.01196799986064434,0.02114900015294552,17.564573,0.013605000451207161,0.011998999863862991,14.820362,0.018550999462604523,0.11273899674415588,13.892762,0.1913679987192154,99.98999786376953,99.99,9.989999771118164,99.98999786376953,99.99,9.989999771118164,99.98999786376953,3.4392731189727783,0.2391819953918457,0.8500000238418579,0.1147489994764328,2174264.0,767438.0,136424513.0,37.6121711730957,11.0,3.0,6.0,4.0,1.0,0.0,0.0,2.0,47956.351465,0.12653598063633845
349,17.321614,-71.556213,5.012329010037262,5.013987681335161,14.650683301153029,14.649542690900637,0.0,56489.48959882928,2376.503731291708,0.0,56489.48959882928,2458.7709728131663,0.0,56489.48959882928,2537.5467826114336,0.0,0.5838105675487517,4.71225,5.296060567548752,0.1270000000000024,0.9953377833006424,4.53035,5.525687783300643,0.2153402402972837,1.2837686883319632,1.4903255464720513,1.0,0.1770154309911724,3.642489425774807,4.061153176589596,,,,0,17.321612753781128,-71.55622087571709,300.9193640566894,-45.502220756528885,316.07279611367346,-65.20635767763828,0.007325000129640102,0.007325000129640102,0.02445800043642521,0.03859899938106537,17.442791,0.005222999956458807,0.024654999375343323,14.871001,0.0033859999384731054,0.06573700159788132,99.99,9.989999771118164,99.98999786376953,99.99,9.989999771118164,99.98999786376953,99.99,9.989999771118164,99.98999786376953,2.5502219200134277,0.09077800065279007,0.5536360144615173,0.044360000640153885,2216201.0,765847.0,136513305.0,17.958385467529297,18.0,3.0,10.0,8.0,0.0,0.0,0.0,2.0,47856.258609,0.02838808742727811
350,17.334506,-71.411934,4.5241693618114365,4.523678420975825,14.761829329416532,14.76134128250319,0.0,32547.924522564022,1965.583794448665,0.0,32547.924522564022,2040.5024563453544,0.0,32547.924522564022,2112.394986751102,0.0,0.5083228322082611,4.27147901830844,4.7798018505167015,0.1214797124928832,0.794920220426647,4.1285675948174685,4.9234878152441155,0.1907919770303454,1.0705084766138828,1.9676575448921556,1.0,0.1614208404592358,3.6105957663102055,4.121870943866776,,,,1,17.33457210830505,-71.41194314723722,300.8930957167618,-45.6453811479843,316.3878371591491,-65.14855535645583,0.010156000033020973,0.010156000033020973,0.02736400067806244,0.029048999771475792,17.768515,0.005516999866813421,0.13402099907398224,14.867904,0.002369999885559082,0.5127990245819092,99.99,9.989999771118164,99.98999786376953,99.99,9.989999771118164,99.98999786376953,99.99,9.989999771118164,99.98999786376953,2.369882106781006,-0.17223499715328217,0.5481820106506348,0.037331998348236084,2216204.0,765847.0,136513504.0,5.47219705581665,17.0,3.0,9.0,8.0,0.0,0.0,0.0,2.0,47856.55699,0.08270094052347969
351,17.354747,-72.260063,4.9743883779120335,4.968,14.65897981625514,14.6595254051414,0.0,18506.972559865248,1754.9681694909086,0.0,18506.972559865248,1825.820858204863,0.0,18506.972559865248,1893.905038925532,0.0,0.6035106115067776,4.678089388493222,5.2816,0.1320000000000014,0.8979885785865518,4.556898357794613,5.454886936381165,0.1951655282229669,1.3832952174286506,92.9378739058005,0.0,0.1747431180744505,3.614334824858832,4.250527671971229,,,,0,17.35479274720138,-72.2600523903566,301.0031776804931,-44.800799827303486,314.54570778578636,-65.50646373902829,0.010054999962449074,0.010054999962449074,0.011637999676167965,0.018758000805974007,17.366253,0.013654000125825405,0.012419999577105045,14.551966,0.009216999635100365,0.17298799753189087,99.99,9.989999771118164,99.98999786376953,99.99,9.989999771118164,99.98999786376953,99.99,9.989999771118164,99.98999786376953,1.5442500114440918,-0.08087500184774399,0.9900000095367432,0.11191900074481964,2174212.0,767438.0,136424516.0,69.15340423583984,8.0,3.0,6.0,2.0,0.0,0.0,0.0,2.0,47956.1091785,0.06306285258254339
352,17.629456,-73.466484,3.5373449859793538,3.5388599410806005,15.029008070945562,15.028000000000002,0.0,8618.863572666267,1725.7364272121538,0.0,8618.863572666267,1796.0059040272513,0.0,8618.863572666267,1863.543837464453,0.0,0.3935504512544554,3.342,3.735550451254455,0.1210224386925045,0.6542812077994116,3.194986295785405,3.8492675035848167,0.2024554932870277,0.80984874670779,611.1645098402405,0.0,0.0237480440656737,3.617337888135071,4.054111251504701,,,,0,17.62939454036384,-73.46649139911999,301.0595720643806,-43.5923299420913,311.9012857046171,-66.04015735952147,0.021505000069737434,0.021505000069737434,0.012865000404417515,0.02352900058031082,17.8629,0.01460300013422966,99.98999786376953,15.041571,0.0038610000628978014,99.98999786376953,99.99,9.989999771118164,99.98999786376953,99.99,9.989999771118164,99.98999786376953,99.99,9.989999771118164,99.98999786376953,1.1299999952316284,-0.03099999949336052,99.98999786376953,0.0601859986782074,2174456.0,770069.0,136413636.0,84.6481704711914,2.0,1.0,1.0,1.0,0.0,0.0,0.0,-1.0,48052.1333357,0.068366371846082
353,17.689535,-73.286728,4.499879836692955,4.497762044646006,14.7675558233798,14.767124360023914,0.0,10781.44605835398,1724.7284009471673,0.0,10781.44605835398,1794.9776785607512,0.0,10781.44605835398,1862.496693100846,0.0,0.4451999999999989,4.2799000000000005,4.725099999999999,0.1072119240215219,0.7394137861267085,4.127722930859702,4.86713671698641,0.1790382125997602,0.926883061611706,658.3063316740106,0.0,0.1068360243805204,3.609289202294641,4.124388455838616,,,,0,17.689532572440495,-73.28675604955936,301.0103166325784,-43.76933810688722,312.3288836060732,-65.99126870862636,0.007631000131368637,0.007631000131368637,0.009348000399768353,0.0157919991761446,17.796434,0.004840000066906214,0.023986000567674637,14.933464,0.0015569999814033508,0.021789999678730965,99.99,9.989999771118164,99.98999786376953,99.99,9.989999771118164,99.98999786376953,12.987667,0.011521999724209309,99.98999786376953,2.4128239154815674,-0.019881999120116234,0.9900000095367432,0.09276799857616425,2174457.0,769705.0,136414046.0,0.5795649886131287,17.0,3.0,7.0,9.0,0.0,0.0,1.0,2.0,48052.983401,0.10100968477145617
354,17.793628,-73.086525,11.906721211149064,11.921335659473923,13.710767498039578,13.70949778811551,0.0,34091.2526473502,1742.8725139109508,0.0,34091.2526473502,1813.484471838264,0.0,34091.2526473502,1881.343179174549,0.0,0.7453497335565764,11.525910641724565,12.27126037528114,0.0682497253082736,1.1409231905434076,11.32725888234924,12.468182072892647,0.1040000000000009,1.5183579977175707,252.73591111211255,0.0,0.1628963039936674,3.782558247526477,4.019930515388724,,,,1,17.79355328672803,-73.08653941346515,300.9396357597502,-43.9652854669752,312.8133686507308,-65.94583048367414,0.011145000346004963,0.011145000346004963,0.015262000262737274,0.025547999888658524,14.618214,0.003865000093355775,0.033743999898433685,13.654866,0.010048000141978264,99.98999786376953,99.99,9.989999771118164,99.98999786376953,99.99,9.989999771118164,99.98999786376953,99.99,9.989999771118164,99.98999786376953,1.861415982246399,-0.07566700130701065,0.0,0.10631100088357925,2174421.0,769338.0,136414895.0,29.99887466430664,12.0,3.0,11.0,1.0,0.0,0.0,0.0,6.0,48052.582395,0.09389077928906091
355,18.18153,-73.294205,26.041254675281543,26.04554030674992,12.861010004967849,12.860827006785392,0.0,71056.46924961408,1752.952250022822,0.0,71056.46924961408,1823.7648751333663,0.0,71056.46924961408,1891.8115314257736,0.0,1.150583163939352,25.48018973313208,26.63077289707143,0.0481210952502273,1.8304898163029544,25.13076392534264,26.961253741645592,0.0763419225912276,2.462446170338108,224.2550899166054,0.0,0.2624270168088538,3.8984127198181566,4.36532004813986,,,,0,18.181555486623417,-73.29423295447957,300.8167495924172,-43.74648272476254,312.4375274924516,-66.12589681869542,0.02426600083708763,0.02426600083708763,0.01133699994534254,0.007011000066995621,13.554029,0.00483600003644824,0.014573000371456146,99.99,9.989999771118164,99.98999786376953,99.99,9.989999771118164,99.98999786376953,99.99,9.989999771118164,99.98999786376953,99.99,9.989999771118164,99.98999786376953,1.4134999513626099,-0.15700000524520874,99.98999786376953,0.22620999813079834,2174426.0,769706.0,136414366.0,58.696556091308594,2.0,1.0,2.0,0.0,0.0,0.0,0.0,-1.0,48052.1378294,0.104034878976316
356,18.234879,-73.533585,3.5054670148762614,3.507914175113523,15.038862257159646,15.037323098905,0.0,9108.113349070412,1724.7284009471673,0.0,9108.113349070412,1794.9776785607512,0.0,9108.113349070412,1862.496693100846,0.0,0.3849706631391281,3.3042659147006326,3.6892365778397607,0.119388452097759,0.6855473019834202,3.1399737905255853,3.8255210925090055,0.2140464619780999,0.8291692652228297,327.924649747039,0.0,0.0941333398426076,3.62740101181071,4.058559825080532,,,,0,18.234953046383367,-73.53360358080525,300.8337321458457,-43.50694251934647,311.89652446604515,-66.22476406659055,0.008004000410437584,0.008004000410437584,0.016063999384641647,0.03250899910926819,17.814398,0.0049589998088777065,0.011553999967873096,15.141955,0.001673000049777329,0.04430999979376793,13.959126,0.004356000106781721,99.98999786376953,99.99,9.989999771118164,99.98999786376953,99.99,9.989999771118164,99.98999786376953,2.8146469593048096,0.07982400059700012,0.9700000286102295,0.062438998371362686,2174356.0,770070.0,136392327.0,19.93115234375,17.0,3.0,7.0,9.0,1.0,0.0,0.0,2.0,48144.45842,0.10091378023360081
357,18.263969,-73.205635,5.108949535704532,5.105916363381533,14.629727631034692,14.63,0.0,16429.879152874295,1736.824560643829,0.0,16429.879152874295,1807.31583746203,0.0,16429.879152874295,1875.061512601343,0.0,0.4790011047078373,4.87930798790989,5.358309092617727,0.101660620458535,0.8204159632054013,4.694825660283998,5.515241623489399,0.1744606204585341,1.0949999999999998,408.4202869610487,0.0,0.0723010208832924,3.627683679607803,4.228132740028886,,,,0,18.263947882647518,-73.2056852712569,300.7699407663311,-43.83170419758208,312.66274697901264,-66.11627570164526,0.007499999832361937,0.007499999832361937,0.013845999725162983,0.13817700743675232,17.096643,0.00471000000834465,0.03636400029063225,14.672317,0.0015579999890178442,0.0779390037059784,14.440785,0.012593000195920467,0.1314689964056015,99.99,9.989999771118164,99.98999786376953,99.99,9.989999771118164,99.98999786376953,2.6332170963287354,0.009173999540507793,0.49866700172424316,0.27844199538230896,2174428.0,769706.0,136414443.0,70.95967864990234,23.0,3.0,10.0,11.0,2.0,0.0,0.0,2.0,48052.1225007,0.18230467751463175
358,18.325872,-73.363472,10.99858428629611,10.923071683565066,13.80249123979276,13.804111205461377,0.0,475317.3318755029,1762.0238151743044,0.0,475317.3318755029,1833.0165441944407,0.0,475317.3318755029,1901.2318897776931,0.0,3.3025535414106866,9.460931201376482,12.763484742787169,0.3248714794962488,3.8600278813918862,9.21526272993204,13.075290611323926,0.3802485917984999,4.643515160256435,54.063647775206114,0.0,0.3176895928955896,3.6731262208280193,4.3253860807513815,,,,0,18.3259025114373,-73.3635103949421,300.7709404187898,-43.67287797938006,312.31381809050237,-66.18924925094994,0.013464000076055527,0.013464000076055527,0.016169000416994095,0.018306000158190727,16.130486,0.005133999977260828,0.005078999791294336,13.934812,0.005206999834626913,0.010249000042676926,99.99,9.989999771118164,99.98999786376953,99.99,9.989999771118164,99.98999786376953,99.99,9.989999771118164,99.98999786376953,1.4264999628067017,0.029500000178813934,0.8999999761581421,0.20274999737739563,2174427.0,769706.0,136414239.0,84.1332778930664,8.0,3.0,6.0,2.0,0.0,0.0,0.0,2.0,48052.1237540,0.14175402442642077
359,18.409569,-73.278755,24.14717692899068,24.146092881214592,12.942979385567297,12.942839386235638,0.0,56401.69679332144,1741.864527530903,0.0,56401.69679332144,1812.4563866118767,0.0,56401.69679332144,1880.296268981238,0.0,0.9983203486573338,23.65534635177857,24.653666700435902,0.0451955018771759,1.476269510922286,23.414460888391528,24.890730399313817,0.0668500000000005,2.1218698155721114,252.61445444958363,0.0,0.1307254849807401,3.9358770384701383,4.291899036192653,,,,0,18.409594015019756,-73.27878217645723,300.724086898466,-43.754173308958585,312.5311121734657,-66.18164701436578,0.009689999744296074,0.009689999744296074,0.024941999465227127,0.018881000578403473,13.839498,0.0023380001075565815,0.014392999932169914,13.214727,0.005530000198632479,0.008240999653935432,13.252436,0.009732999838888645,99.98999786376953,99.99,9.989999771118164,99.98999786376953,99.99,9.989999771118164,99.98999786376953,1.6521539688110352,-0.12223099917173386,0.0,0.5133389830589294,2174428.0,769706.0,136414404.0,75.80076599121094,13.0,3.0,10.0,2.0,1.0,0.0,0.0,34.0,48052.1234403,0.10120800679700381
360,18.6571,-71.876244,5.105685940252089,5.1054430695511215,14.630605576472345,14.629961406102204,0.0,23968.36257540297,2949.179321923998,0.0,23968.36257540297,3040.6970342154973,0.0,23968.36257540297,3128.13803145824,0.0,0.5960301220698083,4.811437825751899,5.407467947821707,0.1273267170615888,0.9216509375234034,4.637240180200092,5.558891117723496,0.1967648640244803,1.3312526872560655,409.6939090880021,0.0,0.0594898664404275,3.6327876869962026,4.188614377592058,,,,1,18.657009208132287,-71.87625165328508,300.37887625959604,-45.13686785977433,315.78648731026766,-65.71995220014173,0.008344000205397606,0.008344000205397606,0.011912000365555286,0.020500000566244125,17.241106,0.005059999879449606,0.04346900060772896,14.614271,0.0026020000223070383,0.06561999768018723,99.99,9.989999771118164,99.98999786376953,99.99,9.989999771118164,99.98999786376953,99.99,9.989999771118164,99.98999786376953,1.3272310495376587,0.056768998503685,0.8528569936752319,0.05301300063729286,2216192.0,766652.0,136427573.0,45.32645797729492,13.0,3.0,9.0,4.0,0.0,0.0,0.0,2.0,47857.51628,0.10534051420490345
361,18.69335,-73.35096,8.308885938142264,8.310876649389128,14.101557093155137,14.101,0.0,28391.09023647182,1742.8725139109508,0.0,28391.09023647182,1813.484471838264,0.0,28391.09023647182,1881.343179174549,0.0,0.706541132344098,7.956123114682644,8.662664247026742,0.0920034465305743,1.0363120106015753,7.781811708872953,8.818123719474528,0.1350870778354433,1.4396815691349802,820.2251072549412,0.0,0.0632567334895975,3.605487733860952,4.295092771918668,,,,0,18.693341228255775,-73.35097681006285,300.6244183073329,-43.672570532560194,312.43481664432517,-66.28334628033997,0.007096999790519476,0.007096999790519476,0.03594600036740303,0.030959999188780785,17.433743,0.0039470000192523,0.02891400083899498,14.556658,0.001429000054486096,0.04616200178861618,99.99,9.989999771118164,99.98999786376953,99.99,9.989999771118164,99.98999786376953,99.99,9.989999771118164,99.98999786376953,3.398833990097046,-0.06800000369548798,0.05142899975180626,0.36014100909233093,2174425.0,770070.0,136392441.0,47.39112091064453,24.0,3.0,11.0,13.0,0.0,0.0,0.0,2.0,48144.15546,0.06118880476919402
362,18.752301,-73.799683,3.3254727222418756,3.323582925323851,15.09611260951542,15.09606811995904,0.0,8757.864382550186,1717.6721507598947,0.0,8757.864382550186,1787.779867063206,0.0,8757.864382550186,1855.1662931102323,0.0,0.3834483195044376,3.139314506505341,3.5227628260097785,0.1250383629709812,0.6287727578441924,3.0185882036391893,3.6473609614833817,0.2056818347354951,0.794900248385217,1229.73374560185,0.0,0.0057321263991803,3.6082569806177514,4.021318660769291,,,,0,18.752292371660037,-73.79969733922346,300.67904346906863,-43.22529517557744,311.3969698462178,-66.45231055771667,0.008259999565780163,0.008259999565780163,0.03474599868059158,0.028094999492168427,17.859694,0.011621000245213509,0.01538699958473444,15.06972,0.0022780001163482666,0.02537200041115284,99.99,9.989999771118164,99.98999786376953,99.99,9.989999771118164,99.98999786376953,99.99,9.989999771118164,99.98999786376953,4.070833206176758,0.06350000202655792,0.2800000011920929,0.05215900018811226,2174385.0,770786.0,136390334.0,19.956783294677734,12.0,3.0,5.0,7.0,0.0,0.0,0.0,2.0,48144.298496,0.0523435916821138
363,18.756336,-73.666168,6.562132571839543,6.561755478720831,14.357686988758504,14.35777065951232,0.0,15638.945093745231,1723.7203723173586,0.0,15638.945093745231,1793.949444779268,0.0,15638.945093745231,1861.4495348530693,0.0,0.4536213181529493,6.333593613388996,6.787214931541945,0.0752832181982814,0.7226713359555781,6.196274901007428,6.918946236963006,0.1196800939261368,0.9853517235747676,270.36228812576627,0.0,0.1099639195264694,3.686660833449307,4.083783663469376,,,,0,18.756391702817208,-73.66616083033001,300.6544397628854,-43.35763038148228,311.7125117780607,-66.4085650697036,0.023927999660372734,0.023927999660372734,0.007838999852538109,0.018782999366521835,16.237434,0.006926999893039465,0.01090100035071373,14.346032,0.0031900000758469105,99.98999786376953,99.99,9.989999771118164,99.98999786376953,99.99,9.989999771118164,99.98999786376953,99.99,9.989999771118164,99.98999786376953,1.0103329420089722,0.02266700007021427,99.98999786376953,0.05793299898505211,2174387.0,770430.0,136391873.0,23.28009605407715,3.0,1.0,2.0,1.0,0.0,0.0,0.0,-1.0,48144.891386,0.062021631550593474
364,18.861405,-73.337494,13.469952047411086,13.465715056192098,13.5770081901248,13.577130315592589,0.0,56842.02405120293,1738.8405544042005,0.0,56842.02405120293,1809.372081754291,0.0,56842.02405120293,1877.155456283945,0.0,1.1599946029617438,12.88683530248488,14.046829905446623,0.0938696844074105,1.7556082369296035,12.587151763070397,14.34276,0.1409946777214781,2.474817856426279,169.7532353554946,0.0,0.2013897139438065,3.602375100038098,4.222729305916982,,,,1,18.861450464503804,-73.337505724581,300.55597302060744,-43.679819568898516,312.50808145974736,-66.32379567856509,0.007451000157743692,0.007451000157743692,0.019277000799775124,0.028838999569416046,17.777134,0.004631000105291605,0.03043000027537346,14.878234,0.0017269999952986836,0.3088279962539673,13.60159,0.012737000361084938,99.98999786376953,99.99,9.989999771118164,99.98999786376953,99.99,9.989999771118164,99.98999786376953,2.493736982345581,-0.1271049976348877,0.5481820106506348,0.2789689898490906,2174429.0,769707.0,136392610.0,40.50886154174805,19.0,3.0,7.0,11.0,1.0,0.0,0.0,2.0,48144.16732,0.06311902630193063
365,18.869048,-73.260292,26.11868518905635,26.09871864609203,12.85783356991442,12.858489282412894,0.0,100111.4841490718,1753.9602109096063,0.0,100111.4841490718,1824.7928707222984,0.0,100111.4841490718,1892.858291943616,0.0,1.358860639892292,25.464760734318,26.82362137421029,0.056776000205108,2.1064319796793924,25.026853027791457,27.13328500747085,0.0877299999999987,3.0505183308148673,283.2072791837755,0.0,0.2827681840319108,3.8542320932372656,4.334881117413654,,,,0,18.86904756085415,-73.26031518548307,300.53921733159666,-43.756085481072326,312.6899832891049,-66.2988526330713,0.011339999735355377,0.011339999735355377,0.030546000227332115,0.023624999448657036,13.512583,0.0027979998849332333,0.010300000198185444,12.759516,0.00612299982458353,0.07619299739599228,99.99,9.989999771118164,99.98999786376953,12.934116,0.020938999950885773,99.98999786376953,99.99,9.989999771118164,99.98999786376953,1.4312000274658203,-0.0017000000225380063,0.0,0.35968801379203796,2174429.0,769339.0,136414476.0,9.221941947937012,10.0,3.0,7.0,2.0,0.0,1.0,0.0,2.0,48052.1229971,0.08346898101699463
366,19.104533,-73.146667,5.142867766047326,5.143465502053855,14.622483360055345,14.621873157658056,0.0,13212.580519659336,1737.83255869297,0.0,13212.580519659336,1808.3439637183465,0.0,13212.580519659336,1876.108491305762,0.0,0.4692046579994802,4.909504513497552,5.378709171497032,0.0993904495121107,0.7790800975494614,4.749196132482485,5.528276230031946,0.1649103361545947,1.0013682330401066,51.57856699613858,1.0,0.1331611098247983,3.6100710833290024,4.187112512381739,,,,0,19.104505705812826,-73.1466766668866,300.42502584419697,-43.859778261288994,313.01430285935106,-66.32260515791049,0.016764000058174133,0.016764000058174133,0.013485999777913094,0.04005400091409683,17.616346,0.012829000130295753,0.037344999611377716,14.696018,0.0027030000928789377,0.0009850000496953726,99.99,9.989999771118164,99.98999786376953,99.99,9.989999771118164,99.98999786376953,99.99,9.989999771118164,99.98999786376953,1.434249997138977,-0.08775000274181366,99.98999786376953,0.16513800621032715,2174417.0,769339.0,136414568.0,17.536535263061523,4.0,1.0,2.0,2.0,0.0,0.0,0.0,-1.0,48052.1515146,0.04497371243941478
367,19.219859,-73.216873,6.351635836814497,6.347799227840023,14.39313228015086,14.3935870181922,0.0,13753.667486143211,1734.808557523604,0.0,13753.667486143211,1805.259560259416,0.0,13753.667486143211,1872.967513965612,0.0,0.4520257384473822,6.1414,6.593425738447382,0.0773866453481311,0.7365796059818726,6.012607651582294,6.7491872575641665,0.1255173248243455,1.026003802687134,1012.5953312967108,0.0,0.0144622415039155,3.616514204240434,4.106112785374656,,,,0,19.219809396855617,-73.21690620337311,300.39239351266457,-43.78567789076242,312.8794389279824,-66.3784481518986,0.008320000022649765,0.008320000022649765,0.006798999849706888,0.025863999500870705,17.875614,0.0060720001347362995,0.021831000223755836,14.984874,0.0018080000299960375,0.11764299869537354,99.99,9.989999771118164,99.98999786376953,99.99,9.989999771118164,99.98999786376953,99.99,9.989999771118164,99.98999786376953,1.469642996788025,-0.040286000818014145,0.019999999552965164,0.1246189996600151,2174419.0,769707.0,136392682.0,22.492298126220703,14.0,3.0,7.0,7.0,0.0,0.0,0.0,2.0,48144.777054,0.13017916046037342
368,19.275741,-73.647217,4.507248002866868,4.508106750429218,14.76575816337568,14.765,0.0,12696.015793773546,1731.7845352575391,0.0,12696.015793773546,1802.175082622015,0.0,12696.015793773546,1869.826412763617,0.0,0.4265792160917749,4.297468550023412,4.724047766115187,0.1028520874028711,0.7050104159513042,4.1593,4.864310415951304,0.1707295825194261,0.909305357252392,1148.3241389561692,0.0,0.0482459770563448,3.609030011338384,4.222417731320127,,,,0,19.275773509659984,-73.64721252777782,300.45175065984597,-43.35722865717182,311.87996631035014,-66.53990806082763,0.010428999550640583,0.010428999550640583,0.05596200004220009,0.02394700050354004,17.728182,0.0054339999333024025,0.010053000412881374,14.768973,0.0024059999268501997,0.031394001096487045,99.99,9.989999771118164,99.98999786376953,99.99,9.989999771118164,99.98999786376953,99.99,9.989999771118164,99.98999786376953,3.6867849826812744,0.20742900669574738,0.9800000190734863,0.064069002866745,2174357.0,770071.0,136391939.0,66.4505386352539,14.0,3.0,6.0,8.0,0.0,0.0,0.0,2.0,48144.198419,0.03667416177880204
369,19.3377,-73.595901,13.886991251071638,13.89,13.543648728899612,13.54336481870173,0.0,30130.717742866673,1736.824560643829,0.0,30130.717742866673,1807.31583746203,0.0,30130.717742866673,1875.061512601343,0.0,0.6301732950523924,13.572062778144645,14.202236073197035,0.0490019998426927,1.0166702651679742,13.368707954050333,14.385378219218309,0.0798348819960139,1.4106475354104262,349.9433766617449,1.0,0.0777930587540518,3.787419945196941,4.197800813627284,,,,0,19.33771309665602,-73.59590092638277,300.4182402293292,-43.40565130112224,312.01610595232944,-66.53929581038216,0.00975400023162365,0.00975400023162365,0.01396699994802475,0.013861999846994877,14.611928,0.0023590000346302986,0.010998999699950218,13.483867,0.0035349999088793993,0.01344900019466877,99.99,9.989999771118164,99.98999786376953,13.08657,0.009417000226676464,0.013217000290751457,99.99,9.989999771118164,99.98999786376953,1.173285961151123,-0.03285700082778931,0.012000000104308128,0.06454499810934067,2174357.0,770071.0,136391951.0,10.100893020629883,14.0,3.0,10.0,2.0,0.0,2.0,0.0,2.0,48144.737625,0.013317697188746211
370,19.345612,-73.35466,6.06389383554084,6.067,14.443649153128158,14.443,0.0,23024.301980552224,1736.824560643829,0.0,23024.301980552224,1807.31583746203,0.0,23024.301980552224,1875.061512601343,0.0,0.5860155395704716,5.7591542570429475,6.345169796613419,0.1047806644087359,0.901211368007126,5.6008379663868535,6.50204933439398,0.162249277109197,1.221012443456586,98.3883887025437,0.0,0.167823212681195,3.614605759843915,4.337324279507547,,,,0,19.345587278499192,-73.35467540204374,300.3690795800287,-43.64423923100526,312.58741565613116,-66.45994437186245,0.009914999827742577,0.009914999827742577,0.020284000784158707,0.03374600037932396,17.322872,0.004373000003397465,0.020447000861167908,14.5486,0.002102999947965145,0.12551100552082062,13.251947,0.007102999836206436,99.98999786376953,99.99,9.989999771118164,99.98999786376953,99.99,9.989999771118164,99.98999786376953,3.164267063140869,0.025599999353289604,0.0,0.07965999841690063,2174418.0,769707.0,136392544.0,44.83406448364258,15.0,3.0,7.0,7.0,1.0,0.0,0.0,2.0,48144.786744,0.06102706142970683
371,19.363246,-72.677254,6.248581720978337,6.245122471073085,14.410874251495184,14.411014954004814,0.0,13603.844416154576,1737.83255869297,0.0,13603.844416154576,1808.3439637183465,0.0,13603.844416154576,1876.108491305762,0.0,0.4630511220100333,6.019398877989967,6.48245,0.0800149540048149,0.7157071845939056,5.911330510021117,6.627037694615023,0.1238231887332563,0.9646350164375974,13.987103270590636,1.0,0.1506256433673169,3.6436359589165015,4.101929231605784,,,,0,19.363292142202067,-72.67725811923715,300.23025458234923,-44.31427048629024,314.1711113140283,-66.2251888699337,0.009030000306665897,0.009030000306665897,0.03765600174665451,0.027444999665021896,15.459089,0.003544999985024333,0.010026000440120697,14.360982,0.0018779999809339643,0.02243500016629696,99.99,9.989999771118164,99.98999786376953,99.99,9.989999771118164,99.98999786376953,99.99,9.989999771118164,99.98999786376953,1.7061820030212402,0.09527300298213959,0.9900000095367432,0.05096200108528137,2174244.0,768212.0,136419347.0,6.319502830505371,11.0,3.0,7.0,4.0,0.0,0.0,0.0,2.0,47957.85947,0.05163568963879108
372,19.417553,-73.202896,11.631434128226616,11.633,13.736151813948885,13.736,0.0,32280.515693809873,1750.9363213247834,0.0,32280.515693809873,1821.7088596082017,0.0,32280.515693809873,1889.7179697352287,0.0,0.6742721598738797,11.294556003527347,11.968828163401229,0.0624388323155624,1.0416441055472614,11.105460297618722,12.147104403165985,0.0967619924053586,1.5047860508050626,233.13237542149457,0.0,0.1087061541733767,3.861014329013437,4.133208401776179,,,,0,19.417647174421436,-73.20288067894535,300.31129943093214,-43.7916418343065,312.9618833326639,-66.42716673450477,0.011427000164985657,0.011427000164985657,0.01395300030708313,0.005824999883770943,14.61235,0.002219999907538295,0.013100000098347664,99.99,9.989999771118164,99.98999786376953,13.495285,0.01270500011742115,99.98999786376953,99.99,9.989999771118164,99.98999786376953,99.99,9.989999771118164,99.98999786376953,1.238374948501587,-0.041749998927116394,0.0,0.08654999732971191,2174419.0,769707.0,136392690.0,32.847042083740234,8.0,3.0,7.0,0.0,1.0,0.0,0.0,2.0,48144.863442,0.11243205062115684
373,19.435629,-73.481575,5.267068342791062,5.2663552564525355,14.596420819186912,14.596,0.0,11335.8395259436,1713.6399554923753,0.0,11335.8395259436,1783.6666480173533,0.0,11335.8395259436,1850.977186036692,0.0,0.3978309971164107,5.072590909925598,5.470421907042009,0.0819620587599576,0.6378753495285938,4.936914809616566,5.574790159145159,0.1320680384155377,0.8343246029574747,1229.309910546396,0.0,0.0152897746184725,3.611652804809296,4.1494066360243025,,,,0,19.43562422039727,-73.48157999086422,300.35843712312334,-43.51498919713595,312.3099438204626,-66.52715404936738,0.010606000199913979,0.010606000199913979,0.00875999964773655,0.028051000088453293,17.931372,0.01203100010752678,0.006064999848604202,14.934043,0.0024339999072253704,0.012934000231325626,99.99,9.989999771118164,99.98999786376953,13.297706,0.02757200039923191,99.98999786376953,99.99,9.989999771118164,99.98999786376953,1.6146249771118164,-0.012875000014901161,0.0,0.07582700252532959,2174366.0,770071.0,136392093.0,83.98941040039062,8.0,3.0,2.0,5.0,0.0,1.0,0.0,2.0,48144.86087,0.018621252391947937
374,19.470878,-73.62368,11.056639892530654,10.074189836651,13.823902644235517,13.892286185230043,0.0,1608432.6409085505,1762.0238151743044,0.0,1608432.6409085505,1833.0165441944407,0.0,1608432.6409085505,1901.2318897776931,0.0,8.503495855746783,8.125858822470493,16.629354678217275,0.7770635232527567,9.373843073056433,7.9472,17.32104307305643,0.8455279592009433,10.21349225794764,22.628967080959217,0.0,1.0855402679980646,3.790028153397997,4.289805610356552,,,,0,19.470839936155098,-73.6236580773667,300.3723851823514,-43.37292216168186,311.98165112132915,-66.58394776074809,0.00931399967521429,0.00931399967521429,0.015533999539911747,0.012112000025808811,15.69191,0.0030320000369101763,0.005487999878823757,14.143997,0.002104999963194132,0.05069199949502945,99.99,9.989999771118164,99.98999786376953,99.99,9.989999771118164,99.98999786376953,99.99,9.989999771118164,99.98999786376953,1.5719330310821533,0.038332998752593994,0.0,0.05721300095319748,2174357.0,770431.0,136390587.0,50.8636474609375,15.0,3.0,8.0,7.0,0.0,0.0,0.0,2.0,48144.183527,0.08787067368288665
375,19.917681,-73.335297,6.611757552336442,6.613110098966889,14.34954241639728,14.349,0.0,17167.985831421567,1737.83255869297,0.0,17167.985831421567,1808.3439637183465,0.0,17167.985831421567,1876.108491305762,0.0,0.4583122644615196,6.377849352438876,6.836161616900395,0.0751752873395688,0.7577850927220648,6.216104907277935,6.97389,0.1251752873395695,1.0085088309960497,1327.3397703257208,0.0,0.0060291266749019,3.630515871033936,4.014989650481925,,,,0,19.91767893081625,-73.33529695313268,300.14101529380116,-43.63963360303553,312.77271363501814,-66.60764595744836,0.007872999645769596,0.007872999645769596,0.01682800054550171,0.03236600011587143,18.077612,0.004993000067770481,0.016009999439120293,15.228132,0.00241199997253716,0.12255600094795227,99.99,9.989999771118164,99.98999786376953,13.605808,0.00584599981084466,99.98999786376953,99.99,9.989999771118164,99.98999786376953,1.8674670457839966,-0.09946700185537338,0.009999999776482582,0.06452199816703796,2174352.0,769708.0,136394913.0,8.30385684967041,15.0,3.0,7.0,7.0,0.0,1.0,0.0,2.0,48053.5256,0.002142823135294017
376,19.928189,-73.5327,3.2670244511452062,3.2684254204546677,15.115300601678694,15.114115002222151,0.0,9120.318960279052,1716.6641055175935,0.0,9120.318960279052,1786.7515748703524,0.0,9120.318960279052,1854.1190373285783,0.0,0.3668460636657871,3.0797795673332855,3.4466256309990726,0.1224424988889243,0.5809025285792226,2.9951154137303586,3.5760179423095813,0.1924659137517483,0.742632411843672,29.3170055377777,0.0,0.0980207356383988,3.603311757887119,4.02387107742422,,,,0,19.92815990012064,-73.53271007168358,300.17805800625734,-43.44403226277094,312.3055589228176,-66.67602711346339,0.009384999983012676,0.009384999983012676,0.016447000205516815,0.029729999601840973,18.021982,0.005534000229090452,0.011296999640762806,15.275213,0.0018570000538602471,0.05661100149154663,14.042248,0.0038169999606907368,99.98999786376953,99.99,9.989999771118164,99.98999786376953,99.99,9.989999771118164,99.98999786376953,3.461570978164673,0.0022140000946819782,0.029999999329447746,0.04891100153326988,2174367.0,770431.0,136390652.0,37.007991790771484,14.0,3.0,6.0,7.0,1.0,0.0,0.0,2.0,48144.795773,0.046866815978034077
377,68.923506,-72.361092,28.344586526942976,28.33910201169933,12.769020536229888,12.76910825241557,0.0,89110.33706381696,1401.01666004037,0.0,89110.33706381696,1464.441546658584,0.0,89110.33706381696,1525.5689695598987,0.0,1.4922378870167456,27.61404064222977,29.106278529246516,0.0572165048311372,2.2142459349124124,27.356599180931433,29.570845115843845,0.083811802584826,3.2199702636438516,387.23710767538574,0.0,0.2689775267495208,3.811956668587017,4.218432063103559,,,,1,68.9234699099949,-72.36109481336321,284.8724218987179,-35.8100558612264,312.3223733225678,-80.6860895424073,0.012237000279128551,0.012237000279128551,0.06863799691200256,0.03745200112462044,--,9.989999771118164,99.98999786376953,12.929187,0.006779000163078308,0.23728099465370178,12.850975,0.006500000134110451,0.09717900305986404,12.769431,0.011536999605596066,0.12339899688959122,12.692137,0.009247000329196453,0.5484189987182617,6.238749980926514,0.1081250011920929,0.9900000095367432,0.13327300548553467,2168327.0,767881.0,135424452.0,66.87841033935547,8.0,1.0,0.0,2.0,2.0,2.0,2.0,2.0,47970.53915,0.040651103841971105
378,69.807742,-71.735428,18.42370987010209,18.42511113640216,13.236759001464046,13.236653348222491,0.0,75207.02455970185,4085.5369608425385,0.0,75207.02455970185,4193.055400586015,0.0,75207.02455970185,4295.485557171169,0.0,0.9474377968759562,17.94914377813315,18.896581575009105,0.0561418195272587,1.4760609129083662,17.696192453587077,19.172253366495443,0.0871256158258013,2.07495282724377,1303.0121990714067,0.0,0.0579691527539883,3.7864479220887217,4.16299683561795,,,,0,,,,,,,,,,,,,,,,,,,,,,,,,,,,,,,,,,,,,,,,,,,
379,70.332642,-70.115997,3.833236731057291,3.829559920218532,14.9418670861392,14.94209560039312,0.0,13764.544832130849,2674.465457560375,0.0,13764.544832130849,2761.6698181140073,0.0,13764.544832130849,2845.0703196231943,0.0,0.4681188654846813,3.6030372150452634,4.071156080529945,0.1328308149959234,0.7273600663895841,3.4780473778267473,4.205407444216331,0.2066399426758494,0.9436147289363443,1367.7351687726464,0.0,0.0192035306144677,3.6031834774403024,4.032148902189322,,,,0,70.33264477892881,-70.11602516161207,282.09719906692175,-36.26775444330932,324.97840572827016,-81.96499900082695,0.01831500045955181,0.01831500045955181,0.0021180000621825457,0.005437000188976526,--,9.989999771118164,99.98999786376953,15.383204,0.005745000205934048,99.98999786376953,13.947479,0.03361700102686882,99.98999786376953,99.99,9.989999771118164,99.98999786376953,99.99,9.989999771118164,99.98999786376953,3.0999999046325684,-0.0820000022649765,0.0,0.12309999763965607,2223588.0,762972.0,135477961.0,87.39181518554688,2.0,1.0,0.0,1.0,1.0,0.0,0.0,2.0,47661.572778,0.10143888609716192
380,70.510723,-70.524918,33.8205105020768,33.816500000000005,12.577431672043035,12.577085401910914,0.0,331445.17632031173,2710.6963756391724,0.0,331445.17632031173,2798.481895420429,0.0,331445.17632031173,2882.4267879004474,0.0,2.6586889825917908,32.48841529712193,35.14710427971372,0.0858176587239683,4.105022453072415,31.81893109886096,35.92395355193337,0.1315586409379321,5.624231878119797,340.8439121408277,0.0,0.4343867636052195,3.630166362251471,4.154447227668512,,,,0,70.51073836052142,-70.52491622908597,282.5411923779545,-36.06207048987427,322.07813480719426,-81.89402849552678,0.016958000138401985,0.016958000138401985,0.03759400174021721,0.019161999225616455,16.691208,0.017378000542521477,99.98999786376953,14.4793,0.003215000033378601,0.016627000644803047,13.352819,0.014801999554038048,99.98999786376953,99.99,9.989999771118164,99.98999786376953,99.99,9.989999771118164,99.98999786376953,1.7825000286102295,-0.01549999974668026,0.913332998752594,0.17651300132274628,2223596.0,763831.0,135474603.0,82.59101867675781,4.0,1.0,1.0,2.0,1.0,0.0,0.0,2.0,47768.78376,0.019507321399388593
381,70.779561,-70.458649,19.379137647986145,19.381997445497547,13.18194179658714,13.18175469533365,0.0,103302.33881352886,2709.68998229482,0.0,103302.33881352886,2797.4594117260363,0.0,103302.33881352886,2881.389231823807,0.0,1.2198386899236766,18.77756131007632,19.9974,0.0682016854277041,1.9986765196241727,18.380343609010204,20.379020128634377,0.1122290647873036,2.819317223352826,390.44851925140176,0.0,0.2843232806272804,3.899715370721247,4.247913830606539,,,,0,70.77964039338286,-70.45867797579054,282.4244279397686,-36.002615601291495,322.3063827992841,-82.00093429159647,0.04095499962568283,0.04095499962568283,0.04250499978661537,0.006579999811947346,13.990539,0.007242000196129084,0.00016500000492669642,99.99,9.989999771118164,99.98999786376953,99.99,9.989999771118164,99.98999786376953,99.99,9.989999771118164,99.98999786376953,99.99,9.989999771118164,99.98999786376953,1.3995000123977661,-0.07150000333786011,99.98999786376953,0.17440900206565857,2223599.0,763831.0,135474639.0,19.129783630371094,2.0,1.0,2.0,0.0,0.0,0.0,0.0,-1.0,47768.914114,0.141495105833094
382,70.956826,-69.304626,13.382793746756189,13.357,13.583892481408077,13.586,0.0,36011.478921829905,1252.6692194293194,0.0,36011.478921829905,1312.7031932775024,0.0,36011.478921829905,1370.6549642671391,0.0,0.8290794710698837,13.019225405240578,13.84830487631046,0.0669999999999984,1.2560290182606444,12.805918060520469,14.061947078781111,0.1016118177941667,1.9158253225453947,327.6737874063188,0.0,0.2490822010551418,3.894022429833425,4.067476854034965,,,,0,70.95683831349855,-69.30465176584947,281.06065294058095,-36.354361752879214,330.3573548699078,-82.37608934792515,0.012306000106036663,0.012306000106036663,0.016976000741124153,0.019866999238729477,14.378577,0.002722000004723668,0.009677999652922153,99.99,9.989999771118164,99.98999786376953,99.99,9.989999771118164,99.98999786376953,99.99,9.989999771118164,99.98999786376953,13.431585,0.009464000351727009,99.98999786376953,1.3333330154418945,-0.077333003282547,0.0,0.15738700330257416,2223880.0,761208.0,135490290.0,49.1214599609375,6.0,3.0,5.0,0.0,0.0,0.0,1.0,2.0,47550.953003,0.09407064121705497
383,71.327625,-69.27739,12.284714791108064,12.078241736447383,13.682823439021137,13.69556807685239,0.0,384605.55081864336,1270.8383884796883,0.0,384605.55081864336,1331.298083214285,0.0,384605.55081864336,1389.6485406717318,0.0,3.747196261962962,10.601264409990986,14.348460671953948,0.3288272307409574,4.3118396646025285,10.399284922062316,14.711124586664845,0.3765372769259034,7.485082680711318,21.071012417749795,0.0,0.5013166939483343,3.7270764462500794,4.005322128585668,,,,1,71.3276628775353,-69.27738896182733,280.9730762369874,-36.240534068653794,330.3502636062243,-82.51002144400738,0.010458000004291534,0.010458000004291534,0.006616000086069107,0.006606999784708023,15.172149,0.00470300018787384,0.006209999788552523,14.220653,0.0026420000940561295,0.016061000525951385,13.511605,0.007637999951839447,0.01197499968111515,13.284284,0.035075001418590546,99.98999786376953,99.99,9.989999771118164,99.98999786376953,1.4182859659194946,-0.007571000140160322,0.4099999964237213,0.2085759937763214,2223428.0,760757.0,135490364.0,0.2544960081577301,7.0,1.0,2.0,2.0,2.0,1.0,0.0,2.0,47550.23602,0.04839438809043692
384,71.40502,-70.251076,9.145103154423431,7.750139020467736,14.090977741347896,14.176474848717849,0.0,1367073.6013460867,1270.8383884796883,0.0,1367073.6013460867,1331.298083214285,0.0,1367073.6013460867,1389.6485406717318,0.0,12.892857022276532,4.921491291600576,17.814348313877108,1.3968849092307083,14.502950318289344,4.591249681710655,19.0942,1.5469948487178478,16.26514166587835,28.33872040519835,0.0,2.8134047656156596,3.7359703043961425,4.143879124455849,,,,1,71.4050793454573,-70.25109080177003,282.0924186250855,-35.87993806488693,323.2193534935613,-82.26870310397263,0.009603000245988369,0.009603000245988369,0.01722699962556362,0.013144000433385372,16.456644,0.005442999769002199,0.016433000564575195,14.388438,0.0027030000928789377,0.00546699995175004,13.447542,0.00965800043195486,0.019586000591516495,13.074891,0.015285000205039978,99.98999786376953,99.99,9.989999771118164,99.98999786376953,1.195199966430664,0.0031999999191612005,0.36375001072883606,0.14163200557231903,2223458.0,762973.0,135477531.0,35.8661994934082,10.0,3.0,5.0,2.0,2.0,1.0,0.0,2.0,47661.325836,0.08972640322578755
385,71.533928,-68.915482,3.766094051622965,3.768079487641061,14.96112069558285,14.960000000000004,0.0,10015.362935607169,1247.62200857294,0.0,10015.362935607169,1307.5371745117914,0.0,10015.362935607169,1365.377682698268,0.0,0.4646929688656342,3.5291451356303076,3.993838104495942,0.1345073845380362,0.7284270810581601,3.415361606882123,4.143788687940283,0.2103382563586908,1.011558034410616,741.6651390271198,0.0,0.029423585534963,3.6107475424958984,4.046650206171321,,,,0,71.53401514544697,-68.91549742300255,280.5196380312443,-36.292749646813085,332.9908004563796,-82.65202541589629,0.009951000101864338,0.009951000101864338,0.01583700068295002,0.02295600064098835,18.417728,0.007575000170618296,0.032246001064777374,15.013268,0.002088000066578388,0.16621799767017365,99.99,9.989999771118164,99.98999786376953,99.99,9.989999771118164,99.98999786376953,99.99,9.989999771118164,99.98999786376953,1.5536359548568726,-0.014182000420987606,0.05999999865889549,0.2758280038833618,2223884.0,759843.0,135491461.0,7.451312065124512,11.0,3.0,6.0,5.0,0.0,0.0,0.0,2.0,47550.520296,0.1257785537958235
386,71.888462,-69.242455,34.366752588139974,34.327,12.559843057779403,12.560895967782509,0.0,104036.15963598818,1262.763353972875,0.0,104036.15963598818,1323.034221171649,0.0,104036.15963598818,1381.2078418150215,0.0,1.773427237551978,33.542705724716804,35.31613296226878,0.0561040322174939,2.644999999999996,33.1418,35.7868,0.0830000000000001,3.555938621454537,405.07432632111824,0.0,0.2222390867226545,3.8571294766608113,4.4065437629251685,,,,0,71.8884750479102,-69.24247036488735,280.84998149444874,-36.065085871120026,330.27786151850074,-82.71145185576444,0.021271999925374985,0.021271999925374985,0.023155000060796738,0.00774399982765317,13.290596,0.003350999904796481,0.014821000397205353,99.99,9.989999771118164,99.98999786376953,99.99,9.989999771118164,99.98999786376953,99.99,9.989999771118164,99.98999786376953,99.99,9.989999771118164,99.98999786376953,0.6340000033378601,-0.05000000074505806,99.98999786376953,0.5048390030860901,2223430.0,760758.0,135490703.0,81.31262969970703,3.0,1.0,3.0,0.0,0.0,0.0,0.0,-1.0,47550.1051247,0.05776452062124844
387,71.975142,-69.179344,37.79493728308286,37.763,12.456635393411236,12.45768851058937,0.0,148238.63412199938,1264.7821352501387,0.0,148238.63412199938,1325.100266317982,0.0,148238.63412199938,1383.31814948174,0.0,2.214911571527459,36.81798842847254,39.0329,0.0629688510589367,2.918862653647736,36.52473734635226,39.4436,0.0838691744475355,4.7058890677543275,910.744265572629,0.0,0.6313439853016166,3.9482999604278866,4.546640255516469,,,,0,71.97515849233844,-69.17934359808625,280.76372029548054,-36.056785435536085,330.7109998084015,-82.75538478934304,0.01978999935090542,0.01978999935090542,0.016270000487565994,0.02112399972975254,13.086923,0.002964999992400408,0.008073999546468258,99.99,9.989999771118164,99.98999786376953,99.99,9.989999771118164,99.98999786376953,99.99,9.989999771118164,99.98999786376953,99.99,9.989999771118164,99.98999786376953,0.42933300137519836,-0.0006670000148005784,99.98999786376953,0.6088700294494629,2223430.0,760758.0,135490763.0,1.148118019104004,3.0,1.0,3.0,0.0,0.0,0.0,0.0,-1.0,47550.1051104,0.021153109791857274
388,72.030049,-69.468002,17.071663641463054,17.05486506334193,13.31949952954282,13.320067815963112,0.0,26548.7941608603,1255.697499865518,0.0,26548.7941608603,1315.802642536041,0.0,26548.7941608603,1373.821062748217,0.0,0.7940729687154473,16.679327031284554,17.4734,0.050955919623977,1.294828628640996,16.422181371359006,17.717010000000002,0.0823623792678276,1.7194601598993238,908.3148441851432,0.0,0.0770401893433301,3.854886316803101,4.021461354156317,,,,0,72.03010751932129,-69.4680077673591,281.09279443778,-35.943528041466266,328.45822476020584,-82.70580235693821,0.008864999748766422,0.008864999748766422,0.05310700088739395,0.038343001157045364,13.962142,0.0043299999088048935,0.011784999631345272,13.270402,0.010203000158071518,0.006053999997675419,13.318716,0.008220000192523003,0.08209600299596786,13.391975,0.018532000482082367,0.05988699942827225,13.336372,0.033472999930381775,0.07272999733686447,6.319799900054932,0.09539999812841415,0.8799999952316284,0.44013500213623047,2223434.0,761209.0,135489847.0,74.59170532226562,10.0,1.0,2.0,2.0,2.0,2.0,2.0,2.0,47550.134098,0.07674991414019285
389,72.255617,-68.976868,10.905901375139743,10.906794343327125,13.806029543459726,13.80585046340816,0.0,10912.06362209694,1248.6314584457352,0.0,10912.06362209694,1308.5704053421143,0.0,10912.06362209694,1366.433184217304,0.0,0.5187685658377514,10.646114208579082,11.164882774416832,0.0517448609775534,0.8402370891877631,10.490422910812237,11.33066,0.0837011204861237,1.0456002535883826,377.0808022053844,0.0,0.1042387117680799,3.739140609447584,4.009205395012628,,,,0,72.25560845010301,-68.97684361016769,280.4866556367647,-36.02769707149145,332.1303642789804,-82.89544110437538,0.009116999804973602,0.009116999804973602,0.005828999914228916,0.006974999792873859,15.377777,0.0030590000096708536,0.008735000155866146,13.87876,0.004294999875128269,99.98999786376953,99.99,9.989999771118164,99.98999786376953,13.117496,0.008671999908983707,99.98999786376953,99.99,9.989999771118164,99.98999786376953,0.8671249747276306,-0.04374999925494194,0.41999998688697815,0.4556869864463806,2223885.0,760303.0,135491025.0,63.79315948486328,8.0,3.0,6.0,1.0,0.0,1.0,0.0,2.0,47550.952700,0.08849498868619621
390,72.268664,-68.907272,15.953385011941055,15.935642029506049,13.39306035780049,13.394000000000002,0.0,24740.684086564164,1256.706919026041,0.0,24740.684086564164,1316.8357653873793,0.0,24740.684086564164,1374.8763839964822,0.0,0.7789831083769343,15.58691238472034,16.365895493097273,0.0531050953204896,1.2393468268311452,15.381152262246918,16.620499089078063,0.0839800000000003,1.6244162840740977,328.4959390387857,0.0,0.1472239747327774,3.810775595908416,4.071553597409808,,,,0,72.26865297274581,-68.90725662365088,280.40327579608515,-36.04553723461079,332.6757239808576,-82.91350524268775,0.011474999599158764,0.011474999599158764,0.008310999721288681,0.007799999788403511,14.498506,0.0028989999555051327,0.009358000010251999,99.99,9.989999771118164,99.98999786376953,99.99,9.989999771118164,99.98999786376953,99.99,9.989999771118164,99.98999786376953,99.99,9.989999771118164,99.98999786376953,1.024999976158142,-0.014000000432133675,0.0,0.42021098732948303,2223886.0,759844.0,135493766.0,67.01106262207031,6.0,3.0,6.0,0.0,0.0,0.0,0.0,2.0,47435.1038492,0.05716873465667358
391,72.30168,-69.456535,,,,,,,,,,,,,,,,,,,,,,,,,,,3.8556271143340446,5.129539734185707,,,,0,,,,,,,,,,,,,,,,,,,,,,,,,,,,,,,,,,,,,,,,,,,
392,72.306186,-69.787003,9.381518906442873,9.3848626439275,13.969710563242002,13.968866888285952,0.0,21913.561359301333,1256.706919026041,0.0,21913.561359301333,1316.8357653873793,0.0,21913.561359301333,1374.8763839964822,0.0,0.7301569537545483,9.001,9.731156953754548,0.0844331117140484,1.1839824957156662,8.812339999999999,9.996322495715663,0.1363652579827761,1.6706400722590171,599.7055784970781,0.0,0.0912532855806158,3.6309720409459656,4.277548532375668,,,,1,72.30628046314763,-69.78699630030343,281.4252549049105,-35.747643406947105,325.8335296773658,-82.70863573545118,0.010089999996125698,0.010089999996125698,0.02180900052189827,0.02114100009202957,17.329733,0.008387000299990177,0.012973999604582787,14.357981,0.0024560000747442245,0.10357499867677689,13.050943,0.01566999964416027,99.98999786376953,99.99,9.989999771118164,99.98999786376953,99.99,9.989999771118164,99.98999786376953,1.5166360139846802,-0.17299999296665192,0.5199999809265137,0.18227499723434448,2223463.0,762100.0,135488156.0,58.98757553100586,11.0,3.0,5.0,5.0,1.0,0.0,0.0,2.0,47550.197626,0.11994698095976135
393,72.329389,-69.431839,87.36555556090056,87.43977860126185,11.547045634737458,11.546,0.0,583974.3100888606,1268.8196524671375,0.0,583974.3100888606,1329.232197211321,0.0,583974.3100888606,1387.538498696517,0.0,7.0485815720664675,83.76041842793353,90.809,0.0874277875639784,10.154926944134672,82.22650592774343,92.3814328718781,0.1262767822794295,13.874573793211924,393.6471196496401,0.0,0.950088830969532,3.913255060691179,4.757513276961767,,,,0,72.32944529762581,-69.43181863631169,281.0081209025676,-35.8560867956487,328.520371577593,-82.8166587386417,0.03604999929666519,0.03604999929666519,99.98999786376953,99.98999786376953,11.91538,0.0056130001321434975,99.98999786376953,99.99,9.989999771118164,99.98999786376953,99.99,9.989999771118164,99.98999786376953,99.99,9.989999771118164,99.98999786376953,99.99,9.989999771118164,99.98999786376953,1.378999948501587,0.17000000178813934,99.98999786376953,0.9603660106658936,2223434.0,761657.0,135488511.0,48.753475189208984,1.0,1.0,1.0,0.0,0.0,0.0,0.0,-1.0,47550.1119750,0.10219636624654957
394,72.47404,-69.754547,41.04027575586701,39.01886385401185,12.375989352240415,12.422000000000002,0.0,1890594.1320517575,1270.8383884796883,0.0,1890594.1320517575,1331.298083214285,0.0,1890594.1320517575,1389.6485406717318,0.0,16.813569898960147,35.602799999999995,52.41636989896014,0.419957664102828,19.08671080314167,35.282754059674126,54.36946486281579,0.4690042335897182,20.454,27.1084429996799,0.0,2.5511894438294234,3.774473357955873,4.2503930198344095,,,,0,72.47421381229003,-69.75453231940594,281.3640523000464,-35.7034046214694,325.93818399977323,-82.77383459777373,0.044091999530792236,0.044091999530792236,99.98999786376953,99.98999786376953,16.060032,0.01254700031131506,99.98999786376953,99.99,9.989999771118164,99.98999786376953,99.99,9.989999771118164,99.98999786376953,99.99,9.989999771118164,99.98999786376953,99.99,9.989999771118164,99.98999786376953,0.8799999952316284,0.03700000047683716,99.98999786376953,0.21695299446582794,2223460.0,762100.0,135488122.0,73.13550567626953,1.0,1.0,1.0,0.0,0.0,0.0,0.0,-1.0,47550.1407105,0.22288386556145828
395,72.485769,-69.755859,42.461900364917184,41.50617975371518,12.332482890168947,12.354899894941642,0.0,917233.544122452,1270.8383884796883,0.0,917233.544122452,1331.298083214285,0.0,917233.544122452,1389.6485406717318,0.0,9.040960048096515,39.343582918431295,48.38454296652781,0.2246000000000005,10.767547039808548,38.781532960191456,49.54908,0.2659879453696518,12.989839166803833,27.1084429996799,0.0,1.4434290978943354,3.61706730114941,4.431224807703229,,,,0,72.48587856541008,-69.75582751240246,281.36394132950807,-35.69916648833827,325.9185728358907,-82.7772824380071,0.020092999562621117,0.020092999562621117,0.008609999902546406,0.029906999319791794,17.11253,0.019063999876379967,99.98999786376953,13.981285,0.007765000220388174,0.06353499740362167,99.99,9.989999771118164,99.98999786376953,99.99,9.989999771118164,99.98999786376953,99.99,9.989999771118164,99.98999786376953,1.3793330192565918,0.03400000184774399,0.0,0.21336600184440613,2223460.0,762100.0,135488122.0,93.30580139160156,3.0,1.0,1.0,2.0,0.0,0.0,0.0,2.0,47550.439907,0.17741779442754815
396,72.513294,-68.259689,11.54795777387375,10.116,13.794561849674196,13.887899326711183,0.0,1204863.0672064642,1270.8383884796883,0.0,1204863.0672064642,1331.298083214285,0.0,1204863.0672064642,1389.6485406717318,0.0,11.105799299456107,7.890200700543889,18.996,0.953640269315528,12.001078173454124,7.70288,19.70395817345413,1.0200883231786335,15.492179849390569,22.273592167991357,0.0,1.9362774819451372,3.7757376491694976,4.122033844514466,,,,0,72.51333105699071,-68.25967981235392,279.6075617841562,-36.163991637597356,337.8296592913731,-83.09721165921867,0.01539199985563755,0.01539199985563755,0.021083999425172806,0.031936999410390854,14.734004,0.0028979999478906393,0.012184999883174896,99.99,9.989999771118164,99.98999786376953,99.99,9.989999771118164,99.98999786376953,99.99,9.989999771118164,99.98999786376953,99.99,9.989999771118164,99.98999786376953,1.1295000314712524,-0.007000000216066837,0.029999999329447746,0.2252420037984848,2223804.0,758443.0,135495098.0,73.68350219726562,6.0,3.0,6.0,0.0,0.0,0.0,0.0,2.0,47435.1038003,0.059461481935680946
397,72.569551,-69.969131,21.146220130354877,21.122691986774843,13.087095538326466,13.088,0.0,29548.05407452464,1253.67865007182,0.0,29548.05407452464,1313.7363564974926,0.0,29548.05407452464,1371.7103529108977,0.0,0.9650173628172888,20.71239958062439,21.67741694344168,0.0494796061628886,1.4585891651824987,20.4851108348175,21.9437,0.0747109282523936,2.005983646955176,319.378533565009,0.0,0.2819610867352917,3.830592860037291,4.046459705473696,,,,0,72.56962606670264,-69.96909585770855,281.6004794619465,-35.60236221842806,324.2428135928894,-82.7363172562191,0.01971299946308136,0.01971299946308136,0.018935000523924828,0.009944000281393528,14.425727,0.0038900000508874655,0.01881599985063076,99.99,9.989999771118164,99.98999786376953,99.99,9.989999771118164,99.98999786376953,99.99,9.989999771118164,99.98999786376953,99.99,9.989999771118164,99.98999786376953,0.6416670083999634,-0.023000000044703484,99.98999786376953,0.12751899659633636,2223462.0,762539.0,135477078.0,54.58617401123047,3.0,1.0,3.0,0.0,0.0,0.0,0.0,-1.0,47661.1076008,0.15675945336328578
398,72.572915,-69.397163,26.682778616312635,26.6595,12.834760453882032,12.835432369228592,0.0,105261.33157231568,1267.8102788186843,0.0,105261.33157231568,1328.1992343728482,0.0,105261.33157231568,1386.4834445908116,0.0,1.9233166850909529,25.737183314909046,27.6605,0.0783242769214425,2.9323043008257663,25.32061328091134,28.252917581737105,0.119294566152865,4.309183700059037,349.29696069195535,0.0,0.6131196080041619,3.946672757033846,4.377719963982594,,,,1,72.57297639047837,-69.39712881451766,280.9335808767106,-35.78621369870191,328.609849866178,-82.90837415584012,0.018636999651789665,0.018636999651789665,0.01796399988234043,0.02010899968445301,13.128948,0.004244999960064888,0.012985000386834145,99.99,9.989999771118164,99.98999786376953,99.99,9.989999771118164,99.98999786376953,99.99,9.989999771118164,99.98999786376953,99.99,9.989999771118164,99.98999786376953,0.6823329925537109,0.020332999527454376,99.98999786376953,1.3297200202941895,2223435.0,761210.0,135489182.0,40.13988494873047,3.0,1.0,3.0,0.0,0.0,0.0,0.0,-1.0,47550.1052065,0.1455806830975998
399,72.593866,-69.332047,31.40679345969523,31.37,12.657645471870271,12.6588129168403,0.0,80593.24326056418,1263.7727465043763,0.0,80593.24326056418,1324.0672503998323,0.0,80593.24326056418,1382.263006758984,0.0,1.6260075298209389,30.594742470179057,32.220749999999995,0.0556258336805992,2.6420270022814165,30.21263190292067,32.854658905202086,0.0909999999999993,3.4576707864392695,348.44669318511137,0.0,0.4561930106556718,3.9297661631120566,4.331197173457375,,,,0,72.59390962545777,-69.332008437264,280.8546011215873,-35.80003393768631,329.1048003335046,-82.932329528149,0.01779700070619583,0.01779700070619583,0.007859000004827976,0.012404999695718288,13.154963,0.003470000112429261,0.005036000162363052,99.99,9.989999771118164,99.98999786376953,99.99,9.989999771118164,99.98999786376953,99.99,9.989999771118164,99.98999786376953,99.99,9.989999771118164,99.98999786376953,0.6919999718666077,0.04233299940824509,99.98999786376953,1.4646079540252686,2223437.0,761210.0,135489253.0,29.372224807739258,3.0,1.0,3.0,0.0,0.0,0.0,0.0,-1.0,47550.1051871,0.14948340092774284
400,72.654389,-69.99234,56.933748599377566,56.936,12.01172693402353,12.011720360050028,0.0,113179.3089515807,1267.8102788186843,0.0,113179.3089515807,1328.1992343728482,0.0,113179.3089515807,1386.4834445908116,0.0,2.363147020338374,55.77483730320398,58.137984323542355,0.0450000000000017,3.886514750270308,55.043529336722706,58.930044086993014,0.0740720360050026,5.224494922947237,1288.712699183971,1.0,0.2633627304742628,3.928316013681225,4.150164721469004,,,,0,72.65448892950161,-69.99230843085492,281.61581687334973,-35.567330216166525,323.9921602237057,-82.75584039850808,0.024862999096512794,0.024862999096512794,0.023034000769257545,0.005481000058352947,14.328531,0.004705000203102827,0.01609800010919571,99.99,9.989999771118164,99.98999786376953,99.99,9.989999771118164,99.98999786376953,99.99,9.989999771118164,99.98999786376953,99.99,9.989999771118164,99.98999786376953,0.7465000152587891,0.0044999998062849045,99.98999786376953,0.12425500154495239,2223462.0,762975.0,135476734.0,81.6067123413086,2.0,1.0,2.0,0.0,0.0,0.0,0.0,-1.0,47661.1076014,0.16752962682064768
401,72.662716,-69.983589,174.33619461077845,173.834,10.796691616766468,10.8,0.0,275443.0433666309,683.5518321571049,0.0,275443.0433666309,728.1919358564525,0.0,275443.0433666309,771.729845288967,0.0,6.8925499999999715,171.34795000000005,178.2405,0.0426499999999983,10.84487999999999,169.80781000000002,180.65269,0.0673200000000004,22.013000000000005,293.7840886451702,1.0,3.2621643614305604,3.669845295438496,4.237946723189651,,,,0,72.66280797600936,-69.98357347697389,281.6045240133884,-35.567479686695464,324.0496751360738,-82.76148365266,0.00841199979186058,0.00841199979186058,0.023996999487280846,0.033271998167037964,16.598766,0.009616999886929989,0.12545999884605408,14.078358,0.008456000126898289,0.005752000026404858,12.994658,0.022691000252962112,0.009846000000834465,12.736048,0.03164900094270706,0.01903199963271618,12.333141,0.012709000147879124,0.18392600119113922,6.975856781005859,0.5254999995231628,0.17090900242328644,0.12583300471305847,2223462.0,762975.0,135476735.0,86.41373443603516,14.0,3.0,6.0,2.0,2.0,2.0,2.0,34.0,47661.271025,0.126364960067038
402,72.667214,-69.712425,18.71557385757496,18.715,13.21965633958274,13.219599968574215,0.0,24083.80302511742,1256.706919026041,0.0,24083.80302511742,1316.8357653873793,0.0,24083.80302511742,1374.8763839964822,0.0,0.8557849494706531,18.2824,19.138184949470652,0.0495800219980502,1.3785085655884686,17.99045143441153,19.36896,0.0803959792589825,1.7131995393407458,1287.5253946875916,0.0,0.1257339631428102,3.841401562277712,4.046647640896281,,,,0,72.66738685534379,-69.71238453765852,281.28827912194544,-35.65375318003928,326.09561243458495,-82.85042279879653,0.015186999924480915,0.015186999924480915,0.018964000046253204,0.013434000313282013,14.190794,0.004772000014781952,0.00850799959152937,99.99,9.989999771118164,99.98999786376953,99.99,9.989999771118164,99.98999786376953,99.99,9.989999771118164,99.98999786376953,99.99,9.989999771118164,99.98999786376953,1.0160000324249268,-0.06483300030231476,0.0,0.2522200047969818,2223460.0,761657.0,135488292.0,56.025360107421875,6.0,3.0,6.0,0.0,0.0,0.0,0.0,2.0,47550.1320746,0.26033140607115973
403,72.732719,-69.431274,173.1091032934132,173.62650000000002,10.805025449101796,10.801,0.0,1005555.5265018728,683.5518321571049,0.0,1005555.5265018728,728.1919358564525,0.0,1005555.5265018728,771.729845288967,0.0,21.849899999999963,161.45600000000002,183.3059,0.1379999999999999,26.479600000000033,159.57902,186.05862,0.1669900000000002,33.024,210.4620826934043,0.0,6.140445266111879,3.781404462137983,5.047388277226878,,,,0,72.73278732635079,-69.43124061308511,280.951333713461,-35.72207720279056,328.22085715359634,-82.95342262344634,0.02844800055027008,0.02844800055027008,99.98999786376953,99.98999786376953,12.027548,0.016131000593304634,99.98999786376953,--,9.989999771118164,99.98999786376953,--,9.989999771118164,99.98999786376953,--,9.989999771118164,99.98999786376953,--,9.989999771118164,99.98999786376953,3.056999921798706,-0.2199999988079071,99.98999786376953,1.265766978263855,2223435.0,761210.0,135489087.0,75.70394897460938,1.0,1.0,1.0,0.0,0.0,0.0,0.0,-1.0,47550.1052137,0.1480354768906412
404,72.782142,-70.277702,44.10401376936317,44.045,12.288965576592084,12.29,0.0,59894.746964137616,595.3981820581207,0.0,59894.746964137616,637.135473801841,0.0,59894.746964137616,677.9561491880349,0.0,1.899000000000001,43.242,45.141,0.0460000000000011,2.4971999999999994,42.984,45.4812,0.061399999999999,3.734999999999999,340.7468221275116,0.0,0.5355499769188476,3.878507575183235,4.498726668904884,,,,0,72.78206259168662,-70.27769190091495,281.9298632306123,-35.433328796374134,321.765721430461,-82.6938577001959,0.019269999116659164,0.019269999116659164,0.0036430000327527523,0.012171000242233276,13.047833,0.0027169999666512012,0.005344000179320574,99.99,9.989999771118164,99.98999786376953,99.99,9.989999771118164,99.98999786376953,99.99,9.989999771118164,99.98999786376953,99.99,9.989999771118164,99.98999786376953,0.586667001247406,0.022332999855279922,99.98999786376953,0.1625639945268631,2220688.0,763406.0,135476433.0,51.07170867919922,3.0,1.0,3.0,0.0,0.0,0.0,0.0,-1.0,47661.1076376,0.10309365120368509
405,72.806542,-69.194733,28.006249665135464,28.01441319281349,12.78215754587986,12.782,0.0,80830.60859141068,1256.706919026041,0.0,80830.60859141068,1316.8357653873793,0.0,80830.60859141068,1374.8763839964822,0.0,1.777181320947676,27.136738270298913,28.91391959124659,0.0690000000000008,2.8962949532030144,26.690325046796993,29.586620000000007,0.1113015872339282,3.979790072421693,144.27286873062727,0.0,0.7201750441712702,3.8610102673408537,4.28293416046006,,,,0,72.80663784070984,-69.19473528679117,280.664693616012,-35.772025684051165,330.04060618398324,-83.03937778381011,0.02229899913072586,0.02229899913072586,0.00532800005748868,0.00648899981752038,13.46509,0.005787999834865332,0.009487999603152275,99.99,9.989999771118164,99.98999786376953,99.99,9.989999771118164,99.98999786376953,99.99,9.989999771118164,99.98999786376953,99.99,9.989999771118164,99.98999786376953,0.7684999704360962,-0.02850000001490116,99.98999786376953,0.9066900014877319,2223426.0,760759.0,135489481.0,60.3714599609375,2.0,1.0,2.0,0.0,0.0,0.0,0.0,-1.0,47550.1051402,0.1228271740596124
406,72.810664,-68.962128,15.524661971870866,15.509675157498709,13.422649347041313,13.4239054667232,0.0,25270.143132432688,1259.7351536180588,0.0,25270.143132432688,1319.9350534656312,0.0,25270.143132432688,1378.0422133867607,0.0,0.8373828491195159,15.1464,15.983782849119516,0.0581499999999977,1.3003848009474923,14.895656884039528,16.19604168498702,0.090830444035614,1.7431517667681504,338.1010009048675,0.0,0.2213610838975585,3.8896626091205535,4.067089800646464,,,,0,72.81069089908699,-68.96213138715893,280.3916876455753,-35.843349299099195,331.91478939993596,-83.09344496023158,0.01080199982970953,0.01080199982970953,0.009513000026345253,0.02041500061750412,14.092785,0.0027840000111609697,0.020586000755429268,99.99,9.989999771118164,99.98999786376953,99.99,9.989999771118164,99.98999786376953,99.99,9.989999771118164,99.98999786376953,99.99,9.989999771118164,99.98999786376953,1.1113330125808716,-0.047832999378442764,0.0,0.5758690237998962,2223875.0,760304.0,135492323.0,3.2000670433044434,6.0,3.0,6.0,0.0,0.0,0.0,0.0,6.0,47435.1038558,0.03683949983491196
407,72.937831,-69.504936,42.15157816934677,42.183499999999995,12.338178487178604,12.337,0.0,113609.53931069508,1255.697499865518,0.0,113609.53931069508,1315.802642536041,0.0,113609.53931069508,1373.821062748217,0.0,2.279642111334965,40.95350788866503,43.233149999999995,0.058384587188426,3.5037322056358633,40.17228290851739,43.67601511415325,0.0912867889408826,4.837383497158186,1165.776976272012,0.0,0.7070074221993526,3.839577565246478,4.39577772097808,,,,0,72.93797383454344,-69.5049528086628,281.0093715144461,-35.63048188696532,327.4775458545135,-83.00194576978883,0.029552999883890152,0.029552999883890152,0.0016139999497681856,0.022244999185204506,13.157969,0.004470000043511391,0.0022140000946819782,99.99,9.989999771118164,99.98999786376953,99.99,9.989999771118164,99.98999786376953,99.99,9.989999771118164,99.98999786376953,99.99,9.989999771118164,99.98999786376953,1.3135000467300415,-0.08449999988079071,99.98999786376953,0.667182981967926,2223432.0,761210.0,135489052.0,57.38359832763672,2.0,1.0,2.0,0.0,0.0,0.0,0.0,-1.0,47550.1053207,0.1899336193949041
408,72.937915,-69.77256,30.27495423793859,30.264501233239734,12.697582393781335,12.69790978626553,0.0,102971.2393497414,1269.8290223526296,0.0,102971.2393497414,1330.2651468198271,0.0,102971.2393497414,1388.593530714636,0.0,1.9739390755213224,29.31114984523273,31.285088920754053,0.0706815748070681,2.9090637465215927,28.81908558518625,31.728149331707844,0.1045421867207316,4.139664968668129,314.4685930399329,0.0,0.6191637799530125,3.9297661631120535,4.2691971734573695,,,,1,72.9379346277916,-69.77248015637346,281.32141608420824,-35.54576967133326,325.3977571881513,-82.9205390252238,0.04604100063443184,0.04604100063443184,99.98999786376953,99.98999786376953,13.030509,0.009496999904513359,99.98999786376953,99.99,9.989999771118164,99.98999786376953,99.99,9.989999771118164,99.98999786376953,99.99,9.989999771118164,99.98999786376953,99.99,9.989999771118164,99.98999786376953,1.1890000104904175,0.1340000033378601,99.98999786376953,0.28501400351524353,2220696.0,762101.0,135487917.0,22.180383682250977,1.0,1.0,1.0,0.0,0.0,0.0,0.0,-1.0,47550.1387724,0.28847342098181
409,72.941734,-68.886284,15.94016827905248,15.94030971366591,13.393946273216454,13.394000000000002,0.0,21239.191694305857,1258.725745897677,0.0,21239.191694305857,1318.901970835884,0.0,21239.191694305857,1376.9869592885675,0.0,0.7649356792801232,15.557222433498035,16.32215811277816,0.0520638841368139,1.262068648160577,15.284222761086124,16.546291409246702,0.0857549914462669,1.703498761498066,297.28454020951773,1.0,0.2655439863967525,3.782977329837754,4.149086304957614,,,,0,72.94170315878577,-68.88623639269697,280.28468141015946,-35.82205344866685,332.4535517558941,-83.15524911023182,0.010778999887406826,0.010778999887406826,0.014790000393986702,0.009867999702692032,14.672133,0.002715999959036708,0.024163000285625458,99.99,9.989999771118164,99.98999786376953,99.99,9.989999771118164,99.98999786376953,99.99,9.989999771118164,99.98999786376953,99.99,9.989999771118164,99.98999786376953,0.7011669874191284,-0.005667000077664852,0.0,0.37630200386047363,2223872.0,759845.0,135492513.0,0.8780249953269958,6.0,3.0,6.0,0.0,0.0,0.0,0.0,2.0,47435.1038498,0.17599101281232268
410,72.976371,-69.024078,28.44058139947831,28.428026463747223,12.76536749388366,12.765532560588724,0.0,70036.22512501488,1259.7351536180588,0.0,70036.22512501488,1319.9350534656312,0.0,70036.22512501488,1378.0422133867607,0.0,1.570179627876911,27.663427582513417,29.23360721039033,0.0601499999999983,2.3538739721279143,27.318590621879196,29.67246459400711,0.0893355131708961,3.437313562028532,792.8954327181344,0.0,0.5358951753371098,3.851990521262485,4.287303122148546,,,,0,72.97641301889476,-69.02409125007924,280.44160019490795,-35.76765417916897,331.3026221073796,-83.13798977940493,0.023031000047922134,0.023031000047922134,0.0018350000027567148,0.015363999642431736,13.530178,0.005322999786585569,0.0033909999765455723,99.99,9.989999771118164,99.98999786376953,99.99,9.989999771118164,99.98999786376953,99.99,9.989999771118164,99.98999786376953,99.99,9.989999771118164,99.98999786376953,0.8205000162124634,-0.03849999979138374,99.98999786376953,0.5881479978561401,2223424.0,760304.0,135492290.0,31.040149688720703,2.0,1.0,2.0,0.0,0.0,0.0,0.0,-1.0,47435.1257614,0.07216346723587068
411,73.033181,-66.818192,19.587107261017117,19.58177376773309,13.170243950802096,13.170486518863422,0.0,63627.27455431849,3400.831890196852,0.0,63627.27455431849,3499.0254778506633,0.0,63627.27455431849,3592.720196465633,0.0,0.8847522950312126,19.15362020692817,20.038372501959383,0.0492859327610677,1.3584085283765717,18.911895709876948,20.27030423825352,0.0748784456036393,1.862808336907044,16.943425505585836,1.0,0.2306411580839822,3.6206747921140927,4.058660195344072,,,,0,,,,,,,,,,,,,,,,,,,,,,,,,,,,,,,,,,,,,,,,,,,
412,73.039665,-70.505318,34.37349198372418,34.3975,12.5597474079067,12.559,0.0,119832.2662195458,1267.8102788186843,0.0,119832.2662195458,1328.1992343728482,0.0,119832.2662195458,1386.4834445908116,0.0,2.4374370310496403,33.069312968950356,35.50675,0.0770612070508427,3.6868679507559463,32.396207703622586,36.08307565437853,0.1169999999999991,5.159651484168023,393.41764062261626,0.0,0.4805686368512762,3.891821400195477,4.409843562947061,,,,0,73.0396992084246,-70.50534823860201,282.15927972381553,-35.27746488768587,319.8538710578685,-82.68335219874177,0.026562999933958054,0.026562999933958054,0.012656000442802906,0.004302999936044216,13.231302,0.005142000038176775,0.007859000004827976,99.99,9.989999771118164,99.98999786376953,99.99,9.989999771118164,99.98999786376953,99.99,9.989999771118164,99.98999786376953,99.99,9.989999771118164,99.98999786376953,1.2369999885559082,0.05550000071525574,99.98999786376953,0.17772500216960907,2220753.0,763406.0,135476228.0,38.8780403137207,2.0,1.0,2.0,0.0,0.0,0.0,0.0,-1.0,47661.1076645,0.11635845057127396
413,73.073257,-66.912819,18.5116871826087,18.51,13.231559119502837,13.23165000200575,0.0,50441.434523046264,3405.860396745195,0.0,50441.434523046264,3504.1257288044844,0.0,50441.434523046264,3597.887655901079,0.0,0.8589712872800028,18.084695070714176,18.94366635799418,0.0502379748812735,1.3124215477057852,17.862444382941305,19.17486593064709,0.0767539993729755,1.8482556859182824,360.85924815147087,0.0,0.1204083092406568,3.849198870574438,4.066188713770059,,,,0,,,,,,,,,,,,,,,,,,,,,,,,,,,,,,,,,,,,,,,,,,,
414,73.080188,-69.078506,74.88055702321793,74.8805260772372,11.71433346033393,11.714123732102024,0.0,401839.93986905646,1266.8009014027325,0.0,401839.93986905646,1327.1662582884603,0.0,401839.93986905646,1385.4283683709027,0.0,4.528180419790672,72.60325930418098,77.13143972397165,0.0659237321020214,6.416975912789155,71.55662408721084,77.97359999999999,0.0926837321020244,9.722916606096774,1167.7283417085762,0.0,1.2139056905668184,3.799504295953913,4.7082670700325,,,,0,73.0801946097658,-69.07850232975643,280.49126143561705,-35.7155713059715,330.7873753324732,-83.16166785211196,0.018696000799536705,0.018696000799536705,0.004978999961167574,0.004538999870419502,12.663644,0.005034999921917915,0.01307700015604496,99.99,9.989999771118164,99.98999786376953,99.99,9.989999771118164,99.98999786376953,99.99,9.989999771118164,99.98999786376953,99.99,9.989999771118164,99.98999786376953,0.6433330178260803,-0.0003330000035930425,99.98999786376953,0.7557500004768372,2223427.0,760304.0,135492157.0,67.51371002197266,3.0,1.0,3.0,0.0,0.0,0.0,0.0,-1.0,47435.1257680,0.015709192097064936
415,73.222376,-67.095154,34.03015318518898,34.03238490871274,12.570519943556164,12.570408864141791,0.0,163068.78766349948,3422.95716103878,0.0,163068.78766349948,3521.4660265434636,0.0,163068.78766349948,3615.456090208476,0.0,1.5622744651912086,33.23022189858722,34.792496363778426,0.0494777734577347,2.441538280775994,32.82671775559714,35.26825603637313,0.0778096411678852,3.517998355959122,374.2349587552403,0.0,0.3044898136304257,3.8407882886818783,4.2800773836056525,,,,0,,,,,,,,,,,,,,,,,,,,,,,,,,,,,,,,,,,,,,,,,,,
416,73.245894,-69.880737,7.509483899736328,7.498,14.211442308277466,14.213,0.0,17096.547145374723,1251.6597849501518,0.0,17096.547145374723,1311.6700165684597,0.0,17096.547145374723,1369.59955310342,0.0,0.6761984379722605,7.199999487304641,7.876197925276902,0.0979984012595647,1.0317821944221253,7.0096099999999995,8.041392194422125,0.149128401259567,1.3483598703446882,446.3052893754772,0.0,0.1584534947996451,3.662605539562083,4.0713402135144925,,,,0,73.2460200985265,-69.88074216136239,281.40628248624785,-35.410740620060274,324.27741048640803,-82.98469485318113,0.00815299991518259,0.00815299991518259,0.013403999619185925,0.022857999429106712,16.959171,0.007224000059068203,0.06741300225257874,14.465159,0.0036949999630451202,0.09878499805927277,13.426011,0.03062799945473671,99.98999786376953,99.99,9.989999771118164,99.98999786376953,99.99,9.989999771118164,99.98999786376953,2.0104169845581055,-0.07008299976587296,0.7900000214576721,0.2249000072479248,2220699.0,762101.0,135487788.0,64.51522827148438,12.0,3.0,6.0,5.0,1.0,0.0,0.0,2.0,47550.468295,0.15725085635737035
417,73.291444,-66.960022,21.81281794857735,21.802731762632177,13.053490971259173,13.053854972191166,0.0,126969.21497058684,3428.9912550949234,0.0,126969.21497058684,3527.5859275038883,0.0,126969.21497058684,3621.656373164595,0.0,1.4007034343049014,21.1178178753361,22.518521309641,0.0698081817051008,2.0100865387355036,20.827167633848145,22.83725417258365,0.1001826158409215,2.9215701999729724,60.19067660920275,0.0,0.329313347320989,3.8711058337409696,4.024129576139215,,,,0,73.29159277930366,-66.96003964559021,277.95993172246943,-36.26279167503616,348.87341077435667,-83.41508000610017,0.03208199888467789,0.03208199888467789,99.98999786376953,99.98999786376953,13.613792,0.02753099985420704,99.98999786376953,99.99,9.989999771118164,99.98999786376953,99.99,9.989999771118164,99.98999786376953,99.99,9.989999771118164,99.98999786376953,99.99,9.989999771118164,99.98999786376953,1.1419999599456787,0.041999999433755875,99.98999786376953,0.7206709980964661,2223658.0,755033.0,135674719.0,1.1676379442214966,1.0,1.0,1.0,0.0,0.0,0.0,0.0,-1.0,47193.1657140,0.2190354726857377
418,73.297462,-68.648354,33.843803786574874,33.816,12.576447504302928,12.577,0.0,21056.22212784822,595.3981820581207,0.0,21056.22212784822,637.135473801841,0.0,21056.22212784822,677.9561491880349,0.0,1.1929999999999978,33.292,34.485,0.0380000000000002,1.6839999999999975,33.083600000000004,34.7676,0.0542000000000015,2.8219999999999956,321.86302924665335,0.0,0.3959758690739728,3.91587564393546,4.003902676239727,,,,0,73.29738237605346,-68.64830624089217,279.9569582144841,-35.77160423823821,334.2286481267837,-83.32720762307983,0.020244000479578972,0.020244000479578972,0.015068000182509422,0.009564000181853771,14.757732,0.004201000090688467,0.03225100040435791,13.993791,0.017153000459074974,0.18770599365234375,14.054777,0.06174800172448158,0.1571049988269806,14.128559,0.03385400027036667,0.10187400132417679,13.932539,0.01565299928188324,99.98999786376953,4.370066165924072,0.2637999951839447,0.8799999952316284,0.3393020033836365,2223745.0,759382.0,135493313.0,38.54681396484375,15.0,3.0,6.0,2.0,3.0,3.0,1.0,2.0,47435.540037,0.2011293558792646
419,73.355576,-68.916763,9.31272856575254,9.331,13.977953422344443,13.975,0.0,28259.215814351377,1259.7351536180588,0.0,28259.215814351377,1319.9350534656312,0.0,28259.215814351377,1378.0422133867607,0.0,0.9880970630723312,8.812940550954487,9.801037614026818,0.1150000000000002,1.486741651093512,8.56829028361007,10.055031934703582,0.1736742330712815,2.1066884892189783,329.11175376264197,0.0,0.2527953766803787,3.6445113167289462,4.355786419813349,,,,0,73.35555843696328,-68.91672444963963,280.2645083136176,-35.67087345587942,331.9342560770116,-83.29442778532731,0.012745000422000885,0.012745000422000885,0.0133050000295043,0.00999400019645691,17.033173,0.004085000138729811,0.020519999787211418,99.99,9.989999771118164,99.98999786376953,99.99,9.989999771118164,99.98999786376953,99.99,9.989999771118164,99.98999786376953,99.99,9.989999771118164,99.98999786376953,1.081833004951477,0.03783300146460533,0.029999999329447746,0.3945859968662262,2223424.0,759845.0,135492426.0,78.8130874633789,6.0,3.0,6.0,0.0,0.0,0.0,0.0,2.0,47435.1038534,0.1406326761547723
420,73.394164,-67.078598,53.75796256031058,53.74342629917683,12.074126934728971,12.074119679555658,0.0,533944.7456292403,3426.9798937641763,0.0,533944.7456292403,3525.545972313652,0.0,533944.7456292403,3619.589631881248,0.0,3.1961634606155087,52.2121970394847,55.40836050010021,0.0645942451453098,4.653199825443444,51.538323709436135,56.19152353487958,0.0935883825909122,7.308410480986822,1111.3793252039004,0.0,0.1693028233222016,3.902070964233906,4.523432462679261,,,,0,73.39428728150783,-67.07853560214018,278.0870576470122,-36.1911517654637,347.8611040637909,-83.46272512151704,0.03214100003242493,0.03214100003242493,99.98999786376953,99.98999786376953,12.586792,0.02772199921309948,99.98999786376953,99.99,9.989999771118164,99.98999786376953,99.99,9.989999771118164,99.98999786376953,99.99,9.989999771118164,99.98999786376953,99.99,9.989999771118164,99.98999786376953,1.6690000295639038,0.13300000131130219,99.98999786376953,0.4334000051021576,2223657.0,755533.0,135674347.0,28.869211196899414,1.0,1.0,1.0,0.0,0.0,0.0,0.0,-1.0,47193.1657173,0.28343828326336784
421,73.404957,-69.718651,31.869456639485037,31.828,12.641770066241348,12.643000000000002,0.0,66539.02685379349,1254.6880768823305,0.0,66539.02685379349,1314.76950624487,0.0,66539.02685379349,1372.7657190621303,0.0,1.7938434580700928,31.056026351314863,32.849869809384955,0.0609999999999999,2.686940065158307,30.689607415807185,33.37654748096549,0.0910399999999995,3.375224184171209,1286.9088670004262,0.0,0.0292334449304334,3.822681466274879,4.280630876168217,,,,1,73.40508940139124,-69.71861700238912,281.19626578162877,-35.40913483666167,325.38439299593074,-83.09098891290279,0.02715899981558323,0.02715899981558323,0.008932000026106834,0.02347799949347973,13.731511,0.004598999861627817,0.030153000727295876,99.99,9.989999771118164,99.98999786376953,99.99,9.989999771118164,99.98999786376953,99.99,9.989999771118164,99.98999786376953,99.99,9.989999771118164,99.98999786376953,1.1883330345153809,-0.08833300322294235,99.98999786376953,0.29304900765419006,2220728.0,761658.0,135488546.0,61.66933822631836,3.0,1.0,3.0,0.0,0.0,0.0,0.0,-1.0,47550.1055287,0.20561425089843882
422,73.422152,-69.073898,25.26267695425003,25.284211803526112,12.894112338157242,12.893,0.0,72458.87283940654,1260.7445575343131,0.0,72458.87283940654,1320.968122720708,0.0,72458.87283940654,1379.097445155877,0.0,1.7634272333655368,24.348361417225927,26.111788650591464,0.0760110658089932,2.79009270568433,23.800624401291376,26.590717106975703,0.1204800000000005,3.589390751758202,329.3168733720278,0.0,0.3881066275299743,3.7873988045230953,4.285713432631198,,,,0,73.42217316736271,-69.07384532540947,280.43994707043714,-35.60068464240689,330.5790862655042,-83.28138808193613,0.0125730000436306,0.0125730000436306,0.013857999816536903,0.00279300007969141,14.076906,0.0029589999467134476,0.005295999813824892,99.99,9.989999771118164,99.98999786376953,99.99,9.989999771118164,99.98999786376953,99.99,9.989999771118164,99.98999786376953,99.99,9.989999771118164,99.98999786376953,0.772832989692688,-0.02433300018310547,0.9700000286102295,1.126222014427185,2220675.0,760760.0,135491838.0,6.454917907714844,6.0,3.0,6.0,0.0,0.0,0.0,0.0,2.0,47435.1038569,0.1915717399197675
423,73.512351,-69.834541,30.456279008284884,30.399,12.69101498384036,12.693,0.0,67644.70399703577,1252.6692194293194,0.0,67644.70399703577,1312.7031932775024,0.0,67644.70399703577,1370.6549642671391,0.0,1.7549252653787804,29.726660652146833,31.481585917525617,0.0620111960711664,2.623456715237026,29.318485906903145,31.941942622140168,0.0930156744996324,3.167895320981959,522.2963911818972,0.0,0.417641396229425,3.921271405509212,4.422948162703309,,,,0,73.51249879265158,-69.8345206116643,281.3173391722169,-35.33795846548489,324.37354971562814,-83.08677806486617,0.025498000904917717,0.025498000904917717,0.022597000002861023,0.08002299815416336,13.550179,0.00484299985691905,0.0223229993134737,99.99,9.989999771118164,99.98999786376953,99.99,9.989999771118164,99.98999786376953,99.99,9.989999771118164,99.98999786376953,99.99,9.989999771118164,99.98999786376953,1.6843329668045044,-0.11100000143051147,99.98999786376953,0.2770189940929413,2220698.0,762101.0,135487814.0,55.770606994628906,3.0,1.0,3.0,0.0,0.0,0.0,0.0,-1.0,47550.1227217,0.19755697147980275
424,73.523972,-69.765968,15.922094758679348,15.874,13.395259839922597,13.398299912445786,0.0,29360.59073918919,1250.6503466296308,0.0,29360.59073918919,1310.636826353891,0.0,29360.59073918919,1368.5441193922486,0.0,1.0187275406611551,15.502816125307035,16.521543665968192,0.068999999999999,1.4855781101919074,15.268357809494187,16.753935919686096,0.1014399999999948,1.9875914673000885,327.26225425645083,0.0,0.3457839690599105,3.9482999604278866,4.095040255516469,,,,0,73.52404046740938,-69.76596645329673,281.23588997893137,-35.355333499483436,324.89828819011046,-83.1140169838733,0.0183470007032156,0.0183470007032156,0.00798999983817339,0.0426580011844635,14.269201,0.004575999919325113,0.061459001153707504,99.99,9.989999771118164,99.98999786376953,99.99,9.989999771118164,99.98999786376953,99.99,9.989999771118164,99.98999786376953,99.99,9.989999771118164,99.98999786376953,1.8895000219345093,-0.09775000065565109,0.029999999329447746,0.3093299865722656,2220698.0,762101.0,135487837.0,80.31149291992188,4.0,3.0,4.0,0.0,0.0,0.0,0.0,10.0,47550.1227167,0.08542906418496861
425,73.566326,-66.301208,15.130615575823288,15.12177731612622,13.45057969010008,13.451000000000002,0.0,61799.95322635132,3414.911655249023,0.0,61799.95322635132,3513.3059931511225,0.0,61799.95322635132,3607.1887699491745,0.0,0.8242047942913171,14.739925113316175,15.564129907607493,0.059022708377638,1.2762122592392124,14.536191531340933,15.812403790580143,0.0917720985445722,1.7436304820854271,981.4155258926764,0.0,0.0080476436159173,3.9106847375962497,4.062811535138101,,,,0,,,,,,,,,,,,,,,,,,,,,,,,,,,,,,,,,,,,,,,,,,,
426,73.573663,-67.093658,56.258568698120264,56.25068355899711,12.024643591409516,12.02496874427127,0.0,178856.37403560043,3419.940102677108,0.0,178856.37403560043,3518.4060362086416,0.0,178856.37403560043,3612.355882167314,0.0,1.738264038694119,55.42148889578014,57.15975293447426,0.0337079840880853,2.6478568895411456,54.996710342297426,57.64456723183857,0.0510804958212229,3.933914468619271,369.8997218257943,0.0,0.4062643425464184,3.9403174570568833,4.198684121938359,,,,0,,,,,,,,,,,,,,,,,,,,,,,,,,,,,,,,,,,,,,,,,,,
427,73.59903,-70.901611,17.0561730490012,14.163923039950385,13.405982850592432,13.521816315523472,0.0,2574115.898448188,1269.8290223526296,0.0,2574115.898448188,1330.2651468198271,0.0,2574115.898448188,1388.593530714636,0.0,22.6725328184974,9.619295710473818,32.291828528971216,1.315189789314081,25.610286612471334,9.133073387528668,34.74336,1.4506926310469392,26.98312060530263,34.50146158545788,0.0,2.3835220105603176,3.7334915298070706,4.333757436054824,,,,0,73.59909575116231,-70.90157312504616,282.5450992989424,-34.9748314453187,316.4233878122258,-82.67349236366859,0.014946999959647655,0.014946999959647655,0.019008999690413475,0.06007099896669388,15.884,0.003945999778807163,0.01219900045543909,99.99,9.989999771118164,99.98999786376953,99.99,9.989999771118164,99.98999786376953,99.99,9.989999771118164,99.98999786376953,99.99,9.989999771118164,99.98999786376953,1.183500051498413,-0.07000000029802322,0.8500000238418579,0.25647398829460144,2220593.0,764677.0,135469483.0,6.529244899749756,4.0,3.0,4.0,0.0,0.0,0.0,0.0,2.0,47769.1041629,0.1568101166559509
428,73.645546,-66.646965,39.86277963665259,39.86813104008969,12.39872089251799,12.3984370204821,0.0,149329.71279123714,3421.951475758617,0.0,149329.71279123714,3520.446032720436,0.0,149329.71279123714,3614.422692463787,0.0,1.5175482897270314,39.09429232736044,40.61184061708747,0.0418902345171687,2.347769650786475,38.700626548803,41.04839619958947,0.0634397573438239,3.3159931653853434,378.33508530836303,0.0,0.3607669229832136,3.813562627184503,4.099727152389943,,,,0,73.64574223088778,-66.64687403266953,277.5390643476609,-36.21482100639862,351.7321218378455,-83.52394815783002,0.02419999986886978,0.02419999986886978,0.006566000171005726,0.009092000313103199,--,9.989999771118164,99.98999786376953,13.854966,0.048604998737573624,99.98999786376953,13.673196,0.059105001389980316,99.98999786376953,13.708545,0.10854700207710266,99.98999786376953,13.665862,0.09764400124549866,99.98999786376953,15.255000114440918,-0.14374999701976776,0.15000000596046448,0.2868340015411377,2223679.0,754023.0,135675729.0,30.394718170166016,4.0,1.0,0.0,1.0,1.0,1.0,1.0,2.0,47193.68460,0.43088239562002756
429,73.672778,-69.4366,37.163111876075725,37.194,12.47496729776248,12.474,0.0,56833.54291284109,595.3981820581207,0.0,56833.54291284109,637.135473801841,0.0,56833.54291284109,677.9561491880349,0.0,2.1679999999999993,36.056,38.224,0.0639999999999965,3.419800000000002,35.2686,38.6884,0.1001999999999991,4.323999999999998,207.0939621699302,0.0,0.63776752934561,3.851283034833622,4.312101901954468,,,,0,73.67288673383956,-69.4365758137783,280.8317412248182,-35.40644431565984,327.39169000244885,-83.26838597222904,0.0211970005184412,0.0211970005184412,0.02734999917447567,0.013128000311553478,13.046,0.004056000150740147,0.03665800020098686,99.99,9.989999771118164,99.98999786376953,99.99,9.989999771118164,99.98999786376953,99.99,9.989999771118164,99.98999786376953,99.99,9.989999771118164,99.98999786376953,0.7009999752044678,0.004333000164479017,99.98999786376953,0.7118020057678223,2220677.0,761211.0,135488865.0,2.889892101287842,3.0,1.0,3.0,0.0,0.0,0.0,0.0,-1.0,47550.1120385,0.1627426602597902
430,73.678207,-69.285744,18.66138935778963,18.653,13.222841595895872,13.223000000000004,0.0,25597.0827708878,1255.697499865518,0.0,25597.0827708878,1315.802642536041,0.0,25597.0827708878,1373.821062748217,0.0,1.0288919034586392,18.164724960638097,19.193616864096736,0.0596771440236683,1.617634616639073,17.844137134178165,19.46177175081724,0.0945634575278102,2.110046580093563,296.71187178722226,0.0,0.3582853846482476,3.9403174570568833,4.118284121938359,,,,0,73.67823710232126,-69.28571721204906,280.65450086514977,-35.45007816959896,328.62297568127843,-83.31390296871669,0.009840000420808792,0.009840000420808792,0.017461000010371208,0.012268999591469765,13.973065,0.004005999770015478,0.01756500080227852,13.40863,0.014193999581038952,99.98999786376953,99.99,9.989999771118164,99.98999786376953,13.603127,0.01055500004440546,0.04994700103998184,99.99,9.989999771118164,99.98999786376953,1.562999963760376,-0.04699999839067459,0.0,1.0306650400161743,2220686.0,760760.0,135491642.0,24.303613662719727,10.0,3.0,7.0,1.0,0.0,2.0,0.0,2.0,47435.1028174,0.10377508100060943
431,73.691707,-68.962776,45.357476876904435,45.35194546256007,12.258663202910103,12.258298679366764,0.0,172751.8325653107,1265.7915202147358,0.0,172751.8325653107,1326.133268942176,0.0,172751.8325653107,1384.3732700101202,0.0,3.136093687230762,43.84577284063253,46.98186652786329,0.0749999999999992,4.500943903969571,43.05347294338161,47.55441684735118,0.1080000000000023,5.8111551414075535,666.8191490137326,0.0,0.3203836952841672,3.922653258631444,4.4738657756147395,,,,0,73.69169883339471,-68.96272944841762,280.27409194914276,-35.54185252322115,331.3109425799925,-83.40163862733336,0.020779000595211983,0.020779000595211983,0.0050849998369812965,0.008351000025868416,12.735888,0.005179999861866236,0.0021279999054968357,99.99,9.989999771118164,99.98999786376953,99.99,9.989999771118164,99.98999786376953,99.99,9.989999771118164,99.98999786376953,99.99,9.989999771118164,99.98999786376953,0.6126670241355896,0.027333000674843788,99.98999786376953,0.3413119912147522,2220672.0,760305.0,135492047.0,95.6238784790039,3.0,1.0,3.0,0.0,0.0,0.0,0.0,-1.0,47435.1257560,0.16791768206673285
432,73.708893,-66.939491,36.09560242335352,36.081685992969454,12.506523247658832,12.5069124094507,0.0,148683.30163140618,3412.9002703802153,0.0,148683.30163140618,3511.2659551893007,0.0,148683.30163140618,3605.1218904250454,0.0,1.5390001607067774,35.35649983929322,36.8955,0.0460449473701896,2.35258256776293,34.945281977028436,37.297864544791366,0.0706172048914908,3.2443251056056326,835.5168640331443,0.0,0.0696631110046843,3.9297661631120535,4.453997173457369,,,,1,73.70909542893617,-66.9394687496927,277.87948087050836,-36.111368926152814,349.16005006786304,-83.57660660349471,0.021483000367879868,0.021483000367879868,0.0024240000639110804,0.0012619999470189214,13.94663,0.024205999448895454,0.033688001334667206,--,9.989999771118164,99.98999786376953,--,9.989999771118164,99.98999786376953,--,9.989999771118164,99.98999786376953,--,9.989999771118164,99.98999786376953,9.989999771118164,0.21833300590515137,0.2199999988079071,0.31151100993156433,2223660.0,755034.0,135675086.0,21.8558406829834,3.0,2.0,3.0,0.0,0.0,0.0,0.0,2.0,47193.1455578,0.2964771651484817
433,73.738997,-66.752464,,,,,,,,,,,,,,,,,,,,,,,,,,,3.894022429833425,4.978676854034965,,,,0,,,,,,,,,,,,,,,,,,,,,,,,,,,,,,,,,,,,,,,,,,,
434,73.764138,-68.222588,19.39020634318742,19.374,13.181309292286343,13.181843920918844,0.0,30369.390872924934,1262.763353972875,0.0,30369.390872924934,1323.034221171649,0.0,30369.390872924934,1381.2078418150215,0.0,1.160026520866893,18.84916455958828,20.00919108045517,0.065000000000003,1.8887377104657048,18.55554873578971,20.444286446255415,0.1055063525513038,2.6269143644517037,380.24796863280307,0.0,0.3835114063445314,3.8295500401953846,4.083019321290587,,,,0,73.7641268098978,-68.2225647236902,279.3934453616168,-35.73234839476196,337.68419202501025,-83.56205170684139,0.01614299975335598,0.01614299975335598,0.006289999932050705,0.013969000428915024,14.192502,0.003163000103086233,0.014604000374674797,99.99,9.989999771118164,99.98999786376953,99.99,9.989999771118164,99.98999786376953,99.99,9.989999771118164,99.98999786376953,99.99,9.989999771118164,99.98999786376953,1.1699999570846558,-0.038832999765872955,0.0,0.3212040066719055,2223748.0,757969.0,135668515.0,69.53665161132812,6.0,3.0,6.0,0.0,0.0,0.0,0.0,2.0,47316.885849,0.08511712308934294
435,73.770646,-69.798615,16.197935886898126,16.16,13.376574554735466,13.379,0.0,23908.378073811386,1247.62200857294,0.0,23908.378073811386,1307.5371745117914,0.0,23908.378073811386,1365.377682698268,0.0,0.9485535725608756,15.804208305051452,16.75276187761233,0.0632586356393876,1.373407030404092,15.579883288942408,16.9532903193465,0.0925000000000011,1.826536218342744,376.85384970282786,0.0,0.2257529375762766,3.823619492907712,4.043352342574265,,,,1,73.77065449972363,-69.79858445410942,281.24194181355233,-35.26421177993968,324.3954810600457,-83.18278904191077,0.014367000199854374,0.014367000199854374,0.059803999960422516,0.050043001770973206,14.481015,0.0031900000758469105,0.0401730015873909,99.99,9.989999771118164,99.98999786376953,99.99,9.989999771118164,99.98999786376953,99.99,9.989999771118164,99.98999786376953,99.99,9.989999771118164,99.98999786376953,1.3084290027618408,-0.040713999420404434,0.0,0.24363000690937042,2220698.0,762102.0,135483046.0,57.7193603515625,7.0,3.0,7.0,0.0,0.0,0.0,0.0,2.0,47662.119522,0.1104717028306571
436,73.7762,-67.475845,9.197114758445874,8.482325577196471,14.027273252243646,14.078962639876352,0.0,2032373.68451842,3429.996934503608,0.0,2032373.68451842,3528.605900679859,0.0,2032373.68451842,3622.689736425637,0.0,7.230022824145616,6.528576397751689,13.758599221897304,0.8091259481567192,8.040049813560687,6.29666111027843,14.336710923839115,0.8931864576153128,13.060537145460644,29.826552040305764,0.0,0.6935820597490923,3.7526000522397993,4.103216041301934,,,,0,73.77630358233864,-67.47581252075742,278.5081765686651,-35.93871825508525,344.3579919775632,-83.61882885968215,0.0145650003105402,0.0145650003105402,0.01091499999165535,0.011374999769032001,15.896482,0.012296999804675579,0.015017000027000904,99.99,9.989999771118164,99.98999786376953,99.99,9.989999771118164,99.98999786376953,99.99,9.989999771118164,99.98999786376953,99.99,9.989999771118164,99.98999786376953,1.0709999799728394,-0.08460000157356262,0.0,0.11754799634218216,2223763.0,756028.0,135673878.0,21.258554458618164,5.0,3.0,5.0,0.0,0.0,0.0,0.0,2.0,47193.1457037,0.18459868012861932
437,73.790355,-69.486183,19.063038389682298,19.101,13.199738920938474,13.197800960914492,0.0,35943.225674659276,1255.697499865518,0.0,35943.225674659276,1315.802642536041,0.0,35943.225674659276,1373.821062748217,0.0,1.1067051855903394,18.446318629556348,19.553023815146688,0.0628706245944208,1.5729194114762954,18.21695851037165,19.789877921847943,0.0899343171017843,2.3186400616967084,791.7436565903689,0.0,0.4510902134812359,3.8360672759803216,4.10799905023377,,,,0,73.79041898740188,-69.48617876964744,280.87451040201563,-35.352178693143614,326.8804743970204,-83.29252546475377,0.021227000281214714,0.021227000281214714,0.017184000462293625,0.021250000223517418,14.125979,0.004515000153332949,0.028526000678539276,99.99,9.989999771118164,99.98999786376953,99.99,9.989999771118164,99.98999786376953,99.99,9.989999771118164,99.98999786376953,99.99,9.989999771118164,99.98999786376953,1.206333041191101,-0.15766699612140656,99.98999786376953,0.5252950191497803,2220677.0,761211.0,135488834.0,92.76416015625,3.0,1.0,3.0,0.0,0.0,0.0,0.0,-1.0,47550.1120632,0.08214794250167372
438,73.83998,-67.436485,,,,,,,,,,,,,,,,,,,,,,,,,,,3.878507575183235,4.868326668904884,,,,0,,,,,,,,,,,,,,,,,,,,,,,,,,,,,,,,,,,,,,,,,,,
439,73.887955,-67.338417,29.767044878269843,29.76006947277741,12.715838268769016,12.716,0.0,132012.20477234188,3414.911655249023,0.0,132012.20477234188,3513.3059931511225,0.0,132012.20477234188,3607.1887699491745,0.0,1.4207285743803837,29.06364818773631,30.484376762116693,0.0520299158834891,2.146477553836352,28.759523544042697,30.90600109787905,0.0784836233318824,3.140175631543624,727.6989357333649,0.0,0.1556290093019046,3.934201345475449,4.377234951927697,,,,1,73.88799593594058,-67.33837219094639,278.33039226242045,-35.935419225681876,345.59796156269584,-83.66204299701066,0.027302000671625137,0.027302000671625137,0.01578100025653839,0.001879999996162951,13.434847,0.01936200074851513,0.0009280000231228769,99.99,9.989999771118164,99.98999786376953,99.99,9.989999771118164,99.98999786376953,99.99,9.989999771118164,99.98999786376953,99.99,9.989999771118164,99.98999786376953,0.7045000195503235,-0.05000000074505806,99.98999786376953,0.1863500028848648,2223824.0,755533.0,135674116.0,79.12281036376953,2.0,1.0,2.0,0.0,0.0,0.0,0.0,-1.0,47193.1517546,0.17101367738190987
440,73.919471,-69.87233,31.41391128849199,31.385,12.657516085753354,12.658,0.0,108997.65830060867,1266.8009014027325,0.0,108997.65830060867,1327.1662582884603,0.0,108997.65830060867,1385.4283683709027,0.0,2.254591086287828,30.35829872420088,32.61288981048871,0.0779999999999994,3.260458367481192,29.85927984294443,33.11973821042562,0.1123177834703526,4.533380210649124,602.5285303334341,0.0,0.6399062301695173,3.9403174570568833,4.382284121938359,,,,0,73.9193934357635,-69.87231470281453,281.30888251855464,-35.192972455884075,323.65979295516655,-83.20430558597923,0.021435000002384186,0.021435000002384186,0.0153609998524189,0.012678000144660473,13.156967,0.0039470000192523,0.005570000037550926,99.99,9.989999771118164,99.98999786376953,99.99,9.989999771118164,99.98999786376953,99.99,9.989999771118164,99.98999786376953,99.99,9.989999771118164,99.98999786376953,0.6316670179367065,0.019999999552965164,99.98999786376953,0.21014699339866638,2220693.0,762541.0,135482327.0,99.10661315917969,3.0,1.0,3.0,0.0,0.0,0.0,0.0,-1.0,47662.1416855,0.11074943727436783
441,73.970039,-69.706245,47.36080971281004,47.35810353601258,12.211607921498526,12.211856705630604,0.0,77745.82598254559,1258.725745897677,0.0,77745.82598254559,1318.901970835884,0.0,77745.82598254559,1376.9869592885675,0.0,1.990893168196422,46.375628801865474,48.366521970061896,0.0453146354955169,3.0691047860409313,45.820655500435585,48.88976028647651,0.0700917083964149,4.121595605396017,1166.3119620629705,0.0,0.9161989072990302,3.905691129922882,4.351267337616776,,,,0,73.96993704197708,-69.70622157429754,281.10861150335353,-35.226390359703615,324.92675866186795,-83.27956988591363,0.019415000453591347,0.019415000453591347,0.16019000113010406,0.019223999232053757,13.415042,0.005115999840199947,0.3418999910354614,99.99,9.989999771118164,99.98999786376953,99.99,9.989999771118164,99.98999786376953,99.99,9.989999771118164,99.98999786376953,99.99,9.989999771118164,99.98999786376953,8.08549976348877,0.17350000143051147,0.7099999785423279,0.18084000051021576,2220729.0,762102.0,135483096.0,4.530028820037842,6.0,3.0,6.0,0.0,0.0,0.0,0.0,2.0,47662.64767,0.15270399691669811
442,73.974836,-66.416481,27.912196339318275,27.91431540003915,12.78574618989582,12.785441637719812,0.0,167506.20048156782,3423.962845479046,0.0,167506.20048156782,3522.486017412991,0.0,167506.20048156782,3616.4894830203816,0.0,1.5413059900701214,27.1458398115264,28.68714580159652,0.0596818094198337,2.404970998060893,26.785167824522745,29.19013882258364,0.093336492999601,3.5212524661355147,72.91656875631567,0.0,0.2750718329208668,3.919902839369273,4.304453163487784,,,,0,73.97474286991259,-66.41648466805663,277.2207200378592,-36.14983836401828,353.928846056872,-83.62294488980626,0.01143100019544363,0.01143100019544363,0.008034000173211098,0.004647000227123499,--,9.989999771118164,99.98999786376953,13.072496,0.014635000377893448,99.98999786376953,13.147885,0.016335999593138695,99.98999786376953,13.128364,0.03386799991130829,99.98999786376953,13.274743,0.028467999771237373,99.98999786376953,5.882500171661377,0.05550000071525574,0.0,1.9172919988632202,2223626.0,753513.0,135686579.0,66.46500396728516,4.0,1.0,0.0,1.0,1.0,1.0,1.0,2.0,47066.236173,0.13478437234132742
443,73.978905,-69.725128,23.811549666822504,23.802,12.958189049044556,12.958371141178532,0.0,30123.223431256265,1254.6880768823305,0.0,30123.223431256265,1314.76950624487,0.0,30123.223431256265,1372.7657190621303,0.0,1.119803705753096,23.25986719594255,24.37967090169565,0.0509999999999983,1.6276184953573924,23.03632254084012,24.663941036197514,0.0743600000000004,2.3174564372764443,319.555806588771,0.0,0.3402157963282277,3.8231487918617697,4.130386202111135,,,,1,73.97894821959015,-69.72514351189668,281.12955857395707,-35.21773162870618,324.7658707750547,-83.27594775237844,0.021469000726938248,0.021469000726938248,0.011586000211536884,0.03568999841809273,14.053453,0.0045819999650120735,0.036403998732566833,99.99,9.989999771118164,99.98999786376953,99.99,9.989999771118164,99.98999786376953,99.99,9.989999771118164,99.98999786376953,99.99,9.989999771118164,99.98999786376953,0.9737499952316284,-0.07724999636411667,99.98999786376953,0.17431500554084778,2220733.0,762102.0,135483085.0,85.99215698242188,4.0,1.0,4.0,0.0,0.0,0.0,0.0,-1.0,47662.82784,0.07762308414090396
444,74.058839,-67.413483,27.976922011226364,27.94114194671745,12.783265708302403,12.784381466908556,0.0,211757.16935875377,3426.9798937641763,0.0,211757.16935875377,3525.545972313652,0.0,211757.16935875377,3619.589631881248,0.0,1.8053403011173863,27.14304480451566,28.948385105633047,0.0699230502826342,2.5209463184052616,26.808892482021808,29.32983880042707,0.0978373524124336,4.051457155837561,3.605630005170036,0.0,0.4639010502287652,3.890736777206846,4.2826567957281485,,,,0,74.05895607808037,-67.4134622233789,278.3973639254647,-35.851633322108654,344.91442768103104,-83.72783621732569,0.019663000479340553,0.019663000479340553,0.0025229998864233494,0.0035329998936504126,13.602309,0.019454000517725945,0.005688999779522419,99.99,9.989999771118164,99.98999786376953,99.99,9.989999771118164,99.98999786376953,99.99,9.989999771118164,99.98999786376953,99.99,9.989999771118164,99.98999786376953,0.9725000262260437,-0.06599999964237213,99.98999786376953,0.13405099511146545,2223760.0,756029.0,135672736.0,23.511127471923828,2.0,1.0,2.0,0.0,0.0,0.0,0.0,-1.0,47193.1517883,0.17832583928499018
445,74.063274,-66.20369,22.62138687246726,22.608539719778452,13.013896368632382,13.014497309154434,0.0,119368.81374655449,3409.883186748809,0.0,119368.81374655449,3508.2058759934794,0.0,119368.81374655449,3602.0215339729257,0.0,1.1704058502145678,22.059379040420023,23.22978489063459,0.0558934815875495,1.7565440770517675,21.75856302167733,23.515107098729096,0.0846419374088096,2.489131203120607,222.8001911735201,0.0,0.1837815923548486,3.837800052497645,4.135828999584012,,,,0,,,,,,,,,,,,,,,,,,,,,,,,,,,,,,,,,,,,,,,,,,,
446,74.073144,-66.305267,23.559268750410713,23.545390320554937,12.96982539014404,12.970515029035695,0.0,142541.78597781828,3422.95716103878,0.0,142541.78597781828,3521.4660265434636,0.0,142541.78597781828,3615.456090208476,0.0,1.3336374888885594,22.907001353870676,24.240638842759235,0.0614326498225707,1.9673936646666943,22.639787072798253,24.607180737464947,0.0903492659290758,2.880939352953096,276.45437881316656,0.0,0.3123056184618858,3.946672757033846,4.216119963982594,,,,0,,,,,,,,,,,,,,,,,,,,,,,,,,,,,,,,,,,,,,,,,,,
447,74.108788,-69.673508,29.818944535871644,29.815994454457737,12.713984450219224,12.714,0.0,68682.90207124411,1262.763353972875,0.0,68682.90207124411,1323.034221171649,0.0,68682.90207124411,1381.2078418150215,0.0,1.6635266485697038,29.025171505636123,30.688698154205827,0.0600000000000022,2.467972075839672,28.689830228610795,31.157802304450467,0.0895320884344954,3.5571485718948423,119.73529965140996,0.0,0.568817002602235,3.8255370688246138,4.122526672507048,,,,0,74.10887805990241,-69.6734853424504,281.0527427761331,-35.19014519088935,325.0476435267667,-83.33612978528086,0.028075000271201134,0.028075000271201134,0.013756000436842442,0.01845500059425831,13.852061,0.005119000095874071,0.022686000913381577,99.99,9.989999771118164,99.98999786376953,99.99,9.989999771118164,99.98999786376953,99.99,9.989999771118164,99.98999786376953,99.99,9.989999771118164,99.98999786376953,1.8773330450057983,-0.2063329964876175,99.98999786376953,0.18057900667190552,2220733.0,761659.0,135483265.0,40.296974182128906,3.0,1.0,3.0,0.0,0.0,0.0,0.0,-1.0,47662.82772,0.13905774894658426
448,74.114236,-67.933502,38.02347825821954,38.016682621539616,12.450024034668273,12.45,0.0,148737.0820593925,3237.8965288226264,0.0,148737.0820593925,3333.7360309637197,0.0,148737.0820593925,3425.2255073052456,0.0,1.6559151843325992,37.20338785438203,38.85930303871463,0.0471166944880216,2.424508339743255,36.80824691615099,39.23275525589425,0.0691160655364697,3.589879261307225,443.1491258452491,0.0,0.3658349705852403,3.825052356224832,4.347116461754512,,,,0,74.11372435735846,-67.93345498246154,279.0065066312844,-35.68867883172587,340.1515648014352,-83.72329473300596,0.037801001220941544,0.037801001220941544,0.003573999973013997,0.012993999756872654,15.202047,0.038451001048088074,0.09488499909639359,--,9.989999771118164,99.98999786376953,--,9.989999771118164,99.98999786376953,--,9.989999771118164,99.98999786376953,--,9.989999771118164,99.98999786376953,26.51999855041504,13.272000312805176,0.029999999329447746,0.2322700023651123,2220391.0,757490.0,135669337.0,14.336302757263184,3.0,2.0,3.0,0.0,0.0,0.0,0.0,10.0,47316.885210,0.7123761437661502
449,74.114566,-69.379623,21.48804369738467,20.45191944595471,13.086591787414402,13.122977758204472,0.0,1122794.2108556365,1270.8383884796883,0.0,1122794.2108556365,1331.298083214285,0.0,1122794.2108556365,1389.6485406717318,0.0,11.606950382524715,16.831049617475283,28.438,0.5695777582044741,12.880937011389609,16.278452157198483,29.159389168588092,0.6330293239381461,15.451636915106857,30.334946407031257,0.0,1.382558554783881,3.78109001555665,4.312819275820801,,,,0,74.11469398701495,-69.37965599187706,280.70836525971663,-35.27508060339598,327.45380822369276,-83.433713839951,0.01205699983984232,0.01205699983984232,0.015835000202059746,0.02566700056195259,15.312761,0.0039809998124837875,0.1060430034995079,13.266123,0.02516699954867363,99.98999786376953,99.99,9.989999771118164,99.98999786376953,99.99,9.989999771118164,99.98999786376953,99.99,9.989999771118164,99.98999786376953,1.5498180389404297,0.062091000378131866,0.8828570246696472,0.5232530236244202,2220684.0,761212.0,135486132.0,9.06236743927002,11.0,3.0,10.0,1.0,0.0,0.0,0.0,2.0,47551.361023,0.20108845056755767
450,74.118794,-69.711594,21.61716406220291,21.583007210257463,13.063169447997634,13.065,0.0,24818.908931808113,1256.706919026041,0.0,24818.908931808113,1316.8357653873793,0.0,24818.908931808113,1374.8763839964822,0.0,0.9602538135828844,21.180652064442405,22.14090587802529,0.0478960491695374,1.5233359962416522,20.879566262536372,22.402902258778024,0.0767104904033679,2.1384942626458106,328.4959390387857,0.0,0.2986118489411627,3.8626142532778505,4.075364532291365,,,,0,74.1188913248274,-69.71161154418535,281.09601351340416,-35.17548455248276,324.72942513813297,-83.32612918096788,0.023269999772310257,0.023269999772310257,0.020848000422120094,0.045538999140262604,13.834549,0.005133000202476978,0.02960200048983097,99.99,9.989999771118164,99.98999786376953,99.99,9.989999771118164,99.98999786376953,99.99,9.989999771118164,99.98999786376953,99.99,9.989999771118164,99.98999786376953,1.2023329734802246,-0.08566699922084808,99.98999786376953,0.15477000176906586,2220733.0,762102.0,135483007.0,60.098594665527344,3.0,1.0,3.0,0.0,0.0,0.0,0.0,-1.0,47662.82781,0.13692576300436526
451,74.127341,-66.302498,18.868146312615096,18.859,13.210857485785688,13.211346556411067,0.0,65911.9177914797,3408.8774905159867,0.0,65911.9177914797,3507.1858436554353,0.0,65911.9177914797,3600.988071902489,0.0,0.9154140421410196,18.43105373972611,19.34646778186713,0.0522683235108871,1.4089743951603388,18.18842176735783,19.59739616251817,0.081059944384858,2.0156540600127784,323.0447101854885,1.0,0.169726263574383,3.872903384280811,4.140570940064608,,,,0,,,,,,,,,,,,,,,,,,,,,,,,,,,,,,,,,,,,,,,,,,,
452,74.145976,-66.875214,18.874098622008223,18.87795749421984,13.21050879952449,13.21,0.0,54252.25512155504,3404.854697129568,0.0,54252.25512155504,3503.105684570814,0.0,54252.25512155504,3596.8541739632055,0.0,0.8773930978745845,18.431351154584515,19.3087442524591,0.0509609598436,1.352257259743034,18.199852054188437,19.55210931393147,0.0779999999999994,1.9123173826943471,711.282638926784,0.0,0.0603764127647799,3.832729150509312,4.105085887142353,,,,1,74.14602859207756,-66.87520482948588,277.746003136389,-35.963555613681244,349.8563921396772,-83.74269715163607,0.011776999570429325,0.011776999570429325,0.016713999211788177,0.014539999887347221,14.233417,0.012430000118911266,0.019395999610424042,13.114205,0.010489000007510185,0.009438999928534031,99.99,9.989999771118164,99.98999786376953,99.99,9.989999771118164,99.98999786376953,99.99,9.989999771118164,99.98999786376953,1.0391429662704468,-0.04871400073170662,0.0,0.15372300148010254,2223655.0,754531.0,135675208.0,87.71126556396484,7.0,3.0,5.0,2.0,0.0,0.0,0.0,2.0,47193.1109596,0.0813565872797524
453,74.147677,-68.25647,5.830268050610182,5.824,14.48624081633236,14.487037555965808,0.0,6373.0264509372955,1257.7163343685477,0.0,6373.0264509372955,1317.8688748152244,0.0,6373.0264509372955,1375.9316828341944,0.0,0.5326535402348247,5.569596356813682,6.102249897048507,0.0992312220170958,0.7865500000000001,5.4591,6.24565,0.1466237108239347,1.1194124097828615,1166.133867778038,0.0,0.0503140699266189,3.653810542372271,4.034456778334886,,,,1,74.14768432798051,-68.25639096547036,279.3837256602429,-35.58639862386897,337.20978255761867,-83.69841073477892,0.020052999258041382,0.020052999258041382,0.021595999598503113,0.056386999785900116,17.282501,0.01245800033211708,0.21551799774169922,15.430072,0.044411998242139816,0.02251500077545643,13.069708,0.11165499687194824,99.98999786376953,99.99,9.989999771118164,99.98999786376953,99.99,9.989999771118164,99.98999786376953,6.3792500495910645,0.6827499866485596,0.09000000357627869,0.37634599208831787,2220363.0,758445.0,135668151.0,27.1413631439209,8.0,3.0,4.0,3.0,1.0,0.0,0.0,2.0,47316.1245352,0.2846920954076683
454,74.163857,-67.330376,40.35079559886969,40.34021290165437,12.385542061915388,12.385569317172004,0.0,245023.98319766484,3422.95716103878,0.0,245023.98319766484,3521.4660265434636,0.0,245023.98319766484,3615.456090208476,0.0,1.9135879154362243,39.41053363634138,41.3241215517776,0.0513593851392979,2.8316729711312476,38.95799869737229,41.78967166850354,0.076053907770893,4.366099746713466,1111.0778469811064,0.0,0.3109836889530561,3.921271405509212,4.4541481627033095,,,,0,74.16386778061498,-67.33034340535114,278.28516973815283,-35.83530219132301,345.6772504310884,-83.76829973575069,0.031060000881552696,0.031060000881552696,99.98999786376953,99.98999786376953,12.906542,0.027455000206828117,99.98999786376953,99.99,9.989999771118164,99.98999786376953,99.99,9.989999771118164,99.98999786376953,99.99,9.989999771118164,99.98999786376953,99.99,9.989999771118164,99.98999786376953,0.9729999899864197,0.06199999898672104,99.98999786376953,0.19804400205612183,2223824.0,756029.0,135672776.0,47.57566833496094,1.0,1.0,1.0,0.0,0.0,0.0,0.0,-1.0,47193.1517837,0.11829029433833463
455,74.166683,-69.698967,50.99106856405728,50.937,12.131442413038563,12.132342110262686,0.0,112926.79554640544,1263.7727465043763,0.0,112926.79554640544,1324.0672503998323,0.0,112926.79554640544,1382.263006758984,0.0,2.5321027828494067,49.829396942262306,52.36149972511171,0.0540000000000002,3.614163505701491,49.25587323294432,52.87003673864581,0.0768597347922988,5.205066409584674,392.4987145608439,0.0,0.7478544874408544,3.747826574471194,4.717060074655006,,,,0,74.16672596876641,-69.6989838832569,281.07523238905935,-35.16339511835429,324.7812508311857,-83.34609322003107,0.023264000192284584,0.023264000192284584,0.024965999647974968,0.06119899824261665,13.981368,0.005057999864220619,0.03228199854493141,99.99,9.989999771118164,99.98999786376953,99.99,9.989999771118164,99.98999786376953,99.99,9.989999771118164,99.98999786376953,99.99,9.989999771118164,99.98999786376953,1.112333059310913,-0.07533299922943115,99.98999786376953,0.15890400111675262,2220733.0,761659.0,135483179.0,82.44097137451172,3.0,1.0,3.0,0.0,0.0,0.0,0.0,-1.0,47662.82779,0.08108366353574192
456,74.182526,-67.488174,16.19586268475348,16.179298417463087,13.376722373586476,13.377747919313808,0.0,50920.40394302305,3412.9002703802153,0.0,50920.40394302305,3511.2659551893007,0.0,50920.40394302305,3605.1218904250454,0.0,0.9208094534164496,15.774587655348192,16.69539710876464,0.0613640746483188,1.406527920986214,15.547754516825645,16.95428243781186,0.0938739596569036,2.07089531558335,381.8630962892324,0.0,0.1326859242270456,3.946672757033849,4.0721199639826,,,,0,74.18270484385627,-67.4881663365764,278.47012214314395,-35.78566422555596,344.22209606863305,-83.77424466718523,0.01140700001269579,0.01140700001269579,0.004430999979376793,0.009936000220477581,14.043483,0.01231900043785572,0.01676199957728386,99.99,9.989999771118164,99.98999786376953,99.99,9.989999771118164,99.98999786376953,99.99,9.989999771118164,99.98999786376953,99.99,9.989999771118164,99.98999786376953,1.2860000133514404,-0.019999999552965164,0.0,0.1460999995470047,2223760.0,756520.0,135672532.0,2.338296890258789,5.0,3.0,5.0,0.0,0.0,0.0,0.0,2.0,47193.1457021,0.24804788493385185
457,74.213229,-66.530151,30.01834265398129,30.01,12.70677809484277,12.70694242319445,0.0,188888.28104590703,3427.9855748485697,0.0,188888.28104590703,3526.565951382254,0.0,188888.28104590703,3620.623004983858,0.0,1.7915113977912895,29.145746719001004,30.937258116792293,0.0647219774271015,2.717780890961677,28.685411722555937,31.40319261351761,0.0987675150107563,4.1454305613893325,318.36404714187466,0.0,0.4393226640424426,3.847840595360871,4.065921028266934,,,,0,74.21317360818284,-66.53017301626592,277.32583721693044,-36.028315950928466,353.02815924446173,-83.7331621937458,0.011284999549388885,0.011284999549388885,0.023585999384522438,0.030215000733733177,--,9.989999771118164,99.98999786376953,12.712359,0.010091999545693398,0.08358000218868256,12.923894,0.008050999604165554,0.046216998249292374,12.965209,0.04324499890208244,99.98999786376953,13.150964,0.00994499959051609,0.00145800004247576,3.4714279174804688,0.25385698676109314,0.0,1.6496219635009766,2223669.0,753513.0,135686438.0,34.809104919433594,7.0,1.0,0.0,2.0,2.0,1.0,2.0,2.0,47066.86915,0.11220167208565746
458,74.227917,-67.086021,28.03423168604464,28.04232995740435,12.780930354031558,12.780500717617048,0.0,92794.16751420392,3419.940102677108,0.0,92794.16751420392,3518.4060362086416,0.0,92794.16751420392,3612.355882167314,0.0,1.1228726268117164,27.473,28.595872626811715,0.0436790055459592,1.7283779989460513,27.144945488869116,28.873323487815167,0.0667284497687195,2.5759105037491885,698.173075657768,0.0,0.1677443873890781,3.77668419101864,4.231592496035869,,,,0,74.22795526251566,-67.085987183581,277.9864788981312,-35.87678190227106,347.93672286670994,-83.78733761885954,0.01157199963927269,0.01157199963927269,0.0162189994007349,0.012900999747216702,14.163194,0.012628999538719654,0.003894000081345439,12.748495,0.01862199977040291,0.009184000082314014,99.99,9.989999771118164,99.98999786376953,99.99,9.989999771118164,99.98999786376953,99.99,9.989999771118164,99.98999786376953,1.758713960647583,0.07671400159597397,0.9900000095367432,0.213809996843338,2223649.0,755534.0,135673575.0,42.171783447265625,7.0,3.0,5.0,2.0,0.0,0.0,0.0,2.0,47193.737383,0.1330288817050498
459,74.231543,-67.486946,4.8435258053912635,4.839,14.687989461756567,14.688001757701793,0.0,18244.089960004098,3402.8432953580073,0.0,18244.089960004098,3501.065587170488,0.0,18244.089960004098,3594.7871951680695,0.0,0.6201187902441312,4.535008926240591,5.1551277164847225,0.1389538015222093,0.9801292968328356,4.341382510948122,5.321511807780958,0.2208409018729344,1.3329995067949687,394.4254830184463,0.0,0.05399416334172,3.6198978474757455,4.0070021378362775,,,,0,74.23167849058626,-67.4869541236194,278.4624267644744,-35.767941371089414,344.2296021609118,-83.79301744833353,0.009970000013709068,0.009970000013709068,0.022593999281525612,0.017595000565052032,17.95045,0.013648999854922295,0.035840000957250595,14.952066,0.0067610000260174274,0.15136399865150452,13.670877,0.040242999792099,99.98999786376953,13.140381,0.04132600128650665,99.98999786376953,99.99,9.989999771118164,99.98999786376953,3.097546100616455,-0.05418200045824051,0.3700000047683716,0.15158399939537048,2223760.0,756520.0,135672447.0,71.55874633789062,11.0,3.0,5.0,4.0,1.0,1.0,0.0,2.0,47193.675013,0.1890385061875175
460,74.257486,-67.995209,10.572076465404493,9.904247717616569,13.866996473254712,13.91016503018328,0.0,1751735.2691986407,3244.9374284895466,0.0,1751735.2691986407,3340.8798653774725,0.0,1751735.2691986407,3432.465767730687,0.0,7.200208740648501,7.746071712751835,14.946280453400336,0.713707648630761,7.926498281964808,7.506600928482432,15.43309921044724,0.7830106736661921,9.021127324198774,45.175441528324825,0.0,0.7701871962450181,3.689455514311832,4.15312406619969,,,,1,74.25750357201778,-67.99516062897416,279.0611201714819,-35.619771259539526,339.53974438754267,-83.77101361852746,0.010192000307142735,0.010192000307142735,0.026240000501275063,0.02563299983739853,16.601202,0.005264999810606241,0.23358500003814697,14.113856,0.0035119999665766954,0.016423000022768974,99.99,9.989999771118164,99.98999786376953,99.99,9.989999771118164,99.98999786376953,99.99,9.989999771118164,99.98999786376953,1.1155380010604858,-0.011076999828219414,0.9585710167884827,0.2768169939517975,2220388.0,757970.0,135668973.0,17.181123733520508,13.0,3.0,10.0,3.0,0.0,0.0,0.0,2.0,47316.546278,0.17574139250102036
461,74.284954,-67.046066,24.669813771416045,24.670711524602147,12.919734251302236,12.919684516293673,0.0,73677.9203260933,3404.854697129568,0.0,73677.9203260933,3503.105684570814,0.0,73677.9203260933,3596.8541739632055,0.0,1.037593201782851,24.158957635110827,25.19655083689368,0.0453449991618573,1.5931577650778053,23.892997037892695,25.4861548029705,0.0696298169769882,2.2231968958760255,1.9236587996850347,1.0,0.3208521342479398,3.829034761253038,4.174317007288336,,,,0,74.28494688123806,-67.04607795203026,277.93172731929445,-35.86594221736864,348.3150921002107,-83.80770380870803,0.02645299956202507,0.02645299956202507,0.0018599999602884054,0.012838000431656837,13.899986,0.0194070003926754,0.010409999638795853,99.99,9.989999771118164,99.98999786376953,99.99,9.989999771118164,99.98999786376953,99.99,9.989999771118164,99.98999786376953,99.99,9.989999771118164,99.98999786376953,0.8769999742507935,-0.07349999994039536,99.98999786376953,0.2154729962348938,2223649.0,755534.0,135673589.0,97.73492431640625,2.0,1.0,2.0,0.0,0.0,0.0,0.0,-1.0,47193.1517115,0.04417283641822073
462,74.286438,-66.866669,4.945630027124347,4.942047451352749,14.665119417871878,14.665202405157666,0.0,22083.97035563783,3402.8432953580073,0.0,22083.97035563783,3501.065587170488,0.0,22083.97035563783,3594.7871951680695,0.0,0.541702939037358,4.680243270909279,5.221946209946637,0.1191498997075175,0.8140635608692897,4.535958816600762,5.350022377470052,0.1796603127502791,1.2132479122279616,385.3929716713172,0.0,0.115030214810753,3.620934244026629,4.008150573454591,,,,0,74.28632676255639,-66.86663103465118,277.71786263401947,-35.912649088712975,349.97436795193136,-83.7969803895456,0.04502499848604202,0.04502499848604202,0.028797000646591187,0.015884999185800552,17.743612,0.022645000368356705,0.023130999878048897,14.830978,0.0031850000377744436,0.009062999859452248,13.661494,0.014251000247895718,0.22455599904060364,13.238674,0.014789000153541565,1.7598919868469238,12.940105,0.013868000358343124,99.98999786376953,3.5725998878479004,0.880299985408783,0.9842860102653503,0.13941200077533722,2223654.0,755035.0,135673850.0,14.229154586791992,10.0,1.0,2.0,3.0,2.0,2.0,1.0,2.0,47193.159474,0.2084037355444001
463,74.290445,-67.022011,12.603725505443917,12.59671772288472,13.648963523061813,13.649399933041614,0.0,30891.957272286774,3407.871793438028,0.0,30891.957272286774,3506.165808345471,0.0,30891.957272286774,3599.954604868509,0.0,0.6688652203120391,12.28232185385259,12.951187074164627,0.0573005338643941,1.0213868661547745,12.096164655793814,13.117551521948588,0.0883119093384472,1.4425610984885413,394.851345430015,0.0,0.122192839449417,3.941883525115784,4.058306528195212,,,,0,74.29039324908649,-67.02201076189405,277.9023899290417,-35.870247864912834,348.53893895282124,-83.80861586695865,0.02645600028336048,0.02645600028336048,0.006690999958664179,0.0043669999577105045,14.458476,0.019415000453591347,0.008910000324249268,99.99,9.989999771118164,99.98999786376953,99.99,9.989999771118164,99.98999786376953,99.99,9.989999771118164,99.98999786376953,99.99,9.989999771118164,99.98999786376953,0.8529999852180481,-0.07249999791383743,99.98999786376953,0.21001599729061127,2223662.0,755035.0,135673761.0,22.951032638549805,2.0,1.0,2.0,0.0,0.0,0.0,0.0,-1.0,47193.1517070,0.07273365886789508
464,74.295525,-67.340118,20.691236473183253,20.68525140443388,13.110726487385524,13.111037450299415,0.0,79920.66648633896,3420.9457896381837,0.0,79920.66648633896,3519.426035942599,0.0,79920.66648633896,3613.3892897841297,0.0,1.0410331827692865,20.19171595702898,21.232749139798266,0.0545087913828599,1.5721224254571418,19.95647721629443,21.528599641751573,0.0828003166541808,2.2893808306782972,382.5285556744198,0.0,0.1677733769163022,3.8534250954691776,4.0749513746833586,,,,1,74.2954111539878,-67.34008980006939,278.27996000576354,-35.783858105229115,345.5883927618853,-83.819015251144,0.02238900028169155,0.02238900028169155,0.17378999292850494,0.08045899868011475,14.296519,0.018022000789642334,0.6985329985618591,99.99,9.989999771118164,99.98999786376953,99.99,9.989999771118164,99.98999786376953,99.99,9.989999771118164,99.98999786376953,99.99,9.989999771118164,99.98999786376953,8.813199996948242,-0.10520000010728836,0.3400000035762787,0.18986399471759796,2223648.0,756029.0,135672687.0,28.62612533569336,5.0,3.0,5.0,0.0,0.0,0.0,0.0,2.0,47193.1456688,0.18771732188729756
465,74.320065,-68.410988,,,,,,,,,,,,,,,,,,,,,,,,,,,3.854886316803101,4.741861354156317,,,,0,74.32002515136465,-68.41096075248728,279.5441695533069,-35.482027477429746,335.7238749292144,-83.73719944293177,0.041248999536037445,0.041248999536037445,99.98999786376953,99.98999786376953,11.485475,0.012253999710083008,99.98999786376953,--,9.989999771118164,99.98999786376953,--,9.989999771118164,99.98999786376953,--,9.989999771118164,99.98999786376953,--,9.989999771118164,99.98999786376953,2.9509999752044678,0.039000000804662704,99.98999786376953,1.5287530422210693,2220367.0,758916.0,135667839.0,50.46220397949219,1.0,1.0,1.0,0.0,0.0,0.0,0.0,-1.0,47316.1245745,0.11139112117248948
466,74.353067,-68.844727,,,,,,,,,,,,,,,,,,,,,,,,,,,3.708076253205952,4.153088073861289,,,,0,74.35296888745286,-68.84474139980165,280.05072734033524,-35.348309942487205,331.83102118056667,-83.66075158383963,0.006240000016987324,0.006240000016987324,0.030733000487089157,0.03632599860429764,20.223738,0.010533000342547894,0.08631999790668488,16.83329,0.002380999969318509,0.012493999674916267,15.256602,0.0017379999626427889,0.03348499909043312,14.315854,0.03476399928331375,0.32896700501441956,14.046428,0.09414499998092651,99.98999786376953,2.444727897644043,0.009302999824285507,0.029999999329447746,0.7256730198860168,2220803.0,759383.0,135492865.0,12.282818794250488,33.0,3.0,10.0,10.0,10.0,2.0,1.0,2.0,47435.801639,0.1376083061938266
467,74.420186,-66.786026,7.026971222561881,7.027514816710696,14.283577911610308,14.283050763833163,0.0,33784.91876109589,3410.8888821368705,0.0,33784.91876109589,3509.225905360924,0.0,33784.91876109589,3603.054991082027,0.0,0.6498192877970101,6.70165,7.35146928779701,0.1008769005413174,0.9836549737239536,6.526234166595054,7.509889140319007,0.1521482262951856,1.4826520803868153,1231.7653918734811,0.0,0.0725307773878856,3.647086370923105,4.131102981998718,,,,0,74.42011589141717,-66.78603031887822,277.6048672493922,-35.88281709218656,350.76101062579363,-83.84277234129475,0.013145999982953072,0.013145999982953072,0.041437000036239624,0.018285000696778297,17.059374,0.01549100037664175,0.0034890000242739916,14.383259,0.005257999990135431,99.98999786376953,13.401546,0.020610999315977097,99.98999786376953,99.99,9.989999771118164,99.98999786376953,99.99,9.989999771118164,99.98999786376953,1.3541669845581055,-0.017333000898361206,0.1979999989271164,0.1467750072479248,2223655.0,754532.0,135684787.0,18.421112060546875,6.0,3.0,4.0,1.0,1.0,0.0,0.0,2.0,47066.294755,0.10069155517732956
468,74.432613,-66.857719,17.624264532721142,17.613441878813703,13.284896837302702,13.285817074309085,0.0,48195.270668013785,3400.831890196852,0.0,48195.270668013785,3499.0254778506633,0.0,48195.270668013785,3592.720196465633,0.0,0.7948299659408917,17.241539128174136,18.036369094115027,0.049000347021856,1.2141585979580365,17.045235124271155,18.25939372222919,0.0743624402976426,1.7013176369494758,99.42675574688776,1.0,0.2009490650450984,3.891821400195477,4.094243562947061,,,,0,74.43256722610687,-66.85770035996467,277.68872028142283,-35.85950357221551,350.0982914829153,-83.85358642528044,0.028665000572800636,0.028665000572800636,0.006765000056475401,0.006049000192433596,14.270964,0.01937600038945675,0.01279900036752224,99.99,9.989999771118164,99.98999786376953,99.99,9.989999771118164,99.98999786376953,99.99,9.989999771118164,99.98999786376953,99.99,9.989999771118164,99.98999786376953,0.7235000133514404,-0.0729999989271164,99.98999786376953,0.13099999725818634,2223654.0,754532.0,135684768.0,90.74861907958984,2.0,1.0,2.0,0.0,0.0,0.0,0.0,-1.0,47066.634604,0.09325920160153438
469,74.434938,-69.521049,22.372276452446485,22.378500000000003,13.02588462934584,13.02539779181368,0.0,23954.712701824246,1261.7539576510517,0.0,23954.712701824246,1322.001178617322,0.0,23954.712701824246,1380.1526546229657,0.0,1.009087133582824,21.883359152436192,22.892446286019016,0.0483977918136773,1.5264184119357689,21.638566426802605,23.164984838738373,0.0742426530063458,1.9540849513230043,29.476265263199025,0.0,0.32899743853378,3.9312303495760617,4.27945294950791,,,,0,74.43498994749835,-69.52105331462018,280.83367251036174,-35.12625473899076,325.9604422667138,-83.494895371417,0.01075000036507845,0.01075000036507845,0.023293999955058098,0.010738999582827091,13.945009,0.002701000077649951,0.008508999831974506,12.937593,0.009847999550402164,99.98999786376953,99.99,9.989999771118164,99.98999786376953,13.113336,0.011727999895811081,0.0189449992030859,99.99,9.989999771118164,99.98999786376953,1.6894170045852661,-0.14966699481010437,0.0,0.4565339982509613,2220732.0,761212.0,135485989.0,42.47340393066406,12.0,3.0,9.0,1.0,0.0,2.0,0.0,6.0,47551.361049,0.06724671614662353
470,74.437683,-65.708374,18.452288142148983,16.935,13.26894529907582,13.328,0.0,3439074.8383632693,1988.7561453958103,0.0,3439074.8383632693,2064.1085580113618,0.0,3439074.8383632693,2136.407364252774,0.0,13.729778221736384,13.437,27.166778221736383,0.7642807146770068,14.824772899947163,13.160397041366982,27.985169941314147,0.8193787305191886,16.454323215366017,24.249094989726952,0.0,1.6098787287883238,3.7883523513939847,4.287669668477065,,,,0,,,,,,,,,,,,,,,,,,,,,,,,,,,,,,,,,,,,,,,,,,,
471,74.445788,-69.215889,8.45276262776741,8.470461804865552,14.083076775765406,14.080000000000002,0.0,17540.12079654841,1257.7163343685477,0.0,17540.12079654841,1317.8688748152244,0.0,17540.12079654841,1375.9316828341944,0.0,0.8300995937570441,8.023623226806217,8.853722820563261,0.1071514865824578,1.2775754910678725,7.827413661244967,9.10498915231284,0.1638620812154414,1.6715257646286623,1287.6341144516475,0.0,0.1362982478326246,3.643943145144917,4.162886297135751,,,,0,74.44585737399579,-69.21593934719435,280.4749313849105,-35.2105720117388,328.52629424079174,-83.59444440488784,0.01271199993789196,0.01271199993789196,0.02285899966955185,0.03753000125288963,16.960142,0.004052000120282173,0.02651900053024292,14.254729,0.031801000237464905,0.10583999752998352,99.99,9.989999771118164,99.98999786376953,12.341931,0.02303200028836727,99.98999786376953,99.99,9.989999771118164,99.98999786376953,2.2402000427246094,0.2498670071363449,0.296999990940094,0.5846440196037292,2220683.0,760761.0,135486401.0,28.525527954101562,15.0,3.0,10.0,4.0,0.0,1.0,0.0,2.0,47551.360991,0.20175568089601859
472,74.447295,-69.391327,46.72322068893754,46.735,12.226296874686607,12.225893355222958,0.0,58720.70340521133,1260.7445575343131,0.0,58720.70340521133,1320.968122720708,0.0,58720.70340521133,1379.097445155877,0.0,1.7153849313260707,45.836285725106656,47.55167065643273,0.0399999999999991,2.5954567255702585,45.36072921167801,47.95618593724827,0.0605794749847223,3.4264554994928744,448.5538916759829,0.0,0.522871056514503,3.9212714055092137,4.154548162703316,,,,0,74.44727472916341,-69.39134745406001,280.6803126010939,-35.15965728904853,327.0339709794976,-83.54132654878204,0.009219000115990639,0.009219000115990639,0.023110000416636467,0.014262000098824501,14.119868,0.00203399988822639,0.02182699926197529,13.36028,0.007550000213086605,0.11923400312662125,13.342764,0.009701999835669994,0.20816299319267273,13.493408,0.020431999117136,99.98999786376953,99.99,9.989999771118164,99.98999786376953,2.7875709533691406,0.045524001121520996,0.43312498927116394,0.5405300259590149,2220725.0,761212.0,135486072.0,92.54739379882812,21.0,3.0,11.0,4.0,5.0,1.0,0.0,2.0,47551.354937,0.07798606312415463
473,74.467946,-69.392502,130.80492853607822,130.81506664364576,11.108552000154592,11.108667722344183,0.0,219272.2226535812,1262.763353972875,0.0,219272.2226535812,1323.034221171649,0.0,219272.2226535812,1381.2078418150215,0.0,4.101994857128631,128.81111755538882,132.91311241251745,0.0346677223441833,6.475712879317811,127.4315154534526,133.90722833277042,0.0539999999999984,8.663563957657331,380.24796863280307,0.0,1.6628423237934606,3.868473086933056,4.164199551353572,,,,1,74.46799396105324,-69.3924942305204,280.67908377157505,-35.15234373457716,327.00365938212104,-83.54787509820623,0.014685999602079391,0.014685999602079391,0.10672199726104736,0.06190299987792969,13.991301,0.004327000118792057,0.30927398800849915,99.99,9.989999771118164,99.98999786376953,13.238591,0.08091700077056885,99.98999786376953,99.99,9.989999771118164,99.98999786376953,99.99,9.989999771118164,99.98999786376953,4.4508891105651855,0.37233299016952515,0.0,0.5360820293426514,2220725.0,761212.0,135486066.0,54.72994613647461,9.0,3.0,8.0,0.0,1.0,0.0,0.0,2.0,47551.361041,0.06689789951236734
474,74.489212,-69.538612,33.467774734021575,33.435,12.588711229482794,12.589587701279628,0.0,94056.61088444616,1264.7821352501387,0.0,94056.61088444616,1325.100266317982,0.0,94056.61088444616,1383.31814948174,0.0,2.2125711597195092,32.42447945681274,34.63705061653225,0.0709999999999979,3.2706371837676897,31.910215321532448,35.18085250530014,0.1064068345374433,4.533142989469592,204.93335350594927,0.0,0.731662220331481,3.898554596028657,4.2981855616962195,,,,0,74.4893648532103,-69.5385806478053,280.84744263014136,-35.10297519097611,325.7579970226919,-83.50688493472234,0.027080999687314034,0.027080999687314034,0.005557999946177006,0.01634499989449978,12.946653,0.004011000040918589,0.007193000055849552,99.99,9.989999771118164,99.98999786376953,99.99,9.989999771118164,99.98999786376953,99.99,9.989999771118164,99.98999786376953,99.99,9.989999771118164,99.98999786376953,0.7733330130577087,0.024000000208616257,99.98999786376953,0.409060001373291,2220735.0,761212.0,135485966.0,36.06257629394531,3.0,1.0,3.0,0.0,0.0,0.0,0.0,-1.0,47551.535585,0.22302974630160402
475,74.512659,-68.906418,24.265338123965925,24.303338873627663,12.937774811152288,12.936,0.0,43489.4360059125,1251.6597849501518,0.0,43489.4360059125,1311.6700165684597,0.0,43489.4360059125,1369.59955310342,0.0,1.4861139750901522,23.409531995829926,24.89564597092008,0.0665900889326867,2.220696802412185,23.073741805821392,25.294438608233577,0.0997216257904796,2.7546682861312917,295.94741839190607,0.0,0.3602992353926472,3.827512775966093,4.1442805632228,,,,0,74.51274055694559,-68.9064241217017,280.10326611387956,-35.27563087758187,331.1601118637433,-83.70159197922855,0.019231999292969704,0.019231999292969704,0.01828099973499775,0.0170889999717474,13.789027,0.003932000137865543,0.01497699972242117,99.99,9.989999771118164,99.98999786376953,99.99,9.989999771118164,99.98999786376953,99.99,9.989999771118164,99.98999786376953,99.99,9.989999771118164,99.98999786376953,0.758400022983551,-0.06480000168085098,99.98999786376953,0.6493980288505554,2220814.0,759847.0,135487392.0,63.60153579711914,5.0,1.0,5.0,0.0,0.0,0.0,0.0,-1.0,47551.534108,0.10793987960123988
476,74.523225,-69.454338,11.083312911123022,9.859,13.86841288080107,13.915,0.0,1273350.4269037377,1270.8383884796883,0.0,1273350.4269037377,1331.298083214285,0.0,1273350.4269037377,1389.6485406717318,0.0,13.6483624208713,6.082493042865617,19.73085546373692,1.2776372191255874,14.996807164940796,5.619337238439108,20.616144403379906,1.4109106740985862,16.802797121405746,36.87326225397722,0.0,2.056573060703932,3.667616869673838,4.0791353448546985,,,,0,74.52335131263723,-69.45430987726971,280.7446141836633,-35.115906344737965,326.4272095343751,-83.54626640962898,0.012818999588489532,0.012818999588489532,0.016279000788927078,0.02485699951648712,15.320206,0.002369999885559082,1.2697819471359253,14.473205,0.03988799825310707,0.16211099922657013,99.99,9.989999771118164,99.98999786376953,13.373649,0.040137000381946564,99.98999786376953,99.99,9.989999771118164,99.98999786376953,4.149072170257568,0.20828600227832794,0.11999999731779099,0.5183619856834412,2220725.0,761212.0,135486027.0,93.93159484863281,14.0,3.0,10.0,3.0,0.0,1.0,0.0,2.0,47551.361048,0.18899245845495596
477,74.527298,-67.241653,140.1143609952329,140.0614696166893,11.03391509590836,11.034000000000002,1.0,739816.2819214184,2852.5861834184298,0.0,739816.2819214184,2942.6111169512815,0.0,739816.2819214184,3028.653756830746,0.0,4.2885622155331475,138.06387911688603,142.35244133241918,0.0332062093656233,6.5241713525553,137.1328232950558,143.6569946476111,0.0502199087240935,13.92904287063064,307.76658237690975,1.0,2.3941725255825337,3.8571294766608113,4.009743762925168,,,,0,74.52746557163327,-67.24152442377218,278.1335938236949,-35.72359502987435,346.51638953711205,-83.90790004352019,0.015625,0.015625,0.04274599999189377,0.08712399750947952,14.403811,0.017322000116109848,0.1803019940853119,13.203011,0.04908499866724014,99.98999786376953,13.167274,0.05227600038051605,99.98999786376953,13.819666,0.07833000272512436,0.9968590140342712,13.549592,0.05721399933099747,99.98999786376953,12.26099967956543,0.8396999835968018,0.07428599894046783,0.23521099984645844,2220304.0,755534.0,135673397.0,36.76352310180664,10.0,3.0,5.0,1.0,1.0,2.0,1.0,6.0,47193.647359,0.5183757329415072
478,74.537554,-67.306412,17.551636728416575,17.535761577474275,13.28939514744332,13.290142138930696,0.0,54882.12233355657,3413.9059632362487,0.0,54882.12233355657,3512.2859756528715,0.0,54882.12233355657,3606.1553326633702,0.0,0.9055978132983712,17.12078420358852,18.026382016886892,0.0560000000000009,1.3628103710086457,16.92309700867856,18.28590737968721,0.0836029841893104,1.987160336590421,377.67451700495326,0.0,0.1284552235824488,3.9212714055092137,4.1417481627033155,,,,1,74.53774947908347,-67.30648933429606,278.20950736444416,-35.70269085987267,345.9043339470258,-83.91238649487148,0.013093999586999416,0.013093999586999416,0.08589500188827515,0.19167399406433105,14.810317,0.015614000149071217,0.7056080102920532,99.99,9.989999771118164,99.98999786376953,99.99,9.989999771118164,99.98999786376953,14.756228,0.029600000008940697,99.98999786376953,99.99,9.989999771118164,99.98999786376953,3.998667001724243,-0.16500000655651093,0.1599999964237213,0.20395700633525848,2220304.0,755534.0,135673358.0,27.003311157226562,6.0,3.0,5.0,0.0,0.0,1.0,0.0,2.0,47193.1452866,0.38887007650359046
479,74.565514,-70.532059,71.99802925989674,72.002,11.756812392426852,11.757,0.0,41212.22181398161,595.3981820581207,0.0,41212.22181398161,637.135473801841,0.0,41212.22181398161,677.9561491880349,0.0,1.8000000000000114,71.097,72.897,0.0269999999999974,2.6692000000000036,70.5878,73.257,0.0406000000000013,6.337999999999994,3.066362699699767,1.0,0.6413325174565672,3.8222174660873582,4.127286284140037,,,,0,74.56569495145003,-70.53204793395396,281.99637064866846,-34.78562863613588,317.8497743662258,-83.12889532014613,0.02048500068485737,0.02048500068485737,0.006709999870508909,0.004255999810993671,14.010472,0.004255999810993671,0.0119420001283288,99.99,9.989999771118164,99.98999786376953,99.99,9.989999771118164,99.98999786376953,99.99,9.989999771118164,99.98999786376953,99.99,9.989999771118164,99.98999786376953,0.7456669807434082,-0.01233300007879734,99.98999786376953,0.11708100140094757,2220757.0,763835.0,135470425.0,68.3459243774414,3.0,1.0,3.0,0.0,0.0,0.0,0.0,-1.0,47769.1152006,0.22073138042694068
480,74.636575,-70.346024,16.540387137575813,14.584,13.445493644755611,13.490000000000002,1.0,2241497.975906196,1270.8383884796883,0.0,2241497.975906196,1331.298083214285,0.0,2241497.975906196,1389.6485406717318,0.0,20.960838531068692,8.422217998355109,29.3830565294238,1.3566000000000005,23.660330769770727,7.9258,31.58613076977073,1.501357601347669,26.909735995815367,35.71335532183346,0.0,1.7659219604562983,3.678974030300909,4.01123875041181,,,,0,74.63670186401596,-70.34603593953325,281.77148694810745,-34.81829100582041,319.1525971154011,-83.23494260373467,0.012703999876976013,0.012703999876976013,0.007249999791383743,0.01586100086569786,15.470211,0.0032160000409930944,0.028193000704050064,99.99,9.989999771118164,99.98999786376953,99.99,9.989999771118164,99.98999786376953,99.99,9.989999771118164,99.98999786376953,99.99,9.989999771118164,99.98999786376953,0.7301999926567078,-0.0020000000949949026,0.0,0.1868250072002411,2220764.0,763408.0,135481456.0,89.91385650634766,5.0,3.0,5.0,0.0,0.0,0.0,0.0,2.0,47662.1112849,0.1595096911119848
481,74.668893,-70.527405,22.804550309711075,22.8095,13.00514542982812,13.004688383313436,0.0,34115.36818972311,1261.7539576510517,0.0,34115.36818972311,1322.001178617322,0.0,34115.36818972311,1380.1526546229657,0.0,1.1986710962439666,22.215378903756033,23.41405,0.0570344191656726,1.7938551131726577,21.949464886827343,23.74332,0.0852983833134359,2.599432760212107,404.8396390896086,0.0,0.4883671832123991,3.9372300331097208,4.11631168802399,,,,0,74.6689894192821,-70.52739506350946,281.9784598972118,-34.75415482909772,317.74941664475557,-83.16150809563506,0.020486999303102493,0.020486999303102493,0.013841000385582447,0.01184799987822771,13.457393,0.004188000224530697,0.008975000120699406,99.99,9.989999771118164,99.98999786376953,99.99,9.989999771118164,99.98999786376953,99.99,9.989999771118164,99.98999786376953,99.99,9.989999771118164,99.98999786376953,0.7860000133514404,0.06333299726247787,99.98999786376953,0.11649899929761887,2220787.0,763835.0,135470423.0,19.149747848510742,3.0,1.0,3.0,0.0,0.0,0.0,0.0,-1.0,47769.1152004,0.12111411993330382
482,74.676973,-69.690598,7.545681918807195,7.54,14.206452598216131,14.206677953077818,0.0,20708.90920019629,1263.7727465043763,0.0,20708.90920019629,1324.0672503998323,0.0,20708.90920019629,1382.263006758984,0.0,0.8415444212077547,7.13905,7.980594421207755,0.1213220469221862,1.198811941031246,6.94382,8.142631941031246,0.1729120469221836,1.81537497277962,175.8007497450877,0.0,0.2599786334327768,3.604859049016445,4.331974613720553,,,,0,74.67694559754075,-69.69057146600852,281.00215003162884,-34.99653321809717,324.2956406496908,-83.51441845248652,0.009979000315070152,0.009979000315070152,0.04952799901366234,0.051343001425266266,17.556448,0.007953000254929066,0.04129299893975258,14.238235,0.0029380000196397305,0.1221190020442009,99.99,9.989999771118164,99.98999786376953,99.99,9.989999771118164,99.98999786376953,99.99,9.989999771118164,99.98999786376953,1.7846109867095947,0.039000000804662704,0.2199999988079071,0.15374000370502472,2220721.0,762103.0,135482855.0,10.6200532913208,18.0,3.0,11.0,7.0,0.0,0.0,0.0,2.0,47662.137770,0.10147364763215816
483,74.714423,-67.052444,21.55214891591847,21.54320715812285,13.066480753578382,13.067000000000002,0.0,214300.37699066132,3401.8375932013178,0.0,214300.37699066132,3500.045534001177,0.0,214300.37699066132,3593.7536983063733,0.0,1.149900243417331,21.00325930718981,22.153159550607143,0.0578937956033822,1.682018415634051,20.74986158436595,22.43188,0.0841434625028583,2.429175033265409,655.5554280029111,1.0,0.1003743385245028,3.941883525115784,4.2147065281952125,,,,1,74.71448120104715,-67.05247073476815,277.88551026366196,-35.70257527030784,348.3259712939251,-83.9753137655014,0.020253000780940056,0.020253000780940056,0.0029269999358803034,0.003011000109836459,13.785545,0.01935099996626377,0.005861999932676554,99.99,9.989999771118164,99.98999786376953,99.99,9.989999771118164,99.98999786376953,99.99,9.989999771118164,99.98999786376953,99.99,9.989999771118164,99.98999786376953,0.5954999923706055,0.0044999998062849045,99.98999786376953,0.18579000234603882,2220306.0,755035.0,135673672.0,53.21314239501953,2.0,1.0,2.0,0.0,0.0,0.0,0.0,-1.0,47193.1517266,0.12623995345582567
484,74.717101,-69.425728,26.13910856525244,26.137,12.85694976456868,12.857,0.0,30935.35811911936,1256.706919026041,0.0,30935.35811911936,1316.8357653873793,0.0,30935.35811911936,1374.8763839964822,0.0,1.08529431479635,25.61519551732559,26.70048983212194,0.0446868266711799,1.8430005257663105,25.28029947423369,27.1233,0.0762126095302573,2.349999999999998,167.79855091507696,1.0,0.2678539111170578,3.823148791861768,4.227586202111132,,,,1,74.71718746696166,-69.42568549760165,280.68729121913674,-35.058870377233646,326.4678971044979,-83.61997257314613,0.017683999612927437,0.017683999612927437,0.03323100134730339,0.013379000127315521,13.75316,0.004046999849379063,0.02387399971485138,99.99,9.989999771118164,99.98999786376953,99.99,9.989999771118164,99.98999786376953,99.99,9.989999771118164,99.98999786376953,99.99,9.989999771118164,99.98999786376953,1.3067500591278076,-0.1107499971985817,99.98999786376953,0.4561220109462738,2220727.0,761212.0,135486037.0,95.50965118408203,4.0,1.0,4.0,0.0,0.0,0.0,0.0,-1.0,47551.705339,0.18809043292381664
485,74.834295,-68.843079,21.949610242224953,21.948,13.046603066906933,13.047000000000002,0.0,21765.456929303575,1260.7445575343131,0.0,21765.456929303575,1320.968122720708,0.0,21765.456929303575,1379.097445155877,0.0,0.9732815081457886,21.46688817603892,22.440169684184703,0.0488264439244883,1.531300984934898,21.12908205506837,22.660383040003268,0.0756200000000006,2.0203062243208443,297.6659998181975,1.0,0.2513348821100116,3.747826574471194,4.068260074655006,,,,0,74.834351934492,-68.84303967459337,279.98917959872915,-35.18199216002249,331.4580709207847,-83.82967832220945,0.012009999714791775,0.012009999714791775,0.021209999918937683,0.010995999909937382,14.411781,0.003823000006377697,0.00863800011575222,12.891989,0.041724998503923416,99.98999786376953,99.99,9.989999771118164,99.98999786376953,99.99,9.989999771118164,99.98999786376953,99.99,9.989999771118164,99.98999786376953,1.4835000038146973,-0.008999999612569809,0.008570999838411808,0.36077800393104553,2220815.0,759847.0,135487341.0,10.368428230285645,12.0,3.0,11.0,1.0,0.0,0.0,0.0,2.0,47551.352940,0.15973413604137354
486,74.921413,-69.4561,12.773000038873764,11.151555827196068,13.720404891780516,13.781641781188416,0.0,1614067.983561413,1270.8383884796883,0.0,1614067.983561413,1331.298083214285,0.0,1614067.983561413,1389.6485406717318,0.0,16.086249605277864,6.760700164077847,22.84694976935571,1.3222000000000025,18.171988397231885,6.207446163132181,24.379434560364068,1.4850000000000012,23.543676707683577,31.802685526817218,0.0,1.8667368429087967,3.690833615468138,4.156345530618601,,,,0,74.9214737700742,-69.45609351908425,280.6981326936786,-34.98145959164023,325.9906926025017,-83.67728265419468,0.011629000306129456,0.011629000306129456,0.007184999994933605,0.008876999840140343,16.146334,0.003998999949544668,0.8153460025787354,14.656994,0.022360000759363174,0.057107001543045044,99.99,9.989999771118164,99.98999786376953,99.99,9.989999771118164,99.98999786376953,99.99,9.989999771118164,99.98999786376953,1.9192999601364136,0.3727000057697296,0.3199999928474426,0.4134640097618103,2220726.0,761213.0,135485835.0,72.41588592529297,10.0,3.0,7.0,3.0,0.0,0.0,0.0,2.0,47551.705412,0.0802395831630803
487,74.931386,-68.523003,74.23841800768096,74.1955,11.723666260047086,11.724,1.0,308171.62683550874,1269.8290223526296,0.0,308171.62683550874,1330.2651468198271,0.0,308171.62683550874,1388.593530714636,0.0,4.231762164794802,72.16515000000001,76.39691216479481,0.0613230996420313,5.958590334262581,71.55599,77.51458033426258,0.0869130996420342,7.57430554572197,1168.25567572536,0.0,0.2559830580051709,3.753276176353534,4.791643486727044,,,,0,74.93145396545214,-68.52299386068877,279.60056877507725,-35.23545466914666,334.30825450976744,-83.93675829180418,0.024536000564694405,0.024536000564694405,0.055987998843193054,0.009494000114500523,13.323784,0.003823000006377697,0.011868000030517578,99.99,9.989999771118164,99.98999786376953,99.99,9.989999771118164,99.98999786376953,99.99,9.989999771118164,99.98999786376953,99.99,9.989999771118164,99.98999786376953,1.399999976158142,-0.14033299684524536,99.98999786376953,0.16377399861812592,2220358.0,758917.0,135662480.0,90.06248474121094,3.0,1.0,3.0,0.0,0.0,0.0,0.0,-1.0,47436.370057,0.09543343269256094
488,74.952992,-67.818863,35.2421719457639,35.22255322893701,12.532580853066312,12.533,0.0,5131285.095236374,3144.3488422586915,0.0,5131285.095236374,3238.8099486537785,0.0,5131285.095236374,3329.0081913094205,0.0,2.009539493864992,34.30691261635878,36.31645211022377,0.0619999999999993,3.186493509865869,33.864639999999994,37.05113350986586,0.0975597038921041,5.698595847618456,103.41954791281276,0.0,0.9167243677343944,3.8885987920756073,4.357542468026959,,,,0,74.95312211409868,-67.81883521888243,278.76603294674265,-35.41519487748448,340.9557356661073,-84.04847162394364,0.02206999994814396,0.02206999994814396,0.008906000293791294,0.003957999870181084,13.312388,0.019450999796390533,0.016150999814271927,99.99,9.989999771118164,99.98999786376953,99.99,9.989999771118164,99.98999786376953,99.99,9.989999771118164,99.98999786376953,99.99,9.989999771118164,99.98999786376953,0.8769999742507935,-0.07500000298023224,99.98999786376953,0.21432000398635864,2220396.0,757008.0,135671837.0,16.032642364501953,2.0,1.0,2.0,0.0,0.0,0.0,0.0,-1.0,47193.1519511,0.2031637255436168
489,74.964046,-70.222679,32.82607630316688,32.814,12.609603544574975,12.61,0.0,44901.723049202934,1258.725745897677,0.0,44901.723049202934,1318.901970835884,0.0,44901.723049202934,1376.9869592885675,0.0,1.4767459468408504,32.13737707915752,33.61412302599837,0.0484063790232429,2.2007378812583873,31.717171408197533,33.91790928945592,0.0727862964483669,3.010970365361345,391.34777958185833,0.0,0.3552549685467659,3.8420201994354786,4.168831636879867,,,,0,74.96408518322455,-70.22271874578966,281.5885711240509,-34.748754461591204,319.6786356689965,-83.38873404405872,0.019648000597953796,0.019648000597953796,0.012861000373959541,0.01701500080525875,13.267138,0.0034920000471174717,0.015817999839782715,99.99,9.989999771118164,99.98999786376953,99.99,9.989999771118164,99.98999786376953,99.99,9.989999771118164,99.98999786376953,99.99,9.989999771118164,99.98999786376953,0.6259999871253967,-0.03766699880361557,99.98999786376953,0.34170499444007874,2220793.0,763409.0,135480303.0,57.10813903808594,3.0,1.0,3.0,0.0,0.0,0.0,0.0,-1.0,47662.1419878,0.15083564625548168
490,74.998596,-67.085793,18.449368274242385,18.44455172667427,13.235275570712895,13.235064134776296,0.0,123510.35303339823,2795.229217605489,0.0,123510.35303339823,2884.3557605262745,0.0,123510.35303339823,2969.556839628643,0.0,1.006452569829456,17.948302514845526,18.954755084674986,0.0590395501108051,1.5981454195320453,17.645866147474667,19.244011567006712,0.0944063536767707,2.232757430161225,885.3809648127938,0.0,0.0640558606061772,3.8103861536356938,4.092478074401934,,,,0,74.99859946946945,-67.08579524819719,277.89043350206964,-35.58703920695509,348.045075212927,-84.0871684985229,0.008511999621987343,0.008511999621987343,0.00434499979019165,0.0029279999434947968,14.300344,0.012715999968349934,0.0046430001966655254,13.02918,0.010956999845802784,0.015358000062406063,99.99,9.989999771118164,99.98999786376953,12.885834,0.017842000350356102,99.98999786376953,99.99,9.989999771118164,99.98999786376953,1.009374976158142,0.00800000037997961,0.0,0.1997070014476776,2220305.0,755535.0,135673328.0,60.77491760253906,8.0,3.0,5.0,2.0,0.0,1.0,0.0,6.0,47193.1110461,0.009442145753665209
491,75.031533,-68.449997,33.313231353611634,30.569807441572767,12.691634426456536,12.686542512940438,1.0,4972055.029948887,1270.8383884796883,0.0,4972055.029948887,1331.298083214285,0.0,4972055.029948887,1389.6485406717318,0.0,43.70252917472408,16.51847082527591,60.22099999999998,1.404542512940436,50.65251621019492,14.996483789805088,65.649,1.6029004062114112,54.51238433754118,133.2988471422112,0.0,4.140701660127917,3.6873987043739738,4.787677321148829,,,,0,75.03154525668391,-68.45001111039555,279.5024250204524,-35.21975498340055,334.91863016138313,-83.98727287874267,0.01611500047147274,0.01611500047147274,0.03385800123214722,0.02222900092601776,14.692615,0.003783999942243099,0.06914199888706207,99.99,9.989999771118164,99.98999786376953,99.99,9.989999771118164,99.98999786376953,99.99,9.989999771118164,99.98999786376953,99.99,9.989999771118164,99.98999786376953,2.193624973297119,0.03362499922513962,0.9800000190734863,0.24039599299430847,2220359.0,758917.0,135662447.0,64.42254638671875,8.0,3.0,8.0,0.0,0.0,0.0,0.0,2.0,47436.250397,0.05332031654155557
492,75.04305,-67.152191,13.455811237706463,13.45308492711366,13.57799923161618,13.578,0.0,189279.77741916172,2788.1851265679034,0.0,189279.77741916172,2877.2007038354145,0.0,189279.77741916172,2962.2978369349335,0.0,0.8773333340012393,13.018170714167598,13.895504048168837,0.0709657636368881,1.4156947021814457,12.727910598590997,14.14360530077244,0.1142204580515766,1.8203873980843832,884.5156597193375,0.0,0.0729055134923727,3.91587564393546,4.026702676239728,,,,0,75.04304020173856,-67.15221449329623,277.9640677746484,-35.55353152299878,347.40393301151,-84.10619098705226,0.010219999589025974,0.010219999589025974,0.013656999915838242,0.004395000170916319,14.393562,0.01230200007557869,0.025225000455975533,99.99,9.989999771118164,99.98999786376953,99.99,9.989999771118164,99.98999786376953,13.636834,0.021784000098705292,99.98999786376953,99.99,9.989999771118164,99.98999786376953,1.4216669797897339,-0.024166999384760857,0.0,0.15633900463581085,2220305.0,755535.0,135673288.0,59.4405517578125,6.0,3.0,5.0,0.0,0.0,1.0,0.0,2.0,47193.1452424,0.08567767703997183
493,75.133394,-67.940735,18.239485636084456,18.231963025402862,13.247699616564567,13.24826806996583,0.0,61853.46681328015,3225.8263109026884,0.0,61853.46681328015,3321.489091247751,0.0,61853.46681328015,3412.813020297118,0.0,1.0347070304615291,17.73079412270225,18.76550115316378,0.0616927701502891,1.6675928649594098,17.418695591544438,19.086288456503848,0.0991741428708028,2.2595749879417397,41.7967930094148,1.0,0.3011901370690487,3.8844449814752298,4.029147579442849,,,,0,75.13341778156105,-67.94075704721786,278.888603540638,-35.31781118701599,339.71339024778894,-84.10355648851949,0.02912599965929985,0.02912599965929985,99.98999786376953,99.98999786376953,13.993057,0.02772199921309948,99.98999786376953,99.99,9.989999771118164,99.98999786376953,99.99,9.989999771118164,99.98999786376953,99.99,9.989999771118164,99.98999786376953,99.99,9.989999771118164,99.98999786376953,1.1619999408721924,-0.08699999749660492,99.98999786376953,0.2911210060119629,2220414.0,757492.0,135666342.0,18.240528106689453,1.0,1.0,1.0,0.0,0.0,0.0,0.0,-1.0,47317.1567243,0.08563551881543569
494,75.136946,-70.496994,33.75731510518358,33.7062907183681,12.579300046097083,12.580993902411278,0.0,69386.2927593487,1264.7821352501387,0.0,69386.2927593487,1325.100266317982,0.0,69386.2927593487,1383.31814948174,0.0,1.8059388842812325,32.91566111571877,34.7216,0.0579,2.810445590802921,32.53667060199217,35.34711619279509,0.089739999999999,4.080261147092582,132.7171070755411,0.0,0.5931321415170535,3.9450610404637265,4.31682432718842,,,,0,75.13706836223867,-70.49702033641617,281.8874433570551,-34.6137801625685,317.345979164883,-83.31333011458008,0.02336999960243702,0.02336999960243702,0.003777999896556139,0.006910999771207571,13.002622,0.004530999809503555,0.00025099999038502574,99.99,9.989999771118164,99.98999786376953,99.99,9.989999771118164,99.98999786376953,99.99,9.989999771118164,99.98999786376953,99.99,9.989999771118164,99.98999786376953,0.8769999742507935,0.026499999687075615,99.98999786376953,0.09633699804544449,2220787.0,763836.0,135480004.0,98.92631530761719,2.0,1.0,2.0,0.0,0.0,0.0,0.0,-1.0,47662.1420969,0.17497785176385092
495,75.158007,-67.764633,21.143360296053807,21.121286411744837,13.087305103865036,13.088191665053282,0.0,82792.89622117157,2661.381683944969,0.0,82792.89622117157,2748.3752087803296,0.0,82792.89622117157,2831.578213941331,0.0,1.2322164050228324,20.565671612656775,21.797888017679607,0.0628083349467196,1.953494100769298,20.350501228367857,22.303995329137155,0.0992001704565694,3.675862296876101,3.5242161677003865,0.0,0.4105910483950763,3.891821400195477,4.195043562947061,,,,0,75.1581544377398,-67.76464265851638,278.67713245356094,-35.354454391987886,341.4140137325565,-84.1304208386417,0.03208500146865845,0.03208500146865845,99.98999786376953,99.98999786376953,14.025061,0.02755899913609028,99.98999786376953,99.99,9.989999771118164,99.98999786376953,99.99,9.989999771118164,99.98999786376953,99.99,9.989999771118164,99.98999786376953,99.99,9.989999771118164,99.98999786376953,1.062999963760376,-0.07599999755620956,99.98999786376953,0.22735899686813354,2220394.0,757492.0,135666431.0,52.49821472167969,1.0,1.0,1.0,0.0,0.0,0.0,0.0,-1.0,47317.1257058,0.20383949276789634
496,75.206093,-68.119324,34.833224376008125,34.848,12.545240423948531,12.544784806196168,0.0,513762.0765804376,3120.2061780117447,0.0,513762.0765804376,3214.308233095876,0.0,513762.0765804376,3304.170130028775,0.0,1.9674094295416324,33.84939694023979,35.816806369781425,0.0610454186346522,2.9607777511138167,33.36582732804611,36.326605079159926,0.0920960933306105,4.198006796857399,4.117253116633346,1.0,0.5618526353527393,3.823148791861768,4.153186202111131,,,,0,75.20614383289089,-68.1193650338831,279.0911299014693,-35.24495541760689,337.9544841104265,-84.10730572560401,0.02652999944984913,0.02652999944984913,0.003323999932035804,0.01632699929177761,13.287651,0.005274000111967325,0.03210499882698059,99.99,9.989999771118164,99.98999786376953,99.99,9.989999771118164,99.98999786376953,99.99,9.989999771118164,99.98999786376953,99.99,9.989999771118164,99.98999786376953,0.847000002861023,0.08649999648332596,99.98999786376953,0.3891269862651825,2220415.0,757971.0,135663509.0,38.026790618896484,2.0,1.0,2.0,0.0,0.0,0.0,0.0,-1.0,47436.689662,0.1627048397861789
497,75.206554,-68.434021,19.16839865406277,19.1489565810826,13.193768888645453,13.195,0.0,22496.609534879994,1260.7445575343131,0.0,22496.609534879994,1320.968122720708,0.0,22496.609534879994,1379.097445155877,0.0,1.0417940795198568,18.691488547534107,19.733282627053963,0.05903131213479,1.5819334532833338,18.477812102634857,20.05974555591819,0.0894258647642853,2.2417177890567785,329.3168733720278,0.0,0.3218630686503731,3.891821400195477,4.0666435629470605,,,,0,75.20659642038638,-68.43402183784482,279.4625979129699,-35.162018557996866,334.9480980074675,-84.05348054034167,0.03454099968075752,0.03454099968075752,0.022585999220609665,0.04761900007724762,13.985656,0.006453000009059906,0.029590999707579613,99.99,9.989999771118164,99.98999786376953,99.99,9.989999771118164,99.98999786376953,99.99,9.989999771118164,99.98999786376953,99.99,9.989999771118164,99.98999786376953,0.9150000214576721,-0.1445000022649765,99.98999786376953,0.3243339955806732,2220359.0,758446.0,135663136.0,28.336502075195312,2.0,1.0,2.0,0.0,0.0,0.0,0.0,-1.0,47436.690701,0.05621420596139374
498,75.209047,-69.642174,22.541907078639845,22.477659404115062,13.017759886154488,13.020571784569256,0.0,40795.97127609207,1251.6597849501518,0.0,40795.97127609207,1311.6700165684597,0.0,40795.97127609207,1369.59955310342,0.0,1.329183598116117,22.004674784568284,23.3338583826844,0.0635499999999993,1.9167857169720683,21.7344654721496,23.651251189121663,0.0917240329558275,2.453248026433929,377.7610772827961,0.0,0.1541918321814276,3.918547437934947,4.258380660638184,,,,1,75.20906525226688,-69.64215548890023,280.88165446043524,-34.832915905878835,324.08190122537445,-83.70406953137834,0.02861900068819523,0.02861900068819523,0.022988999262452126,0.012907000258564949,13.76902,0.004441000055521727,0.06593900173902512,99.99,9.989999771118164,99.98999786376953,99.99,9.989999771118164,99.98999786376953,99.99,9.989999771118164,99.98999786376953,99.99,9.989999771118164,99.98999786376953,0.753000020980835,-0.07999999821186066,99.98999786376953,0.22611799836158752,2220714.0,761660.0,135485515.0,23.515905380249023,3.0,1.0,3.0,0.0,0.0,0.0,0.0,-1.0,47551.1083907,0.07045143213004815
499,75.229871,-66.637321,14.91198528662696,12.34846874650267,13.561942273714394,13.670652916167963,1.0,6052842.329784602,1988.7561453958103,0.0,6052842.329784602,2064.1085580113618,0.0,6052842.329784602,2136.407364252774,0.0,20.399805939376613,8.572574961392208,28.972380900768822,1.322000000000001,22.5413136913955,8.278964268964526,30.820277960360027,1.427575535666909,24.137813029349697,27.867709309159,0.0,2.2460833277640355,3.8092300421967007,4.344502397697145,,,,0,75.22981904209996,-66.63731828331828,277.32840358478035,-35.61033728751837,352.47232677085526,-84.14701165244547,0.01908300071954727,0.01908300071954727,0.01618799939751625,0.010766999796032906,16.568539,0.01372000016272068,0.0012000000569969416,99.99,9.989999771118164,99.98999786376953,99.99,9.989999771118164,99.98999786376953,99.99,9.989999771118164,99.98999786376953,99.99,9.989999771118164,99.98999786376953,0.7534999847412109,-0.012500000186264515,0.07999999821186066,0.12210799753665924,2220347.0,754026.0,135685286.0,24.34868812561035,4.0,3.0,4.0,0.0,0.0,0.0,0.0,2.0,47066.574943,0.07481604916123834
500,75.24744,-66.644096,14.648885698803705,14.637,13.485789509542483,13.486499818028788,0.0,69618.38654309708,1976.666350138809,0.0,69618.38654309708,2051.792777530686,0.0,69618.38654309708,2123.879912852359,0.0,1.0016670523260132,14.16851195247242,15.170179004798433,0.0745001819712154,1.5240321321598422,13.944741232783333,15.468773364943177,0.1122237476659719,2.2384626683070312,378.0950411911445,0.0,0.3047904378748935,3.918547437934945,4.030780660638178,,,,0,,,,,,,,,,,,,,,,,,,,,,,,,,,,,,,,,,,,,,,,,,,
501,75.255055,-66.10524,24.26410915214815,24.251672329218813,12.937763784183758,12.93824411577068,0.0,102422.60433689188,1980.6963125548743,0.0,102422.60433689188,2055.89814551113,0.0,102422.60433689188,2128.055910031984,0.0,1.151590504728901,23.70818658611863,24.85977709084753,0.0517558842293226,1.6773298371297187,23.46776951267807,25.14509934980779,0.0751980769663678,2.6460903429741904,905.2907765455044,0.0,0.5111385825547794,3.934201345475449,4.272434951927698,,,,0,75.25504471972326,-66.10523365041173,276.68964372215447,-35.72837815801546,357.617638783384,-84.07749318324512,0.047235000878572464,0.047235000878572464,99.98999786376953,99.98999786376953,13.689525,0.009901000186800957,99.98999786376953,99.99,9.989999771118164,99.98999786376953,99.99,9.989999771118164,99.98999786376953,99.99,9.989999771118164,99.98999786376953,99.99,9.989999771118164,99.98999786376953,2.874000072479248,-0.2750000059604645,99.98999786376953,0.2940239906311035,2220289.0,752480.0,135688800.0,83.62340545654297,1.0,1.0,1.0,0.0,0.0,0.0,0.0,-1.0,46935.384033,0.027335611279847717
502,75.343363,-70.258026,25.898411878412823,25.8795,12.86702992847299,12.868000000000002,0.0,41418.42897242087,1265.7915202147358,0.0,41418.42897242087,1326.133268942176,0.0,41418.42897242087,1384.3732700101202,0.0,1.4023371752393672,25.231299346433147,26.63363652167251,0.058852311224486,2.143076790061464,24.88956694950727,27.032643739568737,0.0895766255101975,2.8286728264752625,449.7987118871721,0.0,0.2953510972730365,3.9499427873497126,4.151185324572782,,,,0,75.34328752342947,-70.25803246127144,281.5851176384934,-34.61581142983519,318.89564302120175,-83.48709958743706,0.019331999123096466,0.019331999123096466,0.010764000006020069,0.021005000919103622,13.179123,0.0030169999226927757,0.003000000026077032,12.716843,0.027396999299526215,99.98999786376953,99.99,9.989999771118164,99.98999786376953,99.99,9.989999771118164,99.98999786376953,99.99,9.989999771118164,99.98999786376953,0.973800003528595,0.12160000205039978,99.98999786376953,0.1362220048904419,2220799.0,763409.0,135480277.0,51.50508117675781,5.0,1.0,4.0,1.0,0.0,0.0,0.0,-1.0,47662.1420498,0.09468307231266407
503,75.380222,-66.954361,5.625290487593009,5.627904144807419,14.52532165922636,14.524003932807885,0.0,28537.41142074509,1972.6363569330033,0.0,28537.41142074509,2047.687301287004,0.0,28537.41142074509,2119.7037348869867,0.0,0.6210132339967425,5.312786766003257,5.9338,0.1194998617402127,0.9455375961090596,5.14146240389094,6.087,0.1837438439732981,1.4021298574685712,1050.3659310165451,0.0,0.1290146077692068,3.6180932462674207,4.049076662062342,,,,1,75.38023692885548,-66.95435128745551,277.6884421273888,-35.47543372386412,349.3954832925559,-84.23067188763517,0.013574999757111073,0.013574999757111073,0.007703999988734722,0.00507500022649765,17.352482,0.013793000020086765,0.01450399961322546,99.99,9.989999771118164,99.98999786376953,99.99,9.989999771118164,99.98999786376953,99.99,9.989999771118164,99.98999786376953,99.99,9.989999771118164,99.98999786376953,0.8827499747276306,0.02824999950826168,0.5,0.19538000226020813,2220319.0,755036.0,135684214.0,50.66074752807617,4.0,3.0,4.0,0.0,0.0,0.0,0.0,2.0,47066.575248,0.04080678851705647
504,75.386393,-68.220688,34.371618455777636,34.337,12.559809356854712,12.561,0.0,84580.196573145,1268.8196524671375,0.0,84580.196573145,1329.232197211321,0.0,84580.196573145,1387.538498696517,0.0,2.354009658782452,33.1845230642573,35.53853272303975,0.0745777963986817,3.4626221831162667,32.68880056881115,36.15142275192742,0.109539999999999,5.377999999999997,125.0926017293234,0.0,0.7245122239498784,3.872903384280811,4.321770940064607,,,,0,75.38640321288,-68.22063294788364,279.1894298869052,-35.15387326267775,336.87346836507146,-84.15766626813642,0.024598000571131706,0.024598000571131706,0.017225999385118484,0.014789000153541565,13.084078,0.018750999122858047,0.0368180014193058,99.99,9.989999771118164,99.98999786376953,99.99,9.989999771118164,99.98999786376953,99.99,9.989999771118164,99.98999786376953,99.99,9.989999771118164,99.98999786376953,9.682333946228027,1.2593330144882202,99.98999786376953,0.4297710061073303,2220411.0,757971.0,135663375.0,88.44141387939453,3.0,1.0,3.0,0.0,0.0,0.0,0.0,-1.0,47436.689914,0.19865654723713774
505,75.461606,-69.414696,14.601588306754204,14.578,13.489247781538436,13.491,0.0,17192.802917758658,1256.706919026041,0.0,17192.802917758658,1316.8357653873793,0.0,17192.802917758658,1374.8763839964822,0.0,0.8649818225940145,14.20220692666465,15.067188749258664,0.0641041142465574,1.306703804504071,14.019276195495928,15.32598,0.0970070474885247,1.797119254569635,390.8866953475749,0.0,0.2212460381921701,3.938766337253504,4.1010858823059335,,,,0,75.46173217941751,-69.41471714926539,280.58568343646726,-34.81052355907187,325.7386542245339,-83.8695803161195,0.01669600047171116,0.01669600047171116,0.015924999490380287,0.0086260000243783,14.218913,0.004614000208675861,0.021276000887155533,12.412262,0.16521400213241577,99.98999786376953,99.99,9.989999771118164,99.98999786376953,12.848511,0.08377999812364578,0.16912299394607544,14.179792,0.08030799776315689,99.98999786376953,5.531299114227295,0.5516999959945679,0.0,0.18842600286006927,2220709.0,761213.0,135485783.0,76.49873352050781,10.0,3.0,6.0,1.0,0.0,2.0,1.0,6.0,47551.1560101,0.17693301918129115
506,75.480705,-70.525101,15.636350396295104,15.663178596606874,13.414977209432452,13.412669768389826,0.0,29850.645560424873,1262.763353972875,0.0,29850.645560424873,1323.034221171649,0.0,29850.645560424873,1381.2078418150215,0.0,1.0987829847510326,15.058,16.156782984751032,0.0766697683898254,1.5031077492912155,14.815873837649171,16.31898158694039,0.1055320926440703,2.478034200115191,348.2339186368459,0.0,0.4173527678537354,3.621453852907063,4.0267378470502315,,,,0,75.48071340394566,-70.5250572473819,281.88017979907227,-34.49590499158066,316.64951443950724,-83.3995756070528,0.008599000051617622,0.008599000051617622,0.025692999362945557,0.02304700016975403,17.657362,0.009479000233113766,0.02429400011897087,14.698195,0.002865999937057495,0.05401099845767021,99.99,9.989999771118164,99.98999786376953,99.99,9.989999771118164,99.98999786376953,99.99,9.989999771118164,99.98999786376953,1.8683569431304932,0.006213999819010496,0.5299999713897705,0.13922099769115448,2220785.0,763836.0,135479895.0,91.16889190673828,14.0,3.0,7.0,7.0,0.0,0.0,0.0,2.0,47662.953555,0.15783205649756651
507,75.508911,-70.1511,27.046003747194412,27.017,12.8199354802432,12.821,0.0,40462.14669009845,1259.7351536180588,0.0,40462.14669009845,1319.9350534656312,0.0,40462.14669009845,1378.0422133867607,0.0,1.4191568628333684,26.38929226539933,27.8084491282327,0.0570000000000003,2.0365012157315476,26.082795200896783,28.11929641662833,0.0816427221626785,2.896498813623335,391.5781693700559,0.0,0.4377919067429602,3.9482999604278866,4.387040255516469,,,,0,75.50899078081636,-70.15109447343497,281.4412698133549,-34.59201764590947,319.51222576031364,-83.58593099834474,0.026062000542879105,0.026062000542879105,0.016659000888466835,0.016642000526189804,13.504366,0.0034799999557435513,0.014806999824941158,99.99,9.989999771118164,99.98999786376953,99.99,9.989999771118164,99.98999786376953,99.99,9.989999771118164,99.98999786376953,99.99,9.989999771118164,99.98999786376953,0.6763330101966858,-0.003333000000566244,99.98999786376953,0.15063300728797913,2220794.0,762978.0,135480940.0,25.15903663635254,3.0,1.0,3.0,0.0,0.0,0.0,0.0,-1.0,47662.1419849,0.09952867320645203
508,75.57528,-66.10759,35.8863698630137,35.884,12.51279299847793,12.513000000000002,0.0,29482.008970393512,672.4103099171411,0.0,29482.008970393512,716.6943099407163,0.0,29482.008970393512,759.8988634870607,0.0,1.1672000000000011,35.2962,36.4634,0.0359999999999995,1.8325199999999953,34.896480000000004,36.729,0.0549999999999979,3.064,563.6634575266061,0.0,0.3540263267046679,3.7779444565314697,4.100510219395492,,,,0,75.57526648495485,-66.10758492132501,276.65505515853454,-35.60173482429641,357.83963423463223,-84.20522253696457,0.01512799970805645,0.01512799970805645,0.025102000683546066,0.0069229998625814915,14.83667,0.00447099981829524,0.00443299999460578,13.429458,0.0035329998936504126,0.22561700642108917,99.99,9.989999771118164,99.98999786376953,99.99,9.989999771118164,99.98999786376953,99.99,9.989999771118164,99.98999786376953,2.739000082015991,-0.06622199714183807,0.6000000238418579,0.17193099856376648,2220303.0,753000.0,135688437.0,95.93455505371094,9.0,3.0,5.0,4.0,0.0,0.0,0.0,2.0,46935.371692,0.026881226265767392
509,75.744805,-65.93792,35.50967589459816,35.490114656898584,12.524301978721772,12.524872217742448,0.0,187634.11446113227,1976.666350138809,0.0,187634.11446113227,2051.792777530686,0.0,187634.11446113227,2123.879912852359,0.0,1.6297826372923725,34.75684206599752,36.38662470328989,0.0499999999999989,2.3730019904202067,34.433903859839376,36.80690585025958,0.0724309480796208,3.409878894555753,548.2950113714543,0.0,0.0651257722532058,3.799504295953913,4.209867070032499,,,,0,,,,,,,,,,,,,,,,,,,,,,,,,,,,,,,,,,,,,,,,,,,
510,75.767477,-70.950439,16.56181029114361,16.549789014083387,13.352445460169053,13.353000000000002,0.0,17157.134176320986,1258.725745897677,0.0,17157.134176320986,1318.901970835884,0.0,17157.134176320986,1376.9869592885675,0.0,0.8807671721983112,16.144272791088557,17.02503996328687,0.0575017766919767,1.367093792782967,15.95071481935971,17.317808612142677,0.0894157995113911,1.9437661568692184,432.3914256579884,0.0,0.1980100706097422,3.9327087008419985,4.192932169077854,,,,0,75.7675270326175,-70.95043311956843,282.34196038936403,-34.28451567059809,313.1063941080384,-83.2563808471598,0.028080999851226807,0.028080999851226807,3.199999991920777e-05,0.0052720000967383385,14.149507,0.0054870001040399075,0.001908999984152615,99.99,9.989999771118164,99.98999786376953,99.99,9.989999771118164,99.98999786376953,99.99,9.989999771118164,99.98999786376953,99.99,9.989999771118164,99.98999786376953,1.1204999685287476,-0.09200000017881393,99.98999786376953,0.13026900589466095,2220561.0,764679.0,135468345.0,53.1974983215332,2.0,1.0,2.0,0.0,0.0,0.0,0.0,-1.0,47769.1350229,0.06248323884427128
511,75.783619,-66.230949,12.661958035807617,10.513609945979288,13.745107010809589,13.84545344976308,0.0,4329995.201848793,1985.7337224209964,0.0,4329995.201848793,2061.0297037481764,0.0,4329995.201848793,2133.275653122412,0.0,18.11196909569169,7.19585,25.30781909569169,1.3650837715190427,20.14233890999321,6.9509759500027295,27.09331485999594,1.476741780045142,24.361035751403207,24.004784813729888,0.0,2.218310589354652,3.7426378964359537,4.179316832848541,,,,0,75.78366937365186,-66.23097347954256,276.7787502993916,-35.4913466687068,356.77929381228387,-84.31039353854221,0.01295000035315752,0.01295000035315752,0.07974400371313095,0.02811799943447113,16.377659,0.005607000086456537,0.017534999176859856,14.238101,0.0024560000747442245,0.07629299908876419,99.99,9.989999771118164,99.98999786376953,99.99,9.989999771118164,99.98999786376953,99.99,9.989999771118164,99.98999786376953,1.1230000257492065,0.07729999721050262,0.0,0.12692099809646606,2220300.0,753000.0,135688301.0,8.637592315673828,10.0,3.0,6.0,4.0,0.0,0.0,0.0,2.0,46935.372353,0.11449276667434159
512,75.792006,-70.16497,5.944599067458497,5.94339769850398,14.465173418477796,14.465000000000002,0.0,7421.695020466559,1252.6692194293194,0.0,7421.695020466559,1312.7031932775024,0.0,7421.695020466559,1370.6549642671391,0.0,0.5474266772786587,5.680572065754981,6.227998743033639,0.1000000000000014,0.8941016958447232,5.523385396636041,6.417487092480764,0.1631,1.1628607776789046,1287.0889325461596,0.0,0.0010164866937758,3.6027088418485076,4.127873223523376,,,,0,75.7920571508938,-70.16496964684461,281.42516819284725,-34.495850919423596,319.00317879220654,-83.66485957252803,0.007368000224232674,0.007368000224232674,0.015248999930918217,0.026646999642252922,17.689924,0.0048699998296797276,0.022089000791311264,14.965077,0.002982999896630645,0.053036000579595566,13.549461,0.0054060001857578754,0.040846001356840134,12.759447,0.02069300040602684,0.03963400050997734,99.99,9.989999771118164,99.98999786376953,3.4071478843688965,0.08162999898195267,0.6352940201759338,0.20694899559020996,2220796.0,762978.0,135480917.0,10.956130981445312,27.0,3.0,10.0,9.0,6.0,2.0,0.0,2.0,47662.657212,0.062495139910906314
513,75.849929,-68.925583,35.66966197008441,35.6405,12.519444971426909,12.52,0.0,52150.53413505007,1257.7163343685477,0.0,52150.53413505007,1317.8688748152244,0.0,52150.53413505007,1375.9316828341944,0.0,1.7876678652840212,34.87648158502725,36.66414945031127,0.0540000000000002,3.041162376737887,34.30307121117725,37.344233587915134,0.092169205203147,3.749126457812096,163.4762334785321,0.0,0.4050373913850386,3.870219864705275,4.334135401900597,,,,0,75.84996569464388,-68.92557899119326,279.9666843326432,-34.80737807354117,329.74561485182727,-84.15922580107093,0.017947999760508537,0.017947999760508537,0.009432000108063221,0.015363000333309174,13.202623,0.0031930000986903906,0.02111000008881092,99.99,9.989999771118164,99.98999786376953,99.99,9.989999771118164,99.98999786376953,99.99,9.989999771118164,99.98999786376953,99.99,9.989999771118164,99.98999786376953,0.8422499895095825,-0.02824999950826168,99.98999786376953,0.5201429724693298,2220859.0,759848.0,135661636.0,19.533039093017578,4.0,1.0,4.0,0.0,0.0,0.0,0.0,-1.0,47436.691552,0.04964474556849722
514,75.936254,-69.100464,40.59620390601551,40.581,12.379052359916477,12.379,0.0,86598.62576730608,1264.7821352501387,0.0,86598.62576730608,1325.100266317982,0.0,86598.62576730608,1383.31814948174,0.0,2.516538213520598,39.3833617864794,41.899899999999995,0.0672677677163005,3.756573336628044,38.87959873352958,42.63617207015763,0.100354131594317,5.33983472745129,1288.3907585526424,0.0,0.7028649559553699,3.921271405509212,4.38054816270331,,,,0,75.93630045911739,-69.10046255284978,280.1624811707203,-34.732067358329765,328.02108163495444,-84.13445271048876,0.018015999346971512,0.018015999346971512,0.0009069999796338379,0.0142000000923872,13.011463,0.004257999826222658,0.01896600052714348,99.99,9.989999771118164,99.98999786376953,99.99,9.989999771118164,99.98999786376953,99.99,9.989999771118164,99.98999786376953,99.99,9.989999771118164,99.98999786376953,0.772333025932312,0.08766700327396393,99.98999786376953,0.7434710264205933,2220824.0,760763.0,135485429.0,82.84940338134766,3.0,1.0,3.0,0.0,0.0,0.0,0.0,-1.0,47551.2171776,0.05989119342897475
515,75.951584,-66.133018,6.008534394806283,6.0029699258028515,14.453978340960091,14.454000000000002,0.0,49812.1517101597,1978.6813351896335,0.0,49812.1517101597,2053.8454750329797,0.0,49812.1517101597,2125.9679340056105,0.0,0.7656166602856862,5.64066709944108,6.406283759726766,0.1382996484102303,1.085666385116598,5.49302705897067,6.578693444087268,0.1963446939326232,1.7552368380155778,410.20639796268034,0.0,0.2206659328707637,3.610249452124518,4.218647353942834,,,,0,75.95165138782534,-66.13299748566307,276.6426473380459,-35.44759352120475,357.87862728207125,-84.35964542645678,0.013066000305116177,0.013066000305116177,0.028780000284314156,0.015463000163435936,17.666252,0.006773999892175198,0.028641000390052795,14.415041,0.005886999890208244,0.05873899906873703,99.99,9.989999771118164,99.98999786376953,99.99,9.989999771118164,99.98999786376953,99.99,9.989999771118164,99.98999786376953,2.1059000492095947,0.44510000944137573,0.2199999988079071,0.12630000710487366,2220297.0,752481.0,135688478.0,65.28998565673828,10.0,3.0,6.0,4.0,0.0,0.0,0.0,2.0,46935.371193,0.12283751496073715
516,75.956276,-68.934052,8.820727040402817,7.831960123534704,14.091706451077696,14.16503047514377,0.0,722053.3838580945,1270.8383884796883,0.0,722053.3838580945,1331.298083214285,0.0,722053.3838580945,1389.6485406717318,0.0,8.956586933795435,5.811613066204564,14.7682,1.0126182850862635,10.09478428636757,5.604478388584158,15.699262674951727,1.118545371930992,12.080742825259287,25.81940171568016,0.0,1.125717580526107,3.737381797477601,4.109938978285215,,,,0,75.95631863016042,-68.93404638449626,279.9645949852655,-34.76825424981694,329.5539378111928,-84.19321617816749,0.018989000469446182,0.018989000469446182,0.006612000055611134,0.01793600060045719,17.0536,0.005109999794512987,0.012784999795258045,99.99,9.989999771118164,99.98999786376953,99.99,9.989999771118164,99.98999786376953,99.99,9.989999771118164,99.98999786376953,99.99,9.989999771118164,99.98999786376953,0.7786669731140137,0.017999999225139618,99.98999786376953,0.6116920113563538,2220859.0,760308.0,135660269.0,22.52570915222168,3.0,1.0,3.0,0.0,0.0,0.0,0.0,-1.0,47436.2251206,0.058750717860825676
517,76.021395,-69.018661,20.616725291679657,20.623,13.114616343210876,13.114,0.0,12970.736369374026,1242.5747012112088,0.0,12970.736369374026,1302.370816450486,0.0,12970.736369374026,1360.099834677103,0.0,0.8814251948963978,20.178,21.0594251948964,0.0464696349992568,1.375329656514552,19.97535599784922,21.350685654363772,0.0719999999999991,1.951089483662784,1163.4340935285163,0.0,0.2444704320548538,3.849198870574438,4.07178871377006,,,,1,76.02113666793564,-69.01878055501298,280.0569316091528,-34.72393612965319,328.68660890397183,-84.18930365514531,0.015344999730587006,0.015344999730587006,0.0114120002835989,0.009630000218749046,14.656393,0.0034570000134408474,0.013818000443279743,99.99,9.989999771118164,99.98999786376953,99.99,9.989999771118164,99.98999786376953,14.267212,0.030585000291466713,0.31088700890541077,99.99,9.989999771118164,99.98999786376953,2.8524999618530273,0.28824999928474426,0.0,0.831712007522583,2220857.0,760308.0,135660191.0,96.2830810546875,8.0,3.0,6.0,0.0,0.0,2.0,0.0,2.0,47436.1572159,0.5441777135943511
518,76.04151,-67.330482,76.14784411834226,76.21161240927252,11.696178907032602,11.695,1.0,860938.9900350332,1986.7411986550744,0.0,860938.9900350332,2062.055995215518,0.0,860938.9900350332,2134.319568042317,0.0,5.692191652338693,73.2117,78.90389165233869,0.0817034928838715,7.744988589064121,72.20496975819995,79.94995834726407,0.1107347788177772,10.911093289089564,183.733977235331,0.0,1.1248000529743678,3.949942787349709,4.710385324572775,,,,0,,,,,,,,,,,,,,,,,,,,,,,,,,,,,,,,,,,,,,,,,,,
519,76.051742,-67.416496,18.334100294220978,18.331,13.242035143633563,13.242000000000004,0.0,47616.39355062406,1976.666350138809,0.0,47616.39355062406,2051.792777530686,0.0,47616.39355062406,2123.879912852359,0.0,0.8789911919870228,17.90860880801298,18.7876,0.0515849247495694,1.3856690796298992,17.692965578226335,19.07863465785623,0.0818206657559326,1.895027344361232,659.6480426426118,0.0,0.2165410062265753,3.810775595908416,4.007153597409808,,,,0,76.05170501056084,-67.4165233021524,278.16069166511613,-35.11100059425368,344.69908860162315,-84.49281438716642,0.03308499976992607,0.03308499976992607,99.98999786376953,99.98999786376953,14.146399,0.02758900076150894,99.98999786376953,99.99,9.989999771118164,99.98999786376953,99.99,9.989999771118164,99.98999786376953,99.99,9.989999771118164,99.98999786376953,99.99,9.989999771118164,99.98999786376953,1.027999997138977,-0.0860000029206276,99.98999786376953,0.40897101163864136,2220517.0,756031.0,135667536.0,37.628692626953125,1.0,1.0,1.0,0.0,0.0,0.0,0.0,-1.0,47317.1256824,0.11079524744008737
520,76.059927,-66.431381,,,,,,,,,,,,,,,,,,,,,,,,,,,3.7359703043961425,4.168679124455849,,,,0,76.05987959031845,-66.43144703373028,276.987140612931,-35.33758995385599,354.928516722755,-84.45056385040975,0.015285000205039978,0.015285000205039978,0.00950899999588728,0.017609000205993652,14.258533,0.004333000164479017,0.012443000450730324,14.061195,0.008802000433206558,99.98999786376953,99.99,9.989999771118164,99.98999786376953,99.99,9.989999771118164,99.98999786376953,99.99,9.989999771118164,99.98999786376953,2.9000000953674316,0.21160000562667847,0.0,0.19148899614810944,2220348.0,753516.0,135682727.0,90.19828033447266,5.0,3.0,4.0,1.0,0.0,0.0,0.0,2.0,47067.1698332,0.24732304264701233
521,76.064453,-69.026779,9.33920734356582,8.308209604004126,14.014387646921705,14.101369149995126,0.0,566954.6470960854,1225.4131262708086,0.0,566954.6470960854,1284.8026328125577,0.0,566954.6470960854,1342.1508671170757,0.0,8.133174003169994,6.4940500000000005,14.627224003169996,0.8815892550014617,11.207874919922665,6.25740508007734,17.465280000000003,1.1136182999902466,13.334463290936377,17.21278935020482,0.0,2.249639780431421,3.7599550257545897,4.003651392260245,,,,0,76.06459842816074,-69.02669438972124,280.06136068088875,-34.70686384093206,328.56371176347557,-84.20156051898076,0.009754999540746212,0.009754999540746212,0.011921999976038933,0.010948999784886837,16.3231,0.004947999957948923,0.006513999775052071,14.482274,0.017784999683499336,0.02101000025868416,13.983484,0.016334999352693558,0.03477700054645538,13.633888,0.06370899826288223,0.057627998292446136,13.446171,0.03517799824476242,99.98999786376953,3.9552860260009766,0.19949999451637268,0.7699999809265137,0.8461499810218811,2220857.0,760308.0,135660189.0,19.466785430908203,14.0,3.0,6.0,3.0,2.0,2.0,1.0,2.0,47436.1405557,0.35762442208346845
522,76.149149,-68.748634,50.315985582096864,50.300836971842955,12.146051316199394,12.146226188522515,0.0,164304.12133657362,1270.8383884796883,0.0,164304.12133657362,1331.298083214285,0.0,164304.12133657362,1389.6485406717318,0.0,3.44347582874196,48.593368974275705,52.036844803017665,0.0744642868864904,4.804193512392423,47.95592633370705,52.76011984609947,0.1040090475408987,6.395556532120722,193.05720356961783,0.0,0.4777610070964687,3.813969953073232,4.383673520553425,,,,0,76.14913114313688,-68.74862025325439,279.7247494716135,-34.7482982483897,331.1270645047292,-84.31329189485116,0.02634900063276291,0.02634900063276291,0.05253399908542633,0.004743000026792288,12.740014,0.005425000097602606,0.05689600110054016,99.99,9.989999771118164,99.98999786376953,99.99,9.989999771118164,99.98999786376953,99.99,9.989999771118164,99.98999786376953,99.99,9.989999771118164,99.98999786376953,0.9114999771118164,0.06800000369548798,99.98999786376953,0.26137998700141907,2220863.0,759849.0,135660529.0,26.9566593170166,2.0,1.0,2.0,0.0,0.0,0.0,0.0,-1.0,47436.691286,0.05469927760732515
523,76.167037,-68.949463,23.514655275268552,23.527900189935423,12.972109656556269,12.971000000000002,0.0,56720.58503468055,1267.8102788186843,0.0,56720.58503468055,1328.1992343728482,0.0,56720.58503468055,1386.4834445908116,0.0,1.9991647438121056,22.535376720767744,24.53454146457985,0.0919687057316487,3.011801416079713,21.956299249009408,24.96810066508912,0.1400999999999985,4.827735441144441,66.03429323985381,0.0,0.6733160264720524,3.9482999604278866,4.017440255516469,,,,0,76.16710557961841,-68.94942864171853,279.9590706154379,-34.691102166814495,329.1790814316549,-84.26067990175622,0.014375000260770321,0.014375000260770321,0.021908000111579895,0.013558999635279179,14.589239,0.0037529999390244484,0.006010999903082848,13.603931,0.05628899857401848,99.98999786376953,99.99,9.989999771118164,99.98999786376953,13.763486,0.06413400173187256,0.2633650004863739,13.751386,0.016347000375390053,99.98999786376953,4.319444179534912,-0.00088900001719594,0.9800000190734863,0.6392229795455933,2220857.0,760308.0,135660247.0,5.910070896148682,9.0,3.0,5.0,1.0,0.0,2.0,1.0,2.0,47436.1323192,0.15219474125146581
524,76.209054,-68.13121,58.168371850745494,58.13378941574782,11.989256525420291,11.988873759804909,0.0,2152828.728892968,3218.7852894151206,0.0,2152828.728892968,3314.3448284545643,0.0,2152828.728892968,3405.5720444242243,0.0,7.756828256256661,54.27394224443533,62.03077050069199,0.1450903330645747,10.980608891605613,52.51604653802212,63.49665542962773,0.2061385258718413,17.285220704697764,18.24870264656578,0.0,1.921833509573751,3.937230033109724,4.506311688023997,,,,0,76.20908803198135,-68.13121840700988,278.9896759245386,-34.88043584482791,337.23605486239825,-84.47427712773761,0.03907499834895134,0.03907499834895134,99.98999786376953,99.98999786376953,12.137014,0.02758900076150894,99.98999786376953,--,9.989999771118164,99.98999786376953,--,9.989999771118164,99.98999786376953,--,9.989999771118164,99.98999786376953,--,9.989999771118164,99.98999786376953,1.1579999923706055,0.0989999994635582,99.98999786376953,0.5036699771881104,2220378.0,757972.0,135665743.0,96.37057495117188,1.0,1.0,1.0,0.0,0.0,0.0,0.0,-1.0,47317.1260310,0.05475866568319552
525,76.217287,-69.062897,25.758232649632404,25.76667006327561,12.872884037356677,12.872432239751458,0.0,154319.4703027256,1858.7759171688713,0.0,154319.4703027256,1931.6614237596843,0.0,154319.4703027256,2001.6496039365384,0.0,1.1835044736829872,25.147945526317013,26.33145,0.0499999999999989,1.8639316344922283,24.795763207465736,26.659694841957965,0.0788660056770478,2.4980441351302893,109.86936010063478,1.0,0.3566809507365114,3.762584712281434,4.315511993971424,,,,0,76.21741329554675,-69.06283907596462,280.0868275753674,-34.64477766195331,328.04858147823387,-84.24160413413254,0.012291000224649906,0.012291000224649906,0.005472999997437,0.02879600040614605,14.475734,0.004459000192582607,0.010533999651670456,12.877872,0.009967000223696232,0.302386999130249,99.99,9.989999771118164,99.98999786376953,99.99,9.989999771118164,99.98999786376953,99.99,9.989999771118164,99.98999786376953,1.249856948852539,-0.007000000216066837,0.9800000190734863,0.8513489961624146,2220826.0,760308.0,135660095.0,87.47209167480469,7.0,3.0,5.0,2.0,0.0,0.0,0.0,2.0,47436.1562416,0.2643486090095835
526,76.229829,-68.551895,16.21705005548626,16.215635936620735,13.37531151204336,13.37543474268874,0.0,95920.02968900834,1850.714007197952,0.0,95920.02968900834,1923.4437076742404,0.0,95920.02968900834,1993.2859538087032,0.0,0.95044277664916,15.767047415062285,16.717490191711445,0.0639270244919352,1.5812358992062077,15.446624100793793,17.02786,0.1057580950393752,1.9782843109502668,25.34272772179726,1.0,0.3240017307355531,3.842644267559302,4.063829462975043,,,,0,76.22983551422834,-68.5519184558134,279.484007877254,-34.76919042864162,332.9784733396736,-84.39312443797552,0.014262000098824501,0.014262000098824501,0.042270999401807785,0.02572599984705448,14.481784,0.0033130000811070204,0.07925699651241302,99.99,9.989999771118164,99.98999786376953,13.58306,0.01905200071632862,99.98999786376953,13.299285,0.03703099861741066,99.98999786376953,99.99,9.989999771118164,99.98999786376953,1.718000054359436,0.09011100232601166,0.0,0.5443689823150635,2220855.0,759386.0,135661299.0,4.767484188079834,9.0,3.0,7.0,0.0,1.0,1.0,0.0,2.0,47436.691057,0.08487522154366929
527,76.229918,-68.967377,15.84342967037046,15.839320896203654,13.400575093164525,13.401,0.0,93635.04721165544,1853.7372393319604,0.0,93635.04721165544,1926.525407095452,0.0,93635.04721165544,1996.4224159320097,0.0,0.8254080009592535,15.442297325564184,16.267705326523437,0.0566217002657971,1.2940317945530424,15.228768205446958,16.5228,0.0877460146512216,1.7587135362668285,576.3700151996184,1.0,0.202750567568928,3.795803961566965,4.0433393501961366,,,,0,76.23001004698256,-68.96733576773109,279.9731509842836,-34.664707153389216,328.93822444332625,-84.27656146307265,0.01457899995148182,0.01457899995148182,0.012227999977767467,0.014546999707818031,14.925044,0.00443999981507659,0.009607999585568905,13.632799,0.020052000880241394,99.98999786376953,99.99,9.989999771118164,99.98999786376953,13.427271,0.029152000322937965,99.98999786376953,99.99,9.989999771118164,99.98999786376953,1.2421669960021973,0.6623330116271973,0.9900000095367432,0.6459010243415833,2220857.0,760308.0,135660245.0,20.376405715942383,6.0,3.0,4.0,1.0,0.0,1.0,0.0,2.0,47436.1561825,0.1902031536604093
528,76.304923,-68.553238,39.1988780383017,39.194299654688784,12.416999627828064,12.417019694718704,0.0,77203.503359555,1863.8145422107464,0.0,77203.503359555,1936.7972547876684,0.0,77203.503359555,2006.8764819599385,0.0,1.836782411584494,38.302523639772865,40.13930605135736,0.0509842442250416,2.714429291306736,37.94195103502082,40.65638032632756,0.0750979419172264,4.175748053836443,772.9140110767595,0.0,0.3542943804588909,3.949942787349709,4.401585324572776,,,,0,76.3049463718546,-68.55323196332544,279.47725336969165,-34.742260801152604,332.8955401212012,-84.41940471540993,0.02798300050199032,0.02798300050199032,0.009379999712109566,0.06018099933862686,13.264879,0.005909999832510948,0.04844700172543526,99.99,9.989999771118164,99.98999786376953,99.99,9.989999771118164,99.98999786376953,99.99,9.989999771118164,99.98999786376953,99.99,9.989999771118164,99.98999786376953,0.7620000243186951,0.08299999684095383,99.98999786376953,0.5286980271339417,2220854.0,759386.0,135661300.0,69.63128662109375,3.0,1.0,3.0,0.0,0.0,0.0,0.0,-1.0,47436.1097000,0.0376658435682703
529,76.336289,-70.741852,114.9677557078824,114.9495961845245,11.249490783917308,11.2487456552746,0.0,3296219.6071294895,2680.5040527387614,0.0,3296219.6071294895,2767.805547027382,0.0,3296219.6071294895,2851.297036788175,0.0,15.064809093054578,107.59661027558236,122.66141936863694,0.1424955948911144,21.72808871620444,103.87304317564444,125.60113189184888,0.2064081511757507,31.270998442047627,417.49989945743545,0.0,1.265212694546222,3.898554596028657,4.768585561696219,,,,0,,,,,,,,,,,,,,,,,,,,,,,,,,,,,,,,,,,,,,,,,,,
530,76.341489,-67.120789,35.35520484543829,35.329829913628465,12.529016338709011,12.529781239057964,0.0,125811.91320356244,1967.598821982725,0.0,125811.91320356244,2042.555303227619,0.0,125811.91320356244,2114.4832573495587,0.0,1.4867778308119526,34.64603175252359,36.13280958333554,0.04579217710506,2.2823397101873297,34.28511878136011,36.56745849154744,0.0692838563993678,3.1661764828490675,326.126133439723,0.0,0.2786124704507031,3.830592860037291,4.321259705473697,,,,0,76.34148596431228,-67.12073227857671,277.7771663743757,-35.071622028741764,347.7926003609633,-84.61021453713589,0.029005000367760658,0.029005000367760658,99.98999786376953,99.98999786376953,13.486634,0.027286000549793243,99.98999786376953,99.99,9.989999771118164,99.98999786376953,99.99,9.989999771118164,99.98999786376953,99.99,9.989999771118164,99.98999786376953,99.99,9.989999771118164,99.98999786376953,0.12200000137090683,0.004000000189989805,99.98999786376953,0.24794599413871765,2220522.0,755537.0,135678391.0,69.89668273925781,1.0,1.0,1.0,0.0,0.0,0.0,0.0,-1.0,47194.1639607,0.2042413239149319
531,76.371157,-68.965065,12.90195404343549,12.90697433125246,13.623571518203308,13.62314814427599,0.0,41234.45854536561,3183.5795016288303,0.0,41234.45854536561,3278.621122061355,0.0,41234.45854536561,3369.363169412486,0.0,0.699879345067199,12.550146544771142,13.25002588983834,0.0591629218859495,1.082345294557273,12.371154065937054,13.453499360494328,0.0913993384967302,1.4771052705528105,375.3326857150226,1.0,0.0793673710873179,3.945061040463724,4.027624327188413,,,,0,76.37119952468197,-68.96505019700231,279.9549095467,-34.61625100913206,328.79864474787104,-84.32535817181264,0.014518000185489655,0.014518000185489655,0.024423999711871147,0.012848000042140484,14.32717,0.002919000107795,0.007801000028848648,13.709992,0.028178999200463295,99.98999786376953,99.99,9.989999771118164,99.98999786376953,13.506457,0.0626010000705719,0.18218399584293365,13.053936,0.1893180012702942,99.98999786376953,3.2040998935699463,0.19429999589920044,0.0,0.5244730114936829,2220857.0,759849.0,135660326.0,22.24202537536621,10.0,3.0,6.0,1.0,0.0,2.0,1.0,6.0,47436.1565287,0.07654628016993091
532,76.424819,-67.751686,40.74646978058626,40.717,12.374936828441824,12.375907400751684,0.0,138928.13234068445,1987.7486729795248,0.0,138928.13234068445,2063.082279968199,0.0,138928.13234068445,2135.363471749576,0.0,1.750283140064724,39.9383213486977,41.68860448876242,0.0469999999999988,2.6805213445422,39.519537611117435,42.200058955659635,0.0711026320768368,5.753367526408127,736.2278576068398,0.0,0.8566783655940929,3.913255060691182,4.569913276961772,,,,0,76.42480513103918,-67.75166656659289,278.51679807615756,-34.893114922246845,341.064033805873,-84.6088082170001,0.02343199960887432,0.02343199960887432,9.999999974752427e-07,0.04273800179362297,13.266312,0.01968199945986271,0.00045900000259280205,99.99,9.989999771118164,99.98999786376953,99.99,9.989999771118164,99.98999786376953,99.99,9.989999771118164,99.98999786376953,99.99,9.989999771118164,99.98999786376953,1.2039999961853027,-0.041999999433755875,99.98999786376953,0.30537301301956177,2220372.0,757010.0,135666767.0,54.35918426513672,2.0,1.0,2.0,0.0,0.0,0.0,0.0,-1.0,47317.1257538,0.07246928138695061
533,76.474828,-68.180702,70.31867679420813,70.50278685996051,11.796667938545076,11.779303449207037,1.0,18976862.263892237,4389.079375966238,0.0,18976862.263892237,4500.479760178804,0.0,18976862.263892237,4606.546558083411,0.0,37.25937811750222,51.54119982863095,88.80057794613317,0.5909970516424554,46.978407517517894,46.722725899920334,93.70113341743824,0.7551018223536978,70.76053913574944,2.042841600352267,0.0,5.546914459331358,3.8019258475185183,4.307153851680779,,,,0,,,,,,,,,,,,,,,,,,,,,,,,,,,,,,,,,,,,,,,,,,,
534,76.492217,-70.534889,106.45464119336675,106.46370391405104,11.332356352707594,11.332060894489423,0.0,973587.1742313468,2681.510481012981,0.0,973587.1742313468,2768.828153548907,0.0,973587.1742313468,2852.334797991755,0.0,6.538345246130831,103.2676433529252,109.80598859905602,0.0668969329194375,10.01361699706088,101.58043705458844,111.59405405164932,0.1021998468557701,19.57852644928417,417.6533652728872,0.0,1.6188721517010878,3.747826574471194,5.049860074655006,,,,0,76.49218671513135,-70.53489593142204,281.77925430806147,-34.169086641881215,315.02631640365536,-83.68318893676903,0.018038999289274216,0.018038999289274216,0.0515270009636879,0.009302999824285507,13.378124,0.009727000258862972,0.07367099821567535,99.99,9.989999771118164,99.98999786376953,99.99,9.989999771118164,99.98999786376953,99.99,9.989999771118164,99.98999786376953,99.99,9.989999771118164,99.98999786376953,1.1705000400543213,0.08124999701976776,99.98999786376953,0.2099660038948059,2220774.0,763838.0,135392937.0,64.6017837524414,4.0,1.0,4.0,0.0,0.0,0.0,0.0,-1.0,47770.404346,0.04407483011848402
535,76.536993,-71.25724,20.953421505183503,18.498811103270757,13.189490889449392,13.232,1.0,8962021.985155828,3279.1354521350568,0.0,8962021.985155828,3375.576267681564,0.0,8962021.985155828,3467.629035929428,0.0,27.411691820597035,10.802945081090067,38.2146369016871,1.3714019381374936,30.463520738421614,10.06,40.52352073842162,1.5129464297389532,32.73586489959624,42.194976952769146,0.0,1.6472469355584654,3.684337942110083,4.294278476898905,,,,0,76.53693393366721,-71.25725657975615,282.6139919258564,-33.959693074498745,309.7401350820514,-83.28007802158955,0.04110800102353096,0.04110800102353096,99.98999786376953,99.98999786376953,16.005424,0.027759000658988953,99.98999786376953,99.99,9.989999771118164,99.98999786376953,99.99,9.989999771118164,99.98999786376953,99.99,9.989999771118164,99.98999786376953,99.99,9.989999771118164,99.98999786376953,0.9229999780654907,0.05400000140070915,99.98999786376953,0.1209769994020462,2167249.0,765506.0,135380593.0,72.5437240600586,1.0,1.0,1.0,0.0,0.0,0.0,0.0,-1.0,47873.1407768,0.09072409852007424
536,76.568824,-68.368561,8.043352818384545,8.043553893802112,14.137059573611689,14.136503976672902,0.0,61380.71722333196,3260.0249206075196,0.0,61380.71722333196,3356.1875544171853,0.0,61380.71722333196,3447.9797304050267,0.0,0.8506956243498296,7.623125575161429,8.473821199511258,0.1147185524177647,1.29103433687283,7.368354827235541,8.65938916410837,0.1755862997068646,1.9798335109758716,377.5120303882568,0.0,0.2056669567314527,3.61706730114941,4.242824807703229,,,,0,76.56886066816435,-68.36857527067004,279.2305984840493,-34.693457705977316,334.5233137955146,-84.55742071805352,0.0192440003156662,0.0192440003156662,0.005442999769002199,0.03017999976873398,17.261698,0.011626999825239182,0.04066399857401848,13.720347,0.06432799994945526,99.98999786376953,99.99,9.989999771118164,99.98999786376953,99.99,9.989999771118164,99.98999786376953,99.99,9.989999771118164,99.98999786376953,1.7114289999008179,-0.028857000172138214,0.029999999329447746,0.5551379919052124,2220839.0,758448.0,135664257.0,45.672428131103516,7.0,3.0,6.0,1.0,0.0,0.0,0.0,2.0,47317.976559,0.07076225064998515
537,76.580081,-71.470123,21.80403355153079,21.81904050170721,13.054601805172824,13.053,0.0,357568.07711198914,3277.123832520466,0.0,357568.07711198914,3373.5354042383847,0.0,357568.07711198914,3465.560777736556,0.0,2.884039061635896,20.347960938364103,23.232,0.1438337879791049,3.9600256962192297,19.78098963348639,23.74101532970562,0.1983667216315066,5.7590926885020615,130.93098868209694,0.0,0.5639435850750492,3.8096134140925497,4.035552545829724,,,,0,76.5800920981605,-71.47011834578451,282.85608445963084,-33.88795647799093,308.2553430068189,-83.15854015734347,0.03416600078344345,0.03416600078344345,0.023250000551342964,0.00950700044631958,13.929378,0.019485000520944595,0.008841999806463718,99.99,9.989999771118164,99.98999786376953,99.99,9.989999771118164,99.98999786376953,99.99,9.989999771118164,99.98999786376953,99.99,9.989999771118164,99.98999786376953,1.2610000371932983,0.03999999910593033,99.98999786376953,0.17227299511432648,2167254.0,765913.0,135379796.0,14.389230728149414,2.0,1.0,2.0,0.0,0.0,0.0,0.0,-1.0,47873.1312913,0.02102269076688053
538,76.595263,-69.819595,14.75952032892904,14.751842781464855,13.477509254126844,13.478000000000002,0.0,39714.73358691207,3256.001609323456,0.0,39714.73358691207,3352.1055741511977,0.0,39714.73358691207,3443.8427908423537,0.0,0.7580208224739184,14.390975264221892,15.148996086695812,0.0556843796730941,1.1611960407435475,14.19538,15.356576040743548,0.0852988305121602,1.6620097555539315,381.6019633997505,0.0,0.1837260603081119,3.914559010666917,4.139496961554256,,,,0,76.59533058808168,-69.81953243055348,280.93298928144435,-34.32272267446124,320.6955845824576,-84.06759117072237,0.01949400082230568,0.01949400082230568,0.0583220012485981,0.2020840048789978,14.239056,0.0041160001419484615,0.39632201194763184,99.99,9.989999771118164,99.98999786376953,99.99,9.989999771118164,99.98999786376953,13.927054,0.09021300077438354,99.98999786376953,99.99,9.989999771118164,99.98999786376953,14.664856910705566,0.4811429977416992,0.2800000011920929,0.27464601397514343,2220751.0,762105.0,135483703.0,31.896883010864258,7.0,3.0,6.0,0.0,0.0,1.0,0.0,2.0,47551.1567133,0.24038160911510464
539,76.614421,-68.511215,58.05036418255394,57.9734369135086,11.99207698793552,11.992,1.0,2057560.4656581625,3277.123832520466,0.0,2057560.4656581625,3373.5354042383847,0.0,2057560.4656581625,3465.560777736556,0.0,9.978321656460878,52.99567834353912,62.974,0.187329954825179,13.112057111036862,51.504495517721395,64.61655262875826,0.246102454524701,21.526025083609923,101.11344988294243,0.0,2.5095562331861596,3.776368819875124,4.507870192872772,,,,0,76.61449569314277,-68.51123497311356,279.3939846423577,-34.64270956792819,333.0229721900813,-84.53960307377272,0.023694999516010284,0.023694999516010284,0.04511699825525284,0.030076000839471817,12.650417,0.004902999848127365,0.010406999848783016,99.99,9.989999771118164,99.98999786376953,99.99,9.989999771118164,99.98999786376953,99.99,9.989999771118164,99.98999786376953,99.99,9.989999771118164,99.98999786376953,1.434000015258789,0.07900000363588333,99.98999786376953,0.7474880218505859,2220837.0,758919.0,135661416.0,72.59972381591797,3.0,1.0,3.0,0.0,0.0,0.0,0.0,-1.0,47436.2248899,0.12195329562749624
540,76.614966,-68.364449,13.19313095386152,13.19227393423896,13.599387792801435,13.599026509112766,0.0,28752.88692914891,3257.0074385019857,0.0,28752.88692914891,3353.1260739913646,0.0,28752.88692914891,3444.877033705666,0.0,0.8101975672652735,12.790802432734727,13.601,0.0669734908872339,1.2352343140068245,12.590337138680177,13.825571452687,0.1018548818739404,1.841288734526934,390.95528153942274,0.0,0.1710461238497161,3.610997038180849,4.039254879872736,,,,1,76.61502714324095,-68.3644549487884,279.2207504734091,-34.677930793777755,334.52501409394773,-84.57493170839115,0.015363000333309174,0.015363000333309174,0.016759000718593597,0.02862199954688549,18.061213,0.011580999940633774,0.018535999581217766,14.857734,0.00431300001218915,0.39034199714660645,99.99,9.989999771118164,99.98999786376953,99.99,9.989999771118164,99.98999786376953,99.99,9.989999771118164,99.98999786376953,3.4888179302215576,-0.19754500687122345,0.03999999910593033,0.5644810199737549,2220839.0,758448.0,135664261.0,6.22097110748291,11.0,3.0,6.0,5.0,0.0,0.0,0.0,2.0,47317.970724,0.08393496788777814
541,76.63928,-68.363991,77.66054516826388,77.63236367423923,11.67462132650937,11.674935468522657,0.0,243903.52496279817,3270.0831355946107,0.0,243903.52496279817,3366.392282759479,0.0,243903.52496279817,3458.321708004094,0.0,2.655447189129021,76.38196268116695,79.03740987029597,0.0370148231657587,3.945427369476363,75.70074278516601,79.64617015464238,0.0556319021779661,5.962342976887328,318.686372585983,0.0,0.4696136194663894,3.612500109558242,4.377328643387943,,,,0,76.63947345249929,-68.36396902405023,279.21754430693227,-34.669297925019684,334.50836197341687,-84.58382015230673,0.024600999429821968,0.024600999429821968,0.0496629998087883,0.01963300071656704,17.006588,0.020188000053167343,0.1288760006427765,15.190185,0.1760919988155365,99.98999786376953,99.99,9.989999771118164,99.98999786376953,99.99,9.989999771118164,99.98999786376953,99.99,9.989999771118164,99.98999786376953,7.9828572273254395,1.517714023590088,0.0,0.5707510113716125,2220839.0,758448.0,135664175.0,12.336518287658691,7.0,3.0,6.0,1.0,0.0,0.0,0.0,2.0,47317.960261,0.26869074458809333
542,76.68745,-68.346352,25.915876895419142,25.91655696362526,12.86624773682906,12.866,0.0,51865.20073791467,3266.05986042122,0.0,51865.20073791467,3362.310429475968,0.0,51865.20073791467,3454.184980518592,0.0,1.1806534283834402,25.32642533892584,26.50707876730928,0.049474586621649,1.7701778082887465,25.054862152727576,26.825039961016323,0.0745120073445928,2.4537482627756013,445.873080331775,0.0,0.1618370168352462,3.8929165826488,4.266650212285915,,,,0,76.68749459651562,-68.34634959702403,279.19158882739305,-34.65632042001534,334.6479331929145,-84.60506414154183,0.025902999565005302,0.025902999565005302,0.029771000146865845,0.029349999502301216,13.794377,0.005204000044614077,0.02454099990427494,99.99,9.989999771118164,99.98999786376953,99.99,9.989999771118164,99.98999786376953,99.99,9.989999771118164,99.98999786376953,99.99,9.989999771118164,99.98999786376953,1.0625,-0.09274999797344208,99.98999786376953,0.5716909766197205,2220838.0,758448.0,135664185.0,28.322336196899414,4.0,1.0,4.0,0.0,0.0,0.0,0.0,-1.0,47317.1262732,0.05986948717053582
543,76.690052,-68.986404,23.72792784001291,23.731838440190742,12.96203257805498,12.961878861062065,0.0,69763.15760794943,3270.0831355946107,0.0,69763.15760794943,3366.392282759479,0.0,69763.15760794943,3458.321708004094,0.0,1.1395061555613175,23.154691646339643,24.29419780190096,0.0521313396546982,1.708268529239966,22.86969603660687,24.57796456584684,0.078417398133384,2.539382329108495,761.3713718349017,0.0,0.3050017457919201,3.801227949942962,4.149380917732528,,,,0,76.69014253073067,-68.98634757487531,279.9453948181377,-34.50012487773054,328.2127527872562,-84.426601474493,0.02514900080859661,0.02514900080859661,0.001597000053152442,0.010034999810159206,13.887715,0.004827000200748444,0.0009200000204145908,99.99,9.989999771118164,99.98999786376953,99.99,9.989999771118164,99.98999786376953,99.99,9.989999771118164,99.98999786376953,99.99,9.989999771118164,99.98999786376953,0.5080000162124634,-0.04100000113248825,99.98999786376953,0.5848879814147949,2220828.0,760309.0,135659964.0,10.525623321533203,2.0,1.0,2.0,0.0,0.0,0.0,0.0,-1.0,47436.2460677,0.2343505324023516
544,76.693142,-69.049408,25.405345439767476,25.410055822223875,12.887842781186238,12.88738002055056,0.0,56613.938399176215,3262.036570823708,0.0,56613.938399176215,3358.2285254703106,0.0,56613.938399176215,3450.048168320522,0.0,1.049291399254475,24.873793365123653,25.923084764378128,0.0444417029729127,1.5975025692625913,24.597844712954757,26.195347282217348,0.0685868181689226,2.301159550377072,885.7745150321085,0.0,0.1848251077744118,3.74333385563744,4.216136720597953,,,,0,76.6932546382282,-69.04949555785856,280.0193135643224,-34.48347760933055,327.59808336202843,-84.40629762536817,0.019356999546289444,0.019356999546289444,0.008585000410676003,0.02666199952363968,14.084583,0.004131000023335218,0.0026859999634325504,99.99,9.989999771118164,99.98999786376953,99.99,9.989999771118164,99.98999786376953,99.99,9.989999771118164,99.98999786376953,99.99,9.989999771118164,99.98999786376953,0.4359999895095825,-0.03333299979567528,99.98999786376953,0.5534930229187012,2220828.0,760309.0,135659942.0,30.06574821472168,3.0,1.0,3.0,0.0,0.0,0.0,0.0,-1.0,47436.2252518,0.34695609070413
545,76.69987,-70.037064,19.111646857286942,17.999069964387267,13.264260890310368,13.261694127567672,0.0,6409244.560856771,3280.1412605980113,0.0,6409244.560856771,3376.596694675802,0.0,6409244.560856771,3468.663157130567,0.0,20.21425855591781,10.416582071286266,30.630840627204076,1.1712305905887082,22.271151045077595,9.677497236626245,31.948648281703836,1.2967283013213944,24.517479747845563,47.387416575573866,0.0,1.570387663158939,3.7163151715960994,4.423301975371951,,,,1,76.69991109257099,-70.03702531776662,281.1761415011728,-34.23204832436887,318.68502860810503,-83.99754578717813,0.016985999420285225,0.016985999420285225,0.017059000208973885,0.016668999567627907,15.946923,0.0028780000284314156,0.019241999834775925,99.99,9.989999771118164,99.98999786376953,99.99,9.989999771118164,99.98999786376953,99.99,9.989999771118164,99.98999786376953,99.99,9.989999771118164,99.98999786376953,0.9764289855957031,0.0382860004901886,0.9800000190734863,0.4956960082054138,2220747.0,762544.0,135483460.0,34.69033432006836,7.0,3.0,7.0,0.0,0.0,0.0,0.0,2.0,47551.1085827,0.14813212841619403
546,76.782532,-68.888756,11.328779431479008,9.841219686716684,13.858220381787763,13.91775367326441,0.0,4392682.295161608,3278.129642776013,0.0,4392682.295161608,3374.555837536244,0.0,4392682.295161608,3466.59490946557,0.0,15.15731972033781,5.951107821600972,21.10842754193878,1.374389421132847,16.66348590315956,5.666308214537139,22.3297941176967,1.4887604004379806,18.745397846936456,31.066078292914437,0.0,1.5879251650257094,3.6877406227062153,4.064986255954937,,,,0,76.78263655644875,-68.88873078760295,279.82068138814515,-34.49179859150152,329.05554624668173,-84.4899269963151,0.01537800021469593,0.01537800021469593,0.008345000445842743,0.009607999585568905,16.765411,0.003628999926149845,0.008445000275969505,99.99,9.989999771118164,99.98999786376953,99.99,9.989999771118164,99.98999786376953,99.99,9.989999771118164,99.98999786376953,99.99,9.989999771118164,99.98999786376953,1.1296000480651855,0.07819999754428864,0.33000001311302185,0.5488259792327881,2220850.0,759850.0,135660706.0,29.584901809692383,5.0,3.0,5.0,0.0,0.0,0.0,0.0,2.0,47436.1573395,0.1631509775783401
547,76.814063,-70.200775,12.886072499074626,12.885630345444266,13.62490147669165,13.624625260288534,0.0,32303.754180041993,3250.9724498366713,0.0,32303.754180041993,3347.0030271468668,0.0,32303.754180041993,3438.6714966878167,0.0,0.6697701518880468,12.546168492885943,13.215938644773992,0.0562313371994207,1.0808169321510483,12.3294,13.410216932151048,0.090987917564858,1.5199396966417194,19.634361611302477,0.0,0.2012890337597248,3.755965762470491,4.103773515501646,,,,0,76.81413492018305,-70.20079691818307,281.3553442343342,-34.15231005478793,317.14712283664755,-83.94996386713267,0.026023000478744507,0.026023000478744507,0.020339999347925186,0.037314001470804214,15.144656,0.005628999788314104,0.03638700023293495,99.99,9.989999771118164,99.98999786376953,99.99,9.989999771118164,99.98999786376953,99.99,9.989999771118164,99.98999786376953,99.99,9.989999771118164,99.98999786376953,0.7229999899864197,-0.004749999847263098,99.98999786376953,0.32201701402664185,2220744.0,762980.0,135396000.0,5.542797088623047,4.0,1.0,4.0,0.0,0.0,0.0,0.0,-1.0,47663.50955,0.11797201147160377
548,76.816581,-68.883507,33.88040353956724,33.5145,12.585894342080143,12.587000000000002,1.0,4914408.164219199,3280.1412605980113,0.0,4914408.164219199,3376.596694675802,0.0,4914408.164219199,3468.663157130567,0.0,13.707600091732434,27.50023966123045,41.20783975296288,0.4391892489020588,15.139286312915043,26.910851147030893,42.05013745994594,0.4840810210891746,17.47221802087706,53.131011084345936,0.0,1.34472435644082,3.750562874554755,4.621542857687029,,,,0,76.81664532991412,-68.883480706994,279.81088829443803,-34.4811926480178,329.06641134957556,-84.50321451887302,0.013917000032961369,0.013917000032961369,0.011394999921321869,0.016290999948978424,14.748433,0.0028540000785142183,0.006839000154286623,99.99,9.989999771118164,99.98999786376953,99.99,9.989999771118164,99.98999786376953,99.99,9.989999771118164,99.98999786376953,99.99,9.989999771118164,99.98999786376953,0.7944999933242798,0.026499999687075615,0.009999999776482582,0.5816890001296997,2220850.0,759850.0,135660707.0,17.291099548339844,6.0,3.0,6.0,0.0,0.0,0.0,0.0,2.0,47436.1573411,0.12617690929329667
549,76.828802,-68.427116,26.48545995963824,26.481213317509667,12.842640046091516,12.84297588619926,0.0,54005.04560457333,3264.0482174271556,0.0,54005.04560457333,3360.2694838193015,0.0,54005.04560457333,3452.11658501847,0.0,1.1378051893264995,25.928463604343705,27.066268793670204,0.0468922781877463,1.697416550983533,25.666233449016467,27.36365,0.0696431775398149,2.562034666662047,377.8577420456834,0.0,0.3409977758262778,3.854152336553716,4.274198600091856,,,,1,76.82886313911658,-68.42711383084472,279.271828971066,-34.58650533427272,333.6799702316904,-84.6366937172114,0.031163999810814857,0.031163999810814857,0.027197999879717827,0.01913600042462349,13.775944,0.005745000205934048,0.02898300066590309,99.99,9.989999771118164,99.98999786376953,99.99,9.989999771118164,99.98999786376953,99.99,9.989999771118164,99.98999786376953,99.99,9.989999771118164,99.98999786376953,1.1755000352859497,-0.07400000095367432,99.98999786376953,0.7179179787635803,2220844.0,758448.0,135664140.0,67.93074035644531,2.0,1.0,2.0,0.0,0.0,0.0,0.0,-1.0,47317.1757337,0.08130354211930828
550,76.833749,-70.454239,13.97235256796645,11.475,13.634907194798304,13.751,1.0,5644136.069316033,3269.077318152059,0.0,5644136.069316033,3365.37182418865,0.0,5644136.069316033,3457.2875340659184,0.0,19.167226150854248,7.857962044873451,27.025188195727697,1.3408537375888994,21.60687332450243,7.366733680773689,28.97360700527612,1.4875003757210568,23.674074123010076,26.337409974426876,0.0,1.9423256653893397,3.8073417032218697,4.31977499448306,,,,0,76.83378390685299,-70.45425104509782,281.6489792252006,-34.080303861142426,315.08780340047144,-83.82271661412665,0.01720999926328659,0.01720999926328659,0.034793999046087265,0.01903899945318699,14.414845,0.006587000098079443,0.03621000051498413,99.99,9.989999771118164,99.98999786376953,99.99,9.989999771118164,99.98999786376953,99.99,9.989999771118164,99.98999786376953,99.99,9.989999771118164,99.98999786376953,1.1080000400543213,0.09466700255870819,0.0,0.33881300687789917,2220775.0,763838.0,135392979.0,66.46845245361328,6.0,3.0,6.0,0.0,0.0,0.0,0.0,6.0,47770.125959,0.06039743044449279
551,76.871172,-68.311821,26.895082770969235,26.901437111735895,12.825984884884758,12.825817536228392,0.0,58990.09198911151,3266.05986042122,0.0,58990.09198911151,3362.310429475968,0.0,58990.09198911151,3454.184980518592,0.0,1.2553325931142432,26.2669,27.522232593114243,0.0507834593848564,1.868758932422871,25.991679483751387,27.860438416174254,0.0754922181234363,2.7355261377157056,268.17282122686663,0.0,0.2699596689856792,3.890736777206844,4.249856795728143,,,,0,76.8711848661586,-68.31187326684524,279.1313294838004,-34.59860459884427,334.84378366072474,-84.67892461034879,0.02196200005710125,0.02196200005710125,0.07889600098133087,0.026744000613689423,13.53062,0.006169999949634075,0.16176000237464905,99.99,9.989999771118164,99.98999786376953,99.99,9.989999771118164,99.98999786376953,99.99,9.989999771118164,99.98999786376953,99.99,9.989999771118164,99.98999786376953,9.016166687011719,-0.10216700285673141,0.0,0.580469012260437,2220838.0,758448.0,135664218.0,86.18301391601562,6.0,3.0,6.0,0.0,0.0,0.0,0.0,2.0,47317.1032022,0.18893761525101493
552,76.878954,-65.3396,24.803098292933356,24.79127475454697,12.913953037669852,12.914244830871723,0.0,163082.8415747718,1975.6588547276028,0.0,163082.8415747718,2050.7664186324773,0.0,163082.8415747718,2122.835885331438,0.0,1.4113148594780078,24.141353899356883,25.55266875883489,0.061848914682077,2.0866456782366107,23.83647,25.92311567823661,0.0909559395897137,3.071602660729642,385.43064691120503,0.0,0.4246350696292761,3.9240485217880896,4.344406119856421,,,,0,76.87895426041662,-65.33956463211916,275.5926786045451,-35.24451615747457,6.813598233170872,-84.52618256401577,0.051086001098155975,0.051086001098155975,99.98999786376953,99.98999786376953,13.731873,0.008724000304937363,99.98999786376953,99.99,9.989999771118164,99.98999786376953,99.99,9.989999771118164,99.98999786376953,99.99,9.989999771118164,99.98999786376953,99.99,9.989999771118164,99.98999786376953,1.7760000228881836,-0.2280000001192093,99.98999786376953,0.07801699638366699,2190648.0,750366.0,135728788.0,67.10105895996094,1.0,1.0,1.0,0.0,0.0,0.0,0.0,-1.0,46936.1383924,0.12732497188198966
553,76.938948,-69.162407,9.624538063481223,9.629867449268522,13.942087918582786,13.941,0.0,47392.033711679054,3275.1122093181984,0.0,47392.033711679054,3371.4945281792047,0.0,47392.033711679054,3463.4924984733084,0.0,0.9404901803657796,9.1589,10.09939018036578,0.1061500915366746,1.313846348108619,8.9880481038215,10.30189445193012,0.148191602575741,1.8748248497371185,841.23749622222,0.0,0.0567548143958767,3.6130033833111264,4.336970731103723,,,,0,76.9390153929452,-69.16242995696129,280.12596359807765,-34.370793738431,326.1897674044126,-84.44792765962767,0.015946000814437866,0.015946000814437866,0.00979700032621622,0.01907999999821186,17.581245,0.007327999919652939,0.011644000187516212,14.219659,0.05630600079894066,0.10483899712562561,99.99,9.989999771118164,99.98999786376953,99.99,9.989999771118164,99.98999786376953,99.99,9.989999771118164,99.98999786376953,3.6844449043273926,0.5987780094146729,0.2199999988079071,0.5004460215568542,2220831.0,760764.0,135659647.0,95.52129364013672,9.0,3.0,6.0,3.0,0.0,0.0,0.0,2.0,47436.1504810,0.11949223089781359
554,76.976827,-69.458702,22.044050856977993,22.046559337991233,13.0419230429867,13.041788018961476,0.0,52211.384763108574,3254.9957792392133,0.0,52211.384763108574,3351.085071126112,0.0,52211.384763108574,3442.8085426598177,0.0,0.9604223320238604,21.560517228149315,22.520939560173176,0.0470971450113317,1.4414087038908008,21.33111586207285,22.772524565963646,0.0709999999999997,2.020864881318218,127.54776520654757,0.0,0.1639600581926027,3.8824275331024816,4.215065281001246,,,,0,76.97692435970406,-69.45866041134013,280.46973236742735,-34.28513638507419,323.34607351643575,-84.34382616867813,0.022397000342607498,0.022397000342607498,0.00825399998575449,0.007213999982923269,13.982516,0.004693999886512756,0.013698000460863113,99.99,9.989999771118164,99.98999786376953,99.99,9.989999771118164,99.98999786376953,99.99,9.989999771118164,99.98999786376953,99.99,9.989999771118164,99.98999786376953,0.2596670091152191,-0.010332999750971794,99.98999786376953,0.45879098773002625,2220704.0,761215.0,135484748.0,10.291971206665039,3.0,1.0,3.0,0.0,0.0,0.0,0.0,-1.0,47551.2173475,0.19375386369855804
555,76.977897,-68.676727,26.84705343068446,26.83906071627667,12.827897829051691,12.828016634102555,0.0,46150.28247242114,3268.071499809256,0.0,46150.28247242114,3364.3513624521024,0.0,46150.28247242114,3456.25335484058,0.0,1.010249222541976,26.343882638169784,27.35413186071176,0.0409999999999985,1.49717951810932,26.12524,27.62241951810932,0.0600724151451679,2.2580993997103675,422.72557270418326,0.0,0.1671713307543055,3.9357084128418736,4.291961418120943,,,,1,76.97794598659326,-68.67670450731114,279.5503823368921,-34.474227286052994,330.95457251942696,-84.62221446459928,0.017448000609874725,0.017448000609874725,0.03676199913024902,0.03918199986219406,13.809844,0.003918000031262636,0.008860999718308449,99.99,9.989999771118164,99.98999786376953,99.99,9.989999771118164,99.98999786376953,99.99,9.989999771118164,99.98999786376953,99.99,9.989999771118164,99.98999786376953,0.8730000257492065,-0.03125,99.98999786376953,0.6166309714317322,2220849.0,759387.0,135660965.0,22.83563804626465,4.0,1.0,4.0,0.0,0.0,0.0,0.0,-1.0,47436.2249616,0.10329074044231
556,76.998653,-66.655083,21.279173315784195,21.263,13.08033708569015,13.081,0.0,99795.88822442268,1968.606332842342,0.0,99795.88822442268,2043.5817164456823,0.0,99795.88822442268,2115.527375577602,0.0,1.1657812081547156,20.72181492417708,21.88759613233179,0.0595944278548579,1.741953100433303,20.4534,22.1953531004333,0.0888377711419448,2.3999999999999986,326.2562360011657,0.0,0.2912467838019021,3.861808486704476,4.090741088528874,,,,0,76.99861231706832,-66.65504571252126,277.15287675096454,-34.923770305081376,352.98700086049286,-84.84664418381466,0.026372000575065613,0.026372000575065613,0.015159999951720238,0.028891999274492264,13.910748,0.00459099980071187,0.01780400052666664,99.99,9.989999771118164,99.98999786376953,99.99,9.989999771118164,99.98999786376953,99.99,9.989999771118164,99.98999786376953,99.99,9.989999771118164,99.98999786376953,1.2319999933242798,-0.12099999934434891,99.98999786376953,0.18480899930000305,2220331.0,754028.0,135682146.0,57.77899169921875,4.0,1.0,4.0,0.0,0.0,0.0,0.0,-1.0,47067.189867,0.14624380367041107
557,77.004271,-67.097099,30.68201128880223,30.66452925261559,12.682925404754446,12.683769218630772,0.0,89433.94571253157,1975.6588547276028,0.0,89433.94571253157,2050.7664186324773,0.0,89433.94571253157,2122.835885331438,0.0,1.140900000000002,30.1487,31.2896,0.0399999999999973,1.73289403627043,29.884577257643517,31.617471293913948,0.0614076858743075,2.518338519892602,321.76167265219095,0.0,0.3145623832747919,3.8720003099068423,4.057341387589599,,,,0,77.00425485245687,-67.09710462401293,277.67830164200177,-34.82574843638429,348.05947557460536,-84.86793958715904,0.023761000484228134,0.023761000484228134,0.018394000828266144,0.016443999484181404,14.184257,0.0033839999232441187,0.020677000284194946,99.99,9.989999771118164,99.98999786376953,99.99,9.989999771118164,99.98999786376953,99.99,9.989999771118164,99.98999786376953,99.99,9.989999771118164,99.98999786376953,1.5082000494003296,-0.0034000000450760126,0.6399999856948853,0.24463999271392822,2220530.0,755538.0,135677674.0,1.489285945892334,5.0,3.0,5.0,0.0,0.0,0.0,0.0,2.0,47194.1481261,0.030359771334067764
558,77.02987,-66.98938,24.360654363330973,24.351896016322705,12.93345564799875,12.93367045217896,0.0,94202.82461256608,1981.7037983590933,0.0,94202.82461256608,2056.9244706291347,0.0,94202.82461256608,2129.099881144266,0.0,1.1243999999999978,23.82465,24.94905,0.0509760629619453,1.7056893789488503,23.58507727240175,25.2907666513506,0.0764700000000004,2.484545061810742,322.53124337827876,0.0,0.3009740491846732,3.905691129922882,4.111267337616776,,,,1,77.02987359859566,-66.98939681166783,277.547593634148,-34.83953421509673,349.2657361876076,-84.87679659299641,0.024122999981045723,0.024122999981045723,0.014298999682068825,0.024675000458955765,13.695608,0.004222000017762184,0.011510999873280525,99.99,9.989999771118164,99.98999786376953,99.99,9.989999771118164,99.98999786376953,99.99,9.989999771118164,99.98999786376953,99.99,9.989999771118164,99.98999786376953,0.7552499771118164,-0.02500000037252903,99.98999786376953,0.17936499416828156,2220530.0,754535.0,135679232.0,59.49980545043945,4.0,1.0,4.0,0.0,0.0,0.0,0.0,-1.0,47194.1481238,0.06073350135871994
559,77.076109,-68.779739,17.865375656143335,16.621882288690482,13.299857536760696,13.348614514636507,0.0,3514908.287636664,3280.1412605980113,0.0,3514908.287636664,3376.596694675802,0.0,3514908.287636664,3468.663157130567,0.0,12.817563181384005,12.94045,25.758013181384005,0.7474700454100844,14.022901287006976,12.574819957927836,26.59772124493481,0.8135209683689464,15.979884030396027,30.41471223581849,0.0,0.5286852355473625,3.7467947368716032,4.205431441166479,,,,0,77.07601770466896,-68.77974023146284,279.6614935046406,-34.415183632199444,329.7915498972993,-84.6249369584541,0.013279000297188759,0.013279000297188759,0.010363999754190445,0.014643000438809395,14.680824,0.003341000061482191,0.020261000841856003,99.99,9.989999771118164,99.98999786376953,99.99,9.989999771118164,99.98999786376953,99.99,9.989999771118164,99.98999786376953,99.99,9.989999771118164,99.98999786376953,0.9564999938011169,-0.0215000007301569,0.0,0.8888909816741943,2220851.0,759850.0,135660758.0,34.041019439697266,6.0,3.0,6.0,0.0,0.0,0.0,0.0,2.0,47436.1573227,0.11904360906502896
560,77.160077,-67.785843,27.76013694499063,27.746319414466335,12.791646134829268,12.792000000000002,0.0,124553.23475898884,3396.8090696936565,0.0,124553.23475898884,3494.945223409958,0.0,124553.23475898884,3588.586139267789,0.0,1.4322032352409657,27.069684827452846,28.501888062693812,0.0558257219850695,2.227673699351218,26.700659879467494,28.928333578818716,0.0868917641802031,4.9703846704725265,458.1068564066904,1.0,0.7911588169032598,3.9418835251157818,4.382306528195205,,,,0,77.15998817176921,-67.78586245010001,278.47921414456096,-34.614575747938574,340.31673450942895,-84.88057217645544,0.017145000398159027,0.017145000398159027,0.01105399988591671,0.01827000081539154,13.47181,0.00443200021982193,0.020315999165177345,99.99,9.989999771118164,99.98999786376953,99.99,9.989999771118164,99.98999786376953,99.99,9.989999771118164,99.98999786376953,99.99,9.989999771118164,99.98999786376953,1.1022000312805176,-0.06499999761581421,99.98999786376953,0.20508499443531036,2220482.0,757011.0,135665483.0,14.920538902282715,5.0,1.0,5.0,0.0,0.0,0.0,0.0,-1.0,47317.1258458,0.13971247296703038
561,77.242485,-68.48764,21.03991233437258,21.048367509010657,13.092562784899531,13.091884847975876,0.0,46897.396022580826,3271.088952137328,0.0,46897.396022580826,3367.412738166057,0.0,46897.396022580826,3459.3558766575593,0.0,0.960495538898634,20.54478048722109,21.505276026119724,0.0496430798458202,1.4823986321232103,20.293848673432343,21.77624730555555,0.0760587221105577,2.189277921716922,338.8214439019427,0.0,0.1969973350891558,3.759624651629394,4.23162351983973,,,,0,77.2424988310052,-68.48768100627619,279.30007487086965,-34.424655916822324,332.6240206706853,-84.76796940691253,0.0266369991004467,0.0266369991004467,0.013412999920547009,0.0068660001270473,14.540019,0.005067000165581703,0.021313000470399857,99.99,9.989999771118164,99.98999786376953,99.99,9.989999771118164,99.98999786376953,99.99,9.989999771118164,99.98999786376953,99.99,9.989999771118164,99.98999786376953,0.8473330140113831,-0.05533299967646599,99.98999786376953,0.9483069777488708,2220842.0,758920.0,135663767.0,95.85835266113281,3.0,1.0,3.0,0.0,0.0,0.0,0.0,-1.0,47317.1757446,0.14874746801089844
562,77.286327,-68.985405,33.469187922271594,33.47794481769571,12.588569815954544,12.588117820073798,0.0,162642.53138067696,3271.088952137328,0.0,162642.53138067696,3367.412738166057,0.0,162642.53138067696,3459.3558766575593,0.0,1.5893558366789478,32.67861707057998,34.26797290725893,0.0515302037736677,2.3901006236952824,32.24771868449931,34.637819308194594,0.0776989466575379,3.6411196822861207,125.63764743728328,0.0,0.387626598613434,3.772888688213378,4.459098399322694,,,,0,,,,,,,,,,,,,,,,,,,,,,,,,,,,,,,,,,,,,,,,,,,
563,77.333966,-70.457497,22.184235773752363,19.796149479075886,13.102578162364662,13.158517026813424,1.0,7260080.071239912,2607.031462366691,0.0,7260080.071239912,2693.14357421337,0.0,7260080.071239912,2775.5209349139373,0.0,24.865099875999736,12.626458173406252,37.49155804940599,1.1814738815343926,27.094029269734072,12.130813662585348,39.22484293231942,1.2744622564180084,29.279059748018568,37.59557458666028,0.0,1.6368613173936897,3.720264805141055,4.35702847839889,,,,0,77.33393565356795,-70.45750427836073,281.6011227455479,-33.917726766166496,314.1983834286172,-83.96073769812598,0.03306400030851364,0.03306400030851364,0.007056000176817179,0.014659999869763851,15.891278,0.019488999620079994,0.019166000187397003,99.99,9.989999771118164,99.98999786376953,99.99,9.989999771118164,99.98999786376953,99.99,9.989999771118164,99.98999786376953,99.99,9.989999771118164,99.98999786376953,0.8255000114440918,0.023499999195337296,99.98999786376953,0.2596209943294525,2220651.0,763839.0,135392703.0,22.094533920288086,2.0,1.0,2.0,0.0,0.0,0.0,0.0,-1.0,47770.1516710,0.04496666774195192
564,77.357488,-70.553963,23.269020583303355,23.26307727055481,12.98320996264284,12.983092472522484,0.0,76519.24069346697,2588.9139066317357,0.0,76519.24069346697,2674.7301627751062,0.0,76519.24069346697,2756.8303879540586,0.0,1.0308464763369578,22.763886004523453,23.79473248086041,0.047850508966972,1.5946886629233925,22.50675863553105,24.10144729845444,0.0740136377898714,2.2017060353744498,5.762900880568865,1.0,0.3234953885560691,3.865077680734002,4.058134963370332,,,,0,77.35745280918741,-70.55399482766624,281.71124050542,-33.885811723149885,313.40273348629444,-83.91268389563396,0.02434300072491169,0.02434300072491169,0.04433299973607063,0.01921599917113781,13.66101,0.010437999852001667,0.031498998403549194,99.99,9.989999771118164,99.98999786376953,99.99,9.989999771118164,99.98999786376953,99.99,9.989999771118164,99.98999786376953,99.99,9.989999771118164,99.98999786376953,0.9346669912338257,-0.03099999949336052,99.98999786376953,0.24340300261974335,2220653.0,763839.0,135392680.0,81.62899017333984,3.0,1.0,3.0,0.0,0.0,0.0,0.0,-1.0,47770.404473,0.12209560346158406
565,77.366182,-68.85215,17.85200150901409,17.859838726179092,13.27093037857638,13.270518461235095,0.0,48205.75262822273,2675.471893133208,0.0,48205.75262822273,2762.6924503003015,0.0,48205.75262822273,2846.108123688034,0.0,0.7577560246419033,17.44808291462406,18.205838939265963,0.0461018373150601,1.1268773220711878,17.247442677928813,18.37432,0.0689518614740123,1.7084778375408192,375.6127022744725,0.0,0.150986203232032,3.62406604066826,4.122603475782083,,,,0,77.36614172354605,-68.85212180903147,279.71681962945405,-34.29625310304319,328.6898522282007,-84.70063337484999,0.015782000496983528,0.015782000496983528,0.05426599830389023,0.08444900065660477,17.51876,0.007410000078380108,0.046519000083208084,14.509467,0.017573000863194466,99.98999786376953,99.99,9.989999771118164,99.98999786376953,99.99,9.989999771118164,99.98999786376953,99.99,9.989999771118164,99.98999786376953,1.235200047492981,0.004800000227987766,99.98999786376953,3.0742499828338623,2220820.0,759850.0,135660636.0,66.86607360839844,5.0,1.0,4.0,1.0,0.0,0.0,0.0,-1.0,47436.2251729,0.11417587617785963
566,77.418324,-71.04985,6.7904122812726975,6.788,14.320726815874274,14.32060228194398,0.0,122517.02537333712,2583.8811788372245,0.0,122517.02537333712,2669.6150680793953,0.0,122517.02537333712,2751.638138178057,0.0,0.6086784943226586,6.487373283466441,7.0960517777891,0.097353427719387,0.8933170645706472,6.357940742981602,7.251257807552249,0.1426721492906164,1.363735769026427,324.1349865822991,0.0,0.1090062648922534,3.619381062426106,4.168041028440557,,,,0,77.41828993098386,-71.04989606026436,282.28230037263637,-33.74021797209793,309.62757264060446,-83.63205538353117,0.03129800036549568,0.03129800036549568,0.0044639999978244305,0.0221950002014637,17.352121,0.02011900022625923,0.0014860000228509307,99.99,9.989999771118164,99.98999786376953,99.99,9.989999771118164,99.98999786376953,99.99,9.989999771118164,99.98999786376953,99.99,9.989999771118164,99.98999786376953,0.8395000100135803,0.06199999898672104,99.98999786376953,0.23272199928760529,2167185.0,765096.0,135391352.0,74.86317443847656,2.0,1.0,2.0,0.0,0.0,0.0,0.0,-1.0,47770.1517542,0.1705334233490694
567,77.472865,-68.612206,15.790352498403037,15.779,13.404200750111292,13.405,0.0,19396.059690156897,2055.245177638944,0.0,19396.059690156897,2131.828326269688,0.0,19396.059690156897,2205.2799182462268,0.0,0.7409783362270268,15.448492734297908,16.189471070524935,0.0509991470125061,1.2131535944273484,15.212066049149335,16.425219643576686,0.0836220596064087,1.6165858019485224,7.613544098363939,1.0,0.2343372271327783,3.905691129922879,4.10726733761677,,,,0,77.47287438263527,-68.6121861942911,279.4233884410142,-34.314027206639146,331.0458642918748,-84.81345970844002,0.012733000330626965,0.012733000330626965,0.027509000152349472,0.017204999923706055,14.190282,0.0025390000082552433,0.01463599968701601,99.99,9.989999771118164,99.98999786376953,99.99,9.989999771118164,99.98999786376953,13.328631,0.03516000136733055,0.07663799822330475,99.99,9.989999771118164,99.98999786376953,2.3582000732421875,0.10119999945163727,0.0,0.8104109764099121,2220840.0,758920.0,135663630.0,96.62743377685547,10.0,3.0,8.0,0.0,0.0,2.0,0.0,2.0,47317.1638118,0.07235675525476298
568,77.504119,-68.902481,62.68587770077569,62.692,11.907159426596852,11.907,0.0,53910.750312131895,2012.934914707355,0.0,53910.750312131895,2088.7372314467766,0.0,53910.750312131895,2161.457445239824,0.0,1.4239055056869605,61.927213844248406,63.35111934993537,0.0244943347772164,2.190725231782565,61.5462384364068,63.73696366818936,0.0379660549068052,3.0437723433901027,910.9377063842088,0.0,0.2531150511557325,3.820844924088602,4.415316110101137,,,,0,77.50413327347451,-68.90241446927257,279.7620218864701,-34.23619753255578,327.9919410905178,-84.73013527417028,0.02018599957227707,0.02018599957227707,0.009936000220477581,0.03826000168919563,13.635522,0.0040420000441372395,0.007538999896496534,99.99,9.989999771118164,99.98999786376953,99.99,9.989999771118164,99.98999786376953,99.99,9.989999771118164,99.98999786376953,99.99,9.989999771118164,99.98999786376953,0.5040000081062317,-0.027499999850988388,99.98999786376953,3.4743130207061768,2220823.0,760310.0,135573243.0,34.62392044067383,2.0,1.0,2.0,0.0,0.0,0.0,0.0,-1.0,47552.1975065,0.2402237421625548
569,77.527956,-67.315636,12.608707878067149,12.598,13.648541629908287,13.6494743027931,0.0,35234.428759682414,1970.6213487542432,0.0,35234.428759682414,2045.6345224620152,0.0,35234.428759682414,2117.6155779353,0.0,0.6769544404738657,12.297,12.973954440473866,0.0584003576720419,1.0407672273128732,12.116066846131837,13.156834073444708,0.0893477925502157,1.4897993459230854,384.70522070732585,0.0,0.148781764978948,3.931230349576059,4.011052949507904,,,,0,77.52808402159609,-67.31561964658853,277.88442675649645,-34.58035965532091,345.5091689269164,-85.06514930686883,0.01476799976080656,0.01476799976080656,0.014539999887347221,0.006283999886363745,14.363218,0.008495000191032887,0.010103000327944756,99.99,9.989999771118164,99.98999786376953,99.99,9.989999771118164,99.98999786376953,99.99,9.989999771118164,99.98999786376953,99.99,9.989999771118164,99.98999786376953,1.0951670408248901,-0.0906670019030571,0.0,0.2202560007572174,2220538.0,755538.0,135677447.0,9.856823921203613,6.0,3.0,6.0,0.0,0.0,0.0,0.0,2.0,47194.1329672,0.18723591031533646
570,77.544668,-68.243187,36.82808554451218,36.81255979069012,12.484701199599057,12.485,0.0,339065.56260423304,2642.258871867712,0.0,339065.56260423304,2728.9433117773483,0.0,339065.56260423304,2811.856787910268,0.0,1.5654124060878232,36.06779700154621,37.63320940763403,0.0465402391926605,2.412323800271821,35.649257213809804,38.061581014081625,0.0706614116148998,3.191695486734716,184.9201793606815,0.0,0.2682204797725609,3.833823554857583,4.393873060658988,,,,1,77.54468452689167,-68.24320474062824,278.9808487701884,-34.371746102697024,334.9493878902369,-84.93730160849428,0.02287600003182888,0.02287600003182888,0.014326999895274639,0.05793299898505211,13.443084,0.0036120000295341015,0.020570000633597374,99.99,9.989999771118164,99.98999786376953,99.99,9.989999771118164,99.98999786376953,99.99,9.989999771118164,99.98999786376953,99.99,9.989999771118164,99.98999786376953,0.9302499890327454,-0.04899999871850014,99.98999786376953,0.43211400508880615,2220834.0,758449.0,135663997.0,92.92337036132812,4.0,1.0,4.0,0.0,0.0,0.0,0.0,-1.0,47317.1262590,0.06756669552097679
571,77.579111,-65.274826,17.13439304248394,17.138422314595573,13.315553562993346,13.315,0.0,69455.17273149373,1967.598821982725,0.0,69455.17273149373,2042.555303227619,0.0,69455.17273149373,2114.4832573495587,0.0,0.9440755250335188,16.648992566222308,17.593068091255827,0.0603622145841598,1.4118625230179127,16.41022549160672,17.822088014624633,0.0894016352640996,2.0260596511316145,761.2850208873792,0.0,0.2460712287734602,3.941883525115784,4.1023065281952125,,,,0,77.57915381272994,-65.27483487651914,275.44544767263704,-34.970209623857876,8.508304793163141,-84.78080260026707,0.055789001286029816,0.055789001286029816,0.014965999871492386,0.06949499994516373,14.041722,0.005901999771595001,0.003321999916806817,99.99,9.989999771118164,99.98999786376953,99.99,9.989999771118164,99.98999786376953,99.99,9.989999771118164,99.98999786376953,99.99,9.989999771118164,99.98999786376953,1.3014999628067017,-0.11699999868869781,99.98999786376953,0.06283199787139893,2190619.0,750367.0,135728581.0,96.77249908447266,2.0,1.0,2.0,0.0,0.0,0.0,0.0,-1.0,46936.1370848,0.07195114584051009
572,77.660807,-69.715027,1.1399842142473369,1.1358455191513788,16.264286476636077,16.26169563466663,0.0,8029.514443165259,1995.8083990036548,0.0,8029.514443165259,2071.292316877538,0.0,8029.514443165259,2143.714298780235,0.0,0.4001677812689126,0.9463915037377058,1.3465592850066184,0.3824443419347432,0.6318233092992601,0.8141766907007398,1.446,0.6235778056339996,0.8911341912884398,1000.3792980141964,0.0,0.0208074352474469,3.753950816431925,4.16767276481191,,,,0,77.66077376867062,-69.71506582112518,280.7004438248321,-33.99159323843405,319.9059645727078,-84.44233821338676,0.013880000449717045,0.013880000449717045,0.03836100175976753,0.03369800001382828,20.793427,0.04920100048184395,0.03256399929523468,17.144388,0.00521400012075901,0.037849001586437225,15.546761,0.008105999790132046,0.04834099858999252,99.99,9.989999771118164,99.98999786376953,99.99,9.989999771118164,99.98999786376953,1.328286051750183,-0.062428999692201614,99.98999786376953,0.3717089891433716,2220627.0,761663.0,135397144.0,17.359825134277344,7.0,1.0,2.0,3.0,2.0,0.0,0.0,-1.0,47663.548195,0.14578053182635506
573,77.770308,-70.243507,18.56416705342329,18.565030670432016,13.228463097137569,13.228392672887928,0.0,32706.629704162107,2008.905195242814,0.0,32706.629704162107,2084.632717736743,0.0,32706.629704162107,2157.2828745874413,0.0,0.7650409934768874,18.184590992511925,18.949631985988812,0.0441649380900681,1.1386025268370048,17.988404608063664,19.12700713490067,0.066635603732756,1.6112685900254995,305.87062496121536,0.0,0.1594824270138121,3.753276176353534,4.309243486727044,,,,0,77.7704068107253,-70.24353365991783,281.3077512913968,-33.828320267296625,315.13318577574785,-84.20164432992834,0.02632099948823452,0.02632099948823452,0.004403000231832266,0.0027469999622553587,15.021211,0.004594000056385994,0.009704000316560268,99.99,9.989999771118164,99.98999786376953,99.99,9.989999771118164,99.98999786376953,99.99,9.989999771118164,99.98999786376953,99.99,9.989999771118164,99.98999786376953,1.1399999856948853,-0.05860000103712082,0.0,0.39965200424194336,2220659.0,763412.0,135395543.0,28.813419342041016,5.0,3.0,5.0,0.0,0.0,0.0,0.0,2.0,47663.462121,0.15384818641873102
574,77.773078,-68.018791,7.157127272662366,7.1560473984324355,14.26356106657782,14.263441337588706,0.0,26104.920692768726,3966.918700064425,0.0,26104.920692768726,4072.881106987304,0.0,26104.920692768726,4173.853568477603,0.0,0.5889886805185593,6.865644115757889,7.454632796276448,0.0894413375887044,0.897971122209654,6.730682946776619,7.628654068986273,0.1358894334754108,1.2949431203016042,343.61198789997667,0.0,0.1147384537355789,3.8929165826488,4.237050212285916,,,,0,77.77314133321867,-68.01878903760569,278.6929860957749,-34.338166780804514,337.2534481765061,-85.06898739082237,0.007683000061661005,0.007683000061661005,0.021849999204277992,0.03793799877166748,20.457754,0.012618999928236008,0.022283000871539116,17.489277,0.004480000119656324,0.011656000278890133,15.993289,0.0032160000409930944,0.24123600125312805,15.386366,0.006382000166922808,99.98999786376953,14.884523,0.007526999805122614,99.98999786376953,3.276158094406128,-0.04505300149321556,0.9599999785423279,0.35792800784111023,2220832.0,757495.0,135664922.0,66.6361083984375,19.0,3.0,6.0,5.0,6.0,1.0,1.0,2.0,47317.1155948,0.08563272652510466
575,77.904951,-69.304825,4.603516954603501,4.607075766448193,14.742955947473408,14.741,0.0,11127.451705771027,2006.8903242489632,0.0,11127.451705771027,2082.5804212835037,0.0,11127.451705771027,2155.195523136867,0.0,0.5036819987489762,4.351672301341462,4.855354300090438,0.119100000000003,0.7542703690543,4.2333896309457,4.98766,0.1786229568775681,1.0937159497233298,909.9239722771298,0.0,0.0080619960572509,3.611246829578117,4.122261724411749,,,,1,77.90504825894993,-69.30483076678452,280.195221835833,-34.00431251019889,323.35994448097904,-84.70504052114768,0.02048500068485737,0.02048500068485737,0.0010779999429360032,0.006446999963372946,18.001759,0.008070000447332859,0.0013689999468624592,99.99,9.989999771118164,99.98999786376953,99.99,9.989999771118164,99.98999786376953,99.99,9.989999771118164,99.98999786376953,99.99,9.989999771118164,99.98999786376953,0.6855000257492065,0.0044999998062849045,99.98999786376953,0.755200982093811,2221027.0,760765.0,135572253.0,91.30166625976562,2.0,1.0,2.0,0.0,0.0,0.0,0.0,-1.0,47552.2582506,0.12546484690956755
576,77.946825,-69.4328,0.9004744522944692,0.9000003598926868,16.52227218635169,16.51414453890236,0.0,5828.476587267056,1976.666350138809,0.0,5828.476587267056,2051.792777530686,0.0,5828.476587267056,2123.879912852359,0.0,0.3634222943850417,0.7218576268730607,1.0852799212581024,0.4435421844390532,0.587990795509887,0.6085139799643401,1.196504775474227,0.7325577072895477,0.7621034343970993,316.6835372606271,0.0,0.0523874755767571,3.946672757033849,4.374919963982601,,,,1,77.9474154580935,-69.43274957424396,280.34122849223473,-33.96040243776824,322.0491863732956,-84.66217885674297,0.025289999321103096,0.025289999321103096,0.11504700034856796,0.04340900108218193,20.639658,0.01638299971818924,0.198403000831604,19.876545,0.05743600055575371,0.1380780041217804,17.898535,0.14072799682617188,1.0774450302124023,17.50499,0.14424100518226624,0.7673180103302002,15.894411,0.20134800672531128,0.12841300666332245,11.943061828613281,2.4618120193481445,0.47999998927116394,0.8340759873390198,2220899.0,761664.0,135571711.0,62.74264907836914,16.0,3.0,6.0,3.0,3.0,2.0,2.0,2.0,47552.308088,0.7685018241391631
577,77.960234,-69.351288,17.273226223842283,17.266,13.306714341344303,13.30706398350632,0.0,26021.38737732399,2001.8531138265964,0.0,26021.38737732399,2077.4495643340233,0.0,26021.38737732399,2149.976951110803,0.0,0.7560179649291427,16.912899152990455,17.668917117919598,0.0478720676934365,1.1349996126204474,16.75,17.884999612620447,0.0710531411119568,1.5654611390355306,3.0247377452217163,1.0,0.2291960988957303,3.926879774308565,4.197155474388952,,,,0,77.96031823846117,-69.35130436140777,280.24438942198105,-33.97467218612042,322.8146160086324,-84.70245083263775,0.015673000365495682,0.015673000365495682,0.007071000058203936,0.006254000123590231,14.10627,0.004224999807775021,0.010298999957740307,13.05021,0.15140800178050995,99.98999786376953,99.99,9.989999771118164,99.98999786376953,99.99,9.989999771118164,99.98999786376953,99.99,9.989999771118164,99.98999786376953,3.2060000896453857,2.6405720710754395,0.8700000047683716,0.9379519820213318,2221024.0,760765.0,135572241.0,4.655144214630127,7.0,3.0,6.0,1.0,0.0,0.0,0.0,2.0,47552.502330,0.12208827116971996
578,77.964982,-70.576408,18.90966463216562,18.895294052195464,13.208449973392405,13.209170001096052,0.0,38464.33186235436,2009.9126279222112,0.0,38464.33186235436,2085.6588560563087,0.0,38464.33186235436,2158.326533769115,0.0,0.8705763485110367,18.4941,19.364676348511036,0.049979756073931,1.262864135580056,18.302705864419945,19.56557,0.0727245982243935,1.763564986745962,390.37338744258824,0.0,0.1580256539047902,3.872903384280811,4.148970940064607,,,,0,77.9649874209162,-70.57641169130191,281.67720574117106,-33.684402808446876,312.10134569208867,-84.06365383677858,0.03227299824357033,0.03227299824357033,0.021462999284267426,0.01534700021147728,14.016891,0.01930299960076809,0.008070000447332859,99.99,9.989999771118164,99.98999786376953,99.99,9.989999771118164,99.98999786376953,99.99,9.989999771118164,99.98999786376953,99.99,9.989999771118164,99.98999786376953,0.32199999690055847,-0.03449999913573265,99.98999786376953,0.3254980146884918,2220655.0,763839.0,135392588.0,98.84941101074219,2.0,1.0,2.0,0.0,0.0,0.0,0.0,-1.0,47770.1516872,0.014788736446703947
579,77.966916,-67.166054,39.580953039158366,39.567321302477,12.406505021678097,12.406744264868353,0.0,230540.2091619637,1982.711282246344,0.0,230540.2091619637,2057.95078900667,0.0,230540.2091619637,2130.143841000816,0.0,2.154818747394387,38.5740385978078,40.72885734520219,0.0590000000000028,3.41314090804088,38.07552088147427,41.48866178951515,0.0936025692007458,4.436928655227248,949.6288309263832,0.0,0.4696218372935757,3.658921801595573,4.4552756072759205,,,,0,77.9670280795756,-67.16603446623613,277.6638959664019,-34.445491277168976,347.1949290314883,-85.241020110205,0.02495099976658821,0.02495099976658821,0.029503000900149345,0.018202999606728554,13.000563,0.00585799990221858,0.03117400035262108,99.99,9.989999771118164,99.98999786376953,99.99,9.989999771118164,99.98999786376953,99.99,9.989999771118164,99.98999786376953,99.99,9.989999771118164,99.98999786376953,1.3663330078125,0.11033300310373306,99.98999786376953,0.5631899833679199,2220536.0,755539.0,135677378.0,91.85074615478516,3.0,1.0,3.0,0.0,0.0,0.0,0.0,-1.0,47194.1481883,0.17164410514183343
580,78.028352,-67.198875,19.230945077703787,19.22935776376136,13.190187457021777,13.19,0.0,58416.998316599536,1978.6813351896335,0.0,58416.998316599536,2053.8454750329797,0.0,58416.998316599536,2125.9679340056105,0.0,0.9337188539676866,18.80126958377597,19.734988437743652,0.0528444165561587,1.4194492609880598,18.58205073901194,20.0015,0.0797467734997035,2.1164760860700618,322.14659059149267,0.0,0.2795990119924372,3.946672757033849,4.1361199639826,,,,1,78.02840080680838,-67.19887705147492,277.6969991493122,-34.41549826360545,346.7884988122781,-85.26368074559016,0.08638300001621246,0.08638300001621246,0.06793099641799927,0.02990799956023693,13.967792,0.01354300044476986,0.043007999658584595,15.012241,1.2388659715652466,99.98999786376953,13.611735,0.108194999396801,99.98999786376953,99.99,9.989999771118164,99.98999786376953,99.99,9.989999771118164,99.98999786376953,4.563374996185303,-0.6392499804496765,0.0,0.5866079926490784,2220536.0,755539.0,135677247.0,13.17289924621582,8.0,3.0,6.0,1.0,1.0,0.0,0.0,2.0,47194.1045552,0.06849075433229343
581,78.141871,-65.826668,19.426976446405472,19.44,13.179222720922684,13.178252739285536,0.0,97427.07894218485,1968.606332842342,0.0,97427.07894218485,2043.5817164456823,0.0,97427.07894218485,2115.527375577602,0.0,1.1030555731423135,18.842015949936386,19.945071523078695,0.0617472607144673,1.798369236813894,18.51124828704214,20.309617523856033,0.1009868612079927,2.2473310059348854,792.5656115642327,0.0,0.3558542036458766,3.878507575183235,4.085526668904884,,,,0,78.14182087524158,-65.8266969330801,276.05259207089443,-34.63817393873345,3.2597463895308976,-85.16514269188251,0.021124999970197678,0.021124999970197678,0.0009369999752379954,0.011742999777197838,13.92191,0.0045980000868439674,0.0053449999541044235,99.99,9.989999771118164,99.98999786376953,99.99,9.989999771118164,99.98999786376953,99.99,9.989999771118164,99.98999786376953,99.99,9.989999771118164,99.98999786376953,1.9616669416427612,-0.2546670138835907,99.98999786376953,0.07151299715042114,2187826.0,751434.0,135726624.0,24.514095306396484,3.0,1.0,3.0,0.0,0.0,0.0,0.0,-1.0,46936.1373861,0.12770818069848205
582,78.197533,-69.23555,13.62337173131966,13.621,13.564479697253356,13.564595117574369,0.0,20006.05196634075,2002.8605596811024,0.0,20006.05196634075,2078.475748980187,0.0,20006.05196634075,2151.020687652402,0.0,0.6995265156594712,13.273230215930118,13.97275673158959,0.0563146184593694,1.046501394594209,13.11819314287006,14.16469453746427,0.0831781992005638,1.5309103242547852,441.6077065575065,1.0,0.190886197844523,3.9357084128418736,4.037161418120943,,,,0,78.19757129069714,-69.23556487677077,280.0856063297889,-33.919148777976794,323.557587315079,-84.8283032026304,0.022185999900102615,0.022185999900102615,0.01862199977040291,0.007011000066995621,14.166702,0.0037010000087320805,0.01727999933063984,13.714259,0.05488299950957298,99.98999786376953,12.873385,0.045253001153469086,99.98999786376953,13.549003,0.05687100067734718,0.380825012922287,99.99,9.989999771118164,99.98999786376953,7.395400047302246,2.356800079345703,0.0,1.425057053565979,2221025.0,760766.0,135572646.0,15.824590682983398,10.0,3.0,5.0,1.0,1.0,3.0,0.0,2.0,47552.502050,0.07250233799125594
583,78.22591,-69.236984,19.040261567076342,19.043527026945416,13.200990190023024,13.201,0.0,28713.586516942036,2007.8977606855392,0.0,28713.586516942036,2083.6065728141434,0.0,28713.586516942036,2156.2392043794785,0.0,0.8451019649935105,18.627922942374997,19.473024907368508,0.0483493054477115,1.291498385974286,18.445621473164728,19.737119859139018,0.0732099999999995,1.750355796512853,953.9436161656298,0.0,0.1213933935559557,3.871105833740972,4.00892957613922,,,,0,78.22594830003226,-69.23699579956718,280.08457879755554,-33.9090232908236,323.49509069712906,-84.83676300545613,0.013415000401437283,0.013415000401437283,0.009171999990940094,0.011907000094652176,13.925545,0.004215000197291374,0.022214999422430992,13.233162,0.05855000019073486,99.98999786376953,13.300846,0.04087100178003311,99.98999786376953,13.310704,0.033135998994112015,0.32012900710105896,99.99,9.989999771118164,99.98999786376953,4.338778018951416,1.7357779741287231,0.9100000262260437,1.5429799556732178,2221025.0,760766.0,135572645.0,14.04554557800293,9.0,3.0,5.0,1.0,1.0,2.0,0.0,2.0,47552.246032,0.06475778954664226
584,78.285377,-70.139542,11.884084585830896,11.916318362322404,13.71511488806863,13.70998874063706,0.0,290657.8481294883,2023.009082512246,0.0,290657.8481294883,2098.9980556011988,0.0,290657.8481294883,2171.8931035224955,0.0,2.642917515766383,10.5084,13.151317515766385,0.2432881015125811,3.696582467343568,9.7637,13.460282467343568,0.3490586980984798,5.497284293161979,173.68051202425832,0.0,0.7512029625115619,3.606068574908339,4.5227667628735135,,,,0,78.28544311187912,-70.13954340081295,281.1364714587258,-33.683417767327995,315.02633594817166,-84.4045315029521,0.045044999569654465,0.045044999569654465,0.0766109973192215,0.026259999722242355,17.229607,0.010998999699950218,0.015792999416589737,99.99,9.989999771118164,99.98999786376953,99.99,9.989999771118164,99.98999786376953,99.99,9.989999771118164,99.98999786376953,99.99,9.989999771118164,99.98999786376953,0.9135000109672546,-0.026499999687075615,99.98999786376953,0.2841689884662628,2220669.0,762546.0,135396354.0,97.05835723876953,2.0,1.0,2.0,0.0,0.0,0.0,0.0,-1.0,47663.1245544,0.08101391274449575
585,78.316665,-67.296463,73.95880984215412,73.83179088259453,11.727801230191083,11.729421650675745,0.0,596510.701535654,1979.688824832213,0.0,596510.701535654,2054.8718136474745,0.0,596510.701535654,2127.011927655319,0.0,4.889701636582146,71.67688573382154,76.56658737040368,0.0711897428040853,6.757503390752348,70.85955208479638,77.61705547554872,0.0989915669864842,9.718107860399655,327.6853589363841,0.0,0.8406604588529605,3.875665117158339,4.673967086403864,,,,0,78.31672451651087,-67.29644899276943,277.7855276836729,-34.28660896716143,345.5245236991731,-85.37001240164913,0.04101699963212013,0.04101699963212013,99.98999786376953,99.98999786376953,12.307825,0.027341000735759735,99.98999786376953,99.99,9.989999771118164,99.98999786376953,99.99,9.989999771118164,99.98999786376953,99.99,9.989999771118164,99.98999786376953,99.99,9.989999771118164,99.98999786376953,0.5809999704360962,-0.09399999678134918,99.98999786376953,0.4446980059146881,2220456.0,755539.0,135677204.0,95.48072814941406,1.0,1.0,1.0,0.0,0.0,0.0,0.0,-1.0,47194.1482181,0.09685789770220689
586,78.319998,-69.556137,11.303850501132512,11.305740835182416,13.76711794480564,13.767,0.0,15156.880144995906,2014.9497632007576,0.0,15156.880144995906,2090.7894487834265,0.0,15156.880144995906,2163.5446645749457,0.0,0.5493980790125548,11.0336,11.582998079012556,0.0528611421977327,0.8766867325615681,10.83252023531659,11.709206967878158,0.0846904586114654,1.252000000000001,1342.1910517132774,0.0,0.0074849787372759,3.7209828053337626,4.017914066176531,,,,0,78.32011954425246,-69.55616154811753,280.45019145799637,-33.80518392783351,320.2105433502482,-84.71994886134948,0.016232000663876534,0.016232000663876534,0.09530699998140335,0.0125730000436306,15.743029,0.0038240000139921904,0.019006000831723213,99.99,9.989999771118164,99.98999786376953,99.99,9.989999771118164,99.98999786376953,13.142688,0.07192599773406982,99.98999786376953,99.99,9.989999771118164,99.98999786376953,2.336750030517578,0.7534999847412109,0.9300000071525574,1.2810289859771729,2220897.0,761664.0,135571579.0,5.596374988555908,8.0,3.0,7.0,0.0,0.0,1.0,0.0,2.0,47552.546214,0.17654544982460524
587,78.37822,-69.539902,,,,,,,,,,,,,,,,,,,,,,,,,,,3.837800052497645,4.891028999584012,,,,0,,,,,,,,,,,,,,,,,,,,,,,,,,,,,,,,,,,,,,,,,,,
588,78.42998,-68.964081,4.732956407810349,4.728914583039966,14.7127163619104,14.713000200215848,0.0,9871.054728735611,1998.8307649300275,0.0,9871.054728735611,2074.3709705460396,0.0,9871.054728735611,2146.845674942135,0.0,0.4672590835620331,4.504569623454485,4.971828707016519,0.1072627382061295,0.6935337456697539,4.397531555637145,5.091065301306899,0.1585629384219746,1.0410000000000004,319.46722695384216,0.0,0.0859296478912835,3.6031834774403024,4.110148902189321,,,,0,78.43000837011719,-68.96411667415289,279.7445609656783,-33.898028262774254,325.9633731252247,-85.0160287276078,0.0148290004581213,0.0148290004581213,0.010835000313818455,0.030835000798106194,17.876926,0.00815299991518259,0.02661300078034401,14.664233,0.0041069998405873775,0.011304999701678753,99.99,9.989999771118164,99.98999786376953,99.99,9.989999771118164,99.98999786376953,99.99,9.989999771118164,99.98999786376953,0.9890000224113464,0.03416699916124344,99.98999786376953,0.6449040174484253,2221036.0,760311.0,135572954.0,51.78422927856445,6.0,1.0,4.0,2.0,0.0,0.0,0.0,-1.0,47552.1975665,0.13355706761355388
589,78.454106,-67.446625,27.150530696837915,26.97961628889576,12.816552815150462,12.822109261033177,0.0,453998.51620630285,1983.7187642180984,0.0,453998.51620630285,2058.977100648911,0.0,453998.51620630285,2131.1877896102733,0.0,3.754207502556344,25.46305055870076,29.217258061257105,0.1491309108782452,5.457623218875121,24.77587678112488,30.2335,0.2160491674649289,6.971,394.38460441496215,0.0,0.5528833791869335,3.8711058337409696,4.006929576139216,,,,0,78.45421416994316,-67.44661323025288,277.9507710758445,-34.2048205798107,343.60802851847353,-85.41032988109761,0.019346000626683235,0.019346000626683235,0.009941999800503254,0.00890399981290102,13.74924,0.002985999919474125,0.006971000228077173,99.99,9.989999771118164,99.98999786376953,99.99,9.989999771118164,99.98999786376953,99.99,9.989999771118164,99.98999786376953,99.99,9.989999771118164,99.98999786376953,0.5870000123977661,0.03849999979138374,99.98999786376953,1.227797031402588,2220457.0,756526.0,135589598.0,42.567710876464844,4.0,1.0,4.0,0.0,0.0,0.0,0.0,-1.0,47318.111346,0.15525041952654198
590,78.471043,-67.376289,100.44742560569142,100.36715514967216,11.395315051940166,11.396106454427308,0.0,352978.9848103619,1384.8736096456778,0.0,352978.9848103619,1447.938499226609,0.0,352978.9848103619,1508.7287709039065,0.0,4.242984754522553,98.4905375357013,102.73352229022386,0.0452022634118876,6.440118759698279,97.645299233635,104.08541799333328,0.0696068399480154,14.56354811585193,291.9444185762877,0.0,2.1813752986546735,3.7848678661593023,4.673486841028643,,,,0,78.47110194775475,-67.37628438532316,277.8658661824513,-34.212432281454724,344.4768253697326,-85.42332527050904,0.018164999783039093,0.018164999783039093,0.008775000460445881,0.01101600006222725,13.063983,0.004058999940752983,0.03349100053310394,99.99,9.989999771118164,99.98999786376953,99.99,9.989999771118164,99.98999786376953,99.99,9.989999771118164,99.98999786376953,99.99,9.989999771118164,99.98999786376953,0.9089999794960022,0.05700000002980232,99.98999786376953,0.9234179854393005,2220457.0,756035.0,135589797.0,64.59593200683594,3.0,1.0,3.0,0.0,0.0,0.0,0.0,-1.0,47318.1730709,0.08330638298312817
591,78.473614,-67.063515,22.23461259777023,20.007504626517157,13.11362554901942,13.14684816165978,1.0,6650718.4589209035,1988.7561453958103,0.0,6650718.4589209035,2064.1085580113618,0.0,6650718.4589209035,2136.407364252774,0.0,27.44819985635964,11.721800143640362,39.17,1.309999999999997,29.838469352732425,11.180054635097102,41.018523987829525,1.41164862896081,31.956269932725256,48.341139425632704,0.0,1.7098398792106573,3.7138032708680058,4.5205167811119376,,,,0,78.47364667767098,-67.06345492238064,277.49456816887835,-34.272867970955645,348.3995658130924,-85.44043818797317,0.01850700005888939,0.01850700005888939,0.024636000394821167,0.024569999426603317,15.781276,0.003409000113606453,0.8122299909591675,99.99,9.989999771118164,99.98999786376953,99.99,9.989999771118164,99.98999786376953,99.99,9.989999771118164,99.98999786376953,99.99,9.989999771118164,99.98999786376953,1.6413999795913696,-0.020600000396370888,0.029999999329447746,0.4713209867477417,2220436.0,755540.0,135592687.0,16.371654510498047,5.0,3.0,5.0,0.0,0.0,0.0,0.0,2.0,47195.582658,0.22108504388759642
592,78.507998,-67.451942,,,,,,,,,,,,,,,,,,,,,,,,,,,3.9403174570568833,4.935084121938359,,,,0,,,,,,,,,,,,,,,,,,,,,,,,,,,,,,,,,,,,,,,,,,,
593,78.518418,-67.264061,90.07140791476407,89.951,11.513800608828008,11.515000000000002,0.0,222876.8186009539,672.4103099171411,0.0,222876.8186009539,716.6943099407163,0.0,222876.8186009539,759.8988634870607,0.0,5.461800000000011,87.3808,92.8426,0.065199999999999,7.326920000000001,86.73188,94.0588,0.0883199999999977,12.631,334.21994310067504,1.0,2.3457922935279254,3.847170587565396,4.778809233015627,,,,0,,,,,,,,,,,,,,,,,,,,,,,,,,,,,,,,,,,,,,,,,,,
594,78.546107,-69.543488,114.04963586206895,114.304,11.25876,11.255000000000004,0.0,1200413.9603804965,741.2671501774192,0.0,1200413.9603804965,787.707186454267,0.0,1200413.9603804965,832.9301187273785,0.0,17.9366,105.125,123.0616,0.1704000000000007,27.781999999999996,97.36072,125.14272,0.2723199999999988,55.086,673.9602325203866,0.0,10.600586879390212,3.834936101045592,4.860710548228157,,,,0,,,,,,,,,,,,,,,,,,,,,,,,,,,,,,,,,,,,,,,,,,,
595,78.56421,-68.978951,4.788698759627148,4.785989064871538,14.69992809979837,14.7,0.0,8143.972244926707,1993.7934789058231,0.0,8143.972244926707,2069.2398477639094,0.0,8143.972244926707,2141.626659007532,0.0,0.4300173166875609,4.577862675785193,5.007879992472754,0.0976829071417402,0.680470144064464,4.459674064931338,5.140144208995802,0.1536245949984014,0.8959999999999999,359.66941941532417,1.0,0.0440071234953686,3.932708700842,4.14533216907786,,,,1,78.5642308090355,-68.97902306903686,279.74958207295265,-33.847783733877186,325.58295879177666,-85.05421234894376,0.01636900007724762,0.01636900007724762,0.014773000031709671,0.006831000093370676,16.043617,0.005121999885886908,0.009743000380694866,14.653951,0.0032190000638365746,0.003157000057399273,99.99,9.989999771118164,99.98999786376953,99.99,9.989999771118164,99.98999786376953,99.99,9.989999771118164,99.98999786376953,0.7720000147819519,-0.03880000114440918,99.98999786376953,0.633886992931366,2221036.0,760311.0,135572945.0,90.42852783203125,5.0,1.0,3.0,2.0,0.0,0.0,0.0,-1.0,47552.2013387,0.2608364236713607
596,78.578573,-67.263702,24.67010518789816,24.70534365776954,12.920373458583088,12.917971303695134,0.0,307898.864604532,1988.7561453958103,0.0,307898.864604532,2064.1085580113618,0.0,307898.864604532,2136.407364252774,0.0,2.922593997158902,23.223333732208093,26.145927729366996,0.1281726283464745,3.81513192220633,22.7318,26.54693192220633,0.1684286963048649,6.174083678588989,205.0515140443194,0.0,0.93449038889992,3.6253810629434584,4.808216034704698,,,,0,78.57867084731056,-67.26372716828045,277.722569039592,-34.19388729286342,345.8522948049004,-85.47307417358168,0.013886000029742718,0.013886000029742718,0.011761000379920006,0.023101000115275383,16.461603,0.0037219999358057976,0.01955999992787838,99.99,9.989999771118164,99.98999786376953,99.99,9.989999771118164,99.98999786376953,99.99,9.989999771118164,99.98999786376953,99.99,9.989999771118164,99.98999786376953,0.9524999856948853,-0.01600000075995922,0.0,0.3465780019760132,2220456.0,756035.0,135589852.0,93.36638641357422,6.0,3.0,6.0,0.0,0.0,0.0,0.0,2.0,47318.119568,0.16353551898778745
597,78.870786,-66.810394,25.495447391019137,25.4591141232357,12.884890196164816,12.885503453856073,0.0,466023.5105174845,1987.7486729795248,0.0,466023.5105174845,2063.082279968199,0.0,466023.5105174845,2135.363471749576,0.0,3.46947778913362,23.748361460357255,27.217839249490876,0.1484756461465952,4.983855269502531,22.99419625209831,27.97805152160084,0.2132253058839488,7.915831863115784,64.54930395969795,0.0,1.0259787439032408,3.801576267603688,4.278263935449397,,,,0,78.8707874187834,-66.81038994744522,277.15838390325564,-34.168127333909936,351.65300333350075,-85.59413184667876,0.017781000584363937,0.017781000584363937,0.030554000288248062,0.019759999588131905,14.378278,0.0029319999739527702,0.032832998782396317,99.99,9.989999771118164,99.98999786376953,99.99,9.989999771118164,99.98999786376953,99.99,9.989999771118164,99.98999786376953,99.99,9.989999771118164,99.98999786376953,0.8820000290870667,0.03483299911022186,0.0,0.1678979992866516,2220438.0,754538.0,135593623.0,22.778411865234375,6.0,3.0,6.0,0.0,0.0,0.0,0.0,2.0,47195.567283,0.014727179569089312
598,78.901303,-69.431702,6.793373158190134,6.792753430014216,14.32009846663039,14.320004612286318,0.0,9921.787652616127,1999.8382164524965,0.0,9921.787652616127,2075.397175122004,0.0,9921.787652616127,2147.8894447641073,0.0,0.4854835052573945,6.550516494742605,7.036,0.0774525367574767,0.7281744755608628,6.426629507271106,7.154803982831969,0.1162338402226232,1.089682787275299,1180.8314804743038,0.0,0.0846019870103543,3.605341649490701,4.087885430085971,,,,1,78.90134113418176,-69.43175624504966,280.2505285242459,-33.63386220744903,320.31506822057617,-84.95836623375945,0.016181999817490578,0.016181999817490578,0.02301100082695484,0.02641100063920021,17.734848,0.011001000180840492,0.11358900368213654,14.729879,0.004011999815702438,0.4545750021934509,99.99,9.989999771118164,99.98999786376953,99.99,9.989999771118164,99.98999786376953,99.99,9.989999771118164,99.98999786376953,8.432599067687988,1.5917329788208008,0.029999999329447746,0.7809829711914062,2220911.0,761218.0,135571108.0,54.543846130371094,15.0,3.0,8.0,7.0,0.0,0.0,0.0,2.0,47552.329678,0.20115002413824096
599,78.933622,-68.991867,22.353324285847982,22.34638310321637,13.026790302318917,13.027,0.0,35009.61404153258,2002.8605596811024,0.0,35009.61404153258,2078.475748980187,0.0,35009.61404153258,2151.020687652402,0.0,0.9089584305088572,21.91844274415045,22.827401174659308,0.0437858862964937,1.395798509912197,21.65780218122265,23.053600691134847,0.068055669562911,1.957616370138336,869.2258812382578,1.0,0.1260809170366248,3.9418835251157818,4.314306528195205,,,,0,78.93360177565293,-68.9918690272335,279.7309682871489,-33.715606531272456,324.8038655107536,-85.16955377529088,0.014844000339508057,0.014844000339508057,0.019222000613808632,0.011951000429689884,13.748338,0.0030129998922348022,0.002283999929204583,12.711607,0.018022999167442322,0.1755950003862381,13.143257,0.037661999464035034,0.059154000133275986,12.799644,0.15021100640296936,99.98999786376953,99.99,9.989999771118164,99.98999786376953,2.96818208694458,0.655817985534668,0.0,0.6508769989013672,2221031.0,759852.0,135575568.0,51.617218017578125,11.0,3.0,6.0,2.0,2.0,1.0,0.0,2.0,47437.267844,0.0271026495976013
600,79.075968,-67.240059,41.7269084901749,41.69778441403236,12.349162402164543,12.349545056252676,0.0,203635.00809490884,1981.7037983590933,0.0,203635.00809490884,2056.9244706291347,0.0,203635.00809490884,2129.099881144266,0.0,2.154503970807795,40.68186045380755,42.83636442461535,0.0560559449256121,3.348486319191565,40.09048,43.438966319191564,0.0872104668657058,4.963659876017985,1051.6751068636484,1.0,0.7179598932414524,3.874735695204543,4.43228368488597,,,,0,79.07598699815341,-67.24004645435508,277.65020046364486,-34.009632285164024,345.9934321993312,-85.66652190046325,0.03506400063633919,0.03506400063633919,99.98999786376953,99.98999786376953,13.172032,0.016565000638365746,99.98999786376953,99.99,9.989999771118164,99.98999786376953,99.99,9.989999771118164,99.98999786376953,99.99,9.989999771118164,99.98999786376953,99.99,9.989999771118164,99.98999786376953,1.1549999713897705,0.01600000075995922,99.98999786376953,0.29669299721717834,2220465.0,755540.0,135592517.0,43.37297058105469,1.0,1.0,1.0,0.0,0.0,0.0,0.0,-1.0,47195.1430685,0.052344209529644414
601,79.170383,-69.656197,35.73904394870185,35.73741972515848,12.517238112294022,12.517457596446029,0.0,29880.944389903587,1998.8307649300275,0.0,29880.944389903587,2074.3709705460396,0.0,29880.944389903587,2146.845674942135,0.0,0.8482233412645854,35.31789227893647,36.166115620201055,0.0255424035539739,1.278355828788058,35.100471323640484,36.37882715242854,0.0388755986412565,1.707616231410242,388.7906911872432,0.0,0.2113954596537527,3.926879774308565,4.216355474388952,,,,1,79.17033672489492,-69.6563484634901,280.48984964480593,-33.49417833472884,317.58167906495754,-84.92379422300125,0.04280399903655052,0.04280399903655052,0.022487999871373177,0.15162800252437592,19.73945,0.04373199865221977,0.021807000041007996,99.99,9.989999771118164,99.98999786376953,99.99,9.989999771118164,99.98999786376953,99.99,9.989999771118164,99.98999786376953,99.99,9.989999771118164,99.98999786376953,1.6375000476837158,1.3559999465942383,99.98999786376953,0.600596010684967,2220900.0,761665.0,135570230.0,98.53873443603516,2.0,1.0,2.0,0.0,0.0,0.0,0.0,-1.0,47552.1981974,0.5483356608916868
602,79.386792,-69.752083,67.54080436131702,67.47543454001189,11.826342486279913,11.827000000000002,0.0,537256.0430263523,2018.9794377663989,0.0,537256.0430263523,2094.893804618874,0.0,537256.0430263523,2167.718971595081,0.0,3.9868185684489106,65.65518143155109,69.642,0.0640012153283251,5.507926695071973,64.98843091542471,70.49635761049669,0.0880652407248074,8.450368277840141,316.8612658860411,0.0,1.095043482006837,3.9240485217880896,4.746006119856421,,,,0,79.38687716405477,-69.75208834310091,280.5830547056649,-33.400585642202984,316.2101008741394,-84.93433468121395,0.03392700105905533,0.03392700105905533,0.01511900033801794,0.021747000515460968,12.44589,0.007546999957412481,0.0032760000322014093,99.99,9.989999771118164,99.98999786376953,99.99,9.989999771118164,99.98999786376953,99.99,9.989999771118164,99.98999786376953,99.99,9.989999771118164,99.98999786376953,0.8960000276565552,0.01600000075995922,99.98999786376953,1.0004440546035767,2220664.0,762109.0,135569839.0,70.34283447265625,2.0,1.0,2.0,0.0,0.0,0.0,0.0,-1.0,47552.2587300,0.10783517406555704
603,79.434664,-69.342567,21.40410531978693,21.41056722606576,13.074070720715673,13.0735291900049,0.0,86736.124394537,2019.986851744954,0.0,86736.124394537,2095.919877182087,0.0,86736.124394537,2168.762520971262,0.0,1.4823264834211258,20.646458582671425,22.12878506609255,0.0754708099950995,2.1638727516360454,20.38973,22.55360275163605,0.1095184370955415,3.5528209959138835,27.98208431792809,0.0,0.352641185663982,3.943464674841481,4.153953222652551,,,,0,79.43470861090611,-69.34257552337111,280.09879122421944,-33.46887672086877,320.13305084007,-85.16564876752854,0.018286999315023422,0.018286999315023422,0.021916000172495842,0.008829999715089798,13.486281,0.00901199970394373,0.03157699853181839,99.99,9.989999771118164,99.98999786376953,12.711077,0.10279799997806549,99.98999786376953,99.99,9.989999771118164,99.98999786376953,99.99,9.989999771118164,99.98999786376953,2.2005999088287354,0.10100000351667404,0.0,2.0767691135406494,2220908.0,760767.0,135571215.0,48.4676513671875,5.0,3.0,4.0,0.0,1.0,0.0,0.0,2.0,47552.1978909,0.06443164336347025
604,79.554313,-69.874611,24.178592567345344,24.19370424385948,12.941614459280627,12.941093765345723,0.0,75038.0008540571,2015.957184642697,0.0,75038.0008540571,2091.815547589578,0.0,75038.0008540571,2164.58825777382,0.0,1.1494828080813342,23.60624952706526,24.755732335146593,0.0511186378356427,1.7214420354712097,23.322945493662555,25.044387529133765,0.0771300000000003,2.6370000000000005,391.23466814127033,0.0,0.3222629824864952,3.940317457056886,4.344284121938366,,,,0,79.55436206978588,-69.8746319101403,280.7121079580707,-33.31849695837904,314.7000216654677,-84.9119435295698,0.03485000133514404,0.03485000133514404,0.011137999594211578,0.01764499954879284,13.636691,0.01940000057220459,0.005661000031977892,99.99,9.989999771118164,99.98999786376953,99.99,9.989999771118164,99.98999786376953,99.99,9.989999771118164,99.98999786376953,99.99,9.989999771118164,99.98999786376953,0.9190000295639038,-0.05299999937415123,99.98999786376953,0.918287992477417,2220612.0,762548.0,135569627.0,17.649423599243164,2.0,1.0,2.0,0.0,0.0,0.0,0.0,-1.0,47552.3323192,0.09675189180047655
605,79.557173,-68.49041,22.376670902643713,22.375,13.025674023290684,13.025635650531482,0.0,36684.88841909419,2011.927487653062,0.0,36684.88841909419,2087.7111129063346,0.0,36684.88841909419,2160.413819086974,0.0,0.9355182452311688,21.91010607713836,22.845624322369527,0.0451120412280428,1.4231684281903014,21.68287469075015,23.106043118940452,0.0691080605903504,1.9315767584887205,800.5166748647815,1.0,0.0801747039697289,3.831120514698404,4.1251979458046,,,,0,79.5571928382804,-68.49042113939642,279.0863202788572,-33.5946537128405,329.4367757915431,-85.57346201778478,0.02141300030052662,0.02141300030052662,0.003711000084877014,0.009510999545454979,13.883675,0.004964999854564667,0.008410999551415443,99.99,9.989999771118164,99.98999786376953,99.99,9.989999771118164,99.98999786376953,99.99,9.989999771118164,99.98999786376953,99.99,9.989999771118164,99.98999786376953,0.5946670174598694,-0.017000000923871994,99.98999786376953,0.3632810115814209,2221050.0,758923.0,135575447.0,69.82078552246094,3.0,1.0,3.0,0.0,0.0,0.0,0.0,-1.0,47437.2570709,0.0478941982457956
606,79.579719,-68.718452,18.67463138309512,18.67505059387923,13.222010092369144,13.22190927682986,0.0,31790.72527469128,2006.8903242489632,0.0,31790.72527469128,2082.5804212835037,0.0,31790.72527469128,2155.195523136867,0.0,0.7722518033057639,18.299791341895254,19.072043145201015,0.0449092768298591,1.1767302375148816,18.096149762485116,19.272879999999997,0.0679092768298588,1.5959999999999963,119.39005747256446,1.0,0.1745093570059922,3.796468458445433,4.111707599659899,,,,0,79.57976227041745,-68.7184416230569,279.35289053415534,-33.54243316299597,326.6868918407823,-85.4945722195609,0.018664000555872917,0.018664000555872917,0.018742000684142113,0.013315999880433083,14.323051,0.003674000035971403,0.004738999996334314,99.99,9.989999771118164,99.98999786376953,99.99,9.989999771118164,99.98999786376953,99.99,9.989999771118164,99.98999786376953,99.99,9.989999771118164,99.98999786376953,0.9837999939918518,-0.028599999845027924,0.9800000190734863,0.6746969819068909,2221045.0,759390.0,135575100.0,51.81785202026367,5.0,3.0,5.0,0.0,0.0,0.0,0.0,2.0,47437.1726014,0.06776512140930471
607,79.593344,-69.545151,52.28926274821523,52.28586439760036,12.104077544018686,12.104,0.0,99563.89543937908,2017.9720219241087,0.0,99563.89543937908,2093.8677255023485,0.0,99563.89543937908,2166.675411275618,0.0,1.6381619611287943,51.4852471462679,53.1234091073967,0.0341695470098954,2.377358331224386,51.09523874977096,53.47259708099535,0.0494182672907168,3.5465050880400497,302.3014054672146,0.0,0.2365554261503136,3.9044726887439354,4.294234638220906,,,,0,79.59343286187604,-69.54514833320431,280.3227918855139,-33.373026792960225,317.7499953936205,-85.10791410063575,0.021229000762104988,0.021229000762104988,0.000582000007852912,0.010874000377953053,13.157286,0.01933700032532215,0.009336000308394432,99.99,9.989999771118164,99.98999786376953,99.99,9.989999771118164,99.98999786376953,99.99,9.989999771118164,99.98999786376953,99.99,9.989999771118164,99.98999786376953,0.609000027179718,-0.007499999832361937,99.98999786376953,1.608834981918335,2220919.0,761666.0,135570615.0,47.0850830078125,2.0,1.0,2.0,0.0,0.0,0.0,0.0,-1.0,47552.3321234,0.11220760979034314
608,79.594847,-69.488861,32.6274930477331,32.606722324730825,12.616149431718917,12.616794962360798,0.0,40900.99749719704,2005.88288593166,0.0,40900.99749719704,2081.5542631398107,0.0,40900.99749719704,2154.151830851239,0.0,1.0104136354636497,32.16071465618423,33.17112829164788,0.033794962360794,1.5469068467376417,31.957762306057987,33.50466915279563,0.0513998862949858,2.10995848046338,320.3500539338613,0.0,0.24420761825825,3.91587564393546,4.322702676239728,,,,0,79.59488349584016,-69.48887533700746,280.2566868958285,-33.383968848797664,318.30621875935196,-85.13842487876924,0.021626999601721764,0.021626999601721764,0.011630999855697155,0.014201999641954899,13.612411,0.006579999811947346,0.013395999558269978,99.99,9.989999771118164,99.98999786376953,99.99,9.989999771118164,99.98999786376953,99.99,9.989999771118164,99.98999786376953,99.99,9.989999771118164,99.98999786376953,1.3933329582214355,-0.11599999666213989,99.98999786376953,1.5566140413284302,2220918.0,761666.0,135570669.0,32.38788986206055,3.0,1.0,3.0,0.0,0.0,0.0,0.0,-1.0,47552.2584676,0.06916090369236878
609,79.604903,-69.686317,23.4533573495677,23.447,12.974643884298365,12.975,0.0,41090.68612595053,2010.920058725154,0.0,41090.68612595053,2086.6849877778413,0.0,41090.68612595053,2159.3701819328467,0.0,0.9664689390421302,22.97217823870833,23.93864717775046,0.0444152095651464,1.4933421568249798,22.752138813366813,24.245480970191792,0.068999999999999,2.20467054765734,452.9635733991587,0.0,0.1245121404966061,3.919902839369273,4.209653163487784,,,,0,79.60489281173173,-69.68632271297818,280.48726910024027,-33.340279968095174,316.3511066341262,-85.03375183664183,0.0279690008610487,0.0279690008610487,0.006382999941706657,0.009920000098645687,13.452996,0.006041999906301498,0.017355000600218773,99.99,9.989999771118164,99.98999786376953,99.99,9.989999771118164,99.98999786376953,99.99,9.989999771118164,99.98999786376953,99.99,9.989999771118164,99.98999786376953,0.6259999871253967,-0.02850000001490116,99.98999786376953,1.6496679782867432,2220916.0,762109.0,135569904.0,6.843688011169434,2.0,1.0,2.0,0.0,0.0,0.0,0.0,-1.0,47552.2586918,0.02418925950130035
610,79.712597,-72.120125,8.776796200769663,8.77,14.04205338538077,14.04241677696917,0.0,45145.44420466381,3424.968529079786,0.0,45145.44420466381,3523.5060053303264,0.0,45145.44420466381,3617.5228709016906,0.0,0.7110036181989656,8.434289938199857,9.145293556398824,0.0876139288647088,1.0388157513695866,8.278280558989133,9.31709631035872,0.1280992571465677,1.4811837816558846,151.55668984575914,0.0,0.1510729038555641,3.65470356058382,4.179125128215125,,,,1,79.71262061846413,-72.12014301401668,283.31278233376787,-32.77701320888314,298.3997086069575,-83.38019451102811,0.015375000424683094,0.015375000424683094,0.03987700119614601,0.006819999776780605,17.009726,0.003558000084012747,0.0599059984087944,99.99,9.989999771118164,99.98999786376953,99.99,9.989999771118164,99.98999786376953,99.99,9.989999771118164,99.98999786376953,99.99,9.989999771118164,99.98999786376953,1.3881670236587524,-0.09633299708366394,0.9900000095367432,0.08032099902629852,2167163.0,767114.0,135372312.0,51.030433654785156,6.0,3.0,6.0,0.0,0.0,0.0,0.0,2.0,47973.1102582,0.06990746703034235
611,79.815808,-68.934425,8.981155762849577,8.987,14.017096934605492,14.016299894722222,0.0,30815.036776693934,2006.8903242489632,0.0,30815.036776693934,2082.5804212835037,0.0,30815.036776693934,2155.195523136867,0.0,0.7502579726387086,8.60954329237673,9.359801265015438,0.091000000000001,1.2010799999999993,8.36158,9.56266,0.1454400000000006,1.7095461061642538,623.3115418776993,0.0,0.1671425411726274,3.60223613907027,4.364405090610608,,,,1,79.81576570883647,-68.9344491720567,279.5871356680205,-33.41692483273812,323.7415005639014,-85.47952791670438,0.026234999299049377,0.026234999299049377,0.04372800141572952,0.02759600058197975,16.274355,0.0096859997138381,0.05840200185775757,99.99,9.989999771118164,99.98999786376953,99.99,9.989999771118164,99.98999786376953,99.99,9.989999771118164,99.98999786376953,99.99,9.989999771118164,99.98999786376953,2.1589999198913574,0.2562499940395355,99.98999786376953,0.4087049961090088,2220884.0,760313.0,135573998.0,5.679736137390137,4.0,1.0,4.0,0.0,0.0,0.0,0.0,-1.0,47437.1349909,0.10279608922343166
612,79.846065,-65.858719,2.7247206745124415,2.7234646749342484,15.312549938525688,15.312637832037424,0.0,8693.72090796278,1922.2588046027456,0.0,8693.72090796278,1996.3595751032808,0.0,8693.72090796278,2067.486025427503,0.0,0.3462171019727362,2.5541509470722192,2.9003680490449555,0.1378558763866202,0.5637830163215174,2.4467737626422728,3.01055677896379,0.2250817300777541,0.6878196106020731,1337.3738637843337,0.0,0.01094443473359,3.9403174570568833,4.098684121938359,,,,0,79.84610052907696,-65.8587389385801,275.9457363704166,-33.945599305070665,5.052158641646311,-85.84914135784965,0.0069610001519322395,0.0069610001519322395,0.01968800090253353,0.04777299985289574,20.711714,0.039340000599622726,0.027387000620365143,17.562666,0.003664999967440963,0.02484400011599064,16.195274,0.0021210000850260258,0.026667999103665352,15.683523,0.002773999935016036,0.05594399943947792,15.317589,0.004366000182926655,0.002005999907851219,0.7912669777870178,-0.048333000391721725,99.98999786376953,0.17002500593662262,2188005.0,751964.0,135641265.0,38.95178985595703,15.0,1.0,2.0,3.0,5.0,3.0,2.0,-1.0,46937.256663,0.08881834265042814
613,80.009071,-68.063393,43.63527297813425,43.462561722672966,12.303295634806936,12.304772818705484,1.0,3186975.7216675268,3995.066237766566,0.0,3186975.7216675268,4101.399965976372,0.0,3186975.7216675268,4202.720281507942,0.0,10.692899568330851,38.35320005081845,49.046099619149295,0.2671445893844755,14.752330624045731,36.546,51.29833062404573,0.3681471903972415,19.10341754381951,130.74900773989276,0.0,3.0540603870557104,3.7199057671799745,4.698184530216541,,,,0,80.00909657310689,-68.06339606854985,278.54549834845153,-33.50989941833257,334.1357122554121,-85.86950940423785,0.03108000010251999,0.03108000010251999,99.98999786376953,99.98999786376953,14.492695,0.009573999792337418,99.98999786376953,99.99,9.989999771118164,99.98999786376953,99.99,9.989999771118164,99.98999786376953,99.99,9.989999771118164,99.98999786376953,99.99,9.989999771118164,99.98999786376953,0.8159999847412109,0.026000000536441803,99.98999786376953,0.603954017162323,2220948.0,757498.0,135587339.0,28.674253463745117,1.0,1.0,1.0,0.0,0.0,0.0,0.0,-1.0,47318.1732242,0.036123544091072546
614,80.035374,-68.918663,26.025469563859893,26.026366559821145,12.861655003401372,12.861341901981316,0.0,57634.14018811046,2007.8977606855392,0.0,57634.14018811046,2083.6065728141434,0.0,57634.14018811046,2156.2392043794785,0.0,1.0632637857346303,25.48340204156993,26.54666582730456,0.0441584869929183,1.5665429071604071,25.27266709283959,26.83921,0.0655133848337534,2.254999999999999,390.0859792579949,0.0,0.166781144881098,3.791879072692272,4.135204683113306,,,,0,80.0354065576355,-68.91867255929702,279.55050910747457,-33.342423033669384,323.4613581984535,-85.55703135395073,0.028996000066399574,0.028996000066399574,0.0012649999698624015,0.006101999897509813,14.015349,0.005770000163465738,0.06744399666786194,99.99,9.989999771118164,99.98999786376953,99.99,9.989999771118164,99.98999786376953,99.99,9.989999771118164,99.98999786376953,99.99,9.989999771118164,99.98999786376953,1.0466669797897339,-0.08066699653863907,99.98999786376953,0.543615996837616,2220884.0,759854.0,135574666.0,34.93096160888672,3.0,1.0,3.0,0.0,0.0,0.0,0.0,-1.0,47437.2573700,0.05442097167799273
615,80.095831,-69.038193,,,,,,,,,,,,,,,,,,,,,,,,,,,3.7817189346265145,4.306360751081383,,,,0,,,,,,,,,,,,,,,,,,,,,,,,,,,,,,,,,,,,,,,,,,,
616,80.105058,-69.498871,19.024219714260127,19.02059653827304,13.20190580471233,13.202,0.0,24475.266047486843,2009.9126279222112,0.0,24475.266047486843,2085.6588560563087,0.0,24475.266047486843,2158.326533769115,0.0,0.8731056057031594,18.59306126079975,19.46616686650291,0.0499999999999971,1.3117014471687476,18.388543784385845,19.700245231554593,0.0748503645507749,1.945041693371845,337.2328017051151,0.0,0.2445911819020335,3.905691129922882,4.052467337616776,,,,1,80.1050855319515,-69.49887958702766,280.22592410523606,-33.20681839292665,317.04263823191286,-85.2830508076652,0.029985999688506126,0.029985999688506126,0.016460999846458435,0.013218999840319157,14.018603,0.027401000261306763,99.98999786376953,99.99,9.989999771118164,99.98999786376953,12.534209,0.05070300027728081,99.98999786376953,13.623579,0.03937400132417679,99.98999786376953,99.99,9.989999771118164,99.98999786376953,2.26466703414917,3.1419999599456787,0.9800000190734863,0.8929839730262756,2220917.0,761219.0,135570737.0,94.17620849609375,3.0,3.0,1.0,0.0,1.0,1.0,0.0,2.0,47552.2821817,0.04648224588468355
617,80.180023,-69.487755,20.254222679958488,20.243462417751847,13.133866229029367,13.134728013153795,0.0,24587.435981991686,2006.8903242489632,0.0,24587.435981991686,2082.5804212835037,0.0,24587.435981991686,2155.195523136867,0.0,0.8889378987641479,19.847244373940068,20.736182272704216,0.0477280131537938,1.2900839566091695,19.66111604339083,20.9512,0.0687828952635793,1.820804740434557,1341.8243176112765,0.0,0.0984023702172773,3.914559010666917,4.130696961554256,,,,0,80.18010821207687,-69.48776990443065,280.2068129017745,-33.183188069271026,316.9766620120453,-85.31106670988667,0.026204999536275864,0.026204999536275864,0.012155000120401382,0.009755999781191349,13.89101,0.019429000094532967,0.0013960000360384583,99.99,9.989999771118164,99.98999786376953,99.99,9.989999771118164,99.98999786376953,99.99,9.989999771118164,99.98999786376953,99.99,9.989999771118164,99.98999786376953,0.9419999718666077,-0.009999999776482582,99.98999786376953,0.6565759778022766,2220917.0,761219.0,135570717.0,3.6652541160583496,2.0,1.0,2.0,0.0,0.0,0.0,0.0,-1.0,47552.3321479,0.12013964615618472
618,80.265148,-68.048332,37.04947494019433,37.08146412928672,12.478345210499892,12.477189332775756,0.0,439844.2226138587,3991.045193014095,0.0,439844.2226138587,4097.3259560119,0.0,439844.2226138587,4198.59665367306,0.0,2.541227075053321,35.722522320541124,38.263749395594445,0.0744395440510565,3.758412223937171,35.06421732425976,38.82262954819693,0.1105604559489421,5.533065560472977,342.21947039637206,0.0,0.3730660067296779,3.833274115068513,4.263073228224758,,,,0,80.2651743576028,-68.0483473459591,278.5073325243334,-33.418408387964305,333.9482747485206,-85.9654588330126,0.03103400021791458,0.03103400021791458,99.98999786376953,99.98999786376953,13.036695,0.009000999853014946,99.98999786376953,99.99,9.989999771118164,99.98999786376953,99.99,9.989999771118164,99.98999786376953,99.99,9.989999771118164,99.98999786376953,99.99,9.989999771118164,99.98999786376953,0.49900001287460327,0.02199999988079071,99.98999786376953,1.4141809940338135,2220976.0,757978.0,135587005.0,26.846071243286133,1.0,1.0,1.0,0.0,0.0,0.0,0.0,-1.0,47318.1732240,0.06565261452691178
619,80.313532,-69.444946,,,,,,,,,,,,,,,,,,,,,,,,,,,3.943464674841481,4.875153222652552,,,,0,,,,,,,,,,,,,,,,,,,,,,,,,,,,,,,,,,,,,,,,,,,
620,80.325135,-69.513069,17.94379133478361,17.947410946477298,13.265366839819782,13.265000000000002,0.0,20139.32596972601,1999.8382164524965,0.0,20139.32596972601,2075.397175122004,0.0,20139.32596972601,2147.8894447641073,0.0,0.7714224906503837,17.542477509349617,18.3139,0.0469340218614888,1.176385523364349,17.345089483470826,18.521475006835175,0.0714031542725965,1.562556260951606,1000.9991349148196,1.0,0.0988420148016473,3.790911699424414,4.032690874609452,,,,0,80.32516312486526,-69.51309626272464,280.22484964614654,-33.12847176870833,316.36885189899664,-85.33877523450269,0.025554999709129333,0.025554999709129333,0.015375000424683094,0.022822000086307526,14.687365,0.01964000053703785,0.02719300054013729,99.99,9.989999771118164,99.98999786376953,12.346209,0.08314500004053116,99.98999786376953,99.99,9.989999771118164,99.98999786376953,99.99,9.989999771118164,99.98999786376953,3.6519999504089355,0.20100000500679016,0.9900000095367432,0.4909510016441345,2220917.0,761667.0,135565290.0,10.28070068359375,3.0,3.0,2.0,0.0,1.0,0.0,0.0,2.0,47664.15464,0.10434729264069062
621,80.325806,-66.908684,24.78267710294147,24.77160293211882,12.914822809858665,12.915,0.0,79699.01597237101,1977.673843625659,0.0,79699.01597237101,2052.819129662451,0.0,79699.01597237101,2124.923929074185,0.0,1.1947918519567189,24.20395814804328,25.39875,0.0519999999999996,1.7041760812082811,23.98588391879172,25.690060000000003,0.074310974833212,2.36942442974145,1340.043848083421,0.0,0.1317701024723447,3.8478405953608714,4.231121028266938,,,,0,80.32582084204559,-66.90869871466113,277.1555205946656,-33.58794835869785,350.36332500541414,-86.16690734589393,0.027157999575138092,0.027157999575138092,0.018004000186920166,0.020222999155521393,13.809314,0.0039470000192523,0.020702000707387924,99.99,9.989999771118164,99.98999786376953,99.99,9.989999771118164,99.98999786376953,99.99,9.989999771118164,99.98999786376953,99.99,9.989999771118164,99.98999786376953,1.3256670236587524,-0.13300000131130219,99.98999786376953,0.2952069938182831,2220474.0,754540.0,135635498.0,95.12556457519531,3.0,1.0,3.0,0.0,0.0,0.0,0.0,-1.0,47068.1460120,0.056967137629369544
622,80.54487,-69.096001,31.96857598215002,31.9569558378248,12.638354027515827,12.638601445805646,0.0,103682.89259309004,2002.8605596811024,0.0,103682.89259309004,2078.475748980187,0.0,103682.89259309004,2151.020687652402,0.0,1.414268577185684,31.268331422814317,32.6826,0.0482140650674569,2.134550173812375,30.937913716483056,33.07246389029543,0.0719525782608929,2.9698162916943964,712.4375799223332,1.0,0.4428128624972642,3.849198870574438,4.22538871377006,,,,0,80.54494254108089,-69.09602236791547,279.71825664485306,-33.130085616538004,320.2880242571976,-85.630174011265,0.03185499832034111,0.03185499832034111,0.02847900055348873,0.012347999960184097,13.271052,0.019300000742077827,0.03233899921178818,99.99,9.989999771118164,99.98999786376953,99.99,9.989999771118164,99.98999786376953,99.99,9.989999771118164,99.98999786376953,99.99,9.989999771118164,99.98999786376953,0.2874999940395355,-0.020999999716877937,99.98999786376953,0.5735949873924255,2220914.0,760769.0,135568378.0,48.961910247802734,2.0,1.0,2.0,0.0,0.0,0.0,0.0,-1.0,47553.2318809,0.1208287402960094
623,80.574008,-69.353386,17.06156150412951,17.058265586957745,13.320140007213482,13.32,0.0,38340.51889049543,2006.8903242489632,0.0,38340.51889049543,2082.5804212835037,0.0,38340.51889049543,2155.195523136867,0.0,0.8416808480298705,16.64431915197013,17.486,0.0540000000000002,1.2674672652718897,16.43197409882536,17.69944136409725,0.0807882081836552,1.725999999999999,1002.07964861099,0.0,0.0603065796221788,3.880448659049522,4.0090585963049055,,,,0,80.57403452335755,-69.35341432789073,280.0180126994246,-33.0726205622484,317.4055067985051,-85.50092197532535,0.03080100007355213,0.03080100007355213,0.0010580000234767795,0.020440999418497086,13.899974,0.01940299943089485,0.004774999804794788,99.99,9.989999771118164,99.98999786376953,99.99,9.989999771118164,99.98999786376953,99.99,9.989999771118164,99.98999786376953,99.99,9.989999771118164,99.98999786376953,0.8339999914169312,-0.00800000037997961,99.98999786376953,0.3581640124320984,2220924.0,761220.0,135568097.0,94.214111328125,2.0,1.0,2.0,0.0,0.0,0.0,0.0,-1.0,47553.2320401,0.10739429660507017
624,80.590077,-69.404907,34.421650115661194,34.414663270840926,12.558061241972384,12.558,0.0,76746.7180490822,1997.8233115153591,0.0,76746.7180490822,2073.3447593166884,0.0,76746.7180490822,2145.8018940098104,0.0,1.3697058822716812,33.75295687702361,35.12266275929529,0.0436081542820296,2.195613517022352,33.393495651127694,35.589109168150046,0.0693099999999997,2.8552374340373277,952.3118180098196,1.0,0.1309262262435916,3.8885987920756073,4.334342468026959,,,,0,80.59009679079777,-69.40492416618555,280.0771636991272,-33.05752349055272,316.8231608148404,-85.47668748517835,0.030781999230384827,0.030781999230384827,0.013189000077545643,0.03895200043916702,13.438512,0.01930299960076809,0.007275000214576721,99.99,9.989999771118164,99.98999786376953,99.99,9.989999771118164,99.98999786376953,99.99,9.989999771118164,99.98999786376953,99.99,9.989999771118164,99.98999786376953,0.28850001096725464,-0.008999999612569809,99.98999786376953,0.31462401151657104,2220924.0,761220.0,135568027.0,61.28330993652344,2.0,1.0,2.0,0.0,0.0,0.0,0.0,-1.0,47553.2320522,0.0666867641582684
625,80.629679,-65.371346,19.30194314031879,19.303338008031467,13.18619056860098,13.186,0.0,58897.05353256567,1968.606332842342,0.0,58897.05353256567,2043.5817164456823,0.0,58897.05353256567,2115.527375577602,0.0,0.9584479457007724,18.808178162249312,19.766626107950085,0.0539999999999984,1.4775659052395156,18.57867113170563,20.056237036945145,0.0833114505787957,2.01255593504387,408.6997504228539,1.0,0.201621609024847,3.734555144100201,4.282612418153294,,,,0,,,,,,,,,,,,,,,,,,,,,,,,,,,,,,,,,,,,,,,,,,,
626,80.637892,-68.277718,24.526279793313854,24.518969783588844,12.926091403135176,12.926477958735685,0.0,421775.70944775303,2651.3171015722073,0.0,421775.70944775303,2738.1480899478292,0.0,421775.70944775303,2821.1988423215707,0.0,1.1331061586996751,23.9676,25.100706158699676,0.0502173097634059,1.7600866880712047,23.657215223741087,25.41730191181229,0.0778964837065689,2.3679999999999986,2.1576646171158465,0.0,0.3350829188704456,3.8814333235476783,4.1772525405786585,,,,0,80.63805010857696,-68.27776350880978,278.7488571202172,-33.24192686728082,330.1952278780582,-86.02142818964093,0.01692499965429306,0.01692499965429306,0.16608600318431854,0.14964300394058228,13.580962,0.0038590000476688147,0.6191689968109131,99.99,9.989999771118164,99.98999786376953,99.99,9.989999771118164,99.98999786376953,99.99,9.989999771118164,99.98999786376953,99.99,9.989999771118164,99.98999786376953,6.957250118255615,-0.22737500071525574,0.9800000190734863,0.7391260266304016,2220998.0,758453.0,135586161.0,35.13668441772461,8.0,3.0,8.0,0.0,0.0,0.0,0.0,2.0,47318.1732826,0.26686940039105433
627,80.648671,-68.899925,16.931215288894258,16.930830091004786,13.328430094044728,13.328371540531329,0.0,31489.713200100487,2009.9126279222112,0.0,31489.713200100487,2085.6588560563087,0.0,31489.713200100487,2158.326533769115,0.0,0.7075553984017056,16.57604196648817,17.283597364889875,0.045868378619815,1.059772668210961,16.42181,17.48158266821096,0.0680879167116845,1.538343665939653,204.80479098791272,0.0,0.2009292056145538,3.675020227771867,4.0662282977892055,,,,0,80.64871608571147,-68.89991486303626,279.4799105147916,-33.128948155398,322.30316577012087,-85.76044381211007,0.029836999252438545,0.029836999252438545,0.014636999927461147,0.0273049995303154,14.701629,0.008582999929785728,0.058292001485824585,99.99,9.989999771118164,99.98999786376953,99.99,9.989999771118164,99.98999786376953,99.99,9.989999771118164,99.98999786376953,99.99,9.989999771118164,99.98999786376953,1.1334999799728394,-0.06449999660253525,99.98999786376953,0.9118630290031433,2220887.0,760314.0,135569148.0,67.87667846679688,2.0,1.0,2.0,0.0,0.0,0.0,0.0,-1.0,47553.63387,0.06889049034654994
628,80.743821,-65.801697,21.557683653957675,21.550036689877633,13.066191560950134,13.066384723188252,0.0,81013.72566489052,1980.6963125548743,0.0,81013.72566489052,2055.89814551113,0.0,81013.72566489052,2128.055910031984,0.0,1.1111810375900149,21.02684805464063,22.13802909223065,0.0556815159407069,1.7081581588789805,20.794574827231887,22.502732986110868,0.0862608885225793,2.3698381767607977,312.09793426245443,0.0,0.229175124672956,3.845196216767525,4.118360907691282,,,,0,80.74389009226341,-65.80169107162199,275.81146371678676,-33.59075078507658,7.218065351065552,-86.18945399934363,0.01648000068962574,0.01648000068962574,0.015414999797940254,0.010327000170946121,13.952485,0.004356000106781721,0.005129000172019005,12.858732,0.010683000087738037,99.98999786376953,99.99,9.989999771118164,99.98999786376953,99.99,9.989999771118164,99.98999786376953,99.99,9.989999771118164,99.98999786376953,0.8331429958343506,0.013570999726653099,0.0,0.1564050018787384,2188020.0,751965.0,135640020.0,3.179577112197876,7.0,3.0,6.0,1.0,0.0,0.0,0.0,6.0,46937.571475,0.10416416380151568
629,80.802722,-68.781891,22.970725768683565,22.97200567570221,12.997224229369136,12.997410056883002,0.0,58529.03769687454,2007.8977606855392,0.0,58529.03769687454,2083.6065728141434,0.0,58529.03769687454,2156.2392043794785,0.0,0.981615195010292,22.48988460522792,23.47149980023821,0.0465899431170004,1.5942703098536448,22.20285447818783,23.797124788041476,0.0756673766965008,2.0985853312648004,953.9436161656298,1.0,0.1135960542996293,3.9357084128418753,4.3287614181209495,,,,0,80.80273936474342,-68.78194321600795,279.3295483878044,-33.0950906770032,323.35771556854496,-85.86571175173897,0.022241000086069107,0.022241000086069107,0.010421999730169773,0.014643999747931957,13.712296,0.004972000140696764,0.04915099963545799,99.99,9.989999771118164,99.98999786376953,99.99,9.989999771118164,99.98999786376953,99.99,9.989999771118164,99.98999786376953,99.99,9.989999771118164,99.98999786376953,1.1299999952316284,-0.09025000035762787,99.98999786376953,0.6410319805145264,2220886.0,759855.0,135569380.0,6.975761890411377,4.0,1.0,4.0,0.0,0.0,0.0,0.0,-1.0,47553.63348,0.18933426520867247
630,80.84795,-69.656616,30.765220780497646,30.769782037326657,12.679981500504129,12.68,0.0,59686.28855327355,2009.9126279222112,0.0,59686.28855327355,2085.6588560563087,0.0,59686.28855327355,2158.326533769115,0.0,1.1505460537818235,30.18932553649716,31.339871590278985,0.0404129177642786,1.688562268542789,29.918146964241416,31.606709232784205,0.0597149234965499,2.4228953522996157,7.902895485982114,1.0,0.3470501814579694,3.8556271143340446,4.295539734185707,,,,0,80.84789383539922,-69.65662333503022,280.3522585912522,-32.92247256871016,313.59872278930294,-85.40086161790121,0.026897000148892403,0.026897000148892403,0.0056050000712275505,0.0008999999845400453,13.588315,0.019363999366760254,0.01075000036507845,99.99,9.989999771118164,99.98999786376953,99.99,9.989999771118164,99.98999786376953,99.99,9.989999771118164,99.98999786376953,99.99,9.989999771118164,99.98999786376953,0.6859999895095825,-0.03849999979138374,99.98999786376953,1.6390620470046997,2220879.0,761667.0,135565109.0,4.972311019897461,2.0,1.0,2.0,0.0,0.0,0.0,0.0,-1.0,47664.2299541,0.07508767356695242
631,80.906945,-68.777267,3.6759384714249537,3.6770322988037942,14.987286729536528,14.986316250261664,0.0,11209.121044185064,1994.8009399037285,0.0,11209.121044185064,2070.266085657577,0.0,11209.121044185064,2142.6704844660217,0.0,0.4134657196537397,3.468727818987074,3.8821935386408137,0.1222666613476874,0.6528060150808228,3.3624038397993283,4.015209854880151,0.1927866709218495,0.9145663804586386,766.3821559371394,0.0,0.0733129592858239,3.6031834774403024,4.036948902189321,,,,0,80.90704540540031,-68.77729809267015,279.3162494925275,-33.058720684498084,323.16556954443945,-85.90116178151209,0.013213999569416046,0.013213999569416046,0.029650000855326653,0.04223199933767319,17.477383,0.004308000206947327,0.05503400042653084,14.909296,0.0021879998967051506,0.12186700105667114,99.99,9.989999771118164,99.98999786376953,99.99,9.989999771118164,99.98999786376953,99.99,9.989999771118164,99.98999786376953,5.413455009460449,0.972773015499115,0.03999999910593033,0.5670949816703796,2220894.0,759855.0,135569368.0,54.28706359863281,22.0,3.0,11.0,11.0,0.0,0.0,0.0,2.0,47553.3360,0.17219136883194433
632,80.984144,-65.937645,4.453586638497317,4.450596388800617,14.7789046411118,14.779109572230505,0.0,14953.022895965085,1982.711282246344,0.0,14953.022895965085,2057.95078900667,0.0,14953.022895965085,2130.143841000816,0.0,0.4728767389938308,4.215955052299089,4.68883179129292,0.1155680585288276,0.7992057839765332,4.060660126318552,4.859865910295085,0.1949199999999997,1.056561185916364,410.8078238153812,0.0,0.0868557246998481,3.603421500547535,4.155489602819758,,,,0,80.98430509233594,-65.93770845903872,275.9563389505436,-33.474232070771485,5.588159901954182,-86.31917308342736,0.013760999776422977,0.013760999776422977,0.010338000021874905,0.0249439999461174,18.14161,0.010851999744772911,0.11458799988031387,14.817483,0.0019399999873712659,0.018888000398874283,99.99,9.989999771118164,99.98999786376953,99.99,9.989999771118164,99.98999786376953,99.99,9.989999771118164,99.98999786376953,0.9837499856948853,-0.012249999679625034,99.98999786376953,0.1351509988307953,2187860.0,751965.0,135639875.0,54.52699661254883,4.0,1.0,2.0,2.0,0.0,0.0,0.0,-1.0,46937.865194,0.3287886208836151
633,80.987903,-69.777115,3.2714650306530104,3.272553690846342,15.114034793500144,15.113,0.0,8603.491851127976,1999.8382164524965,0.0,8603.491851127976,2075.397175122004,0.0,8603.491851127976,2147.8894447641073,0.0,0.4190074544140292,3.0623468249875043,3.4813542794015335,0.1390128426987225,0.6362114069892666,2.9534043108677865,3.589615717857053,0.2122631896410798,0.9204713235639002,952.6390546112096,0.0,0.0917996653157456,3.640005471760203,4.10514703516678,,,,0,80.98785149251508,-69.77713470169273,280.4827534869108,-32.85269552032059,312.05403275368974,-85.36328941012319,0.013306999579071999,0.013306999579071999,0.06194800138473511,0.026583999395370483,20.774555,0.0500900000333786,0.03352700173854828,17.83428,0.008786000311374664,0.40477699041366577,16.292994,0.005927999969571829,0.3242650032043457,14.761673,0.04693000018596649,0.11714000254869461,13.953927,0.39684900641441345,99.98999786376953,9.655749320983887,1.1825499534606934,0.04230799898505211,0.7667070031166077,2220866.0,761667.0,135565057.0,41.07936477661133,20.0,3.0,2.0,5.0,7.0,5.0,1.0,2.0,47664.172187,0.0955978256243842
634,80.988021,-69.776245,3.1951769276331468,3.194166756395565,15.139721909977888,15.139227044418234,0.0,9003.567746525878,1996.81585620705,0.0,9003.567746525878,2072.31854142888,0.0,9003.567746525878,2144.758101958669,0.0,0.4219957510727101,2.983747582526865,3.4057433335995753,0.1439799741827254,0.6435202863673348,2.8776412318274187,3.5211615181947535,0.2191315659062329,0.9659771657167128,952.1480346690508,0.0,0.0639648179318583,3.748512753558184,4.213079692568382,,,,1,80.98789726427111,-69.77628014405303,280.48174991885924,-32.85283609378073,312.0620573398276,-85.36384598301665,0.015636999160051346,0.015636999160051346,0.08766400068998337,0.11173500120639801,20.277136,0.04571299999952316,0.028829000890254974,16.803242,0.010467000305652618,0.1986510008573532,15.300145,0.006341000087559223,0.288673996925354,14.602693,0.0864349976181984,0.7781670093536377,13.114348,0.08366099745035172,0.45942801237106323,14.080951690673828,1.6710909605026245,0.05000000074505806,0.7716820240020752,2220866.0,761667.0,135565057.0,86.7251205444336,22.0,3.0,2.0,5.0,7.0,5.0,3.0,2.0,47664.221910,0.19929520241654602
635,81.00443,-71.160744,14.36493536592997,14.362819306698988,13.507415207814637,13.50715575613468,0.0,136691.0966849641,1995.8083990036548,0.0,136691.0966849641,2071.292316877538,0.0,136691.0966849641,2143.714298780235,0.0,1.524855429881093,13.614301650922194,15.139157080803288,0.1155993222951838,2.363689807236131,13.172600192763868,15.53629,0.1793813995244448,3.466128485746852,483.8458189755811,0.0,0.4913551577612012,3.616300393548117,4.393259097522653,,,,0,81.00439773012863,-71.16081177816359,282.09616165841726,-32.58427541005607,301.0558159082907,-84.38327186652502,0.006291000172495842,0.006291000172495842,0.01827000081539154,0.01613599993288517,20.059168,0.021894000470638275,0.07849200069904327,17.362295,0.002985999919474125,0.010289999656379223,16.187634,0.003198999911546707,0.022942999377846718,15.725883,0.0035310001112520695,0.1687290072441101,15.424659,0.0028540000785142183,0.12417300045490265,2.115093946456909,0.017062000930309296,0.05999999865889549,0.21006900072097778,2167201.0,765100.0,135387185.0,36.85813903808594,32.0,3.0,3.0,7.0,8.0,7.0,7.0,2.0,47771.384227,0.24686824654068978
636,81.007614,-69.85527,7.102006621386617,7.102,14.271869700142508,14.27176332411364,0.0,12340.783458004902,1998.8307649300275,0.0,12340.783458004902,2074.3709705460396,0.0,12340.783458004902,2146.845674942135,0.0,0.5132394051908831,6.854,7.367239405190883,0.0782366758863588,0.7533312986685914,6.748854738239947,7.502186036908539,0.1148927482977857,1.0703801977638,798.1779729194893,0.0,0.0124987456542532,3.616300393548117,4.054059097522652,,,,1,81.00769215883922,-69.8552812450217,280.57270559715386,-32.8316672400919,311.26266558883117,-85.3183253088825,0.01760300062596798,0.01760300062596798,0.04087299853563309,0.03888700157403946,18.102404,0.027800999581813812,0.005537000019103289,14.98034,0.006087000016123056,0.018838999792933464,99.99,9.989999771118164,99.98999786376953,99.99,9.989999771118164,99.98999786376953,99.99,9.989999771118164,99.98999786376953,2.0088000297546387,0.20419999957084656,99.98999786376953,0.5996530055999756,2220866.0,762550.0,135564527.0,98.50284576416016,5.0,1.0,2.0,3.0,0.0,0.0,0.0,-1.0,47664.1833323,0.10501842919860602
637,81.067416,-69.658638,7.501902233817008,7.502386709573427,14.212423067360202,14.212,0.0,16009.192486779968,2007.8977606855392,0.0,16009.192486779968,2083.6065728141434,0.0,16009.192486779968,2156.2392043794785,0.0,0.5618452653113222,7.222082442778501,7.783927708089824,0.0810360816858022,0.8495678650135599,7.091438169339644,7.941006034353204,0.1228023898317296,1.2063770273953658,799.7988932344336,0.0,0.1389993053459531,3.621714009931271,4.231834734924431,,,,1,81.06741162484936,-69.65863760417201,280.3380865455189,-32.8470686737715,312.98510535356775,-85.45949045706521,0.03169399872422218,0.03169399872422218,0.008654000237584114,0.007046000100672245,17.67274,0.020316999405622482,0.004813000094145536,99.99,9.989999771118164,99.98999786376953,99.99,9.989999771118164,99.98999786376953,99.99,9.989999771118164,99.98999786376953,99.99,9.989999771118164,99.98999786376953,0.9254999756813049,-0.025499999523162842,99.98999786376953,2.015450954437256,2220879.0,762111.0,135564783.0,16.44930648803711,2.0,1.0,2.0,0.0,0.0,0.0,0.0,-1.0,47664.2299550,0.0056574863962144135
638,81.086366,-67.662697,4.201723694593027,4.197230001289659,14.842195464777534,14.842776888808972,0.0,10007.00869756114,1971.6288538095191,0.0,10007.00869756114,2046.660915270803,0.0,10007.00869756114,2118.659662082512,0.0,0.4992485473604042,3.959683900110544,4.458932447470948,0.1291267340654247,0.7550235282351041,3.834442914638912,4.589466442874016,0.1952379729315012,1.088434362972611,947.8035599573242,0.0,0.0772612536926962,3.6072877860659793,4.002409890129952,,,,1,81.08639208141672,-67.66270903549865,277.99065713233324,-33.17749994264568,338.29229317480747,-86.36598081409933,0.017347000539302826,0.017347000539302826,0.009843000210821629,0.023632999509572983,18.002056,0.010842000134289265,0.003404000075533986,14.914581,0.007300000172108412,99.98999786376953,99.99,9.989999771118164,99.98999786376953,99.99,9.989999771118164,99.98999786376953,99.99,9.989999771118164,99.98999786376953,1.039667010307312,-0.07500000298023224,99.98999786376953,0.32726699113845825,2220988.0,756529.0,135590164.0,16.881725311279297,3.0,1.0,2.0,1.0,0.0,0.0,0.0,-1.0,47195.1638912,0.056131157391726645
639,81.107683,-69.514938,5.077553018621002,5.076,14.636276735540564,14.636563250493037,0.0,9915.28959508736,1994.8009399037285,0.0,9915.28959508736,2070.266085657577,0.0,9915.28959508736,2142.6704844660217,0.0,0.4246871009904271,4.872212697411895,5.296899798402322,0.0909159122311251,0.6359083315568936,4.77032,5.4062283315568935,0.1361484948323656,0.9353369887181788,766.3821559371394,0.0,0.0564123926948784,3.613507745408742,4.092621606292015,,,,1,81.10774330813896,-69.51498271115634,280.166845912573,-32.85893667610453,314.3186537946396,-85.55916216338244,0.02355399914085865,0.02355399914085865,0.033160001039505005,0.033277999609708786,17.98301,0.020694000646471977,0.008651000447571278,14.843977,0.007542999926954508,0.03436800092458725,99.99,9.989999771118164,99.98999786376953,99.99,9.989999771118164,99.98999786376953,99.99,9.989999771118164,99.98999786376953,1.3907500505447388,-0.06224999949336052,99.98999786376953,0.6002119779586792,2220869.0,761220.0,135567893.0,69.89383697509766,4.0,1.0,2.0,2.0,0.0,0.0,0.0,-1.0,47553.1907962,0.17799202641614
640,81.121322,-72.285049,7.338216327148918,6.538,14.286843937461096,14.361107764873482,0.0,1003930.4873496958,1452.4671684106145,0.0,1003930.4873496958,1517.0257965486398,0.0,1003930.4873496958,1579.215023152638,0.0,7.017398756435277,4.660582790164064,11.67798154659934,0.99700262323295,8.284052888971935,4.438018069796617,12.722070958768551,1.1433580312280238,9.161795626904071,21.265135824295612,0.0,1.3043534053108925,3.753613682415456,4.037257884895931,,,,1,81.12146163852287,-72.28502544031743,283.39205968878184,-32.32079168130444,294.49236916111903,-83.4955343941047,0.014690999872982502,0.014690999872982502,0.057902999222278595,0.14444400370121002,16.511986,0.0036239998880773783,0.06446799635887146,14.610147,0.001661999966017902,1.3159949779510498,99.99,9.989999771118164,99.98999786376953,99.99,9.989999771118164,99.98999786376953,99.99,9.989999771118164,99.98999786376953,1.7144290208816528,-0.2330709993839264,0.009999999776482582,0.10699299722909927,2167567.0,767507.0,135370624.0,43.243648529052734,14.0,3.0,7.0,7.0,0.0,0.0,0.0,2.0,47973.1235927,0.17490270897262983
641,81.135044,-68.498512,11.406345784903436,11.385316300037,13.757688358194123,13.759,0.0,69269.11730657879,2020.9942638611788,0.0,69269.11730657879,2096.945943196926,0.0,69269.11730657879,2169.8060594124045,0.0,1.1218098601137356,10.885740087617512,12.007549947731247,0.1067882977572605,1.5754382281252592,10.7076,12.28303822812526,0.1496753898944671,2.268383490528759,103.87932640029872,0.0,0.3147891457059161,3.6238037555874847,4.44748729543865,,,,0,81.13515159712334,-68.4985348272145,278.9717107115399,-33.02413134690363,326.18601020499045,-86.10189060368499,0.014698999933898449,0.014698999933898449,0.0169489998370409,0.011870999820530415,17.20686,0.0033199999015778303,0.06460700184106827,99.99,9.989999771118164,99.98999786376953,99.99,9.989999771118164,99.98999786376953,99.99,9.989999771118164,99.98999786376953,99.99,9.989999771118164,99.98999786376953,0.9566670060157776,-0.061000000685453415,0.9800000190734863,1.2969549894332886,2220995.0,758925.0,135580565.0,13.028695106506348,6.0,3.0,6.0,0.0,0.0,0.0,0.0,2.0,47438.262155,0.16404166409410756
642,81.156232,-69.532639,17.800499349923882,17.800931054376775,13.274103952953984,13.274,0.0,39031.468809740174,2009.9126279222112,0.0,39031.468809740174,2085.6588560563087,0.0,39031.468809740174,2158.326533769115,0.0,0.8431943404780462,17.376123852823433,18.21931819330148,0.0518461446916642,1.2352367212562605,17.169240000000002,18.404476721256263,0.0751899999999992,1.8732592828928567,292.44651046839897,0.0,0.227186705188905,3.899715370721247,4.141113830606539,,,,1,81.15629261066067,-69.5326586353088,280.18396309634795,-32.839085111129265,314.00385770520097,-85.56182924418826,0.026520999148488045,0.026520999148488045,0.00470399996265769,0.02042200043797493,13.971731,0.019361000508069992,0.003148999996483326,99.99,9.989999771118164,99.98999786376953,99.99,9.989999771118164,99.98999786376953,13.498425,0.02236500009894371,99.98999786376953,99.99,9.989999771118164,99.98999786376953,0.7543330192565918,-0.00966699980199337,0.0,0.6595519781112671,2220878.0,761668.0,135567551.0,62.857635498046875,3.0,3.0,2.0,0.0,0.0,1.0,0.0,2.0,47553.1353119,0.10401002046735718
643,81.184848,-69.630096,46.2097672888977,46.18602726495444,12.23829438910894,12.238878364770532,0.0,122263.66939537328,2012.934914707355,0.0,122263.66939537328,2088.7372314467766,0.0,122263.66939537328,2161.457445239824,0.0,1.7116858980926253,45.40012079810758,47.111806696200205,0.0405074295006748,2.544600809236421,44.984460944136714,47.529061753373135,0.0594027119560376,3.460030756161551,954.7554223176944,0.0,0.3002367326548069,3.8498872844083856,4.496544793368939,,,,0,81.18494921095945,-69.63012674164354,280.2959979187426,-32.81194523356945,312.94195841117966,-85.50921881189801,0.031518999487161636,0.031518999487161636,0.0008270000107586384,0.017602000385522842,13.093196,0.019368000328540802,0.004687999840825796,99.99,9.989999771118164,99.98999786376953,99.99,9.989999771118164,99.98999786376953,99.99,9.989999771118164,99.98999786376953,99.99,9.989999771118164,99.98999786376953,0.6940000057220459,-0.030500000342726707,99.98999786376953,1.6523929834365845,2220878.0,761668.0,135567522.0,2.99337100982666,2.0,1.0,2.0,0.0,0.0,0.0,0.0,-1.0,47553.2322614,0.16832311633173186
644,81.271244,-72.03624,8.4299506114269,8.428061533000466,14.08572631961392,14.08569967698661,0.0,23665.77125021185,3436.030993385394,0.0,23665.77125021185,3534.7256779496324,0.0,23665.77125021185,3628.8898127999696,0.0,0.5720396561715777,8.150987458417402,8.72302711458898,0.0736616469897697,0.9017905639700804,7.990946292958667,8.892736856928748,0.1161155598923837,1.2456166842834877,1230.9102297618865,1.0,0.0733925948826272,3.940317457056886,4.013884121938366,,,,0,81.27123179990407,-72.03627008145475,283.0928083112983,-32.32682356233949,295.3709148436332,-83.72884447598378,0.012586000375449657,0.012586000375449657,0.011622999794781208,0.022957999259233475,15.036719,0.002598999999463558,0.009743000380694866,14.063372,0.0064409999176859856,99.98999786376953,--,9.989999771118164,99.98999786376953,--,9.989999771118164,99.98999786376953,--,9.989999771118164,99.98999786376953,0.9833750128746033,-0.03474999964237213,0.0,0.13374599814414978,2167607.0,767116.0,135381566.0,90.66780090332031,8.0,3.0,7.0,1.0,0.0,0.0,0.0,2.0,47874.950393,0.10913712093041565
645,81.279504,-66.04464,17.9430967137133,17.933100118345145,13.265430145838277,13.265878982833677,0.0,53007.478136138045,2547.644585356746,0.0,53007.478136138045,2632.783033904725,0.0,53007.478136138045,2714.248341263052,0.0,0.8723774392562262,17.53805758263433,18.410435021890557,0.0522380684421452,1.2966593617978113,17.35845844744448,18.65511780924229,0.0783291088413502,1.8874556760379413,1361.0882354555113,0.0,0.0454227868007457,3.899715370721247,4.087913830606539,,,,0,81.27948309776657,-66.04460460708621,276.0632671158074,-33.34050296880671,4.366965332655099,-86.46038347335511,0.0168210007250309,0.0168210007250309,0.017580000683665276,0.019001999869942665,14.013655,0.003507999936118722,0.010885000228881836,99.99,9.989999771118164,99.98999786376953,99.99,9.989999771118164,99.98999786376953,99.99,9.989999771118164,99.98999786376953,99.99,9.989999771118164,99.98999786376953,0.9193329811096191,-0.09966699779033661,99.98999786376953,0.5648459792137146,2187890.0,752489.0,135639490.0,11.783234596252441,3.0,1.0,3.0,0.0,0.0,0.0,0.0,-1.0,46937.839827,0.13102638231941655
646,81.284448,-67.644135,34.07243737814035,30.13745088675334,12.64162993314006,12.702176362798305,1.0,9514418.942969956,1988.7561453958103,0.0,9514418.942969956,2064.1085580113618,0.0,9514418.942969956,2136.407364252774,0.0,37.83861011973025,19.36138988026975,57.2,1.1766315178746396,42.87634352690482,18.592494815665116,61.46883834256994,1.2977609727553148,46.91825413283181,48.10395625726892,0.0,3.194483061394719,3.7471390220624095,4.636240905959788,,,,1,81.28447545807005,-67.64414802835873,277.9547278529675,-33.10600538637098,338.29796952547605,-86.44354634211716,0.02305700071156025,0.02305700071156025,0.0005280000041238964,0.0017989999614655972,15.143094,0.00495600001886487,0.005400000140070915,99.99,9.989999771118164,99.98999786376953,99.99,9.989999771118164,99.98999786376953,99.99,9.989999771118164,99.98999786376953,99.99,9.989999771118164,99.98999786376953,0.6200000047683716,0.013500000350177288,99.98999786376953,0.4959090054035187,2220981.0,757017.0,135584752.0,51.3359489440918,2.0,1.0,2.0,0.0,0.0,0.0,0.0,-1.0,47319.739850,0.06011171034958501
647,81.294778,-66.265808,23.365529689060512,23.354053769478085,12.978712100469757,12.979237773477012,0.0,63786.7473254325,2550.664365906028,0.0,63786.7473254325,2635.8525966310467,0.0,63786.7473254325,2717.364536007611,0.0,0.9736687019127076,22.90287262895951,23.876541330872215,0.0450227831512375,1.4732559735463973,22.68311745615082,24.15637342969722,0.0685028592658056,2.149857824234296,883.65141994299,0.0,0.1557840253340886,3.850581980950889,4.142115824280845,,,,0,81.29485766680739,-66.2658062548411,276.3244502676434,-33.30391428624985,0.8397612701048247,-86.50715774887675,0.028057999908924103,0.028057999908924103,99.98999786376953,99.98999786376953,13.962227,0.010648000054061413,99.98999786376953,99.99,9.989999771118164,99.98999786376953,99.99,9.989999771118164,99.98999786376953,99.99,9.989999771118164,99.98999786376953,99.99,9.989999771118164,99.98999786376953,0.8809999823570251,-0.07599999755620956,99.98999786376953,1.6769510507583618,2187903.0,753008.0,135639103.0,43.01171112060547,1.0,1.0,1.0,0.0,0.0,0.0,0.0,-1.0,46937.919522,0.11560636475728421
648,81.320819,-69.582993,27.432079098982832,27.439084624876735,12.804486559442168,12.804160640187543,0.0,46328.79951869706,2010.920058725154,0.0,46328.79951869706,2086.6849877778413,0.0,46328.79951869706,2159.3701819328467,0.0,0.978041447510229,26.93490350942084,27.91294495693107,0.0385764474585315,1.4883667211577496,26.7203,28.208666721157748,0.0588393598124579,2.039999999999999,15.27894582671925,1.0,0.3241069682806813,3.9106847375962497,4.191611535138102,,,,0,81.3209626467444,-69.58298231013707,280.230849971052,-32.77360869737322,313.0311822682615,-85.57570851141566,0.051031000912189484,0.051031000912189484,99.98999786376953,99.98999786376953,14.168859,0.027455000206828117,99.98999786376953,99.99,9.989999771118164,99.98999786376953,99.99,9.989999771118164,99.98999786376953,99.99,9.989999771118164,99.98999786376953,99.99,9.989999771118164,99.98999786376953,0.9179999828338623,-0.0860000029206276,99.98999786376953,0.7327889800071716,2220878.0,761668.0,135567518.0,40.72494125366211,1.0,1.0,1.0,0.0,0.0,0.0,0.0,-1.0,47553.2786812,0.1844594111501421
649,81.351781,-66.568855,9.90109930264725,9.900938342366782,13.911022547519725,13.911100294856002,0.0,21540.511437747897,2540.598384798617,0.0,21540.511437747897,2625.6205593238706,0.0,21540.511437747897,2706.9769503964226,0.0,0.5847184840644388,9.614525367459388,10.199243851523828,0.0634980915317946,0.8537683158753744,9.482196389416272,10.335964705291646,0.0939379544160488,1.2985540774455,1.759168058860482,1.0,0.1768007253939858,3.752261436485627,4.008002947483818,,,,1,81.35180996247352,-66.56885364707658,276.679532743982,-33.238948242374846,355.8959029104082,-86.56325066387134,0.010823000222444534,0.010823000222444534,0.015017000027000904,0.00816699955612421,15.365834,0.00279600010253489,0.009549000300467014,99.99,9.989999771118164,99.98999786376953,99.99,9.989999771118164,99.98999786376953,99.99,9.989999771118164,99.98999786376953,99.99,9.989999771118164,99.98999786376953,1.2481670379638672,-0.0005000000237487257,0.9800000190734863,0.47331199049949646,2187851.0,753523.0,135636235.0,16.597604751586914,6.0,3.0,6.0,0.0,0.0,0.0,0.0,2.0,47068.1425443,0.04174569589841958
650,81.353718,-69.862534,9.250854540520336,9.24261322145298,13.984791480906994,13.985183970805524,0.0,12136.508739809138,2007.8977606855392,0.0,12136.508739809138,2083.6065728141434,0.0,12136.508739809138,2156.2392043794785,0.0,0.5331758168198846,8.997,9.530175816819884,0.0628666606707017,0.8331893753155377,8.840550615339668,9.673739990655204,0.0976699988662126,1.2322855061657076,336.9719504447953,0.0,0.1244286294660825,3.6369576109477855,4.024537258273296,,,,1,81.35376524082993,-69.86255932968415,280.5556587694408,-32.71314455154819,310.2270242069064,-85.40340001553285,0.012879000045359135,0.012879000045359135,0.018612999469041824,0.02418000064790249,17.720951,0.020176000893115997,0.0074800001457333565,14.758708,0.00762300007045269,0.0532119981944561,13.347711,0.02356800064444542,0.1483680009841919,12.175059,0.04602000117301941,99.98999786376953,12.899033,0.0728669986128807,99.98999786376953,7.049084186553955,0.42616701126098633,0.1599999964237213,1.1186929941177368,2220864.0,762111.0,135564673.0,24.404760360717773,12.0,3.0,2.0,5.0,3.0,1.0,1.0,2.0,47664.1833766,0.10836555932499933
651,81.401093,-69.037949,8.394966479890423,8.391,14.090151035717929,14.090507294837783,0.0,11149.956543950868,1997.8233115153591,0.0,11149.956543950868,2073.3447593166884,0.0,11149.956543950868,2145.8018940098104,0.0,0.4331037635441657,8.180638900864993,8.613742664409159,0.0555260329356581,0.6702188946773493,8.069668669805194,8.739887564482544,0.08614007404638,0.915984712789898,2.596119756867864,0.0,0.1283959598863979,3.60876265886993,4.016690404596402,,,,0,81.40113526536648,-69.0379517160629,279.58621038104116,-32.83909530621306,318.7479327505831,-85.9201508113529,0.010507999919354916,0.010507999919354916,0.011328999884426594,0.02487099915742874,18.356134,0.012858999893069267,0.04516499862074852,15.109536,0.003452999982982874,0.0894709974527359,13.494259,0.010437999852001667,0.14384999871253967,99.99,9.989999771118164,99.98999786376953,99.99,9.989999771118164,99.98999786376953,2.4359169006347656,0.05933300033211708,0.9700000286102295,0.637507975101471,2220891.0,760315.0,135568812.0,41.624210357666016,12.0,3.0,3.0,6.0,3.0,0.0,0.0,2.0,47553.180609,0.0553047082699366
652,81.40648,-65.975014,17.452374045008725,17.446617731839005,13.2955300257862,13.295889819819248,0.0,48677.880991444355,2537.5785648184624,0.0,48677.880991444355,2622.5508579442862,0.0,48677.880991444355,2703.860524098518,0.0,0.8043795072189646,17.06267392707058,17.867053434289545,0.049891349509977,1.2276858661477306,16.86805,18.09573586614773,0.0757502354084032,1.623486119501667,851.903145969173,0.0,0.1105763640120748,3.9212714055092137,4.154548162703316,,,,0,81.40651030034844,-65.9749969448876,275.972383962297,-33.2987278443167,5.659496595595536,-86.49513116522816,0.011087999679148197,0.011087999679148197,0.00737199978902936,0.00976799987256527,14.061922,0.0029460000805556774,0.015290999785065651,99.99,9.989999771118164,99.98999786376953,99.99,9.989999771118164,99.98999786376953,99.99,9.989999771118164,99.98999786376953,99.99,9.989999771118164,99.98999786376953,1.4213329553604126,0.0041669998317956924,0.0,0.5427209734916687,2187861.0,751966.0,135640106.0,37.93150329589844,6.0,3.0,6.0,0.0,0.0,0.0,0.0,2.0,46937.812740,0.07577654099882901
653,81.421781,-69.241486,28.47023444930978,28.476,12.764184947380372,12.763965475033608,0.0,79614.99731423121,2006.8903242489632,0.0,79614.99731423121,2082.5804212835037,0.0,79614.99731423121,2155.195523136867,0.0,1.276680077001526,27.81211825942324,29.08879833642477,0.0482010385519764,1.9961766555835716,27.4379,29.43407665558357,0.0763053355839638,2.737523978325992,192.59447277104707,1.0,0.2411552769803995,3.764216495913198,4.408113342103172,,,,0,81.42181179124617,-69.24148760864495,279.82345523585377,-32.797512989524066,316.3629683121201,-85.81095382985345,0.024284999817609787,0.024284999817609787,0.01672299951314926,0.05284399911761284,14.192604,0.020034000277519226,0.022206999361515045,99.99,9.989999771118164,99.98999786376953,99.99,9.989999771118164,99.98999786376953,99.99,9.989999771118164,99.98999786376953,99.99,9.989999771118164,99.98999786376953,1.965499997138977,-0.09149999916553497,99.98999786376953,0.883059024810791,2220920.0,760770.0,135568549.0,94.43370056152344,2.0,1.0,2.0,0.0,0.0,0.0,0.0,-1.0,47553.2320132,0.03971254379613396
654,81.460458,-66.405823,5.079293949472844,5.081,14.636097986580335,14.635095502131342,0.0,17379.003770361072,2534.5587329629866,0.0,17379.003770361072,2619.4811148067806,0.0,17379.003770361072,2700.744028064217,0.0,0.5249068262535381,4.813045318927622,5.33795214518116,0.1121050498917579,0.8071987369562015,4.680769853560669,5.4879685905168705,0.1729552726110075,1.1436683857572651,323.3888728397754,0.0,0.135313170594991,3.60294592198059,4.126810113238743,,,,0,81.46051138671311,-66.40580019134971,276.47928411764957,-33.218726373253666,358.68184033062175,-86.59174555086787,0.007331999950110912,0.007331999950110912,0.014042000286281109,0.03001200035214424,17.84993,0.007592000067234039,0.03984399884939194,14.748567,0.0028200000524520874,0.0716560035943985,99.99,9.989999771118164,99.98999786376953,99.99,9.989999771118164,99.98999786376953,99.99,9.989999771118164,99.98999786376953,1.5855449438095093,0.10627300292253494,0.9300000071525574,0.8616009950637817,2187850.0,753008.0,135639048.0,71.06375122070312,11.0,3.0,6.0,5.0,0.0,0.0,0.0,2.0,46937.796180,0.11251605160959689
655,81.495743,-66.038406,20.1913127841953,20.18162883473367,13.137255688127889,13.137844257633448,0.0,48807.39427066073,2550.664365906028,0.0,48807.39427066073,2635.8525966310467,0.0,48807.39427066073,2717.364536007611,0.0,0.8742352637957929,19.773877096724373,20.64811236052017,0.0470609040078962,1.3159658978566746,19.5627631455537,20.878729043410377,0.0706505236293875,1.8420966510620076,883.65141994299,0.0,0.0915382258583188,3.897405023065981,4.142477841256737,,,,0,81.4957833774505,-66.03839315500505,276.0417537950811,-33.25430511828544,4.777056805051121,-86.54480889094599,0.01088900025933981,0.01088900025933981,0.02047399990260601,0.009460999630391598,13.968204,0.0036039999686181545,0.008143999613821507,99.99,9.989999771118164,99.98999786376953,99.99,9.989999771118164,99.98999786376953,99.99,9.989999771118164,99.98999786376953,99.99,9.989999771118164,99.98999786376953,1.187600016593933,0.007799999788403511,0.0,0.926393985748291,2187890.0,752489.0,135639409.0,29.38806915283203,5.0,3.0,5.0,0.0,0.0,0.0,0.0,2.0,46937.812736,0.07498869510411128
656,81.505768,-66.761322,30.801473307602283,30.78614379776212,12.6787987217582,12.67935332655526,0.0,165582.48944274025,2550.664365906028,0.0,165582.48944274025,2635.8525966310467,0.0,165582.48944274025,2717.364536007611,0.0,1.706007669226242,29.9665,31.67250766922624,0.0600516128779027,2.501029292150182,29.63316,32.13418929215018,0.0884666734447403,3.752193095893784,333.5990127086874,0.0,0.2629934090776386,3.8414015622777105,4.067847640896277,,,,0,81.50573772625705,-66.76132437118784,276.8969698193621,-33.1514532187668,352.6937462757136,-86.63147355405937,0.021239999681711197,0.021239999681711197,0.01329800020903349,0.00190100003965199,13.344413,0.00558099988847971,0.004534999839961529,99.99,9.989999771118164,99.98999786376953,99.99,9.989999771118164,99.98999786376953,99.99,9.989999771118164,99.98999786376953,99.99,9.989999771118164,99.98999786376953,0.7039999961853027,-0.01549999974668026,99.98999786376953,0.18439200520515442,2220417.0,754542.0,135630524.0,59.8278694152832,2.0,1.0,2.0,0.0,0.0,0.0,0.0,-1.0,47196.985223,0.043840641655486776
657,81.574316,-66.050484,23.202885012745995,23.199,12.986263595079429,12.986254437907643,0.0,37944.167375488934,2545.631391767117,0.0,37944.167375488934,2630.7366356978387,0.0,37944.167375488934,2712.170839596067,0.0,0.7603323367876484,22.830601259049544,23.590933595837193,0.035903844849356,1.1380982948667224,22.65469269378993,23.792790988656648,0.0530282827569994,1.5991414984571044,29.48841679641079,0.0,0.201884741114895,3.797808004913159,4.001716180723094,,,,1,81.574379230757,-66.05048398978555,276.05103634132786,-33.22107422687645,4.695299941749624,-86.57858062124971,0.006240000016987324,0.006240000016987324,0.009669999592006207,0.011301999911665916,14.596521,0.0036979999858886003,0.007368000224232674,13.40736,0.005809000227600336,0.01875999942421913,13.189922,0.008325999602675438,0.0042409999296069145,99.99,9.989999771118164,99.98999786376953,99.99,9.989999771118164,99.98999786376953,0.9594550132751465,0.030455000698566437,0.0,0.9882029891014099,2187901.0,752489.0,135639388.0,57.20917510986328,11.0,3.0,6.0,3.0,2.0,0.0,0.0,2.0,46937.708576,0.09240250031963955
658,81.600296,-68.04702,12.20141829884164,12.198606797989314,13.684218886853207,13.684422252295192,0.0,42165.898297600856,4218.21797750838,0.0,42165.898297600856,4327.450395879067,0.0,42165.898297600856,4431.4862188319485,0.0,0.7266485550454966,11.843756785447397,12.570405340492892,0.06478837386571,1.135689088516834,11.65050716654549,12.786196255062324,0.1009677761542349,1.5511333719161795,818.7047812407775,0.0,0.0299222149861137,3.613760328411615,4.20845034472243,,,,1,81.60025370261327,-68.04714398102165,278.4077541061118,-32.92632784001155,331.5254802632558,-86.43814913285692,0.013492000289261341,0.013492000289261341,0.041280001401901245,0.021201999858021736,16.027145,0.003984000068157911,0.03507699817419052,14.197939,0.011390999890863895,99.98999786376953,99.99,9.989999771118164,99.98999786376953,99.99,9.989999771118164,99.98999786376953,99.99,9.989999771118164,99.98999786376953,1.9490770101547241,0.21138499677181244,0.38999998569488525,0.40044501423835754,2220974.0,757500.0,135584280.0,9.199566841125488,13.0,3.0,12.0,1.0,0.0,0.0,0.0,2.0,47319.289277,0.4499472003438759
659,81.662074,-69.423714,12.841360886577233,12.8443713675915,13.628638457305074,13.62830212976768,0.0,21467.13615576752,2006.8903242489632,0.0,21467.13615576752,2082.5804212835037,0.0,21467.13615576752,2155.195523136867,0.0,0.6091627318653767,12.533890043474392,13.143052775339768,0.0516978702323189,0.9467037907809548,12.362840102304643,13.3095438930856,0.0800773634993632,1.2982363205631042,768.5630567152083,0.0,0.1263673541778307,3.610997038180849,4.2212548798727365,,,,0,81.6621686362181,-69.42371462199537,280.0199997824428,-32.68317790690035,313.6863631889832,-85.76857304647899,0.031043000519275665,0.031043000519275665,0.01281800027936697,0.018446000292897224,14.526933,0.01950399950146675,0.0035800000187009573,99.99,9.989999771118164,99.98999786376953,99.99,9.989999771118164,99.98999786376953,99.99,9.989999771118164,99.98999786376953,99.99,9.989999771118164,99.98999786376953,0.9614999890327454,-0.07249999791383743,99.98999786376953,0.3327620029449463,2220870.0,761221.0,135567721.0,89.48033142089844,2.0,1.0,2.0,0.0,0.0,0.0,0.0,-1.0,47553.2321412,0.11975799881067482
660,81.681947,-65.962448,24.900652343103843,24.889365365092164,12.90963455755161,12.910000000000002,0.0,151302.17582917263,3229.8497315356303,0.0,151302.17582917263,3325.571456036647,0.0,151302.17582917263,3416.9506020618637,0.0,1.1203935349296543,24.356460568278685,25.47685410320834,0.0484286377700939,1.6968382498054453,24.101770620481165,25.79860887028661,0.0740071550256136,2.4562228503884604,907.4437860099108,0.0,0.1606872525510818,3.870219864705275,4.260135401900596,,,,0,81.6819660112339,-65.96246804971065,275.93992794487906,-33.18916772865439,6.303662749790115,-86.60113262906629,0.023083999752998352,0.023083999752998352,0.0029800001066178083,0.0004729999927803874,13.801376,0.005113000050187111,0.00013499999477062374,99.99,9.989999771118164,99.98999786376953,99.99,9.989999771118164,99.98999786376953,99.99,9.989999771118164,99.98999786376953,99.99,9.989999771118164,99.98999786376953,0.9445000290870667,-0.05900000035762787,99.98999786376953,0.5373129844665527,2187868.0,751966.0,135640130.0,33.164207458496094,2.0,1.0,2.0,0.0,0.0,0.0,0.0,-1.0,46937.839869,0.07737568028446802
661,81.721598,-69.044411,20.36659703408635,20.354,13.127857643554464,13.128531353203334,0.0,35178.88128273908,2001.8531138265964,0.0,35178.88128273908,2077.4495643340233,0.0,35178.88128273908,2149.976951110803,0.0,0.8407116795044658,19.9673476131874,20.808059292691865,0.0447990914146725,1.2935857661976795,19.738241459648933,21.031827225846612,0.0690203057876832,1.743567849962627,473.2019991706594,0.0,0.1824818889111214,3.9106847375962497,4.116411535138101,,,,0,81.72159296255622,-69.04437685449372,279.5712435718468,-32.724980366635684,317.76270765292696,-86.01167864547892,0.016681000590324402,0.016681000590324402,0.010483999736607075,0.015867000445723534,13.653761,0.005032999906688929,0.0467820018529892,99.99,9.989999771118164,99.98999786376953,99.99,9.989999771118164,99.98999786376953,99.99,9.989999771118164,99.98999786376953,99.99,9.989999771118164,99.98999786376953,1.118499994277954,-0.1014999970793724,99.98999786376953,0.5860940217971802,2220888.0,760315.0,135568746.0,2.6372880935668945,4.0,1.0,4.0,0.0,0.0,0.0,0.0,-1.0,47553.2318607,0.12309480857995402
662,81.732915,-69.980225,11.52929306648524,10.352,13.79353795751388,13.862000000000002,0.0,2329540.930860202,2023.009082512246,0.0,2329540.930860202,2098.9980556011988,0.0,2329540.930860202,2171.8931035224955,0.0,11.092616636458583,7.63969201050951,18.732308646968093,0.9733639868011236,12.234653410603606,7.3989657487317375,19.633619159335343,1.059175260974181,13.121551171311754,28.10239515188795,0.0,1.0552834334123633,3.7912336382022582,4.200190413172228,,,,0,81.73290608669693,-69.9802092752492,280.6661748219554,-32.564407645232585,308.04196819489636,-85.41834224578584,0.026038000360131264,0.026038000360131264,0.06041799858212471,0.0146289998665452,16.690004,0.01423299964517355,0.6659280061721802,14.712706,0.005563000217080116,99.98999786376953,99.99,9.989999771118164,99.98999786376953,99.99,9.989999771118164,99.98999786376953,99.99,9.989999771118164,99.98999786376953,1.403249979019165,0.1757500022649765,99.98999786376953,0.5424910187721252,2167680.0,762550.0,135564373.0,94.37897491455078,4.0,1.0,3.0,1.0,0.0,0.0,0.0,-1.0,47664.2301794,0.057665096005713186
663,81.74923,-69.082756,15.4461490322819,15.444232110868471,13.42811850765765,13.428023118708325,0.0,22254.05725313355,2002.8605596811024,0.0,22254.05725313355,2078.475748980187,0.0,22254.05725313355,2151.020687652402,0.0,0.666580592368403,15.11256616760132,15.779146759969722,0.0470069356124973,1.0530846420285729,14.934062311262744,15.987146953291315,0.0740782861384499,1.3758233658641128,413.8451204118939,1.0,0.151054689974137,3.837217574730858,4.0565392720104025,,,,0,81.74937383502795,-69.08277294664431,279.61435805476617,-32.70895000148387,317.22903043840364,-85.99788578087569,0.020552000030875206,0.020552000030875206,0.017626000568270683,0.01689700037240982,14.395585,0.004298000130802393,0.03543100133538246,99.99,9.989999771118164,99.98999786376953,99.99,9.989999771118164,99.98999786376953,13.06836,0.15070700645446777,99.98999786376953,99.99,9.989999771118164,99.98999786376953,4.056857109069824,0.3998570144176483,0.0,0.6240659952163696,2220888.0,760315.0,135568700.0,26.13007354736328,7.0,3.0,6.0,0.0,0.0,1.0,0.0,2.0,47553.2784805,0.1946731452264887
664,81.76531,-66.011261,21.799968465926195,21.795261938572317,13.054031297230324,13.054036625496137,0.0,65515.29134324871,3239.908219002156,0.0,65515.29134324871,3335.7771425470833,0.0,65515.29134324871,3427.2941799242017,0.0,0.936766235255579,21.348692278252827,22.28545851350841,0.0463790637511962,1.431204750820697,21.122141519805623,22.55334627062632,0.0713790637511984,2.0201421685316276,389.4490767474005,0.0,0.2494089893209841,3.9482999604278866,4.1578402555164695,,,,1,81.76537246864277,-66.01127096451431,275.9925360482364,-33.14923524976847,5.633125645977084,-86.64556300208653,0.008684000000357628,0.008684000000357628,0.010250999592244625,0.009863999672234058,14.20486,0.0035979999229311943,0.010966000147163868,99.99,9.989999771118164,99.98999786376953,13.515595,0.009335000067949295,99.98999786376953,99.99,9.989999771118164,99.98999786376953,13.424815,0.015312000177800655,99.98999786376953,1.3011430501937866,0.041857000440359116,0.0,0.5775989890098572,2187866.0,752490.0,135634620.0,7.441448211669922,7.0,3.0,5.0,0.0,1.0,0.0,1.0,2.0,47069.931698,0.09821486355849575
665,81.775145,-66.746681,11.31607473168664,11.320342309784374,13.76626560297575,13.765528060106137,0.0,73473.07101268118,3249.9666152175264,0.0,73473.07101268118,3345.9825081748904,0.0,73473.07101268118,3437.63722187193,0.0,1.0346621077684262,10.77971990555978,11.814382013328206,0.0996015391155715,1.537357363514273,10.537797028919398,12.07515439243367,0.147701945632992,2.424222587453894,817.0439982455672,0.0,0.2891803463475181,3.603183477440297,4.370948902189321,,,,0,81.77519765815885,-66.74669191778943,276.862091949253,-33.04815366579487,352.962984173677,-86.73769077396695,0.011074000038206577,0.011074000038206577,0.016820000484585762,0.007584000006318092,17.516935,0.004521000199019909,0.020563000813126564,99.99,9.989999771118164,99.98999786376953,99.99,9.989999771118164,99.98999786376953,99.99,9.989999771118164,99.98999786376953,99.99,9.989999771118164,99.98999786376953,0.9003329873085022,0.0346670001745224,0.029999999329447746,0.17128600180149078,2187842.0,754542.0,135630545.0,6.375863075256348,6.0,3.0,6.0,0.0,0.0,0.0,0.0,2.0,47196.755734,0.08453428604122121
666,81.879173,-66.582611,17.048682944656385,17.04491298200376,13.321005060517567,13.321000000000002,0.0,67264.23270544985,3238.9023743688595,0.0,67264.23270544985,3334.7565883605616,0.0,67264.23270544985,3426.259846295544,0.0,0.9562860353718676,16.582179992050065,17.538466027421933,0.0606848576073737,1.473268374833456,16.3401323547804,17.813400729613857,0.093974197805112,2.0976287743741757,934.9032982847996,0.0,0.1226480410715169,3.9297661631120535,4.030797173457369,,,,0,81.87917509366947,-66.58260139519216,276.6615232164102,-33.029393598544765,355.8854348307879,-86.77334639561869,0.016656000167131424,0.016656000167131424,0.012726999819278717,0.012609999626874924,14.137904,0.004770999774336815,0.02396400086581707,99.99,9.989999771118164,99.98999786376953,99.99,9.989999771118164,99.98999786376953,99.99,9.989999771118164,99.98999786376953,99.99,9.989999771118164,99.98999786376953,0.6766669750213623,-0.057333000004291534,99.98999786376953,0.12697899341583252,2187855.0,754035.0,135630714.0,3.9693710803985596,3.0,1.0,3.0,0.0,0.0,0.0,0.0,-1.0,47196.842555,0.03470681756857732
667,81.953638,-66.03801,16.049441264345575,16.03997179015733,13.3865264912727,13.387000000000002,0.0,41607.55639076582,3227.838023054484,0.0,41607.55639076582,3323.530280096073,0.0,41607.55639076582,3414.881821958268,0.0,0.7772299445990516,15.677780354233857,16.455010298832907,0.0526649376551322,1.2066256580913493,15.483890362038483,16.690516020129834,0.0811561702659364,1.704891509220273,383.71417485364685,0.0,0.1916630097216874,3.8626142532778487,4.098964532291361,,,,0,81.95372246187264,-66.03801670414364,276.0126311359033,-33.069928341362406,5.480450287628928,-86.72615467463194,0.00854399986565113,0.00854399986565113,0.007598999887704849,0.005266999825835228,14.328114,0.003684000112116337,0.004964999854564667,13.287022,0.015084999613463879,99.98999786376953,13.21909,0.006837999913841486,99.98999786376953,99.99,9.989999771118164,99.98999786376953,99.99,9.989999771118164,99.98999786376953,1.076714038848877,-0.004714000038802624,0.0,0.3922860026359558,2187866.0,752490.0,135634632.0,6.088346004486084,7.0,3.0,5.0,1.0,1.0,0.0,0.0,2.0,47069.918868,0.12582552114614376
668,81.97569,-68.328835,1.3473906193816223,1.3226723049117344,16.086685407881575,16.096534081037678,0.0,22182.666548051267,2013.942339889448,0.0,22182.666548051267,2089.763343404149,0.0,22182.666548051267,2162.5010603997125,0.0,0.5953505889819171,1.07625,1.671600588981917,0.4785198458013795,0.8794026336701596,0.9443448928955231,1.8237475265656828,0.7148201546438244,1.33456755448892,203.06168081248785,0.0,0.1975087364809902,3.6532172938084857,4.024282457738858,,,,0,81.97572002852549,-68.32885018499957,278.71391182461645,-32.74564245032352,326.45903195525335,-86.45418358534447,0.009074999950826168,0.009074999950826168,0.03830200061202049,0.03079500049352646,21.099882,0.022557999938726425,0.04320700094103813,18.208364,0.004435999784618616,0.13859300315380096,16.274988,0.0022269999608397484,0.10842099785804749,14.917938,0.03680900111794472,0.2563610076904297,14.170361,0.03218600153923035,99.98999786376953,2.331058979034424,-0.05305900052189827,0.9399999976158142,0.44808200001716614,2220960.0,758455.0,135581073.0,82.37564086914062,17.0,3.0,5.0,3.0,6.0,2.0,1.0,10.0,47438.547837,0.06769033885297117
669,81.978051,-68.328995,1.2815187405629804,1.2597051128201038,16.14150429049338,16.14958558904043,0.0,20744.12209891003,2015.957184642697,0.0,20744.12209891003,2091.815547589578,0.0,20744.12209891003,2164.58825777382,0.0,0.5751155805615131,1.0231831265701483,1.5982987071316614,0.4844015698867441,0.8591469535252029,0.8856163883153095,1.7447633418405124,0.736114276170607,1.3536987528283275,203.23744843063457,0.0,0.1529541726881813,3.717033204222571,4.112604815254474,,,,0,81.97805141070519,-68.32901173653852,278.71394785015866,-32.74476702113574,326.4505546866043,-86.45488534583444,0.009212000295519829,0.009212000295519829,0.024389000609517097,0.0408409982919693,21.003626,0.01989700086414814,0.1764570027589798,17.748493,0.004019999876618385,0.2874619960784912,16.017382,0.0020959998946636915,0.20245599746704102,15.05496,0.02958899922668934,0.9026569724082947,13.39034,0.034887999296188354,99.98999786376953,2.3847899436950684,-0.1004209965467453,0.7599999904632568,0.4482620060443878,2220960.0,758455.0,135581076.0,37.67753219604492,19.0,3.0,6.0,3.0,6.0,3.0,1.0,10.0,47438.547887,0.06025401244495795
670,82.070179,-69.104988,12.252769879942525,12.245259213313728,13.679598514765631,13.680227068059963,0.0,13978.440238765175,2004.8754457322025,0.0,13978.440238765175,2080.5280983780453,0.0,13978.440238765175,2153.1081275142137,0.0,0.6461353384109891,11.936989021857809,12.583124360268798,0.0576408023815897,0.9838144969664616,11.774897676319403,12.758712173285865,0.0877270098100098,1.3432462433985162,1341.7322014459385,0.0,0.0630859297286789,3.720623819499706,4.071071655826435,,,,0,82.07019723082702,-69.10499279688872,279.6186804299968,-32.592388653983924,315.997215850688,-86.07760918070535,0.013496999628841877,0.013496999628841877,0.01567400060594082,0.014307999983429909,14.663071,0.004488000180572271,0.046525999903678894,99.99,9.989999771118164,99.98999786376953,99.99,9.989999771118164,99.98999786376953,99.99,9.989999771118164,99.98999786376953,99.99,9.989999771118164,99.98999786376953,1.8298569917678833,-0.13757100701332092,0.0,0.7610099911689758,2220196.0,760315.0,135568709.0,24.37891960144043,7.0,3.0,7.0,0.0,0.0,0.0,0.0,2.0,47553.2319352,0.029088364272187073
671,82.091548,-67.296677,21.66716677972711,21.661773020200105,13.060687604921036,13.061,0.0,58794.37820984669,3240.9140627229435,0.0,58794.37820984669,3336.7976935247884,0.0,58794.37820984669,3428.3285081937297,0.0,1.113860991628588,21.122820130423396,22.236681122051984,0.0554169135520439,1.644155098793874,20.895141952598795,22.53929705139267,0.081986380106855,2.489949419419329,650.430997549367,0.0,0.1422277744478149,3.931230349576059,4.031852949507903,,,,0,82.09154304611768,-67.29668042324228,277.4912523764137,-32.85068096651346,343.0226049051462,-86.81706106499972,0.023840999230742455,0.023840999230742455,0.003872999921441078,0.008318999782204628,13.537019,0.005280999932438135,0.004525000229477882,99.99,9.989999771118164,99.98999786376953,99.99,9.989999771118164,99.98999786376953,99.99,9.989999771118164,99.98999786376953,99.99,9.989999771118164,99.98999786376953,0.7860000133514404,-0.032499998807907104,99.98999786376953,0.4910610020160675,2220937.0,756040.0,135629027.0,88.73246002197266,2.0,1.0,2.0,0.0,0.0,0.0,0.0,-1.0,47196.844386,0.014115638183493066
672,82.110799,-66.517159,25.23808063846216,25.22778988018572,12.895042538077714,12.895119041301866,0.0,88169.96610890489,3233.8731374997674,0.0,88169.96610890489,3329.653769243039,0.0,88169.96610890489,3421.0880976773633,0.0,1.2202388511192763,24.66279691893592,25.88303577005519,0.0525127941405205,1.889235381952819,24.347203987145157,26.236439369097976,0.0810343232213295,2.6365216829527895,934.3911452028236,0.0,0.0792596285512981,3.8844449814752298,4.275547579442849,,,,0,82.11079551351818,-66.51713411717822,276.5698146920037,-32.94654047844237,357.174072511881,-86.86088940004045,0.021974999457597733,0.021974999457597733,0.023809000849723816,0.011082000099122524,13.779731,0.005762999877333641,0.010932999663054943,99.99,9.989999771118164,99.98999786376953,99.99,9.989999771118164,99.98999786376953,99.99,9.989999771118164,99.98999786376953,99.99,9.989999771118164,99.98999786376953,1.1634999513626099,-0.08950000256299973,99.98999786376953,0.09776800125837326,2187854.0,753524.0,135633436.0,65.82633972167969,2.0,1.0,2.0,0.0,0.0,0.0,0.0,-1.0,47069.1033877,0.0897176702705098
673,82.133568,-69.200859,43.91453290366263,43.912334959367335,12.293710329495177,12.29327827613258,0.0,220589.16700031367,2018.9794377663989,0.0,220589.16700031367,2094.893804618874,0.0,220589.16700031367,2167.718971595081,0.0,2.5205816946169506,42.69781213555615,45.2183938301731,0.0619999999999993,3.8744000000000014,42.098699999999994,45.973099999999995,0.0950831828401828,5.771135268993795,1003.9196191381824,0.0,0.2113727565581586,3.868473086933056,4.374599551353572,,,,0,82.13352607311012,-69.2008666760442,279.72683010427806,-32.55505705784615,314.68971136272415,-86.03737708530925,0.019321000203490257,0.019321000203490257,0.0130390003323555,0.017545999959111214,12.806104,0.0052629997953772545,0.020322000607848167,99.99,9.989999771118164,99.98999786376953,99.99,9.989999771118164,99.98999786376953,99.99,9.989999771118164,99.98999786376953,99.99,9.989999771118164,99.98999786376953,1.1419999599456787,-0.038750000298023224,99.98999786376953,0.34787800908088684,2220212.0,760771.0,135567288.0,9.364845275878906,4.0,1.0,4.0,0.0,0.0,0.0,0.0,-1.0,47553.2319900,0.06030106601025048
674,82.140347,-69.147591,22.909788660223533,22.906,13.000090923924532,13.000058854025296,0.0,25399.357114640297,2012.934914707355,0.0,25399.357114640297,2088.7372314467766,0.0,25399.357114640297,2161.457445239824,0.0,0.862465508384826,22.490847348441815,23.35331285682664,0.0407765894787601,1.3079931080740297,22.270448852034676,23.578441960108705,0.0621316451967555,1.8992777552178597,268.9911221586672,1.0,0.1783384769453685,3.872903384280811,4.021370940064608,,,,1,82.14029360094109,-69.14760991653137,279.6639779021135,-32.56103579796561,315.28051020660536,-86.07186885430643,0.016658000648021698,0.016658000648021698,0.010440999642014503,0.02353000082075596,13.913387,0.006149999797344208,0.050244998186826706,99.99,9.989999771118164,99.98999786376953,99.99,9.989999771118164,99.98999786376953,99.99,9.989999771118164,99.98999786376953,99.99,9.989999771118164,99.98999786376953,1.530750036239624,-0.1497499942779541,99.98999786376953,0.4906519949436188,2220212.0,760771.0,135567337.0,99.03469848632812,4.0,1.0,4.0,0.0,0.0,0.0,0.0,-1.0,47553.2319609,0.09654043447607992
675,82.148558,-69.028488,21.91576881505734,21.91911271390608,13.048343170539717,13.047844813419871,0.0,73248.54267457845,2009.9126279222112,0.0,73248.54267457845,2085.6588560563087,0.0,73248.54267457845,2158.326533769115,0.0,1.2637337657170349,21.29508317701773,22.558816942734765,0.062180063229281,1.9442566713304463,20.96220698022153,22.906463651551977,0.09619,2.99755967356571,355.37387154070007,0.0,0.3247985435152568,3.841401562277712,4.029047640896281,,,,0,82.14856935186414,-69.02846828278909,279.5237852299764,-32.57668241775328,316.66115606824104,-86.14552847619431,0.01564599946141243,0.01564599946141243,0.015876000747084618,0.007325999904423952,13.690326,0.004304000176489353,0.054336000233888626,99.99,9.989999771118164,99.98999786376953,99.99,9.989999771118164,99.98999786376953,99.99,9.989999771118164,99.98999786376953,99.99,9.989999771118164,99.98999786376953,1.2095999717712402,-0.08399999886751175,99.98999786376953,0.9045069813728333,2220196.0,760316.0,135578286.0,62.804847717285156,5.0,1.0,5.0,0.0,0.0,0.0,0.0,-1.0,47438.1070488,0.0724732280488544
676,82.166598,-69.050812,24.51476262158514,24.51790024941998,12.926664299900438,12.926307499512165,0.0,90466.0676629436,2014.9497632007576,0.0,90466.0676629436,2090.7894487834265,0.0,90466.0676629436,2163.5446645749457,0.0,1.4047136311083186,23.82262364725377,25.22733727836209,0.0620509466254919,2.107623992174684,23.495158151234936,25.60278214340962,0.0938950920562966,3.018646398382934,97.48950941272884,0.0,0.3608573715942465,3.8885987920756073,4.178742468026959,,,,0,82.16647568934019,-69.05081056825068,279.5487979914171,-32.56688973334138,316.3370876026306,-86.13748806762909,0.017761999741196632,0.017761999741196632,0.2242099940776825,0.039055000990629196,13.296408,0.0041959998197853565,0.6334890127182007,99.99,9.989999771118164,99.98999786376953,99.99,9.989999771118164,99.98999786376953,99.99,9.989999771118164,99.98999786376953,99.99,9.989999771118164,99.98999786376953,6.5763750076293945,0.5422499775886536,0.07999999821186066,0.9197099804878235,2220196.0,760316.0,135578281.0,89.96533203125,8.0,3.0,8.0,0.0,0.0,0.0,0.0,2.0,47438.1070560,0.1575157353084811
677,82.185051,-69.228806,37.77761617766508,37.74688621864291,12.457113830173803,12.45761386385646,0.0,156101.00362224813,2017.9720219241087,0.0,156101.00362224813,2093.8677255023485,0.0,156101.00362224813,2166.675411275618,0.0,1.884145674884827,36.8809592998873,38.76510497477213,0.0543861361435435,2.93664587834796,36.39645,39.33309587834796,0.0836061361435405,4.284746359709558,91.35215426004837,0.0,0.5799088029549162,3.9357084128418736,4.367961418120943,,,,0,82.1849923120328,-69.22880393696255,279.7561600822651,-32.532635127495105,314.20881899612874,-86.0344047191352,0.01931600086390972,0.01931600086390972,0.01372199971228838,0.007966999895870686,12.938964,0.005154000129550695,0.0583529993891716,99.99,9.989999771118164,99.98999786376953,99.99,9.989999771118164,99.98999786376953,99.99,9.989999771118164,99.98999786376953,99.99,9.989999771118164,99.98999786376953,1.0260000228881836,-0.0032500000670552254,99.98999786376953,0.30999600887298584,2220168.0,760771.0,135567271.0,67.37544250488281,4.0,1.0,4.0,0.0,0.0,0.0,0.0,-1.0,47553.2320073,0.07529370634255134
678,82.187213,-71.970413,26.327389952720505,26.321827066788146,12.849148141079445,12.849310449860685,0.0,99613.6329940516,3453.127330555381,0.0,99613.6329940516,3552.0644737081634,0.0,99613.6329940516,3646.4557385766143,0.0,1.2325292936216314,25.73455010306443,26.96707939668606,0.0505677276188283,1.7915847336942683,25.50630325272236,27.297887986416622,0.0737962616638316,2.5471872732709784,323.0717749087373,0.0,0.3047554671270446,3.919902839369273,4.351653163487784,,,,0,82.18725190005017,-71.9704438192977,282.9515889652864,-32.061970849465716,293.46720708513686,-83.93525986626115,0.02752400003373623,0.02752400003373623,0.002346999943256378,0.004904999863356352,13.53014,0.0047519998624920845,0.02453700080513954,--,9.989999771118164,99.98999786376953,--,9.989999771118164,99.98999786376953,--,9.989999771118164,99.98999786376953,--,9.989999771118164,99.98999786376953,0.7379999756813049,-0.06499999761581421,99.98999786376953,0.14590300619602203,2167615.0,767117.0,135381445.0,53.84333801269531,2.0,1.0,2.0,0.0,0.0,0.0,0.0,-1.0,47874.2200179,0.11911526724666552
679,82.194611,-69.431656,25.54991410030382,25.565897285415257,12.8816763506544,12.881,0.0,52521.42361729762,2003.8680036491603,0.0,52521.42361729762,2079.5019269931813,0.0,52521.42361729762,2152.0644131174017,0.0,0.9863353261049106,25.01315978095528,25.99949510706019,0.0420000000000015,1.4286265662574102,24.790852477646624,26.21947904390403,0.0608062310979775,1.9666022360542783,1256.3733582954817,0.0,0.2119530351600768,3.7632384928500446,4.265588677757032,,,,0,82.19464681085029,-69.43165675112465,279.99307351797967,-32.497282090379656,311.95559998866514,-85.9074942711174,0.026545999571681023,0.026545999571681023,0.0058189998380839825,0.006692999973893166,14.462982,0.019406000152230263,0.003567999927327037,99.99,9.989999771118164,99.98999786376953,99.99,9.989999771118164,99.98999786376953,99.99,9.989999771118164,99.98999786376953,99.99,9.989999771118164,99.98999786376953,0.7745000123977661,-0.03500000014901161,99.98999786376953,0.22977200150489807,2220169.0,761222.0,135566991.0,84.38917541503906,2.0,1.0,2.0,0.0,0.0,0.0,0.0,-1.0,47553.2322031,0.04537306041637452
680,82.256902,-66.649391,7.43366982449092,7.435378295276838,14.222953776323704,14.222,0.0,50446.685851421345,3230.8555844007883,0.0,50446.685851421345,3326.5920391703185,0.0,50446.685851421345,3417.9849840359084,0.0,1.004388098438449,6.916444989246811,7.92083308768526,0.147000000000002,1.532551598268653,6.653719356865428,8.18627095513408,0.2251137717161402,2.166385896151895,1320.0280513800697,0.0,0.0316722722848967,3.604378121235305,4.228471761271967,,,,0,82.25699142723958,-66.6494104323821,276.7172542136349,-32.87203443866087,354.79576813583054,-86.92620374236982,0.007356999907642603,0.007356999907642603,0.017349999397993088,0.024399999529123306,18.118614,0.00851100031286478,0.03616200014948845,14.750857,0.0023719999007880688,0.06255500018596649,99.99,9.989999771118164,99.98999786376953,99.99,9.989999771118164,99.98999786376953,99.99,9.989999771118164,99.98999786376953,2.3026669025421143,-0.027417000383138657,0.6000000238418579,0.10668999701738358,2187843.0,754543.0,135630333.0,10.602836608886719,12.0,3.0,6.0,6.0,0.0,0.0,0.0,2.0,47196.114653,0.1455206204408692
681,82.258115,-66.221855,15.689059443508302,15.6923739917397,13.41117992097622,13.411,0.0,101302.0133112498,3219.7911523888365,0.0,101302.0133112498,3315.3654471347313,0.0,101302.0133112498,3406.6064857653487,0.0,0.7464498139593836,15.311715787069591,16.058165601028975,0.0513801222036285,1.1468237095147735,15.101475118616476,16.24829882813125,0.0793347503570647,1.6003286744150351,504.3549553357895,0.0,0.186542327966029,3.8092300421967007,4.052502397697145,,,,0,82.25811510482312,-66.22186011962748,276.2119554584814,-32.92493139128634,2.679589082957594,-86.88304812893192,0.017835000529885292,0.017835000529885292,0.014302999712526798,0.02014400064945221,14.687792,0.004170999862253666,0.011451000347733498,99.99,9.989999771118164,99.98999786376953,99.99,9.989999771118164,99.98999786376953,99.99,9.989999771118164,99.98999786376953,99.99,9.989999771118164,99.98999786376953,0.7463330030441284,-0.045667000114917755,99.98999786376953,0.1130559965968132,2187844.0,752490.0,135634435.0,23.53464126586914,3.0,1.0,3.0,0.0,0.0,0.0,0.0,-1.0,47069.1032821,0.01843128693033222
682,82.267326,-69.355209,7.204799593895086,7.197682290388905,14.256566942078845,14.25720810223102,0.0,37454.78176229577,2018.9794377663989,0.0,37454.78176229577,2094.893804618874,0.0,37454.78176229577,2167.718971595081,0.0,0.7331519793311356,6.8403480206688645,7.5735,0.1102081022310219,1.0945682680515176,6.657794875470215,7.752363143521733,0.1651390942127459,1.7270210435811784,96.72354437562014,0.0,0.2338365602216936,3.6140131762862286,4.220681286231789,,,,1,82.26738441076101,-69.35521124493931,279.89879036271907,-32.4840568159529,312.5413246334703,-85.97664194865209,0.025340000167489052,0.025340000167489052,0.008469000458717346,0.01536799967288971,17.93649,0.014662000350654125,0.01255400013178587,14.545601,0.008843000046908855,99.98999786376953,99.99,9.989999771118164,99.98999786376953,99.99,9.989999771118164,99.98999786376953,99.99,9.989999771118164,99.98999786376953,2.0893330574035645,-0.16233299672603607,99.98999786376953,0.23180200159549713,2220170.0,761222.0,135567053.0,38.286285400390625,3.0,1.0,2.0,1.0,0.0,0.0,0.0,-1.0,47553.2320996,0.07457785908458214
683,82.282834,-66.600044,8.015562005558952,8.011415826153915,14.140660018795089,14.140747566394229,0.0,32861.23112319605,3216.7735607025775,0.0,32861.23112319605,3312.3035813707843,0.0,32861.23112319605,3403.503145502615,0.0,0.7376350899313762,7.661961643768826,8.399596733700202,0.0996195367092305,1.1620033237706675,7.478975523965877,8.640978847736545,0.1568297737208244,1.5983661589714568,880.9794633171008,0.0,0.0239530712251406,3.6238037555874847,4.112687295438651,,,,0,82.28287974012306,-66.60006698598238,276.6574294865048,-32.86809580871326,355.72432295671325,-86.93443843435996,0.014932000078260899,0.014932000078260899,0.007340999785810709,0.03540699928998947,17.53994,0.013570000417530537,0.01902100071310997,14.553382,0.003882999997586012,99.98999786376953,99.99,9.989999771118164,99.98999786376953,99.99,9.989999771118164,99.98999786376953,99.99,9.989999771118164,99.98999786376953,1.0536669492721558,-0.019332999363541603,99.98999786376953,0.10141599923372269,2187841.0,754036.0,135633080.0,19.40631103515625,3.0,1.0,2.0,1.0,0.0,0.0,0.0,-1.0,47069.1073666,0.1054709499892124
684,82.339233,-66.535522,6.245099816870262,6.2329919609634175,14.411772632191198,14.413184932226198,0.0,301946.6254459483,3208.7266089203767,0.0,301946.6254459483,3304.1384631651395,0.0,301946.6254459483,3395.2273329163695,0.0,0.6471107519605885,5.943702426115171,6.590813178075759,0.11241654803087,1.0015201452026687,5.759757814498129,6.761277959700798,0.1741292278601207,1.433244010510588,340.97797034527537,0.0,0.0915802131926945,3.612500109558242,4.184528643387944,,,,0,82.33927459366191,-66.53553925611695,276.577869039515,-32.853935213304,356.957413645073,-86.95300254696947,0.008325999602675438,0.008325999602675438,0.006984999869018793,0.009267999790608883,17.578392,0.010300000198185444,0.009386000223457813,14.526813,0.011528000235557556,0.20670899748802185,13.227353,0.015409000217914581,99.98999786376953,99.99,9.989999771118164,99.98999786376953,99.99,9.989999771118164,99.98999786376953,1.6782219409942627,-0.06533300131559372,0.9900000095367432,0.09618400037288666,2187841.0,754036.0,135633126.0,89.64410400390625,9.0,3.0,5.0,3.0,1.0,0.0,0.0,2.0,47069.541011,0.08610444607888434
685,82.349941,-69.471077,15.800454468313928,15.797083339077536,13.403509074130175,13.403792088410476,0.0,31978.122987677147,2006.8903242489632,0.0,31978.122987677147,2082.5804212835037,0.0,31978.122987677147,2155.195523136867,0.0,0.7721500711654663,15.416907634624742,16.18905770579021,0.0533683186804516,1.135253521631865,15.22293564247462,16.358189164106484,0.0782200000000017,1.6443871429322634,4.686192624299997,0.0,0.211472861319118,3.914559010666917,4.025496961554256,,,,0,82.34997032185578,-69.47109582059029,280.02904922337825,-32.43722826259069,311.0344303068923,-85.92238188008292,0.025164000689983368,0.025164000689983368,0.011127999983727932,0.020805999636650085,14.102754,0.019453000277280807,0.000783999974373728,99.99,9.989999771118164,99.98999786376953,99.99,9.989999771118164,99.98999786376953,99.99,9.989999771118164,99.98999786376953,99.99,9.989999771118164,99.98999786376953,1.0255000591278076,-0.10000000149011612,99.98999786376953,0.23306000232696533,2220175.0,761222.0,135566895.0,59.897823333740234,2.0,1.0,2.0,0.0,0.0,0.0,0.0,-1.0,47553.2322129,0.07720688721446367
686,82.49221,-69.386147,15.40164931901702,15.401547926461104,13.431238177803191,13.43135136851782,0.0,28179.16575430792,2004.8754457322025,0.0,28179.16575430792,2080.5280983780453,0.0,28179.16575430792,2153.1081275142137,0.0,0.6730949274491742,15.060722032438568,15.733816959887742,0.047527047684218,1.074280049230378,14.87271995076962,15.947,0.0763935315177555,1.477784056431835,953.4552258124598,0.0,0.0712758029690912,3.872000309906841,4.020141387589594,,,,0,82.49221752096342,-69.38614479787489,279.9204578801618,-32.40100709756912,311.4632797356987,-86.01622385005811,0.02011599950492382,0.02011599950492382,0.019735999405384064,0.021649999544024467,14.259354,0.010118000209331512,0.004083000123500824,13.479136,0.01942799985408783,99.98999786376953,99.99,9.989999771118164,99.98999786376953,99.99,9.989999771118164,99.98999786376953,99.99,9.989999771118164,99.98999786376953,2.445499897003174,-0.017500000074505806,99.98999786376953,0.2828280031681061,2220172.0,761222.0,135566963.0,62.552146911621094,4.0,1.0,3.0,1.0,0.0,0.0,0.0,-1.0,47553.2321015,0.01239816083944176
687,82.510236,-65.933891,10.279025045028815,8.830421421952062,13.95513089510574,14.035000000000002,0.0,2952456.324123306,2651.3171015722073,0.0,2952456.324123306,2738.1480899478292,0.0,2952456.324123306,2821.1988423215707,0.0,12.96557816128307,5.88573096791501,18.85130912919808,1.2640514727992436,14.561334620006818,5.59124147579551,20.152576095802328,1.39259978310578,18.871900253226855,26.1566231199928,0.0,1.45246636094341,3.76127280837658,4.191372943960338,,,,0,82.51028611216373,-65.93382836469127,275.85690942224437,-32.857592132918114,8.293977094490398,-86.92077773686417,0.03358300030231476,0.03358300030231476,0.015317999757826328,0.014251000247895718,14.747931,0.006442999932914972,0.014511000365018845,99.99,9.989999771118164,99.98999786376953,99.99,9.989999771118164,99.98999786376953,99.99,9.989999771118164,99.98999786376953,99.99,9.989999771118164,99.98999786376953,0.7935000061988831,-0.02500000037252903,99.98999786376953,0.17745499312877655,2187865.0,752491.0,135634425.0,78.09522247314453,2.0,1.0,2.0,0.0,0.0,0.0,0.0,-1.0,47069.1199115,0.23718462302226093
688,82.555391,-69.353394,33.68716950365045,33.674606135075024,12.58149643639621,12.582000000000004,0.0,109864.2766084316,2007.8977606855392,0.0,109864.2766084316,2083.6065728141434,0.0,109864.2766084316,2156.2392043794785,0.0,1.4886840485769142,32.960365951423086,34.44905,0.0477246093331089,2.281653079045917,32.552800000000005,34.83445307904592,0.0736003768398578,3.1236150684006745,96.69441589938968,1.0,0.4083726906522759,3.6419658091943337,4.042180371870467,,,,0,82.55537667037305,-69.353380446599,279.87809013264507,-32.38401179634606,311.6046144460646,-86.05460641155904,0.02148500084877014,0.02148500084877014,0.005497999954968691,0.0009299999801442027,15.337615,0.01943499967455864,0.0006440000142902136,13.862136,0.010998999699950218,99.98999786376953,99.99,9.989999771118164,99.98999786376953,99.99,9.989999771118164,99.98999786376953,99.99,9.989999771118164,99.98999786376953,0.9850000143051147,-0.029999999329447746,99.98999786376953,0.31854501366615295,2220170.0,760771.0,135567137.0,72.42509460449219,3.0,1.0,2.0,1.0,0.0,0.0,0.0,-1.0,47553.2320997,0.05207249809966324
689,82.580741,-65.90361,17.202796994491905,17.203281430635307,13.311286580917113,13.311050518995897,0.0,74970.897061687,2638.232959754701,0.0,74970.897061687,2724.852185873662,0.0,74970.897061687,2807.704574372933,0.0,1.11219169401161,16.63525598477863,17.74744767879024,0.0700044825655172,1.7383349033161366,16.287524563516662,18.0258594668328,0.1099553790786185,2.4986319178935616,742.1969398052125,0.0,0.2278804466839314,3.610997038180851,4.283654879872735,,,,0,82.58072508484769,-65.90356506962442,275.8172136643339,-32.83249808727988,8.981815089466986,-86.94041095969837,0.031605999916791916,0.031605999916791916,0.020170999690890312,0.022417999804019928,17.32435,0.0071829999797046185,0.030153999105095863,14.161069,0.27120500802993774,99.98999786376953,99.99,9.989999771118164,99.98999786376953,99.99,9.989999771118164,99.98999786376953,99.99,9.989999771118164,99.98999786376953,0.9135710000991821,-0.02814299985766411,0.0,0.15031099319458008,2187865.0,751968.0,135645345.0,81.5667724609375,7.0,3.0,6.0,1.0,0.0,0.0,0.0,2.0,46938.228746,0.1634320373000161
690,82.606141,-66.959465,45.40511899519605,45.43,12.25742274669271,12.256907517137437,0.0,144425.0809290401,2645.278292915752,0.0,144425.0809290401,2732.0116103630226,0.0,144425.0809290401,2814.970871505323,0.0,2.0702012652982447,44.32677690141339,46.39697816671164,0.049254522113781,3.192016806368123,43.87605768418116,47.068074490549286,0.0767609389297376,4.667506726281701,321.94002302669827,0.0,0.4370077465032655,3.9172050797019695,4.553530537129079,,,,0,82.60617717071547,-66.95947171800988,277.0625099990369,-32.69653206746123,348.829867161751,-87.0571981306365,0.014166000299155712,0.014166000299155712,0.0062870001420378685,0.0036780000664293766,13.028595,0.0037690000608563423,0.0013719999697059393,99.99,9.989999771118164,99.98999786376953,99.99,9.989999771118164,99.98999786376953,99.99,9.989999771118164,99.98999786376953,99.99,9.989999771118164,99.98999786376953,1.0460000038146973,-0.05866700038313866,99.98999786376953,0.22326700389385223,2220099.0,755046.0,135629941.0,49.37367248535156,3.0,1.0,3.0,0.0,0.0,0.0,0.0,-1.0,47196.843263,0.05641100701117261
691,82.612863,-67.102829,6.198328876095383,6.201846882059229,14.419963786992156,14.418959161836732,0.0,16629.057346658778,2624.1421102860013,0.0,16629.057346658778,2710.532692881645,0.0,16629.057346658778,2793.1709045834286,0.0,0.6723799789502847,5.87141339261295,6.543793371563234,0.1177157203847372,1.0180742293877012,5.688925770612299,6.707,0.1784317393124475,1.493349972467377,332.2292185139345,0.0,0.1707836348516836,3.6031834774403024,4.188548902189321,,,,0,82.61283779496064,-67.10282708530534,277.23110273344474,-32.67595340387018,346.05187662006267,-87.04538095456937,0.012706000357866287,0.012706000357866287,0.05465000122785568,0.05449799820780754,17.362574,0.0073529998771846294,0.02283800020813942,14.729988,0.004273000173270702,0.4579409956932068,13.149761,0.010497000068426132,99.98999786376953,99.99,9.989999771118164,99.98999786376953,99.99,9.989999771118164,99.98999786376953,2.953666925430298,-0.11683300137519836,0.029999999329447746,0.16887100040912628,2220097.0,755046.0,135629839.0,0.588729977607727,12.0,3.0,6.0,5.0,1.0,0.0,0.0,2.0,47196.526757,0.035970859598217
692,82.623667,-66.622704,35.664996097084625,35.639689086489014,12.51959593333545,12.520166967808697,0.0,147057.37571567527,2644.271820473237,0.0,147057.37571567527,2730.9888485286924,0.0,147057.37571567527,2813.9328509231577,0.0,1.777116116746008,34.8271771904346,36.604293307180605,0.0539829041080128,2.764078282583718,34.34603550503177,37.11011378761549,0.0839582273804158,4.053513812415879,1363.7991754306422,0.0,0.3777594818952785,3.793829290472788,4.35077305795499,,,,0,82.62371332028336,-66.62271771229011,276.66429166560545,-32.731035269390865,355.40403118900264,-87.07059455187579,0.016460999846458435,0.016460999846458435,0.0070420000702142715,0.006938999984413385,13.626073,0.005886000115424395,0.012047999538481236,99.99,9.989999771118164,99.98999786376953,99.99,9.989999771118164,99.98999786376953,99.99,9.989999771118164,99.98999786376953,99.99,9.989999771118164,99.98999786376953,0.6403329968452454,-0.013667000457644463,99.98999786376953,0.1050959974527359,2188099.0,754036.0,135633004.0,73.65390014648438,3.0,1.0,3.0,0.0,0.0,0.0,0.0,-1.0,47069.1033976,0.08255076263327338
693,82.656436,-69.722893,14.534114176940797,14.540193381576405,13.4942347306602,13.493761887153893,0.0,44413.943713287445,3016.5875107391203,0.0,44413.943713287445,3109.132532255576,0.0,44413.943713287445,3197.535864754814,0.0,0.7630580079675457,14.145453244658192,14.908511252625738,0.0569753463463325,1.164631420025252,13.94924148063054,15.113872900655792,0.0871432533652161,1.612568358509586,884.4158571628831,0.0,0.0790133537471424,3.766486415611515,4.188853644587415,,,,0,82.6564495194151,-69.72288112690381,280.30387423567385,-32.29257059843053,307.4800724160399,-85.82525126862411,0.025182999670505524,0.025182999670505524,0.015564999543130398,0.009736999869346619,15.028058,0.009170000441372395,0.020407000556588173,99.99,9.989999771118164,99.98999786376953,99.99,9.989999771118164,99.98999786376953,99.99,9.989999771118164,99.98999786376953,99.99,9.989999771118164,99.98999786376953,0.6516669988632202,-0.025333000347018242,99.98999786376953,0.45103201270103455,2166850.0,761669.0,135566100.0,92.00370788574219,3.0,1.0,3.0,0.0,0.0,0.0,0.0,-1.0,47553.2323087,0.04595079055690956
694,82.657663,-68.410896,47.18035238358271,47.192499999999995,12.216004058078916,12.21521942672644,0.0,530391.9424066667,2022.0016741164757,0.0,530391.9424066667,2097.9720026683212,0.0,530391.9424066667,2170.8495869267413,0.0,3.9262982222384935,45.17915711415431,49.1054553363928,0.0904926273721855,5.8372477680999,44.36588,50.2031277680999,0.1341796725620199,8.471610100813763,110.86194882638252,0.0,0.6971344470655495,3.9226532586314415,4.437065775614734,,,,0,82.65771042528411,-68.41087602255827,278.7669516663368,-32.48501084281866,323.2964460605718,-86.63763191086775,0.024803999811410904,0.024803999811410904,0.006308000069111586,0.020275000482797623,12.44924,0.006711999885737896,0.00012799999967683107,99.99,9.989999771118164,99.98999786376953,99.99,9.989999771118164,99.98999786376953,99.99,9.989999771118164,99.98999786376953,99.99,9.989999771118164,99.98999786376953,1.781499981880188,0.164000004529953,99.98999786376953,1.1104689836502075,2220225.0,758927.0,135579603.0,48.790225982666016,2.0,1.0,2.0,0.0,0.0,0.0,0.0,-1.0,47438.2047883,0.09549177892806157
695,82.66349,-69.119286,8.476830074509115,8.476011336858956,14.079904939157,14.079350130416827,0.0,31312.71351523543,2013.942339889448,0.0,31312.71351523543,2089.763343404149,0.0,31312.71351523543,2162.5010603997125,0.0,0.7563064523247522,8.099089079779962,8.855395532104714,0.0969580102340845,1.1744187202010543,7.904524365108721,9.078943085309776,0.1502726742970264,1.6211977762321048,475.1307167891137,0.0,0.1107548931688444,3.646224649576515,4.085719114578561,,,,0,82.66343941648881,-69.11926821969331,279.597200193093,-32.38116932773393,313.8871491745288,-86.23555840043745,0.012520999647676945,0.012520999647676945,0.010085999965667725,0.013225000351667404,15.127273,0.003014999907463789,0.024754000827670097,99.99,9.989999771118164,99.98999786376953,99.99,9.989999771118164,99.98999786376953,99.99,9.989999771118164,99.98999786376953,99.99,9.989999771118164,99.98999786376953,1.0199999809265137,-0.08425000309944153,0.0,0.8173480033874512,2220215.0,760316.0,135578161.0,24.904407501220703,8.0,3.0,8.0,0.0,0.0,0.0,0.0,2.0,47438.1070710,0.09115822272642833
696,82.67394,-69.192993,25.39499362844946,25.07917128509897,12.891037607208688,12.902,0.0,1095774.8246440263,2023.009082512246,0.0,1095774.8246440263,2098.9980556011988,0.0,1095774.8246440263,2171.8931035224955,0.0,5.645944552032898,22.829751787699458,28.475696339732355,0.2400226747909961,7.288540516290588,22.25083015317847,29.539370669469054,0.3080095065147592,10.0448543759457,416.8249035793174,0.0,1.2137202335142567,3.81950055165012,4.112239669006054,,,,0,82.67392647706927,-69.19296268277756,279.6828455072068,-32.36658706688182,312.9932438126449,-86.19128632738006,0.017795000225305557,0.017795000225305557,0.014903999865055084,0.016524000093340874,13.199594,0.004329000134021044,0.06308799982070923,99.99,9.989999771118164,99.98999786376953,99.99,9.989999771118164,99.98999786376953,99.99,9.989999771118164,99.98999786376953,99.99,9.989999771118164,99.98999786376953,0.8722000122070312,0.06379999965429306,99.98999786376953,0.678056001663208,2220213.0,760316.0,135578122.0,91.6367416381836,5.0,1.0,5.0,0.0,0.0,0.0,0.0,-1.0,47438.1070865,0.11050351713097596
697,82.684413,-68.60955,19.06827590810936,19.07578480580447,13.199470229655391,13.198973572127226,0.0,81959.2210400498,2011.927487653062,0.0,81959.2210400498,2087.7111129063346,0.0,81959.2210400498,2160.413819086974,0.0,1.157269400586319,18.46473059941368,19.622,0.0659735721272269,1.7275132290053747,18.114674181094,19.842187410099378,0.0990360330544923,2.5798562294980982,666.1219862145557,0.0,0.058198898123844,3.747826574471194,4.1778600746550065,,,,0,82.68438254350293,-68.60955751953178,278.9984636881846,-32.44737371099437,320.35933290941205,-86.54243487762378,0.021025000140070915,0.021025000140070915,0.006419000215828419,0.012830999679863453,14.043172,0.003951000049710274,0.014131000265479088,99.99,9.989999771118164,99.98999786376953,99.99,9.989999771118164,99.98999786376953,99.99,9.989999771118164,99.98999786376953,99.99,9.989999771118164,99.98999786376953,0.5833330154418945,-0.04133300110697746,99.98999786376953,1.713202953338623,2220205.0,759394.0,135579262.0,74.80421447753906,3.0,1.0,3.0,0.0,0.0,0.0,0.0,-1.0,47438.2048983,0.04829023114366334
698,82.71537,-67.028183,31.852654878170835,31.85256483416396,12.64229817208799,12.642081308493935,0.0,73061.27366282494,2633.2005416132065,0.0,73061.27366282494,2719.7381800345524,0.0,73061.27366282494,2802.5141430204167,0.0,1.5203897958562749,31.082143094019592,32.60253288987587,0.0514536597054338,2.212170875061936,30.722829124938063,32.935,0.0754536597054347,3.195282139511047,425.839199593349,0.0,0.318003612393096,3.7684192586611873,4.325607236457942,,,,1,82.71535703080487,-67.02820903157291,277.1372322086345,-32.64564777202181,347.4132136787899,-87.09355153914524,0.016822999343276024,0.016822999343276024,0.008090999908745289,0.012233000248670578,13.882956,0.004329000134021044,0.007201000116765499,99.99,9.989999771118164,99.98999786376953,99.99,9.989999771118164,99.98999786376953,99.99,9.989999771118164,99.98999786376953,99.99,9.989999771118164,99.98999786376953,1.4393329620361328,-0.11999999731779099,99.98999786376953,0.16660399734973907,2220099.0,755046.0,135629906.0,27.036264419555664,3.0,1.0,3.0,0.0,0.0,0.0,0.0,-1.0,47196.843355,0.0954687494457097
699,82.717271,-68.693733,36.52525747143495,36.51796644273258,12.49368008647443,12.493545937841262,0.0,135332.6509641527,2010.920058725154,0.0,135332.6509641527,2086.6849877778413,0.0,135332.6509641527,2159.3701819328467,0.0,1.690613249401153,35.71196859334216,37.40258184274331,0.0504086559428689,2.523114921750633,35.375300992429864,37.8984159141805,0.0743303167116327,3.646899811391492,117.48539817369762,0.0,0.4208777055571321,3.876603508133889,4.360068647289316,,,,0,82.71720135857719,-68.69374946704403,279.09520275865157,-32.42360970827175,319.0927855833929,-86.50589616918133,0.019317999482154846,0.019317999482154846,0.005630999803543091,0.010846000164747238,13.103205,0.004939999897032976,0.020819999277591705,99.99,9.989999771118164,99.98999786376953,99.99,9.989999771118164,99.98999786376953,99.99,9.989999771118164,99.98999786376953,99.99,9.989999771118164,99.98999786376953,0.7606670260429382,-0.03166700154542923,99.98999786376953,0.9606950283050537,2220207.0,759394.0,135579240.0,90.46683502197266,3.0,1.0,3.0,0.0,0.0,0.0,0.0,-1.0,47438.2050235,0.10868645134067968
700,82.751967,-69.18647,61.31010044533327,61.330513988062705,11.931489456313294,11.930879134750862,0.0,827151.9113277969,2455.0321462560864,0.0,827151.9113277969,2538.6292569469424,0.0,827151.9113277969,2618.650767090672,0.0,4.332082122868449,59.072806352604275,63.40488847547272,0.076870235950917,6.538813105695574,57.5113,64.05011310569557,0.1171321981576305,8.746615016084526,593.5170305920901,0.0,0.8802643296613589,3.837800052497645,4.002228999584012,,,,1,82.75196739638521,-69.18645616513453,279.6703890396287,-32.340123211309155,312.7969853424911,-86.21662880009109,0.016258999705314636,0.016258999705314636,0.01307199988514185,0.01221999991685152,13.924788,0.004203000105917454,0.016481000930070877,99.99,9.989999771118164,99.98999786376953,13.188293,0.13574999570846558,99.98999786376953,99.99,9.989999771118164,99.98999786376953,99.99,9.989999771118164,99.98999786376953,2.2256669998168945,0.32066699862480164,0.0,0.7399929761886597,2220213.0,760316.0,135578118.0,38.60560607910156,6.0,3.0,5.0,0.0,1.0,0.0,0.0,2.0,47438.924395,0.04980809661608667
701,82.791314,-67.030815,10.35931391093221,10.363047583393437,13.862060597482971,13.861524750750808,0.0,152822.70391939898,2626.155103786987,0.0,152822.70391939898,2712.578387502539,0.0,152822.70391939898,2795.2472312439386,0.0,0.8311296717492027,9.93854823424485,10.769677905994053,0.0872776791698761,1.237717703287407,9.733500938819212,10.97121864210662,0.1300313639723,1.9032904554654628,375.7703608481134,0.0,0.2633055092938662,3.6027088418485076,4.153473223523376,,,,0,82.79132603552748,-67.03083043166292,277.13598500685293,-32.61590322581556,347.30030043956367,-87.12276440175378,0.007065000012516975,0.007065000012516975,0.0111480001360178,0.03604700043797493,17.706573,0.00519500020891428,0.0220979992300272,14.547951,0.0025450000539422035,0.0894709974527359,99.99,9.989999771118164,99.98999786376953,99.99,9.989999771118164,99.98999786376953,99.99,9.989999771118164,99.98999786376953,2.759999990463257,0.08653800189495087,0.6000000238418579,0.14986200630664825,2220098.0,755046.0,135629905.0,29.571556091308594,13.0,3.0,7.0,6.0,0.0,0.0,0.0,2.0,47196.369264,0.05807003777210393
702,82.840846,-70.957069,18.018159565484087,16.893,13.313322795750336,13.331,0.0,6031047.311481668,3043.750706186715,0.0,6031047.311481668,3136.7064502527373,0.0,6031047.311481668,3225.494529650706,0.0,16.717881322572055,10.891003821587146,27.6088851441592,1.0104847301155413,18.29167898856196,10.48861024072613,28.78028922928809,1.0960482971425325,20.52728998407665,52.51982784397879,0.0,0.9651766571119672,3.6714503672257366,4.380932139322262,,,,0,82.84079131391863,-70.95708512647688,281.7315877721454,-32.03487289999715,297.23871671171275,-84.9030187949423,0.013547999784350395,0.013547999784350395,0.0055149998515844345,0.02775599993765354,16.526045,0.004945000167936087,0.010739999823272228,13.868584,0.004786000121384859,99.98999786376953,99.99,9.989999771118164,99.98999786376953,99.99,9.989999771118164,99.98999786376953,99.99,9.989999771118164,99.98999786376953,1.0814290046691895,0.004999999888241291,0.9900000095367432,0.8419259786605835,2167771.0,764687.0,135386421.0,51.59410858154297,7.0,3.0,6.0,1.0,0.0,0.0,0.0,2.0,47771.2514952,0.08658190589919511
703,82.869474,-71.389946,14.289251986015552,14.282520659583522,13.51265740619628,13.513034925736935,0.0,33776.15089242476,3014.5753928363965,0.0,33776.15089242476,3107.0899165999117,0.0,33776.15089242476,3195.464680167087,0.0,0.7019822461898766,13.947417507396784,14.64939975358666,0.0538212064308432,1.043450956495418,13.800467175217335,14.843918131712751,0.0790448810542798,1.4375742269129166,1.415090681962418,1.0,0.2054925820915837,3.796135790592708,4.0633205214853465,,,,0,82.86946185512511,-71.38995288285152,282.23306571433966,-31.953772958139492,294.61797222818234,-84.54323589193663,0.013151000253856182,0.013151000253856182,0.0022780001163482666,0.011025999672710896,14.795945,0.002856000093743205,0.0034630000591278076,99.99,9.989999771118164,99.98999786376953,99.99,9.989999771118164,99.98999786376953,99.99,9.989999771118164,99.98999786376953,99.99,9.989999771118164,99.98999786376953,0.8195000290870667,-0.04466700181365013,0.0,0.35566601157188416,2167767.0,765513.0,135385361.0,9.031684875488281,6.0,3.0,6.0,0.0,0.0,0.0,0.0,2.0,47771.2515509,0.02843658329637728
704,82.910079,-67.469894,,,,,,,,,,,,,,,,,,,,,,,,,,,3.790911699424415,5.15029087460945,,,,0,,,,,,,,,,,,,,,,,,,,,,,,,,,,,,,,,,,,,,,,,,,
705,82.956683,-71.060585,20.786907337301468,20.78276016809073,13.105694107637111,13.105908041129291,0.0,61182.18409690548,2849.5674862809456,0.0,61182.18409690548,2939.5453639259276,0.0,61182.18409690548,3025.5439244597233,0.0,0.951160764986252,20.321987927209346,21.2731486921956,0.0497170133562647,1.4681706348326564,20.057229439866504,21.52540007469916,0.0765149862305865,1.9913071882490847,321.58170364119934,0.0,0.1351650721961866,3.9372300331097208,4.13311168802399,,,,0,82.95663112377234,-71.06057513961203,281.8447013503863,-31.980733776955248,296.2499596125209,-84.83732374673616,0.024275999516248703,0.024275999516248703,0.008377999998629093,0.04276899993419647,13.474443,0.004133999813348055,0.01025800034403801,99.99,9.989999771118164,99.98999786376953,99.99,9.989999771118164,99.98999786376953,99.99,9.989999771118164,99.98999786376953,99.99,9.989999771118164,99.98999786376953,0.5553330183029175,0.03866700083017349,99.98999786376953,2.056286096572876,2167771.0,764687.0,135386371.0,8.689868927001953,3.0,1.0,3.0,0.0,0.0,0.0,0.0,-1.0,47771.2528181,0.0702437868352688
706,82.982888,-69.023308,19.029585567993237,19.022843889678,13.201589873179644,13.202,0.0,131209.892096706,3011.5572083507695,0.0,131209.892096706,3104.025966280512,0.0,131209.892096706,3192.357858466946,0.0,0.8704868174142781,18.611972918482692,19.48245973589697,0.0493246703788479,1.3501689349157535,18.35116072877966,19.701329663695414,0.0766188803272402,1.9261550006940096,1075.421988350228,0.0,0.0085088135061539,3.867612099252693,4.041857668966011,,,,0,82.98289493263371,-69.02329222381377,279.465316474343,-32.282101383413234,313.9119841532251,-86.38465628056869,0.022484000772237778,0.022484000772237778,0.015571000054478645,0.02457600086927414,13.7903,0.004987999796867371,0.03393299877643585,99.99,9.989999771118164,99.98999786376953,99.99,9.989999771118164,99.98999786376953,99.99,9.989999771118164,99.98999786376953,99.99,9.989999771118164,99.98999786376953,1.1147500276565552,-0.06650000065565109,99.98999786376953,0.856203019618988,2220222.0,760317.0,135578029.0,44.853660583496094,4.0,1.0,4.0,0.0,0.0,0.0,0.0,-1.0,47438.1336677,0.05749273155934066
707,83.015543,-66.657982,33.61814302376244,33.584,12.583772980951135,12.585,0.0,50707.45231609722,1272.857109476574,0.0,50707.45231609722,1333.3639164245633,0.0,50707.45231609722,1391.758494508842,0.0,1.6413999092191034,32.846000000000004,34.48739990921911,0.0530000000000008,2.638112470810448,32.36211122888032,35.00022369969077,0.0852720594339189,3.859567718790309,394.6796252431551,0.0,0.5165976999928089,3.870219864705275,4.356535401900597,,,,0,83.01557274134584,-66.65798674781678,276.6841511556581,-32.57258989833964,354.78725735865424,-87.2269402413941,0.015015999786555767,0.015015999786555767,0.02142699994146824,0.018942000344395638,13.464437,0.005326000042259693,0.008822999894618988,99.99,9.989999771118164,99.98999786376953,99.99,9.989999771118164,99.98999786376953,99.99,9.989999771118164,99.98999786376953,99.99,9.989999771118164,99.98999786376953,1.149749994277954,-0.07150000333786011,99.98999786376953,0.11722800135612488,2188097.0,754037.0,135631778.0,63.99934387207031,4.0,1.0,4.0,0.0,0.0,0.0,0.0,-1.0,47069.1033994,0.045736492705138576
708,83.069673,-66.395912,11.958470113046312,11.960081733975809,13.706187664957763,13.706,0.0,18358.11653923348,1274.875815493839,0.0,18358.11653923348,1335.4296969688571,0.0,18358.11653923348,1393.8683604192938,0.0,0.939527701145586,11.49986824998254,12.439395951128128,0.0856153536094392,1.3985422565894758,11.283622300625572,12.682164557215048,0.1264800000000043,1.8682466173373289,749.9069071753585,0.0,0.1592028728881832,3.6097525873078,4.083053130730445,,,,0,83.06969239178063,-66.39589886151147,276.37223115483295,-32.58075653955668,0.2279581562279991,-87.23066530102423,0.007255000062286854,0.007255000062286854,0.012415999546647072,0.02403300069272518,17.94712,0.005413000006228685,0.02273000031709671,14.873476,0.002853000070899725,0.12067099660634995,13.393833,0.010126999579370022,99.98999786376953,99.99,9.989999771118164,99.98999786376953,99.99,9.989999771118164,99.98999786376953,2.047769069671631,0.039615001529455185,0.029999999329447746,1.1029850244522095,2188111.0,753526.0,135632572.0,50.03129196166992,13.0,3.0,6.0,6.0,1.0,0.0,0.0,34.0,47069.387151,0.05494114628370503
709,83.086202,-68.846603,16.583303438429397,16.579031151870204,13.350983916449218,13.351301951703563,0.0,53100.25260537433,3022.623840071384,0.0,53100.25260537433,3115.260293505992,0.0,53100.25260537433,3203.7492753629867,0.0,0.751595487441648,16.21573968165376,16.967335169095406,0.0491962686073144,1.1472354994775245,16.02133517903477,17.168570678512296,0.0745187111851404,1.6458400586607684,859.6364882372961,0.0,0.1130292580000529,3.794156576048816,4.069520026269038,,,,1,83.08623330455828,-68.84657420880414,279.25222119456174,-32.26993694330122,315.76619665029557,-86.52417681232835,0.019331999123096466,0.019331999123096466,0.007331999950110912,0.025963999330997467,14.539473,0.004557999782264233,0.01304600015282631,99.99,9.989999771118164,99.98999786376953,99.99,9.989999771118164,99.98999786376953,99.99,9.989999771118164,99.98999786376953,99.99,9.989999771118164,99.98999786376953,0.8209999799728394,-0.08500000089406967,99.98999786376953,0.6709399819374084,2220209.0,759858.0,135578802.0,93.28277587890625,3.0,1.0,3.0,0.0,0.0,0.0,0.0,-1.0,47438.2050805,0.11134130071902208
710,83.117512,-69.606491,15.281385813469496,15.288,13.43976048061418,13.439,0.0,42420.51152927181,3015.5814522961864,0.0,42420.51152927181,3108.1112262156025,0.0,42420.51152927181,3196.5002754468483,0.0,0.7118042882156175,14.91511127711012,15.626915565325737,0.0505566079833847,1.0491812766647275,14.727320848976598,15.776502125641326,0.074411330613497,1.5338551074792548,388.5948064451541,0.0,0.1999204417768044,3.7638908475024753,4.14887046058133,,,,1,83.1175503028808,-69.60646206205269,280.1394693850653,-32.15155602169305,306.98858319762144,-86.02021046479169,0.01401199959218502,0.01401199959218502,0.00949500035494566,0.015697000548243523,15.072252,0.0046259998343884945,0.007408000063151121,13.536497,0.031122000887989998,0.050631001591682434,99.99,9.989999771118164,99.98999786376953,99.99,9.989999771118164,99.98999786376953,99.99,9.989999771118164,99.98999786376953,1.6088999509811401,-0.09799999743700027,0.029999999329447746,0.6060140132904053,2166857.0,761670.0,135566442.0,53.85774230957031,10.0,3.0,8.0,2.0,0.0,0.0,0.0,2.0,47553.2323015,0.11472393002057703
711,83.150667,-69.017799,24.69975313942799,24.693545750194417,12.918412644577932,12.918617210498171,0.0,73509.92653483225,3022.623840071384,0.0,73509.92653483225,3115.260293505992,0.0,73509.92653483225,3203.7492753629867,0.0,0.9655200171407828,24.233532328480266,25.199052345621045,0.0425753863257458,1.5419926621050344,23.978037750783333,25.520030412888367,0.0673460654412618,2.0195769926642058,332.88243442917354,0.0,0.1162462963392121,3.878507575183235,4.023526668904884,,,,0,83.1507066568459,-69.0178008244431,279.4489631481035,-32.22337533459993,313.3632900588135,-86.43424767408112,0.02249399945139885,0.02249399945139885,0.01270500011742115,0.02320300042629242,13.95708,0.004978999961167574,0.03615200147032738,99.99,9.989999771118164,99.98999786376953,99.99,9.989999771118164,99.98999786376953,99.99,9.989999771118164,99.98999786376953,99.99,9.989999771118164,99.98999786376953,1.3107500076293945,-0.10525000095367432,99.98999786376953,0.948743999004364,2220223.0,760317.0,135578015.0,28.823104858398438,4.0,1.0,4.0,0.0,0.0,0.0,0.0,-1.0,47438.1336662,0.05154106447746694
712,83.15235,-70.806839,49.01639360019831,48.98432023293273,12.174318588345356,12.175000000000002,0.0,284897.97141519847,3030.6722224561568,0.0,284897.97141519847,3123.430442369711,0.0,284897.97141519847,3212.033489705838,0.0,2.165305230585425,48.01114392233432,50.176449152919744,0.0480000000000018,3.2814696369170164,47.49373036308299,50.775200000000005,0.0723676132352117,4.79846592567899,886.0135529785833,0.0,0.2193757738562085,3.8280161845663945,4.528147712403257,,,,0,83.15244792081498,-70.80683345161137,281.53737332510036,-31.958289592289127,297.2231901335234,-85.0846566657471,0.023489000275731087,0.023489000275731087,0.0086260000243783,0.013977999798953533,13.17126,0.0032059999648481607,0.011402999982237816,99.99,9.989999771118164,99.98999786376953,99.99,9.989999771118164,99.98999786376953,99.99,9.989999771118164,99.98999786376953,99.99,9.989999771118164,99.98999786376953,0.765500009059906,-0.039500001817941666,99.98999786376953,0.18959900736808777,2167700.0,764688.0,135539435.0,28.077775955200195,4.0,1.0,4.0,0.0,0.0,0.0,0.0,-1.0,47772.1860965,0.11759940042074385
713,83.187091,-66.874779,40.43687783911558,40.44,12.383262574111647,12.3831246412931,0.0,74175.16370913616,1274.875815493839,0.0,74175.16370913616,1335.4296969688571,0.0,74175.16370913616,1393.8683604192938,0.0,2.1487452058684084,39.3742,41.52294520586841,0.0578753587068998,3.116959906697275,38.97144,42.08839990669728,0.0838353587069029,4.884403004639552,332.2624825313605,0.0,0.9467738141821884,3.917205079701967,4.4367305371290735,,,,0,83.18716606091678,-66.87478067693911,276.93038782826,-32.48051085853109,350.2255967723939,-87.29028516320086,0.014631999656558037,0.014631999656558037,0.010325999930500984,0.010274999774992466,13.083677,0.003665999975055456,0.015776999294757843,99.99,9.989999771118164,99.98999786376953,99.99,9.989999771118164,99.98999786376953,99.99,9.989999771118164,99.98999786376953,99.99,9.989999771118164,99.98999786376953,1.7826000452041626,-0.10019999742507935,99.98999786376953,0.14422200620174408,2187393.0,754544.0,135631492.0,50.17359924316406,5.0,1.0,5.0,0.0,0.0,0.0,0.0,-1.0,47069.1034103,0.10629802541440009
714,83.242337,-67.555969,40.8440446148316,40.85522131364654,12.372426161205553,12.372,0.0,79598.4856082339,1274.875815493839,0.0,79598.4856082339,1335.4296969688571,0.0,79598.4856082339,1393.8683604192938,0.0,2.3756561465336787,39.63750937843337,42.01316552496705,0.063341360709348,3.5336004465319206,39.046792367801054,42.580392814332974,0.0944037689221559,5.071619751651447,274.10705638795133,0.0,0.4563268303532949,3.8824275331024816,4.3506652810012465,,,,0,83.24238743729966,-67.5559724686134,277.72886204352335,-32.379161623628676,336.2112291871336,-87.18592897624514,0.021428000181913376,0.021428000181913376,0.012070000171661377,0.0169489998370409,13.022501,0.0058189998380839825,0.03436899930238724,99.99,9.989999771118164,99.98999786376953,99.99,9.989999771118164,99.98999786376953,99.99,9.989999771118164,99.98999786376953,99.99,9.989999771118164,99.98999786376953,1.0096670389175415,0.06400000303983688,99.98999786376953,1.1542019844055176,2220157.0,756532.0,135627353.0,92.16690826416016,3.0,1.0,3.0,0.0,0.0,0.0,0.0,-1.0,47196.1287032,0.07043723667874484
715,83.25456,-69.374802,76.42785135674433,76.4375834252452,11.692054807396264,11.69185334373148,0.0,490757.0343862163,2444.9648810885933,0.0,490757.0343862163,2528.3927044312973,0.0,490757.0343862163,2608.2556410464817,0.0,3.5240343413639152,74.68667426034098,78.2107086017049,0.0499046734254609,5.036134610378127,73.92665299335793,78.96278760373606,0.0710806007188633,8.260379630291695,432.8253859029168,0.0,0.9053144198172752,3.872903384280811,4.717370940064606,,,,0,83.25461169557546,-69.37479660382614,279.860569010304,-32.13709826361455,308.8693169936326,-86.21968597708536,0.02426999993622303,0.02426999993622303,0.011002999730408192,0.004844000097364187,12.453685,0.00675999978557229,0.039512999355793,99.99,9.989999771118164,99.98999786376953,99.99,9.989999771118164,99.98999786376953,99.99,9.989999771118164,99.98999786376953,99.99,9.989999771118164,99.98999786376953,0.9100000262260437,0.03866700083017349,99.98999786376953,0.36299899220466614,2220167.0,761223.0,135566713.0,86.50066375732422,3.0,1.0,3.0,0.0,0.0,0.0,0.0,-1.0,47553.2321167,0.06837352059560804
716,83.291798,-67.733246,31.020871492595823,31.048681982647132,12.672153847281306,12.670166186239369,0.0,988547.1613942276,1866.8376919840075,0.0,988547.1613942276,1939.878664614604,0.0,988547.1613942276,2010.0124605097988,0.0,4.88874611027212,28.575818305540192,33.46456441581231,0.1716842461452046,6.520139106846749,27.79195,34.31208910684675,0.2282777504679423,9.0725684666906,807.4439695224277,0.0,0.6455377981689789,3.661678631879852,4.687016281093459,,,,0,83.29185169307,-67.73323914885378,277.93445957416856,-32.33896174686403,332.7023537267385,-87.1449573886616,0.01091499999165535,0.01091499999165535,0.009163999930024147,0.019140999764204025,14.804509,0.0024190000258386135,0.010816000401973724,99.99,9.989999771118164,99.98999786376953,99.99,9.989999771118164,99.98999786376953,99.99,9.989999771118164,99.98999786376953,99.99,9.989999771118164,99.98999786376953,0.8050000071525574,-0.020833000540733337,0.0,1.6093109846115112,2220146.0,756532.0,135627264.0,36.80193328857422,6.0,3.0,6.0,0.0,0.0,0.0,0.0,2.0,47196.1234912,0.07728446896666354
717,83.371852,-67.338905,7.688987578094357,7.695977101993124,14.186024434888033,14.1848122520989,0.0,14198.002294398018,1270.8383884796883,0.0,14198.002294398018,1331.298083214285,0.0,14198.002294398018,1389.6485406717318,0.0,0.8422331972713737,7.257366802728625,8.099599999999999,0.1190122520988978,1.2548016904646868,7.058200103405721,8.313001793870407,0.1775600000000015,1.9346377534149708,468.1033770688631,0.0,0.3306618286142472,3.607532728386636,4.328984728380588,,,,0,83.37188460679444,-67.33891118452289,277.46671253468577,-32.35559382859183,340.27526469014,-87.29218553616424,0.019229000434279442,0.019229000434279442,0.003232999937608838,0.0012789999600499868,17.494228,0.016618000343441963,0.0011210000375285745,14.281767,0.02936599962413311,0.029083000496029854,99.99,9.989999771118164,99.98999786376953,99.99,9.989999771118164,99.98999786376953,99.99,9.989999771118164,99.98999786376953,2.627000093460083,0.35249999165534973,0.7200000286102295,0.4372609853744507,2220149.0,755546.0,135628294.0,23.249256134033203,4.0,3.0,2.0,2.0,0.0,0.0,0.0,34.0,47196.1420397,0.05040906085134374
718,83.400133,-67.500008,23.74645377642432,23.74421554381135,12.96115639783856,12.961287531028038,0.0,14587.599423901684,1261.7539576510517,0.0,14587.599423901684,1322.001178617322,0.0,14587.599423901684,1380.1526546229657,0.0,0.9950499999999992,23.25795,24.253,0.0459999999999993,1.6017332206371435,22.992506943586154,24.594240164223297,0.0728878628990621,2.263628767811124,418.63489152324377,0.0,0.3897701232492309,3.7826626300754738,4.142099473618925,,,,0,83.40011992936793,-67.50000454095137,277.65457101261535,-32.325976527794964,336.94489856628854,-87.26011875863105,0.0214610006660223,0.0214610006660223,0.009882999584078789,0.01810299977660179,14.545264,0.006227000150829554,0.03308099880814552,99.99,9.989999771118164,99.98999786376953,99.99,9.989999771118164,99.98999786376953,99.99,9.989999771118164,99.98999786376953,99.99,9.989999771118164,99.98999786376953,1.3133330345153809,-0.11833299696445465,99.98999786376953,1.0865490436553955,2220159.0,756533.0,135627195.0,92.33564758300781,3.0,1.0,3.0,0.0,0.0,0.0,0.0,-1.0,47196.1351225,0.021893254680998932
719,83.401523,-69.386848,9.244983895894649,9.314111364874686,13.991427948567546,13.97737356069943,0.0,519190.9637769158,3040.732609637017,0.0,519190.9637769158,3133.6428091554594,0.0,519190.9637769158,3222.388224381968,0.0,3.17920041648844,7.532906026921266,10.712106443409706,0.3821613192610282,4.997293462640291,6.690306537359708,11.6876,0.605478747438557,6.58780278475489,80.18182979220805,0.0,1.154004751288963,3.665410331422831,4.08753775975765,,,,0,83.40154166918148,-69.3868319643672,279.8661362738079,-32.08418455949199,308.1806429281544,-86.24753688034095,0.02431200072169304,0.02431200072169304,0.018015999346971512,0.01808900013566017,16.467651,0.0076299998909235,0.23046299815177917,99.99,9.989999771118164,99.98999786376953,99.99,9.989999771118164,99.98999786376953,99.99,9.989999771118164,99.98999786376953,99.99,9.989999771118164,99.98999786376953,0.9106670022010803,-0.014666999690234661,99.98999786376953,0.39879700541496277,2220164.0,761223.0,135566687.0,78.33830261230469,3.0,1.0,3.0,0.0,0.0,0.0,0.0,-1.0,47553.2321185,0.06238922684843736
720,83.437062,-67.000183,43.03582809240565,43.003,12.315569889204202,12.316000000000004,0.0,52054.23912340029,1270.8383884796883,0.0,52054.23912340029,1331.298083214285,0.0,52054.23912340029,1389.6485406717318,0.0,1.9128425101489557,42.1374,44.050242510148955,0.048,2.8498474677161028,41.73532,44.585167467716104,0.071841367281225,3.8589099967528497,285.91613509957057,0.0,0.4698801741384754,3.877550962474086,4.388588472900606,,,,0,83.43712644984356,-67.00020519559331,277.0649224423301,-32.369050906380394,347.3539940778574,-87.37677633884724,0.018928999081254005,0.018928999081254005,0.011470000259578228,0.01511400006711483,13.24275,0.005001000128686428,0.011846000328660011,99.99,9.989999771118164,99.98999786376953,99.99,9.989999771118164,99.98999786376953,99.99,9.989999771118164,99.98999786376953,99.99,9.989999771118164,99.98999786376953,1.5226670503616333,-0.14166699349880219,99.98999786376953,0.15068799257278442,2220105.0,755047.0,135628630.0,47.675933837890625,3.0,1.0,3.0,0.0,0.0,0.0,0.0,-1.0,47196.843439,0.12084399296164516
721,83.475324,-68.799622,17.93132174765094,17.928,13.26612725864308,13.266473142481525,0.0,44041.21757494316,3025.6419910513205,0.0,44041.21757494316,3118.324126004417,0.0,44041.21757494316,3206.8559002906445,0.0,0.7439667704655442,17.56593141080714,18.309898181272683,0.045138083201822,1.1644546792506103,17.3546141124648,18.519068791715412,0.0707889805466734,1.6638906518123129,394.68699622515675,0.0,0.1155469586605321,3.839577565246478,4.02057772097808,,,,0,83.47532305066791,-68.79962545446458,279.1749805377203,-32.13693687000389,314.9143013147549,-86.66346059349397,0.019478000700473785,0.019478000700473785,0.0104160001501441,0.017767999321222305,14.295346,0.004674999974668026,0.006779000163078308,99.99,9.989999771118164,99.98999786376953,99.99,9.989999771118164,99.98999786376953,99.99,9.989999771118164,99.98999786376953,99.99,9.989999771118164,99.98999786376953,0.8256670236587524,-0.07599999755620956,99.98999786376953,1.1389360427856445,2220211.0,759858.0,135578743.0,14.168342590332031,3.0,1.0,3.0,0.0,0.0,0.0,0.0,-1.0,47438.2050554,0.012497334334713376
722,83.492801,-68.694839,27.31934412644062,27.319,12.809026759708566,12.809,0.0,141098.94660025465,3033.690349184316,0.0,141098.94660025465,3126.49418958802,0.0,141098.94660025465,3215.1399722072956,0.0,1.4259345888768138,26.616770943583603,28.042705532460417,0.0564292908595653,2.132234146574028,26.25984020298118,28.39207434955521,0.0847335166011458,3.089396689229037,326.5542800205165,0.0,0.3498702895270811,3.9482999604278866,4.322240255516469,,,,0,83.49279947071251,-68.69485380678611,279.05132148850885,-32.144253035789774,316.27220361646147,-86.73347891410522,0.01983500085771084,0.01983500085771084,0.008709000423550606,0.01029600016772747,13.343979,0.004356999881565571,0.014171999879181385,99.99,9.989999771118164,99.98999786376953,99.99,9.989999771118164,99.98999786376953,99.99,9.989999771118164,99.98999786376953,99.99,9.989999771118164,99.98999786376953,0.4703330099582672,0.009332999587059021,99.98999786376953,0.9180939793586731,2220200.0,759395.0,135578984.0,90.4760513305664,3.0,1.0,3.0,0.0,0.0,0.0,0.0,-1.0,47438.2050433,0.05334194902502998
723,83.504781,-70.712234,40.77092168590159,40.765437572596696,12.37434924990279,12.374405998094804,0.0,333508.77662068064,3031.678265707427,0.0,333508.77662068064,3124.4516949889967,0.0,333508.77662068064,3213.0689897960237,0.0,2.266605952568227,39.66186719713451,41.92847314970274,0.0600126042797555,3.5133500173034733,39.068606784786134,42.58195680208961,0.0934304894492292,4.935079897791297,380.21755439854536,0.0,0.4492001530269627,3.908163736162351,4.449396527987199,,,,0,83.50482097597552,-70.71224975300527,281.4062283754055,-31.858112244777075,296.68507013928195,-85.22736315708372,0.022901000455021858,0.022901000455021858,0.005785999819636345,0.02218499965965748,12.955551,0.003315000096336007,0.01949699968099594,99.99,9.989999771118164,99.98999786376953,99.99,9.989999771118164,99.98999786376953,99.99,9.989999771118164,99.98999786376953,99.99,9.989999771118164,99.98999786376953,0.5882499814033508,0.0364999994635582,99.98999786376953,0.30420801043510437,2167720.0,764269.0,135539607.0,58.16157913208008,4.0,1.0,4.0,0.0,0.0,0.0,0.0,-1.0,47772.1860926,0.07399886833955939
724,83.535131,-68.717476,17.329056267935197,17.323,13.303226385269994,13.303449433298852,0.0,44820.586166044384,3019.605679971904,0.0,44820.586166044384,3112.1964289391717,0.0,44820.586166044384,3200.642596877972,0.0,0.756535166156219,16.953464833843782,17.71,0.0473940078939367,1.177498504507405,16.79776890127877,17.975267405786173,0.0734492929533523,1.543951237302981,859.2883481855762,1.0,0.0052566537057146,3.838387500608377,4.025131923844942,,,,0,83.53514420986751,-68.71747964798016,279.07547842832486,-32.12608852041531,315.7932627001382,-86.73168231625371,0.019850000739097595,0.019850000739097595,0.008999999612569809,0.013787000440061092,14.119276,0.00469700014218688,0.021866999566555023,99.99,9.989999771118164,99.98999786376953,99.99,9.989999771118164,99.98999786376953,99.99,9.989999771118164,99.98999786376953,99.99,9.989999771118164,99.98999786376953,0.8126670122146606,-0.06866700202226639,99.98999786376953,1.00975501537323,2220200.0,759395.0,135578935.0,74.01849365234375,3.0,1.0,3.0,0.0,0.0,0.0,0.0,-1.0,47438.2050450,0.021689021219487205
725,83.546271,-69.42907,60.34921361114617,60.35793004934539,11.948486213128984,11.948171142076983,0.0,435935.1675391584,3038.7205402504387,0.0,435935.1675391584,3131.600364104299,0.0,435935.1675391584,3220.317324720569,0.0,2.586654582271926,59.028292401268835,61.61494698354076,0.0467929682095498,3.875328415386442,58.37110265607973,62.24643107146617,0.069587068661713,6.150973411581681,1005.6993060555096,0.0,0.6003035762451711,3.8186193198445753,4.569706397614981,,,,0,83.54628648733205,-69.42907916529073,279.90728080562775,-32.02796630415359,307.17168333206547,-86.25219905722892,0.019101999700069427,0.019101999700069427,0.05306899920105934,0.01954299956560135,12.88993,0.003338000038638711,0.011284999549388885,99.99,9.989999771118164,99.98999786376953,99.99,9.989999771118164,99.98999786376953,99.99,9.989999771118164,99.98999786376953,99.99,9.989999771118164,99.98999786376953,0.7038000226020813,-0.04560000076889992,99.98999786376953,0.4466480016708374,2220164.0,761223.0,135566676.0,9.519292831420898,5.0,1.0,5.0,0.0,0.0,0.0,0.0,-1.0,47553.2322372,0.038372520273807754
726,83.578245,-69.438858,29.982777353361296,29.993732865490536,12.707975640830208,12.707609863589472,0.0,97127.97535180004,3032.684307949978,0.0,97127.97535180004,3125.4729440611745,0.0,97127.97535180004,3214.104483962188,0.0,1.1974716338536382,29.369340868252262,30.566812502105904,0.0430114434074315,1.8524912665738176,29.031555166023452,30.88404643259727,0.0673000182394663,2.5975583363103816,3.800628133835388,0.0,0.3714853868800181,3.9069214410804887,4.286321262881584,,,,0,83.57824375777219,-69.43885425521555,279.91690433833526,-32.015516195362096,306.9440738082421,-86.25271388877714,0.019113000482320786,0.019113000482320786,0.05168600007891655,0.028171999379992485,13.379711,0.0033740000799298286,0.014564000070095062,99.99,9.989999771118164,99.98999786376953,99.99,9.989999771118164,99.98999786376953,99.99,9.989999771118164,99.98999786376953,99.99,9.989999771118164,99.98999786376953,1.0751999616622925,-0.010599999688565731,99.98999786376953,0.5189970135688782,2220164.0,761671.0,135544830.0,26.802162170410156,5.0,1.0,5.0,0.0,0.0,0.0,0.0,-1.0,47665.242796,0.01357240571161682
727,83.579468,-67.108109,40.275808408961744,40.25263081343168,12.387668735574776,12.388000000000002,0.0,94190.69138568368,1276.8945065673825,0.0,94190.69138568368,1337.495424973362,0.0,94190.69138568368,1395.9781386136897,0.0,2.681789583740546,38.912099999999995,41.59388958374054,0.072455755634003,3.878837569158847,38.36523918977945,42.2440767589383,0.1044599999999977,5.53952592750305,469.6195237538376,0.0,0.3547122741763592,3.9450610404637265,4.14642432718842,,,,0,83.5794600203019,-67.10810073498536,277.18453979191156,-32.30192571479526,344.83223809946713,-87.41684256777768,0.018314000219106674,0.018314000219106674,0.06255699694156647,0.027139000594615936,12.508523,0.0038660001009702682,0.01307000033557415,99.99,9.989999771118164,99.98999786376953,99.99,9.989999771118164,99.98999786376953,99.99,9.989999771118164,99.98999786376953,99.99,9.989999771118164,99.98999786376953,2.0959999561309814,0.21320000290870667,99.98999786376953,0.17148999869823456,2220107.0,755547.0,135628264.0,18.298370361328125,5.0,1.0,5.0,0.0,0.0,0.0,0.0,-1.0,47196.843872,0.03178325090038773
728,83.666828,-67.502647,54.66139569459352,54.717356795376816,12.055986294031053,12.055,0.0,108971.28022946168,1271.847750852833,0.0,108971.28022946168,1332.3310064105792,0.0,108971.28022946168,1390.7035285943148,0.0,2.5385514068906687,53.3715,55.910051406890666,0.0509869402962976,3.5687502932517248,52.83147,56.40022029325172,0.070993600745183,5.703000000000003,323.0769004363632,0.0,0.4616627115578465,3.819058465250743,4.273367983244556,,,,0,83.66682014602446,-67.50265613891145,277.64374809869037,-32.2242970635498,336.2392212998756,-87.35668298133321,0.01820099912583828,0.01820099912583828,0.01622599922120571,0.02213199995458126,13.523385,0.004720000084489584,0.02871599979698658,99.99,9.989999771118164,99.98999786376953,99.99,9.989999771118164,99.98999786376953,99.99,9.989999771118164,99.98999786376953,99.99,9.989999771118164,99.98999786376953,1.2387499809265137,-0.06849999725818634,99.98999786376953,1.3786619901657104,2220158.0,756533.0,135627207.0,88.35289764404297,4.0,1.0,4.0,0.0,0.0,0.0,0.0,-1.0,47196.1351232,0.0346332785158431
729,83.724042,-69.133911,6.130652059450757,6.231262946330862,14.439188971025631,14.413373294029,0.0,398954.22724939935,3043.750706186715,0.0,398954.22724939935,3136.7064502527373,0.0,398954.22724939935,3225.494529650706,0.0,2.2931975540880636,4.971910636593224,7.265108190681287,0.4114120740263782,3.175701933851598,4.657900889522038,7.833602823373636,0.564065937060775,4.919035055723337,317.04681588704165,0.0,0.7211480856159432,3.6087626588699298,4.461090404596404,,,,0,83.72417327703668,-69.1338909084559,279.55236028907774,-32.00485527354719,309.7271457851225,-86.50733846982226,0.011491999961435795,0.011491999961435795,0.009003999643027782,0.02485799975693226,17.92917,0.009108999744057655,0.009058999828994274,14.378958,0.003965000156313181,0.2408509999513626,99.99,9.989999771118164,99.98999786376953,99.99,9.989999771118164,99.98999786376953,99.99,9.989999771118164,99.98999786376953,1.3616249561309814,-0.10975000262260437,0.9700000286102295,2.4720280170440674,2220217.0,760773.0,135556076.0,19.760740280151367,8.0,3.0,5.0,3.0,0.0,0.0,0.0,2.0,47554.321769,0.18321376505845435
730,83.728128,-67.71991,15.075859793141143,15.076,13.45454475508658,13.454369759978569,0.0,130054.44401299172,2871.7043681611426,0.0,130054.44401299172,2962.0267423792957,0.0,130054.44401299172,3048.348008421262,0.0,0.875014072211048,14.647710344715408,15.522724416926456,0.0628154707163393,1.3640943214623356,14.39611765004251,15.760211971504846,0.0982541494171389,1.979210292761925,10.903423719970192,0.0,0.2697013235239766,3.806969490259752,4.019573691882971,,,,0,83.72819745746527,-67.71990956491766,277.8956702594699,-32.176313766812534,331.6883246270611,-87.30345304487486,0.011470000259578228,0.011470000259578228,0.009561999700963497,0.011088999919593334,14.573851,0.002392000053077936,0.007230999879539013,99.99,9.989999771118164,99.98999786376953,99.99,9.989999771118164,99.98999786376953,99.99,9.989999771118164,99.98999786376953,99.99,9.989999771118164,99.98999786376953,0.9455710053443909,-0.02342900075018406,0.029999999329447746,0.6696469783782959,2220147.0,757020.0,135626863.0,65.5726547241211,7.0,3.0,7.0,0.0,0.0,0.0,0.0,2.0,47196.1234918,0.09481436869935396
731,83.805197,-69.24292,33.38155906003884,33.392,12.591411735392764,12.59072789978986,0.0,172409.33360768063,3037.714504049611,0.0,172409.33360768063,3130.5791362775353,0.0,172409.33360768063,3219.2818660363628,0.0,1.599572342642226,32.56924803893656,34.16882038157878,0.0517219707393099,2.334621036299488,32.16205896370051,34.49668,0.0756686092843974,3.677581804720528,942.4753421542237,0.0,0.0743379430627608,3.857891200651422,4.2826696078031485,,,,1,83.80521717705949,-69.2429248576039,279.6754112188345,-31.96214652279695,308.14492635308295,-86.45011030200675,0.026884999126195908,0.026884999126195908,0.018417000770568848,0.0005939999828115106,13.423994,0.008143999613821507,0.03189200162887573,99.99,9.989999771118164,99.98999786376953,99.99,9.989999771118164,99.98999786376953,99.99,9.989999771118164,99.98999786376953,99.99,9.989999771118164,99.98999786376953,1.0460000038146973,-0.10649999976158142,99.98999786376953,2.685753107070923,2220216.0,760773.0,135556005.0,40.73311233520508,2.0,1.0,2.0,0.0,0.0,0.0,0.0,-1.0,47554.116866,0.03112104314859781
732,83.863142,-69.231224,45.00070217686736,45.029328166665245,12.267318537256603,12.26610067003983,0.0,561557.6782343837,3043.750706186715,0.0,561557.6782343837,3136.7064502527373,0.0,561557.6782343837,3225.494529650706,0.0,3.5298689941863017,43.1849310058137,46.7148,0.0857937034250504,5.030830853199809,42.384939495976546,47.41577034917635,0.1219999999999998,7.085000000000001,754.0428898494278,0.0,0.53613091644151,3.943464674841481,4.491953222652551,,,,0,83.86311247899626,-69.23122858675578,279.65861638478293,-31.943305876418403,308.0361180725347,-86.47275841862368,0.02687700092792511,0.02687700092792511,0.06696899980306625,0.010463999584317207,12.524911,0.007961999624967575,0.06730599701404572,99.99,9.989999771118164,99.98999786376953,99.99,9.989999771118164,99.98999786376953,99.99,9.989999771118164,99.98999786376953,99.99,9.989999771118164,99.98999786376953,0.9480000138282776,0.06800000369548798,99.98999786376953,3.618572950363159,2220216.0,760773.0,135555995.0,45.54102325439453,2.0,1.0,2.0,0.0,0.0,0.0,0.0,-1.0,47554.116774,0.04114389901501696
733,83.899876,-69.118477,25.702237005170375,25.70071066326773,12.875344509054113,12.87526056502298,0.0,222625.53700837345,3037.714504049611,0.0,222625.53700837345,3130.5791362775353,0.0,222625.53700837345,3219.2818660363628,0.0,1.6495498281890946,24.889767913436813,26.539317741625908,0.0693880396019963,2.400991525690507,24.526868474309495,26.927860000000003,0.1010026658243212,3.6186621475887826,1040.4404550729016,0.0,0.2556265542119585,3.918547437934947,4.3259806606381845,,,,0,83.899886407424,-69.11848446081973,279.5248724078468,-31.944743058343512,309.17786682966715,-86.56261190857252,0.02222900092601776,0.02222900092601776,0.02153399959206581,0.014511000365018845,13.2097,0.005251999944448471,0.004683000035583973,99.99,9.989999771118164,99.98999786376953,99.99,9.989999771118164,99.98999786376953,99.99,9.989999771118164,99.98999786376953,99.99,9.989999771118164,99.98999786376953,0.7925000190734863,0.009999999776482582,99.98999786376953,3.445744037628174,2220186.0,760773.0,135556062.0,74.13702392578125,2.0,1.0,2.0,0.0,0.0,0.0,0.0,-1.0,47554.518914,0.02999577153566425
734,83.900594,-68.534393,14.232468562370736,11.90290325530162,13.605419786996016,13.711348322465584,1.0,6821596.307846829,3035.7024286303667,0.0,6821596.307846829,3128.5366700128084,0.0,6821596.307846829,3217.2109309461857,0.0,18.787724222581552,8.428388486909961,27.216112709491515,1.2724370567463872,20.98155062603533,8.14788896093715,29.12943958697248,1.3829016649852353,24.0970772201612,24.321251888885207,0.0,2.1265855958266755,3.776368819875124,4.131470192872771,,,,0,83.90066272908831,-68.53439455335617,278.8415181569241,-32.016721697660415,316.9347942973158,-86.94919613537604,0.018355000764131546,0.018355000764131546,0.007218000013381243,0.006432000081986189,13.916219,0.004230000078678131,0.004480000119656324,99.99,9.989999771118164,99.98999786376953,99.99,9.989999771118164,99.98999786376953,99.99,9.989999771118164,99.98999786376953,99.99,9.989999771118164,99.98999786376953,0.5339999794960022,-0.03166700154542923,99.98999786376953,0.37513598799705505,2220228.0,759396.0,135559929.0,74.81008911132812,3.0,1.0,3.0,0.0,0.0,0.0,0.0,-1.0,47439.908354,0.09071577897352816
735,83.935222,-66.882256,49.96600476942896,49.8215,12.15386932195948,12.156545511311672,0.0,208770.90208591177,1275.8851628963375,0.0,208770.90208591177,1336.4625675307157,0.0,208770.90208591177,1394.9232604678689,0.0,5.0298991101523,47.73286561560945,52.76276472576175,0.1085409289590852,7.758191081008114,46.25564,54.013831081008114,0.1684427306787004,9.792000000000002,48.46502915162272,0.0,1.580853222086327,3.9240485217880896,4.352406119856421,,,,0,83.93523006850702,-66.88222808888409,276.90152237087807,-32.18768077427262,349.58066281233374,-87.58271455939781,0.03190600126981735,0.03190600126981735,0.046480000019073486,0.034596998244524,12.388305,0.005896000191569328,0.0009289999725297093,99.99,9.989999771118164,99.98999786376953,99.99,9.989999771118164,99.98999786376953,99.99,9.989999771118164,99.98999786376953,99.99,9.989999771118164,99.98999786376953,1.7039999961853027,0.16249999403953552,99.98999786376953,0.1628500074148178,2187399.0,754545.0,135631150.0,80.39775848388672,2.0,1.0,2.0,0.0,0.0,0.0,0.0,-1.0,47069.1034220,0.10112513564108423
736,83.955935,-66.700485,18.595691247355965,14.946,13.348771411343142,13.464,1.0,2677296.9287530724,1278.9131827329627,0.0,2677296.9287530724,1339.5611005637695,0.0,2677296.9287530724,1398.087829301792,0.0,28.990722173327832,8.749770664954143,37.74049283828197,1.5868561702793986,32.68262245694936,7.858160000000001,40.54078245694936,1.781599148603016,36.996217831491144,30.525956999995973,0.0,4.815165948763825,3.764216495913198,4.342513342103172,,,,1,83.95594921665621,-66.70046613459634,276.68686319993844,-32.19790996657394,353.8921659496221,-87.59945437713029,0.01260400004684925,0.01260400004684925,0.04894400015473366,0.007009000051766634,15.22716,0.0029349999967962503,0.3501729965209961,13.449482,0.003924999851733446,99.98999786376953,99.99,9.989999771118164,99.98999786376953,99.99,9.989999771118164,99.98999786376953,99.99,9.989999771118164,99.98999786376953,0.9180909991264343,0.000455000001238659,0.18000000715255737,0.14945100247859955,2187404.0,754038.0,135632001.0,34.7466926574707,11.0,3.0,10.0,1.0,0.0,0.0,0.0,2.0,47069.768739,0.07086827699534941
737,84.059698,-69.191147,28.205992395987412,28.19618215301129,12.774437664665918,12.774727916904748,0.0,154218.28636606762,3042.744675006837,0.0,154218.28636606762,3135.6852400818907,0.0,154218.28636606762,3224.4591004536524,0.0,1.8604683611161976,27.28149069399975,29.141959055115947,0.0712276364235435,2.769443180079154,26.84241681992084,29.611859999999997,0.1068225704819845,4.224238268430447,391.1601025599632,0.0,0.3277288056435207,3.790269281288652,4.01970671496329,,,,0,84.05976457094164,-69.19114031301076,279.60134517081883,-31.879156473676005,307.65632815237956,-86.54985958785879,0.010417000390589237,0.010417000390589237,0.022453000769019127,0.013206999748945236,14.049713,0.0032399999909102917,0.010608999989926815,13.336765,0.019267000257968903,99.98999786376953,13.140816,0.035976000130176544,99.98999786376953,99.99,9.989999771118164,99.98999786376953,99.99,9.989999771118164,99.98999786376953,1.4708889722824097,-0.04711100086569786,0.0,5.129071235656738,2220187.0,760773.0,135555962.0,77.63304901123047,9.0,3.0,7.0,1.0,1.0,0.0,0.0,2.0,47554.525746,0.08847589268248338
738,84.073025,-68.963707,41.97402324365368,41.98037319374112,12.34271186634986,12.342602087032535,0.0,191910.36406163347,3040.732609637017,0.0,191910.36406163347,3133.6428091554594,0.0,191910.36406163347,3222.388224381968,0.0,1.8033486340189384,41.06375442896947,42.867103062988406,0.0467318706437396,2.6515693325888066,40.58943066741119,43.241,0.0689956337544295,4.095023877817717,390.9705102231139,0.0,0.4803251436842237,3.851283034833622,4.006501901954468,,,,0,84.07305178747994,-68.96371979384594,279.33485810272504,-31.902564672067285,310.31179740651106,-86.71549048114397,0.022390000522136688,0.022390000522136688,0.015092999674379826,0.02102299965918064,13.046754,0.004730999935418367,0.004751000087708235,99.99,9.989999771118164,99.98999786376953,99.99,9.989999771118164,99.98999786376953,99.99,9.989999771118164,99.98999786376953,99.99,9.989999771118164,99.98999786376953,0.708666980266571,0.06499999761581421,99.98999786376953,1.8057090044021606,2220188.0,760318.0,135556820.0,28.257301330566406,3.0,1.0,3.0,0.0,0.0,0.0,0.0,-1.0,47554.517144,0.05761602460502494
739,84.080953,-68.224899,5.184243980026143,5.184142790126625,14.61395251279272,14.613618588837804,0.0,21078.82037876075,3017.5935681657106,0.0,21078.82037876075,3110.1538347216297,0.0,21078.82037876075,3198.5714480939887,0.0,0.5504719776440421,4.911011784793884,5.461483762437926,0.1151284668572198,0.8508830556039388,4.757774275381067,5.608657330985006,0.1785400000000017,1.2778981110173078,399.1913671123167,0.0,0.0812111432887572,3.6031834774403024,4.052548902189321,,,,0,84.08101303547295,-68.22490249926174,278.4698886825585,-31.987066529778108,321.11035085548167,-87.18289462502251,0.011454000137746334,0.011454000137746334,0.010766999796032906,0.01890300028026104,17.667048,0.007189000025391579,0.03624799847602844,14.675987,0.00355900009162724,0.017959000542759895,99.99,9.989999771118164,99.98999786376953,99.99,9.989999771118164,99.98999786376953,99.99,9.989999771118164,99.98999786376953,1.2956249713897705,0.01600000075995922,0.9200000166893005,0.374455988407135,2220282.0,758458.0,135560932.0,5.638722896575928,8.0,3.0,6.0,2.0,0.0,0.0,0.0,2.0,47439.749273,0.08115928240451946
740,84.223679,-70.35643,16.401722933477565,16.40089092670314,13.36296347691258,13.363,0.0,50478.76494531553,3017.5935681657106,0.0,50478.76494531553,3110.1538347216297,0.0,50478.76494531553,3198.5714480939887,0.0,0.7735663600004727,16.02316924235498,16.796735602355454,0.0509942144298243,1.193117396813399,15.803823941254873,16.99694133806827,0.0791181235947959,1.6883003530621892,282.1403012167101,0.0,0.140291942763727,3.799846729048561,4.004316552328175,,,,0,84.22373213839569,-70.35642910542147,280.9518408479218,-31.671700810741118,296.53162551074115,-85.65613939993129,0.013722999952733517,0.013722999952733517,0.009716000407934189,0.012078000232577324,14.503113,0.0033030000049620867,0.009456000290811062,13.336511,0.01976099982857704,0.07799500226974487,99.99,9.989999771118164,99.98999786376953,99.99,9.989999771118164,99.98999786376953,99.99,9.989999771118164,99.98999786376953,1.6488749980926514,-0.08649999648332596,0.6499999761581421,0.5422890186309814,2167727.0,763420.0,135542947.0,29.797060012817383,8.0,3.0,6.0,2.0,0.0,0.0,0.0,2.0,47665.986813,0.06438890283816387
741,84.236771,-69.271767,46.75754247563426,46.83450267225667,12.22572220325586,12.223804461074176,0.0,619632.9221281094,3035.7024286303667,0.0,619632.9221281094,3128.5366700128084,0.0,619632.9221281094,3217.2109309461857,0.0,3.4914639887023498,44.9,48.39146398870235,0.0813643300699098,4.828419842114641,44.16670197289541,48.99512181501005,0.1125771045929227,7.587000000000003,1116.8204932364704,0.0,0.1496255054816089,3.842644267559302,4.469829462975044,,,,0,84.23673928276504,-69.2717714817311,279.68637604012264,-31.80689460071179,305.98777673703574,-86.53235960203398,0.01657699979841709,0.01657699979841709,0.014942999929189682,0.010479000397026539,12.886756,0.003607999999076128,0.014585000462830067,99.99,9.989999771118164,99.98999786376953,99.99,9.989999771118164,99.98999786376953,99.99,9.989999771118164,99.98999786376953,99.99,9.989999771118164,99.98999786376953,0.8858000040054321,-0.03680000081658363,99.98999786376953,4.014656066894531,2220184.0,760773.0,135555915.0,49.40055847167969,5.0,1.0,5.0,0.0,0.0,0.0,0.0,-1.0,47554.525946,0.04351473769513922
742,84.26094,-69.643074,47.66835313686192,47.684,12.204752540246089,12.20427877038973,0.0,630154.7570055614,3039.726575446073,0.0,630154.7570055614,3132.621588396352,0.0,630154.7570055614,3221.3527775014554,0.0,3.4246954643584147,45.91418312122298,49.3388785855814,0.0782787703897298,5.033386960290031,45.08621036717221,50.11959732746224,0.1147118133613513,8.055611112573686,86.87736919568663,1.0,0.8532913123062966,3.8478405953608714,4.277521028266938,,,,0,84.26086337859174,-69.64295485837772,280.1183747397228,-31.752228809229386,302.13980658016516,-86.25074356357808,0.02984200045466423,0.02984200045466423,0.013341999612748623,0.004585000220686197,12.469007,0.004275000188499689,0.0034660000819712877,99.99,9.989999771118164,99.98999786376953,99.99,9.989999771118164,99.98999786376953,99.99,9.989999771118164,99.98999786376953,99.99,9.989999771118164,99.98999786376953,0.9430000185966492,0.04749999940395355,99.98999786376953,2.6411800384521484,2166908.0,761671.0,135544647.0,13.104287147521973,2.0,1.0,2.0,0.0,0.0,0.0,0.0,-1.0,47665.2292071,0.4395122379082983
743,84.266308,-69.167656,20.06390448812572,20.077788123360236,13.144819605705802,13.143292634693838,0.0,315756.65835016756,3042.744675006837,0.0,315756.65835016756,3135.6852400818907,0.0,315756.65835016756,3224.4591004536524,0.0,2.5170396232198406,18.75628863363658,21.27332825685642,0.136897577857157,3.527693153770251,18.27440235274719,21.802095506517443,0.1912626603042664,5.670083763569874,313.6593006933521,0.0,0.7051841147320651,3.82221746608736,4.11608628414004,,,,1,84.26632967493387,-69.16768013607168,279.56329753677073,-31.809181233131852,307.018784022862,-86.61692461776414,0.014644999988377094,0.014644999988377094,0.017607999965548515,0.02982800081372261,13.660605,0.0038930000737309456,0.05249800160527229,99.99,9.989999771118164,99.98999786376953,99.99,9.989999771118164,99.98999786376953,99.99,9.989999771118164,99.98999786376953,99.99,9.989999771118164,99.98999786376953,0.8794999718666077,0.05575000122189522,99.98999786376953,8.521206855773926,2220187.0,760318.0,135556622.0,1.1793320178985596,4.0,1.0,4.0,0.0,0.0,0.0,0.0,-1.0,47554.641283,0.09121356152680739
744,84.289308,-69.324539,42.99825172873786,43.028157512404135,12.316642036985382,12.315682923676942,0.0,366983.5508596392,3039.726575446073,0.0,366983.5508596392,3132.621588396352,0.0,366983.5508596392,3221.3527775014554,0.0,2.761790709903565,41.580261548175365,44.34205225807893,0.0696529887892793,4.118247866454752,40.873979397379074,44.992227263833826,0.1040123790397977,5.842519014694311,1161.2834731889795,0.0,0.1547936752141652,3.8626142532778487,4.514564532291361,,,,0,84.28931292601224,-69.32453394177512,279.74530115843794,-31.781975341140974,305.18751571640666,-86.50465202323508,0.03903599828481674,0.03903599828481674,99.98999786376953,99.98999786376953,12.957434,0.007329999934881926,99.98999786376953,99.99,9.989999771118164,99.98999786376953,99.99,9.989999771118164,99.98999786376953,99.99,9.989999771118164,99.98999786376953,99.99,9.989999771118164,99.98999786376953,1.059000015258789,0.10199999809265137,99.98999786376953,2.361043930053711,2166884.0,760773.0,135555868.0,51.34265899658203,1.0,1.0,1.0,0.0,0.0,0.0,0.0,-1.0,47554.1809726,0.01925600332510066
745,84.311686,-70.506462,5.793360544843415,5.791981900769889,14.493267542303606,14.493015546048218,0.0,28274.338684980205,3024.63594173711,0.0,28274.338684980205,3117.3028520651155,0.0,28274.338684980205,3205.8203645939307,0.0,0.5938752498167634,5.496696164445656,6.09057141426242,0.1118253328213434,0.868043893879376,5.353813498552801,6.221857392432177,0.1630609053530189,1.2436537652553978,1160.157898801698,0.0,0.0419742424120381,3.6065551376300378,4.260297833870374,,,,0,84.3117192261488,-70.50648396185544,281.1218400090155,-31.62229308677124,295.19000047228855,-85.54304220659847,0.010964999906718731,0.010964999906718731,0.007530999835580587,0.014677000232040882,17.980633,0.007278999779373407,0.09866800159215927,14.561627,0.003868000116199255,0.018583999946713448,99.99,9.989999771118164,99.98999786376953,99.99,9.989999771118164,99.98999786376953,99.99,9.989999771118164,99.98999786376953,2.25,0.04390899837017059,0.800000011920929,0.5316839814186096,2167721.0,763847.0,135540127.0,26.524442672729492,11.0,3.0,7.0,4.0,0.0,0.0,0.0,2.0,47772.1884009,0.08856713224637243
746,84.382455,-70.299202,5.005563506777906,5.0054299236140585,14.652297367369869,14.651710132773928,0.0,38237.47226360501,3023.6298914106337,0.0,38237.47226360501,3116.2815745662365,0.0,38237.47226360501,3204.784822952373,0.0,0.6479818961197896,4.686001313985095,5.3339832101048845,0.1401965464909729,0.957967557568832,4.516647136437723,5.474614694006555,0.2093030289753272,1.4013167808104958,84.72692194904975,0.0,0.1416115119160806,3.60342150054754,4.1418896028197585,,,,0,84.3825056072134,-70.29921031169131,280.87687378776343,-31.626334697338777,296.3269398522526,-85.73291626719012,0.010228999890387058,0.010228999890387058,0.007027999963611364,0.02006799913942814,17.919357,0.00518900016322732,0.006051000207662582,14.629667,0.003392999991774559,0.06102599948644638,99.99,9.989999771118164,99.98999786376953,99.99,9.989999771118164,99.98999786376953,99.99,9.989999771118164,99.98999786376953,1.5394999980926514,0.020899999886751175,0.800000011920929,0.9198179841041565,2167726.0,763420.0,135542987.0,28.76500701904297,10.0,3.0,5.0,5.0,0.0,0.0,0.0,2.0,47665.1036520,0.06831768362119166
747,84.392608,-69.45929,87.24846339659211,87.24468856066977,11.54823312734378,11.548287709599984,0.0,326258.5718348983,2444.9648810885933,0.0,326258.5718348983,2528.3927044312973,0.0,326258.5718348983,2608.2556410464817,0.0,3.2056640966336545,85.60236492023427,88.80802901686792,0.0393036455773518,4.896771989816372,84.70313903773723,89.5999110275536,0.0614532545693435,10.056549559105846,1162.192427170825,1.0,1.2902804859550656,3.821299243928857,4.021028980943421,,,,1,84.39242983468584,-69.45931394684523,279.8973926460345,-31.729454892233292,303.3429171769221,-86.42375507387106,0.019572999328374863,0.019572999328374863,0.22469399869441986,0.027955999597907066,14.381927,0.00369199994020164,0.8072310090065002,99.99,9.989999771118164,99.98999786376953,99.99,9.989999771118164,99.98999786376953,99.99,9.989999771118164,99.98999786376953,99.99,9.989999771118164,99.98999786376953,9.325333595275879,0.4934999942779541,0.8600000143051147,1.6291550397872925,2166902.0,761672.0,135555323.0,14.434499740600586,6.0,3.0,6.0,0.0,0.0,0.0,0.0,2.0,47554.907543,0.24099487400514416
748,84.43914,-69.309685,29.647725778780924,29.67,12.720241931211794,12.7190189525966,0.0,162138.5671239592,3036.7084668430884,0.0,162138.5671239592,3129.5579049142943,0.0,162138.5671239592,3218.2464014458856,0.0,1.6731027335588422,28.780327814414363,30.453430547973205,0.0614865569661784,2.435299619803434,28.32120430080385,30.75650392060728,0.0894865355755971,3.731405481619859,246.3487254888613,0.0,0.2648076643735877,3.845848469789352,4.150229266471198,,,,0,84.43918088075941,-69.30966710396045,279.72039895089915,-31.731235330927298,304.67791054995286,-86.5501508608938,0.016927000135183334,0.016927000135183334,0.06895499676465988,0.04563299939036369,13.535521,0.005563000217080116,0.14930100739002228,99.99,9.989999771118164,99.98999786376953,99.99,9.989999771118164,99.98999786376953,99.99,9.989999771118164,99.98999786376953,99.99,9.989999771118164,99.98999786376953,7.065000057220459,0.7400000095367432,0.03999999910593033,3.401128053665161,2166887.0,761225.0,135555566.0,91.52005004882812,6.0,3.0,6.0,0.0,0.0,0.0,0.0,2.0,47554.526004,0.08279165466701056
749,84.521252,-69.296501,23.59068031992581,23.597570308250017,12.968465832253722,12.968000000000002,0.0,172406.4226248728,3042.744675006837,0.0,172406.4226248728,3135.6852400818907,0.0,172406.4226248728,3224.4591004536524,0.0,1.6881479082428683,22.727056950084386,24.415204858327257,0.0776668695257569,2.3855392131924233,22.394918919695492,24.780458132887915,0.1099766808668025,3.704475163929008,502.18063573618105,0.0,0.4367722719510631,3.8747356952045457,4.141883684885975,,,,0,84.52125541201629,-69.29650521429973,279.70097351321914,-31.704003011108348,304.44560251084005,-86.57880143894981,0.022432999685406685,0.022432999685406685,0.015692999586462975,0.01931300014257431,13.447437,0.005342999938875437,0.026815000921487808,99.99,9.989999771118164,99.98999786376953,99.99,9.989999771118164,99.98999786376953,99.99,9.989999771118164,99.98999786376953,99.99,9.989999771118164,99.98999786376953,0.791333019733429,0.027333000674843788,99.98999786376953,4.419300079345703,2166887.0,761225.0,135555571.0,12.430486679077148,3.0,1.0,3.0,0.0,0.0,0.0,0.0,-1.0,47554.525978,0.015780725316679754
750,84.576233,-69.067322,90.42992003402688,90.43856255142872,11.50942544195114,11.509277922897123,0.0,454665.2132866165,3032.684307949978,0.0,454665.2132866165,3125.4729440611745,0.0,454665.2132866165,3214.104483962188,0.0,4.652145299382838,88.12383058658952,92.77597588597236,0.0557014245731828,6.81181178594953,87.20059387967771,94.01240566562724,0.0812111414576026,10.178928731826304,333.7388980007576,0.0,1.15861516888419,3.880448659049522,4.220658596304906,,,,1,84.57632064079206,-69.067307332468,279.4307201303236,-31.711317539863575,306.7623623652112,-86.76546852727591,0.024212999269366264,0.024212999269366264,0.02072799950838089,0.05164000019431114,13.848551,0.005530000198632479,0.012649999931454659,13.367027,0.06072099879384041,99.98999786376953,99.99,9.989999771118164,99.98999786376953,99.99,9.989999771118164,99.98999786376953,99.99,9.989999771118164,99.98999786376953,2.785749912261963,0.3802500069141388,99.98999786376953,26.42043685913086,2220185.0,760319.0,135556514.0,63.697479248046875,4.0,1.0,3.0,1.0,0.0,0.0,0.0,-1.0,47554.521683,0.12447604148788274
751,84.611746,-69.764206,,,,,,,,,,,,,,,,,,,,,,,,,,,3.9044726887439354,5.095434638220906,,,,0,,,,,,,,,,,,,,,,,,,,,,,,,,,,,,,,,,,,,,,,,,,
752,84.661939,-69.13736,25.536596381245893,25.543408363916953,12.882714900588038,12.881890380385354,0.0,194801.95193583975,3041.738642823771,0.0,194801.95193583975,3134.6640263833847,0.0,194801.95193583975,3223.4236653650532,0.0,2.6956249576126226,24.17661510585598,26.872240063468603,0.1147000000000009,3.9907116308610218,23.48841971608827,27.47913134694929,0.1698740713788336,5.823658091538686,100.26619449012024,0.0,0.7561963747783517,3.7288633644749063,4.381062788787544,,,,1,84.6619516611441,-69.13737986037106,279.5084118861931,-31.672937301741477,305.5437662069716,-86.73278754785487,0.01333099976181984,0.01333099976181984,0.013307999819517136,0.020805999636650085,13.644112,0.0033549999352544546,0.03861299902200699,99.99,9.989999771118164,99.98999786376953,99.99,9.989999771118164,99.98999786376953,99.99,9.989999771118164,99.98999786376953,99.99,9.989999771118164,99.98999786376953,0.8999999761581421,-0.017400000244379044,99.98999786376953,24.81049346923828,2220185.0,760774.0,135556314.0,94.10466003417969,5.0,1.0,5.0,0.0,0.0,0.0,0.0,-1.0,47554.525139,0.07331684203573949
753,84.677308,-69.017288,34.69441874024047,34.68916273364567,12.549516963654495,12.549611691400722,0.0,102309.09150707773,3033.690349184316,0.0,102309.09150707773,3126.49418958802,0.0,102309.09150707773,3215.1399722072956,0.0,1.6124699053540823,33.8957992529143,35.508269158268384,0.050628325008553,2.3688049040995764,33.521915394306234,35.89072029840581,0.0736191249005457,3.705487661648192,333.8244714445464,0.0,0.341665652372089,3.932708700842,4.2053321690778604,,,,0,84.6773535383056,-69.01731582727125,279.36750869139104,-31.681111234484653,306.8764676749859,-86.82682312950818,0.01881299912929535,0.01881299912929535,0.04989499971270561,0.03831100091338158,13.459353,0.0034260000102221966,0.030365999788045883,13.122027,0.007079000119119883,99.98999786376953,99.99,9.989999771118164,99.98999786376953,99.99,9.989999771118164,99.98999786376953,99.99,9.989999771118164,99.98999786376953,0.9016000032424927,0.03240000084042549,99.98999786376953,18.2236385345459,2220189.0,760319.0,135556532.0,39.04773712158203,5.0,1.0,4.0,1.0,0.0,0.0,0.0,-1.0,47554.519988,0.11611120240615107
754,84.679486,-69.025673,20.49861238198406,20.49798037274235,13.121020470176076,13.120873342652317,0.0,75076.21233175536,3036.7084668430884,0.0,75076.21233175536,3129.5579049142943,0.0,75076.21233175536,3218.2464014458856,0.0,1.4406715434987092,19.78279492080548,21.223466464304188,0.0758886278020121,2.158156624344315,19.45776347376585,21.615920098110166,0.1144435473869229,3.3942693309466776,1313.4649923382417,0.0,0.2601650849966894,3.859436136756305,4.03016945132009,,,,0,84.67952847322984,-69.02571391204324,279.37721096600626,-31.67938979172796,306.7650504783731,-86.82107608116185,0.0972369983792305,0.0972369983792305,0.044342998415231705,0.038649000227451324,13.378024,0.004228999838232994,0.037282999604940414,13.249027,0.5327020287513733,99.98999786376953,99.99,9.989999771118164,99.98999786376953,99.99,9.989999771118164,99.98999786376953,99.99,9.989999771118164,99.98999786376953,0.8446000218391418,-0.04960000142455101,99.98999786376953,20.537803649902344,2220189.0,760319.0,135556510.0,29.75216293334961,5.0,1.0,4.0,1.0,0.0,0.0,0.0,-1.0,47554.520178,0.1571239965940023
755,84.690958,-66.614372,8.804573818228983,8.797057872636547,14.038809306704408,14.039,0.0,23427.103021905285,1266.8009014027325,0.0,23427.103021905285,1327.1662582884603,0.0,23427.103021905285,1385.4283683709027,0.0,0.8994598180769096,8.3432,9.242659818076907,0.111242733415672,1.2652400000000004,8.20576,9.471,0.1555600000000012,1.872999999999999,1168.743323568275,0.0,0.1972315792580556,3.602236139070274,4.230805090610605,,,,0,84.69102552734329,-66.61437980933782,276.553659186219,-31.915959874590556,356.10725756783137,-87.89044665252133,0.014469999819993973,0.014469999819993973,0.09900499880313873,0.023364000022411346,15.275896,0.004213999956846237,0.025043999776244164,13.996311,0.006008000113070011,99.98999786376953,99.99,9.989999771118164,99.98999786376953,99.99,9.989999771118164,99.98999786376953,99.99,9.989999771118164,99.98999786376953,1.0299999713897705,0.07800000160932541,0.0,0.3147760033607483,2187452.0,754039.0,135610219.0,88.3583984375,6.0,3.0,5.0,1.0,0.0,0.0,0.0,2.0,47197.21193,0.1005022639463967
756,84.721164,-70.717834,40.28925178917526,40.30040807311797,12.387193258722643,12.386849469631205,0.0,234591.11575994728,3014.5753928363965,0.0,234591.11575994728,3107.0899165999117,0.0,234591.11575994728,3195.464680167087,0.0,1.8800243225801196,39.35432567741988,41.23435,0.050831233567278,2.8839650643963353,38.869196249165064,41.7531613135614,0.0784446120860344,3.97310912799081,383.49966633811033,0.0,0.3607786190814017,3.799504295953913,4.4146670700325,,,,0,84.72121858006875,-70.71785650895251,281.3465514215491,-31.459568616642848,292.3814484429812,-85.4236328089584,0.03604000061750412,0.03604000061750412,0.004639000166207552,0.031289998441934586,13.553425,0.005737000145018101,0.01969500072300434,99.99,9.989999771118164,99.98999786376953,99.99,9.989999771118164,99.98999786376953,99.99,9.989999771118164,99.98999786376953,99.99,9.989999771118164,99.98999786376953,3.820499897003174,0.03849999979138374,99.98999786376953,0.7307590246200562,2167756.0,764270.0,135539801.0,97.73900604248047,2.0,1.0,2.0,0.0,0.0,0.0,0.0,-1.0,47772.1885905,0.10380853365636347
757,84.738261,-68.948074,31.228868431210884,31.23027020265194,12.663878126559805,12.663838142179504,0.0,253951.22849774433,3035.7024286303667,0.0,253951.22849774433,3128.5366700128084,0.0,253951.22849774433,3217.2109309461857,0.0,2.0251554967714256,30.218621964122704,32.24377746089413,0.0704347856997262,3.0269657977842357,29.75331280453021,32.780278602314446,0.1048031228804635,4.7032990929214264,76.19372418084218,0.0,0.4725186566815423,3.9008874566970144,4.245662760120899,,,,0,84.73818413165723,-68.94808651781644,279.2838041870161,-31.66718195501852,307.4272428584563,-86.89284207724135,0.024145999923348427,0.024145999923348427,0.04566799849271774,0.028317000716924667,13.013039,0.00395999988541007,0.005824000108987093,99.99,9.989999771118164,99.98999786376953,99.99,9.989999771118164,99.98999786376953,99.99,9.989999771118164,99.98999786376953,99.99,9.989999771118164,99.98999786376953,0.9789999723434448,0.09533300250768661,99.98999786376953,6.384037017822266,2220191.0,760319.0,135556571.0,5.506130218505859,3.0,1.0,3.0,0.0,0.0,0.0,0.0,-1.0,47554.517280,0.10914162044097335
758,84.76943,-67.879074,22.964967211562087,22.985128315754128,12.997592218400474,12.996347568179162,0.0,159128.9896355259,4293.6001274655955,0.0,159128.9896355259,4403.794339592624,0.0,159128.9896355259,4508.731180429944,0.0,1.4032437968062546,22.22646377820451,23.62970757501077,0.0665140153202177,2.1723201057439603,21.841,24.01332010574396,0.1031424318208369,3.0906605187604157,502.9477100596648,0.0,0.1483354180075993,3.9240485217880896,4.214806119856421,,,,0,84.76948062379033,-67.87910651715316,278.0326735333366,-31.76810795120198,324.5434415298614,-87.58461728605934,0.022179000079631805,0.022179000079631805,0.017362000420689583,0.00995699968189001,13.617424,0.005121999885886908,0.006231000181287527,99.99,9.989999771118164,99.98999786376953,--,9.989999771118164,99.98999786376953,--,9.989999771118164,99.98999786376953,--,9.989999771118164,99.98999786376953,0.6826670169830322,-0.03133299946784973,99.98999786376953,0.36824899911880493,2220261.0,757505.0,135604666.0,60.391151428222656,3.0,1.0,3.0,0.0,0.0,0.0,0.0,-1.0,47320.654364,0.13569487251417944
759,84.77477,-69.274086,42.35777136749681,42.36357057869753,12.332926376876278,12.33245191043611,0.0,369493.6902328066,3042.744675006837,0.0,369493.6902328066,3135.6852400818907,0.0,369493.6902328066,3224.4591004536524,0.0,2.6071940905370425,41.062923119313,43.67011720985004,0.0670000000000001,3.7813917938560166,40.50070206928052,44.28209386313654,0.0969999999999995,5.463383057342476,685.2230769983855,0.0,0.595306088988667,3.7864479220887217,4.49779683561795,,,,0,84.7747494372881,-69.27409964345986,279.6625915675022,-31.617548210084827,303.50264272210603,-86.6525815023249,0.033027999103069305,0.033027999103069305,99.98999786376953,99.98999786376953,13.205189,0.016656000167131424,99.98999786376953,99.99,9.989999771118164,99.98999786376953,99.99,9.989999771118164,99.98999786376953,99.99,9.989999771118164,99.98999786376953,99.99,9.989999771118164,99.98999786376953,0.800000011920929,-0.012000000104308128,99.98999786376953,6.50300407409668,2166887.0,760774.0,135556240.0,73.78692626953125,1.0,1.0,1.0,0.0,0.0,0.0,0.0,-1.0,47554.1810319,0.055666309432427674
760,84.783639,-70.337944,3.7128202196479743,3.655,14.98938815190719,14.993,0.0,265037.63709728554,3039.726575446073,0.0,265037.63709728554,3132.621588396352,0.0,265037.63709728554,3221.3527775014554,0.0,1.749095790505523,2.91685648520304,4.665952275708563,0.5099775713902392,2.12856519781748,2.7360679596889437,4.8646331575064234,0.6249204947453659,4.727760639026844,7.962305802484075,0.0,0.3323063782566714,3.905691129922882,4.000867337616777,,,,0,84.78368269840672,-70.33793748325871,280.90162216916764,-31.48737299462766,294.49012613169725,-85.76800746599284,0.006839999929070473,0.006839999929070473,0.007373000029474497,0.007315000053495169,16.918753,0.004170000087469816,0.006761999800801277,15.490594,0.001782999956049025,0.018347999081015587,14.930989,0.0029929999727755785,0.03853800147771835,14.706613,0.022088000550866127,0.03525000065565109,14.588422,0.01742199994623661,0.002867999952286482,1.6644999980926514,0.09527800232172012,0.949999988079071,1.0700639486312866,2167714.0,763420.0,135542875.0,95.50484466552734,18.0,3.0,5.0,5.0,4.0,2.0,2.0,2.0,47665.1041242,0.05789784354899199
761,84.834334,-69.107307,24.570100291173947,24.5834374535912,12.924261922364735,12.923293201406496,0.0,107363.14654305507,3041.738642823771,0.0,107363.14654305507,3134.6640263833847,0.0,107363.14654305507,3223.4236653650532,0.0,1.6128855817508203,23.734429272476767,25.347314854227587,0.0713766796420429,2.3815932325605225,23.30673093667382,25.688324169234345,0.1055360171420076,3.5472368255582225,568.5219085305623,0.0,0.1489326172779396,3.8190584652507433,4.223767983244558,,,,0,84.83436849331092,-69.10732367472376,279.46519290711905,-31.615273758325745,305.05535689603664,-86.79538816462959,0.01869799941778183,0.01869799941778183,0.009115999564528465,0.015018000267446041,13.570205,0.004701000172644854,0.0005949999904260039,99.99,9.989999771118164,99.98999786376953,99.99,9.989999771118164,99.98999786376953,99.99,9.989999771118164,99.98999786376953,99.99,9.989999771118164,99.98999786376953,1.4346669912338257,-0.1850000023841858,99.98999786376953,21.304855346679688,2220185.0,760319.0,135556484.0,63.88461685180664,3.0,1.0,3.0,0.0,0.0,0.0,0.0,-1.0,47554.523857,0.07459561721015699
762,84.916091,-69.20118,38.664321781712104,38.72184360819361,12.431981229628992,12.430021024878648,0.0,349677.7061963125,3039.726575446073,0.0,349677.7061963125,3132.621588396352,0.0,349677.7061963125,3221.3527775014554,0.0,2.367212249841664,37.38750919213141,39.75472144197307,0.0670312032982618,3.3750472611713676,36.85179339915778,40.226840660329145,0.0949789890983439,4.508630856997726,396.0272308715393,0.0,0.5042464360966974,3.829034761253038,4.153917007288337,,,,1,84.91615123359279,-69.20117916729774,279.5709089914981,-31.575933886472754,303.6051294685838,-86.74087151951606,0.027997000142931938,0.027997000142931938,0.0348379984498024,0.07263900339603424,13.846167,0.0077599999494850636,0.039225999265909195,99.99,9.989999771118164,99.98999786376953,99.99,9.989999771118164,99.98999786376953,99.99,9.989999771118164,99.98999786376953,99.99,9.989999771118164,99.98999786376953,0.9580000042915344,-0.007499999832361937,99.98999786376953,8.472749710083008,2166886.0,760774.0,135556216.0,95.77125549316406,2.0,1.0,2.0,0.0,0.0,0.0,0.0,-1.0,47554.641565,0.07705588495029535
763,84.916984,-69.742706,71.30661154713825,71.28571629652036,11.76735746282588,11.767488843675247,0.0,559016.372596963,3041.738642823771,0.0,559016.372596963,3134.6640263833847,0.0,559016.372596963,3223.4236653650532,0.0,3.396006556174356,69.63316854010112,73.02917509627548,0.0519428164655657,5.122141275310739,68.81862022087142,73.94076149618216,0.0774813672655412,7.424982332257699,252.91382898349508,0.0,0.6758709123446857,3.778573989387327,4.44118678666941,,,,0,84.91699205838925,-69.74268674366152,280.2021537802777,-31.51409012079233,298.3905607199047,-86.30091441314309,0.02336999960243702,0.02336999960243702,0.006051000207662582,0.0018319999799132347,12.796731,0.004815999884158373,0.0010979999788105488,99.99,9.989999771118164,99.98999786376953,99.99,9.989999771118164,99.98999786376953,99.99,9.989999771118164,99.98999786376953,99.99,9.989999771118164,99.98999786376953,0.8324999809265137,0.05249999836087227,99.98999786376953,12.72893238067627,2166898.0,761672.0,135555082.0,31.70429801940918,2.0,1.0,2.0,0.0,0.0,0.0,0.0,-1.0,47554.2119511,0.0700467203929091
764,84.949506,-69.267471,16.953236121212527,16.95208368671613,13.327023875232184,13.326914372178727,0.0,42843.697376649754,3021.6177877188525,0.0,42843.697376649754,3114.2390088825937,0.0,42843.697376649754,3202.7137218227845,0.0,0.7253709376114017,16.59003222655761,17.315403164169012,0.0467107035177871,1.1263892711589951,16.3974851089681,17.523874380127097,0.0717797177498518,1.5451369300479527,625.5164752328928,0.0,0.045018268728186,3.9357084128418736,4.143561418120943,,,,0,84.94957613055925,-69.26745230278974,279.6466693992675,-31.55680787242995,302.7310788812215,-86.69582389580266,0.026350000873208046,0.026350000873208046,0.003602999961003661,0.027905000373721123,14.024524,0.011861000210046768,0.008690999820828438,99.99,9.989999771118164,99.98999786376953,99.99,9.989999771118164,99.98999786376953,99.99,9.989999771118164,99.98999786376953,99.99,9.989999771118164,99.98999786376953,1.0210000276565552,-0.10750000178813934,99.98999786376953,4.823672771453857,2166895.0,760774.0,135556194.0,98.5550765991211,2.0,1.0,2.0,0.0,0.0,0.0,0.0,-1.0,47554.1810267,0.11188692025410094
765,84.979328,-67.15332,20.65387114176869,20.669,13.112782043925089,13.111923420619402,0.0,44570.087761384224,1270.8383884796883,0.0,44570.087761384224,1331.298083214285,0.0,44570.087761384224,1389.6485406717318,0.0,1.301599999999997,19.9872,21.2888,0.0680765793805981,2.1480886799630703,19.61144,21.75952867996307,0.1131165793806001,2.936363715826623,331.4453846452756,0.0,0.3840539710186362,3.796135790592709,4.1189205214853475,,,,0,84.9794292950276,-67.15332610586722,277.17396504665214,-31.756064417147385,340.9849072328245,-87.94036691718178,0.018554000183939934,0.018554000183939934,0.018309999257326126,0.014801000244915485,14.336597,0.004788000136613846,0.0012209999840706587,99.99,9.989999771118164,99.98999786376953,99.99,9.989999771118164,99.98999786376953,99.99,9.989999771118164,99.98999786376953,99.99,9.989999771118164,99.98999786376953,0.7145000100135803,-0.02250000089406967,99.98999786376953,0.3124000132083893,2220134.0,755549.0,135608760.0,14.710179328918457,2.0,1.0,2.0,0.0,0.0,0.0,0.0,-1.0,47197.1294499,0.14328218206531837
766,85.004564,-69.581306,26.38033404541149,26.372017451354488,12.847014233132056,12.847183270558798,0.0,145717.4685343097,3032.684307949978,0.0,145717.4685343097,3125.4729440611745,0.0,145717.4685343097,3214.104483962188,0.0,1.4193380845852133,25.670635341923443,27.089973426508656,0.0585435796662476,2.1812358316454805,25.38876329673116,27.56999912837664,0.0892377724420363,3.155060576210335,716.7342030070258,0.0,0.1752423357465699,3.797136407377807,4.240099715976622,,,,0,85.00459653134833,-69.58132991911913,280.0100428919377,-31.50239033410455,299.4010992887697,-86.45219633161496,0.02124599926173687,0.02124599926173687,0.018163999542593956,0.0342009998857975,13.647288,0.005018999800086021,0.00963400024920702,99.99,9.989999771118164,99.98999786376953,99.99,9.989999771118164,99.98999786376953,99.99,9.989999771118164,99.98999786376953,99.99,9.989999771118164,99.98999786376953,1.1619999408721924,-0.11266700178384781,99.98999786376953,7.864005088806152,2166899.0,761672.0,135555165.0,8.019469261169434,3.0,1.0,3.0,0.0,0.0,0.0,0.0,-1.0,47554.1814521,0.09531060370671511
767,85.03308,-67.099304,20.645048816192546,20.64783539230863,13.11320133994476,13.113,0.0,35861.80114220405,1265.7915202147358,0.0,35861.80114220405,1326.133268942176,0.0,35861.80114220405,1384.3732700101202,0.0,1.1631131897085325,20.0676,21.23071318970853,0.0615633771851591,1.8175925726360165,19.74837,21.565962572636018,0.0954133771851584,2.4936597829263505,321.8719478657228,0.0,0.282711744723262,3.949942787349709,4.178385324572775,,,,1,85.03313457935523,-67.0992909181967,277.1085233008552,-31.739980658071648,342.31789778626074,-87.973495167651,0.013898000121116638,0.013898000121116638,0.002595999976620078,0.006287999916821718,14.012966,0.004513999912887812,0.02065899968147278,99.99,9.989999771118164,99.98999786376953,99.99,9.989999771118164,99.98999786376953,99.99,9.989999771118164,99.98999786376953,99.99,9.989999771118164,99.98999786376953,0.578000009059906,-0.02800000086426735,99.98999786376953,0.2724139988422394,2187417.0,755549.0,135608803.0,76.16654968261719,3.0,1.0,3.0,0.0,0.0,0.0,0.0,-1.0,47197.1294467,0.08979948074873546
768,85.053551,-69.581863,59.429963866308775,59.45017867980928,11.96539540059691,11.964741917129173,0.0,989976.1605995216,3042.744675006837,0.0,989976.1605995216,3135.6852400818907,0.0,989976.1605995216,3224.4591004536524,0.0,4.774987860446139,57.035102924735625,61.81009078518176,0.0869999999999997,6.632354598652576,56.02329868078585,62.655653279438425,0.1211990715064619,10.074033395824737,436.58024506469104,0.0,1.1133584848201292,3.825052356224832,4.176316461754512,,,,0,85.05352743248962,-69.58187128855825,280.0084124918779,-31.48536775717618,299.1669453297534,-86.46126740907182,0.021237999200820923,0.021237999200820923,0.0029180001001805067,0.02179899998009205,12.888633,0.004947999957948923,0.00836700014770031,99.99,9.989999771118164,99.98999786376953,99.99,9.989999771118164,99.98999786376953,99.99,9.989999771118164,99.98999786376953,99.99,9.989999771118164,99.98999786376953,1.062000036239624,0.09366700053215027,99.98999786376953,6.838113784790039,2166899.0,761225.0,135555330.0,28.716623306274414,3.0,1.0,3.0,0.0,0.0,0.0,0.0,-1.0,47554.1814522,0.042029274372520777
769,85.067588,-66.67672,20.280042443188535,20.252420100899045,13.132607955115308,13.134,0.0,46985.80025302103,1269.8290223526296,0.0,46985.80025302103,1330.2651468198271,0.0,46985.80025302103,1388.593530714636,0.0,1.288466913520594,19.66519508922502,20.953662002745613,0.0683422078827273,1.9961408066308444,19.328066076167843,21.324206882798688,0.1070599999999988,2.901373242246379,340.27343883405837,0.0,0.3581203127914845,3.813157676244416,4.038189896279358,,,,0,85.06762568778491,-66.67668977924478,276.61196290767316,-31.761956686918268,354.34709319911065,-88.03967605581731,0.016328999772667885,0.016328999772667885,0.014681999571621418,0.010579999536275864,13.961043,0.004904000088572502,0.011122000403702259,99.99,9.989999771118164,99.98999786376953,99.99,9.989999771118164,99.98999786376953,99.99,9.989999771118164,99.98999786376953,99.99,9.989999771118164,99.98999786376953,0.5176669955253601,0.013667000457644463,99.98999786376953,0.18787699937820435,2187453.0,754547.0,135609850.0,11.675901412963867,3.0,1.0,3.0,0.0,0.0,0.0,0.0,-1.0,47197.1293494,0.12133332119201336
770,85.072987,-69.515961,129.42630344827586,129.569,11.12046206896552,11.119000000000002,0.0,757013.5368351794,741.2671501774192,0.0,757013.5368351794,787.707186454267,0.0,757013.5368351794,832.9301187273785,0.0,11.853200000000015,123.1978,135.05100000000002,0.0998000000000001,15.784159999999986,120.76488,136.54904,0.1335599999999992,23.098,137.40084063650374,0.0,2.9559882857619924,3.784237151026903,4.969071187715036,,,,0,85.0730490662991,-69.51596195828459,279.93071450603566,-31.48597384367014,299.67669840063013,-86.51972204511047,0.04804399982094765,0.04804399982094765,99.98999786376953,99.98999786376953,11.952904,0.007441999856382608,99.98999786376953,--,9.989999771118164,99.98999786376953,--,9.989999771118164,99.98999786376953,--,9.989999771118164,99.98999786376953,--,9.989999771118164,99.98999786376953,1.2419999837875366,0.03200000151991844,99.98999786376953,4.342942237854004,2166897.0,761225.0,135555350.0,13.836878776550293,1.0,1.0,1.0,0.0,0.0,0.0,0.0,-1.0,47554.2235943,0.07826763349338167
771,85.074858,-69.468552,72.52266586986002,72.43840652158106,11.749095676450374,11.750008778756795,0.0,1029697.3416110032,3042.744675006837,0.0,1029697.3416110032,3135.6852400818907,0.0,1029697.3416110032,3224.4591004536524,0.0,4.766491470851534,70.34789904944202,75.11439052029355,0.0709999999999979,6.424190767012419,69.44089923298758,75.86509,0.0959328731409439,9.733595987399797,418.3631697564838,0.0,0.9708949047453314,3.865077680734002,4.486534963370332,,,,0,85.07488711286895,-69.46856917431444,279.87539893084727,-31.490606783148856,300.1122172827159,-86.55916097251789,0.02123500034213066,0.02123500034213066,0.0009200000204145908,0.026095999404788017,12.902975,0.004953000228852034,0.010962000116705894,99.99,9.989999771118164,99.98999786376953,99.99,9.989999771118164,99.98999786376953,99.99,9.989999771118164,99.98999786376953,99.99,9.989999771118164,99.98999786376953,0.7540000081062317,-0.04349999874830246,99.98999786376953,3.3673689365386963,2166897.0,761225.0,135555398.0,72.59510803222656,2.0,1.0,2.0,0.0,0.0,0.0,0.0,-1.0,47554.1812343,0.07192899576452716
772,85.080661,-69.689636,30.17024788693141,30.180684786057988,12.701220477686842,12.700794713466978,0.0,120147.50531025048,3020.611734352529,0.0,120147.50531025048,3113.217720694251,0.0,120147.50531025048,3201.678162328777,0.0,1.3261369041907365,29.486050894254305,30.81218779844504,0.0478482928125405,2.036565626890482,29.13556861916142,31.1721342460519,0.0736935168494721,2.9847257897896675,123.0048183542314,0.0,0.2696535906588976,3.7148795102228496,4.46388669007368,,,,0,85.08066314572929,-69.68962376016805,280.13269578511637,-31.463821313298784,298.0956180505512,-86.37628274640136,0.018171999603509903,0.018171999603509903,0.003389999968931079,0.019139999523758888,14.0895,0.004339999984949827,0.008410999551415443,99.99,9.989999771118164,99.98999786376953,99.99,9.989999771118164,99.98999786376953,99.99,9.989999771118164,99.98999786376953,99.99,9.989999771118164,99.98999786376953,0.7960000038146973,-0.06666699796915054,99.98999786376953,10.029373168945312,2166898.0,761672.0,135555136.0,64.77714538574219,3.0,1.0,3.0,0.0,0.0,0.0,0.0,-1.0,47554.1814960,0.044144896954292905
773,85.088533,-69.3116,33.18522598631107,33.19387261978122,12.597871173345206,12.597520828051191,0.0,230104.91600074383,3029.6661781956623,0.0,230104.91600074383,3122.40918620154,0.0,230104.91600074383,3210.9979836886628,0.0,1.889088875314428,32.222382971500906,34.111471846815334,0.0624373818676105,2.7653729859110037,31.75579015066503,34.521163136576035,0.09042566694899,4.257014135295762,1313.1961846708905,0.0,0.2431987141212772,3.816891233063703,4.431559504173089,,,,0,85.08852518885561,-69.31158409728565,279.69178733749936,-31.503111619746555,301.5907848539747,-86.68989645484392,0.026333000510931015,0.026333000510931015,0.016672000288963318,0.03797699883580208,13.59051,0.011780999600887299,0.004308999981731176,99.99,9.989999771118164,99.98999786376953,99.99,9.989999771118164,99.98999786376953,99.99,9.989999771118164,99.98999786376953,99.99,9.989999771118164,99.98999786376953,0.7459999918937683,-0.03449999913573265,99.98999786376953,2.478389024734497,2166892.0,760774.0,135556125.0,5.146028995513916,2.0,1.0,2.0,0.0,0.0,0.0,0.0,-1.0,47554.1810537,0.05810532948322159
774,85.137987,-67.211502,12.685781737600765,12.680765267519742,13.64197634073804,13.642,0.0,46493.29706882371,1666.2587619373685,0.0,46493.29706882371,1735.326130482239,0.0,46493.29706882371,1801.7381567511152,0.0,0.8119175219798116,12.299,13.110917521979813,0.0691679195358769,1.257184061033854,12.082668909023749,13.3398529700576,0.1076196993939557,1.6421267822260734,137.41884122287902,1.0,0.1745679369283733,3.9357084128418753,4.01076141812095,,,,0,85.1380591328727,-67.21149602310129,277.2358049823415,-31.689723441027727,338.946274051073,-87.98412059314428,0.01409200020134449,0.01409200020134449,0.005148000083863735,0.010347000323235989,14.381418,0.004625000059604645,0.005642999894917011,99.99,9.989999771118164,99.98999786376953,99.99,9.989999771118164,99.98999786376953,99.99,9.989999771118164,99.98999786376953,99.99,9.989999771118164,99.98999786376953,0.6186670064926147,-0.03500000014901161,99.98999786376953,0.31273001432418823,2220142.0,755549.0,135608719.0,32.907955169677734,3.0,1.0,3.0,0.0,0.0,0.0,0.0,-1.0,47197.1294575,0.10285710444012053
775,85.145193,-69.66127,27.068249649848376,27.076699979006897,12.819109596193314,12.81882964407445,0.0,168616.1053706802,3037.714504049611,0.0,168616.1053706802,3130.5791362775353,0.0,168616.1053706802,3219.2818660363628,0.0,1.662242977175758,26.231773246805403,27.89401622398116,0.0666059439112221,2.504886694402064,25.74423760793484,28.249124302336902,0.1003651975878305,3.583696709418664,113.80488699562991,0.0,0.2763756449037081,3.837800052497645,4.047828999584012,,,,1,85.1451374589508,-69.66125555718801,280.09669783894105,-31.44476185830707,298.03870035187475,-86.41224729580824,0.02204200066626072,0.02204200066626072,0.011990999802947044,0.014999999664723873,13.42456,0.005127999931573868,0.0017330000409856439,99.99,9.989999771118164,99.98999786376953,99.99,9.989999771118164,99.98999786376953,99.99,9.989999771118164,99.98999786376953,99.99,9.989999771118164,99.98999786376953,0.6765000224113464,0.008999999612569809,99.98999786376953,7.139420986175537,2166898.0,762116.0,135553775.0,15.460536003112793,2.0,1.0,2.0,0.0,0.0,0.0,0.0,-1.0,47554.1814782,0.08679316061018685
776,85.241643,-69.23159,36.40429981151661,36.40276726191082,12.497301777336386,12.497039496742524,0.0,179320.44091409858,3035.7024286303667,0.0,179320.44091409858,3128.5366700128084,0.0,179320.44091409858,3217.2109309461857,0.0,1.7084744265422884,35.534,37.24247442654229,0.0512494485899956,2.5752431894053913,35.109,37.68424318940539,0.0767887744558208,4.061994639436897,1258.350946574709,0.0,0.3737462870432892,3.720623819499706,4.7270716558264345,,,,0,85.24172650820265,-69.23157720089489,279.59168604207457,-31.457795072690423,301.6493188286051,-86.78648958033945,0.0279959999024868,0.0279959999024868,0.013837999664247036,0.01692100055515766,14.565578,0.007732999976724386,0.020701000466942787,99.99,9.989999771118164,99.98999786376953,99.99,9.989999771118164,99.98999786376953,99.99,9.989999771118164,99.98999786376953,99.99,9.989999771118164,99.98999786376953,1.0785000324249268,-0.03400000184774399,99.98999786376953,2.2769930362701416,2166895.0,760775.0,135554986.0,88.10254669189453,2.0,1.0,2.0,0.0,0.0,0.0,0.0,-1.0,47554.2115590,0.11613259587069799
777,85.244159,-69.25267,47.04841724941725,46.997,12.21989743589744,12.220000000000002,0.0,259836.51652889093,441.1509665513472,0.0,259836.51652889093,477.23419222991464,0.0,259836.51652889093,512.7634528944474,0.0,7.269999999999989,43.3742,50.64419999999999,0.1679999999999992,11.451519999999997,41.97336,53.424879999999995,0.2617999999999991,15.328000000000005,9.67818956406913,1.0,2.1933256385737807,3.7974717375937312,4.220504874512862,,,,0,85.24420685944929,-69.25266433692416,279.61615826508375,-31.454689792971493,301.4164206026347,-86.76993314925728,0.013693000189960003,0.013693000189960003,0.025937000289559364,0.07122399657964706,14.214103,0.004728999920189381,0.08890099823474884,99.99,9.989999771118164,99.98999786376953,13.022875,0.01053600013256073,99.98999786376953,99.99,9.989999771118164,99.98999786376953,99.99,9.989999771118164,99.98999786376953,3.632857084274292,-0.025286000221967697,0.0,2.010917901992798,2166895.0,761226.0,135554815.0,21.170860290527344,7.0,3.0,6.0,0.0,1.0,0.0,0.0,2.0,47554.848855,0.06434959617436817
778,85.249355,-69.644539,35.07111864117827,35.0783899859848,12.53792054607804,12.537347213079642,0.0,317801.3188874508,3039.726575446073,0.0,317801.3188874508,3132.621588396352,0.0,317801.3188874508,3221.3527775014554,0.0,2.424215605313556,33.83926802672298,36.26348363203654,0.0749345878235629,3.5284924988240647,33.25924755301149,36.78774005183555,0.1092290677523166,5.40740835669645,62.6178095647153,0.0,0.560307664960002,3.946672757033846,4.308519963982594,,,,0,85.24934017668764,-69.64453070263319,280.072509643882,-31.410608137552618,297.690703861404,-86.44575369526973,0.023781999945640564,0.023781999945640564,0.0028909998945891857,0.024637000635266304,12.775719,0.005400000140070915,0.0026229999493807554,99.99,9.989999771118164,99.98999786376953,99.99,9.989999771118164,99.98999786376953,99.99,9.989999771118164,99.98999786376953,99.99,9.989999771118164,99.98999786376953,0.8679999709129333,0.06449999660253525,99.98999786376953,3.752121925354004,2166898.0,762116.0,135553783.0,16.966524124145508,2.0,1.0,2.0,0.0,0.0,0.0,0.0,-1.0,47554.1815271,0.035168261063271714
779,85.279678,-71.507668,19.145728911327833,19.1433099392213,13.194991764351302,13.195015218079927,0.0,56820.136184283765,3020.611734352529,0.0,56820.136184283765,3113.217720694251,0.0,56820.136184283765,3201.678162328777,0.0,0.856093757753257,18.723550665491956,19.579644423245213,0.0482180514400365,1.286437915573014,18.533775684040055,19.82021359961307,0.0732866943999326,1.915968734529805,971.2210093152842,0.0,0.0352625770996432,3.938766337253504,4.225885882305933,,,,0,85.27968029100641,-71.50767899929228,282.2358945812943,-31.178031149451126,286.66002249196333,-84.77641596101292,0.020183000713586807,0.020183000713586807,0.01690700091421604,0.018552999943494797,13.992365,0.004081000108271837,0.02558000013232231,99.99,9.989999771118164,99.98999786376953,99.99,9.989999771118164,99.98999786376953,99.99,9.989999771118164,99.98999786376953,99.99,9.989999771118164,99.98999786376953,0.8402000069618225,-0.0835999995470047,99.98999786376953,0.26066499948501587,2167776.0,765923.0,135362357.0,47.000732421875,5.0,1.0,5.0,0.0,0.0,0.0,0.0,-1.0,47875.1943587,0.039683768476327236
780,85.284794,-67.3564,15.151470318261012,15.173372244970205,13.45055611371934,13.447210020667876,0.0,147756.87435271463,1711.623843539097,0.0,147756.87435271463,1781.609988145448,0.0,147756.87435271463,1848.882548428567,0.0,2.658734265036049,13.805773943461976,16.464508208498025,0.1910166670500768,3.422465235422271,13.427546846091596,16.850012081513867,0.2471184968998194,5.427454010990138,48.76422657179733,0.0,0.6096474911212996,3.7757376491694967,4.124433844514464,,,,0,85.28479563236557,-67.35637359314639,277.39968763225016,-31.620875729812855,334.5195286873803,-87.99091177476798,0.015459000132977962,0.015459000132977962,0.006903999950736761,0.013225000351667404,14.280352,0.004579000174999237,0.008705000393092632,99.99,9.989999771118164,99.98999786376953,99.99,9.989999771118164,99.98999786376953,99.99,9.989999771118164,99.98999786376953,99.99,9.989999771118164,99.98999786376953,0.6776670217514038,0.045333001762628555,99.98999786376953,0.23784899711608887,2220130.0,756044.0,135608430.0,75.19219207763672,3.0,1.0,3.0,0.0,0.0,0.0,0.0,-1.0,47197.1295146,0.09509159116209187
781,85.288253,-69.180138,12.4458524620005,12.443442970565158,13.662669580421134,13.662584218898228,0.0,40550.22017292555,3020.611734352529,0.0,40550.22017292555,3113.217720694251,0.0,40550.22017292555,3201.678162328777,0.0,0.7043250200858022,12.096115298453212,12.800440318539016,0.0616009893068625,1.0896173570646257,11.910977003023724,13.000594360088348,0.0952376410172295,1.5462776563407274,440.7605518866116,0.0,0.0991158587735805,3.6453663152664233,4.04114680595387,,,,1,85.2882566817509,-69.18014107297415,279.52969045178537,-31.446771430252223,301.95573982130236,-86.83775551807184,0.008491000160574913,0.008491000160574913,0.08110299706459045,0.05625300109386444,19.755905,0.030997000634670258,0.07501000165939331,16.977499,0.004002999980002642,0.04599500074982643,15.463638,0.00266700005158782,0.21441200375556946,14.727224,0.004005999770015478,0.09520699828863144,99.99,9.989999771118164,99.98999786376953,4.230999946594238,0.7299129962921143,0.23000000417232513,2.7221739292144775,2166895.0,760775.0,135555001.0,50.25382614135742,23.0,3.0,3.0,7.0,8.0,5.0,0.0,2.0,47554.1838086,0.012024013988530046
782,85.289906,-69.179497,12.69339925955578,12.68964312581818,13.641280952647044,13.641460345653329,0.0,39796.108570890014,3020.611734352529,0.0,39796.108570890014,3113.217720694251,0.0,39796.108570890014,3201.678162328777,0.0,0.6918407651005403,12.35008149404098,13.04192225914152,0.059431897448043,1.0849453655135282,12.154511053228816,13.239456418742344,0.0929999999999982,1.5539881425913045,440.7605518866116,0.0,0.0662275766379157,3.679306244349162,4.1813554801794846,,,,0,85.28992297308524,-69.17949180194877,279.52886109761323,-31.44625017659767,301.95406033899997,-86.83862944268361,0.017139999195933342,0.017139999195933342,0.02806299924850464,0.015459000132977962,15.168017,0.006266000214964151,0.02162100002169609,13.892796,0.003022999968379736,0.007160999812185764,13.252662,0.01030499953776598,99.98999786376953,99.99,9.989999771118164,99.98999786376953,99.99,9.989999771118164,99.98999786376953,2.4778339862823486,0.029833000153303146,99.98999786376953,2.7216200828552246,2166895.0,760775.0,135555004.0,64.68806457519531,6.0,1.0,3.0,2.0,1.0,0.0,0.0,-1.0,47554.2115273,0.028668318978500085
783,85.313089,-69.241997,22.80226344081695,22.806,13.005331276125148,13.004881649497538,0.0,142673.9491011791,3039.726575446073,0.0,142673.9491011791,3132.621588396352,0.0,142673.9491011791,3221.3527775014554,0.0,1.4901022456703217,22.061340487167495,23.551442732837817,0.0708044018688713,2.1003150094270424,21.76300520037005,23.86332020979709,0.0999398164541691,3.2010595810624203,11.100898766711609,0.0,0.3962319219503563,3.949942787349709,4.247985324572776,,,,0,85.31313122930158,-69.2419816922326,279.6006932120896,-31.431527710838452,301.17400397638204,-86.79285300776722,0.027970999479293823,0.027970999479293823,0.010320999659597874,0.020587999373674393,13.448546,0.007381000090390444,0.014023000374436378,99.99,9.989999771118164,99.98999786376953,99.99,9.989999771118164,99.98999786376953,99.99,9.989999771118164,99.98999786376953,99.99,9.989999771118164,99.98999786376953,0.8525000214576721,0.06300000101327896,99.98999786376953,1.91047203540802,2166895.0,760775.0,135554985.0,42.18730163574219,2.0,1.0,2.0,0.0,0.0,0.0,0.0,-1.0,47554.2115643,0.07707181786431527
784,85.320522,-69.169754,13.339832357893798,13.343270398763336,13.58738492898891,13.587056012043483,0.0,54130.34102644594,3035.7024286303667,0.0,54130.34102644594,3128.5366700128084,0.0,54130.34102644594,3217.2109309461857,0.0,0.8211680737932845,12.933831926206716,13.755,0.0669999999999984,1.218,12.753,13.971,0.0989619575175506,1.8288631749061643,400.9306570497597,0.0,0.1494734368396758,3.8001902832613896,4.002372615082014,,,,0,85.32058957022113,-69.16975501158255,279.51618089367577,-31.43641992975894,301.8990258303416,-86.85292986898199,0.01905299909412861,0.01905299909412861,0.05055699869990349,0.019429000094532967,14.525259,0.005239999853074551,0.027627000585198402,13.724072,0.002234000014141202,0.032347001135349274,13.36455,0.003060000017285347,99.98999786376953,99.99,9.989999771118164,99.98999786376953,99.99,9.989999771118164,99.98999786376953,1.7037999629974365,0.04439999908208847,99.98999786376953,2.7042369842529297,2166895.0,760775.0,135555005.0,1.571727991104126,5.0,1.0,2.0,2.0,1.0,0.0,0.0,-1.0,47554.2232610,0.086577413704773
785,85.375419,-69.325356,67.60595235103406,67.72794675422128,11.825255629496626,11.823131685685617,0.0,542739.8111027828,2444.9648810885933,0.0,542739.8111027828,2528.3927044312973,0.0,542739.8111027828,2608.2556410464817,0.0,3.63769144567668,65.59869609179155,69.23638753746823,0.0588683143143828,5.067552962972627,64.99551594362757,70.0630689066002,0.0814840288996983,11.1782321505085,327.2151602088316,0.0,1.331796642574019,3.8571294766608113,4.714943762925168,,,,0,85.3753706549189,-69.32534709640217,279.69514608846924,-31.40091508770704,300.0086652957062,-86.73708289912427,0.027463000267744064,0.027463000267744064,0.031168999150395393,0.014186999760568142,12.781503,0.006517000030726194,0.06163499876856804,99.99,9.989999771118164,99.98999786376953,99.99,9.989999771118164,99.98999786376953,99.99,9.989999771118164,99.98999786376953,99.99,9.989999771118164,99.98999786376953,2.4045000076293945,-0.11249999701976776,99.98999786376953,1.1671830415725708,2166890.0,761226.0,135554789.0,99.02871704101562,2.0,1.0,2.0,0.0,0.0,0.0,0.0,-1.0,47554.1811179,0.06930505450989645
786,85.417021,-68.606743,15.45206092634694,15.44,13.427729258861838,13.4285553623603,0.0,43476.392235228566,3024.63594173711,0.0,43476.392235228566,3117.3028520651155,0.0,43476.392235228566,3205.8203645939307,0.0,0.7744026060530924,15.09502995885818,15.869432564911271,0.0544446376397012,1.1995708062624075,14.885498016147393,16.0850688224098,0.0837321081060036,1.6067780867028103,329.38467480224847,0.0,0.1845924442006695,3.9240485217880896,4.066006119856421,,,,0,85.41707957641786,-68.60674956801975,278.855477185465,-31.458127371554433,308.3998909423768,-87.31056909782772,0.013717000372707844,0.013717000372707844,0.026491999626159668,0.0205680001527071,14.234533,0.003776000114157796,0.01642500050365925,13.487309,0.004238000139594078,0.017962999641895294,13.583145,0.0035170000046491623,99.98999786376953,99.99,9.989999771118164,99.98999786376953,99.99,9.989999771118164,99.98999786376953,1.2089999914169312,-0.0521249994635582,99.98999786376953,0.4869219958782196,2220242.0,759398.0,135558845.0,80.97454071044922,8.0,1.0,5.0,2.0,1.0,0.0,0.0,-1.0,47439.908548,0.08047244434390334
787,85.419263,-69.368065,34.26436186989647,34.25683582806886,12.563113742263448,12.563279552358926,0.0,249199.25705314617,3042.744675006837,0.0,249199.25705314617,3135.6852400818907,0.0,249199.25705314617,3224.4591004536524,0.0,1.9321778580534923,33.29257894329256,35.224756801346054,0.0610838657076762,2.8082509130503936,32.92210250712441,35.7303534201748,0.0890508876838822,4.217000000000006,64.97950444007847,0.0,0.449123345655417,3.925457318809756,4.282569313366949,,,,0,85.41925558784165,-69.36805678706524,279.7430138474687,-31.381064437833984,299.3666008396786,-86.71030154866664,0.018055999651551247,0.018055999651551247,0.01568000018596649,0.003338000038638711,13.140959,0.004135999828577042,0.004889999981969595,99.99,9.989999771118164,99.98999786376953,99.99,9.989999771118164,99.98999786376953,99.99,9.989999771118164,99.98999786376953,99.99,9.989999771118164,99.98999786376953,0.9966670274734497,0.07933299988508224,99.98999786376953,0.9389470219612122,2166891.0,761226.0,135554763.0,50.715965270996094,3.0,1.0,3.0,0.0,0.0,0.0,0.0,-1.0,47554.1811220,0.031025579679671508
788,85.436136,-69.587502,29.160376750933228,29.119923330739265,12.738610812758626,12.739729426978958,0.0,482686.69564257783,3042.744675006837,0.0,482686.69564257783,3135.6852400818907,0.0,482686.69564257783,3224.4591004536524,0.0,2.99467940971056,27.73952059028944,30.7342,0.1111785890406569,4.303723300672679,27.19090533932755,31.49462864000023,0.1598847370418603,6.5343024848606746,655.3634704617048,0.0,0.5272560713476774,3.8626142532778487,4.07016453229136,,,,0,85.43608052024621,-69.58746557692409,279.99782353787305,-31.352113552204106,297.2794578908566,-86.52853191454359,0.02029399946331978,0.02029399946331978,0.0063669998198747635,0.013395999558269978,13.033259,0.0039160000160336494,0.005570000037550926,99.99,9.989999771118164,99.98999786376953,99.99,9.989999771118164,99.98999786376953,99.99,9.989999771118164,99.98999786376953,99.99,9.989999771118164,99.98999786376953,0.7053329944610596,0.04699999839067459,99.98999786376953,0.9928039908409119,2166896.0,761673.0,135553949.0,63.876617431640625,3.0,1.0,3.0,0.0,0.0,0.0,0.0,-1.0,47554.1815080,0.14847828518111908
789,85.453935,-69.297897,31.226504737226872,31.226527220576138,12.663960177980035,12.663743628132655,0.0,276121.9709869424,3035.7024286303667,0.0,276121.9709869424,3128.5366700128084,0.0,276121.9709869424,3217.2109309461857,0.0,2.0035118041100475,30.21348819588995,32.217,0.0691814159597523,2.920795200297004,29.78585795938238,32.706653159679384,0.1020000000000003,4.4917846899522615,124.08108559126858,0.0,0.4343667530309286,3.945061040463724,4.362024327188413,,,,0,85.45391145936951,-69.29788594182055,279.65978041306454,-31.3761646101049,299.87579648025036,-86.77539092786196,0.022182000800967216,0.022182000800967216,0.03257400169968605,0.05019700154662132,13.000338,0.005123000126332045,0.033615998923778534,99.99,9.989999771118164,99.98999786376953,99.99,9.989999771118164,99.98999786376953,99.99,9.989999771118164,99.98999786376953,99.99,9.989999771118164,99.98999786376953,0.958666980266571,0.061000000685453415,99.98999786376953,1.1965689659118652,2166891.0,761226.0,135554783.0,47.104942321777344,3.0,1.0,3.0,0.0,0.0,0.0,0.0,-1.0,47554.1811153,0.04982277810793409
790,85.465791,-70.423386,19.66208827572203,19.656,13.166094856815452,13.166552993669695,0.0,69275.87678141872,3017.5935681657106,0.0,69275.87678141872,3110.1538347216297,0.0,69275.87678141872,3198.5714480939887,0.0,0.8735441121877656,19.23945588781223,20.113,0.0480464171640306,1.2932064213687404,19.03662528601459,20.32983170738333,0.0711365017240961,1.925896909573087,4.5500065819178985,0.0,0.2477811273226219,3.839577565246478,4.14017772097808,,,,0,85.46587427175048,-70.42335407963974,280.9688108266949,-31.249734024460928,291.1896141559394,-85.7975052007308,0.01906600035727024,0.01906600035727024,0.008541000075638294,0.00761700002476573,14.181229,0.00381799996830523,0.012667999602854252,99.99,9.989999771118164,99.98999786376953,99.99,9.989999771118164,99.98999786376953,99.99,9.989999771118164,99.98999786376953,99.99,9.989999771118164,99.98999786376953,0.6023330092430115,-0.06133300065994263,99.98999786376953,0.8511340022087097,2167747.0,763421.0,135541543.0,87.21881866455078,3.0,1.0,3.0,0.0,0.0,0.0,0.0,-1.0,47665.2294677,0.15262517934218753
791,85.500693,-69.212509,74.25423584741759,74.25535130882412,11.72337034949006,11.723073197133136,0.0,429683.3824377181,3036.7084668430884,0.0,429683.3824377181,3129.5579049142943,0.0,429683.3824377181,3218.2464014458856,0.0,3.3815875591164684,72.5814062894694,75.96299384858587,0.049329466135557,5.280321330020513,71.54376231045336,76.82408364047387,0.0777575776593835,7.628242176155411,1117.8240805030748,0.0,0.3994340080957954,3.873815148588205,4.702618337686323,,,,0,85.50066984060686,-69.2124789294988,279.5582917820677,-31.36840455145624,300.49783812302945,-86.85523233866742,0.023740999400615692,0.023740999400615692,0.014426000416278839,0.009239000268280506,12.634318,0.004685999825596809,0.03548000007867813,99.99,9.989999771118164,99.98999786376953,99.99,9.989999771118164,99.98999786376953,99.99,9.989999771118164,99.98999786376953,99.99,9.989999771118164,99.98999786376953,1.2569999694824219,-0.0023330000694841146,99.98999786376953,1.9083449840545654,2166893.0,760775.0,135554973.0,6.735188007354736,3.0,1.0,3.0,0.0,0.0,0.0,0.0,-1.0,47554.2115479,0.11222491750270461
792,85.507777,-68.714325,,,,,,,,,,,,,,,,,,,,,,,,,,,3.736323531847011,4.071094699708239,,,,0,85.50780615150086,-68.71433422358803,278.9772718572148,-31.41493491166857,306.37376733568425,-87.25199977914104,0.007973000407218933,0.007973000407218933,0.045938000082969666,0.03235099837183952,19.19881,0.009940000250935555,0.06643500179052353,16.10914,0.0021699999924749136,0.08959999680519104,14.792169,0.0013889999827370048,0.01939000003039837,13.823653,0.09651999920606613,99.98999786376953,99.99,9.989999771118164,99.98999786376953,3.350696086883545,-0.03478299826383591,0.8399999737739563,0.8598129749298096,2220243.0,759398.0,135558816.0,58.63279724121094,23.0,3.0,7.0,9.0,6.0,1.0,0.0,2.0,47439.634518,0.050536668909888983
793,85.532318,-69.280785,12.840539506355842,12.840554544343922,13.628717598246356,13.628537614769776,0.0,32436.72322775243,3012.563270864201,0.0,32436.72322775243,3105.0472866341693,0.0,32436.72322775243,3193.393471680147,0.0,0.6114939614532524,12.542165593367388,13.15365955482064,0.0512152587744427,0.9124265550327308,12.411317279360237,13.323743834392967,0.0768544425987158,1.3256744336315105,1312.5385647646222,0.0,0.0130817145989965,3.7509033130462854,4.076754232817462,,,,0,85.53237400518285,-69.28075061454827,279.636498577541,-31.350311792558017,299.6354596909612,-86.80509784696977,0.014030000194907188,0.014030000194907188,0.04204399883747101,0.0405610017478466,15.036923,0.004058000165969133,0.015371999703347683,13.749805,0.0025510000996291637,99.98999786376953,99.99,9.989999771118164,99.98999786376953,99.99,9.989999771118164,99.98999786376953,99.99,9.989999771118164,99.98999786376953,1.0181430578231812,-0.062286000698804855,0.550000011920929,1.2864749431610107,2166889.0,760775.0,135554950.0,95.71894073486328,7.0,3.0,6.0,1.0,0.0,0.0,0.0,2.0,47554.823219,0.1428684927990106
794,85.537535,-69.216705,,,,,,,,,,,,,,,,,,,,,,,,,,,3.943464674841481,4.369553222652551,,,,0,85.53756614438281,-69.21668561914444,279.5616455275234,-31.35495348950376,300.25759557866587,-86.85918865699377,0.019229000434279442,0.019229000434279442,0.016008000820875168,0.020925000309944153,13.172929,0.0043020001612603664,0.02136100083589554,99.99,9.989999771118164,99.98999786376953,12.755939,0.02076900005340576,99.98999786376953,99.99,9.989999771118164,99.98999786376953,99.99,9.989999771118164,99.98999786376953,0.953499972820282,0.03725000098347664,99.98999786376953,1.825760006904602,2166893.0,760775.0,135555010.0,91.8978271484375,4.0,1.0,3.0,0.0,1.0,0.0,0.0,-1.0,47554.2115506,0.08031667296438846
795,85.549741,-69.207756,126.64664824840864,126.5519287524434,11.143703381030182,11.144416484150714,1.0,1195586.3752463595,2438.924455050774,0.0,1195586.3752463595,2522.250537547406,0.0,1195586.3752463595,2602.018172345253,0.0,6.323790777731745,123.64050147470248,129.96429225243423,0.0538369692352596,10.299191584830254,122.4407384151697,132.73992999999996,0.0877422863356809,15.055660329011856,383.85588765326975,0.0,1.4349000577321105,3.8659144837203048,4.520025477085582,,,,0,85.54979052002498,-69.2077289790179,279.55069991322466,-31.351536998418496,300.28466122918053,-86.8690299992323,0.023732999339699745,0.023732999339699745,0.005557000171393156,0.0018400000408291817,12.689361,0.004430999979376793,0.03506600111722946,99.99,9.989999771118164,99.98999786376953,99.99,9.989999771118164,99.98999786376953,99.99,9.989999771118164,99.98999786376953,99.99,9.989999771118164,99.98999786376953,1.0723329782485962,0.01899999938905239,99.98999786376953,1.9417250156402588,2166893.0,760775.0,135555010.0,61.55668640136719,3.0,1.0,3.0,0.0,0.0,0.0,0.0,-1.0,47554.2115457,0.11604863450463722
796,85.564934,-68.176895,34.400521842742315,34.387160686524076,12.558742583825484,12.559127456717274,0.0,134105.95926720582,3035.7024286303667,0.0,134105.95926720582,3128.5366700128084,0.0,134105.95926720582,3217.2109309461857,0.0,1.4357119588096836,33.71308236731851,35.1487943261282,0.0452406457537186,2.191563221944506,33.39983072625188,35.591393948196384,0.0693640100413031,3.129277479996489,752.9513702580357,0.0,0.1249635972943045,3.896266543001701,4.267190557461747,,,,0,85.5649644075298,-68.176909959368,278.3478652016714,-31.44375092530517,314.5262710865236,-87.65057110276398,0.021571999415755272,0.021571999415755272,0.010976999998092651,0.022122999653220177,13.643014,0.0044639999978244305,0.021817000582814217,99.99,9.989999771118164,99.98999786376953,--,9.989999771118164,99.98999786376953,--,9.989999771118164,99.98999786376953,--,9.989999771118164,99.98999786376953,1.565750002861023,-0.2017499953508377,99.98999786376953,0.3235839903354645,2220247.0,758460.0,135602931.0,69.6407241821289,4.0,1.0,4.0,0.0,0.0,0.0,0.0,-1.0,47320.655328,0.06749953543593092
797,85.576602,-68.461136,50.67183057919611,50.684609763248154,12.138216252469356,12.137922129968716,0.0,225829.02883804071,3034.696389410944,0.0,225829.02883804071,3127.515431571307,0.0,225829.02883804071,3216.175454534308,0.0,1.8548688193451568,49.732808422996925,51.58767724234208,0.0391751599163239,2.7633357883602514,49.319959253942,52.083295042302254,0.0590082664443052,4.076092796930389,578.6710116058405,0.0,0.2279209428984703,3.928316013681225,4.102564721469004,,,,1,85.57666142332205,-68.46114685920325,278.67914317224864,-31.413690657172545,309.6501159152226,-87.45670657280733,0.01661200076341629,0.01661200076341629,0.03460799902677536,0.011714999563992023,13.705622,0.004135999828577042,0.051065001636743546,99.99,9.989999771118164,99.98999786376953,13.35973,0.006442999932914972,99.98999786376953,99.99,9.989999771118164,99.98999786376953,99.99,9.989999771118164,99.98999786376953,0.734000027179718,0.007666999939829111,99.98999786376953,0.2821139991283417,2220254.0,758931.0,135559092.0,83.5664291381836,6.0,1.0,5.0,0.0,1.0,0.0,0.0,-1.0,47439.908337,0.08772997094031278
798,85.58733,-69.487892,87.71055706684115,87.684,11.542474425577218,11.54296551757522,0.0,335699.82285027683,3025.6419910513205,0.0,335699.82285027683,3118.324126004417,0.0,335699.82285027683,3206.8559002906445,0.0,2.3856884766659334,86.61635457100732,89.00204304767325,0.0293947465095278,3.659086486728924,86.0093854256268,89.66847191235573,0.0453038716555092,5.141458044878263,333.13951278513764,0.0,0.6425213451556278,3.8766035081338894,4.036468647289321,,,,0,85.58737775987072,-69.4878634790709,279.8753879957979,-31.309913754300826,297.39610103663944,-86.64109247746876,0.007180999964475632,0.007180999964475632,0.005392000079154968,0.006577999796718359,14.481441,0.004486999940127134,0.013135000132024288,13.560855,0.012316999956965446,99.98999786376953,13.48315,0.009821999818086624,0.003773000091314316,99.99,9.989999771118164,99.98999786376953,13.509668,0.014155999757349491,0.022760000079870224,2.2074999809265137,0.04699999839067459,0.0,0.6124190092086792,2166896.0,761226.0,135554606.0,54.90944290161133,12.0,3.0,5.0,1.0,3.0,0.0,3.0,2.0,47554.933920,0.1190459883659374
799,85.603976,-68.371994,24.247897584027186,24.251492682434268,12.938474694643354,12.938148683051963,0.0,83585.482301404,3029.6661781956623,0.0,83585.482301404,3122.40918620154,0.0,83585.482301404,3210.9979836886628,0.0,1.0793940246662217,23.704754210805387,24.78414823547161,0.0482107307122454,1.687437733736676,23.419580000000003,25.10701773373668,0.0753063518764012,2.4332186028422704,752.3669417333973,0.0,0.114889482082999,3.845196216767525,4.190360907691282,,,,1,85.60401826726336,-68.3720135603963,278.574062080835,-31.4118095730194,310.90974956129514,-87.5274789913638,0.021261999383568764,0.021261999383568764,0.015022999607026577,0.01544100046157837,13.938325,0.004910999909043312,0.05292399972677231,99.99,9.989999771118164,99.98999786376953,99.99,9.989999771118164,99.98999786376953,99.99,9.989999771118164,99.98999786376953,99.99,9.989999771118164,99.98999786376953,1.4667500257492065,-0.23475000262260437,99.98999786376953,0.27084699273109436,2220254.0,758931.0,135559134.0,60.09949493408203,4.0,1.0,4.0,0.0,0.0,0.0,0.0,-1.0,47439.908323,0.09002222203688802
800,85.605136,-69.479073,19.787517476542867,19.7774247119466,13.159160576226938,13.159634005829089,0.0,43669.65709134823,3022.623840071384,0.0,43669.65709134823,3115.260293505992,0.0,43669.65709134823,3203.7492753629867,0.0,0.7006814347851034,19.452460852064405,20.15314228684951,0.0382924177337002,1.093255941779386,19.274509682407192,20.36776562418658,0.0600208124596708,1.575676424984291,394.39935501880785,0.0,0.2076249060193669,3.872903384280811,4.081370940064607,,,,0,85.60514581739432,-69.47904032010912,279.8643686770919,-31.30462333313712,297.38406278806053,-86.65186891699206,0.010408000089228153,0.010408000089228153,0.006467000115662813,0.0056039998307824135,14.253407,0.0032550001051276922,0.00445100013166666,99.99,9.989999771118164,99.98999786376953,13.250466,0.015301999635994434,99.98999786376953,99.99,9.989999771118164,99.98999786376953,99.99,9.989999771118164,99.98999786376953,1.0723329782485962,-0.03716700151562691,0.0,0.596930980682373,2166896.0,761226.0,135554607.0,25.54849624633789,6.0,3.0,5.0,0.0,1.0,0.0,0.0,2.0,47554.952933,0.11829816298313753
801,85.629423,-68.268906,47.46932424167899,47.46720442706413,12.209087761206735,12.209001291671107,0.0,159946.29762634565,3037.714504049611,0.0,159946.29762634565,3130.5791362775353,0.0,159946.29762634565,3219.2818660363628,0.0,1.571308333468295,46.693,48.26430833346829,0.0359987083288935,2.2625592373714696,46.43222,48.69477923737147,0.0517261104932433,3.40475754468072,1077.783677743943,0.0,0.0124158872094071,3.787081569566537,4.13947023154193,,,,0,85.62942607598139,-68.26891154441998,278.45275550633175,-31.411727799848006,312.4951317734477,-87.60615207338951,0.022648999467492104,0.022648999467492104,0.021573999896645546,0.004056999925523996,14.54201,0.005654999986290932,0.01885800063610077,99.99,9.989999771118164,99.98999786376953,--,9.989999771118164,99.98999786376953,--,9.989999771118164,99.98999786376953,--,9.989999771118164,99.98999786376953,1.1273330450057983,-0.07599999755620956,99.98999786376953,0.3572410047054291,2220247.0,758460.0,135602847.0,12.533768653869629,3.0,1.0,3.0,0.0,0.0,0.0,0.0,-1.0,47320.974947,0.020376652443899974
802,85.649797,-69.069824,55.08667715436307,55.076912371282624,12.047618353834755,12.047901312827843,0.0,547401.246568636,3041.738642823771,0.0,547401.246568636,3134.6640263833847,0.0,547401.246568636,3223.4236653650532,0.0,3.244840363293747,53.50180753203345,56.7466478953272,0.0639703938483524,4.547185398114358,52.881944821319166,57.42913021943352,0.0894792011983796,7.192528649566533,3.447901319386531,0.0,0.8681875368392135,3.871105833740972,4.21532957613922,,,,0,85.64989780274472,-69.06981499907175,279.3858918451875,-31.329686664570872,301.2105628936779,-87.00260649230754,0.04402099922299385,0.04402099922299385,99.98999786376953,99.98999786376953,13.00543,0.005177000071853399,99.98999786376953,99.99,9.989999771118164,99.98999786376953,99.99,9.989999771118164,99.98999786376953,99.99,9.989999771118164,99.98999786376953,99.99,9.989999771118164,99.98999786376953,0.8489999771118164,0.02800000086426735,99.98999786376953,2.865057945251465,2166882.0,760320.0,135557780.0,97.2647705078125,1.0,1.0,1.0,0.0,0.0,0.0,0.0,-1.0,47439.1577505,0.13362354995986633
803,85.68147,-68.231514,27.792379494461983,27.78888472188657,12.790405889539077,12.79019843089575,0.0,147867.18489285704,3032.684307949978,0.0,147867.18489285704,3125.4729440611745,0.0,147867.18489285704,3214.104483962188,0.0,1.5235788106508288,27.036256340779193,28.559835151430025,0.0593186662613867,2.1927161999864815,26.746994970286387,28.93971117027287,0.0858024005294311,3.290706824378234,330.03858921569986,0.0,0.3155772096560421,3.8610102673408537,4.27653416046006,,,,0,85.68145889963971,-68.23152616378997,278.40712669333345,-31.395830831827418,312.8323382379461,-87.64582994838241,0.024288000538945198,0.024288000538945198,0.031592998653650284,0.02374199964106083,13.483225,0.00468500005081296,0.01827000081539154,99.99,9.989999771118164,99.98999786376953,--,9.989999771118164,99.98999786376953,--,9.989999771118164,99.98999786376953,--,9.989999771118164,99.98999786376953,1.0133329629898071,-0.08433300256729126,99.98999786376953,0.3967060148715973,2220247.0,758460.0,135602893.0,50.1539306640625,3.0,1.0,3.0,0.0,0.0,0.0,0.0,-1.0,47320.655340,0.046229461698285894
804,85.692075,-67.812019,9.6053406834622,9.601122818639718,13.944008924435476,13.944414631070154,0.0,28868.68374436956,4277.518886861756,0.0,28868.68374436956,4387.50863284202,0.0,28868.68374436956,4492.253927585797,0.0,0.6506007116053993,9.29404423166012,9.94464494326552,0.0736841464811668,1.0082088082300975,9.092236621855706,10.100445430085804,0.1139330823453796,1.3958387733945337,1.924025917066827,1.0,0.2092527726815911,3.934201345475449,4.028434951927697,,,,0,85.69211629778147,-67.81203593803353,277.91700222925726,-31.42774858543414,321.18876443713606,-87.9136914233475,0.01409399975091219,0.01409399975091219,0.015080999583005905,0.022432999685406685,14.792836,0.006723000202327967,0.012676999904215336,13.871291,0.01660900004208088,99.98999786376953,13.864396,0.005253000184893608,99.98999786376953,13.876193,0.01765500009059906,99.98999786376953,--,9.989999771118164,99.98999786376953,2.069000005722046,-0.017999999225139618,99.98999786376953,0.4869590103626251,2220267.0,757506.0,135603956.0,42.570438385009766,5.0,1.0,2.0,1.0,1.0,1.0,0.0,-1.0,47320.767685,0.08288846013934648
805,85.763473,-67.468979,20.034946397386857,20.041,13.145721120365408,13.145033355691483,0.0,29476.203376555,1699.5269702707694,0.0,29476.203376555,1769.2693202476455,0.0,29476.203376555,1836.3135394698893,0.0,1.0036682980103038,19.53735189968297,20.541020197693275,0.054210715911795,1.5423543417057637,19.27738,20.819734341705765,0.0835967215632962,2.057503197363303,628.4973377920636,1.0,0.040315289973962,3.799162956732115,4.1014241054776095,,,,1,85.76352091184445,-67.46899446605372,277.5137248110907,-31.428408675916838,329.2922824110103,-88.1132896308799,0.02813900075852871,0.02813900075852871,99.98999786376953,99.98999786376953,14.256149,0.026705000549554825,99.98999786376953,99.99,9.989999771118164,99.98999786376953,99.99,9.989999771118164,99.98999786376953,99.99,9.989999771118164,99.98999786376953,99.99,9.989999771118164,99.98999786376953,1.1720000505447388,-0.08299999684095383,99.98999786376953,0.3141559958457947,2220259.0,756536.0,135607013.0,12.017095565795898,1.0,1.0,1.0,0.0,0.0,0.0,0.0,-1.0,47197.1295833,0.08641894742669155
806,85.824277,-69.69725,26.007059722642783,26.00090899157826,12.86242495633557,12.862693805547442,0.0,97923.55025328204,3023.6298914106337,0.0,97923.55025328204,3116.2815745662365,0.0,97923.55025328204,3204.784822952373,0.0,1.061627284089699,25.486859565268556,26.548486849358255,0.0441649531463159,1.6620743801329994,25.196125619867,26.8582,0.0690419190754099,2.3356959625548654,535.9821136403389,0.0,0.1494552734535381,3.8177496681351686,4.223213215690257,,,,0,85.82432308904885,-69.69722976432655,280.1091965210235,-31.2064100495027,294.4530268505569,-86.50076347834136,0.021800000220537186,0.021800000220537186,0.00964799989014864,0.011869999580085278,13.864017,0.0036150000523775816,0.023096000775694847,99.99,9.989999771118164,99.98999786376953,99.99,9.989999771118164,99.98999786376953,99.99,9.989999771118164,99.98999786376953,99.99,9.989999771118164,99.98999786376953,0.5313330292701721,-0.032666999846696854,99.98999786376953,1.185228943824768,2166870.0,761673.0,135553820.0,37.88429641723633,3.0,1.0,3.0,0.0,0.0,0.0,0.0,-1.0,47554.1815419,0.09285118661859455
807,85.885111,-68.3144,28.921815932749908,28.91433733228048,12.74709655736212,12.747153624624818,0.0,114016.4779032399,3033.690349184316,0.0,114016.4779032399,3126.49418958802,0.0,114016.4779032399,3215.1399722072956,0.0,1.2560301755801824,28.310680937128033,29.566711112708216,0.0471536246248156,1.9363369554863752,27.991967660885795,29.92830461637217,0.0722943566626028,2.7173135976701275,26.355962953718713,1.0,0.3401755764838823,3.8439089690264656,4.255066972724223,,,,0,85.88513352359689,-68.31442516050149,278.49618914188954,-31.313535899235816,310.1089968989592,-87.64123682211165,0.024491000920534134,0.024491000920534134,0.013280999846756458,0.005268000066280365,13.664415,0.004852000158280134,0.0033179998863488436,99.99,9.989999771118164,99.98999786376953,--,9.989999771118164,99.98999786376953,--,9.989999771118164,99.98999786376953,--,9.989999771118164,99.98999786376953,1.7239999771118164,-0.32600000500679016,99.98999786376953,0.4920539855957031,2220246.0,758460.0,135602793.0,99.77823638916016,2.0,1.0,2.0,0.0,0.0,0.0,0.0,-1.0,47320.1363400,0.09540470090055986
808,85.92611,-68.58667,20.316517595203862,20.314727094100643,13.13055103286147,13.130546950406274,0.0,66322.60084827119,3026.648039353774,0.0,66322.60084827119,3119.3453963859265,0.0,66322.60084827119,3207.891430045496,0.0,0.943619219764404,19.862,20.8056192197644,0.0503983241525158,1.445053663184826,19.63683223210304,21.081885895287865,0.0770869293810321,2.0371023011043334,232.31456298659947,1.0,0.1736288183833433,3.838979983277955,4.137648134353095,,,,0,85.92608727977085,-68.58669493978951,278.81209974871,-31.275004317544898,305.622285254641,-87.44763795690996,0.03635599836707115,0.03635599836707115,0.02551800012588501,0.0583610013127327,14.126893,0.005834000185132027,0.010150999762117863,99.99,9.989999771118164,99.98999786376953,99.99,9.989999771118164,99.98999786376953,99.99,9.989999771118164,99.98999786376953,99.99,9.989999771118164,99.98999786376953,2.237499952316284,-0.4375,99.98999786376953,0.5009220242500305,2220243.0,758931.0,135558949.0,43.45806884765625,2.0,1.0,2.0,0.0,0.0,0.0,0.0,-1.0,47439.1514952,0.0946190773836279
809,86.007315,-67.633423,26.476247645848535,26.46257834852984,12.843060210370846,12.843499893675377,0.0,120569.23935225196,2876.735403563207,0.0,120569.23935225196,2967.135885949488,0.0,120569.23935225196,3053.5303195151027,0.0,1.4502850800028746,25.77104167079018,27.221326750793057,0.0590000000000046,2.283597033465828,25.330743577025384,27.61434061049121,0.0937034576091289,3.1210363706496196,1.4124788698509647,0.0,0.4424596388838464,3.832188601578877,4.242310950637037,,,,0,86.00727266500246,-67.63343892093185,277.6973279638608,-31.322894414876014,323.5519906692079,-88.11237239541866,0.02381500042974949,0.02381500042974949,0.005716000217944384,0.010967000387609005,13.833367,0.005793000105768442,0.0030720001086592674,99.99,9.989999771118164,99.98999786376953,99.99,9.989999771118164,99.98999786376953,99.99,9.989999771118164,99.98999786376953,99.99,9.989999771118164,99.98999786376953,1.1150000095367432,-0.054499998688697815,99.98999786376953,0.2875770032405853,2220265.0,756536.0,135606829.0,43.21827697753906,2.0,1.0,2.0,0.0,0.0,0.0,0.0,-1.0,47197.1296767,0.08153827980267199
810,86.014336,-69.902939,14.985852046590308,14.984382115151975,13.460982797674475,13.461,0.0,51143.51764369609,3027.6540866449773,0.0,51143.51764369609,3120.3666632114287,0.0,51143.51764369609,3208.9269538614653,0.0,0.7464602713168969,14.613056869107396,15.359517140424291,0.05396172951197,1.1357315259044096,14.426904511366438,15.562636037270847,0.0819880358376607,1.5532583657733685,17.62798811838677,0.0,0.2063767678541932,3.762257281960909,4.143475487210624,,,,0,86.01435963400981,-69.90291829854476,280.34065790065057,-31.120470043617765,292.01721050077504,-86.34731631008222,0.029753999784588814,0.029753999784588814,0.005107999779284,0.016272999346256256,14.838602,0.004720999859273434,0.009642000310122967,99.99,9.989999771118164,99.98999786376953,99.99,9.989999771118164,99.98999786376953,99.99,9.989999771118164,99.98999786376953,99.99,9.989999771118164,99.98999786376953,0.656000018119812,0.0024999999441206455,99.98999786376953,0.7264490127563477,2166978.0,762556.0,135553251.0,61.19517517089844,2.0,1.0,2.0,0.0,0.0,0.0,0.0,-1.0,47554.2119851,0.08005445111926944
811,86.050507,-69.228134,5.236815330314254,5.23269992414567,14.60306255898083,14.603000000000002,0.0,32456.79908901987,3023.6298914106337,0.0,32456.79908901987,3116.2815745662365,0.0,32456.79908901987,3204.784822952373,0.0,0.5996337846259792,4.945370826330403,5.545004610956382,0.1245051686505842,0.909302025882374,4.79967381425719,5.708975840139564,0.1883225386078493,1.3431888480616792,356.8185235697887,0.0,0.1380337320814112,3.6201565936756746,4.028485974244637,,,,1,86.05050769848692,-69.22809873272841,279.5544049282122,-31.172739827018678,297.30788889989867,-86.94786305968987,0.017676999792456627,0.017676999792456627,0.028123000636696815,0.020232999697327614,16.289927,0.00792699959129095,0.023088999092578888,14.638268,0.002245000097900629,0.031031999737024307,99.99,9.989999771118164,99.98999786376953,99.99,9.989999771118164,99.98999786376953,99.99,9.989999771118164,99.98999786376953,1.3448330163955688,-0.019666999578475952,99.98999786376953,1.4644420146942139,2167014.0,760776.0,135557291.0,36.21193313598633,6.0,1.0,3.0,3.0,0.0,0.0,0.0,-1.0,47439.1289072,0.1269653095496903
812,86.116863,-69.801651,18.89986204565236,18.8912683142188,13.209052854103929,13.20924020699346,0.0,90016.93819053312,3026.648039353774,0.0,90016.93819053312,3119.3453963859265,0.0,90016.93819053312,3207.891430045496,0.0,0.9570328148446556,18.438823175186,19.395855990030658,0.0546674720895357,1.4688472319781631,18.205170923074153,19.674018155052316,0.0843723774192639,2.1442056525593607,209.53624587099716,0.0,0.2865044434900905,3.877550962474088,4.126588472900611,,,,0,86.11691615171729,-69.80164572722741,280.21888679894334,-31.095294042240226,292.21180202533463,-86.4538749953951,0.0360339991748333,0.0360339991748333,99.98999786376953,99.98999786376953,13.880735,0.0075170001946389675,99.98999786376953,99.99,9.989999771118164,99.98999786376953,99.99,9.989999771118164,99.98999786376953,99.99,9.989999771118164,99.98999786376953,99.99,9.989999771118164,99.98999786376953,0.7350000143051147,0.013000000268220901,99.98999786376953,1.1915709972381592,2166989.0,762117.0,135553423.0,76.49586486816406,1.0,1.0,1.0,0.0,0.0,0.0,0.0,-1.0,47554.2119804,0.06873918109344242
813,86.136478,-67.576225,11.64722432054423,11.620946306256132,13.73490492977312,13.737000000000002,0.0,9006090.485455874,2417.782565517112,0.0,9006090.485455874,2500.751552539798,0.0,9006090.485455874,2580.184692372574,0.0,1.0181192746668657,11.197334710826375,12.215453985493244,0.0944087569005915,1.6121449052767591,10.8883,12.500444905276758,0.1500563975302977,2.0913752427980903,897.7294250961874,0.0,0.0441157731972949,3.928316013681225,4.004964721469004,,,,0,86.136514793407,-67.576233425435,277.62625380799943,-31.27807276734575,324.2267161179538,-88.18463597151546,0.015410000458359718,0.015410000458359718,0.012802000157535076,0.014197000302374363,14.490211,0.004953000228852034,0.006969999987632036,99.99,9.989999771118164,99.98999786376953,99.99,9.989999771118164,99.98999786376953,99.99,9.989999771118164,99.98999786376953,99.99,9.989999771118164,99.98999786376953,1.3849999904632568,-0.08150000125169754,0.0,0.31104299426078796,2220049.0,756536.0,135606863.0,75.32545471191406,4.0,3.0,4.0,0.0,0.0,0.0,0.0,6.0,47197.1092898,0.058931117977577864
814,86.164983,-66.87178,7.913489319203093,7.924,14.154700008402,14.152979956394224,0.0,21587.56339448862,1263.7727465043763,0.0,21587.56339448862,1324.0672503998323,0.0,21587.56339448862,1382.263006758984,0.0,0.819551439359909,7.490151818173523,8.309703257533432,0.1129999999999995,1.151127931237622,7.29723,8.448357931237622,0.1587782178783694,1.9758554343428616,794.5120791834191,0.0,0.2987753220742025,3.651447491158296,4.203382732634099,,,,0,86.1650152261735,-66.87178117816174,276.80293185777185,-31.31603683358996,346.64621405703934,-88.45276427822114,0.012378999963402748,0.012378999963402748,0.01465499959886074,0.007699000183492899,17.127481,0.004081000108271837,0.006004000082612038,99.99,9.989999771118164,99.98999786376953,99.99,9.989999771118164,99.98999786376953,99.99,9.989999771118164,99.98999786376953,99.99,9.989999771118164,99.98999786376953,0.8222500085830688,-0.011749999597668648,0.9900000095367432,0.14476299285888672,2187474.0,754548.0,135619123.0,7.905331134796143,4.0,3.0,4.0,0.0,0.0,0.0,0.0,2.0,47070.1047065,0.0457661978386102
815,86.201296,-71.041496,5.03312209644019,5.036292599918056,14.646282801990688,14.644669677697122,0.0,29516.649854823267,3019.605679971904,0.0,29516.649854823267,3112.1964289391717,0.0,29516.649854823267,3200.642596877972,0.0,0.6374203557344549,4.714181978926989,5.351602334661444,0.1374626575284274,0.9689890393482532,4.533754271722483,5.502743311070736,0.2101540966097239,1.4558427254942012,751.1648090365411,0.0,0.1524454027643796,3.60704320331261,4.173437133606774,,,,0,86.20125723243993,-71.04151711811019,281.6545691749381,-30.9396302017129,285.2812833668698,-85.31557260581205,0.01899299956858158,0.01899299956858158,0.015521000139415264,0.018598999828100204,18.28181,0.010627999901771545,0.0020639998838305473,14.867814,0.008969999849796295,0.5498949885368347,99.99,9.989999771118164,99.98999786376953,99.99,9.989999771118164,99.98999786376953,99.99,9.989999771118164,99.98999786376953,6.886750221252441,1.215749979019165,0.7200000286102295,0.3972789943218231,2167658.0,765106.0,135537782.0,83.37224578857422,8.0,3.0,4.0,4.0,0.0,0.0,0.0,2.0,47772.2595107,0.08851950734850778
816,86.20323,-69.539848,23.394594565068704,23.387812862694755,12.977415891055523,12.977832216061367,0.0,136672.8882283477,3027.6540866449773,0.0,136672.8882283477,3120.3666632114287,0.0,136672.8882283477,3208.9269538614653,0.0,1.2255380930875432,22.79427789142309,24.01981598451063,0.0568459361214799,1.917766232935037,22.442368252429272,24.36013448536431,0.0890117743434739,2.6553995668969996,577.8621741650827,0.0,0.1487357949321745,3.908163736162349,4.301796527987194,,,,0,86.20333984912374,-69.5398050286013,279.9111684457188,-31.09029265505777,293.7211481292927,-86.70157472676458,0.023002000525593758,0.023002000525593758,0.027070999145507812,0.013287999667227268,13.528278,0.0030900000128895044,0.01886099949479103,99.99,9.989999771118164,99.98999786376953,99.99,9.989999771118164,99.98999786376953,99.99,9.989999771118164,99.98999786376953,99.99,9.989999771118164,99.98999786376953,0.7005000114440918,-0.004749999847263098,99.98999786376953,1.2874319553375244,2166984.0,761674.0,135554254.0,99.35623168945312,4.0,1.0,4.0,0.0,0.0,0.0,0.0,-1.0,47554.1814175,0.20746064993713373
817,86.210766,-67.494606,49.54986047757984,49.584678201427835,12.182376733057552,12.161470141407456,1.0,3982596.09559985,1711.623843539097,0.0,3982596.09559985,1781.609988145448,0.0,3982596.09559985,1848.882548428567,0.0,27.215215499105497,36.0377845008945,63.253,0.6104552121111837,30.77040000000001,34.65445,65.42485,0.6904410424222363,34.80611818046131,73.70963712223875,0.0,3.2019227512928112,3.7260028621288113,4.716029761405574,,,,0,86.21075126571372,-67.49458878562581,277.5285832938062,-31.25569397576998,325.9937905620578,-88.25136132059168,0.016062000766396523,0.016062000766396523,0.016875000670552254,0.017057999968528748,14.148351,0.005051000043749809,0.0002209999947808683,99.99,9.989999771118164,99.98999786376953,99.99,9.989999771118164,99.98999786376953,99.99,9.989999771118164,99.98999786376953,99.99,9.989999771118164,99.98999786376953,0.8360000252723694,0.048666998744010925,99.98999786376953,0.4215629994869232,2220049.0,756045.0,135607053.0,73.34822082519531,3.0,1.0,3.0,0.0,0.0,0.0,0.0,-1.0,47197.1295976,0.06521294385359869
818,86.31922,-68.99778,,,,,,,,,,,,,,,,,,,,,,,,,,,3.866759260809288,5.276733011632003,,,,0,,,,,,,,,,,,,,,,,,,,,,,,,,,,,,,,,,,,,,,,,,,
819,86.332,-67.509865,15.854522147455256,15.852854827321757,13.399829504362712,13.399976855679512,0.0,25623.300566168477,1695.4946019878437,0.0,25623.300566168477,1765.1554928614823,0.0,25623.300566168477,1832.1234166083304,0.0,0.8089371112116144,15.464362888788385,16.2733,0.0555545211055719,1.266542971453866,15.29160318799703,16.558146159450896,0.0863333636696204,1.863774046260625,329.97810411117234,0.0,0.1187344791696968,3.913255060691182,4.098313276961773,,,,0,86.33203776653447,-67.50984165999564,277.5425517458135,-31.208324399566273,324.76744618057165,-88.28316819831826,0.018191000446677208,0.018191000446677208,0.02592400088906288,0.016651999205350876,14.127592,0.004652000032365322,0.003160000080242753,99.99,9.989999771118164,99.98999786376953,99.99,9.989999771118164,99.98999786376953,99.99,9.989999771118164,99.98999786376953,99.99,9.989999771118164,99.98999786376953,0.6976670026779175,-0.0646670013666153,99.98999786376953,0.3462179899215698,2220049.0,756537.0,135606714.0,69.41976928710938,3.0,1.0,3.0,0.0,0.0,0.0,0.0,-1.0,47197.1296005,0.09881726671202673
820,86.368152,-67.688766,26.331052024659247,26.32328414404022,12.849040241251238,12.849148574047682,0.0,1356326.6261135903,4279.52905032144,0.0,1356326.6261135903,4389.544375669574,0.0,1356326.6261135903,4494.31363343576,0.0,1.359081896962575,25.672665082113124,27.0317469790757,0.0560644176591562,2.051582726790691,25.362913215380537,27.414495942171225,0.0848508464947475,3.2472356043591937,1074.4717167535398,0.0,0.1897546390782523,3.878507575183235,4.351126668904884,,,,0,86.36814492035995,-67.68875547069396,277.7500623874209,-31.18203695475017,319.71104177210833,-88.19335728768785,0.023610999807715416,0.023610999807715416,0.017412999644875526,0.020316999405622482,13.668254,0.004004999995231628,0.006405999884009361,99.99,9.989999771118164,99.98999786376953,99.99,9.989999771118164,99.98999786376953,99.99,9.989999771118164,99.98999786376953,99.99,9.989999771118164,99.98999786376953,1.0570000410079956,-0.08775000274181366,99.98999786376953,0.3073650002479553,2220054.0,757024.0,135606460.0,87.15900421142578,4.0,1.0,4.0,0.0,0.0,0.0,0.0,-1.0,47197.1297336,0.03912092114998064
821,86.476941,-67.333168,15.15192989619558,15.14426027446944,13.449013284981516,13.449321091912845,0.0,37461.85312566475,1679.3647391702302,0.0,37461.85312566475,1748.6988131430169,0.0,37461.85312566475,1815.3606372969991,0.0,0.7734098884193976,14.78833725310643,15.561747141525828,0.0551123821694954,1.2831369176135272,14.490046103973626,15.773183021587151,0.0919807344852312,1.6212449666270672,3.0488240469069225,0.0,0.2501495493672012,3.796135790592709,4.040920521485347,,,,0,86.47696425775773,-67.33318736938506,277.33213902238754,-31.164722336603607,329.1403320392855,-88.41920636732343,0.011939000338315964,0.011939000338315964,0.013549000024795532,0.013620000332593918,14.664992,0.0046350001357495785,0.004370999988168478,13.350726,0.009081000462174416,99.98999786376953,99.99,9.989999771118164,99.98999786376953,99.99,9.989999771118164,99.98999786376953,99.99,9.989999771118164,99.98999786376953,0.8659999966621399,-0.03440000116825104,0.0,0.34386399388313293,2220051.0,756046.0,135607478.0,10.334176063537598,5.0,3.0,4.0,1.0,0.0,0.0,0.0,6.0,47197.1073150,0.07683334144972322
822,86.499385,-71.228409,31.388150136974645,31.370041172867616,12.658283869308708,12.658851923314412,0.0,179002.58686106664,3021.6177877188525,0.0,179002.58686106664,3114.2390088825937,0.0,179002.58686106664,3202.7137218227845,0.0,1.6246218682175275,30.615211252321213,32.23983312053874,0.0560000000000009,2.331867671809782,30.321209108703545,32.653076780513324,0.0810378056027669,3.573956879702756,1257.6088344675788,0.0,0.2167599234798982,3.937230033109724,4.475511688023998,,,,0,86.4994055198639,-71.22837800671483,281.8590197350198,-30.823775578164042,283.48651717180144,-85.1670845713673,0.024049000814557076,0.024049000814557076,0.014627000316977501,0.003261999925598502,13.406095,0.0038189999759197235,0.010223999619483948,99.99,9.989999771118164,99.98999786376953,99.99,9.989999771118164,99.98999786376953,99.99,9.989999771118164,99.98999786376953,99.99,9.989999771118164,99.98999786376953,0.7210000157356262,-0.009332999587059021,99.98999786376953,0.2466530054807663,2167662.0,765518.0,135532218.0,76.99766540527344,3.0,1.0,3.0,0.0,0.0,0.0,0.0,-1.0,47876.1349956,0.11408003266523442
823,86.507263,-66.990051,17.575840241554815,17.645400318959787,13.289240874864134,13.283840955110213,0.0,130861.96863944305,1165.8433121538892,0.0,130861.96863944305,1223.7988692987942,0.0,130861.96863944305,1279.8042489804532,0.0,2.8056073853409416,16.045435565895232,18.851042951236177,0.1747999999999976,4.953222768617287,14.38516,19.338382768617286,0.32132,6.421930450543227,156.9270231003223,0.0,1.0397465134408266,3.9212714055092137,4.091748162703316,,,,0,86.50725019423766,-66.99006088496061,276.93105494944575,-31.174706315494987,341.086099336448,-88.5575342483773,0.009058999828994274,0.009058999828994274,0.01308200042694807,0.03539299964904785,14.584776,0.005876999814063311,0.01948300004005432,99.99,9.989999771118164,99.98999786376953,13.777193,0.01870499923825264,99.98999786376953,13.922532,0.035652000457048416,99.98999786376953,99.99,9.989999771118164,99.98999786376953,1.2131669521331787,0.05016700178384781,0.0,0.20883800089359283,2187475.0,755052.0,135618727.0,55.65242004394531,6.0,3.0,4.0,0.0,1.0,1.0,0.0,6.0,47070.1041035,0.039888428213463376
824,86.528952,-67.713066,,,,,,,,,,,,,,,,,,,,,,,,,,,3.867612099252693,4.09465766896601,,,,0,86.5289361239568,-67.71306160717018,277.7734282381846,-31.119481050871464,317.89673862531316,-88.22654999562917,0.03271999955177307,0.03271999955177307,0.026863999664783478,0.039583999663591385,14.212933,0.004017999861389399,0.010317999869585037,99.99,9.989999771118164,99.98999786376953,13.290414,0.16091099381446838,99.98999786376953,99.99,9.989999771118164,99.98999786376953,99.99,9.989999771118164,99.98999786376953,1.1109999418258667,-0.0689999982714653,99.98999786376953,0.21891799569129944,2220055.0,757024.0,135606472.0,59.248687744140625,5.0,1.0,4.0,0.0,1.0,0.0,0.0,-1.0,47197.1488157,0.026831075220011404
825,86.529825,-67.78405,16.141347926161753,16.141,13.38036095246401,13.380245003367046,0.0,48846.310488415926,4286.564603550311,0.0,48846.310488415926,4396.669409172894,0.0,48846.310488415926,4501.52249301923,0.0,0.8708905521035426,15.714471520352731,16.585362072456274,0.0582832816992358,1.3129641794874995,15.482729365482944,16.795693544970444,0.0884407109787766,1.9211546839304976,1.9244402908244649,0.0,0.2762402980901171,3.797136407377806,4.031699715976624,,,,0,86.52982439899823,-67.78408373556726,277.85616302097446,-31.114256272529214,316.14829504350377,-88.18136147961845,0.027084000408649445,0.027084000408649445,0.02152100019156933,0.03882100060582161,14.453398,0.006250999867916107,0.003619000082835555,13.334976,0.013505999930202961,0.044440001249313354,99.99,9.989999771118164,99.98999786376953,99.99,9.989999771118164,99.98999786376953,99.99,9.989999771118164,99.98999786376953,1.315600037574768,-0.08079999685287476,99.98999786376953,0.24233399331569672,2220055.0,757024.0,135606412.0,38.825504302978516,5.0,1.0,3.0,2.0,0.0,0.0,0.0,-1.0,47197.1297386,0.12145079731898793
826,86.542931,-68.006226,12.419636277171724,12.33605259818444,13.665499255779965,13.672000000000002,0.0,166259.17655189498,4307.671087644659,0.0,166259.17655189498,4418.0438921984305,0.0,166259.17655189498,4523.148040431721,0.0,1.3510939609683987,11.804522499349586,13.155616460317985,0.117792801757659,1.761250102851351,11.631878832629235,13.393128935480588,0.1530986784314318,2.892061431252614,415.630084462743,0.0,0.3612963820675653,3.608515992918011,4.127305047933361,,,,0,86.54295689214534,-68.00623013950057,278.1145631247856,-31.093718227950433,311.1387665376018,-88.03286065459577,0.0320499986410141,0.0320499986410141,0.046250998973846436,0.012174000032246113,18.00432,0.014657000079751015,99.98999786376953,14.893942,0.007848000153899193,99.98999786376953,13.588084,0.0053369998931884766,99.98999786376953,--,9.989999771118164,99.98999786376953,--,9.989999771118164,99.98999786376953,2.2193329334259033,0.17166699469089508,99.98999786376953,0.2817020118236542,2220080.0,757507.0,135603586.0,34.457130432128906,3.0,1.0,1.0,1.0,1.0,0.0,0.0,-1.0,47320.1257872,0.03795612253826478
827,86.560745,-67.568611,73.59690255402803,73.47108500848493,11.733048510212504,11.734797820942209,1.0,2413681.0351186646,2234.5257046424786,0.0,2413681.0351186646,2314.33154209969,0.0,2413681.0351186646,2390.801760279414,0.0,3.841213374096824,71.89238662590317,75.7336,0.0560629972659967,5.625223364927521,71.18497663507249,76.81020000000001,0.081797820942203,8.143,2.1110163999246123,0.0,1.3091069213918936,3.847170587565396,4.560409233015627,,,,0,86.56074472560745,-67.56861595391426,277.6041342623879,-31.11715223146602,321.48043309215825,-88.3234324004552,0.019693000242114067,0.019693000242114067,0.013043999671936035,0.009867999702692032,13.050915,0.005985999945551157,0.007048000115901232,99.99,9.989999771118164,99.98999786376953,99.99,9.989999771118164,99.98999786376953,99.99,9.989999771118164,99.98999786376953,99.99,9.989999771118164,99.98999786376953,1.819000005722046,0.1469999998807907,99.98999786376953,0.24208199977874756,2220062.0,756537.0,135606680.0,45.84918212890625,3.0,1.0,3.0,0.0,0.0,0.0,0.0,-1.0,47197.1297117,0.017838074126878288
828,86.660324,-68.772453,21.961842461801247,21.951389675680876,13.046004106403837,13.046147664958603,0.0,88334.28302771086,3029.6661781956623,0.0,88334.28302771086,3122.40918620154,0.0,88334.28302771086,3210.9979836886628,0.0,1.0188785926569857,21.465779958408504,22.48465855106549,0.0505930003012657,1.5055355131870627,21.25024872694709,22.75578424013415,0.0740599999999993,2.3158728150512147,1313.1961846708905,0.0,0.0150573753440603,3.900887456697012,4.265662760120894,,,,0,86.66037589029662,-68.77244266798218,279.00263538843313,-30.993619426410046,298.30981354297455,-87.45085962394334,0.03720900043845177,0.03720900043845177,0.00035600000410340726,3.999999989900971e-06,13.872171,0.005417000036686659,0.0025770000647753477,99.99,9.989999771118164,99.98999786376953,99.99,9.989999771118164,99.98999786376953,99.99,9.989999771118164,99.98999786376953,99.99,9.989999771118164,99.98999786376953,1.462499976158142,-0.1720000058412552,99.98999786376953,0.6661170125007629,2166801.0,759399.0,135558437.0,31.420284271240234,2.0,1.0,2.0,0.0,0.0,0.0,0.0,-1.0,47439.1517102,0.07718975039233654
829,86.675929,-68.008675,8.132644654630951,8.122549406438317,14.125330586753488,14.12571430695647,0.0,86122.30301710853,4303.650825209349,0.0,86122.30301710853,4413.972633306743,0.0,86122.30301710853,4519.029007477741,0.0,1.0275706622726617,7.628021724428083,8.655592386700745,0.1369842771415115,1.413960268635047,7.453464308498504,8.867424577133551,0.188615681485512,2.578405420173352,2.5665096692477616,0.0,0.2901190979981286,3.617323425102925,4.204684461782453,,,,0,86.67589900232572,-68.00868206503809,278.11333611045785,-31.04388402646156,310.0318920374168,-88.06549378700961,0.03501100093126297,0.03501100093126297,0.02492699958384037,0.0149959996342659,17.444653,0.010768000036478043,99.98999786376953,14.352248,0.004794000182300806,0.00723899994045496,--,9.989999771118164,99.98999786376953,--,9.989999771118164,99.98999786376953,--,9.989999771118164,99.98999786376953,3.4296669960021973,-0.6546670198440552,99.98999786376953,0.23419000208377838,2220081.0,757507.0,135603500.0,62.13331985473633,3.0,1.0,1.0,2.0,0.0,0.0,0.0,-1.0,47320.1321247,0.04777263807425796
830,86.717654,-66.478897,16.539924409808464,16.533,13.353876419157888,13.354,0.0,29867.275470516182,1270.8383884796883,0.0,29867.275470516182,1331.298083214285,0.0,29867.275470516182,1389.6485406717318,0.0,0.8790510143349053,16.131173512775504,17.01022452711041,0.0579999999999998,1.4704922626282515,15.839755278114122,17.310247540742374,0.0965600000000002,1.9632315020267388,912.9708221983814,0.0,0.1023628665245353,3.8092300421967007,4.070102397697145,,,,0,86.71768910173031,-66.47886212236216,276.3291913950129,-31.12077419251066,2.0746191121192084,-88.68981487572196,0.014448000118136406,0.014448000118136406,0.010840999893844128,0.01721999980509281,14.350943,0.007872999645769596,0.005057999864220619,13.174917,0.015573999844491482,99.98999786376953,13.036118,0.04115299880504608,99.98999786376953,99.99,9.989999771118164,99.98999786376953,99.99,9.989999771118164,99.98999786376953,80.62374877929688,-0.01549999974668026,99.98999786376953,0.1512880027294159,2187515.0,753531.0,135619980.0,97.32775115966797,4.0,1.0,2.0,1.0,1.0,0.0,0.0,-1.0,47070.1142757,0.13530885420479363
831,86.875798,-69.451698,15.755688253133991,15.75081869575423,13.40659913883415,13.406539440341689,0.0,57781.37246168526,3020.611734352529,0.0,57781.37246168526,3113.217720694251,0.0,57781.37246168526,3201.678162328777,0.0,0.7770638640675855,15.375463816397954,16.15252768046554,0.0537561443275951,1.2214543848108548,15.170801754539056,16.39225613934991,0.0840464870912693,1.7096100656809128,29.02434630859092,1.0,0.2431108339152095,3.866759260809288,4.075533011632003,,,,0,86.87591174285392,-69.45165178276685,279.78485744010305,-30.863261281971408,290.5917822447206,-86.8822219030668,0.014639000408351421,0.014639000408351421,0.07572200149297714,0.09797599911689758,14.121948,0.0025400000158697367,0.03911999985575676,13.798794,0.04547400027513504,0.34165701270103455,13.322827,0.004466999787837267,0.02471799962222576,13.371762,0.014343000017106533,99.98999786376953,13.156919,0.015350000001490116,99.98999786376953,1.0423849821090698,0.01961500011384487,0.0,1.3756020069122314,2167029.0,761675.0,135548925.0,83.69939422607422,13.0,3.0,7.0,2.0,2.0,1.0,1.0,6.0,47666.15237,0.21986285086209506
832,87.000617,-66.89904,3.524946474906627,3.523810178637886,15.033090777659634,15.03226229441858,0.0,6728.351081521299,1249.6409044630605,0.0,6728.351081521299,1309.6036226172894,0.0,6728.351081521299,1367.4886631060776,0.0,0.471202720040937,3.28235,3.753552720040937,0.1459081969534956,0.7581837879605509,3.130316991254187,3.8885007792147377,0.2353891805069814,0.9677667473018235,327.1357481429977,0.0,0.1662844836572291,3.609256978712311,4.005467495793393,,,,1,87.00071575058251,-66.89903323221253,276.81213680296753,-30.986931570730633,342.6901212982144,-88.76786583196684,0.012245000340044498,0.012245000340044498,0.03678499907255173,0.017361000180244446,17.574804,0.013658000156283379,0.022089000791311264,14.941534,0.005123999901115894,0.34173500537872314,99.99,9.989999771118164,99.98999786376953,99.99,9.989999771118164,99.98999786376953,99.99,9.989999771118164,99.98999786376953,1.787166953086853,0.3016670048236847,0.9300000071525574,0.13185499608516693,2187486.0,754549.0,135618841.0,0.8138269782066345,6.0,3.0,3.0,3.0,0.0,0.0,0.0,2.0,47070.1026471,0.1415940704961618
833,87.108805,-67.466377,4.691021342490547,4.693895678112246,14.72251651663779,14.721000000000002,0.0,10299.922039578534,1687.4297487976212,0.0,10299.922039578534,1756.9274280263048,0.0,10299.922039578534,1823.7424861770728,0.0,0.5050362358236278,4.436886140981597,4.941922376805225,0.1169369269148585,0.8201539725671436,4.269256027432854,5.089409999999997,0.1905493427460332,1.1269461789636963,95.75612727548685,0.0,0.142229977237727,3.605825871360245,4.153404291309058,,,,0,87.10891440380394,-67.46638399355716,277.47004960761296,-30.91420760885135,319.93909056010074,-88.55285871248309,0.01629200018942356,0.01629200018942356,0.0010930000571534038,0.003286000108346343,18.005571,0.006918999832123518,0.0025869999080896378,99.99,9.989999771118164,99.98999786376953,99.99,9.989999771118164,99.98999786376953,99.99,9.989999771118164,99.98999786376953,99.99,9.989999771118164,99.98999786376953,0.9614999890327454,-0.003000000026077032,0.18000000715255737,0.11730100214481354,2220057.0,756538.0,135601897.0,82.20463562011719,2.0,3.0,2.0,0.0,0.0,0.0,0.0,2.0,47321.221617,0.15302018074175175
834,87.212245,-68.168159,18.71515039268564,18.706646360841635,13.220174008914748,13.22,0.0,228592.06493383288,3041.738642823771,0.0,228592.06493383288,3134.6640263833847,0.0,228592.06493383288,3223.4236653650532,0.0,2.001809298292489,17.741,19.74280929829249,0.1167126121613346,2.777556406050447,17.40712,20.18467640605045,0.1606343410045063,4.0533053612319705,132.52611118616713,0.0,0.2849675482155843,3.6353111460597134,4.680908484303489,,,,0,87.21230173355916,-68.16818371936121,278.28358714672606,-30.833681723228572,302.44016512491646,-88.06776615173536,0.02913700044155121,0.02913700044155121,0.012153999879956245,0.031780000776052475,16.59131,0.0068870000541210175,0.01027000043541193,99.99,9.989999771118164,99.98999786376953,99.99,9.989999771118164,99.98999786376953,99.99,9.989999771118164,99.98999786376953,99.99,9.989999771118164,99.98999786376953,0.9365000128746033,-0.15549999475479126,99.98999786376953,0.2952539920806885,2220069.0,757987.0,135597961.0,68.89512634277344,2.0,1.0,2.0,0.0,0.0,0.0,0.0,-1.0,47440.595711,0.11699635368290598
835,87.261889,-70.041725,59.82867789746469,59.82558423830148,11.958066865850276,11.958,0.0,785178.9522058428,3040.732609637017,0.0,785178.9522058428,3133.6428091554594,0.0,785178.9522058428,3222.388224381968,0.0,4.418531443350304,57.57624700293222,61.99477844628253,0.0803186102373185,6.6989822221508675,56.50876312285338,63.20774534500425,0.1212410370926146,9.577188920798813,1258.6145206199349,0.0,0.0494828355857741,3.8885987920756073,4.5555424680269585,,,,0,87.26185883905598,-70.04169345133326,280.45679339590396,-30.682462094683792,284.94846558736486,-86.37567684149928,0.020038999617099762,0.020038999617099762,0.003994999919086695,0.020468000322580338,12.389046,0.0035959999077022076,0.05592099949717522,99.99,9.989999771118164,99.98999786376953,99.99,9.989999771118164,99.98999786376953,99.99,9.989999771118164,99.98999786376953,99.99,9.989999771118164,99.98999786376953,1.2235000133514404,0.16574999690055847,99.98999786376953,1.7353299856185913,2166959.0,762557.0,135547697.0,89.98976135253906,4.0,1.0,4.0,0.0,0.0,0.0,0.0,-1.0,47666.595432,0.11946933559272037
836,87.564943,-67.729652,19.955947871726497,19.89587165541495,13.150829888323416,13.153165457953085,0.0,267038.98169752094,4248.371246067663,0.0,267038.98169752094,4357.989410155312,0.0,267038.98169752094,4462.3866032311835,0.0,2.8258742073831975,18.70001930651708,21.525893513900275,0.1526875473715581,4.392346470072418,17.999775514848412,22.39212198492083,0.2369235669040641,5.690527037662285,358.8335775503816,0.0,0.2714199184626383,3.863427651199904,4.073604592155594,,,,0,87.56506526890182,-67.72963695857456,277.7652002505692,-30.72639110614875,307.8572368658851,-88.49662785374,0.030827999114990234,0.030827999114990234,0.05806899815797806,0.0061980001628398895,14.089161,0.018800999969244003,99.98999786376953,13.231336,0.00798300001770258,99.98999786376953,99.99,9.989999771118164,99.98999786376953,99.99,9.989999771118164,99.98999786376953,99.99,9.989999771118164,99.98999786376953,1.7549999952316284,-0.1599999964237213,99.98999786376953,0.09292600303888321,2220092.0,757025.0,135601009.0,36.2337532043457,2.0,1.0,1.0,1.0,0.0,0.0,0.0,-1.0,47321.685295,0.17538230966187074
837,87.747479,-67.471336,5.460246121864265,5.461,14.557574176294416,14.557000000000002,0.0,13861.800698722196,1689.445976717027,0.0,13861.800698722196,1758.9844956469517,0.0,13861.800698722196,1825.8378046304645,0.0,0.5616592662785971,5.172974138689587,5.734633404968184,0.1117793732768497,0.8726474793390171,5.019799222959251,5.892446702298268,0.1745790926506707,1.2360017396171106,175.950477070169,0.0,0.1341700924580965,3.6222350297475314,4.089234992535413,,,,0,,,,,,,,,,,,,,,,,,,,,,,,,,,,,,,,,,,,,,,,,,,
838,87.893788,-67.519714,5.874758921313729,5.878760302165947,14.478037621824535,14.477000000000002,0.0,12249.35828126344,1677.348462187071,0.0,12249.35828126344,1746.6415730095923,0.0,12249.35828126344,1813.2650307888337,0.0,0.5669780358400631,5.581550170338398,6.148528206178461,0.1053354817067528,0.8670908121724414,5.417010910382171,6.284101722554612,0.1614849102980784,1.169424063349191,398.2279953783563,0.0,0.1353912485006422,3.6085159929180066,4.055705047933358,,,,0,,,,,,,,,,,,,,,,,,,,,,,,,,,,,,,,,,,,,,,,,,,
839,88.22397,-69.48793,37.498271215646824,37.494464813201645,12.465106195584454,12.465268596257124,0.0,125324.90403650411,3036.7084668430884,0.0,125324.90403650411,3129.5579049142943,0.0,125324.90403650411,3218.2464014458856,0.0,1.4099618165671046,36.81892629853192,38.228888115099025,0.0409804812633378,2.0757221291977217,36.487040652385545,38.56276278158327,0.0594838752141839,3.116875710129051,9.127410883502945,0.0,0.3701379752730548,3.895139047723118,4.080323598791905,,,,0,88.22400033140886,-69.48792318416486,279.78849344189166,-30.389115638357403,281.9702856882127,-86.99859779946361,0.021145999431610107,0.021145999431610107,0.03044700063765049,0.020062999799847603,13.759376,0.00408599991351366,0.020896999165415764,99.99,9.989999771118164,99.98999786376953,99.99,9.989999771118164,99.98999786376953,99.99,9.989999771118164,99.98999786376953,99.99,9.989999771118164,99.98999786376953,0.9474999904632568,-0.022749999538064003,99.98999786376953,0.1780419945716858,2166932.0,761229.0,135551263.0,6.696070194244385,4.0,1.0,4.0,0.0,0.0,0.0,0.0,-1.0,47555.263048,0.04545357865712331
840,88.257561,-69.996269,7.112013141559592,7.1111218254334405,14.270783053438512,14.270510670829186,0.0,57366.396913915945,3035.7024286303667,0.0,57366.396913915945,3128.5366700128084,0.0,57366.396913915945,3217.2109309461857,0.0,0.830576408137226,6.688,7.518576408137226,0.1271386071078879,1.2275542013479974,6.4976606016299625,7.72521480297796,0.187337700991609,1.8444063679599676,814.3997053501022,0.0,0.1858593319305451,3.613760328411615,4.33285034472243,,,,0,88.25761566493786,-69.99623535598427,280.3757055486549,-30.346366861541497,279.8233797493889,-86.50483153977939,0.011748000048100948,0.011748000048100948,0.009541000239551067,0.034710001200437546,17.68012,0.005491999909281731,0.0661109983921051,14.315377,0.0021299999207258224,0.0017430000007152557,99.99,9.989999771118164,99.98999786376953,99.99,9.989999771118164,99.98999786376953,99.99,9.989999771118164,99.98999786376953,1.5221999883651733,0.008899999782443047,0.949999988079071,0.1248449981212616,2166967.0,762558.0,135547986.0,40.99283981323242,10.0,3.0,7.0,3.0,0.0,0.0,0.0,2.0,47666.821708,0.13856983760881078
841,89.12085,-69.366364,24.276749431156105,24.226,12.937269015869294,12.939302049283032,0.0,72469.83263847239,1030.4918366083105,0.0,72469.83263847239,1085.046422603838,0.0,72469.83263847239,1137.8670282226194,0.0,1.3626570404906315,23.66828452994669,25.03094157043732,0.0608489753584837,1.9538685371615827,23.457631462838417,25.4115,0.087171844354728,2.7661952743928317,336.6247888774008,0.0,0.399666193953423,3.9418835251157818,4.297506528195205,,,,0,89.12085147577773,-69.36636922361798,279.6294143129527,-30.08056431237432,276.2985207797531,-87.17508541833277,0.05003799870610237,0.05003799870610237,99.98999786376953,99.98999786376953,13.671263,0.008554000407457352,99.98999786376953,99.99,9.989999771118164,99.98999786376953,99.99,9.989999771118164,99.98999786376953,99.99,9.989999771118164,99.98999786376953,99.99,9.989999771118164,99.98999786376953,1.1380000114440918,0.12300000339746475,99.98999786376953,0.11779099702835083,2166943.0,760779.0,135550727.0,79.11821746826172,1.0,1.0,1.0,0.0,0.0,0.0,0.0,-1.0,47555.1212759,0.01889798994100567
842,89.406794,-68.133484,16.983249842327215,16.968539840273138,13.325171467423557,13.326000000000002,0.0,21289.246804487095,1033.5230433603797,0.0,21289.246804487095,1088.1561599618997,0.0,21289.246804487095,1141.0503015900993,0.0,0.7525425092243836,16.626457490775618,17.379,0.0480374214186909,1.2565426247383762,16.459457375261625,17.716,0.0799630189550342,6.9964099803143665,29.552240061507874,1.0,0.3336495026546728,3.8667592608092862,4.007133011631998,,,,0,89.40680870375576,-68.13348650727102,278.2018097814105,-30.019317920721452,277.9916972678608,-88.41072865357675,0.02200300060212612,0.02200300060212612,0.02308499999344349,0.007375999819487333,14.131239,0.006382999941706657,0.0032629999332129955,13.330819,0.00292599992826581,99.98999786376953,99.99,9.989999771118164,99.98999786376953,99.99,9.989999771118164,99.98999786376953,99.99,9.989999771118164,99.98999786376953,1.0880000591278076,-0.045333001762628555,99.98999786376953,0.10323800146579742,2166794.0,757990.0,135599268.0,76.42349243164062,3.0,1.0,2.0,1.0,0.0,0.0,0.0,-1.0,47321.471768,0.021682876849157533
843,89.45843,-68.462112,65.46895863776666,65.43440610876857,11.860054644870065,11.861,0.0,163878.54857664354,1033.5230433603797,0.0,163878.54857664354,1088.1561599618997,0.0,163878.54857664354,1141.0503015900993,0.0,2.638487677492776,64.2154,66.85388767749278,0.0439314454586377,3.573310755481046,63.80755924451896,67.38087,0.0589385545413634,5.3700000000000045,4.452181853485179,0.0,0.7051789096699387,3.946672757033846,4.007319963982594,,,,0,89.45847428135791,-68.46205959647438,278.5804993413956,-29.99134332582544,275.9673997549145,-88.08741363278546,0.007077000103890896,0.007077000103890896,0.03851399943232536,0.029882999137043953,14.732056,0.012881999835371971,0.01693600043654442,13.910944,0.008306999690830708,0.15786199271678925,14.036497,0.006285000126808882,0.26469600200653076,14.144884,0.006295999977737665,0.20276300609111786,14.160748,0.007675999775528908,0.120728999376297,7.822045803070068,0.8628640174865723,0.3100000023841858,0.09838099777698517,2166821.0,758936.0,135598239.0,37.90433883666992,22.0,1.0,2.0,5.0,6.0,5.0,4.0,2.0,47321.105141,0.19752163900359132
844,90.085395,-70.364693,6.665683617455304,6.660543585586305,14.3408689764678,14.341252905312768,0.0,17345.964919947502,1021.3979370303572,0.0,17345.964919947502,1075.7162285460292,0.0,17345.964919947502,1128.3155689152877,0.0,0.5958979214367561,6.379,6.974897921436756,0.0967470946872364,0.9203257523937712,6.2181,7.138425752393771,0.1497270946872362,1.2302000767136434,1117.5412441136712,0.0,0.2151211826459768,3.6196393369493327,4.208720488284546,,,,0,90.08541317570158,-70.3646960349117,280.7647124248101,-29.708919196929866,269.5673933424462,-86.19587905837813,0.01395300030708313,0.01395300030708313,0.01037800032645464,0.021314000710844994,17.474909,0.009344999678432941,0.03275600075721741,14.362363,0.0015300000086426735,0.000818000000435859,99.99,9.989999771118164,99.98999786376953,99.99,9.989999771118164,99.98999786376953,99.99,9.989999771118164,99.98999786376953,0.7979999780654907,-0.008200000040233135,0.029999999329447746,0.10546399652957916,2433408.0,763427.0,153651363.0,49.95460891723633,5.0,3.0,3.0,2.0,0.0,0.0,0.0,2.0,47667.780708,0.024552337433885664
845,90.110404,-69.621155,22.726061912199935,22.707,13.008826021975112,13.010000000000002,0.0,34385.59213701699,1028.4710063336738,0.0,34385.59213701699,1082.9731737565853,0.0,34385.59213701699,1135.7446947264132,0.0,0.888285122105497,22.322114877894503,23.2104,0.0422322079549211,1.3038859543590142,22.121042642409872,23.424928596768886,0.0617063686814685,1.7843636945776282,39.71368307191771,1.0,0.2485945098207353,3.805497668172566,4.141246771965535,,,,0,90.1104624002991,-69.6211484952928,279.9087092635831,-29.724942156300152,269.27957199306667,-86.93927861310037,0.034324999898672104,0.034324999898672104,0.0014029999729245901,0.0018599999602884054,14.05549,0.004945999942719936,0.015471000224351883,99.99,9.989999771118164,99.98999786376953,99.99,9.989999771118164,99.98999786376953,99.99,9.989999771118164,99.98999786376953,99.99,9.989999771118164,99.98999786376953,0.9760000109672546,-0.042500000447034836,99.98999786376953,0.1028669998049736,2433140.0,761679.0,153659556.0,41.031795501708984,2.0,1.0,2.0,0.0,0.0,0.0,0.0,-1.0,47556.770689,0.07686523324967891
846,90.603388,-68.215889,11.690386303318492,11.671,13.730624607782223,13.732,0.0,12017.244041218768,1028.4710063336738,0.0,12017.244041218768,1082.9731737565853,0.0,12017.244041218768,1135.7446947264132,0.0,0.6238970434070836,11.408102956592916,12.032,0.0577856275315422,0.8996656257049622,11.28225208967347,12.181917715378432,0.0834501821837587,1.2289437794774043,629.9747072952448,1.0,0.0299473455156643,3.9119636755634457,4.044351506656532,,,,0,,,,,,,,,,,,,,,,,,,,,,,,,,,,,,,,,,,,,,,,,,,
847,91.330144,-69.310341,16.36657068658963,16.34459200820421,13.36536192630494,13.36670151186883,0.0,39041.90326326253,1029.4814240534276,0.0,39041.90326326253,1084.009807259026,0.0,39041.90326326253,1136.805876629604,0.0,1.0163144263951711,15.8939,16.91021442639517,0.0672984881311702,1.5721799423860023,15.619930057613995,17.19211,0.1034315118688322,2.094999999999999,201.87537490026008,1.0,0.3054954353851136,3.926879774308568,4.149955474388959,,,,0,91.33020736525106,-69.31042137927525,279.54305921964425,-29.302644104669117,260.31550438023936,-87.20541453590596,0.017664000391960144,0.017664000391960144,0.00817899964749813,0.005456999875605106,--,9.989999771118164,99.98999786376953,14.356229,0.05522200092673302,99.98999786376953,14.470021,0.029404999688267708,99.98999786376953,14.535275,0.03663799911737442,99.98999786376953,14.603285,0.042357999831438065,99.98999786376953,6.380000114440918,-0.22325000166893005,0.029999999329447746,0.07872699946165085,2433254.0,761233.0,153659886.0,71.56105041503906,4.0,1.0,0.0,1.0,1.0,1.0,1.0,2.0,47556.413187,0.30037935522994585
